
===========================================================================
report_checks -path_delay max (Setup)
============================================================================
======================= Typical Corner ===================================

Startpoint: _361_ (rising edge-triggered flip-flop clocked by clk)
Endpoint: seg[0] (output port clocked by clk)
Path Group: clk
Path Type: max

Fanout     Cap    Slew   Delay    Time   Description
-----------------------------------------------------------------------------
                          0.00    0.00   clock clk (rise edge)
                          0.00    0.00   clock source latency
     1    0.02    0.08    0.06    0.06 ^ clk (in)
                                         clk (net)
                  0.08    0.00    0.06 ^ clkbuf_0_clk/A (sky130_fd_sc_hd__clkbuf_16)
     4    0.04    0.06    0.16    0.22 ^ clkbuf_0_clk/X (sky130_fd_sc_hd__clkbuf_16)
                                         clknet_0_clk (net)
                  0.06    0.00    0.22 ^ clkbuf_2_0__f_clk/A (sky130_fd_sc_hd__clkbuf_16)
     9    0.03    0.05    0.15    0.37 ^ clkbuf_2_0__f_clk/X (sky130_fd_sc_hd__clkbuf_16)
                                         clknet_2_0__leaf_clk (net)
                  0.05    0.00    0.37 ^ _361_/CLK (sky130_fd_sc_hd__dfrtp_4)
     6    0.03    0.09    0.55    0.91 v _361_/Q (sky130_fd_sc_hd__dfrtp_4)
                                         decoder.digit[3] (net)
                  0.09    0.00    0.91 v _165_/A (sky130_fd_sc_hd__nor2_2)
     2    0.02    0.21    0.23    1.15 ^ _165_/Y (sky130_fd_sc_hd__nor2_2)
                                         _066_ (net)
                  0.21    0.00    1.15 ^ _166_/B (sky130_fd_sc_hd__nand2_2)
     3    0.02    0.11    0.15    1.30 v _166_/Y (sky130_fd_sc_hd__nand2_2)
                                         _067_ (net)
                  0.11    0.00    1.30 v _167_/B (sky130_fd_sc_hd__nor2_2)
     3    0.02    0.22    0.23    1.53 ^ _167_/Y (sky130_fd_sc_hd__nor2_2)
                                         _068_ (net)
                  0.22    0.00    1.53 ^ _287_/B1 (sky130_fd_sc_hd__a2111o_1)
     2    0.01    0.12    0.21    1.74 ^ _287_/X (sky130_fd_sc_hd__a2111o_1)
                                         net5 (net)
                  0.12    0.00    1.74 ^ _370_/A (sky130_fd_sc_hd__buf_1)
     1    0.01    0.12    0.16    1.90 ^ _370_/X (sky130_fd_sc_hd__buf_1)
                                         net2 (net)
                  0.12    0.00    1.91 ^ output2/A (sky130_fd_sc_hd__buf_2)
     1    0.03    0.17    0.24    2.14 ^ output2/X (sky130_fd_sc_hd__buf_2)
                                         seg[0] (net)
                  0.17    0.00    2.14 ^ seg[0] (out)
                                  2.14   data arrival time

                         10.00   10.00   clock clk (rise edge)
                          0.00   10.00   clock network delay (propagated)
                         -0.25    9.75   clock uncertainty
                          0.00    9.75   clock reconvergence pessimism
                         -2.00    7.75   output external delay
                                  7.75   data required time
-----------------------------------------------------------------------------
                                  7.75   data required time
                                 -2.14   data arrival time
-----------------------------------------------------------------------------
                                  5.61   slack (MET)


Startpoint: _361_ (rising edge-triggered flip-flop clocked by clk)
Endpoint: seg[3] (output port clocked by clk)
Path Group: clk
Path Type: max

Fanout     Cap    Slew   Delay    Time   Description
-----------------------------------------------------------------------------
                          0.00    0.00   clock clk (rise edge)
                          0.00    0.00   clock source latency
     1    0.02    0.08    0.06    0.06 ^ clk (in)
                                         clk (net)
                  0.08    0.00    0.06 ^ clkbuf_0_clk/A (sky130_fd_sc_hd__clkbuf_16)
     4    0.04    0.06    0.16    0.22 ^ clkbuf_0_clk/X (sky130_fd_sc_hd__clkbuf_16)
                                         clknet_0_clk (net)
                  0.06    0.00    0.22 ^ clkbuf_2_0__f_clk/A (sky130_fd_sc_hd__clkbuf_16)
     9    0.03    0.05    0.15    0.37 ^ clkbuf_2_0__f_clk/X (sky130_fd_sc_hd__clkbuf_16)
                                         clknet_2_0__leaf_clk (net)
                  0.05    0.00    0.37 ^ _361_/CLK (sky130_fd_sc_hd__dfrtp_4)
     6    0.03    0.09    0.55    0.91 v _361_/Q (sky130_fd_sc_hd__dfrtp_4)
                                         decoder.digit[3] (net)
                  0.09    0.00    0.91 v _165_/A (sky130_fd_sc_hd__nor2_2)
     2    0.02    0.21    0.23    1.15 ^ _165_/Y (sky130_fd_sc_hd__nor2_2)
                                         _066_ (net)
                  0.21    0.00    1.15 ^ _166_/B (sky130_fd_sc_hd__nand2_2)
     3    0.02    0.11    0.15    1.30 v _166_/Y (sky130_fd_sc_hd__nand2_2)
                                         _067_ (net)
                  0.11    0.00    1.30 v _167_/B (sky130_fd_sc_hd__nor2_2)
     3    0.02    0.22    0.23    1.53 ^ _167_/Y (sky130_fd_sc_hd__nor2_2)
                                         _068_ (net)
                  0.22    0.00    1.53 ^ _287_/B1 (sky130_fd_sc_hd__a2111o_1)
     2    0.01    0.12    0.21    1.74 ^ _287_/X (sky130_fd_sc_hd__a2111o_1)
                                         net5 (net)
                  0.12    0.00    1.74 ^ output5/A (sky130_fd_sc_hd__buf_2)
     1    0.03    0.17    0.24    1.98 ^ output5/X (sky130_fd_sc_hd__buf_2)
                                         seg[3] (net)
                  0.17    0.00    1.98 ^ seg[3] (out)
                                  1.98   data arrival time

                         10.00   10.00   clock clk (rise edge)
                          0.00   10.00   clock network delay (propagated)
                         -0.25    9.75   clock uncertainty
                          0.00    9.75   clock reconvergence pessimism
                         -2.00    7.75   output external delay
                                  7.75   data required time
-----------------------------------------------------------------------------
                                  7.75   data required time
                                 -1.98   data arrival time
-----------------------------------------------------------------------------
                                  5.77   slack (MET)


Startpoint: _361_ (rising edge-triggered flip-flop clocked by clk)
Endpoint: seg[5] (output port clocked by clk)
Path Group: clk
Path Type: max

Fanout     Cap    Slew   Delay    Time   Description
-----------------------------------------------------------------------------
                          0.00    0.00   clock clk (rise edge)
                          0.00    0.00   clock source latency
     1    0.02    0.08    0.06    0.06 ^ clk (in)
                                         clk (net)
                  0.08    0.00    0.06 ^ clkbuf_0_clk/A (sky130_fd_sc_hd__clkbuf_16)
     4    0.04    0.06    0.16    0.22 ^ clkbuf_0_clk/X (sky130_fd_sc_hd__clkbuf_16)
                                         clknet_0_clk (net)
                  0.06    0.00    0.22 ^ clkbuf_2_0__f_clk/A (sky130_fd_sc_hd__clkbuf_16)
     9    0.03    0.05    0.15    0.37 ^ clkbuf_2_0__f_clk/X (sky130_fd_sc_hd__clkbuf_16)
                                         clknet_2_0__leaf_clk (net)
                  0.05    0.00    0.37 ^ _361_/CLK (sky130_fd_sc_hd__dfrtp_4)
     6    0.03    0.09    0.55    0.91 v _361_/Q (sky130_fd_sc_hd__dfrtp_4)
                                         decoder.digit[3] (net)
                  0.09    0.00    0.91 v _285_/A (sky130_fd_sc_hd__nor2_2)
     4    0.02    0.27    0.28    1.20 ^ _285_/Y (sky130_fd_sc_hd__nor2_2)
                                         _155_ (net)
                  0.27    0.00    1.20 ^ _286_/C (sky130_fd_sc_hd__and3b_1)
     2    0.01    0.12    0.27    1.46 ^ _286_/X (sky130_fd_sc_hd__and3b_1)
                                         _156_ (net)
                  0.12    0.00    1.46 ^ _292_/C (sky130_fd_sc_hd__or3_1)
     1    0.01    0.06    0.14    1.61 ^ _292_/X (sky130_fd_sc_hd__or3_1)
                                         _158_ (net)
                  0.06    0.00    1.61 ^ _293_/A (sky130_fd_sc_hd__clkbuf_1)
     1    0.00    0.04    0.09    1.70 ^ _293_/X (sky130_fd_sc_hd__clkbuf_1)
                                         net7 (net)
                  0.04    0.00    1.70 ^ output7/A (sky130_fd_sc_hd__buf_2)
     1    0.03    0.17    0.21    1.90 ^ output7/X (sky130_fd_sc_hd__buf_2)
                                         seg[5] (net)
                  0.17    0.00    1.90 ^ seg[5] (out)
                                  1.90   data arrival time

                         10.00   10.00   clock clk (rise edge)
                          0.00   10.00   clock network delay (propagated)
                         -0.25    9.75   clock uncertainty
                          0.00    9.75   clock reconvergence pessimism
                         -2.00    7.75   output external delay
                                  7.75   data required time
-----------------------------------------------------------------------------
                                  7.75   data required time
                                 -1.90   data arrival time
-----------------------------------------------------------------------------
                                  5.85   slack (MET)


Startpoint: _361_ (rising edge-triggered flip-flop clocked by clk)
Endpoint: seg[1] (output port clocked by clk)
Path Group: clk
Path Type: max

Fanout     Cap    Slew   Delay    Time   Description
-----------------------------------------------------------------------------
                          0.00    0.00   clock clk (rise edge)
                          0.00    0.00   clock source latency
     1    0.02    0.08    0.06    0.06 ^ clk (in)
                                         clk (net)
                  0.08    0.00    0.06 ^ clkbuf_0_clk/A (sky130_fd_sc_hd__clkbuf_16)
     4    0.04    0.06    0.16    0.22 ^ clkbuf_0_clk/X (sky130_fd_sc_hd__clkbuf_16)
                                         clknet_0_clk (net)
                  0.06    0.00    0.22 ^ clkbuf_2_0__f_clk/A (sky130_fd_sc_hd__clkbuf_16)
     9    0.03    0.05    0.15    0.37 ^ clkbuf_2_0__f_clk/X (sky130_fd_sc_hd__clkbuf_16)
                                         clknet_2_0__leaf_clk (net)
                  0.05    0.00    0.37 ^ _361_/CLK (sky130_fd_sc_hd__dfrtp_4)
     6    0.03    0.09    0.55    0.91 v _361_/Q (sky130_fd_sc_hd__dfrtp_4)
                                         decoder.digit[3] (net)
                  0.09    0.00    0.91 v _165_/A (sky130_fd_sc_hd__nor2_2)
     2    0.02    0.21    0.23    1.15 ^ _165_/Y (sky130_fd_sc_hd__nor2_2)
                                         _066_ (net)
                  0.21    0.00    1.15 ^ _166_/B (sky130_fd_sc_hd__nand2_2)
     3    0.02    0.11    0.15    1.30 v _166_/Y (sky130_fd_sc_hd__nand2_2)
                                         _067_ (net)
                  0.11    0.00    1.30 v _167_/B (sky130_fd_sc_hd__nor2_2)
     3    0.02    0.22    0.23    1.53 ^ _167_/Y (sky130_fd_sc_hd__nor2_2)
                                         _068_ (net)
                  0.22    0.00    1.53 ^ _288_/A (sky130_fd_sc_hd__nor2_1)
     1    0.01    0.09    0.12    1.65 v _288_/Y (sky130_fd_sc_hd__nor2_1)
                                         net3 (net)
                  0.09    0.00    1.65 v output3/A (sky130_fd_sc_hd__buf_2)
     1    0.03    0.09    0.21    1.86 v output3/X (sky130_fd_sc_hd__buf_2)
                                         seg[1] (net)
                  0.09    0.00    1.86 v seg[1] (out)
                                  1.86   data arrival time

                         10.00   10.00   clock clk (rise edge)
                          0.00   10.00   clock network delay (propagated)
                         -0.25    9.75   clock uncertainty
                          0.00    9.75   clock reconvergence pessimism
                         -2.00    7.75   output external delay
                                  7.75   data required time
-----------------------------------------------------------------------------
                                  7.75   data required time
                                 -1.86   data arrival time
-----------------------------------------------------------------------------
                                  5.89   slack (MET)


Startpoint: _361_ (rising edge-triggered flip-flop clocked by clk)
Endpoint: seg[6] (output port clocked by clk)
Path Group: clk
Path Type: max

Fanout     Cap    Slew   Delay    Time   Description
-----------------------------------------------------------------------------
                          0.00    0.00   clock clk (rise edge)
                          0.00    0.00   clock source latency
     1    0.02    0.08    0.06    0.06 ^ clk (in)
                                         clk (net)
                  0.08    0.00    0.06 ^ clkbuf_0_clk/A (sky130_fd_sc_hd__clkbuf_16)
     4    0.04    0.06    0.16    0.22 ^ clkbuf_0_clk/X (sky130_fd_sc_hd__clkbuf_16)
                                         clknet_0_clk (net)
                  0.06    0.00    0.22 ^ clkbuf_2_0__f_clk/A (sky130_fd_sc_hd__clkbuf_16)
     9    0.03    0.05    0.15    0.37 ^ clkbuf_2_0__f_clk/X (sky130_fd_sc_hd__clkbuf_16)
                                         clknet_2_0__leaf_clk (net)
                  0.05    0.00    0.37 ^ _361_/CLK (sky130_fd_sc_hd__dfrtp_4)
     6    0.03    0.09    0.55    0.91 v _361_/Q (sky130_fd_sc_hd__dfrtp_4)
                                         decoder.digit[3] (net)
                  0.09    0.00    0.91 v _165_/A (sky130_fd_sc_hd__nor2_2)
     2    0.02    0.21    0.23    1.15 ^ _165_/Y (sky130_fd_sc_hd__nor2_2)
                                         _066_ (net)
                  0.21    0.00    1.15 ^ _166_/B (sky130_fd_sc_hd__nand2_2)
     3    0.02    0.11    0.15    1.30 v _166_/Y (sky130_fd_sc_hd__nand2_2)
                                         _067_ (net)
                  0.11    0.00    1.30 v _294_/B1_N (sky130_fd_sc_hd__a21boi_2)
     1    0.01    0.08    0.21    1.50 v _294_/Y (sky130_fd_sc_hd__a21boi_2)
                                         net8 (net)
                  0.08    0.00    1.50 v output8/A (sky130_fd_sc_hd__buf_2)
     1    0.03    0.09    0.20    1.71 v output8/X (sky130_fd_sc_hd__buf_2)
                                         seg[6] (net)
                  0.09    0.00    1.71 v seg[6] (out)
                                  1.71   data arrival time

                         10.00   10.00   clock clk (rise edge)
                          0.00   10.00   clock network delay (propagated)
                         -0.25    9.75   clock uncertainty
                          0.00    9.75   clock reconvergence pessimism
                         -2.00    7.75   output external delay
                                  7.75   data required time
-----------------------------------------------------------------------------
                                  7.75   data required time
                                 -1.71   data arrival time
-----------------------------------------------------------------------------
                                  6.04   slack (MET)


Startpoint: _361_ (rising edge-triggered flip-flop clocked by clk)
Endpoint: seg[4] (output port clocked by clk)
Path Group: clk
Path Type: max

Fanout     Cap    Slew   Delay    Time   Description
-----------------------------------------------------------------------------
                          0.00    0.00   clock clk (rise edge)
                          0.00    0.00   clock source latency
     1    0.02    0.08    0.06    0.06 ^ clk (in)
                                         clk (net)
                  0.08    0.00    0.06 ^ clkbuf_0_clk/A (sky130_fd_sc_hd__clkbuf_16)
     4    0.04    0.06    0.16    0.22 ^ clkbuf_0_clk/X (sky130_fd_sc_hd__clkbuf_16)
                                         clknet_0_clk (net)
                  0.06    0.00    0.22 ^ clkbuf_2_0__f_clk/A (sky130_fd_sc_hd__clkbuf_16)
     9    0.03    0.05    0.15    0.37 ^ clkbuf_2_0__f_clk/X (sky130_fd_sc_hd__clkbuf_16)
                                         clknet_2_0__leaf_clk (net)
                  0.05    0.00    0.37 ^ _361_/CLK (sky130_fd_sc_hd__dfrtp_4)
     6    0.03    0.09    0.55    0.91 v _361_/Q (sky130_fd_sc_hd__dfrtp_4)
                                         decoder.digit[3] (net)
                  0.09    0.00    0.91 v _290_/A (sky130_fd_sc_hd__or3_1)
     1    0.00    0.07    0.41    1.32 v _290_/X (sky130_fd_sc_hd__or3_1)
                                         _157_ (net)
                  0.07    0.00    1.32 v _291_/A (sky130_fd_sc_hd__buf_1)
     1    0.01    0.05    0.12    1.44 v _291_/X (sky130_fd_sc_hd__buf_1)
                                         net6 (net)
                  0.05    0.00    1.44 v output6/A (sky130_fd_sc_hd__buf_2)
     1    0.03    0.09    0.19    1.63 v output6/X (sky130_fd_sc_hd__buf_2)
                                         seg[4] (net)
                  0.09    0.00    1.63 v seg[4] (out)
                                  1.63   data arrival time

                         10.00   10.00   clock clk (rise edge)
                          0.00   10.00   clock network delay (propagated)
                         -0.25    9.75   clock uncertainty
                          0.00    9.75   clock reconvergence pessimism
                         -2.00    7.75   output external delay
                                  7.75   data required time
-----------------------------------------------------------------------------
                                  7.75   data required time
                                 -1.63   data arrival time
-----------------------------------------------------------------------------
                                  6.12   slack (MET)


Startpoint: _361_ (rising edge-triggered flip-flop clocked by clk)
Endpoint: seg[2] (output port clocked by clk)
Path Group: clk
Path Type: max

Fanout     Cap    Slew   Delay    Time   Description
-----------------------------------------------------------------------------
                          0.00    0.00   clock clk (rise edge)
                          0.00    0.00   clock source latency
     1    0.02    0.08    0.06    0.06 ^ clk (in)
                                         clk (net)
                  0.08    0.00    0.06 ^ clkbuf_0_clk/A (sky130_fd_sc_hd__clkbuf_16)
     4    0.04    0.06    0.16    0.22 ^ clkbuf_0_clk/X (sky130_fd_sc_hd__clkbuf_16)
                                         clknet_0_clk (net)
                  0.06    0.00    0.22 ^ clkbuf_2_0__f_clk/A (sky130_fd_sc_hd__clkbuf_16)
     9    0.03    0.05    0.15    0.37 ^ clkbuf_2_0__f_clk/X (sky130_fd_sc_hd__clkbuf_16)
                                         clknet_2_0__leaf_clk (net)
                  0.05    0.00    0.37 ^ _361_/CLK (sky130_fd_sc_hd__dfrtp_4)
     6    0.03    0.09    0.55    0.91 v _361_/Q (sky130_fd_sc_hd__dfrtp_4)
                                         decoder.digit[3] (net)
                  0.09    0.00    0.91 v _285_/A (sky130_fd_sc_hd__nor2_2)
     4    0.02    0.27    0.28    1.20 ^ _285_/Y (sky130_fd_sc_hd__nor2_2)
                                         _155_ (net)
                  0.27    0.00    1.20 ^ _289_/A2 (sky130_fd_sc_hd__a21oi_1)
     1    0.01    0.09    0.16    1.35 v _289_/Y (sky130_fd_sc_hd__a21oi_1)
                                         net4 (net)
                  0.09    0.00    1.35 v output4/A (sky130_fd_sc_hd__buf_2)
     1    0.03    0.09    0.21    1.57 v output4/X (sky130_fd_sc_hd__buf_2)
                                         seg[2] (net)
                  0.09    0.00    1.57 v seg[2] (out)
                                  1.57   data arrival time

                         10.00   10.00   clock clk (rise edge)
                          0.00   10.00   clock network delay (propagated)
                         -0.25    9.75   clock uncertainty
                          0.00    9.75   clock reconvergence pessimism
                         -2.00    7.75   output external delay
                                  7.75   data required time
-----------------------------------------------------------------------------
                                  7.75   data required time
                                 -1.57   data arrival time
-----------------------------------------------------------------------------
                                  6.18   slack (MET)


Startpoint: _342_ (rising edge-triggered flip-flop clocked by clk)
Endpoint: _340_ (rising edge-triggered flip-flop clocked by clk)
Path Group: clk
Path Type: max

Fanout     Cap    Slew   Delay    Time   Description
-----------------------------------------------------------------------------
                          0.00    0.00   clock clk (rise edge)
                          0.00    0.00   clock source latency
     1    0.02    0.08    0.06    0.06 ^ clk (in)
                                         clk (net)
                  0.08    0.00    0.06 ^ clkbuf_0_clk/A (sky130_fd_sc_hd__clkbuf_16)
     4    0.04    0.06    0.16    0.22 ^ clkbuf_0_clk/X (sky130_fd_sc_hd__clkbuf_16)
                                         clknet_0_clk (net)
                  0.06    0.00    0.22 ^ clkbuf_2_1__f_clk/A (sky130_fd_sc_hd__clkbuf_16)
    11    0.03    0.05    0.15    0.37 ^ clkbuf_2_1__f_clk/X (sky130_fd_sc_hd__clkbuf_16)
                                         clknet_2_1__leaf_clk (net)
                  0.05    0.00    0.37 ^ _342_/CLK (sky130_fd_sc_hd__dfrtp_2)
     5    0.02    0.08    0.46    0.82 v _342_/Q (sky130_fd_sc_hd__dfrtp_2)
                                         one_second_counter[12] (net)
                  0.08    0.00    0.83 v _180_/C (sky130_fd_sc_hd__and4_1)
     2    0.01    0.07    0.25    1.07 v _180_/X (sky130_fd_sc_hd__and4_1)
                                         _078_ (net)
                  0.07    0.00    1.07 v _181_/D (sky130_fd_sc_hd__or4_2)
     1    0.01    0.14    0.63    1.71 v _181_/X (sky130_fd_sc_hd__or4_2)
                                         _079_ (net)
                  0.14    0.00    1.71 v _184_/A3 (sky130_fd_sc_hd__o31a_1)
     1    0.01    0.09    0.34    2.05 v _184_/X (sky130_fd_sc_hd__o31a_1)
                                         _082_ (net)
                  0.09    0.00    2.05 v _186_/A2 (sky130_fd_sc_hd__o211ai_2)
     2    0.01    0.20    0.22    2.27 ^ _186_/Y (sky130_fd_sc_hd__o211ai_2)
                                         _084_ (net)
                  0.20    0.00    2.27 ^ _187_/A2 (sky130_fd_sc_hd__a21bo_2)
     9    0.03    0.19    0.29    2.56 ^ _187_/X (sky130_fd_sc_hd__a21bo_2)
                                         _085_ (net)
                  0.19    0.00    2.56 ^ _202_/A (sky130_fd_sc_hd__clkbuf_4)
    10    0.04    0.13    0.26    2.82 ^ _202_/X (sky130_fd_sc_hd__clkbuf_4)
                                         _095_ (net)
                  0.13    0.00    2.82 ^ _225_/A (sky130_fd_sc_hd__and3_1)
     1    0.02    0.17    0.27    3.09 ^ _225_/X (sky130_fd_sc_hd__and3_1)
                                         _112_ (net)
                  0.17    0.00    3.09 ^ _226_/A (sky130_fd_sc_hd__buf_1)
     1    0.01    0.10    0.16    3.25 ^ _226_/X (sky130_fd_sc_hd__buf_1)
                                         _001_ (net)
                  0.10    0.00    3.25 ^ _340_/D (sky130_fd_sc_hd__dfrtp_4)
                                  3.25   data arrival time

                         10.00   10.00   clock clk (rise edge)
                          0.00   10.00   clock source latency
     1    0.02    0.08    0.05   10.05 ^ clk (in)
                                         clk (net)
                  0.08    0.00   10.05 ^ clkbuf_0_clk/A (sky130_fd_sc_hd__clkbuf_16)
     4    0.04    0.06    0.15   10.20 ^ clkbuf_0_clk/X (sky130_fd_sc_hd__clkbuf_16)
                                         clknet_0_clk (net)
                  0.06    0.00   10.20 ^ clkbuf_2_0__f_clk/A (sky130_fd_sc_hd__clkbuf_16)
     9    0.03    0.05    0.13   10.33 ^ clkbuf_2_0__f_clk/X (sky130_fd_sc_hd__clkbuf_16)
                                         clknet_2_0__leaf_clk (net)
                  0.05    0.00   10.33 ^ _340_/CLK (sky130_fd_sc_hd__dfrtp_4)
                         -0.25   10.08   clock uncertainty
                          0.02   10.10   clock reconvergence pessimism
                         -0.08   10.03   library setup time
                                 10.03   data required time
-----------------------------------------------------------------------------
                                 10.03   data required time
                                 -3.25   data arrival time
-----------------------------------------------------------------------------
                                  6.78   slack (MET)


Startpoint: _342_ (rising edge-triggered flip-flop clocked by clk)
Endpoint: _339_ (rising edge-triggered flip-flop clocked by clk)
Path Group: clk
Path Type: max

Fanout     Cap    Slew   Delay    Time   Description
-----------------------------------------------------------------------------
                          0.00    0.00   clock clk (rise edge)
                          0.00    0.00   clock source latency
     1    0.02    0.08    0.06    0.06 ^ clk (in)
                                         clk (net)
                  0.08    0.00    0.06 ^ clkbuf_0_clk/A (sky130_fd_sc_hd__clkbuf_16)
     4    0.04    0.06    0.16    0.22 ^ clkbuf_0_clk/X (sky130_fd_sc_hd__clkbuf_16)
                                         clknet_0_clk (net)
                  0.06    0.00    0.22 ^ clkbuf_2_1__f_clk/A (sky130_fd_sc_hd__clkbuf_16)
    11    0.03    0.05    0.15    0.37 ^ clkbuf_2_1__f_clk/X (sky130_fd_sc_hd__clkbuf_16)
                                         clknet_2_1__leaf_clk (net)
                  0.05    0.00    0.37 ^ _342_/CLK (sky130_fd_sc_hd__dfrtp_2)
     5    0.02    0.08    0.46    0.82 v _342_/Q (sky130_fd_sc_hd__dfrtp_2)
                                         one_second_counter[12] (net)
                  0.08    0.00    0.83 v _180_/C (sky130_fd_sc_hd__and4_1)
     2    0.01    0.07    0.25    1.07 v _180_/X (sky130_fd_sc_hd__and4_1)
                                         _078_ (net)
                  0.07    0.00    1.07 v _181_/D (sky130_fd_sc_hd__or4_2)
     1    0.01    0.14    0.63    1.71 v _181_/X (sky130_fd_sc_hd__or4_2)
                                         _079_ (net)
                  0.14    0.00    1.71 v _184_/A3 (sky130_fd_sc_hd__o31a_1)
     1    0.01    0.09    0.34    2.05 v _184_/X (sky130_fd_sc_hd__o31a_1)
                                         _082_ (net)
                  0.09    0.00    2.05 v _186_/A2 (sky130_fd_sc_hd__o211ai_2)
     2    0.01    0.20    0.22    2.27 ^ _186_/Y (sky130_fd_sc_hd__o211ai_2)
                                         _084_ (net)
                  0.20    0.00    2.27 ^ _187_/A2 (sky130_fd_sc_hd__a21bo_2)
     9    0.03    0.19    0.29    2.56 ^ _187_/X (sky130_fd_sc_hd__a21bo_2)
                                         _085_ (net)
                  0.19    0.00    2.56 ^ _188_/A (sky130_fd_sc_hd__inv_2)
     2    0.01    0.06    0.08    2.65 v _188_/Y (sky130_fd_sc_hd__inv_2)
                                         _086_ (net)
                  0.06    0.00    2.65 v _189_/A (sky130_fd_sc_hd__buf_4)
    10    0.05    0.08    0.20    2.85 v _189_/X (sky130_fd_sc_hd__buf_4)
                                         _027_ (net)
                  0.08    0.00    2.85 v _222_/A (sky130_fd_sc_hd__nor3_1)
     1    0.01    0.30    0.32    3.17 ^ _222_/Y (sky130_fd_sc_hd__nor3_1)
                                         _026_ (net)
                  0.30    0.00    3.17 ^ _339_/D (sky130_fd_sc_hd__dfrtp_2)
                                  3.17   data arrival time

                         10.00   10.00   clock clk (rise edge)
                          0.00   10.00   clock source latency
     1    0.02    0.08    0.05   10.05 ^ clk (in)
                                         clk (net)
                  0.08    0.00   10.05 ^ clkbuf_0_clk/A (sky130_fd_sc_hd__clkbuf_16)
     4    0.04    0.06    0.15   10.20 ^ clkbuf_0_clk/X (sky130_fd_sc_hd__clkbuf_16)
                                         clknet_0_clk (net)
                  0.06    0.00   10.20 ^ clkbuf_2_0__f_clk/A (sky130_fd_sc_hd__clkbuf_16)
     9    0.03    0.05    0.13   10.33 ^ clkbuf_2_0__f_clk/X (sky130_fd_sc_hd__clkbuf_16)
                                         clknet_2_0__leaf_clk (net)
                  0.05    0.00   10.33 ^ _339_/CLK (sky130_fd_sc_hd__dfrtp_2)
                         -0.25   10.08   clock uncertainty
                          0.02   10.10   clock reconvergence pessimism
                         -0.12    9.98   library setup time
                                  9.98   data required time
-----------------------------------------------------------------------------
                                  9.98   data required time
                                 -3.17   data arrival time
-----------------------------------------------------------------------------
                                  6.81   slack (MET)


Startpoint: _342_ (rising edge-triggered flip-flop clocked by clk)
Endpoint: _351_ (rising edge-triggered flip-flop clocked by clk)
Path Group: clk
Path Type: max

Fanout     Cap    Slew   Delay    Time   Description
-----------------------------------------------------------------------------
                          0.00    0.00   clock clk (rise edge)
                          0.00    0.00   clock source latency
     1    0.02    0.08    0.06    0.06 ^ clk (in)
                                         clk (net)
                  0.08    0.00    0.06 ^ clkbuf_0_clk/A (sky130_fd_sc_hd__clkbuf_16)
     4    0.04    0.06    0.16    0.22 ^ clkbuf_0_clk/X (sky130_fd_sc_hd__clkbuf_16)
                                         clknet_0_clk (net)
                  0.06    0.00    0.22 ^ clkbuf_2_1__f_clk/A (sky130_fd_sc_hd__clkbuf_16)
    11    0.03    0.05    0.15    0.37 ^ clkbuf_2_1__f_clk/X (sky130_fd_sc_hd__clkbuf_16)
                                         clknet_2_1__leaf_clk (net)
                  0.05    0.00    0.37 ^ _342_/CLK (sky130_fd_sc_hd__dfrtp_2)
     5    0.02    0.08    0.46    0.82 v _342_/Q (sky130_fd_sc_hd__dfrtp_2)
                                         one_second_counter[12] (net)
                  0.08    0.00    0.83 v _180_/C (sky130_fd_sc_hd__and4_1)
     2    0.01    0.07    0.25    1.07 v _180_/X (sky130_fd_sc_hd__and4_1)
                                         _078_ (net)
                  0.07    0.00    1.07 v _181_/D (sky130_fd_sc_hd__or4_2)
     1    0.01    0.14    0.63    1.71 v _181_/X (sky130_fd_sc_hd__or4_2)
                                         _079_ (net)
                  0.14    0.00    1.71 v _184_/A3 (sky130_fd_sc_hd__o31a_1)
     1    0.01    0.09    0.34    2.05 v _184_/X (sky130_fd_sc_hd__o31a_1)
                                         _082_ (net)
                  0.09    0.00    2.05 v _186_/A2 (sky130_fd_sc_hd__o211ai_2)
     2    0.01    0.20    0.22    2.27 ^ _186_/Y (sky130_fd_sc_hd__o211ai_2)
                                         _084_ (net)
                  0.20    0.00    2.27 ^ _187_/A2 (sky130_fd_sc_hd__a21bo_2)
     9    0.03    0.19    0.29    2.56 ^ _187_/X (sky130_fd_sc_hd__a21bo_2)
                                         _085_ (net)
                  0.19    0.00    2.56 ^ _188_/A (sky130_fd_sc_hd__inv_2)
     2    0.01    0.06    0.08    2.65 v _188_/Y (sky130_fd_sc_hd__inv_2)
                                         _086_ (net)
                  0.06    0.00    2.65 v _189_/A (sky130_fd_sc_hd__buf_4)
    10    0.05    0.08    0.20    2.85 v _189_/X (sky130_fd_sc_hd__buf_4)
                                         _027_ (net)
                  0.08    0.00    2.85 v _268_/C1 (sky130_fd_sc_hd__a211oi_1)
     1    0.01    0.33    0.31    3.16 ^ _268_/Y (sky130_fd_sc_hd__a211oi_1)
                                         _013_ (net)
                  0.33    0.00    3.16 ^ _351_/D (sky130_fd_sc_hd__dfrtp_2)
                                  3.16   data arrival time

                         10.00   10.00   clock clk (rise edge)
                          0.00   10.00   clock source latency
     1    0.02    0.08    0.05   10.05 ^ clk (in)
                                         clk (net)
                  0.08    0.00   10.05 ^ clkbuf_0_clk/A (sky130_fd_sc_hd__clkbuf_16)
     4    0.04    0.06    0.15   10.20 ^ clkbuf_0_clk/X (sky130_fd_sc_hd__clkbuf_16)
                                         clknet_0_clk (net)
                  0.06    0.00   10.20 ^ clkbuf_2_2__f_clk/A (sky130_fd_sc_hd__clkbuf_16)
     7    0.03    0.05    0.14   10.33 ^ clkbuf_2_2__f_clk/X (sky130_fd_sc_hd__clkbuf_16)
                                         clknet_2_2__leaf_clk (net)
                  0.05    0.00   10.33 ^ _351_/CLK (sky130_fd_sc_hd__dfrtp_2)
                         -0.25   10.08   clock uncertainty
                          0.02   10.10   clock reconvergence pessimism
                         -0.13    9.98   library setup time
                                  9.98   data required time
-----------------------------------------------------------------------------
                                  9.98   data required time
                                 -3.16   data arrival time
-----------------------------------------------------------------------------
                                  6.81   slack (MET)


Startpoint: _342_ (rising edge-triggered flip-flop clocked by clk)
Endpoint: _349_ (rising edge-triggered flip-flop clocked by clk)
Path Group: clk
Path Type: max

Fanout     Cap    Slew   Delay    Time   Description
-----------------------------------------------------------------------------
                          0.00    0.00   clock clk (rise edge)
                          0.00    0.00   clock source latency
     1    0.02    0.08    0.06    0.06 ^ clk (in)
                                         clk (net)
                  0.08    0.00    0.06 ^ clkbuf_0_clk/A (sky130_fd_sc_hd__clkbuf_16)
     4    0.04    0.06    0.16    0.22 ^ clkbuf_0_clk/X (sky130_fd_sc_hd__clkbuf_16)
                                         clknet_0_clk (net)
                  0.06    0.00    0.22 ^ clkbuf_2_1__f_clk/A (sky130_fd_sc_hd__clkbuf_16)
    11    0.03    0.05    0.15    0.37 ^ clkbuf_2_1__f_clk/X (sky130_fd_sc_hd__clkbuf_16)
                                         clknet_2_1__leaf_clk (net)
                  0.05    0.00    0.37 ^ _342_/CLK (sky130_fd_sc_hd__dfrtp_2)
     5    0.02    0.08    0.46    0.82 v _342_/Q (sky130_fd_sc_hd__dfrtp_2)
                                         one_second_counter[12] (net)
                  0.08    0.00    0.83 v _180_/C (sky130_fd_sc_hd__and4_1)
     2    0.01    0.07    0.25    1.07 v _180_/X (sky130_fd_sc_hd__and4_1)
                                         _078_ (net)
                  0.07    0.00    1.07 v _181_/D (sky130_fd_sc_hd__or4_2)
     1    0.01    0.14    0.63    1.71 v _181_/X (sky130_fd_sc_hd__or4_2)
                                         _079_ (net)
                  0.14    0.00    1.71 v _184_/A3 (sky130_fd_sc_hd__o31a_1)
     1    0.01    0.09    0.34    2.05 v _184_/X (sky130_fd_sc_hd__o31a_1)
                                         _082_ (net)
                  0.09    0.00    2.05 v _186_/A2 (sky130_fd_sc_hd__o211ai_2)
     2    0.01    0.20    0.22    2.27 ^ _186_/Y (sky130_fd_sc_hd__o211ai_2)
                                         _084_ (net)
                  0.20    0.00    2.27 ^ _187_/A2 (sky130_fd_sc_hd__a21bo_2)
     9    0.03    0.19    0.29    2.56 ^ _187_/X (sky130_fd_sc_hd__a21bo_2)
                                         _085_ (net)
                  0.19    0.00    2.56 ^ _202_/A (sky130_fd_sc_hd__clkbuf_4)
    10    0.04    0.13    0.26    2.82 ^ _202_/X (sky130_fd_sc_hd__clkbuf_4)
                                         _095_ (net)
                  0.13    0.00    2.82 ^ _260_/A (sky130_fd_sc_hd__and3_1)
     1    0.01    0.11    0.22    3.04 ^ _260_/X (sky130_fd_sc_hd__and3_1)
                                         _138_ (net)
                  0.11    0.00    3.04 ^ _261_/A (sky130_fd_sc_hd__buf_1)
     1    0.01    0.11    0.15    3.20 ^ _261_/X (sky130_fd_sc_hd__buf_1)
                                         _010_ (net)
                  0.11    0.00    3.20 ^ _349_/D (sky130_fd_sc_hd__dfrtp_2)
                                  3.20   data arrival time

                         10.00   10.00   clock clk (rise edge)
                          0.00   10.00   clock source latency
     1    0.02    0.08    0.05   10.05 ^ clk (in)
                                         clk (net)
                  0.08    0.00   10.05 ^ clkbuf_0_clk/A (sky130_fd_sc_hd__clkbuf_16)
     4    0.04    0.06    0.15   10.20 ^ clkbuf_0_clk/X (sky130_fd_sc_hd__clkbuf_16)
                                         clknet_0_clk (net)
                  0.06    0.00   10.20 ^ clkbuf_2_3__f_clk/A (sky130_fd_sc_hd__clkbuf_16)
     8    0.03    0.05    0.13   10.33 ^ clkbuf_2_3__f_clk/X (sky130_fd_sc_hd__clkbuf_16)
                                         clknet_2_3__leaf_clk (net)
                  0.05    0.00   10.33 ^ _349_/CLK (sky130_fd_sc_hd__dfrtp_2)
                         -0.25   10.08   clock uncertainty
                          0.02   10.10   clock reconvergence pessimism
                         -0.08   10.03   library setup time
                                 10.03   data required time
-----------------------------------------------------------------------------
                                 10.03   data required time
                                 -3.20   data arrival time
-----------------------------------------------------------------------------
                                  6.83   slack (MET)


Startpoint: _342_ (rising edge-triggered flip-flop clocked by clk)
Endpoint: _342_ (rising edge-triggered flip-flop clocked by clk)
Path Group: clk
Path Type: max

Fanout     Cap    Slew   Delay    Time   Description
-----------------------------------------------------------------------------
                          0.00    0.00   clock clk (rise edge)
                          0.00    0.00   clock source latency
     1    0.02    0.08    0.06    0.06 ^ clk (in)
                                         clk (net)
                  0.08    0.00    0.06 ^ clkbuf_0_clk/A (sky130_fd_sc_hd__clkbuf_16)
     4    0.04    0.06    0.16    0.22 ^ clkbuf_0_clk/X (sky130_fd_sc_hd__clkbuf_16)
                                         clknet_0_clk (net)
                  0.06    0.00    0.22 ^ clkbuf_2_1__f_clk/A (sky130_fd_sc_hd__clkbuf_16)
    11    0.03    0.05    0.15    0.37 ^ clkbuf_2_1__f_clk/X (sky130_fd_sc_hd__clkbuf_16)
                                         clknet_2_1__leaf_clk (net)
                  0.05    0.00    0.37 ^ _342_/CLK (sky130_fd_sc_hd__dfrtp_2)
     5    0.02    0.08    0.46    0.82 v _342_/Q (sky130_fd_sc_hd__dfrtp_2)
                                         one_second_counter[12] (net)
                  0.08    0.00    0.83 v _180_/C (sky130_fd_sc_hd__and4_1)
     2    0.01    0.07    0.25    1.07 v _180_/X (sky130_fd_sc_hd__and4_1)
                                         _078_ (net)
                  0.07    0.00    1.07 v _181_/D (sky130_fd_sc_hd__or4_2)
     1    0.01    0.14    0.63    1.71 v _181_/X (sky130_fd_sc_hd__or4_2)
                                         _079_ (net)
                  0.14    0.00    1.71 v _184_/A3 (sky130_fd_sc_hd__o31a_1)
     1    0.01    0.09    0.34    2.05 v _184_/X (sky130_fd_sc_hd__o31a_1)
                                         _082_ (net)
                  0.09    0.00    2.05 v _186_/A2 (sky130_fd_sc_hd__o211ai_2)
     2    0.01    0.20    0.22    2.27 ^ _186_/Y (sky130_fd_sc_hd__o211ai_2)
                                         _084_ (net)
                  0.20    0.00    2.27 ^ _187_/A2 (sky130_fd_sc_hd__a21bo_2)
     9    0.03    0.19    0.29    2.56 ^ _187_/X (sky130_fd_sc_hd__a21bo_2)
                                         _085_ (net)
                  0.19    0.00    2.56 ^ _202_/A (sky130_fd_sc_hd__clkbuf_4)
    10    0.04    0.13    0.26    2.82 ^ _202_/X (sky130_fd_sc_hd__clkbuf_4)
                                         _095_ (net)
                  0.13    0.00    2.82 ^ _232_/A (sky130_fd_sc_hd__and3_1)
     1    0.01    0.12    0.23    3.05 ^ _232_/X (sky130_fd_sc_hd__and3_1)
                                         _117_ (net)
                  0.12    0.00    3.05 ^ _233_/A (sky130_fd_sc_hd__buf_1)
     1    0.01    0.10    0.15    3.20 ^ _233_/X (sky130_fd_sc_hd__buf_1)
                                         _003_ (net)
                  0.10    0.00    3.20 ^ _342_/D (sky130_fd_sc_hd__dfrtp_2)
                                  3.20   data arrival time

                         10.00   10.00   clock clk (rise edge)
                          0.00   10.00   clock source latency
     1    0.02    0.08    0.05   10.05 ^ clk (in)
                                         clk (net)
                  0.08    0.00   10.05 ^ clkbuf_0_clk/A (sky130_fd_sc_hd__clkbuf_16)
     4    0.04    0.06    0.15   10.20 ^ clkbuf_0_clk/X (sky130_fd_sc_hd__clkbuf_16)
                                         clknet_0_clk (net)
                  0.06    0.00   10.20 ^ clkbuf_2_1__f_clk/A (sky130_fd_sc_hd__clkbuf_16)
    11    0.03    0.05    0.13   10.33 ^ clkbuf_2_1__f_clk/X (sky130_fd_sc_hd__clkbuf_16)
                                         clknet_2_1__leaf_clk (net)
                  0.05    0.00   10.33 ^ _342_/CLK (sky130_fd_sc_hd__dfrtp_2)
                         -0.25   10.08   clock uncertainty
                          0.03   10.12   clock reconvergence pessimism
                         -0.08   10.04   library setup time
                                 10.04   data required time
-----------------------------------------------------------------------------
                                 10.04   data required time
                                 -3.20   data arrival time
-----------------------------------------------------------------------------
                                  6.84   slack (MET)


Startpoint: _342_ (rising edge-triggered flip-flop clocked by clk)
Endpoint: _354_ (rising edge-triggered flip-flop clocked by clk)
Path Group: clk
Path Type: max

Fanout     Cap    Slew   Delay    Time   Description
-----------------------------------------------------------------------------
                          0.00    0.00   clock clk (rise edge)
                          0.00    0.00   clock source latency
     1    0.02    0.08    0.06    0.06 ^ clk (in)
                                         clk (net)
                  0.08    0.00    0.06 ^ clkbuf_0_clk/A (sky130_fd_sc_hd__clkbuf_16)
     4    0.04    0.06    0.16    0.22 ^ clkbuf_0_clk/X (sky130_fd_sc_hd__clkbuf_16)
                                         clknet_0_clk (net)
                  0.06    0.00    0.22 ^ clkbuf_2_1__f_clk/A (sky130_fd_sc_hd__clkbuf_16)
    11    0.03    0.05    0.15    0.37 ^ clkbuf_2_1__f_clk/X (sky130_fd_sc_hd__clkbuf_16)
                                         clknet_2_1__leaf_clk (net)
                  0.05    0.00    0.37 ^ _342_/CLK (sky130_fd_sc_hd__dfrtp_2)
     5    0.02    0.08    0.46    0.82 v _342_/Q (sky130_fd_sc_hd__dfrtp_2)
                                         one_second_counter[12] (net)
                  0.08    0.00    0.83 v _180_/C (sky130_fd_sc_hd__and4_1)
     2    0.01    0.07    0.25    1.07 v _180_/X (sky130_fd_sc_hd__and4_1)
                                         _078_ (net)
                  0.07    0.00    1.07 v _181_/D (sky130_fd_sc_hd__or4_2)
     1    0.01    0.14    0.63    1.71 v _181_/X (sky130_fd_sc_hd__or4_2)
                                         _079_ (net)
                  0.14    0.00    1.71 v _184_/A3 (sky130_fd_sc_hd__o31a_1)
     1    0.01    0.09    0.34    2.05 v _184_/X (sky130_fd_sc_hd__o31a_1)
                                         _082_ (net)
                  0.09    0.00    2.05 v _186_/A2 (sky130_fd_sc_hd__o211ai_2)
     2    0.01    0.20    0.22    2.27 ^ _186_/Y (sky130_fd_sc_hd__o211ai_2)
                                         _084_ (net)
                  0.20    0.00    2.27 ^ _187_/A2 (sky130_fd_sc_hd__a21bo_2)
     9    0.03    0.19    0.29    2.56 ^ _187_/X (sky130_fd_sc_hd__a21bo_2)
                                         _085_ (net)
                  0.19    0.00    2.56 ^ _188_/A (sky130_fd_sc_hd__inv_2)
     2    0.01    0.06    0.08    2.65 v _188_/Y (sky130_fd_sc_hd__inv_2)
                                         _086_ (net)
                  0.06    0.00    2.65 v _189_/A (sky130_fd_sc_hd__buf_4)
    10    0.05    0.08    0.20    2.85 v _189_/X (sky130_fd_sc_hd__buf_4)
                                         _027_ (net)
                  0.08    0.00    2.85 v _278_/A (sky130_fd_sc_hd__nor3_1)
     1    0.01    0.25    0.28    3.13 ^ _278_/Y (sky130_fd_sc_hd__nor3_1)
                                         _016_ (net)
                  0.25    0.00    3.13 ^ _354_/D (sky130_fd_sc_hd__dfrtp_4)
                                  3.13   data arrival time

                         10.00   10.00   clock clk (rise edge)
                          0.00   10.00   clock source latency
     1    0.02    0.08    0.05   10.05 ^ clk (in)
                                         clk (net)
                  0.08    0.00   10.05 ^ clkbuf_0_clk/A (sky130_fd_sc_hd__clkbuf_16)
     4    0.04    0.06    0.15   10.20 ^ clkbuf_0_clk/X (sky130_fd_sc_hd__clkbuf_16)
                                         clknet_0_clk (net)
                  0.06    0.00   10.20 ^ clkbuf_2_3__f_clk/A (sky130_fd_sc_hd__clkbuf_16)
     8    0.03    0.05    0.13   10.33 ^ clkbuf_2_3__f_clk/X (sky130_fd_sc_hd__clkbuf_16)
                                         clknet_2_3__leaf_clk (net)
                  0.05    0.00   10.33 ^ _354_/CLK (sky130_fd_sc_hd__dfrtp_4)
                         -0.25   10.08   clock uncertainty
                          0.02   10.10   clock reconvergence pessimism
                         -0.11    9.99   library setup time
                                  9.99   data required time
-----------------------------------------------------------------------------
                                  9.99   data required time
                                 -3.13   data arrival time
-----------------------------------------------------------------------------
                                  6.86   slack (MET)


Startpoint: _342_ (rising edge-triggered flip-flop clocked by clk)
Endpoint: _335_ (rising edge-triggered flip-flop clocked by clk)
Path Group: clk
Path Type: max

Fanout     Cap    Slew   Delay    Time   Description
-----------------------------------------------------------------------------
                          0.00    0.00   clock clk (rise edge)
                          0.00    0.00   clock source latency
     1    0.02    0.08    0.06    0.06 ^ clk (in)
                                         clk (net)
                  0.08    0.00    0.06 ^ clkbuf_0_clk/A (sky130_fd_sc_hd__clkbuf_16)
     4    0.04    0.06    0.16    0.22 ^ clkbuf_0_clk/X (sky130_fd_sc_hd__clkbuf_16)
                                         clknet_0_clk (net)
                  0.06    0.00    0.22 ^ clkbuf_2_1__f_clk/A (sky130_fd_sc_hd__clkbuf_16)
    11    0.03    0.05    0.15    0.37 ^ clkbuf_2_1__f_clk/X (sky130_fd_sc_hd__clkbuf_16)
                                         clknet_2_1__leaf_clk (net)
                  0.05    0.00    0.37 ^ _342_/CLK (sky130_fd_sc_hd__dfrtp_2)
     5    0.02    0.08    0.46    0.82 v _342_/Q (sky130_fd_sc_hd__dfrtp_2)
                                         one_second_counter[12] (net)
                  0.08    0.00    0.83 v _180_/C (sky130_fd_sc_hd__and4_1)
     2    0.01    0.07    0.25    1.07 v _180_/X (sky130_fd_sc_hd__and4_1)
                                         _078_ (net)
                  0.07    0.00    1.07 v _181_/D (sky130_fd_sc_hd__or4_2)
     1    0.01    0.14    0.63    1.71 v _181_/X (sky130_fd_sc_hd__or4_2)
                                         _079_ (net)
                  0.14    0.00    1.71 v _184_/A3 (sky130_fd_sc_hd__o31a_1)
     1    0.01    0.09    0.34    2.05 v _184_/X (sky130_fd_sc_hd__o31a_1)
                                         _082_ (net)
                  0.09    0.00    2.05 v _186_/A2 (sky130_fd_sc_hd__o211ai_2)
     2    0.01    0.20    0.22    2.27 ^ _186_/Y (sky130_fd_sc_hd__o211ai_2)
                                         _084_ (net)
                  0.20    0.00    2.27 ^ _187_/A2 (sky130_fd_sc_hd__a21bo_2)
     9    0.03    0.19    0.29    2.56 ^ _187_/X (sky130_fd_sc_hd__a21bo_2)
                                         _085_ (net)
                  0.19    0.00    2.56 ^ _188_/A (sky130_fd_sc_hd__inv_2)
     2    0.01    0.06    0.08    2.65 v _188_/Y (sky130_fd_sc_hd__inv_2)
                                         _086_ (net)
                  0.06    0.00    2.65 v _189_/A (sky130_fd_sc_hd__buf_4)
    10    0.05    0.08    0.20    2.85 v _189_/X (sky130_fd_sc_hd__buf_4)
                                         _027_ (net)
                  0.08    0.00    2.85 v _209_/A (sky130_fd_sc_hd__nor3_1)
     1    0.01    0.25    0.28    3.13 ^ _209_/Y (sky130_fd_sc_hd__nor3_1)
                                         _022_ (net)
                  0.25    0.00    3.13 ^ _335_/D (sky130_fd_sc_hd__dfrtp_2)
                                  3.13   data arrival time

                         10.00   10.00   clock clk (rise edge)
                          0.00   10.00   clock source latency
     1    0.02    0.08    0.05   10.05 ^ clk (in)
                                         clk (net)
                  0.08    0.00   10.05 ^ clkbuf_0_clk/A (sky130_fd_sc_hd__clkbuf_16)
     4    0.04    0.06    0.15   10.20 ^ clkbuf_0_clk/X (sky130_fd_sc_hd__clkbuf_16)
                                         clknet_0_clk (net)
                  0.06    0.00   10.20 ^ clkbuf_2_2__f_clk/A (sky130_fd_sc_hd__clkbuf_16)
     7    0.03    0.05    0.14   10.33 ^ clkbuf_2_2__f_clk/X (sky130_fd_sc_hd__clkbuf_16)
                                         clknet_2_2__leaf_clk (net)
                  0.05    0.00   10.33 ^ _335_/CLK (sky130_fd_sc_hd__dfrtp_2)
                         -0.25   10.08   clock uncertainty
                          0.02   10.10   clock reconvergence pessimism
                         -0.11   10.00   library setup time
                                 10.00   data required time
-----------------------------------------------------------------------------
                                 10.00   data required time
                                 -3.13   data arrival time
-----------------------------------------------------------------------------
                                  6.86   slack (MET)


Startpoint: _342_ (rising edge-triggered flip-flop clocked by clk)
Endpoint: _336_ (rising edge-triggered flip-flop clocked by clk)
Path Group: clk
Path Type: max

Fanout     Cap    Slew   Delay    Time   Description
-----------------------------------------------------------------------------
                          0.00    0.00   clock clk (rise edge)
                          0.00    0.00   clock source latency
     1    0.02    0.08    0.06    0.06 ^ clk (in)
                                         clk (net)
                  0.08    0.00    0.06 ^ clkbuf_0_clk/A (sky130_fd_sc_hd__clkbuf_16)
     4    0.04    0.06    0.16    0.22 ^ clkbuf_0_clk/X (sky130_fd_sc_hd__clkbuf_16)
                                         clknet_0_clk (net)
                  0.06    0.00    0.22 ^ clkbuf_2_1__f_clk/A (sky130_fd_sc_hd__clkbuf_16)
    11    0.03    0.05    0.15    0.37 ^ clkbuf_2_1__f_clk/X (sky130_fd_sc_hd__clkbuf_16)
                                         clknet_2_1__leaf_clk (net)
                  0.05    0.00    0.37 ^ _342_/CLK (sky130_fd_sc_hd__dfrtp_2)
     5    0.02    0.08    0.46    0.82 v _342_/Q (sky130_fd_sc_hd__dfrtp_2)
                                         one_second_counter[12] (net)
                  0.08    0.00    0.83 v _180_/C (sky130_fd_sc_hd__and4_1)
     2    0.01    0.07    0.25    1.07 v _180_/X (sky130_fd_sc_hd__and4_1)
                                         _078_ (net)
                  0.07    0.00    1.07 v _181_/D (sky130_fd_sc_hd__or4_2)
     1    0.01    0.14    0.63    1.71 v _181_/X (sky130_fd_sc_hd__or4_2)
                                         _079_ (net)
                  0.14    0.00    1.71 v _184_/A3 (sky130_fd_sc_hd__o31a_1)
     1    0.01    0.09    0.34    2.05 v _184_/X (sky130_fd_sc_hd__o31a_1)
                                         _082_ (net)
                  0.09    0.00    2.05 v _186_/A2 (sky130_fd_sc_hd__o211ai_2)
     2    0.01    0.20    0.22    2.27 ^ _186_/Y (sky130_fd_sc_hd__o211ai_2)
                                         _084_ (net)
                  0.20    0.00    2.27 ^ _187_/A2 (sky130_fd_sc_hd__a21bo_2)
     9    0.03    0.19    0.29    2.56 ^ _187_/X (sky130_fd_sc_hd__a21bo_2)
                                         _085_ (net)
                  0.19    0.00    2.56 ^ _202_/A (sky130_fd_sc_hd__clkbuf_4)
    10    0.04    0.13    0.26    2.82 ^ _202_/X (sky130_fd_sc_hd__clkbuf_4)
                                         _095_ (net)
                  0.13    0.00    2.82 ^ _212_/A (sky130_fd_sc_hd__and3_1)
     1    0.00    0.07    0.18    3.00 ^ _212_/X (sky130_fd_sc_hd__and3_1)
                                         _103_ (net)
                  0.07    0.00    3.00 ^ _213_/A (sky130_fd_sc_hd__buf_1)
     1    0.01    0.12    0.15    3.15 ^ _213_/X (sky130_fd_sc_hd__buf_1)
                                         _023_ (net)
                  0.12    0.00    3.15 ^ _336_/D (sky130_fd_sc_hd__dfrtp_2)
                                  3.15   data arrival time

                         10.00   10.00   clock clk (rise edge)
                          0.00   10.00   clock source latency
     1    0.02    0.08    0.05   10.05 ^ clk (in)
                                         clk (net)
                  0.08    0.00   10.05 ^ clkbuf_0_clk/A (sky130_fd_sc_hd__clkbuf_16)
     4    0.04    0.06    0.15   10.20 ^ clkbuf_0_clk/X (sky130_fd_sc_hd__clkbuf_16)
                                         clknet_0_clk (net)
                  0.06    0.00   10.20 ^ clkbuf_2_1__f_clk/A (sky130_fd_sc_hd__clkbuf_16)
    11    0.03    0.05    0.13   10.33 ^ clkbuf_2_1__f_clk/X (sky130_fd_sc_hd__clkbuf_16)
                                         clknet_2_1__leaf_clk (net)
                  0.05    0.00   10.33 ^ _336_/CLK (sky130_fd_sc_hd__dfrtp_2)
                         -0.25   10.08   clock uncertainty
                          0.03   10.12   clock reconvergence pessimism
                         -0.08   10.04   library setup time
                                 10.04   data required time
-----------------------------------------------------------------------------
                                 10.04   data required time
                                 -3.15   data arrival time
-----------------------------------------------------------------------------
                                  6.88   slack (MET)


Startpoint: _342_ (rising edge-triggered flip-flop clocked by clk)
Endpoint: _353_ (rising edge-triggered flip-flop clocked by clk)
Path Group: clk
Path Type: max

Fanout     Cap    Slew   Delay    Time   Description
-----------------------------------------------------------------------------
                          0.00    0.00   clock clk (rise edge)
                          0.00    0.00   clock source latency
     1    0.02    0.08    0.06    0.06 ^ clk (in)
                                         clk (net)
                  0.08    0.00    0.06 ^ clkbuf_0_clk/A (sky130_fd_sc_hd__clkbuf_16)
     4    0.04    0.06    0.16    0.22 ^ clkbuf_0_clk/X (sky130_fd_sc_hd__clkbuf_16)
                                         clknet_0_clk (net)
                  0.06    0.00    0.22 ^ clkbuf_2_1__f_clk/A (sky130_fd_sc_hd__clkbuf_16)
    11    0.03    0.05    0.15    0.37 ^ clkbuf_2_1__f_clk/X (sky130_fd_sc_hd__clkbuf_16)
                                         clknet_2_1__leaf_clk (net)
                  0.05    0.00    0.37 ^ _342_/CLK (sky130_fd_sc_hd__dfrtp_2)
     5    0.02    0.08    0.46    0.82 v _342_/Q (sky130_fd_sc_hd__dfrtp_2)
                                         one_second_counter[12] (net)
                  0.08    0.00    0.83 v _180_/C (sky130_fd_sc_hd__and4_1)
     2    0.01    0.07    0.25    1.07 v _180_/X (sky130_fd_sc_hd__and4_1)
                                         _078_ (net)
                  0.07    0.00    1.07 v _181_/D (sky130_fd_sc_hd__or4_2)
     1    0.01    0.14    0.63    1.71 v _181_/X (sky130_fd_sc_hd__or4_2)
                                         _079_ (net)
                  0.14    0.00    1.71 v _184_/A3 (sky130_fd_sc_hd__o31a_1)
     1    0.01    0.09    0.34    2.05 v _184_/X (sky130_fd_sc_hd__o31a_1)
                                         _082_ (net)
                  0.09    0.00    2.05 v _186_/A2 (sky130_fd_sc_hd__o211ai_2)
     2    0.01    0.20    0.22    2.27 ^ _186_/Y (sky130_fd_sc_hd__o211ai_2)
                                         _084_ (net)
                  0.20    0.00    2.27 ^ _187_/A2 (sky130_fd_sc_hd__a21bo_2)
     9    0.03    0.19    0.29    2.56 ^ _187_/X (sky130_fd_sc_hd__a21bo_2)
                                         _085_ (net)
                  0.19    0.00    2.56 ^ _188_/A (sky130_fd_sc_hd__inv_2)
     2    0.01    0.06    0.08    2.65 v _188_/Y (sky130_fd_sc_hd__inv_2)
                                         _086_ (net)
                  0.06    0.00    2.65 v _189_/A (sky130_fd_sc_hd__buf_4)
    10    0.05    0.08    0.20    2.85 v _189_/X (sky130_fd_sc_hd__buf_4)
                                         _027_ (net)
                  0.08    0.00    2.85 v _275_/C1 (sky130_fd_sc_hd__a221oi_2)
     1    0.01    0.28    0.26    3.11 ^ _275_/Y (sky130_fd_sc_hd__a221oi_2)
                                         _015_ (net)
                  0.28    0.00    3.11 ^ _353_/D (sky130_fd_sc_hd__dfrtp_1)
                                  3.11   data arrival time

                         10.00   10.00   clock clk (rise edge)
                          0.00   10.00   clock source latency
     1    0.02    0.08    0.05   10.05 ^ clk (in)
                                         clk (net)
                  0.08    0.00   10.05 ^ clkbuf_0_clk/A (sky130_fd_sc_hd__clkbuf_16)
     4    0.04    0.06    0.15   10.20 ^ clkbuf_0_clk/X (sky130_fd_sc_hd__clkbuf_16)
                                         clknet_0_clk (net)
                  0.06    0.00   10.20 ^ clkbuf_2_1__f_clk/A (sky130_fd_sc_hd__clkbuf_16)
    11    0.03    0.05    0.13   10.33 ^ clkbuf_2_1__f_clk/X (sky130_fd_sc_hd__clkbuf_16)
                                         clknet_2_1__leaf_clk (net)
                  0.05    0.00   10.33 ^ _353_/CLK (sky130_fd_sc_hd__dfrtp_1)
                         -0.25   10.08   clock uncertainty
                          0.03   10.12   clock reconvergence pessimism
                         -0.11   10.00   library setup time
                                 10.00   data required time
-----------------------------------------------------------------------------
                                 10.00   data required time
                                 -3.11   data arrival time
-----------------------------------------------------------------------------
                                  6.89   slack (MET)


Startpoint: _342_ (rising edge-triggered flip-flop clocked by clk)
Endpoint: _346_ (rising edge-triggered flip-flop clocked by clk)
Path Group: clk
Path Type: max

Fanout     Cap    Slew   Delay    Time   Description
-----------------------------------------------------------------------------
                          0.00    0.00   clock clk (rise edge)
                          0.00    0.00   clock source latency
     1    0.02    0.08    0.06    0.06 ^ clk (in)
                                         clk (net)
                  0.08    0.00    0.06 ^ clkbuf_0_clk/A (sky130_fd_sc_hd__clkbuf_16)
     4    0.04    0.06    0.16    0.22 ^ clkbuf_0_clk/X (sky130_fd_sc_hd__clkbuf_16)
                                         clknet_0_clk (net)
                  0.06    0.00    0.22 ^ clkbuf_2_1__f_clk/A (sky130_fd_sc_hd__clkbuf_16)
    11    0.03    0.05    0.15    0.37 ^ clkbuf_2_1__f_clk/X (sky130_fd_sc_hd__clkbuf_16)
                                         clknet_2_1__leaf_clk (net)
                  0.05    0.00    0.37 ^ _342_/CLK (sky130_fd_sc_hd__dfrtp_2)
     5    0.02    0.08    0.46    0.82 v _342_/Q (sky130_fd_sc_hd__dfrtp_2)
                                         one_second_counter[12] (net)
                  0.08    0.00    0.83 v _180_/C (sky130_fd_sc_hd__and4_1)
     2    0.01    0.07    0.25    1.07 v _180_/X (sky130_fd_sc_hd__and4_1)
                                         _078_ (net)
                  0.07    0.00    1.07 v _181_/D (sky130_fd_sc_hd__or4_2)
     1    0.01    0.14    0.63    1.71 v _181_/X (sky130_fd_sc_hd__or4_2)
                                         _079_ (net)
                  0.14    0.00    1.71 v _184_/A3 (sky130_fd_sc_hd__o31a_1)
     1    0.01    0.09    0.34    2.05 v _184_/X (sky130_fd_sc_hd__o31a_1)
                                         _082_ (net)
                  0.09    0.00    2.05 v _186_/A2 (sky130_fd_sc_hd__o211ai_2)
     2    0.01    0.20    0.22    2.27 ^ _186_/Y (sky130_fd_sc_hd__o211ai_2)
                                         _084_ (net)
                  0.20    0.00    2.27 ^ _187_/A2 (sky130_fd_sc_hd__a21bo_2)
     9    0.03    0.19    0.29    2.56 ^ _187_/X (sky130_fd_sc_hd__a21bo_2)
                                         _085_ (net)
                  0.19    0.00    2.56 ^ _202_/A (sky130_fd_sc_hd__clkbuf_4)
    10    0.04    0.13    0.26    2.82 ^ _202_/X (sky130_fd_sc_hd__clkbuf_4)
                                         _095_ (net)
                  0.13    0.00    2.82 ^ _249_/A (sky130_fd_sc_hd__and3_1)
     1    0.01    0.08    0.19    3.01 ^ _249_/X (sky130_fd_sc_hd__and3_1)
                                         _130_ (net)
                  0.08    0.00    3.01 ^ _250_/A (sky130_fd_sc_hd__clkbuf_1)
     1    0.01    0.08    0.12    3.14 ^ _250_/X (sky130_fd_sc_hd__clkbuf_1)
                                         _007_ (net)
                  0.08    0.00    3.14 ^ _346_/D (sky130_fd_sc_hd__dfrtp_4)
                                  3.14   data arrival time

                         10.00   10.00   clock clk (rise edge)
                          0.00   10.00   clock source latency
     1    0.02    0.08    0.05   10.05 ^ clk (in)
                                         clk (net)
                  0.08    0.00   10.05 ^ clkbuf_0_clk/A (sky130_fd_sc_hd__clkbuf_16)
     4    0.04    0.06    0.15   10.20 ^ clkbuf_0_clk/X (sky130_fd_sc_hd__clkbuf_16)
                                         clknet_0_clk (net)
                  0.06    0.00   10.20 ^ clkbuf_2_2__f_clk/A (sky130_fd_sc_hd__clkbuf_16)
     7    0.03    0.05    0.14   10.33 ^ clkbuf_2_2__f_clk/X (sky130_fd_sc_hd__clkbuf_16)
                                         clknet_2_2__leaf_clk (net)
                  0.05    0.00   10.33 ^ _346_/CLK (sky130_fd_sc_hd__dfrtp_4)
                         -0.25   10.08   clock uncertainty
                          0.02   10.10   clock reconvergence pessimism
                         -0.07   10.03   library setup time
                                 10.03   data required time
-----------------------------------------------------------------------------
                                 10.03   data required time
                                 -3.14   data arrival time
-----------------------------------------------------------------------------
                                  6.90   slack (MET)


Startpoint: _342_ (rising edge-triggered flip-flop clocked by clk)
Endpoint: _334_ (rising edge-triggered flip-flop clocked by clk)
Path Group: clk
Path Type: max

Fanout     Cap    Slew   Delay    Time   Description
-----------------------------------------------------------------------------
                          0.00    0.00   clock clk (rise edge)
                          0.00    0.00   clock source latency
     1    0.02    0.08    0.06    0.06 ^ clk (in)
                                         clk (net)
                  0.08    0.00    0.06 ^ clkbuf_0_clk/A (sky130_fd_sc_hd__clkbuf_16)
     4    0.04    0.06    0.16    0.22 ^ clkbuf_0_clk/X (sky130_fd_sc_hd__clkbuf_16)
                                         clknet_0_clk (net)
                  0.06    0.00    0.22 ^ clkbuf_2_1__f_clk/A (sky130_fd_sc_hd__clkbuf_16)
    11    0.03    0.05    0.15    0.37 ^ clkbuf_2_1__f_clk/X (sky130_fd_sc_hd__clkbuf_16)
                                         clknet_2_1__leaf_clk (net)
                  0.05    0.00    0.37 ^ _342_/CLK (sky130_fd_sc_hd__dfrtp_2)
     5    0.02    0.08    0.46    0.82 v _342_/Q (sky130_fd_sc_hd__dfrtp_2)
                                         one_second_counter[12] (net)
                  0.08    0.00    0.83 v _180_/C (sky130_fd_sc_hd__and4_1)
     2    0.01    0.07    0.25    1.07 v _180_/X (sky130_fd_sc_hd__and4_1)
                                         _078_ (net)
                  0.07    0.00    1.07 v _181_/D (sky130_fd_sc_hd__or4_2)
     1    0.01    0.14    0.63    1.71 v _181_/X (sky130_fd_sc_hd__or4_2)
                                         _079_ (net)
                  0.14    0.00    1.71 v _184_/A3 (sky130_fd_sc_hd__o31a_1)
     1    0.01    0.09    0.34    2.05 v _184_/X (sky130_fd_sc_hd__o31a_1)
                                         _082_ (net)
                  0.09    0.00    2.05 v _186_/A2 (sky130_fd_sc_hd__o211ai_2)
     2    0.01    0.20    0.22    2.27 ^ _186_/Y (sky130_fd_sc_hd__o211ai_2)
                                         _084_ (net)
                  0.20    0.00    2.27 ^ _187_/A2 (sky130_fd_sc_hd__a21bo_2)
     9    0.03    0.19    0.29    2.56 ^ _187_/X (sky130_fd_sc_hd__a21bo_2)
                                         _085_ (net)
                  0.19    0.00    2.56 ^ _202_/A (sky130_fd_sc_hd__clkbuf_4)
    10    0.04    0.13    0.26    2.82 ^ _202_/X (sky130_fd_sc_hd__clkbuf_4)
                                         _095_ (net)
                  0.13    0.00    2.82 ^ _205_/A (sky130_fd_sc_hd__and3_1)
     1    0.01    0.07    0.19    3.01 ^ _205_/X (sky130_fd_sc_hd__and3_1)
                                         _098_ (net)
                  0.07    0.00    3.01 ^ _206_/A (sky130_fd_sc_hd__clkbuf_1)
     1    0.01    0.09    0.12    3.14 ^ _206_/X (sky130_fd_sc_hd__clkbuf_1)
                                         _021_ (net)
                  0.09    0.00    3.14 ^ _334_/D (sky130_fd_sc_hd__dfrtp_4)
                                  3.14   data arrival time

                         10.00   10.00   clock clk (rise edge)
                          0.00   10.00   clock source latency
     1    0.02    0.08    0.05   10.05 ^ clk (in)
                                         clk (net)
                  0.08    0.00   10.05 ^ clkbuf_0_clk/A (sky130_fd_sc_hd__clkbuf_16)
     4    0.04    0.06    0.15   10.20 ^ clkbuf_0_clk/X (sky130_fd_sc_hd__clkbuf_16)
                                         clknet_0_clk (net)
                  0.06    0.00   10.20 ^ clkbuf_2_1__f_clk/A (sky130_fd_sc_hd__clkbuf_16)
    11    0.03    0.05    0.13   10.33 ^ clkbuf_2_1__f_clk/X (sky130_fd_sc_hd__clkbuf_16)
                                         clknet_2_1__leaf_clk (net)
                  0.05    0.00   10.33 ^ _334_/CLK (sky130_fd_sc_hd__dfrtp_4)
                         -0.25   10.08   clock uncertainty
                          0.03   10.12   clock reconvergence pessimism
                         -0.07   10.04   library setup time
                                 10.04   data required time
-----------------------------------------------------------------------------
                                 10.04   data required time
                                 -3.14   data arrival time
-----------------------------------------------------------------------------
                                  6.91   slack (MET)


Startpoint: _342_ (rising edge-triggered flip-flop clocked by clk)
Endpoint: _344_ (rising edge-triggered flip-flop clocked by clk)
Path Group: clk
Path Type: max

Fanout     Cap    Slew   Delay    Time   Description
-----------------------------------------------------------------------------
                          0.00    0.00   clock clk (rise edge)
                          0.00    0.00   clock source latency
     1    0.02    0.08    0.06    0.06 ^ clk (in)
                                         clk (net)
                  0.08    0.00    0.06 ^ clkbuf_0_clk/A (sky130_fd_sc_hd__clkbuf_16)
     4    0.04    0.06    0.16    0.22 ^ clkbuf_0_clk/X (sky130_fd_sc_hd__clkbuf_16)
                                         clknet_0_clk (net)
                  0.06    0.00    0.22 ^ clkbuf_2_1__f_clk/A (sky130_fd_sc_hd__clkbuf_16)
    11    0.03    0.05    0.15    0.37 ^ clkbuf_2_1__f_clk/X (sky130_fd_sc_hd__clkbuf_16)
                                         clknet_2_1__leaf_clk (net)
                  0.05    0.00    0.37 ^ _342_/CLK (sky130_fd_sc_hd__dfrtp_2)
     5    0.02    0.08    0.46    0.82 v _342_/Q (sky130_fd_sc_hd__dfrtp_2)
                                         one_second_counter[12] (net)
                  0.08    0.00    0.83 v _180_/C (sky130_fd_sc_hd__and4_1)
     2    0.01    0.07    0.25    1.07 v _180_/X (sky130_fd_sc_hd__and4_1)
                                         _078_ (net)
                  0.07    0.00    1.07 v _181_/D (sky130_fd_sc_hd__or4_2)
     1    0.01    0.14    0.63    1.71 v _181_/X (sky130_fd_sc_hd__or4_2)
                                         _079_ (net)
                  0.14    0.00    1.71 v _184_/A3 (sky130_fd_sc_hd__o31a_1)
     1    0.01    0.09    0.34    2.05 v _184_/X (sky130_fd_sc_hd__o31a_1)
                                         _082_ (net)
                  0.09    0.00    2.05 v _186_/A2 (sky130_fd_sc_hd__o211ai_2)
     2    0.01    0.20    0.22    2.27 ^ _186_/Y (sky130_fd_sc_hd__o211ai_2)
                                         _084_ (net)
                  0.20    0.00    2.27 ^ _187_/A2 (sky130_fd_sc_hd__a21bo_2)
     9    0.03    0.19    0.29    2.56 ^ _187_/X (sky130_fd_sc_hd__a21bo_2)
                                         _085_ (net)
                  0.19    0.00    2.56 ^ _202_/A (sky130_fd_sc_hd__clkbuf_4)
    10    0.04    0.13    0.26    2.82 ^ _202_/X (sky130_fd_sc_hd__clkbuf_4)
                                         _095_ (net)
                  0.13    0.00    2.82 ^ _241_/A (sky130_fd_sc_hd__and3_1)
     1    0.01    0.08    0.20    3.01 ^ _241_/X (sky130_fd_sc_hd__and3_1)
                                         _124_ (net)
                  0.08    0.00    3.01 ^ _242_/A (sky130_fd_sc_hd__clkbuf_1)
     1    0.01    0.08    0.12    3.14 ^ _242_/X (sky130_fd_sc_hd__clkbuf_1)
                                         _005_ (net)
                  0.08    0.00    3.14 ^ _344_/D (sky130_fd_sc_hd__dfrtp_1)
                                  3.14   data arrival time

                         10.00   10.00   clock clk (rise edge)
                          0.00   10.00   clock source latency
     1    0.02    0.08    0.05   10.05 ^ clk (in)
                                         clk (net)
                  0.08    0.00   10.05 ^ clkbuf_0_clk/A (sky130_fd_sc_hd__clkbuf_16)
     4    0.04    0.06    0.15   10.20 ^ clkbuf_0_clk/X (sky130_fd_sc_hd__clkbuf_16)
                                         clknet_0_clk (net)
                  0.06    0.00   10.20 ^ clkbuf_2_1__f_clk/A (sky130_fd_sc_hd__clkbuf_16)
    11    0.03    0.05    0.13   10.33 ^ clkbuf_2_1__f_clk/X (sky130_fd_sc_hd__clkbuf_16)
                                         clknet_2_1__leaf_clk (net)
                  0.05    0.00   10.33 ^ _344_/CLK (sky130_fd_sc_hd__dfrtp_1)
                         -0.25   10.08   clock uncertainty
                          0.03   10.12   clock reconvergence pessimism
                         -0.07   10.05   library setup time
                                 10.05   data required time
-----------------------------------------------------------------------------
                                 10.05   data required time
                                 -3.14   data arrival time
-----------------------------------------------------------------------------
                                  6.91   slack (MET)


Startpoint: _342_ (rising edge-triggered flip-flop clocked by clk)
Endpoint: _345_ (rising edge-triggered flip-flop clocked by clk)
Path Group: clk
Path Type: max

Fanout     Cap    Slew   Delay    Time   Description
-----------------------------------------------------------------------------
                          0.00    0.00   clock clk (rise edge)
                          0.00    0.00   clock source latency
     1    0.02    0.08    0.06    0.06 ^ clk (in)
                                         clk (net)
                  0.08    0.00    0.06 ^ clkbuf_0_clk/A (sky130_fd_sc_hd__clkbuf_16)
     4    0.04    0.06    0.16    0.22 ^ clkbuf_0_clk/X (sky130_fd_sc_hd__clkbuf_16)
                                         clknet_0_clk (net)
                  0.06    0.00    0.22 ^ clkbuf_2_1__f_clk/A (sky130_fd_sc_hd__clkbuf_16)
    11    0.03    0.05    0.15    0.37 ^ clkbuf_2_1__f_clk/X (sky130_fd_sc_hd__clkbuf_16)
                                         clknet_2_1__leaf_clk (net)
                  0.05    0.00    0.37 ^ _342_/CLK (sky130_fd_sc_hd__dfrtp_2)
     5    0.02    0.08    0.46    0.82 v _342_/Q (sky130_fd_sc_hd__dfrtp_2)
                                         one_second_counter[12] (net)
                  0.08    0.00    0.83 v _180_/C (sky130_fd_sc_hd__and4_1)
     2    0.01    0.07    0.25    1.07 v _180_/X (sky130_fd_sc_hd__and4_1)
                                         _078_ (net)
                  0.07    0.00    1.07 v _181_/D (sky130_fd_sc_hd__or4_2)
     1    0.01    0.14    0.63    1.71 v _181_/X (sky130_fd_sc_hd__or4_2)
                                         _079_ (net)
                  0.14    0.00    1.71 v _184_/A3 (sky130_fd_sc_hd__o31a_1)
     1    0.01    0.09    0.34    2.05 v _184_/X (sky130_fd_sc_hd__o31a_1)
                                         _082_ (net)
                  0.09    0.00    2.05 v _186_/A2 (sky130_fd_sc_hd__o211ai_2)
     2    0.01    0.20    0.22    2.27 ^ _186_/Y (sky130_fd_sc_hd__o211ai_2)
                                         _084_ (net)
                  0.20    0.00    2.27 ^ _187_/A2 (sky130_fd_sc_hd__a21bo_2)
     9    0.03    0.19    0.29    2.56 ^ _187_/X (sky130_fd_sc_hd__a21bo_2)
                                         _085_ (net)
                  0.19    0.00    2.56 ^ _188_/A (sky130_fd_sc_hd__inv_2)
     2    0.01    0.06    0.08    2.65 v _188_/Y (sky130_fd_sc_hd__inv_2)
                                         _086_ (net)
                  0.06    0.00    2.65 v _189_/A (sky130_fd_sc_hd__buf_4)
    10    0.05    0.08    0.20    2.85 v _189_/X (sky130_fd_sc_hd__buf_4)
                                         _027_ (net)
                  0.08    0.00    2.85 v _246_/C1 (sky130_fd_sc_hd__a211oi_2)
     1    0.01    0.23    0.22    3.07 ^ _246_/Y (sky130_fd_sc_hd__a211oi_2)
                                         _006_ (net)
                  0.23    0.00    3.07 ^ _345_/D (sky130_fd_sc_hd__dfrtp_2)
                                  3.07   data arrival time

                         10.00   10.00   clock clk (rise edge)
                          0.00   10.00   clock source latency
     1    0.02    0.08    0.05   10.05 ^ clk (in)
                                         clk (net)
                  0.08    0.00   10.05 ^ clkbuf_0_clk/A (sky130_fd_sc_hd__clkbuf_16)
     4    0.04    0.06    0.15   10.20 ^ clkbuf_0_clk/X (sky130_fd_sc_hd__clkbuf_16)
                                         clknet_0_clk (net)
                  0.06    0.00   10.20 ^ clkbuf_2_3__f_clk/A (sky130_fd_sc_hd__clkbuf_16)
     8    0.03    0.05    0.13   10.33 ^ clkbuf_2_3__f_clk/X (sky130_fd_sc_hd__clkbuf_16)
                                         clknet_2_3__leaf_clk (net)
                  0.05    0.00   10.33 ^ _345_/CLK (sky130_fd_sc_hd__dfrtp_2)
                         -0.25   10.08   clock uncertainty
                          0.02   10.10   clock reconvergence pessimism
                         -0.11   10.00   library setup time
                                 10.00   data required time
-----------------------------------------------------------------------------
                                 10.00   data required time
                                 -3.07   data arrival time
-----------------------------------------------------------------------------
                                  6.92   slack (MET)


Startpoint: _342_ (rising edge-triggered flip-flop clocked by clk)
Endpoint: _343_ (rising edge-triggered flip-flop clocked by clk)
Path Group: clk
Path Type: max

Fanout     Cap    Slew   Delay    Time   Description
-----------------------------------------------------------------------------
                          0.00    0.00   clock clk (rise edge)
                          0.00    0.00   clock source latency
     1    0.02    0.08    0.06    0.06 ^ clk (in)
                                         clk (net)
                  0.08    0.00    0.06 ^ clkbuf_0_clk/A (sky130_fd_sc_hd__clkbuf_16)
     4    0.04    0.06    0.16    0.22 ^ clkbuf_0_clk/X (sky130_fd_sc_hd__clkbuf_16)
                                         clknet_0_clk (net)
                  0.06    0.00    0.22 ^ clkbuf_2_1__f_clk/A (sky130_fd_sc_hd__clkbuf_16)
    11    0.03    0.05    0.15    0.37 ^ clkbuf_2_1__f_clk/X (sky130_fd_sc_hd__clkbuf_16)
                                         clknet_2_1__leaf_clk (net)
                  0.05    0.00    0.37 ^ _342_/CLK (sky130_fd_sc_hd__dfrtp_2)
     5    0.02    0.08    0.46    0.82 v _342_/Q (sky130_fd_sc_hd__dfrtp_2)
                                         one_second_counter[12] (net)
                  0.08    0.00    0.83 v _180_/C (sky130_fd_sc_hd__and4_1)
     2    0.01    0.07    0.25    1.07 v _180_/X (sky130_fd_sc_hd__and4_1)
                                         _078_ (net)
                  0.07    0.00    1.07 v _181_/D (sky130_fd_sc_hd__or4_2)
     1    0.01    0.14    0.63    1.71 v _181_/X (sky130_fd_sc_hd__or4_2)
                                         _079_ (net)
                  0.14    0.00    1.71 v _184_/A3 (sky130_fd_sc_hd__o31a_1)
     1    0.01    0.09    0.34    2.05 v _184_/X (sky130_fd_sc_hd__o31a_1)
                                         _082_ (net)
                  0.09    0.00    2.05 v _186_/A2 (sky130_fd_sc_hd__o211ai_2)
     2    0.01    0.20    0.22    2.27 ^ _186_/Y (sky130_fd_sc_hd__o211ai_2)
                                         _084_ (net)
                  0.20    0.00    2.27 ^ _187_/A2 (sky130_fd_sc_hd__a21bo_2)
     9    0.03    0.19    0.29    2.56 ^ _187_/X (sky130_fd_sc_hd__a21bo_2)
                                         _085_ (net)
                  0.19    0.00    2.56 ^ _202_/A (sky130_fd_sc_hd__clkbuf_4)
    10    0.04    0.13    0.26    2.82 ^ _202_/X (sky130_fd_sc_hd__clkbuf_4)
                                         _095_ (net)
                  0.13    0.00    2.82 ^ _236_/A (sky130_fd_sc_hd__and3_1)
     1    0.01    0.07    0.19    3.01 ^ _236_/X (sky130_fd_sc_hd__and3_1)
                                         _120_ (net)
                  0.07    0.00    3.01 ^ _237_/A (sky130_fd_sc_hd__clkbuf_1)
     1    0.00    0.06    0.11    3.12 ^ _237_/X (sky130_fd_sc_hd__clkbuf_1)
                                         _004_ (net)
                  0.06    0.00    3.12 ^ _343_/D (sky130_fd_sc_hd__dfrtp_1)
                                  3.12   data arrival time

                         10.00   10.00   clock clk (rise edge)
                          0.00   10.00   clock source latency
     1    0.02    0.08    0.05   10.05 ^ clk (in)
                                         clk (net)
                  0.08    0.00   10.05 ^ clkbuf_0_clk/A (sky130_fd_sc_hd__clkbuf_16)
     4    0.04    0.06    0.15   10.20 ^ clkbuf_0_clk/X (sky130_fd_sc_hd__clkbuf_16)
                                         clknet_0_clk (net)
                  0.06    0.00   10.20 ^ clkbuf_2_0__f_clk/A (sky130_fd_sc_hd__clkbuf_16)
     9    0.03    0.05    0.13   10.33 ^ clkbuf_2_0__f_clk/X (sky130_fd_sc_hd__clkbuf_16)
                                         clknet_2_0__leaf_clk (net)
                  0.05    0.00   10.33 ^ _343_/CLK (sky130_fd_sc_hd__dfrtp_1)
                         -0.25   10.08   clock uncertainty
                          0.02   10.10   clock reconvergence pessimism
                         -0.06   10.04   library setup time
                                 10.04   data required time
-----------------------------------------------------------------------------
                                 10.04   data required time
                                 -3.12   data arrival time
-----------------------------------------------------------------------------
                                  6.93   slack (MET)


Startpoint: _342_ (rising edge-triggered flip-flop clocked by clk)
Endpoint: _341_ (rising edge-triggered flip-flop clocked by clk)
Path Group: clk
Path Type: max

Fanout     Cap    Slew   Delay    Time   Description
-----------------------------------------------------------------------------
                          0.00    0.00   clock clk (rise edge)
                          0.00    0.00   clock source latency
     1    0.02    0.08    0.06    0.06 ^ clk (in)
                                         clk (net)
                  0.08    0.00    0.06 ^ clkbuf_0_clk/A (sky130_fd_sc_hd__clkbuf_16)
     4    0.04    0.06    0.16    0.22 ^ clkbuf_0_clk/X (sky130_fd_sc_hd__clkbuf_16)
                                         clknet_0_clk (net)
                  0.06    0.00    0.22 ^ clkbuf_2_1__f_clk/A (sky130_fd_sc_hd__clkbuf_16)
    11    0.03    0.05    0.15    0.37 ^ clkbuf_2_1__f_clk/X (sky130_fd_sc_hd__clkbuf_16)
                                         clknet_2_1__leaf_clk (net)
                  0.05    0.00    0.37 ^ _342_/CLK (sky130_fd_sc_hd__dfrtp_2)
     5    0.02    0.08    0.46    0.82 v _342_/Q (sky130_fd_sc_hd__dfrtp_2)
                                         one_second_counter[12] (net)
                  0.08    0.00    0.83 v _180_/C (sky130_fd_sc_hd__and4_1)
     2    0.01    0.07    0.25    1.07 v _180_/X (sky130_fd_sc_hd__and4_1)
                                         _078_ (net)
                  0.07    0.00    1.07 v _181_/D (sky130_fd_sc_hd__or4_2)
     1    0.01    0.14    0.63    1.71 v _181_/X (sky130_fd_sc_hd__or4_2)
                                         _079_ (net)
                  0.14    0.00    1.71 v _184_/A3 (sky130_fd_sc_hd__o31a_1)
     1    0.01    0.09    0.34    2.05 v _184_/X (sky130_fd_sc_hd__o31a_1)
                                         _082_ (net)
                  0.09    0.00    2.05 v _186_/A2 (sky130_fd_sc_hd__o211ai_2)
     2    0.01    0.20    0.22    2.27 ^ _186_/Y (sky130_fd_sc_hd__o211ai_2)
                                         _084_ (net)
                  0.20    0.00    2.27 ^ _187_/A2 (sky130_fd_sc_hd__a21bo_2)
     9    0.03    0.19    0.29    2.56 ^ _187_/X (sky130_fd_sc_hd__a21bo_2)
                                         _085_ (net)
                  0.19    0.00    2.56 ^ _188_/A (sky130_fd_sc_hd__inv_2)
     2    0.01    0.06    0.08    2.65 v _188_/Y (sky130_fd_sc_hd__inv_2)
                                         _086_ (net)
                  0.06    0.00    2.65 v _189_/A (sky130_fd_sc_hd__buf_4)
    10    0.05    0.08    0.20    2.85 v _189_/X (sky130_fd_sc_hd__buf_4)
                                         _027_ (net)
                  0.08    0.00    2.85 v _229_/A (sky130_fd_sc_hd__nor3_1)
     1    0.00    0.18    0.22    3.07 ^ _229_/Y (sky130_fd_sc_hd__nor3_1)
                                         _002_ (net)
                  0.18    0.00    3.07 ^ _341_/D (sky130_fd_sc_hd__dfrtp_4)
                                  3.07   data arrival time

                         10.00   10.00   clock clk (rise edge)
                          0.00   10.00   clock source latency
     1    0.02    0.08    0.05   10.05 ^ clk (in)
                                         clk (net)
                  0.08    0.00   10.05 ^ clkbuf_0_clk/A (sky130_fd_sc_hd__clkbuf_16)
     4    0.04    0.06    0.15   10.20 ^ clkbuf_0_clk/X (sky130_fd_sc_hd__clkbuf_16)
                                         clknet_0_clk (net)
                  0.06    0.00   10.20 ^ clkbuf_2_0__f_clk/A (sky130_fd_sc_hd__clkbuf_16)
     9    0.03    0.05    0.13   10.33 ^ clkbuf_2_0__f_clk/X (sky130_fd_sc_hd__clkbuf_16)
                                         clknet_2_0__leaf_clk (net)
                  0.05    0.00   10.33 ^ _341_/CLK (sky130_fd_sc_hd__dfrtp_4)
                         -0.25   10.08   clock uncertainty
                          0.02   10.10   clock reconvergence pessimism
                         -0.09   10.01   library setup time
                                 10.01   data required time
-----------------------------------------------------------------------------
                                 10.01   data required time
                                 -3.07   data arrival time
-----------------------------------------------------------------------------
                                  6.94   slack (MET)


Startpoint: _342_ (rising edge-triggered flip-flop clocked by clk)
Endpoint: _337_ (rising edge-triggered flip-flop clocked by clk)
Path Group: clk
Path Type: max

Fanout     Cap    Slew   Delay    Time   Description
-----------------------------------------------------------------------------
                          0.00    0.00   clock clk (rise edge)
                          0.00    0.00   clock source latency
     1    0.02    0.08    0.06    0.06 ^ clk (in)
                                         clk (net)
                  0.08    0.00    0.06 ^ clkbuf_0_clk/A (sky130_fd_sc_hd__clkbuf_16)
     4    0.04    0.06    0.16    0.22 ^ clkbuf_0_clk/X (sky130_fd_sc_hd__clkbuf_16)
                                         clknet_0_clk (net)
                  0.06    0.00    0.22 ^ clkbuf_2_1__f_clk/A (sky130_fd_sc_hd__clkbuf_16)
    11    0.03    0.05    0.15    0.37 ^ clkbuf_2_1__f_clk/X (sky130_fd_sc_hd__clkbuf_16)
                                         clknet_2_1__leaf_clk (net)
                  0.05    0.00    0.37 ^ _342_/CLK (sky130_fd_sc_hd__dfrtp_2)
     5    0.02    0.08    0.46    0.82 v _342_/Q (sky130_fd_sc_hd__dfrtp_2)
                                         one_second_counter[12] (net)
                  0.08    0.00    0.83 v _180_/C (sky130_fd_sc_hd__and4_1)
     2    0.01    0.07    0.25    1.07 v _180_/X (sky130_fd_sc_hd__and4_1)
                                         _078_ (net)
                  0.07    0.00    1.07 v _181_/D (sky130_fd_sc_hd__or4_2)
     1    0.01    0.14    0.63    1.71 v _181_/X (sky130_fd_sc_hd__or4_2)
                                         _079_ (net)
                  0.14    0.00    1.71 v _184_/A3 (sky130_fd_sc_hd__o31a_1)
     1    0.01    0.09    0.34    2.05 v _184_/X (sky130_fd_sc_hd__o31a_1)
                                         _082_ (net)
                  0.09    0.00    2.05 v _186_/A2 (sky130_fd_sc_hd__o211ai_2)
     2    0.01    0.20    0.22    2.27 ^ _186_/Y (sky130_fd_sc_hd__o211ai_2)
                                         _084_ (net)
                  0.20    0.00    2.27 ^ _187_/A2 (sky130_fd_sc_hd__a21bo_2)
     9    0.03    0.19    0.29    2.56 ^ _187_/X (sky130_fd_sc_hd__a21bo_2)
                                         _085_ (net)
                  0.19    0.00    2.56 ^ _188_/A (sky130_fd_sc_hd__inv_2)
     2    0.01    0.06    0.08    2.65 v _188_/Y (sky130_fd_sc_hd__inv_2)
                                         _086_ (net)
                  0.06    0.00    2.65 v _215_/B1 (sky130_fd_sc_hd__a211oi_1)
     1    0.01    0.35    0.36    3.01 ^ _215_/Y (sky130_fd_sc_hd__a211oi_1)
                                         _024_ (net)
                  0.35    0.00    3.01 ^ _337_/D (sky130_fd_sc_hd__dfrtp_2)
                                  3.01   data arrival time

                         10.00   10.00   clock clk (rise edge)
                          0.00   10.00   clock source latency
     1    0.02    0.08    0.05   10.05 ^ clk (in)
                                         clk (net)
                  0.08    0.00   10.05 ^ clkbuf_0_clk/A (sky130_fd_sc_hd__clkbuf_16)
     4    0.04    0.06    0.15   10.20 ^ clkbuf_0_clk/X (sky130_fd_sc_hd__clkbuf_16)
                                         clknet_0_clk (net)
                  0.06    0.00   10.20 ^ clkbuf_2_1__f_clk/A (sky130_fd_sc_hd__clkbuf_16)
    11    0.03    0.05    0.13   10.33 ^ clkbuf_2_1__f_clk/X (sky130_fd_sc_hd__clkbuf_16)
                                         clknet_2_1__leaf_clk (net)
                  0.05    0.00   10.33 ^ _337_/CLK (sky130_fd_sc_hd__dfrtp_2)
                         -0.25   10.08   clock uncertainty
                          0.03   10.12   clock reconvergence pessimism
                         -0.13    9.98   library setup time
                                  9.98   data required time
-----------------------------------------------------------------------------
                                  9.98   data required time
                                 -3.01   data arrival time
-----------------------------------------------------------------------------
                                  6.98   slack (MET)


Startpoint: _342_ (rising edge-triggered flip-flop clocked by clk)
Endpoint: _348_ (rising edge-triggered flip-flop clocked by clk)
Path Group: clk
Path Type: max

Fanout     Cap    Slew   Delay    Time   Description
-----------------------------------------------------------------------------
                          0.00    0.00   clock clk (rise edge)
                          0.00    0.00   clock source latency
     1    0.02    0.08    0.06    0.06 ^ clk (in)
                                         clk (net)
                  0.08    0.00    0.06 ^ clkbuf_0_clk/A (sky130_fd_sc_hd__clkbuf_16)
     4    0.04    0.06    0.16    0.22 ^ clkbuf_0_clk/X (sky130_fd_sc_hd__clkbuf_16)
                                         clknet_0_clk (net)
                  0.06    0.00    0.22 ^ clkbuf_2_1__f_clk/A (sky130_fd_sc_hd__clkbuf_16)
    11    0.03    0.05    0.15    0.37 ^ clkbuf_2_1__f_clk/X (sky130_fd_sc_hd__clkbuf_16)
                                         clknet_2_1__leaf_clk (net)
                  0.05    0.00    0.37 ^ _342_/CLK (sky130_fd_sc_hd__dfrtp_2)
     5    0.02    0.08    0.46    0.82 v _342_/Q (sky130_fd_sc_hd__dfrtp_2)
                                         one_second_counter[12] (net)
                  0.08    0.00    0.83 v _180_/C (sky130_fd_sc_hd__and4_1)
     2    0.01    0.07    0.25    1.07 v _180_/X (sky130_fd_sc_hd__and4_1)
                                         _078_ (net)
                  0.07    0.00    1.07 v _181_/D (sky130_fd_sc_hd__or4_2)
     1    0.01    0.14    0.63    1.71 v _181_/X (sky130_fd_sc_hd__or4_2)
                                         _079_ (net)
                  0.14    0.00    1.71 v _184_/A3 (sky130_fd_sc_hd__o31a_1)
     1    0.01    0.09    0.34    2.05 v _184_/X (sky130_fd_sc_hd__o31a_1)
                                         _082_ (net)
                  0.09    0.00    2.05 v _186_/A2 (sky130_fd_sc_hd__o211ai_2)
     2    0.01    0.20    0.22    2.27 ^ _186_/Y (sky130_fd_sc_hd__o211ai_2)
                                         _084_ (net)
                  0.20    0.00    2.27 ^ _187_/A2 (sky130_fd_sc_hd__a21bo_2)
     9    0.03    0.19    0.29    2.56 ^ _187_/X (sky130_fd_sc_hd__a21bo_2)
                                         _085_ (net)
                  0.19    0.00    2.56 ^ _202_/A (sky130_fd_sc_hd__clkbuf_4)
    10    0.04    0.13    0.26    2.82 ^ _202_/X (sky130_fd_sc_hd__clkbuf_4)
                                         _095_ (net)
                  0.13    0.00    2.82 ^ _255_/C1 (sky130_fd_sc_hd__o211a_1)
     1    0.01    0.08    0.19    3.01 ^ _255_/X (sky130_fd_sc_hd__o211a_1)
                                         _009_ (net)
                  0.08    0.00    3.01 ^ _348_/D (sky130_fd_sc_hd__dfrtp_4)
                                  3.01   data arrival time

                         10.00   10.00   clock clk (rise edge)
                          0.00   10.00   clock source latency
     1    0.02    0.08    0.05   10.05 ^ clk (in)
                                         clk (net)
                  0.08    0.00   10.05 ^ clkbuf_0_clk/A (sky130_fd_sc_hd__clkbuf_16)
     4    0.04    0.06    0.15   10.20 ^ clkbuf_0_clk/X (sky130_fd_sc_hd__clkbuf_16)
                                         clknet_0_clk (net)
                  0.06    0.00   10.20 ^ clkbuf_2_0__f_clk/A (sky130_fd_sc_hd__clkbuf_16)
     9    0.03    0.05    0.13   10.33 ^ clkbuf_2_0__f_clk/X (sky130_fd_sc_hd__clkbuf_16)
                                         clknet_2_0__leaf_clk (net)
                  0.05    0.00   10.33 ^ _348_/CLK (sky130_fd_sc_hd__dfrtp_4)
                         -0.25   10.08   clock uncertainty
                          0.02   10.10   clock reconvergence pessimism
                         -0.07   10.03   library setup time
                                 10.03   data required time
-----------------------------------------------------------------------------
                                 10.03   data required time
                                 -3.01   data arrival time
-----------------------------------------------------------------------------
                                  7.02   slack (MET)


Startpoint: _342_ (rising edge-triggered flip-flop clocked by clk)
Endpoint: _330_ (rising edge-triggered flip-flop clocked by clk)
Path Group: clk
Path Type: max

Fanout     Cap    Slew   Delay    Time   Description
-----------------------------------------------------------------------------
                          0.00    0.00   clock clk (rise edge)
                          0.00    0.00   clock source latency
     1    0.02    0.08    0.06    0.06 ^ clk (in)
                                         clk (net)
                  0.08    0.00    0.06 ^ clkbuf_0_clk/A (sky130_fd_sc_hd__clkbuf_16)
     4    0.04    0.06    0.16    0.22 ^ clkbuf_0_clk/X (sky130_fd_sc_hd__clkbuf_16)
                                         clknet_0_clk (net)
                  0.06    0.00    0.22 ^ clkbuf_2_1__f_clk/A (sky130_fd_sc_hd__clkbuf_16)
    11    0.03    0.05    0.15    0.37 ^ clkbuf_2_1__f_clk/X (sky130_fd_sc_hd__clkbuf_16)
                                         clknet_2_1__leaf_clk (net)
                  0.05    0.00    0.37 ^ _342_/CLK (sky130_fd_sc_hd__dfrtp_2)
     5    0.02    0.08    0.46    0.82 v _342_/Q (sky130_fd_sc_hd__dfrtp_2)
                                         one_second_counter[12] (net)
                  0.08    0.00    0.83 v _180_/C (sky130_fd_sc_hd__and4_1)
     2    0.01    0.07    0.25    1.07 v _180_/X (sky130_fd_sc_hd__and4_1)
                                         _078_ (net)
                  0.07    0.00    1.07 v _181_/D (sky130_fd_sc_hd__or4_2)
     1    0.01    0.14    0.63    1.71 v _181_/X (sky130_fd_sc_hd__or4_2)
                                         _079_ (net)
                  0.14    0.00    1.71 v _184_/A3 (sky130_fd_sc_hd__o31a_1)
     1    0.01    0.09    0.34    2.05 v _184_/X (sky130_fd_sc_hd__o31a_1)
                                         _082_ (net)
                  0.09    0.00    2.05 v _186_/A2 (sky130_fd_sc_hd__o211ai_2)
     2    0.01    0.20    0.22    2.27 ^ _186_/Y (sky130_fd_sc_hd__o211ai_2)
                                         _084_ (net)
                  0.20    0.00    2.27 ^ _187_/A2 (sky130_fd_sc_hd__a21bo_2)
     9    0.03    0.19    0.29    2.56 ^ _187_/X (sky130_fd_sc_hd__a21bo_2)
                                         _085_ (net)
                  0.19    0.00    2.56 ^ _188_/A (sky130_fd_sc_hd__inv_2)
     2    0.01    0.06    0.08    2.65 v _188_/Y (sky130_fd_sc_hd__inv_2)
                                         _086_ (net)
                  0.06    0.00    2.65 v _189_/A (sky130_fd_sc_hd__buf_4)
    10    0.05    0.08    0.20    2.85 v _189_/X (sky130_fd_sc_hd__buf_4)
                                         _027_ (net)
                  0.08    0.00    2.85 v _190_/B (sky130_fd_sc_hd__nor2_1)
     1    0.01    0.12    0.13    2.98 ^ _190_/Y (sky130_fd_sc_hd__nor2_1)
                                         _000_ (net)
                  0.12    0.00    2.98 ^ _330_/D (sky130_fd_sc_hd__dfrtp_4)
                                  2.98   data arrival time

                         10.00   10.00   clock clk (rise edge)
                          0.00   10.00   clock source latency
     1    0.02    0.08    0.05   10.05 ^ clk (in)
                                         clk (net)
                  0.08    0.00   10.05 ^ clkbuf_0_clk/A (sky130_fd_sc_hd__clkbuf_16)
     4    0.04    0.06    0.15   10.20 ^ clkbuf_0_clk/X (sky130_fd_sc_hd__clkbuf_16)
                                         clknet_0_clk (net)
                  0.06    0.00   10.20 ^ clkbuf_2_1__f_clk/A (sky130_fd_sc_hd__clkbuf_16)
    11    0.03    0.05    0.13   10.33 ^ clkbuf_2_1__f_clk/X (sky130_fd_sc_hd__clkbuf_16)
                                         clknet_2_1__leaf_clk (net)
                  0.05    0.00   10.33 ^ _330_/CLK (sky130_fd_sc_hd__dfrtp_4)
                         -0.25   10.08   clock uncertainty
                          0.03   10.12   clock reconvergence pessimism
                         -0.08   10.04   library setup time
                                 10.04   data required time
-----------------------------------------------------------------------------
                                 10.04   data required time
                                 -2.98   data arrival time
-----------------------------------------------------------------------------
                                  7.05   slack (MET)


Startpoint: _342_ (rising edge-triggered flip-flop clocked by clk)
Endpoint: _352_ (rising edge-triggered flip-flop clocked by clk)
Path Group: clk
Path Type: max

Fanout     Cap    Slew   Delay    Time   Description
-----------------------------------------------------------------------------
                          0.00    0.00   clock clk (rise edge)
                          0.00    0.00   clock source latency
     1    0.02    0.08    0.06    0.06 ^ clk (in)
                                         clk (net)
                  0.08    0.00    0.06 ^ clkbuf_0_clk/A (sky130_fd_sc_hd__clkbuf_16)
     4    0.04    0.06    0.16    0.22 ^ clkbuf_0_clk/X (sky130_fd_sc_hd__clkbuf_16)
                                         clknet_0_clk (net)
                  0.06    0.00    0.22 ^ clkbuf_2_1__f_clk/A (sky130_fd_sc_hd__clkbuf_16)
    11    0.03    0.05    0.15    0.37 ^ clkbuf_2_1__f_clk/X (sky130_fd_sc_hd__clkbuf_16)
                                         clknet_2_1__leaf_clk (net)
                  0.05    0.00    0.37 ^ _342_/CLK (sky130_fd_sc_hd__dfrtp_2)
     5    0.02    0.08    0.46    0.82 v _342_/Q (sky130_fd_sc_hd__dfrtp_2)
                                         one_second_counter[12] (net)
                  0.08    0.00    0.83 v _180_/C (sky130_fd_sc_hd__and4_1)
     2    0.01    0.07    0.25    1.07 v _180_/X (sky130_fd_sc_hd__and4_1)
                                         _078_ (net)
                  0.07    0.00    1.07 v _181_/D (sky130_fd_sc_hd__or4_2)
     1    0.01    0.14    0.63    1.71 v _181_/X (sky130_fd_sc_hd__or4_2)
                                         _079_ (net)
                  0.14    0.00    1.71 v _184_/A3 (sky130_fd_sc_hd__o31a_1)
     1    0.01    0.09    0.34    2.05 v _184_/X (sky130_fd_sc_hd__o31a_1)
                                         _082_ (net)
                  0.09    0.00    2.05 v _186_/A2 (sky130_fd_sc_hd__o211ai_2)
     2    0.01    0.20    0.22    2.27 ^ _186_/Y (sky130_fd_sc_hd__o211ai_2)
                                         _084_ (net)
                  0.20    0.00    2.27 ^ _187_/A2 (sky130_fd_sc_hd__a21bo_2)
     9    0.03    0.19    0.29    2.56 ^ _187_/X (sky130_fd_sc_hd__a21bo_2)
                                         _085_ (net)
                  0.19    0.00    2.56 ^ _271_/A (sky130_fd_sc_hd__and3_1)
     1    0.01    0.11    0.24    2.80 ^ _271_/X (sky130_fd_sc_hd__and3_1)
                                         _146_ (net)
                  0.11    0.00    2.80 ^ _272_/A (sky130_fd_sc_hd__buf_1)
     1    0.01    0.13    0.17    2.97 ^ _272_/X (sky130_fd_sc_hd__buf_1)
                                         _014_ (net)
                  0.13    0.00    2.97 ^ _352_/D (sky130_fd_sc_hd__dfrtp_1)
                                  2.97   data arrival time

                         10.00   10.00   clock clk (rise edge)
                          0.00   10.00   clock source latency
     1    0.02    0.08    0.05   10.05 ^ clk (in)
                                         clk (net)
                  0.08    0.00   10.05 ^ clkbuf_0_clk/A (sky130_fd_sc_hd__clkbuf_16)
     4    0.04    0.06    0.15   10.20 ^ clkbuf_0_clk/X (sky130_fd_sc_hd__clkbuf_16)
                                         clknet_0_clk (net)
                  0.06    0.00   10.20 ^ clkbuf_2_0__f_clk/A (sky130_fd_sc_hd__clkbuf_16)
     9    0.03    0.05    0.13   10.33 ^ clkbuf_2_0__f_clk/X (sky130_fd_sc_hd__clkbuf_16)
                                         clknet_2_0__leaf_clk (net)
                  0.05    0.00   10.33 ^ _352_/CLK (sky130_fd_sc_hd__dfrtp_1)
                         -0.25   10.08   clock uncertainty
                          0.02   10.10   clock reconvergence pessimism
                         -0.08   10.03   library setup time
                                 10.03   data required time
-----------------------------------------------------------------------------
                                 10.03   data required time
                                 -2.97   data arrival time
-----------------------------------------------------------------------------
                                  7.06   slack (MET)


Startpoint: _342_ (rising edge-triggered flip-flop clocked by clk)
Endpoint: _356_ (rising edge-triggered flip-flop clocked by clk)
Path Group: clk
Path Type: max

Fanout     Cap    Slew   Delay    Time   Description
-----------------------------------------------------------------------------
                          0.00    0.00   clock clk (rise edge)
                          0.00    0.00   clock source latency
     1    0.02    0.08    0.06    0.06 ^ clk (in)
                                         clk (net)
                  0.08    0.00    0.06 ^ clkbuf_0_clk/A (sky130_fd_sc_hd__clkbuf_16)
     4    0.04    0.06    0.16    0.22 ^ clkbuf_0_clk/X (sky130_fd_sc_hd__clkbuf_16)
                                         clknet_0_clk (net)
                  0.06    0.00    0.22 ^ clkbuf_2_1__f_clk/A (sky130_fd_sc_hd__clkbuf_16)
    11    0.03    0.05    0.15    0.37 ^ clkbuf_2_1__f_clk/X (sky130_fd_sc_hd__clkbuf_16)
                                         clknet_2_1__leaf_clk (net)
                  0.05    0.00    0.37 ^ _342_/CLK (sky130_fd_sc_hd__dfrtp_2)
     5    0.02    0.08    0.46    0.82 v _342_/Q (sky130_fd_sc_hd__dfrtp_2)
                                         one_second_counter[12] (net)
                  0.08    0.00    0.83 v _180_/C (sky130_fd_sc_hd__and4_1)
     2    0.01    0.07    0.25    1.07 v _180_/X (sky130_fd_sc_hd__and4_1)
                                         _078_ (net)
                  0.07    0.00    1.07 v _181_/D (sky130_fd_sc_hd__or4_2)
     1    0.01    0.14    0.63    1.71 v _181_/X (sky130_fd_sc_hd__or4_2)
                                         _079_ (net)
                  0.14    0.00    1.71 v _184_/A3 (sky130_fd_sc_hd__o31a_1)
     1    0.01    0.09    0.34    2.05 v _184_/X (sky130_fd_sc_hd__o31a_1)
                                         _082_ (net)
                  0.09    0.00    2.05 v _186_/A2 (sky130_fd_sc_hd__o211ai_2)
     2    0.01    0.20    0.22    2.27 ^ _186_/Y (sky130_fd_sc_hd__o211ai_2)
                                         _084_ (net)
                  0.20    0.00    2.27 ^ _187_/A2 (sky130_fd_sc_hd__a21bo_2)
     9    0.03    0.19    0.29    2.56 ^ _187_/X (sky130_fd_sc_hd__a21bo_2)
                                         _085_ (net)
                  0.19    0.00    2.56 ^ _202_/A (sky130_fd_sc_hd__clkbuf_4)
    10    0.04    0.13    0.26    2.82 ^ _202_/X (sky130_fd_sc_hd__clkbuf_4)
                                         _095_ (net)
                  0.13    0.00    2.82 ^ _284_/B1 (sky130_fd_sc_hd__o211a_1)
     1    0.00    0.05    0.17    2.99 ^ _284_/X (sky130_fd_sc_hd__o211a_1)
                                         _018_ (net)
                  0.05    0.00    2.99 ^ _356_/D (sky130_fd_sc_hd__dfrtp_1)
                                  2.99   data arrival time

                         10.00   10.00   clock clk (rise edge)
                          0.00   10.00   clock source latency
     1    0.02    0.08    0.05   10.05 ^ clk (in)
                                         clk (net)
                  0.08    0.00   10.05 ^ clkbuf_0_clk/A (sky130_fd_sc_hd__clkbuf_16)
     4    0.04    0.06    0.15   10.20 ^ clkbuf_0_clk/X (sky130_fd_sc_hd__clkbuf_16)
                                         clknet_0_clk (net)
                  0.06    0.00   10.20 ^ clkbuf_2_1__f_clk/A (sky130_fd_sc_hd__clkbuf_16)
    11    0.03    0.05    0.13   10.33 ^ clkbuf_2_1__f_clk/X (sky130_fd_sc_hd__clkbuf_16)
                                         clknet_2_1__leaf_clk (net)
                  0.05    0.00   10.33 ^ _356_/CLK (sky130_fd_sc_hd__dfrtp_1)
                         -0.25   10.08   clock uncertainty
                          0.03   10.12   clock reconvergence pessimism
                         -0.06   10.06   library setup time
                                 10.06   data required time
-----------------------------------------------------------------------------
                                 10.06   data required time
                                 -2.99   data arrival time
-----------------------------------------------------------------------------
                                  7.07   slack (MET)


Startpoint: _342_ (rising edge-triggered flip-flop clocked by clk)
Endpoint: _347_ (rising edge-triggered flip-flop clocked by clk)
Path Group: clk
Path Type: max

Fanout     Cap    Slew   Delay    Time   Description
-----------------------------------------------------------------------------
                          0.00    0.00   clock clk (rise edge)
                          0.00    0.00   clock source latency
     1    0.02    0.08    0.06    0.06 ^ clk (in)
                                         clk (net)
                  0.08    0.00    0.06 ^ clkbuf_0_clk/A (sky130_fd_sc_hd__clkbuf_16)
     4    0.04    0.06    0.16    0.22 ^ clkbuf_0_clk/X (sky130_fd_sc_hd__clkbuf_16)
                                         clknet_0_clk (net)
                  0.06    0.00    0.22 ^ clkbuf_2_1__f_clk/A (sky130_fd_sc_hd__clkbuf_16)
    11    0.03    0.05    0.15    0.37 ^ clkbuf_2_1__f_clk/X (sky130_fd_sc_hd__clkbuf_16)
                                         clknet_2_1__leaf_clk (net)
                  0.05    0.00    0.37 ^ _342_/CLK (sky130_fd_sc_hd__dfrtp_2)
     5    0.02    0.08    0.46    0.82 v _342_/Q (sky130_fd_sc_hd__dfrtp_2)
                                         one_second_counter[12] (net)
                  0.08    0.00    0.83 v _180_/C (sky130_fd_sc_hd__and4_1)
     2    0.01    0.07    0.25    1.07 v _180_/X (sky130_fd_sc_hd__and4_1)
                                         _078_ (net)
                  0.07    0.00    1.07 v _181_/D (sky130_fd_sc_hd__or4_2)
     1    0.01    0.14    0.63    1.71 v _181_/X (sky130_fd_sc_hd__or4_2)
                                         _079_ (net)
                  0.14    0.00    1.71 v _184_/A3 (sky130_fd_sc_hd__o31a_1)
     1    0.01    0.09    0.34    2.05 v _184_/X (sky130_fd_sc_hd__o31a_1)
                                         _082_ (net)
                  0.09    0.00    2.05 v _186_/A2 (sky130_fd_sc_hd__o211ai_2)
     2    0.01    0.20    0.22    2.27 ^ _186_/Y (sky130_fd_sc_hd__o211ai_2)
                                         _084_ (net)
                  0.20    0.00    2.27 ^ _187_/A2 (sky130_fd_sc_hd__a21bo_2)
     9    0.03    0.19    0.29    2.56 ^ _187_/X (sky130_fd_sc_hd__a21bo_2)
                                         _085_ (net)
                  0.19    0.00    2.56 ^ _188_/A (sky130_fd_sc_hd__inv_2)
     2    0.01    0.06    0.08    2.65 v _188_/Y (sky130_fd_sc_hd__inv_2)
                                         _086_ (net)
                  0.06    0.00    2.65 v _189_/A (sky130_fd_sc_hd__buf_4)
    10    0.05    0.08    0.20    2.85 v _189_/X (sky130_fd_sc_hd__buf_4)
                                         _027_ (net)
                  0.08    0.00    2.85 v _252_/A (sky130_fd_sc_hd__nor2_1)
     1    0.00    0.08    0.12    2.97 ^ _252_/Y (sky130_fd_sc_hd__nor2_1)
                                         _008_ (net)
                  0.08    0.00    2.97 ^ _347_/D (sky130_fd_sc_hd__dfrtp_4)
                                  2.97   data arrival time

                         10.00   10.00   clock clk (rise edge)
                          0.00   10.00   clock source latency
     1    0.02    0.08    0.05   10.05 ^ clk (in)
                                         clk (net)
                  0.08    0.00   10.05 ^ clkbuf_0_clk/A (sky130_fd_sc_hd__clkbuf_16)
     4    0.04    0.06    0.15   10.20 ^ clkbuf_0_clk/X (sky130_fd_sc_hd__clkbuf_16)
                                         clknet_0_clk (net)
                  0.06    0.00   10.20 ^ clkbuf_2_1__f_clk/A (sky130_fd_sc_hd__clkbuf_16)
    11    0.03    0.05    0.13   10.33 ^ clkbuf_2_1__f_clk/X (sky130_fd_sc_hd__clkbuf_16)
                                         clknet_2_1__leaf_clk (net)
                  0.05    0.00   10.33 ^ _347_/CLK (sky130_fd_sc_hd__dfrtp_4)
                         -0.25   10.08   clock uncertainty
                          0.03   10.12   clock reconvergence pessimism
                         -0.07   10.04   library setup time
                                 10.04   data required time
-----------------------------------------------------------------------------
                                 10.04   data required time
                                 -2.97   data arrival time
-----------------------------------------------------------------------------
                                  7.08   slack (MET)


Startpoint: _342_ (rising edge-triggered flip-flop clocked by clk)
Endpoint: _350_ (rising edge-triggered flip-flop clocked by clk)
Path Group: clk
Path Type: max

Fanout     Cap    Slew   Delay    Time   Description
-----------------------------------------------------------------------------
                          0.00    0.00   clock clk (rise edge)
                          0.00    0.00   clock source latency
     1    0.02    0.08    0.06    0.06 ^ clk (in)
                                         clk (net)
                  0.08    0.00    0.06 ^ clkbuf_0_clk/A (sky130_fd_sc_hd__clkbuf_16)
     4    0.04    0.06    0.16    0.22 ^ clkbuf_0_clk/X (sky130_fd_sc_hd__clkbuf_16)
                                         clknet_0_clk (net)
                  0.06    0.00    0.22 ^ clkbuf_2_1__f_clk/A (sky130_fd_sc_hd__clkbuf_16)
    11    0.03    0.05    0.15    0.37 ^ clkbuf_2_1__f_clk/X (sky130_fd_sc_hd__clkbuf_16)
                                         clknet_2_1__leaf_clk (net)
                  0.05    0.00    0.37 ^ _342_/CLK (sky130_fd_sc_hd__dfrtp_2)
     5    0.02    0.08    0.46    0.82 v _342_/Q (sky130_fd_sc_hd__dfrtp_2)
                                         one_second_counter[12] (net)
                  0.08    0.00    0.83 v _180_/C (sky130_fd_sc_hd__and4_1)
     2    0.01    0.07    0.25    1.07 v _180_/X (sky130_fd_sc_hd__and4_1)
                                         _078_ (net)
                  0.07    0.00    1.07 v _181_/D (sky130_fd_sc_hd__or4_2)
     1    0.01    0.14    0.63    1.71 v _181_/X (sky130_fd_sc_hd__or4_2)
                                         _079_ (net)
                  0.14    0.00    1.71 v _184_/A3 (sky130_fd_sc_hd__o31a_1)
     1    0.01    0.09    0.34    2.05 v _184_/X (sky130_fd_sc_hd__o31a_1)
                                         _082_ (net)
                  0.09    0.00    2.05 v _186_/A2 (sky130_fd_sc_hd__o211ai_2)
     2    0.01    0.20    0.22    2.27 ^ _186_/Y (sky130_fd_sc_hd__o211ai_2)
                                         _084_ (net)
                  0.20    0.00    2.27 ^ _187_/A2 (sky130_fd_sc_hd__a21bo_2)
     9    0.03    0.19    0.29    2.56 ^ _187_/X (sky130_fd_sc_hd__a21bo_2)
                                         _085_ (net)
                  0.19    0.00    2.56 ^ _264_/A (sky130_fd_sc_hd__and3_1)
     1    0.01    0.13    0.26    2.82 ^ _264_/X (sky130_fd_sc_hd__and3_1)
                                         _141_ (net)
                  0.13    0.00    2.82 ^ _265_/A (sky130_fd_sc_hd__clkbuf_1)
     1    0.01    0.08    0.14    2.95 ^ _265_/X (sky130_fd_sc_hd__clkbuf_1)
                                         _012_ (net)
                  0.08    0.00    2.95 ^ _350_/D (sky130_fd_sc_hd__dfrtp_2)
                                  2.95   data arrival time

                         10.00   10.00   clock clk (rise edge)
                          0.00   10.00   clock source latency
     1    0.02    0.08    0.05   10.05 ^ clk (in)
                                         clk (net)
                  0.08    0.00   10.05 ^ clkbuf_0_clk/A (sky130_fd_sc_hd__clkbuf_16)
     4    0.04    0.06    0.15   10.20 ^ clkbuf_0_clk/X (sky130_fd_sc_hd__clkbuf_16)
                                         clknet_0_clk (net)
                  0.06    0.00   10.20 ^ clkbuf_2_3__f_clk/A (sky130_fd_sc_hd__clkbuf_16)
     8    0.03    0.05    0.13   10.33 ^ clkbuf_2_3__f_clk/X (sky130_fd_sc_hd__clkbuf_16)
                                         clknet_2_3__leaf_clk (net)
                  0.05    0.00   10.33 ^ _350_/CLK (sky130_fd_sc_hd__dfrtp_2)
                         -0.25   10.08   clock uncertainty
                          0.02   10.10   clock reconvergence pessimism
                         -0.07   10.03   library setup time
                                 10.03   data required time
-----------------------------------------------------------------------------
                                 10.03   data required time
                                 -2.95   data arrival time
-----------------------------------------------------------------------------
                                  7.08   slack (MET)


Startpoint: _342_ (rising edge-triggered flip-flop clocked by clk)
Endpoint: _338_ (rising edge-triggered flip-flop clocked by clk)
Path Group: clk
Path Type: max

Fanout     Cap    Slew   Delay    Time   Description
-----------------------------------------------------------------------------
                          0.00    0.00   clock clk (rise edge)
                          0.00    0.00   clock source latency
     1    0.02    0.08    0.06    0.06 ^ clk (in)
                                         clk (net)
                  0.08    0.00    0.06 ^ clkbuf_0_clk/A (sky130_fd_sc_hd__clkbuf_16)
     4    0.04    0.06    0.16    0.22 ^ clkbuf_0_clk/X (sky130_fd_sc_hd__clkbuf_16)
                                         clknet_0_clk (net)
                  0.06    0.00    0.22 ^ clkbuf_2_1__f_clk/A (sky130_fd_sc_hd__clkbuf_16)
    11    0.03    0.05    0.15    0.37 ^ clkbuf_2_1__f_clk/X (sky130_fd_sc_hd__clkbuf_16)
                                         clknet_2_1__leaf_clk (net)
                  0.05    0.00    0.37 ^ _342_/CLK (sky130_fd_sc_hd__dfrtp_2)
     5    0.02    0.08    0.46    0.82 v _342_/Q (sky130_fd_sc_hd__dfrtp_2)
                                         one_second_counter[12] (net)
                  0.08    0.00    0.83 v _180_/C (sky130_fd_sc_hd__and4_1)
     2    0.01    0.07    0.25    1.07 v _180_/X (sky130_fd_sc_hd__and4_1)
                                         _078_ (net)
                  0.07    0.00    1.07 v _181_/D (sky130_fd_sc_hd__or4_2)
     1    0.01    0.14    0.63    1.71 v _181_/X (sky130_fd_sc_hd__or4_2)
                                         _079_ (net)
                  0.14    0.00    1.71 v _184_/A3 (sky130_fd_sc_hd__o31a_1)
     1    0.01    0.09    0.34    2.05 v _184_/X (sky130_fd_sc_hd__o31a_1)
                                         _082_ (net)
                  0.09    0.00    2.05 v _186_/A2 (sky130_fd_sc_hd__o211ai_2)
     2    0.01    0.20    0.22    2.27 ^ _186_/Y (sky130_fd_sc_hd__o211ai_2)
                                         _084_ (net)
                  0.20    0.00    2.27 ^ _187_/A2 (sky130_fd_sc_hd__a21bo_2)
     9    0.03    0.19    0.29    2.56 ^ _187_/X (sky130_fd_sc_hd__a21bo_2)
                                         _085_ (net)
                  0.19    0.00    2.56 ^ _218_/B (sky130_fd_sc_hd__and3_1)
     1    0.01    0.10    0.23    2.79 ^ _218_/X (sky130_fd_sc_hd__and3_1)
                                         _107_ (net)
                  0.10    0.00    2.79 ^ _219_/A (sky130_fd_sc_hd__clkbuf_1)
     1    0.01    0.08    0.13    2.92 ^ _219_/X (sky130_fd_sc_hd__clkbuf_1)
                                         _025_ (net)
                  0.08    0.00    2.92 ^ _338_/D (sky130_fd_sc_hd__dfrtp_4)
                                  2.92   data arrival time

                         10.00   10.00   clock clk (rise edge)
                          0.00   10.00   clock source latency
     1    0.02    0.08    0.05   10.05 ^ clk (in)
                                         clk (net)
                  0.08    0.00   10.05 ^ clkbuf_0_clk/A (sky130_fd_sc_hd__clkbuf_16)
     4    0.04    0.06    0.15   10.20 ^ clkbuf_0_clk/X (sky130_fd_sc_hd__clkbuf_16)
                                         clknet_0_clk (net)
                  0.06    0.00   10.20 ^ clkbuf_2_3__f_clk/A (sky130_fd_sc_hd__clkbuf_16)
     8    0.03    0.05    0.13   10.33 ^ clkbuf_2_3__f_clk/X (sky130_fd_sc_hd__clkbuf_16)
                                         clknet_2_3__leaf_clk (net)
                  0.05    0.00   10.33 ^ _338_/CLK (sky130_fd_sc_hd__dfrtp_4)
                         -0.25   10.08   clock uncertainty
                          0.02   10.10   clock reconvergence pessimism
                         -0.07   10.03   library setup time
                                 10.03   data required time
-----------------------------------------------------------------------------
                                 10.03   data required time
                                 -2.92   data arrival time
-----------------------------------------------------------------------------
                                  7.11   slack (MET)


Startpoint: _342_ (rising edge-triggered flip-flop clocked by clk)
Endpoint: _357_ (rising edge-triggered flip-flop clocked by clk)
Path Group: clk
Path Type: max

Fanout     Cap    Slew   Delay    Time   Description
-----------------------------------------------------------------------------
                          0.00    0.00   clock clk (rise edge)
                          0.00    0.00   clock source latency
     1    0.02    0.08    0.06    0.06 ^ clk (in)
                                         clk (net)
                  0.08    0.00    0.06 ^ clkbuf_0_clk/A (sky130_fd_sc_hd__clkbuf_16)
     4    0.04    0.06    0.16    0.22 ^ clkbuf_0_clk/X (sky130_fd_sc_hd__clkbuf_16)
                                         clknet_0_clk (net)
                  0.06    0.00    0.22 ^ clkbuf_2_1__f_clk/A (sky130_fd_sc_hd__clkbuf_16)
    11    0.03    0.05    0.15    0.37 ^ clkbuf_2_1__f_clk/X (sky130_fd_sc_hd__clkbuf_16)
                                         clknet_2_1__leaf_clk (net)
                  0.05    0.00    0.37 ^ _342_/CLK (sky130_fd_sc_hd__dfrtp_2)
     5    0.02    0.08    0.46    0.82 v _342_/Q (sky130_fd_sc_hd__dfrtp_2)
                                         one_second_counter[12] (net)
                  0.08    0.00    0.83 v _180_/C (sky130_fd_sc_hd__and4_1)
     2    0.01    0.07    0.25    1.07 v _180_/X (sky130_fd_sc_hd__and4_1)
                                         _078_ (net)
                  0.07    0.00    1.07 v _181_/D (sky130_fd_sc_hd__or4_2)
     1    0.01    0.14    0.63    1.71 v _181_/X (sky130_fd_sc_hd__or4_2)
                                         _079_ (net)
                  0.14    0.00    1.71 v _184_/A3 (sky130_fd_sc_hd__o31a_1)
     1    0.01    0.09    0.34    2.05 v _184_/X (sky130_fd_sc_hd__o31a_1)
                                         _082_ (net)
                  0.09    0.00    2.05 v _186_/A2 (sky130_fd_sc_hd__o211ai_2)
     2    0.01    0.20    0.22    2.27 ^ _186_/Y (sky130_fd_sc_hd__o211ai_2)
                                         _084_ (net)
                  0.20    0.00    2.27 ^ _187_/A2 (sky130_fd_sc_hd__a21bo_2)
     9    0.03    0.19    0.29    2.56 ^ _187_/X (sky130_fd_sc_hd__a21bo_2)
                                         _085_ (net)
                  0.19    0.00    2.56 ^ _188_/A (sky130_fd_sc_hd__inv_2)
     2    0.01    0.06    0.08    2.65 v _188_/Y (sky130_fd_sc_hd__inv_2)
                                         _086_ (net)
                  0.06    0.00    2.65 v _189_/A (sky130_fd_sc_hd__buf_4)
    10    0.05    0.08    0.20    2.85 v _189_/X (sky130_fd_sc_hd__buf_4)
                                         _027_ (net)
                  0.08    0.00    2.85 v _357_/D (sky130_fd_sc_hd__dfrtp_4)
                                  2.85   data arrival time

                         10.00   10.00   clock clk (rise edge)
                          0.00   10.00   clock source latency
     1    0.02    0.08    0.05   10.05 ^ clk (in)
                                         clk (net)
                  0.08    0.00   10.05 ^ clkbuf_0_clk/A (sky130_fd_sc_hd__clkbuf_16)
     4    0.04    0.06    0.15   10.20 ^ clkbuf_0_clk/X (sky130_fd_sc_hd__clkbuf_16)
                                         clknet_0_clk (net)
                  0.06    0.00   10.20 ^ clkbuf_2_2__f_clk/A (sky130_fd_sc_hd__clkbuf_16)
     7    0.03    0.05    0.14   10.33 ^ clkbuf_2_2__f_clk/X (sky130_fd_sc_hd__clkbuf_16)
                                         clknet_2_2__leaf_clk (net)
                  0.05    0.00   10.33 ^ _357_/CLK (sky130_fd_sc_hd__dfrtp_4)
                         -0.25   10.08   clock uncertainty
                          0.02   10.10   clock reconvergence pessimism
                         -0.13    9.98   library setup time
                                  9.98   data required time
-----------------------------------------------------------------------------
                                  9.98   data required time
                                 -2.85   data arrival time
-----------------------------------------------------------------------------
                                  7.13   slack (MET)


Startpoint: _342_ (rising edge-triggered flip-flop clocked by clk)
Endpoint: _333_ (rising edge-triggered flip-flop clocked by clk)
Path Group: clk
Path Type: max

Fanout     Cap    Slew   Delay    Time   Description
-----------------------------------------------------------------------------
                          0.00    0.00   clock clk (rise edge)
                          0.00    0.00   clock source latency
     1    0.02    0.08    0.06    0.06 ^ clk (in)
                                         clk (net)
                  0.08    0.00    0.06 ^ clkbuf_0_clk/A (sky130_fd_sc_hd__clkbuf_16)
     4    0.04    0.06    0.16    0.22 ^ clkbuf_0_clk/X (sky130_fd_sc_hd__clkbuf_16)
                                         clknet_0_clk (net)
                  0.06    0.00    0.22 ^ clkbuf_2_1__f_clk/A (sky130_fd_sc_hd__clkbuf_16)
    11    0.03    0.05    0.15    0.37 ^ clkbuf_2_1__f_clk/X (sky130_fd_sc_hd__clkbuf_16)
                                         clknet_2_1__leaf_clk (net)
                  0.05    0.00    0.37 ^ _342_/CLK (sky130_fd_sc_hd__dfrtp_2)
     5    0.02    0.08    0.46    0.82 v _342_/Q (sky130_fd_sc_hd__dfrtp_2)
                                         one_second_counter[12] (net)
                  0.08    0.00    0.83 v _180_/C (sky130_fd_sc_hd__and4_1)
     2    0.01    0.07    0.25    1.07 v _180_/X (sky130_fd_sc_hd__and4_1)
                                         _078_ (net)
                  0.07    0.00    1.07 v _181_/D (sky130_fd_sc_hd__or4_2)
     1    0.01    0.14    0.63    1.71 v _181_/X (sky130_fd_sc_hd__or4_2)
                                         _079_ (net)
                  0.14    0.00    1.71 v _184_/A3 (sky130_fd_sc_hd__o31a_1)
     1    0.01    0.09    0.34    2.05 v _184_/X (sky130_fd_sc_hd__o31a_1)
                                         _082_ (net)
                  0.09    0.00    2.05 v _186_/A2 (sky130_fd_sc_hd__o211ai_2)
     2    0.01    0.20    0.22    2.27 ^ _186_/Y (sky130_fd_sc_hd__o211ai_2)
                                         _084_ (net)
                  0.20    0.00    2.27 ^ _187_/A2 (sky130_fd_sc_hd__a21bo_2)
     9    0.03    0.19    0.29    2.56 ^ _187_/X (sky130_fd_sc_hd__a21bo_2)
                                         _085_ (net)
                  0.19    0.00    2.56 ^ _200_/B (sky130_fd_sc_hd__and3b_1)
     1    0.01    0.09    0.22    2.79 ^ _200_/X (sky130_fd_sc_hd__and3b_1)
                                         _094_ (net)
                  0.09    0.00    2.79 ^ _201_/A (sky130_fd_sc_hd__clkbuf_1)
     1    0.00    0.06    0.11    2.90 ^ _201_/X (sky130_fd_sc_hd__clkbuf_1)
                                         _020_ (net)
                  0.06    0.00    2.90 ^ _333_/D (sky130_fd_sc_hd__dfrtp_1)
                                  2.90   data arrival time

                         10.00   10.00   clock clk (rise edge)
                          0.00   10.00   clock source latency
     1    0.02    0.08    0.05   10.05 ^ clk (in)
                                         clk (net)
                  0.08    0.00   10.05 ^ clkbuf_0_clk/A (sky130_fd_sc_hd__clkbuf_16)
     4    0.04    0.06    0.15   10.20 ^ clkbuf_0_clk/X (sky130_fd_sc_hd__clkbuf_16)
                                         clknet_0_clk (net)
                  0.06    0.00   10.20 ^ clkbuf_2_3__f_clk/A (sky130_fd_sc_hd__clkbuf_16)
     8    0.03    0.05    0.13   10.33 ^ clkbuf_2_3__f_clk/X (sky130_fd_sc_hd__clkbuf_16)
                                         clknet_2_3__leaf_clk (net)
                  0.05    0.00   10.33 ^ _333_/CLK (sky130_fd_sc_hd__dfrtp_1)
                         -0.25   10.08   clock uncertainty
                          0.02   10.10   clock reconvergence pessimism
                         -0.06   10.04   library setup time
                                 10.04   data required time
-----------------------------------------------------------------------------
                                 10.04   data required time
                                 -2.90   data arrival time
-----------------------------------------------------------------------------
                                  7.14   slack (MET)


Startpoint: _342_ (rising edge-triggered flip-flop clocked by clk)
Endpoint: _332_ (rising edge-triggered flip-flop clocked by clk)
Path Group: clk
Path Type: max

Fanout     Cap    Slew   Delay    Time   Description
-----------------------------------------------------------------------------
                          0.00    0.00   clock clk (rise edge)
                          0.00    0.00   clock source latency
     1    0.02    0.08    0.06    0.06 ^ clk (in)
                                         clk (net)
                  0.08    0.00    0.06 ^ clkbuf_0_clk/A (sky130_fd_sc_hd__clkbuf_16)
     4    0.04    0.06    0.16    0.22 ^ clkbuf_0_clk/X (sky130_fd_sc_hd__clkbuf_16)
                                         clknet_0_clk (net)
                  0.06    0.00    0.22 ^ clkbuf_2_1__f_clk/A (sky130_fd_sc_hd__clkbuf_16)
    11    0.03    0.05    0.15    0.37 ^ clkbuf_2_1__f_clk/X (sky130_fd_sc_hd__clkbuf_16)
                                         clknet_2_1__leaf_clk (net)
                  0.05    0.00    0.37 ^ _342_/CLK (sky130_fd_sc_hd__dfrtp_2)
     5    0.02    0.08    0.46    0.82 v _342_/Q (sky130_fd_sc_hd__dfrtp_2)
                                         one_second_counter[12] (net)
                  0.08    0.00    0.83 v _180_/C (sky130_fd_sc_hd__and4_1)
     2    0.01    0.07    0.25    1.07 v _180_/X (sky130_fd_sc_hd__and4_1)
                                         _078_ (net)
                  0.07    0.00    1.07 v _181_/D (sky130_fd_sc_hd__or4_2)
     1    0.01    0.14    0.63    1.71 v _181_/X (sky130_fd_sc_hd__or4_2)
                                         _079_ (net)
                  0.14    0.00    1.71 v _184_/A3 (sky130_fd_sc_hd__o31a_1)
     1    0.01    0.09    0.34    2.05 v _184_/X (sky130_fd_sc_hd__o31a_1)
                                         _082_ (net)
                  0.09    0.00    2.05 v _186_/A2 (sky130_fd_sc_hd__o211ai_2)
     2    0.01    0.20    0.22    2.27 ^ _186_/Y (sky130_fd_sc_hd__o211ai_2)
                                         _084_ (net)
                  0.20    0.00    2.27 ^ _187_/A2 (sky130_fd_sc_hd__a21bo_2)
     9    0.03    0.19    0.29    2.56 ^ _187_/X (sky130_fd_sc_hd__a21bo_2)
                                         _085_ (net)
                  0.19    0.00    2.56 ^ _197_/B (sky130_fd_sc_hd__and3_1)
     1    0.00    0.06    0.20    2.76 ^ _197_/X (sky130_fd_sc_hd__and3_1)
                                         _092_ (net)
                  0.06    0.00    2.76 ^ _198_/A (sky130_fd_sc_hd__buf_1)
     1    0.01    0.10    0.13    2.89 ^ _198_/X (sky130_fd_sc_hd__buf_1)
                                         _019_ (net)
                  0.10    0.00    2.89 ^ _332_/D (sky130_fd_sc_hd__dfrtp_4)
                                  2.89   data arrival time

                         10.00   10.00   clock clk (rise edge)
                          0.00   10.00   clock source latency
     1    0.02    0.08    0.05   10.05 ^ clk (in)
                                         clk (net)
                  0.08    0.00   10.05 ^ clkbuf_0_clk/A (sky130_fd_sc_hd__clkbuf_16)
     4    0.04    0.06    0.15   10.20 ^ clkbuf_0_clk/X (sky130_fd_sc_hd__clkbuf_16)
                                         clknet_0_clk (net)
                  0.06    0.00   10.20 ^ clkbuf_2_1__f_clk/A (sky130_fd_sc_hd__clkbuf_16)
    11    0.03    0.05    0.13   10.33 ^ clkbuf_2_1__f_clk/X (sky130_fd_sc_hd__clkbuf_16)
                                         clknet_2_1__leaf_clk (net)
                  0.05    0.00   10.33 ^ _332_/CLK (sky130_fd_sc_hd__dfrtp_4)
                         -0.25   10.08   clock uncertainty
                          0.03   10.12   clock reconvergence pessimism
                         -0.07   10.04   library setup time
                                 10.04   data required time
-----------------------------------------------------------------------------
                                 10.04   data required time
                                 -2.89   data arrival time
-----------------------------------------------------------------------------
                                  7.15   slack (MET)


Startpoint: _342_ (rising edge-triggered flip-flop clocked by clk)
Endpoint: _331_ (rising edge-triggered flip-flop clocked by clk)
Path Group: clk
Path Type: max

Fanout     Cap    Slew   Delay    Time   Description
-----------------------------------------------------------------------------
                          0.00    0.00   clock clk (rise edge)
                          0.00    0.00   clock source latency
     1    0.02    0.08    0.06    0.06 ^ clk (in)
                                         clk (net)
                  0.08    0.00    0.06 ^ clkbuf_0_clk/A (sky130_fd_sc_hd__clkbuf_16)
     4    0.04    0.06    0.16    0.22 ^ clkbuf_0_clk/X (sky130_fd_sc_hd__clkbuf_16)
                                         clknet_0_clk (net)
                  0.06    0.00    0.22 ^ clkbuf_2_1__f_clk/A (sky130_fd_sc_hd__clkbuf_16)
    11    0.03    0.05    0.15    0.37 ^ clkbuf_2_1__f_clk/X (sky130_fd_sc_hd__clkbuf_16)
                                         clknet_2_1__leaf_clk (net)
                  0.05    0.00    0.37 ^ _342_/CLK (sky130_fd_sc_hd__dfrtp_2)
     5    0.02    0.08    0.46    0.82 v _342_/Q (sky130_fd_sc_hd__dfrtp_2)
                                         one_second_counter[12] (net)
                  0.08    0.00    0.83 v _180_/C (sky130_fd_sc_hd__and4_1)
     2    0.01    0.07    0.25    1.07 v _180_/X (sky130_fd_sc_hd__and4_1)
                                         _078_ (net)
                  0.07    0.00    1.07 v _181_/D (sky130_fd_sc_hd__or4_2)
     1    0.01    0.14    0.63    1.71 v _181_/X (sky130_fd_sc_hd__or4_2)
                                         _079_ (net)
                  0.14    0.00    1.71 v _184_/A3 (sky130_fd_sc_hd__o31a_1)
     1    0.01    0.09    0.34    2.05 v _184_/X (sky130_fd_sc_hd__o31a_1)
                                         _082_ (net)
                  0.09    0.00    2.05 v _186_/A2 (sky130_fd_sc_hd__o211ai_2)
     2    0.01    0.20    0.22    2.27 ^ _186_/Y (sky130_fd_sc_hd__o211ai_2)
                                         _084_ (net)
                  0.20    0.00    2.27 ^ _187_/A2 (sky130_fd_sc_hd__a21bo_2)
     9    0.03    0.19    0.29    2.56 ^ _187_/X (sky130_fd_sc_hd__a21bo_2)
                                         _085_ (net)
                  0.19    0.00    2.56 ^ _193_/B (sky130_fd_sc_hd__and3_1)
     1    0.01    0.07    0.21    2.77 ^ _193_/X (sky130_fd_sc_hd__and3_1)
                                         _089_ (net)
                  0.07    0.00    2.77 ^ _194_/A (sky130_fd_sc_hd__clkbuf_1)
     1    0.00    0.07    0.11    2.88 ^ _194_/X (sky130_fd_sc_hd__clkbuf_1)
                                         _011_ (net)
                  0.07    0.00    2.88 ^ _331_/D (sky130_fd_sc_hd__dfrtp_4)
                                  2.88   data arrival time

                         10.00   10.00   clock clk (rise edge)
                          0.00   10.00   clock source latency
     1    0.02    0.08    0.05   10.05 ^ clk (in)
                                         clk (net)
                  0.08    0.00   10.05 ^ clkbuf_0_clk/A (sky130_fd_sc_hd__clkbuf_16)
     4    0.04    0.06    0.15   10.20 ^ clkbuf_0_clk/X (sky130_fd_sc_hd__clkbuf_16)
                                         clknet_0_clk (net)
                  0.06    0.00   10.20 ^ clkbuf_2_2__f_clk/A (sky130_fd_sc_hd__clkbuf_16)
     7    0.03    0.05    0.14   10.33 ^ clkbuf_2_2__f_clk/X (sky130_fd_sc_hd__clkbuf_16)
                                         clknet_2_2__leaf_clk (net)
                  0.05    0.00   10.33 ^ _331_/CLK (sky130_fd_sc_hd__dfrtp_4)
                         -0.25   10.08   clock uncertainty
                          0.02   10.10   clock reconvergence pessimism
                         -0.07   10.04   library setup time
                                 10.04   data required time
-----------------------------------------------------------------------------
                                 10.04   data required time
                                 -2.88   data arrival time
-----------------------------------------------------------------------------
                                  7.16   slack (MET)


Startpoint: _342_ (rising edge-triggered flip-flop clocked by clk)
Endpoint: _355_ (rising edge-triggered flip-flop clocked by clk)
Path Group: clk
Path Type: max

Fanout     Cap    Slew   Delay    Time   Description
-----------------------------------------------------------------------------
                          0.00    0.00   clock clk (rise edge)
                          0.00    0.00   clock source latency
     1    0.02    0.08    0.06    0.06 ^ clk (in)
                                         clk (net)
                  0.08    0.00    0.06 ^ clkbuf_0_clk/A (sky130_fd_sc_hd__clkbuf_16)
     4    0.04    0.06    0.16    0.22 ^ clkbuf_0_clk/X (sky130_fd_sc_hd__clkbuf_16)
                                         clknet_0_clk (net)
                  0.06    0.00    0.22 ^ clkbuf_2_1__f_clk/A (sky130_fd_sc_hd__clkbuf_16)
    11    0.03    0.05    0.15    0.37 ^ clkbuf_2_1__f_clk/X (sky130_fd_sc_hd__clkbuf_16)
                                         clknet_2_1__leaf_clk (net)
                  0.05    0.00    0.37 ^ _342_/CLK (sky130_fd_sc_hd__dfrtp_2)
     5    0.02    0.08    0.46    0.82 v _342_/Q (sky130_fd_sc_hd__dfrtp_2)
                                         one_second_counter[12] (net)
                  0.08    0.00    0.83 v _180_/C (sky130_fd_sc_hd__and4_1)
     2    0.01    0.07    0.25    1.07 v _180_/X (sky130_fd_sc_hd__and4_1)
                                         _078_ (net)
                  0.07    0.00    1.07 v _181_/D (sky130_fd_sc_hd__or4_2)
     1    0.01    0.14    0.63    1.71 v _181_/X (sky130_fd_sc_hd__or4_2)
                                         _079_ (net)
                  0.14    0.00    1.71 v _184_/A3 (sky130_fd_sc_hd__o31a_1)
     1    0.01    0.09    0.34    2.05 v _184_/X (sky130_fd_sc_hd__o31a_1)
                                         _082_ (net)
                  0.09    0.00    2.05 v _186_/A2 (sky130_fd_sc_hd__o211ai_2)
     2    0.01    0.20    0.22    2.27 ^ _186_/Y (sky130_fd_sc_hd__o211ai_2)
                                         _084_ (net)
                  0.20    0.00    2.27 ^ _187_/A2 (sky130_fd_sc_hd__a21bo_2)
     9    0.03    0.19    0.29    2.56 ^ _187_/X (sky130_fd_sc_hd__a21bo_2)
                                         _085_ (net)
                  0.19    0.00    2.56 ^ _281_/A (sky130_fd_sc_hd__and3_1)
     1    0.01    0.08    0.21    2.77 ^ _281_/X (sky130_fd_sc_hd__and3_1)
                                         _153_ (net)
                  0.08    0.00    2.77 ^ _282_/A (sky130_fd_sc_hd__clkbuf_1)
     1    0.00    0.07    0.11    2.89 ^ _282_/X (sky130_fd_sc_hd__clkbuf_1)
                                         _017_ (net)
                  0.07    0.00    2.89 ^ _355_/D (sky130_fd_sc_hd__dfrtp_4)
                                  2.89   data arrival time

                         10.00   10.00   clock clk (rise edge)
                          0.00   10.00   clock source latency
     1    0.02    0.08    0.05   10.05 ^ clk (in)
                                         clk (net)
                  0.08    0.00   10.05 ^ clkbuf_0_clk/A (sky130_fd_sc_hd__clkbuf_16)
     4    0.04    0.06    0.15   10.20 ^ clkbuf_0_clk/X (sky130_fd_sc_hd__clkbuf_16)
                                         clknet_0_clk (net)
                  0.06    0.00   10.20 ^ clkbuf_2_1__f_clk/A (sky130_fd_sc_hd__clkbuf_16)
    11    0.03    0.05    0.13   10.33 ^ clkbuf_2_1__f_clk/X (sky130_fd_sc_hd__clkbuf_16)
                                         clknet_2_1__leaf_clk (net)
                  0.05    0.00   10.33 ^ _355_/CLK (sky130_fd_sc_hd__dfrtp_4)
                         -0.25   10.08   clock uncertainty
                          0.03   10.12   clock reconvergence pessimism
                         -0.07   10.05   library setup time
                                 10.05   data required time
-----------------------------------------------------------------------------
                                 10.05   data required time
                                 -2.89   data arrival time
-----------------------------------------------------------------------------
                                  7.16   slack (MET)


Startpoint: rst (input port clocked by clk)
Endpoint: _340_ (recovery check against rising-edge clock clk)
Path Group: asynchronous
Path Type: max

Fanout     Cap    Slew   Delay    Time   Description
-----------------------------------------------------------------------------
                          0.00    0.00   clock clk (rise edge)
                          0.00    0.00   clock network delay (propagated)
                          2.00    2.00 v input external delay
     1    0.00    0.01    0.00    2.00 v rst (in)
                                         rst (net)
                  0.01    0.00    2.00 v input1/A (sky130_fd_sc_hd__clkbuf_4)
     5    0.04    0.09    0.19    2.19 v input1/X (sky130_fd_sc_hd__clkbuf_4)
                                         net1 (net)
                  0.09    0.00    2.19 v _306_/A (sky130_fd_sc_hd__clkbuf_8)
    10    0.06    0.08    0.21    2.41 v _306_/X (sky130_fd_sc_hd__clkbuf_8)
                                         _160_ (net)
                  0.08    0.01    2.41 v _307_/A (sky130_fd_sc_hd__inv_2)
     1    0.02    0.08    0.10    2.51 ^ _307_/Y (sky130_fd_sc_hd__inv_2)
                                         _038_ (net)
                  0.08    0.00    2.52 ^ _340_/RESET_B (sky130_fd_sc_hd__dfrtp_4)
                                  2.52   data arrival time

                         10.00   10.00   clock clk (rise edge)
                          0.00   10.00   clock source latency
     1    0.02    0.08    0.05   10.05 ^ clk (in)
                                         clk (net)
                  0.08    0.00   10.05 ^ clkbuf_0_clk/A (sky130_fd_sc_hd__clkbuf_16)
     4    0.04    0.06    0.15   10.20 ^ clkbuf_0_clk/X (sky130_fd_sc_hd__clkbuf_16)
                                         clknet_0_clk (net)
                  0.06    0.00   10.20 ^ clkbuf_2_0__f_clk/A (sky130_fd_sc_hd__clkbuf_16)
     9    0.03    0.05    0.13   10.33 ^ clkbuf_2_0__f_clk/X (sky130_fd_sc_hd__clkbuf_16)
                                         clknet_2_0__leaf_clk (net)
                  0.05    0.00   10.33 ^ _340_/CLK (sky130_fd_sc_hd__dfrtp_4)
                         -0.25   10.08   clock uncertainty
                          0.00   10.08   clock reconvergence pessimism
                          0.21   10.29   library recovery time
                                 10.29   data required time
-----------------------------------------------------------------------------
                                 10.29   data required time
                                 -2.52   data arrival time
-----------------------------------------------------------------------------
                                  7.78   slack (MET)


Startpoint: rst (input port clocked by clk)
Endpoint: _338_ (recovery check against rising-edge clock clk)
Path Group: asynchronous
Path Type: max

Fanout     Cap    Slew   Delay    Time   Description
-----------------------------------------------------------------------------
                          0.00    0.00   clock clk (rise edge)
                          0.00    0.00   clock network delay (propagated)
                          2.00    2.00 v input external delay
     1    0.00    0.01    0.00    2.00 v rst (in)
                                         rst (net)
                  0.01    0.00    2.00 v input1/A (sky130_fd_sc_hd__clkbuf_4)
     5    0.04    0.09    0.19    2.19 v input1/X (sky130_fd_sc_hd__clkbuf_4)
                                         net1 (net)
                  0.09    0.00    2.19 v _295_/A (sky130_fd_sc_hd__buf_4)
    10    0.06    0.08    0.23    2.42 v _295_/X (sky130_fd_sc_hd__buf_4)
                                         _159_ (net)
                  0.08    0.00    2.42 v _304_/A (sky130_fd_sc_hd__inv_2)
     1    0.01    0.07    0.09    2.52 ^ _304_/Y (sky130_fd_sc_hd__inv_2)
                                         _036_ (net)
                  0.07    0.00    2.52 ^ _338_/RESET_B (sky130_fd_sc_hd__dfrtp_4)
                                  2.52   data arrival time

                         10.00   10.00   clock clk (rise edge)
                          0.00   10.00   clock source latency
     1    0.02    0.08    0.05   10.05 ^ clk (in)
                                         clk (net)
                  0.08    0.00   10.05 ^ clkbuf_0_clk/A (sky130_fd_sc_hd__clkbuf_16)
     4    0.04    0.06    0.15   10.20 ^ clkbuf_0_clk/X (sky130_fd_sc_hd__clkbuf_16)
                                         clknet_0_clk (net)
                  0.06    0.00   10.20 ^ clkbuf_2_3__f_clk/A (sky130_fd_sc_hd__clkbuf_16)
     8    0.03    0.05    0.13   10.33 ^ clkbuf_2_3__f_clk/X (sky130_fd_sc_hd__clkbuf_16)
                                         clknet_2_3__leaf_clk (net)
                  0.05    0.00   10.33 ^ _338_/CLK (sky130_fd_sc_hd__dfrtp_4)
                         -0.25   10.08   clock uncertainty
                          0.00   10.08   clock reconvergence pessimism
                          0.21   10.29   library recovery time
                                 10.29   data required time
-----------------------------------------------------------------------------
                                 10.29   data required time
                                 -2.52   data arrival time
-----------------------------------------------------------------------------
                                  7.78   slack (MET)


Startpoint: rst (input port clocked by clk)
Endpoint: _330_ (recovery check against rising-edge clock clk)
Path Group: asynchronous
Path Type: max

Fanout     Cap    Slew   Delay    Time   Description
-----------------------------------------------------------------------------
                          0.00    0.00   clock clk (rise edge)
                          0.00    0.00   clock network delay (propagated)
                          2.00    2.00 v input external delay
     1    0.00    0.01    0.00    2.00 v rst (in)
                                         rst (net)
                  0.01    0.00    2.00 v input1/A (sky130_fd_sc_hd__clkbuf_4)
     5    0.04    0.09    0.19    2.19 v input1/X (sky130_fd_sc_hd__clkbuf_4)
                                         net1 (net)
                  0.09    0.00    2.19 v _295_/A (sky130_fd_sc_hd__buf_4)
    10    0.06    0.08    0.23    2.42 v _295_/X (sky130_fd_sc_hd__buf_4)
                                         _159_ (net)
                  0.08    0.00    2.42 v _296_/A (sky130_fd_sc_hd__inv_2)
     1    0.01    0.06    0.09    2.51 ^ _296_/Y (sky130_fd_sc_hd__inv_2)
                                         _028_ (net)
                  0.06    0.00    2.51 ^ _330_/RESET_B (sky130_fd_sc_hd__dfrtp_4)
                                  2.51   data arrival time

                         10.00   10.00   clock clk (rise edge)
                          0.00   10.00   clock source latency
     1    0.02    0.08    0.05   10.05 ^ clk (in)
                                         clk (net)
                  0.08    0.00   10.05 ^ clkbuf_0_clk/A (sky130_fd_sc_hd__clkbuf_16)
     4    0.04    0.06    0.15   10.20 ^ clkbuf_0_clk/X (sky130_fd_sc_hd__clkbuf_16)
                                         clknet_0_clk (net)
                  0.06    0.00   10.20 ^ clkbuf_2_1__f_clk/A (sky130_fd_sc_hd__clkbuf_16)
    11    0.03    0.05    0.13   10.33 ^ clkbuf_2_1__f_clk/X (sky130_fd_sc_hd__clkbuf_16)
                                         clknet_2_1__leaf_clk (net)
                  0.05    0.00   10.33 ^ _330_/CLK (sky130_fd_sc_hd__dfrtp_4)
                         -0.25   10.08   clock uncertainty
                          0.00   10.08   clock reconvergence pessimism
                          0.21   10.29   library recovery time
                                 10.29   data required time
-----------------------------------------------------------------------------
                                 10.29   data required time
                                 -2.51   data arrival time
-----------------------------------------------------------------------------
                                  7.78   slack (MET)


Startpoint: rst (input port clocked by clk)
Endpoint: _332_ (recovery check against rising-edge clock clk)
Path Group: asynchronous
Path Type: max

Fanout     Cap    Slew   Delay    Time   Description
-----------------------------------------------------------------------------
                          0.00    0.00   clock clk (rise edge)
                          0.00    0.00   clock network delay (propagated)
                          2.00    2.00 v input external delay
     1    0.00    0.01    0.00    2.00 v rst (in)
                                         rst (net)
                  0.01    0.00    2.00 v input1/A (sky130_fd_sc_hd__clkbuf_4)
     5    0.04    0.09    0.19    2.19 v input1/X (sky130_fd_sc_hd__clkbuf_4)
                                         net1 (net)
                  0.09    0.00    2.19 v _295_/A (sky130_fd_sc_hd__buf_4)
    10    0.06    0.08    0.23    2.42 v _295_/X (sky130_fd_sc_hd__buf_4)
                                         _159_ (net)
                  0.08    0.00    2.42 v _298_/A (sky130_fd_sc_hd__inv_2)
     1    0.01    0.06    0.09    2.51 ^ _298_/Y (sky130_fd_sc_hd__inv_2)
                                         _030_ (net)
                  0.06    0.00    2.51 ^ _332_/RESET_B (sky130_fd_sc_hd__dfrtp_4)
                                  2.51   data arrival time

                         10.00   10.00   clock clk (rise edge)
                          0.00   10.00   clock source latency
     1    0.02    0.08    0.05   10.05 ^ clk (in)
                                         clk (net)
                  0.08    0.00   10.05 ^ clkbuf_0_clk/A (sky130_fd_sc_hd__clkbuf_16)
     4    0.04    0.06    0.15   10.20 ^ clkbuf_0_clk/X (sky130_fd_sc_hd__clkbuf_16)
                                         clknet_0_clk (net)
                  0.06    0.00   10.20 ^ clkbuf_2_1__f_clk/A (sky130_fd_sc_hd__clkbuf_16)
    11    0.03    0.05    0.13   10.33 ^ clkbuf_2_1__f_clk/X (sky130_fd_sc_hd__clkbuf_16)
                                         clknet_2_1__leaf_clk (net)
                  0.05    0.00   10.33 ^ _332_/CLK (sky130_fd_sc_hd__dfrtp_4)
                         -0.25   10.08   clock uncertainty
                          0.00   10.08   clock reconvergence pessimism
                          0.21   10.30   library recovery time
                                 10.30   data required time
-----------------------------------------------------------------------------
                                 10.30   data required time
                                 -2.51   data arrival time
-----------------------------------------------------------------------------
                                  7.78   slack (MET)


Startpoint: rst (input port clocked by clk)
Endpoint: _336_ (recovery check against rising-edge clock clk)
Path Group: asynchronous
Path Type: max

Fanout     Cap    Slew   Delay    Time   Description
-----------------------------------------------------------------------------
                          0.00    0.00   clock clk (rise edge)
                          0.00    0.00   clock network delay (propagated)
                          2.00    2.00 v input external delay
     1    0.00    0.01    0.00    2.00 v rst (in)
                                         rst (net)
                  0.01    0.00    2.00 v input1/A (sky130_fd_sc_hd__clkbuf_4)
     5    0.04    0.09    0.19    2.19 v input1/X (sky130_fd_sc_hd__clkbuf_4)
                                         net1 (net)
                  0.09    0.00    2.19 v _295_/A (sky130_fd_sc_hd__buf_4)
    10    0.06    0.08    0.23    2.42 v _295_/X (sky130_fd_sc_hd__buf_4)
                                         _159_ (net)
                  0.08    0.00    2.42 v _302_/A (sky130_fd_sc_hd__inv_2)
     1    0.01    0.06    0.09    2.51 ^ _302_/Y (sky130_fd_sc_hd__inv_2)
                                         _034_ (net)
                  0.06    0.00    2.51 ^ _336_/RESET_B (sky130_fd_sc_hd__dfrtp_2)
                                  2.51   data arrival time

                         10.00   10.00   clock clk (rise edge)
                          0.00   10.00   clock source latency
     1    0.02    0.08    0.05   10.05 ^ clk (in)
                                         clk (net)
                  0.08    0.00   10.05 ^ clkbuf_0_clk/A (sky130_fd_sc_hd__clkbuf_16)
     4    0.04    0.06    0.15   10.20 ^ clkbuf_0_clk/X (sky130_fd_sc_hd__clkbuf_16)
                                         clknet_0_clk (net)
                  0.06    0.00   10.20 ^ clkbuf_2_1__f_clk/A (sky130_fd_sc_hd__clkbuf_16)
    11    0.03    0.05    0.13   10.33 ^ clkbuf_2_1__f_clk/X (sky130_fd_sc_hd__clkbuf_16)
                                         clknet_2_1__leaf_clk (net)
                  0.05    0.00   10.33 ^ _336_/CLK (sky130_fd_sc_hd__dfrtp_2)
                         -0.25   10.08   clock uncertainty
                          0.00   10.08   clock reconvergence pessimism
                          0.22   10.30   library recovery time
                                 10.30   data required time
-----------------------------------------------------------------------------
                                 10.30   data required time
                                 -2.51   data arrival time
-----------------------------------------------------------------------------
                                  7.79   slack (MET)


Startpoint: rst (input port clocked by clk)
Endpoint: _339_ (recovery check against rising-edge clock clk)
Path Group: asynchronous
Path Type: max

Fanout     Cap    Slew   Delay    Time   Description
-----------------------------------------------------------------------------
                          0.00    0.00   clock clk (rise edge)
                          0.00    0.00   clock network delay (propagated)
                          2.00    2.00 v input external delay
     1    0.00    0.01    0.00    2.00 v rst (in)
                                         rst (net)
                  0.01    0.00    2.00 v input1/A (sky130_fd_sc_hd__clkbuf_4)
     5    0.04    0.09    0.19    2.19 v input1/X (sky130_fd_sc_hd__clkbuf_4)
                                         net1 (net)
                  0.09    0.00    2.19 v _295_/A (sky130_fd_sc_hd__buf_4)
    10    0.06    0.08    0.23    2.42 v _295_/X (sky130_fd_sc_hd__buf_4)
                                         _159_ (net)
                  0.08    0.00    2.42 v _305_/A (sky130_fd_sc_hd__inv_2)
     1    0.01    0.06    0.09    2.51 ^ _305_/Y (sky130_fd_sc_hd__inv_2)
                                         _037_ (net)
                  0.06    0.00    2.51 ^ _339_/RESET_B (sky130_fd_sc_hd__dfrtp_2)
                                  2.51   data arrival time

                         10.00   10.00   clock clk (rise edge)
                          0.00   10.00   clock source latency
     1    0.02    0.08    0.05   10.05 ^ clk (in)
                                         clk (net)
                  0.08    0.00   10.05 ^ clkbuf_0_clk/A (sky130_fd_sc_hd__clkbuf_16)
     4    0.04    0.06    0.15   10.20 ^ clkbuf_0_clk/X (sky130_fd_sc_hd__clkbuf_16)
                                         clknet_0_clk (net)
                  0.06    0.00   10.20 ^ clkbuf_2_0__f_clk/A (sky130_fd_sc_hd__clkbuf_16)
     9    0.03    0.05    0.13   10.33 ^ clkbuf_2_0__f_clk/X (sky130_fd_sc_hd__clkbuf_16)
                                         clknet_2_0__leaf_clk (net)
                  0.05    0.00   10.33 ^ _339_/CLK (sky130_fd_sc_hd__dfrtp_2)
                         -0.25   10.08   clock uncertainty
                          0.00   10.08   clock reconvergence pessimism
                          0.22   10.30   library recovery time
                                 10.30   data required time
-----------------------------------------------------------------------------
                                 10.30   data required time
                                 -2.51   data arrival time
-----------------------------------------------------------------------------
                                  7.79   slack (MET)


Startpoint: rst (input port clocked by clk)
Endpoint: _348_ (recovery check against rising-edge clock clk)
Path Group: asynchronous
Path Type: max

Fanout     Cap    Slew   Delay    Time   Description
-----------------------------------------------------------------------------
                          0.00    0.00   clock clk (rise edge)
                          0.00    0.00   clock network delay (propagated)
                          2.00    2.00 v input external delay
     1    0.00    0.01    0.00    2.00 v rst (in)
                                         rst (net)
                  0.01    0.00    2.00 v input1/A (sky130_fd_sc_hd__clkbuf_4)
     5    0.04    0.09    0.19    2.19 v input1/X (sky130_fd_sc_hd__clkbuf_4)
                                         net1 (net)
                  0.09    0.00    2.19 v _306_/A (sky130_fd_sc_hd__clkbuf_8)
    10    0.06    0.08    0.21    2.41 v _306_/X (sky130_fd_sc_hd__clkbuf_8)
                                         _160_ (net)
                  0.08    0.01    2.41 v _315_/A (sky130_fd_sc_hd__inv_2)
     1    0.01    0.07    0.09    2.50 ^ _315_/Y (sky130_fd_sc_hd__inv_2)
                                         _046_ (net)
                  0.07    0.00    2.50 ^ _348_/RESET_B (sky130_fd_sc_hd__dfrtp_4)
                                  2.50   data arrival time

                         10.00   10.00   clock clk (rise edge)
                          0.00   10.00   clock source latency
     1    0.02    0.08    0.05   10.05 ^ clk (in)
                                         clk (net)
                  0.08    0.00   10.05 ^ clkbuf_0_clk/A (sky130_fd_sc_hd__clkbuf_16)
     4    0.04    0.06    0.15   10.20 ^ clkbuf_0_clk/X (sky130_fd_sc_hd__clkbuf_16)
                                         clknet_0_clk (net)
                  0.06    0.00   10.20 ^ clkbuf_2_0__f_clk/A (sky130_fd_sc_hd__clkbuf_16)
     9    0.03    0.05    0.13   10.33 ^ clkbuf_2_0__f_clk/X (sky130_fd_sc_hd__clkbuf_16)
                                         clknet_2_0__leaf_clk (net)
                  0.05    0.00   10.33 ^ _348_/CLK (sky130_fd_sc_hd__dfrtp_4)
                         -0.25   10.08   clock uncertainty
                          0.00   10.08   clock reconvergence pessimism
                          0.21   10.30   library recovery time
                                 10.30   data required time
-----------------------------------------------------------------------------
                                 10.30   data required time
                                 -2.50   data arrival time
-----------------------------------------------------------------------------
                                  7.79   slack (MET)


Startpoint: rst (input port clocked by clk)
Endpoint: _350_ (recovery check against rising-edge clock clk)
Path Group: asynchronous
Path Type: max

Fanout     Cap    Slew   Delay    Time   Description
-----------------------------------------------------------------------------
                          0.00    0.00   clock clk (rise edge)
                          0.00    0.00   clock network delay (propagated)
                          2.00    2.00 v input external delay
     1    0.00    0.01    0.00    2.00 v rst (in)
                                         rst (net)
                  0.01    0.00    2.00 v input1/A (sky130_fd_sc_hd__clkbuf_4)
     5    0.04    0.09    0.19    2.19 v input1/X (sky130_fd_sc_hd__clkbuf_4)
                                         net1 (net)
                  0.09    0.00    2.19 v _317_/A (sky130_fd_sc_hd__clkbuf_8)
    10    0.06    0.08    0.21    2.41 v _317_/X (sky130_fd_sc_hd__clkbuf_8)
                                         _161_ (net)
                  0.08    0.00    2.41 v _318_/A (sky130_fd_sc_hd__inv_2)
     1    0.01    0.06    0.09    2.50 ^ _318_/Y (sky130_fd_sc_hd__inv_2)
                                         _048_ (net)
                  0.06    0.00    2.50 ^ _350_/RESET_B (sky130_fd_sc_hd__dfrtp_2)
                                  2.50   data arrival time

                         10.00   10.00   clock clk (rise edge)
                          0.00   10.00   clock source latency
     1    0.02    0.08    0.05   10.05 ^ clk (in)
                                         clk (net)
                  0.08    0.00   10.05 ^ clkbuf_0_clk/A (sky130_fd_sc_hd__clkbuf_16)
     4    0.04    0.06    0.15   10.20 ^ clkbuf_0_clk/X (sky130_fd_sc_hd__clkbuf_16)
                                         clknet_0_clk (net)
                  0.06    0.00   10.20 ^ clkbuf_2_3__f_clk/A (sky130_fd_sc_hd__clkbuf_16)
     8    0.03    0.05    0.13   10.33 ^ clkbuf_2_3__f_clk/X (sky130_fd_sc_hd__clkbuf_16)
                                         clknet_2_3__leaf_clk (net)
                  0.05    0.00   10.33 ^ _350_/CLK (sky130_fd_sc_hd__dfrtp_2)
                         -0.25   10.08   clock uncertainty
                          0.00   10.08   clock reconvergence pessimism
                          0.22   10.30   library recovery time
                                 10.30   data required time
-----------------------------------------------------------------------------
                                 10.30   data required time
                                 -2.50   data arrival time
-----------------------------------------------------------------------------
                                  7.80   slack (MET)


Startpoint: rst (input port clocked by clk)
Endpoint: _347_ (recovery check against rising-edge clock clk)
Path Group: asynchronous
Path Type: max

Fanout     Cap    Slew   Delay    Time   Description
-----------------------------------------------------------------------------
                          0.00    0.00   clock clk (rise edge)
                          0.00    0.00   clock network delay (propagated)
                          2.00    2.00 v input external delay
     1    0.00    0.01    0.00    2.00 v rst (in)
                                         rst (net)
                  0.01    0.00    2.00 v input1/A (sky130_fd_sc_hd__clkbuf_4)
     5    0.04    0.09    0.19    2.19 v input1/X (sky130_fd_sc_hd__clkbuf_4)
                                         net1 (net)
                  0.09    0.00    2.19 v _306_/A (sky130_fd_sc_hd__clkbuf_8)
    10    0.06    0.08    0.21    2.41 v _306_/X (sky130_fd_sc_hd__clkbuf_8)
                                         _160_ (net)
                  0.08    0.00    2.41 v _314_/A (sky130_fd_sc_hd__inv_2)
     1    0.01    0.06    0.08    2.49 ^ _314_/Y (sky130_fd_sc_hd__inv_2)
                                         _045_ (net)
                  0.06    0.00    2.49 ^ _347_/RESET_B (sky130_fd_sc_hd__dfrtp_4)
                                  2.49   data arrival time

                         10.00   10.00   clock clk (rise edge)
                          0.00   10.00   clock source latency
     1    0.02    0.08    0.05   10.05 ^ clk (in)
                                         clk (net)
                  0.08    0.00   10.05 ^ clkbuf_0_clk/A (sky130_fd_sc_hd__clkbuf_16)
     4    0.04    0.06    0.15   10.20 ^ clkbuf_0_clk/X (sky130_fd_sc_hd__clkbuf_16)
                                         clknet_0_clk (net)
                  0.06    0.00   10.20 ^ clkbuf_2_1__f_clk/A (sky130_fd_sc_hd__clkbuf_16)
    11    0.03    0.05    0.13   10.33 ^ clkbuf_2_1__f_clk/X (sky130_fd_sc_hd__clkbuf_16)
                                         clknet_2_1__leaf_clk (net)
                  0.05    0.00   10.33 ^ _347_/CLK (sky130_fd_sc_hd__dfrtp_4)
                         -0.25   10.08   clock uncertainty
                          0.00   10.08   clock reconvergence pessimism
                          0.21   10.30   library recovery time
                                 10.30   data required time
-----------------------------------------------------------------------------
                                 10.30   data required time
                                 -2.49   data arrival time
-----------------------------------------------------------------------------
                                  7.80   slack (MET)


Startpoint: rst (input port clocked by clk)
Endpoint: _354_ (recovery check against rising-edge clock clk)
Path Group: asynchronous
Path Type: max

Fanout     Cap    Slew   Delay    Time   Description
-----------------------------------------------------------------------------
                          0.00    0.00   clock clk (rise edge)
                          0.00    0.00   clock network delay (propagated)
                          2.00    2.00 v input external delay
     1    0.00    0.01    0.00    2.00 v rst (in)
                                         rst (net)
                  0.01    0.00    2.00 v input1/A (sky130_fd_sc_hd__clkbuf_4)
     5    0.04    0.09    0.19    2.19 v input1/X (sky130_fd_sc_hd__clkbuf_4)
                                         net1 (net)
                  0.09    0.00    2.19 v _317_/A (sky130_fd_sc_hd__clkbuf_8)
    10    0.06    0.08    0.21    2.41 v _317_/X (sky130_fd_sc_hd__clkbuf_8)
                                         _161_ (net)
                  0.08    0.00    2.41 v _322_/A (sky130_fd_sc_hd__inv_2)
     1    0.01    0.06    0.08    2.49 ^ _322_/Y (sky130_fd_sc_hd__inv_2)
                                         _052_ (net)
                  0.06    0.00    2.49 ^ _354_/RESET_B (sky130_fd_sc_hd__dfrtp_4)
                                  2.49   data arrival time

                         10.00   10.00   clock clk (rise edge)
                          0.00   10.00   clock source latency
     1    0.02    0.08    0.05   10.05 ^ clk (in)
                                         clk (net)
                  0.08    0.00   10.05 ^ clkbuf_0_clk/A (sky130_fd_sc_hd__clkbuf_16)
     4    0.04    0.06    0.15   10.20 ^ clkbuf_0_clk/X (sky130_fd_sc_hd__clkbuf_16)
                                         clknet_0_clk (net)
                  0.06    0.00   10.20 ^ clkbuf_2_3__f_clk/A (sky130_fd_sc_hd__clkbuf_16)
     8    0.03    0.05    0.13   10.33 ^ clkbuf_2_3__f_clk/X (sky130_fd_sc_hd__clkbuf_16)
                                         clknet_2_3__leaf_clk (net)
                  0.05    0.00   10.33 ^ _354_/CLK (sky130_fd_sc_hd__dfrtp_4)
                         -0.25   10.08   clock uncertainty
                          0.00   10.08   clock reconvergence pessimism
                          0.22   10.30   library recovery time
                                 10.30   data required time
-----------------------------------------------------------------------------
                                 10.30   data required time
                                 -2.49   data arrival time
-----------------------------------------------------------------------------
                                  7.80   slack (MET)


Startpoint: rst (input port clocked by clk)
Endpoint: _337_ (recovery check against rising-edge clock clk)
Path Group: asynchronous
Path Type: max

Fanout     Cap    Slew   Delay    Time   Description
-----------------------------------------------------------------------------
                          0.00    0.00   clock clk (rise edge)
                          0.00    0.00   clock network delay (propagated)
                          2.00    2.00 v input external delay
     1    0.00    0.01    0.00    2.00 v rst (in)
                                         rst (net)
                  0.01    0.00    2.00 v input1/A (sky130_fd_sc_hd__clkbuf_4)
     5    0.04    0.09    0.19    2.19 v input1/X (sky130_fd_sc_hd__clkbuf_4)
                                         net1 (net)
                  0.09    0.00    2.19 v _295_/A (sky130_fd_sc_hd__buf_4)
    10    0.06    0.08    0.23    2.42 v _295_/X (sky130_fd_sc_hd__buf_4)
                                         _159_ (net)
                  0.08    0.00    2.42 v _303_/A (sky130_fd_sc_hd__inv_2)
     1    0.01    0.05    0.08    2.50 ^ _303_/Y (sky130_fd_sc_hd__inv_2)
                                         _035_ (net)
                  0.05    0.00    2.50 ^ _337_/RESET_B (sky130_fd_sc_hd__dfrtp_2)
                                  2.50   data arrival time

                         10.00   10.00   clock clk (rise edge)
                          0.00   10.00   clock source latency
     1    0.02    0.08    0.05   10.05 ^ clk (in)
                                         clk (net)
                  0.08    0.00   10.05 ^ clkbuf_0_clk/A (sky130_fd_sc_hd__clkbuf_16)
     4    0.04    0.06    0.15   10.20 ^ clkbuf_0_clk/X (sky130_fd_sc_hd__clkbuf_16)
                                         clknet_0_clk (net)
                  0.06    0.00   10.20 ^ clkbuf_2_1__f_clk/A (sky130_fd_sc_hd__clkbuf_16)
    11    0.03    0.05    0.13   10.33 ^ clkbuf_2_1__f_clk/X (sky130_fd_sc_hd__clkbuf_16)
                                         clknet_2_1__leaf_clk (net)
                  0.05    0.00   10.33 ^ _337_/CLK (sky130_fd_sc_hd__dfrtp_2)
                         -0.25   10.08   clock uncertainty
                          0.00   10.08   clock reconvergence pessimism
                          0.22   10.30   library recovery time
                                 10.30   data required time
-----------------------------------------------------------------------------
                                 10.30   data required time
                                 -2.50   data arrival time
-----------------------------------------------------------------------------
                                  7.80   slack (MET)


Startpoint: rst (input port clocked by clk)
Endpoint: _358_ (recovery check against rising-edge clock clk)
Path Group: asynchronous
Path Type: max

Fanout     Cap    Slew   Delay    Time   Description
-----------------------------------------------------------------------------
                          0.00    0.00   clock clk (rise edge)
                          0.00    0.00   clock network delay (propagated)
                          2.00    2.00 v input external delay
     1    0.00    0.01    0.00    2.00 v rst (in)
                                         rst (net)
                  0.01    0.00    2.00 v input1/A (sky130_fd_sc_hd__clkbuf_4)
     5    0.04    0.09    0.19    2.19 v input1/X (sky130_fd_sc_hd__clkbuf_4)
                                         net1 (net)
                  0.09    0.00    2.19 v _317_/A (sky130_fd_sc_hd__clkbuf_8)
    10    0.06    0.08    0.21    2.41 v _317_/X (sky130_fd_sc_hd__clkbuf_8)
                                         _161_ (net)
                  0.08    0.00    2.41 v _326_/A (sky130_fd_sc_hd__inv_2)
     1    0.01    0.06    0.08    2.49 ^ _326_/Y (sky130_fd_sc_hd__inv_2)
                                         _056_ (net)
                  0.06    0.00    2.49 ^ _358_/RESET_B (sky130_fd_sc_hd__dfrtp_4)
                                  2.49   data arrival time

                         10.00   10.00   clock clk (rise edge)
                          0.00   10.00   clock source latency
     1    0.02    0.08    0.05   10.05 ^ clk (in)
                                         clk (net)
                  0.08    0.00   10.05 ^ clkbuf_0_clk/A (sky130_fd_sc_hd__clkbuf_16)
     4    0.04    0.06    0.15   10.20 ^ clkbuf_0_clk/X (sky130_fd_sc_hd__clkbuf_16)
                                         clknet_0_clk (net)
                  0.06    0.00   10.20 ^ clkbuf_2_2__f_clk/A (sky130_fd_sc_hd__clkbuf_16)
     7    0.03    0.05    0.14   10.33 ^ clkbuf_2_2__f_clk/X (sky130_fd_sc_hd__clkbuf_16)
                                         clknet_2_2__leaf_clk (net)
                  0.05    0.00   10.33 ^ _358_/CLK (sky130_fd_sc_hd__dfrtp_4)
                         -0.25   10.08   clock uncertainty
                          0.00   10.08   clock reconvergence pessimism
                          0.22   10.30   library recovery time
                                 10.30   data required time
-----------------------------------------------------------------------------
                                 10.30   data required time
                                 -2.49   data arrival time
-----------------------------------------------------------------------------
                                  7.81   slack (MET)


Startpoint: rst (input port clocked by clk)
Endpoint: _356_ (recovery check against rising-edge clock clk)
Path Group: asynchronous
Path Type: max

Fanout     Cap    Slew   Delay    Time   Description
-----------------------------------------------------------------------------
                          0.00    0.00   clock clk (rise edge)
                          0.00    0.00   clock network delay (propagated)
                          2.00    2.00 v input external delay
     1    0.00    0.01    0.00    2.00 v rst (in)
                                         rst (net)
                  0.01    0.00    2.00 v input1/A (sky130_fd_sc_hd__clkbuf_4)
     5    0.04    0.09    0.19    2.19 v input1/X (sky130_fd_sc_hd__clkbuf_4)
                                         net1 (net)
                  0.09    0.00    2.19 v _317_/A (sky130_fd_sc_hd__clkbuf_8)
    10    0.06    0.08    0.21    2.41 v _317_/X (sky130_fd_sc_hd__clkbuf_8)
                                         _161_ (net)
                  0.08    0.00    2.41 v _324_/A (sky130_fd_sc_hd__inv_2)
     1    0.01    0.07    0.09    2.50 ^ _324_/Y (sky130_fd_sc_hd__inv_2)
                                         _054_ (net)
                  0.07    0.00    2.50 ^ _356_/RESET_B (sky130_fd_sc_hd__dfrtp_1)
                                  2.50   data arrival time

                         10.00   10.00   clock clk (rise edge)
                          0.00   10.00   clock source latency
     1    0.02    0.08    0.05   10.05 ^ clk (in)
                                         clk (net)
                  0.08    0.00   10.05 ^ clkbuf_0_clk/A (sky130_fd_sc_hd__clkbuf_16)
     4    0.04    0.06    0.15   10.20 ^ clkbuf_0_clk/X (sky130_fd_sc_hd__clkbuf_16)
                                         clknet_0_clk (net)
                  0.06    0.00   10.20 ^ clkbuf_2_1__f_clk/A (sky130_fd_sc_hd__clkbuf_16)
    11    0.03    0.05    0.13   10.33 ^ clkbuf_2_1__f_clk/X (sky130_fd_sc_hd__clkbuf_16)
                                         clknet_2_1__leaf_clk (net)
                  0.05    0.00   10.33 ^ _356_/CLK (sky130_fd_sc_hd__dfrtp_1)
                         -0.25   10.08   clock uncertainty
                          0.00   10.08   clock reconvergence pessimism
                          0.23   10.31   library recovery time
                                 10.31   data required time
-----------------------------------------------------------------------------
                                 10.31   data required time
                                 -2.50   data arrival time
-----------------------------------------------------------------------------
                                  7.81   slack (MET)


Startpoint: rst (input port clocked by clk)
Endpoint: _334_ (recovery check against rising-edge clock clk)
Path Group: asynchronous
Path Type: max

Fanout     Cap    Slew   Delay    Time   Description
-----------------------------------------------------------------------------
                          0.00    0.00   clock clk (rise edge)
                          0.00    0.00   clock network delay (propagated)
                          2.00    2.00 v input external delay
     1    0.00    0.01    0.00    2.00 v rst (in)
                                         rst (net)
                  0.01    0.00    2.00 v input1/A (sky130_fd_sc_hd__clkbuf_4)
     5    0.04    0.09    0.19    2.19 v input1/X (sky130_fd_sc_hd__clkbuf_4)
                                         net1 (net)
                  0.09    0.00    2.19 v _295_/A (sky130_fd_sc_hd__buf_4)
    10    0.06    0.08    0.23    2.42 v _295_/X (sky130_fd_sc_hd__buf_4)
                                         _159_ (net)
                  0.08    0.00    2.42 v _300_/A (sky130_fd_sc_hd__inv_2)
     1    0.01    0.04    0.07    2.49 ^ _300_/Y (sky130_fd_sc_hd__inv_2)
                                         _032_ (net)
                  0.04    0.00    2.49 ^ _334_/RESET_B (sky130_fd_sc_hd__dfrtp_4)
                                  2.49   data arrival time

                         10.00   10.00   clock clk (rise edge)
                          0.00   10.00   clock source latency
     1    0.02    0.08    0.05   10.05 ^ clk (in)
                                         clk (net)
                  0.08    0.00   10.05 ^ clkbuf_0_clk/A (sky130_fd_sc_hd__clkbuf_16)
     4    0.04    0.06    0.15   10.20 ^ clkbuf_0_clk/X (sky130_fd_sc_hd__clkbuf_16)
                                         clknet_0_clk (net)
                  0.06    0.00   10.20 ^ clkbuf_2_1__f_clk/A (sky130_fd_sc_hd__clkbuf_16)
    11    0.03    0.05    0.13   10.33 ^ clkbuf_2_1__f_clk/X (sky130_fd_sc_hd__clkbuf_16)
                                         clknet_2_1__leaf_clk (net)
                  0.05    0.00   10.33 ^ _334_/CLK (sky130_fd_sc_hd__dfrtp_4)
                         -0.25   10.08   clock uncertainty
                          0.00   10.08   clock reconvergence pessimism
                          0.22   10.30   library recovery time
                                 10.30   data required time
-----------------------------------------------------------------------------
                                 10.30   data required time
                                 -2.49   data arrival time
-----------------------------------------------------------------------------
                                  7.81   slack (MET)


Startpoint: rst (input port clocked by clk)
Endpoint: _343_ (recovery check against rising-edge clock clk)
Path Group: asynchronous
Path Type: max

Fanout     Cap    Slew   Delay    Time   Description
-----------------------------------------------------------------------------
                          0.00    0.00   clock clk (rise edge)
                          0.00    0.00   clock network delay (propagated)
                          2.00    2.00 v input external delay
     1    0.00    0.01    0.00    2.00 v rst (in)
                                         rst (net)
                  0.01    0.00    2.00 v input1/A (sky130_fd_sc_hd__clkbuf_4)
     5    0.04    0.09    0.19    2.19 v input1/X (sky130_fd_sc_hd__clkbuf_4)
                                         net1 (net)
                  0.09    0.00    2.19 v _306_/A (sky130_fd_sc_hd__clkbuf_8)
    10    0.06    0.08    0.21    2.41 v _306_/X (sky130_fd_sc_hd__clkbuf_8)
                                         _160_ (net)
                  0.08    0.01    2.41 v _310_/A (sky130_fd_sc_hd__inv_2)
     1    0.01    0.06    0.09    2.50 ^ _310_/Y (sky130_fd_sc_hd__inv_2)
                                         _041_ (net)
                  0.06    0.00    2.50 ^ _343_/RESET_B (sky130_fd_sc_hd__dfrtp_1)
                                  2.50   data arrival time

                         10.00   10.00   clock clk (rise edge)
                          0.00   10.00   clock source latency
     1    0.02    0.08    0.05   10.05 ^ clk (in)
                                         clk (net)
                  0.08    0.00   10.05 ^ clkbuf_0_clk/A (sky130_fd_sc_hd__clkbuf_16)
     4    0.04    0.06    0.15   10.20 ^ clkbuf_0_clk/X (sky130_fd_sc_hd__clkbuf_16)
                                         clknet_0_clk (net)
                  0.06    0.00   10.20 ^ clkbuf_2_0__f_clk/A (sky130_fd_sc_hd__clkbuf_16)
     9    0.03    0.05    0.13   10.33 ^ clkbuf_2_0__f_clk/X (sky130_fd_sc_hd__clkbuf_16)
                                         clknet_2_0__leaf_clk (net)
                  0.05    0.00   10.33 ^ _343_/CLK (sky130_fd_sc_hd__dfrtp_1)
                         -0.25   10.08   clock uncertainty
                          0.00   10.08   clock reconvergence pessimism
                          0.23   10.31   library recovery time
                                 10.31   data required time
-----------------------------------------------------------------------------
                                 10.31   data required time
                                 -2.50   data arrival time
-----------------------------------------------------------------------------
                                  7.81   slack (MET)


Startpoint: rst (input port clocked by clk)
Endpoint: _344_ (recovery check against rising-edge clock clk)
Path Group: asynchronous
Path Type: max

Fanout     Cap    Slew   Delay    Time   Description
-----------------------------------------------------------------------------
                          0.00    0.00   clock clk (rise edge)
                          0.00    0.00   clock network delay (propagated)
                          2.00    2.00 v input external delay
     1    0.00    0.01    0.00    2.00 v rst (in)
                                         rst (net)
                  0.01    0.00    2.00 v input1/A (sky130_fd_sc_hd__clkbuf_4)
     5    0.04    0.09    0.19    2.19 v input1/X (sky130_fd_sc_hd__clkbuf_4)
                                         net1 (net)
                  0.09    0.00    2.19 v _306_/A (sky130_fd_sc_hd__clkbuf_8)
    10    0.06    0.08    0.21    2.41 v _306_/X (sky130_fd_sc_hd__clkbuf_8)
                                         _160_ (net)
                  0.08    0.01    2.41 v _311_/A (sky130_fd_sc_hd__inv_2)
     1    0.01    0.06    0.09    2.50 ^ _311_/Y (sky130_fd_sc_hd__inv_2)
                                         _042_ (net)
                  0.06    0.00    2.50 ^ _344_/RESET_B (sky130_fd_sc_hd__dfrtp_1)
                                  2.50   data arrival time

                         10.00   10.00   clock clk (rise edge)
                          0.00   10.00   clock source latency
     1    0.02    0.08    0.05   10.05 ^ clk (in)
                                         clk (net)
                  0.08    0.00   10.05 ^ clkbuf_0_clk/A (sky130_fd_sc_hd__clkbuf_16)
     4    0.04    0.06    0.15   10.20 ^ clkbuf_0_clk/X (sky130_fd_sc_hd__clkbuf_16)
                                         clknet_0_clk (net)
                  0.06    0.00   10.20 ^ clkbuf_2_1__f_clk/A (sky130_fd_sc_hd__clkbuf_16)
    11    0.03    0.05    0.13   10.33 ^ clkbuf_2_1__f_clk/X (sky130_fd_sc_hd__clkbuf_16)
                                         clknet_2_1__leaf_clk (net)
                  0.05    0.00   10.33 ^ _344_/CLK (sky130_fd_sc_hd__dfrtp_1)
                         -0.25   10.08   clock uncertainty
                          0.00   10.08   clock reconvergence pessimism
                          0.23   10.31   library recovery time
                                 10.31   data required time
-----------------------------------------------------------------------------
                                 10.31   data required time
                                 -2.50   data arrival time
-----------------------------------------------------------------------------
                                  7.81   slack (MET)


Startpoint: rst (input port clocked by clk)
Endpoint: _359_ (recovery check against rising-edge clock clk)
Path Group: asynchronous
Path Type: max

Fanout     Cap    Slew   Delay    Time   Description
-----------------------------------------------------------------------------
                          0.00    0.00   clock clk (rise edge)
                          0.00    0.00   clock network delay (propagated)
                          2.00    2.00 v input external delay
     1    0.00    0.01    0.00    2.00 v rst (in)
                                         rst (net)
                  0.01    0.00    2.00 v input1/A (sky130_fd_sc_hd__clkbuf_4)
     5    0.04    0.09    0.19    2.19 v input1/X (sky130_fd_sc_hd__clkbuf_4)
                                         net1 (net)
                  0.09    0.00    2.19 v _317_/A (sky130_fd_sc_hd__clkbuf_8)
    10    0.06    0.08    0.21    2.41 v _317_/X (sky130_fd_sc_hd__clkbuf_8)
                                         _161_ (net)
                  0.08    0.00    2.41 v _327_/A (sky130_fd_sc_hd__inv_2)
     1    0.01    0.05    0.08    2.49 ^ _327_/Y (sky130_fd_sc_hd__inv_2)
                                         _057_ (net)
                  0.05    0.00    2.49 ^ _359_/RESET_B (sky130_fd_sc_hd__dfrtp_4)
                                  2.49   data arrival time

                         10.00   10.00   clock clk (rise edge)
                          0.00   10.00   clock source latency
     1    0.02    0.08    0.05   10.05 ^ clk (in)
                                         clk (net)
                  0.08    0.00   10.05 ^ clkbuf_0_clk/A (sky130_fd_sc_hd__clkbuf_16)
     4    0.04    0.06    0.15   10.20 ^ clkbuf_0_clk/X (sky130_fd_sc_hd__clkbuf_16)
                                         clknet_0_clk (net)
                  0.06    0.00   10.20 ^ clkbuf_2_0__f_clk/A (sky130_fd_sc_hd__clkbuf_16)
     9    0.03    0.05    0.13   10.33 ^ clkbuf_2_0__f_clk/X (sky130_fd_sc_hd__clkbuf_16)
                                         clknet_2_0__leaf_clk (net)
                  0.05    0.00   10.33 ^ _359_/CLK (sky130_fd_sc_hd__dfrtp_4)
                         -0.25   10.08   clock uncertainty
                          0.00   10.08   clock reconvergence pessimism
                          0.22   10.30   library recovery time
                                 10.30   data required time
-----------------------------------------------------------------------------
                                 10.30   data required time
                                 -2.49   data arrival time
-----------------------------------------------------------------------------
                                  7.81   slack (MET)


Startpoint: rst (input port clocked by clk)
Endpoint: _355_ (recovery check against rising-edge clock clk)
Path Group: asynchronous
Path Type: max

Fanout     Cap    Slew   Delay    Time   Description
-----------------------------------------------------------------------------
                          0.00    0.00   clock clk (rise edge)
                          0.00    0.00   clock network delay (propagated)
                          2.00    2.00 v input external delay
     1    0.00    0.01    0.00    2.00 v rst (in)
                                         rst (net)
                  0.01    0.00    2.00 v input1/A (sky130_fd_sc_hd__clkbuf_4)
     5    0.04    0.09    0.19    2.19 v input1/X (sky130_fd_sc_hd__clkbuf_4)
                                         net1 (net)
                  0.09    0.00    2.19 v _317_/A (sky130_fd_sc_hd__clkbuf_8)
    10    0.06    0.08    0.21    2.41 v _317_/X (sky130_fd_sc_hd__clkbuf_8)
                                         _161_ (net)
                  0.08    0.00    2.41 v _323_/A (sky130_fd_sc_hd__inv_2)
     1    0.01    0.05    0.08    2.49 ^ _323_/Y (sky130_fd_sc_hd__inv_2)
                                         _053_ (net)
                  0.05    0.00    2.49 ^ _355_/RESET_B (sky130_fd_sc_hd__dfrtp_4)
                                  2.49   data arrival time

                         10.00   10.00   clock clk (rise edge)
                          0.00   10.00   clock source latency
     1    0.02    0.08    0.05   10.05 ^ clk (in)
                                         clk (net)
                  0.08    0.00   10.05 ^ clkbuf_0_clk/A (sky130_fd_sc_hd__clkbuf_16)
     4    0.04    0.06    0.15   10.20 ^ clkbuf_0_clk/X (sky130_fd_sc_hd__clkbuf_16)
                                         clknet_0_clk (net)
                  0.06    0.00   10.20 ^ clkbuf_2_1__f_clk/A (sky130_fd_sc_hd__clkbuf_16)
    11    0.03    0.05    0.13   10.33 ^ clkbuf_2_1__f_clk/X (sky130_fd_sc_hd__clkbuf_16)
                                         clknet_2_1__leaf_clk (net)
                  0.05    0.00   10.33 ^ _355_/CLK (sky130_fd_sc_hd__dfrtp_4)
                         -0.25   10.08   clock uncertainty
                          0.00   10.08   clock reconvergence pessimism
                          0.22   10.30   library recovery time
                                 10.30   data required time
-----------------------------------------------------------------------------
                                 10.30   data required time
                                 -2.49   data arrival time
-----------------------------------------------------------------------------
                                  7.81   slack (MET)


Startpoint: rst (input port clocked by clk)
Endpoint: _333_ (recovery check against rising-edge clock clk)
Path Group: asynchronous
Path Type: max

Fanout     Cap    Slew   Delay    Time   Description
-----------------------------------------------------------------------------
                          0.00    0.00   clock clk (rise edge)
                          0.00    0.00   clock network delay (propagated)
                          2.00    2.00 v input external delay
     1    0.00    0.01    0.00    2.00 v rst (in)
                                         rst (net)
                  0.01    0.00    2.00 v input1/A (sky130_fd_sc_hd__clkbuf_4)
     5    0.04    0.09    0.19    2.19 v input1/X (sky130_fd_sc_hd__clkbuf_4)
                                         net1 (net)
                  0.09    0.00    2.19 v _295_/A (sky130_fd_sc_hd__buf_4)
    10    0.06    0.08    0.23    2.42 v _295_/X (sky130_fd_sc_hd__buf_4)
                                         _159_ (net)
                  0.08    0.00    2.42 v _299_/A (sky130_fd_sc_hd__inv_2)
     1    0.01    0.05    0.08    2.50 ^ _299_/Y (sky130_fd_sc_hd__inv_2)
                                         _031_ (net)
                  0.05    0.00    2.50 ^ _333_/RESET_B (sky130_fd_sc_hd__dfrtp_1)
                                  2.50   data arrival time

                         10.00   10.00   clock clk (rise edge)
                          0.00   10.00   clock source latency
     1    0.02    0.08    0.05   10.05 ^ clk (in)
                                         clk (net)
                  0.08    0.00   10.05 ^ clkbuf_0_clk/A (sky130_fd_sc_hd__clkbuf_16)
     4    0.04    0.06    0.15   10.20 ^ clkbuf_0_clk/X (sky130_fd_sc_hd__clkbuf_16)
                                         clknet_0_clk (net)
                  0.06    0.00   10.20 ^ clkbuf_2_3__f_clk/A (sky130_fd_sc_hd__clkbuf_16)
     8    0.03    0.05    0.13   10.33 ^ clkbuf_2_3__f_clk/X (sky130_fd_sc_hd__clkbuf_16)
                                         clknet_2_3__leaf_clk (net)
                  0.05    0.00   10.33 ^ _333_/CLK (sky130_fd_sc_hd__dfrtp_1)
                         -0.25   10.08   clock uncertainty
                          0.00   10.08   clock reconvergence pessimism
                          0.23   10.31   library recovery time
                                 10.31   data required time
-----------------------------------------------------------------------------
                                 10.31   data required time
                                 -2.50   data arrival time
-----------------------------------------------------------------------------
                                  7.81   slack (MET)


Startpoint: rst (input port clocked by clk)
Endpoint: _349_ (recovery check against rising-edge clock clk)
Path Group: asynchronous
Path Type: max

Fanout     Cap    Slew   Delay    Time   Description
-----------------------------------------------------------------------------
                          0.00    0.00   clock clk (rise edge)
                          0.00    0.00   clock network delay (propagated)
                          2.00    2.00 v input external delay
     1    0.00    0.01    0.00    2.00 v rst (in)
                                         rst (net)
                  0.01    0.00    2.00 v input1/A (sky130_fd_sc_hd__clkbuf_4)
     5    0.04    0.09    0.19    2.19 v input1/X (sky130_fd_sc_hd__clkbuf_4)
                                         net1 (net)
                  0.09    0.00    2.19 v _306_/A (sky130_fd_sc_hd__clkbuf_8)
    10    0.06    0.08    0.21    2.41 v _306_/X (sky130_fd_sc_hd__clkbuf_8)
                                         _160_ (net)
                  0.08    0.00    2.41 v _316_/A (sky130_fd_sc_hd__inv_2)
     1    0.01    0.05    0.08    2.49 ^ _316_/Y (sky130_fd_sc_hd__inv_2)
                                         _047_ (net)
                  0.05    0.00    2.49 ^ _349_/RESET_B (sky130_fd_sc_hd__dfrtp_2)
                                  2.49   data arrival time

                         10.00   10.00   clock clk (rise edge)
                          0.00   10.00   clock source latency
     1    0.02    0.08    0.05   10.05 ^ clk (in)
                                         clk (net)
                  0.08    0.00   10.05 ^ clkbuf_0_clk/A (sky130_fd_sc_hd__clkbuf_16)
     4    0.04    0.06    0.15   10.20 ^ clkbuf_0_clk/X (sky130_fd_sc_hd__clkbuf_16)
                                         clknet_0_clk (net)
                  0.06    0.00   10.20 ^ clkbuf_2_3__f_clk/A (sky130_fd_sc_hd__clkbuf_16)
     8    0.03    0.05    0.13   10.33 ^ clkbuf_2_3__f_clk/X (sky130_fd_sc_hd__clkbuf_16)
                                         clknet_2_3__leaf_clk (net)
                  0.05    0.00   10.33 ^ _349_/CLK (sky130_fd_sc_hd__dfrtp_2)
                         -0.25   10.08   clock uncertainty
                          0.00   10.08   clock reconvergence pessimism
                          0.22   10.30   library recovery time
                                 10.30   data required time
-----------------------------------------------------------------------------
                                 10.30   data required time
                                 -2.49   data arrival time
-----------------------------------------------------------------------------
                                  7.81   slack (MET)


Startpoint: rst (input port clocked by clk)
Endpoint: _331_ (recovery check against rising-edge clock clk)
Path Group: asynchronous
Path Type: max

Fanout     Cap    Slew   Delay    Time   Description
-----------------------------------------------------------------------------
                          0.00    0.00   clock clk (rise edge)
                          0.00    0.00   clock network delay (propagated)
                          2.00    2.00 v input external delay
     1    0.00    0.01    0.00    2.00 v rst (in)
                                         rst (net)
                  0.01    0.00    2.00 v input1/A (sky130_fd_sc_hd__clkbuf_4)
     5    0.04    0.09    0.19    2.19 v input1/X (sky130_fd_sc_hd__clkbuf_4)
                                         net1 (net)
                  0.09    0.00    2.19 v _295_/A (sky130_fd_sc_hd__buf_4)
    10    0.06    0.08    0.23    2.42 v _295_/X (sky130_fd_sc_hd__buf_4)
                                         _159_ (net)
                  0.08    0.00    2.42 v _297_/A (sky130_fd_sc_hd__inv_2)
     1    0.01    0.04    0.07    2.49 ^ _297_/Y (sky130_fd_sc_hd__inv_2)
                                         _029_ (net)
                  0.04    0.00    2.49 ^ _331_/RESET_B (sky130_fd_sc_hd__dfrtp_4)
                                  2.49   data arrival time

                         10.00   10.00   clock clk (rise edge)
                          0.00   10.00   clock source latency
     1    0.02    0.08    0.05   10.05 ^ clk (in)
                                         clk (net)
                  0.08    0.00   10.05 ^ clkbuf_0_clk/A (sky130_fd_sc_hd__clkbuf_16)
     4    0.04    0.06    0.15   10.20 ^ clkbuf_0_clk/X (sky130_fd_sc_hd__clkbuf_16)
                                         clknet_0_clk (net)
                  0.06    0.00   10.20 ^ clkbuf_2_2__f_clk/A (sky130_fd_sc_hd__clkbuf_16)
     7    0.03    0.05    0.14   10.33 ^ clkbuf_2_2__f_clk/X (sky130_fd_sc_hd__clkbuf_16)
                                         clknet_2_2__leaf_clk (net)
                  0.05    0.00   10.33 ^ _331_/CLK (sky130_fd_sc_hd__dfrtp_4)
                         -0.25   10.08   clock uncertainty
                          0.00   10.08   clock reconvergence pessimism
                          0.22   10.30   library recovery time
                                 10.30   data required time
-----------------------------------------------------------------------------
                                 10.30   data required time
                                 -2.49   data arrival time
-----------------------------------------------------------------------------
                                  7.81   slack (MET)


Startpoint: rst (input port clocked by clk)
Endpoint: _335_ (recovery check against rising-edge clock clk)
Path Group: asynchronous
Path Type: max

Fanout     Cap    Slew   Delay    Time   Description
-----------------------------------------------------------------------------
                          0.00    0.00   clock clk (rise edge)
                          0.00    0.00   clock network delay (propagated)
                          2.00    2.00 v input external delay
     1    0.00    0.01    0.00    2.00 v rst (in)
                                         rst (net)
                  0.01    0.00    2.00 v input1/A (sky130_fd_sc_hd__clkbuf_4)
     5    0.04    0.09    0.19    2.19 v input1/X (sky130_fd_sc_hd__clkbuf_4)
                                         net1 (net)
                  0.09    0.00    2.19 v _295_/A (sky130_fd_sc_hd__buf_4)
    10    0.06    0.08    0.23    2.42 v _295_/X (sky130_fd_sc_hd__buf_4)
                                         _159_ (net)
                  0.08    0.00    2.42 v _301_/A (sky130_fd_sc_hd__inv_2)
     1    0.01    0.04    0.07    2.49 ^ _301_/Y (sky130_fd_sc_hd__inv_2)
                                         _033_ (net)
                  0.04    0.00    2.49 ^ _335_/RESET_B (sky130_fd_sc_hd__dfrtp_2)
                                  2.49   data arrival time

                         10.00   10.00   clock clk (rise edge)
                          0.00   10.00   clock source latency
     1    0.02    0.08    0.05   10.05 ^ clk (in)
                                         clk (net)
                  0.08    0.00   10.05 ^ clkbuf_0_clk/A (sky130_fd_sc_hd__clkbuf_16)
     4    0.04    0.06    0.15   10.20 ^ clkbuf_0_clk/X (sky130_fd_sc_hd__clkbuf_16)
                                         clknet_0_clk (net)
                  0.06    0.00   10.20 ^ clkbuf_2_2__f_clk/A (sky130_fd_sc_hd__clkbuf_16)
     7    0.03    0.05    0.14   10.33 ^ clkbuf_2_2__f_clk/X (sky130_fd_sc_hd__clkbuf_16)
                                         clknet_2_2__leaf_clk (net)
                  0.05    0.00   10.33 ^ _335_/CLK (sky130_fd_sc_hd__dfrtp_2)
                         -0.25   10.08   clock uncertainty
                          0.00   10.08   clock reconvergence pessimism
                          0.22   10.31   library recovery time
                                 10.31   data required time
-----------------------------------------------------------------------------
                                 10.31   data required time
                                 -2.49   data arrival time
-----------------------------------------------------------------------------
                                  7.82   slack (MET)


Startpoint: rst (input port clocked by clk)
Endpoint: _341_ (recovery check against rising-edge clock clk)
Path Group: asynchronous
Path Type: max

Fanout     Cap    Slew   Delay    Time   Description
-----------------------------------------------------------------------------
                          0.00    0.00   clock clk (rise edge)
                          0.00    0.00   clock network delay (propagated)
                          2.00    2.00 v input external delay
     1    0.00    0.01    0.00    2.00 v rst (in)
                                         rst (net)
                  0.01    0.00    2.00 v input1/A (sky130_fd_sc_hd__clkbuf_4)
     5    0.04    0.09    0.19    2.19 v input1/X (sky130_fd_sc_hd__clkbuf_4)
                                         net1 (net)
                  0.09    0.00    2.19 v _306_/A (sky130_fd_sc_hd__clkbuf_8)
    10    0.06    0.08    0.21    2.41 v _306_/X (sky130_fd_sc_hd__clkbuf_8)
                                         _160_ (net)
                  0.08    0.00    2.41 v _308_/A (sky130_fd_sc_hd__inv_2)
     1    0.01    0.05    0.07    2.48 ^ _308_/Y (sky130_fd_sc_hd__inv_2)
                                         _039_ (net)
                  0.05    0.00    2.48 ^ _341_/RESET_B (sky130_fd_sc_hd__dfrtp_4)
                                  2.48   data arrival time

                         10.00   10.00   clock clk (rise edge)
                          0.00   10.00   clock source latency
     1    0.02    0.08    0.05   10.05 ^ clk (in)
                                         clk (net)
                  0.08    0.00   10.05 ^ clkbuf_0_clk/A (sky130_fd_sc_hd__clkbuf_16)
     4    0.04    0.06    0.15   10.20 ^ clkbuf_0_clk/X (sky130_fd_sc_hd__clkbuf_16)
                                         clknet_0_clk (net)
                  0.06    0.00   10.20 ^ clkbuf_2_0__f_clk/A (sky130_fd_sc_hd__clkbuf_16)
     9    0.03    0.05    0.13   10.33 ^ clkbuf_2_0__f_clk/X (sky130_fd_sc_hd__clkbuf_16)
                                         clknet_2_0__leaf_clk (net)
                  0.05    0.00   10.33 ^ _341_/CLK (sky130_fd_sc_hd__dfrtp_4)
                         -0.25   10.08   clock uncertainty
                          0.00   10.08   clock reconvergence pessimism
                          0.22   10.30   library recovery time
                                 10.30   data required time
-----------------------------------------------------------------------------
                                 10.30   data required time
                                 -2.48   data arrival time
-----------------------------------------------------------------------------
                                  7.82   slack (MET)


Startpoint: rst (input port clocked by clk)
Endpoint: _357_ (recovery check against rising-edge clock clk)
Path Group: asynchronous
Path Type: max

Fanout     Cap    Slew   Delay    Time   Description
-----------------------------------------------------------------------------
                          0.00    0.00   clock clk (rise edge)
                          0.00    0.00   clock network delay (propagated)
                          2.00    2.00 v input external delay
     1    0.00    0.01    0.00    2.00 v rst (in)
                                         rst (net)
                  0.01    0.00    2.00 v input1/A (sky130_fd_sc_hd__clkbuf_4)
     5    0.04    0.09    0.19    2.19 v input1/X (sky130_fd_sc_hd__clkbuf_4)
                                         net1 (net)
                  0.09    0.00    2.19 v _317_/A (sky130_fd_sc_hd__clkbuf_8)
    10    0.06    0.08    0.21    2.41 v _317_/X (sky130_fd_sc_hd__clkbuf_8)
                                         _161_ (net)
                  0.08    0.00    2.41 v _325_/A (sky130_fd_sc_hd__inv_2)
     1    0.01    0.04    0.07    2.48 ^ _325_/Y (sky130_fd_sc_hd__inv_2)
                                         _055_ (net)
                  0.04    0.00    2.48 ^ _357_/RESET_B (sky130_fd_sc_hd__dfrtp_4)
                                  2.48   data arrival time

                         10.00   10.00   clock clk (rise edge)
                          0.00   10.00   clock source latency
     1    0.02    0.08    0.05   10.05 ^ clk (in)
                                         clk (net)
                  0.08    0.00   10.05 ^ clkbuf_0_clk/A (sky130_fd_sc_hd__clkbuf_16)
     4    0.04    0.06    0.15   10.20 ^ clkbuf_0_clk/X (sky130_fd_sc_hd__clkbuf_16)
                                         clknet_0_clk (net)
                  0.06    0.00   10.20 ^ clkbuf_2_2__f_clk/A (sky130_fd_sc_hd__clkbuf_16)
     7    0.03    0.05    0.14   10.33 ^ clkbuf_2_2__f_clk/X (sky130_fd_sc_hd__clkbuf_16)
                                         clknet_2_2__leaf_clk (net)
                  0.05    0.00   10.33 ^ _357_/CLK (sky130_fd_sc_hd__dfrtp_4)
                         -0.25   10.08   clock uncertainty
                          0.00   10.08   clock reconvergence pessimism
                          0.22   10.30   library recovery time
                                 10.30   data required time
-----------------------------------------------------------------------------
                                 10.30   data required time
                                 -2.48   data arrival time
-----------------------------------------------------------------------------
                                  7.82   slack (MET)


Startpoint: rst (input port clocked by clk)
Endpoint: _352_ (recovery check against rising-edge clock clk)
Path Group: asynchronous
Path Type: max

Fanout     Cap    Slew   Delay    Time   Description
-----------------------------------------------------------------------------
                          0.00    0.00   clock clk (rise edge)
                          0.00    0.00   clock network delay (propagated)
                          2.00    2.00 v input external delay
     1    0.00    0.01    0.00    2.00 v rst (in)
                                         rst (net)
                  0.01    0.00    2.00 v input1/A (sky130_fd_sc_hd__clkbuf_4)
     5    0.04    0.09    0.19    2.19 v input1/X (sky130_fd_sc_hd__clkbuf_4)
                                         net1 (net)
                  0.09    0.00    2.19 v _317_/A (sky130_fd_sc_hd__clkbuf_8)
    10    0.06    0.08    0.21    2.41 v _317_/X (sky130_fd_sc_hd__clkbuf_8)
                                         _161_ (net)
                  0.08    0.00    2.41 v _320_/A (sky130_fd_sc_hd__inv_2)
     1    0.01    0.05    0.08    2.49 ^ _320_/Y (sky130_fd_sc_hd__inv_2)
                                         _050_ (net)
                  0.05    0.00    2.49 ^ _352_/RESET_B (sky130_fd_sc_hd__dfrtp_1)
                                  2.49   data arrival time

                         10.00   10.00   clock clk (rise edge)
                          0.00   10.00   clock source latency
     1    0.02    0.08    0.05   10.05 ^ clk (in)
                                         clk (net)
                  0.08    0.00   10.05 ^ clkbuf_0_clk/A (sky130_fd_sc_hd__clkbuf_16)
     4    0.04    0.06    0.15   10.20 ^ clkbuf_0_clk/X (sky130_fd_sc_hd__clkbuf_16)
                                         clknet_0_clk (net)
                  0.06    0.00   10.20 ^ clkbuf_2_0__f_clk/A (sky130_fd_sc_hd__clkbuf_16)
     9    0.03    0.05    0.13   10.33 ^ clkbuf_2_0__f_clk/X (sky130_fd_sc_hd__clkbuf_16)
                                         clknet_2_0__leaf_clk (net)
                  0.05    0.00   10.33 ^ _352_/CLK (sky130_fd_sc_hd__dfrtp_1)
                         -0.25   10.08   clock uncertainty
                          0.00   10.08   clock reconvergence pessimism
                          0.23   10.31   library recovery time
                                 10.31   data required time
-----------------------------------------------------------------------------
                                 10.31   data required time
                                 -2.49   data arrival time
-----------------------------------------------------------------------------
                                  7.83   slack (MET)


Startpoint: rst (input port clocked by clk)
Endpoint: _342_ (recovery check against rising-edge clock clk)
Path Group: asynchronous
Path Type: max

Fanout     Cap    Slew   Delay    Time   Description
-----------------------------------------------------------------------------
                          0.00    0.00   clock clk (rise edge)
                          0.00    0.00   clock network delay (propagated)
                          2.00    2.00 v input external delay
     1    0.00    0.01    0.00    2.00 v rst (in)
                                         rst (net)
                  0.01    0.00    2.00 v input1/A (sky130_fd_sc_hd__clkbuf_4)
     5    0.04    0.09    0.19    2.19 v input1/X (sky130_fd_sc_hd__clkbuf_4)
                                         net1 (net)
                  0.09    0.00    2.19 v _306_/A (sky130_fd_sc_hd__clkbuf_8)
    10    0.06    0.08    0.21    2.41 v _306_/X (sky130_fd_sc_hd__clkbuf_8)
                                         _160_ (net)
                  0.08    0.00    2.41 v _309_/A (sky130_fd_sc_hd__inv_2)
     1    0.01    0.04    0.07    2.48 ^ _309_/Y (sky130_fd_sc_hd__inv_2)
                                         _040_ (net)
                  0.04    0.00    2.48 ^ _342_/RESET_B (sky130_fd_sc_hd__dfrtp_2)
                                  2.48   data arrival time

                         10.00   10.00   clock clk (rise edge)
                          0.00   10.00   clock source latency
     1    0.02    0.08    0.05   10.05 ^ clk (in)
                                         clk (net)
                  0.08    0.00   10.05 ^ clkbuf_0_clk/A (sky130_fd_sc_hd__clkbuf_16)
     4    0.04    0.06    0.15   10.20 ^ clkbuf_0_clk/X (sky130_fd_sc_hd__clkbuf_16)
                                         clknet_0_clk (net)
                  0.06    0.00   10.20 ^ clkbuf_2_1__f_clk/A (sky130_fd_sc_hd__clkbuf_16)
    11    0.03    0.05    0.13   10.33 ^ clkbuf_2_1__f_clk/X (sky130_fd_sc_hd__clkbuf_16)
                                         clknet_2_1__leaf_clk (net)
                  0.05    0.00   10.33 ^ _342_/CLK (sky130_fd_sc_hd__dfrtp_2)
                         -0.25   10.08   clock uncertainty
                          0.00   10.08   clock reconvergence pessimism
                          0.22   10.30   library recovery time
                                 10.30   data required time
-----------------------------------------------------------------------------
                                 10.30   data required time
                                 -2.48   data arrival time
-----------------------------------------------------------------------------
                                  7.83   slack (MET)


Startpoint: rst (input port clocked by clk)
Endpoint: _346_ (recovery check against rising-edge clock clk)
Path Group: asynchronous
Path Type: max

Fanout     Cap    Slew   Delay    Time   Description
-----------------------------------------------------------------------------
                          0.00    0.00   clock clk (rise edge)
                          0.00    0.00   clock network delay (propagated)
                          2.00    2.00 v input external delay
     1    0.00    0.01    0.00    2.00 v rst (in)
                                         rst (net)
                  0.01    0.00    2.00 v input1/A (sky130_fd_sc_hd__clkbuf_4)
     5    0.04    0.09    0.19    2.19 v input1/X (sky130_fd_sc_hd__clkbuf_4)
                                         net1 (net)
                  0.09    0.00    2.19 v _306_/A (sky130_fd_sc_hd__clkbuf_8)
    10    0.06    0.08    0.21    2.41 v _306_/X (sky130_fd_sc_hd__clkbuf_8)
                                         _160_ (net)
                  0.08    0.00    2.41 v _313_/A (sky130_fd_sc_hd__inv_2)
     1    0.00    0.04    0.06    2.47 ^ _313_/Y (sky130_fd_sc_hd__inv_2)
                                         _044_ (net)
                  0.04    0.00    2.47 ^ _346_/RESET_B (sky130_fd_sc_hd__dfrtp_4)
                                  2.47   data arrival time

                         10.00   10.00   clock clk (rise edge)
                          0.00   10.00   clock source latency
     1    0.02    0.08    0.05   10.05 ^ clk (in)
                                         clk (net)
                  0.08    0.00   10.05 ^ clkbuf_0_clk/A (sky130_fd_sc_hd__clkbuf_16)
     4    0.04    0.06    0.15   10.20 ^ clkbuf_0_clk/X (sky130_fd_sc_hd__clkbuf_16)
                                         clknet_0_clk (net)
                  0.06    0.00   10.20 ^ clkbuf_2_2__f_clk/A (sky130_fd_sc_hd__clkbuf_16)
     7    0.03    0.05    0.14   10.33 ^ clkbuf_2_2__f_clk/X (sky130_fd_sc_hd__clkbuf_16)
                                         clknet_2_2__leaf_clk (net)
                  0.05    0.00   10.33 ^ _346_/CLK (sky130_fd_sc_hd__dfrtp_4)
                         -0.25   10.08   clock uncertainty
                          0.00   10.08   clock reconvergence pessimism
                          0.22   10.31   library recovery time
                                 10.31   data required time
-----------------------------------------------------------------------------
                                 10.31   data required time
                                 -2.47   data arrival time
-----------------------------------------------------------------------------
                                  7.83   slack (MET)


Startpoint: rst (input port clocked by clk)
Endpoint: _345_ (recovery check against rising-edge clock clk)
Path Group: asynchronous
Path Type: max

Fanout     Cap    Slew   Delay    Time   Description
-----------------------------------------------------------------------------
                          0.00    0.00   clock clk (rise edge)
                          0.00    0.00   clock network delay (propagated)
                          2.00    2.00 v input external delay
     1    0.00    0.01    0.00    2.00 v rst (in)
                                         rst (net)
                  0.01    0.00    2.00 v input1/A (sky130_fd_sc_hd__clkbuf_4)
     5    0.04    0.09    0.19    2.19 v input1/X (sky130_fd_sc_hd__clkbuf_4)
                                         net1 (net)
                  0.09    0.00    2.19 v _306_/A (sky130_fd_sc_hd__clkbuf_8)
    10    0.06    0.08    0.21    2.41 v _306_/X (sky130_fd_sc_hd__clkbuf_8)
                                         _160_ (net)
                  0.08    0.01    2.41 v _312_/A (sky130_fd_sc_hd__inv_2)
     1    0.00    0.03    0.06    2.47 ^ _312_/Y (sky130_fd_sc_hd__inv_2)
                                         _043_ (net)
                  0.03    0.00    2.47 ^ _345_/RESET_B (sky130_fd_sc_hd__dfrtp_2)
                                  2.47   data arrival time

                         10.00   10.00   clock clk (rise edge)
                          0.00   10.00   clock source latency
     1    0.02    0.08    0.05   10.05 ^ clk (in)
                                         clk (net)
                  0.08    0.00   10.05 ^ clkbuf_0_clk/A (sky130_fd_sc_hd__clkbuf_16)
     4    0.04    0.06    0.15   10.20 ^ clkbuf_0_clk/X (sky130_fd_sc_hd__clkbuf_16)
                                         clknet_0_clk (net)
                  0.06    0.00   10.20 ^ clkbuf_2_3__f_clk/A (sky130_fd_sc_hd__clkbuf_16)
     8    0.03    0.05    0.13   10.33 ^ clkbuf_2_3__f_clk/X (sky130_fd_sc_hd__clkbuf_16)
                                         clknet_2_3__leaf_clk (net)
                  0.05    0.00   10.33 ^ _345_/CLK (sky130_fd_sc_hd__dfrtp_2)
                         -0.25   10.08   clock uncertainty
                          0.00   10.08   clock reconvergence pessimism
                          0.22   10.31   library recovery time
                                 10.31   data required time
-----------------------------------------------------------------------------
                                 10.31   data required time
                                 -2.47   data arrival time
-----------------------------------------------------------------------------
                                  7.83   slack (MET)


Startpoint: rst (input port clocked by clk)
Endpoint: _351_ (recovery check against rising-edge clock clk)
Path Group: asynchronous
Path Type: max

Fanout     Cap    Slew   Delay    Time   Description
-----------------------------------------------------------------------------
                          0.00    0.00   clock clk (rise edge)
                          0.00    0.00   clock network delay (propagated)
                          2.00    2.00 v input external delay
     1    0.00    0.01    0.00    2.00 v rst (in)
                                         rst (net)
                  0.01    0.00    2.00 v input1/A (sky130_fd_sc_hd__clkbuf_4)
     5    0.04    0.09    0.19    2.19 v input1/X (sky130_fd_sc_hd__clkbuf_4)
                                         net1 (net)
                  0.09    0.00    2.19 v _317_/A (sky130_fd_sc_hd__clkbuf_8)
    10    0.06    0.08    0.21    2.41 v _317_/X (sky130_fd_sc_hd__clkbuf_8)
                                         _161_ (net)
                  0.08    0.00    2.41 v _319_/A (sky130_fd_sc_hd__inv_2)
     1    0.01    0.04    0.07    2.47 ^ _319_/Y (sky130_fd_sc_hd__inv_2)
                                         _049_ (net)
                  0.04    0.00    2.47 ^ _351_/RESET_B (sky130_fd_sc_hd__dfrtp_2)
                                  2.47   data arrival time

                         10.00   10.00   clock clk (rise edge)
                          0.00   10.00   clock source latency
     1    0.02    0.08    0.05   10.05 ^ clk (in)
                                         clk (net)
                  0.08    0.00   10.05 ^ clkbuf_0_clk/A (sky130_fd_sc_hd__clkbuf_16)
     4    0.04    0.06    0.15   10.20 ^ clkbuf_0_clk/X (sky130_fd_sc_hd__clkbuf_16)
                                         clknet_0_clk (net)
                  0.06    0.00   10.20 ^ clkbuf_2_2__f_clk/A (sky130_fd_sc_hd__clkbuf_16)
     7    0.03    0.05    0.14   10.33 ^ clkbuf_2_2__f_clk/X (sky130_fd_sc_hd__clkbuf_16)
                                         clknet_2_2__leaf_clk (net)
                  0.05    0.00   10.33 ^ _351_/CLK (sky130_fd_sc_hd__dfrtp_2)
                         -0.25   10.08   clock uncertainty
                          0.00   10.08   clock reconvergence pessimism
                          0.22   10.31   library recovery time
                                 10.31   data required time
-----------------------------------------------------------------------------
                                 10.31   data required time
                                 -2.47   data arrival time
-----------------------------------------------------------------------------
                                  7.84   slack (MET)


Startpoint: rst (input port clocked by clk)
Endpoint: _353_ (recovery check against rising-edge clock clk)
Path Group: asynchronous
Path Type: max

Fanout     Cap    Slew   Delay    Time   Description
-----------------------------------------------------------------------------
                          0.00    0.00   clock clk (rise edge)
                          0.00    0.00   clock network delay (propagated)
                          2.00    2.00 v input external delay
     1    0.00    0.01    0.00    2.00 v rst (in)
                                         rst (net)
                  0.01    0.00    2.00 v input1/A (sky130_fd_sc_hd__clkbuf_4)
     5    0.04    0.09    0.19    2.19 v input1/X (sky130_fd_sc_hd__clkbuf_4)
                                         net1 (net)
                  0.09    0.00    2.19 v _317_/A (sky130_fd_sc_hd__clkbuf_8)
    10    0.06    0.08    0.21    2.41 v _317_/X (sky130_fd_sc_hd__clkbuf_8)
                                         _161_ (net)
                  0.08    0.00    2.41 v _321_/A (sky130_fd_sc_hd__inv_2)
     1    0.01    0.04    0.07    2.48 ^ _321_/Y (sky130_fd_sc_hd__inv_2)
                                         _051_ (net)
                  0.04    0.00    2.48 ^ _353_/RESET_B (sky130_fd_sc_hd__dfrtp_1)
                                  2.48   data arrival time

                         10.00   10.00   clock clk (rise edge)
                          0.00   10.00   clock source latency
     1    0.02    0.08    0.05   10.05 ^ clk (in)
                                         clk (net)
                  0.08    0.00   10.05 ^ clkbuf_0_clk/A (sky130_fd_sc_hd__clkbuf_16)
     4    0.04    0.06    0.15   10.20 ^ clkbuf_0_clk/X (sky130_fd_sc_hd__clkbuf_16)
                                         clknet_0_clk (net)
                  0.06    0.00   10.20 ^ clkbuf_2_1__f_clk/A (sky130_fd_sc_hd__clkbuf_16)
    11    0.03    0.05    0.13   10.33 ^ clkbuf_2_1__f_clk/X (sky130_fd_sc_hd__clkbuf_16)
                                         clknet_2_1__leaf_clk (net)
                  0.05    0.00   10.33 ^ _353_/CLK (sky130_fd_sc_hd__dfrtp_1)
                         -0.25   10.08   clock uncertainty
                          0.00   10.08   clock reconvergence pessimism
                          0.23   10.31   library recovery time
                                 10.31   data required time
-----------------------------------------------------------------------------
                                 10.31   data required time
                                 -2.48   data arrival time
-----------------------------------------------------------------------------
                                  7.84   slack (MET)


Startpoint: _361_ (rising edge-triggered flip-flop clocked by clk)
Endpoint: _360_ (rising edge-triggered flip-flop clocked by clk)
Path Group: clk
Path Type: max

Fanout     Cap    Slew   Delay    Time   Description
-----------------------------------------------------------------------------
                          0.00    0.00   clock clk (rise edge)
                          0.00    0.00   clock source latency
     1    0.02    0.08    0.06    0.06 ^ clk (in)
                                         clk (net)
                  0.08    0.00    0.06 ^ clkbuf_0_clk/A (sky130_fd_sc_hd__clkbuf_16)
     4    0.04    0.06    0.16    0.22 ^ clkbuf_0_clk/X (sky130_fd_sc_hd__clkbuf_16)
                                         clknet_0_clk (net)
                  0.06    0.00    0.22 ^ clkbuf_2_0__f_clk/A (sky130_fd_sc_hd__clkbuf_16)
     9    0.03    0.05    0.15    0.37 ^ clkbuf_2_0__f_clk/X (sky130_fd_sc_hd__clkbuf_16)
                                         clknet_2_0__leaf_clk (net)
                  0.05    0.00    0.37 ^ _361_/CLK (sky130_fd_sc_hd__dfrtp_4)
     6    0.03    0.09    0.55    0.91 v _361_/Q (sky130_fd_sc_hd__dfrtp_4)
                                         decoder.digit[3] (net)
                  0.09    0.00    0.91 v _165_/A (sky130_fd_sc_hd__nor2_2)
     2    0.02    0.21    0.23    1.15 ^ _165_/Y (sky130_fd_sc_hd__nor2_2)
                                         _066_ (net)
                  0.21    0.00    1.15 ^ _166_/B (sky130_fd_sc_hd__nand2_2)
     3    0.02    0.11    0.15    1.30 v _166_/Y (sky130_fd_sc_hd__nand2_2)
                                         _067_ (net)
                  0.11    0.00    1.30 v _167_/B (sky130_fd_sc_hd__nor2_2)
     3    0.02    0.22    0.23    1.53 ^ _167_/Y (sky130_fd_sc_hd__nor2_2)
                                         _068_ (net)
                  0.22    0.00    1.53 ^ _168_/A2_N (sky130_fd_sc_hd__o2bb2a_1)
     1    0.01    0.09    0.30    1.83 v _168_/X (sky130_fd_sc_hd__o2bb2a_1)
                                         _069_ (net)
                  0.09    0.00    1.83 v _169_/B (sky130_fd_sc_hd__and2_1)
     1    0.00    0.04    0.19    2.01 v _169_/X (sky130_fd_sc_hd__and2_1)
                                         _070_ (net)
                  0.04    0.00    2.01 v _170_/A (sky130_fd_sc_hd__clkbuf_1)
     1    0.01    0.04    0.11    2.12 v _170_/X (sky130_fd_sc_hd__clkbuf_1)
                                         _062_ (net)
                  0.04    0.00    2.12 v _360_/D (sky130_fd_sc_hd__dfrtp_4)
                                  2.12   data arrival time

                         10.00   10.00   clock clk (rise edge)
                          0.00   10.00   clock source latency
     1    0.02    0.08    0.05   10.05 ^ clk (in)
                                         clk (net)
                  0.08    0.00   10.05 ^ clkbuf_0_clk/A (sky130_fd_sc_hd__clkbuf_16)
     4    0.04    0.06    0.15   10.20 ^ clkbuf_0_clk/X (sky130_fd_sc_hd__clkbuf_16)
                                         clknet_0_clk (net)
                  0.06    0.00   10.20 ^ clkbuf_2_3__f_clk/A (sky130_fd_sc_hd__clkbuf_16)
     8    0.03    0.05    0.13   10.33 ^ clkbuf_2_3__f_clk/X (sky130_fd_sc_hd__clkbuf_16)
                                         clknet_2_3__leaf_clk (net)
                  0.05    0.00   10.33 ^ _360_/CLK (sky130_fd_sc_hd__dfrtp_4)
                         -0.25   10.08   clock uncertainty
                          0.02   10.10   clock reconvergence pessimism
                         -0.11    9.99   library setup time
                                  9.99   data required time
-----------------------------------------------------------------------------
                                  9.99   data required time
                                 -2.12   data arrival time
-----------------------------------------------------------------------------
                                  7.87   slack (MET)


Startpoint: rst (input port clocked by clk)
Endpoint: _361_ (recovery check against rising-edge clock clk)
Path Group: asynchronous
Path Type: max

Fanout     Cap    Slew   Delay    Time   Description
-----------------------------------------------------------------------------
                          0.00    0.00   clock clk (rise edge)
                          0.00    0.00   clock network delay (propagated)
                          2.00    2.00 v input external delay
     1    0.00    0.01    0.00    2.00 v rst (in)
                                         rst (net)
                  0.01    0.00    2.00 v input1/A (sky130_fd_sc_hd__clkbuf_4)
     5    0.04    0.09    0.19    2.19 v input1/X (sky130_fd_sc_hd__clkbuf_4)
                                         net1 (net)
                  0.09    0.00    2.19 v _329_/A (sky130_fd_sc_hd__inv_2)
     1    0.01    0.06    0.09    2.29 ^ _329_/Y (sky130_fd_sc_hd__inv_2)
                                         _059_ (net)
                  0.06    0.00    2.29 ^ _361_/RESET_B (sky130_fd_sc_hd__dfrtp_4)
                                  2.29   data arrival time

                         10.00   10.00   clock clk (rise edge)
                          0.00   10.00   clock source latency
     1    0.02    0.08    0.05   10.05 ^ clk (in)
                                         clk (net)
                  0.08    0.00   10.05 ^ clkbuf_0_clk/A (sky130_fd_sc_hd__clkbuf_16)
     4    0.04    0.06    0.15   10.20 ^ clkbuf_0_clk/X (sky130_fd_sc_hd__clkbuf_16)
                                         clknet_0_clk (net)
                  0.06    0.00   10.20 ^ clkbuf_2_0__f_clk/A (sky130_fd_sc_hd__clkbuf_16)
     9    0.03    0.05    0.13   10.33 ^ clkbuf_2_0__f_clk/X (sky130_fd_sc_hd__clkbuf_16)
                                         clknet_2_0__leaf_clk (net)
                  0.05    0.00   10.33 ^ _361_/CLK (sky130_fd_sc_hd__dfrtp_4)
                         -0.25   10.08   clock uncertainty
                          0.00   10.08   clock reconvergence pessimism
                          0.21   10.30   library recovery time
                                 10.30   data required time
-----------------------------------------------------------------------------
                                 10.30   data required time
                                 -2.29   data arrival time
-----------------------------------------------------------------------------
                                  8.01   slack (MET)


Startpoint: rst (input port clocked by clk)
Endpoint: _360_ (recovery check against rising-edge clock clk)
Path Group: asynchronous
Path Type: max

Fanout     Cap    Slew   Delay    Time   Description
-----------------------------------------------------------------------------
                          0.00    0.00   clock clk (rise edge)
                          0.00    0.00   clock network delay (propagated)
                          2.00    2.00 v input external delay
     1    0.00    0.01    0.00    2.00 v rst (in)
                                         rst (net)
                  0.01    0.00    2.00 v input1/A (sky130_fd_sc_hd__clkbuf_4)
     5    0.04    0.09    0.19    2.19 v input1/X (sky130_fd_sc_hd__clkbuf_4)
                                         net1 (net)
                  0.09    0.00    2.19 v _328_/A (sky130_fd_sc_hd__inv_2)
     1    0.01    0.06    0.09    2.28 ^ _328_/Y (sky130_fd_sc_hd__inv_2)
                                         _058_ (net)
                  0.06    0.00    2.28 ^ _360_/RESET_B (sky130_fd_sc_hd__dfrtp_4)
                                  2.28   data arrival time

                         10.00   10.00   clock clk (rise edge)
                          0.00   10.00   clock source latency
     1    0.02    0.08    0.05   10.05 ^ clk (in)
                                         clk (net)
                  0.08    0.00   10.05 ^ clkbuf_0_clk/A (sky130_fd_sc_hd__clkbuf_16)
     4    0.04    0.06    0.15   10.20 ^ clkbuf_0_clk/X (sky130_fd_sc_hd__clkbuf_16)
                                         clknet_0_clk (net)
                  0.06    0.00   10.20 ^ clkbuf_2_3__f_clk/A (sky130_fd_sc_hd__clkbuf_16)
     8    0.03    0.05    0.13   10.33 ^ clkbuf_2_3__f_clk/X (sky130_fd_sc_hd__clkbuf_16)
                                         clknet_2_3__leaf_clk (net)
                  0.05    0.00   10.33 ^ _360_/CLK (sky130_fd_sc_hd__dfrtp_4)
                         -0.25   10.08   clock uncertainty
                          0.00   10.08   clock reconvergence pessimism
                          0.22   10.30   library recovery time
                                 10.30   data required time
-----------------------------------------------------------------------------
                                 10.30   data required time
                                 -2.28   data arrival time
-----------------------------------------------------------------------------
                                  8.02   slack (MET)


Startpoint: _361_ (rising edge-triggered flip-flop clocked by clk)
Endpoint: _358_ (rising edge-triggered flip-flop clocked by clk)
Path Group: clk
Path Type: max

Fanout     Cap    Slew   Delay    Time   Description
-----------------------------------------------------------------------------
                          0.00    0.00   clock clk (rise edge)
                          0.00    0.00   clock source latency
     1    0.02    0.08    0.06    0.06 ^ clk (in)
                                         clk (net)
                  0.08    0.00    0.06 ^ clkbuf_0_clk/A (sky130_fd_sc_hd__clkbuf_16)
     4    0.04    0.06    0.16    0.22 ^ clkbuf_0_clk/X (sky130_fd_sc_hd__clkbuf_16)
                                         clknet_0_clk (net)
                  0.06    0.00    0.22 ^ clkbuf_2_0__f_clk/A (sky130_fd_sc_hd__clkbuf_16)
     9    0.03    0.05    0.15    0.37 ^ clkbuf_2_0__f_clk/X (sky130_fd_sc_hd__clkbuf_16)
                                         clknet_2_0__leaf_clk (net)
                  0.05    0.00    0.37 ^ _361_/CLK (sky130_fd_sc_hd__dfrtp_4)
     6    0.03    0.09    0.55    0.91 v _361_/Q (sky130_fd_sc_hd__dfrtp_4)
                                         decoder.digit[3] (net)
                  0.09    0.00    0.91 v _165_/A (sky130_fd_sc_hd__nor2_2)
     2    0.02    0.21    0.23    1.15 ^ _165_/Y (sky130_fd_sc_hd__nor2_2)
                                         _066_ (net)
                  0.21    0.00    1.15 ^ _166_/B (sky130_fd_sc_hd__nand2_2)
     3    0.02    0.11    0.15    1.30 v _166_/Y (sky130_fd_sc_hd__nand2_2)
                                         _067_ (net)
                  0.11    0.00    1.30 v _173_/A2 (sky130_fd_sc_hd__a21oi_1)
     1    0.01    0.22    0.26    1.56 ^ _173_/Y (sky130_fd_sc_hd__a21oi_1)
                                         _072_ (net)
                  0.22    0.00    1.56 ^ _174_/B1 (sky130_fd_sc_hd__a21oi_1)
     1    0.01    0.08    0.10    1.66 v _174_/Y (sky130_fd_sc_hd__a21oi_1)
                                         _060_ (net)
                  0.08    0.00    1.66 v _358_/D (sky130_fd_sc_hd__dfrtp_4)
                                  1.66   data arrival time

                         10.00   10.00   clock clk (rise edge)
                          0.00   10.00   clock source latency
     1    0.02    0.08    0.05   10.05 ^ clk (in)
                                         clk (net)
                  0.08    0.00   10.05 ^ clkbuf_0_clk/A (sky130_fd_sc_hd__clkbuf_16)
     4    0.04    0.06    0.15   10.20 ^ clkbuf_0_clk/X (sky130_fd_sc_hd__clkbuf_16)
                                         clknet_0_clk (net)
                  0.06    0.00   10.20 ^ clkbuf_2_2__f_clk/A (sky130_fd_sc_hd__clkbuf_16)
     7    0.03    0.05    0.14   10.33 ^ clkbuf_2_2__f_clk/X (sky130_fd_sc_hd__clkbuf_16)
                                         clknet_2_2__leaf_clk (net)
                  0.05    0.00   10.33 ^ _358_/CLK (sky130_fd_sc_hd__dfrtp_4)
                         -0.25   10.08   clock uncertainty
                          0.02   10.10   clock reconvergence pessimism
                         -0.13    9.98   library setup time
                                  9.98   data required time
-----------------------------------------------------------------------------
                                  9.98   data required time
                                 -1.66   data arrival time
-----------------------------------------------------------------------------
                                  8.32   slack (MET)


Startpoint: _358_ (rising edge-triggered flip-flop clocked by clk)
Endpoint: _361_ (rising edge-triggered flip-flop clocked by clk)
Path Group: clk
Path Type: max

Fanout     Cap    Slew   Delay    Time   Description
-----------------------------------------------------------------------------
                          0.00    0.00   clock clk (rise edge)
                          0.00    0.00   clock source latency
     1    0.02    0.08    0.06    0.06 ^ clk (in)
                                         clk (net)
                  0.08    0.00    0.06 ^ clkbuf_0_clk/A (sky130_fd_sc_hd__clkbuf_16)
     4    0.04    0.06    0.16    0.22 ^ clkbuf_0_clk/X (sky130_fd_sc_hd__clkbuf_16)
                                         clknet_0_clk (net)
                  0.06    0.00    0.22 ^ clkbuf_2_2__f_clk/A (sky130_fd_sc_hd__clkbuf_16)
     7    0.03    0.05    0.15    0.37 ^ clkbuf_2_2__f_clk/X (sky130_fd_sc_hd__clkbuf_16)
                                         clknet_2_2__leaf_clk (net)
                  0.05    0.00    0.37 ^ _358_/CLK (sky130_fd_sc_hd__dfrtp_4)
     8    0.03    0.10    0.55    0.92 v _358_/Q (sky130_fd_sc_hd__dfrtp_4)
                                         decoder.digit[0] (net)
                  0.10    0.00    0.92 v _162_/C (sky130_fd_sc_hd__and3_2)
     3    0.02    0.07    0.29    1.21 v _162_/X (sky130_fd_sc_hd__and3_2)
                                         _064_ (net)
                  0.07    0.00    1.21 v _163_/B (sky130_fd_sc_hd__nand2_1)
     2    0.01    0.11    0.13    1.34 ^ _163_/Y (sky130_fd_sc_hd__nand2_1)
                                         _065_ (net)
                  0.11    0.00    1.34 ^ _164_/B (sky130_fd_sc_hd__xnor2_1)
     1    0.01    0.17    0.15    1.49 ^ _164_/Y (sky130_fd_sc_hd__xnor2_1)
                                         _063_ (net)
                  0.17    0.00    1.49 ^ _361_/D (sky130_fd_sc_hd__dfrtp_4)
                                  1.49   data arrival time

                         10.00   10.00   clock clk (rise edge)
                          0.00   10.00   clock source latency
     1    0.02    0.08    0.05   10.05 ^ clk (in)
                                         clk (net)
                  0.08    0.00   10.05 ^ clkbuf_0_clk/A (sky130_fd_sc_hd__clkbuf_16)
     4    0.04    0.06    0.15   10.20 ^ clkbuf_0_clk/X (sky130_fd_sc_hd__clkbuf_16)
                                         clknet_0_clk (net)
                  0.06    0.00   10.20 ^ clkbuf_2_0__f_clk/A (sky130_fd_sc_hd__clkbuf_16)
     9    0.03    0.05    0.13   10.33 ^ clkbuf_2_0__f_clk/X (sky130_fd_sc_hd__clkbuf_16)
                                         clknet_2_0__leaf_clk (net)
                  0.05    0.00   10.33 ^ _361_/CLK (sky130_fd_sc_hd__dfrtp_4)
                         -0.25   10.08   clock uncertainty
                          0.02   10.10   clock reconvergence pessimism
                         -0.09   10.01   library setup time
                                 10.01   data required time
-----------------------------------------------------------------------------
                                 10.01   data required time
                                 -1.49   data arrival time
-----------------------------------------------------------------------------
                                  8.52   slack (MET)


Startpoint: _358_ (rising edge-triggered flip-flop clocked by clk)
Endpoint: _359_ (rising edge-triggered flip-flop clocked by clk)
Path Group: clk
Path Type: max

Fanout     Cap    Slew   Delay    Time   Description
-----------------------------------------------------------------------------
                          0.00    0.00   clock clk (rise edge)
                          0.00    0.00   clock source latency
     1    0.02    0.08    0.06    0.06 ^ clk (in)
                                         clk (net)
                  0.08    0.00    0.06 ^ clkbuf_0_clk/A (sky130_fd_sc_hd__clkbuf_16)
     4    0.04    0.06    0.16    0.22 ^ clkbuf_0_clk/X (sky130_fd_sc_hd__clkbuf_16)
                                         clknet_0_clk (net)
                  0.06    0.00    0.22 ^ clkbuf_2_2__f_clk/A (sky130_fd_sc_hd__clkbuf_16)
     7    0.03    0.05    0.15    0.37 ^ clkbuf_2_2__f_clk/X (sky130_fd_sc_hd__clkbuf_16)
                                         clknet_2_2__leaf_clk (net)
                  0.05    0.00    0.37 ^ _358_/CLK (sky130_fd_sc_hd__dfrtp_4)
     8    0.03    0.10    0.55    0.92 v _358_/Q (sky130_fd_sc_hd__dfrtp_4)
                                         decoder.digit[0] (net)
                  0.10    0.00    0.92 v _162_/C (sky130_fd_sc_hd__and3_2)
     3    0.02    0.07    0.29    1.21 v _162_/X (sky130_fd_sc_hd__and3_2)
                                         _064_ (net)
                  0.07    0.00    1.21 v _172_/A (sky130_fd_sc_hd__nor2_1)
     1    0.01    0.19    0.20    1.41 ^ _172_/Y (sky130_fd_sc_hd__nor2_1)
                                         _061_ (net)
                  0.19    0.00    1.41 ^ _359_/D (sky130_fd_sc_hd__dfrtp_4)
                                  1.41   data arrival time

                         10.00   10.00   clock clk (rise edge)
                          0.00   10.00   clock source latency
     1    0.02    0.08    0.05   10.05 ^ clk (in)
                                         clk (net)
                  0.08    0.00   10.05 ^ clkbuf_0_clk/A (sky130_fd_sc_hd__clkbuf_16)
     4    0.04    0.06    0.15   10.20 ^ clkbuf_0_clk/X (sky130_fd_sc_hd__clkbuf_16)
                                         clknet_0_clk (net)
                  0.06    0.00   10.20 ^ clkbuf_2_0__f_clk/A (sky130_fd_sc_hd__clkbuf_16)
     9    0.03    0.05    0.13   10.33 ^ clkbuf_2_0__f_clk/X (sky130_fd_sc_hd__clkbuf_16)
                                         clknet_2_0__leaf_clk (net)
                  0.05    0.00   10.33 ^ _359_/CLK (sky130_fd_sc_hd__dfrtp_4)
                         -0.25   10.08   clock uncertainty
                          0.02   10.10   clock reconvergence pessimism
                         -0.10   10.01   library setup time
                                 10.01   data required time
-----------------------------------------------------------------------------
                                 10.01   data required time
                                 -1.41   data arrival time
-----------------------------------------------------------------------------
                                  8.60   slack (MET)



worst slack corner Typical: 5.6083
