
===========================================================================
report_checks -path_delay max (Setup)
============================================================================
======================= Typical Corner ===================================

Startpoint: _361_ (rising edge-triggered flip-flop clocked by clk)
Endpoint: seg[0] (output port clocked by clk)
Path Group: clk
Path Type: max

Fanout     Cap    Slew   Delay    Time   Description
-----------------------------------------------------------------------------
                          0.00    0.00   clock clk (rise edge)
                          0.00    0.00   clock source latency
     1    0.01    0.04    0.03    0.03 ^ clk (in)
                                         clk (net)
                  0.04    0.00    0.03 ^ clkbuf_0_clk/A (sky130_fd_sc_hd__clkbuf_16)
     4    0.03    0.05    0.14    0.17 ^ clkbuf_0_clk/X (sky130_fd_sc_hd__clkbuf_16)
                                         clknet_0_clk (net)
                  0.05    0.00    0.17 ^ clkbuf_2_0__f_clk/A (sky130_fd_sc_hd__clkbuf_16)
     9    0.02    0.05    0.14    0.31 ^ clkbuf_2_0__f_clk/X (sky130_fd_sc_hd__clkbuf_16)
                                         clknet_2_0__leaf_clk (net)
                  0.05    0.00    0.31 ^ _361_/CLK (sky130_fd_sc_hd__dfrtp_4)
     6    0.03    0.10    0.55    0.86 v _361_/Q (sky130_fd_sc_hd__dfrtp_4)
                                         decoder.digit[3] (net)
                  0.10    0.00    0.86 v _285_/A (sky130_fd_sc_hd__nor2_2)
     4    0.03    0.29    0.30    1.15 ^ _285_/Y (sky130_fd_sc_hd__nor2_2)
                                         _155_ (net)
                  0.29    0.00    1.16 ^ _286_/C (sky130_fd_sc_hd__and3b_1)
     2    0.01    0.13    0.28    1.43 ^ _286_/X (sky130_fd_sc_hd__and3b_1)
                                         _156_ (net)
                  0.13    0.00    1.43 ^ _287_/C1 (sky130_fd_sc_hd__a2111o_1)
     2    0.01    0.14    0.19    1.63 ^ _287_/X (sky130_fd_sc_hd__a2111o_1)
                                         net5 (net)
                  0.14    0.00    1.63 ^ _370_/A (sky130_fd_sc_hd__buf_1)
     1    0.01    0.09    0.14    1.77 ^ _370_/X (sky130_fd_sc_hd__buf_1)
                                         net2 (net)
                  0.09    0.00    1.77 ^ output2/A (sky130_fd_sc_hd__buf_2)
     1    0.04    0.18    0.23    2.00 ^ output2/X (sky130_fd_sc_hd__buf_2)
                                         seg[0] (net)
                  0.18    0.00    2.00 ^ seg[0] (out)
                                  2.00   data arrival time

                         10.00   10.00   clock clk (rise edge)
                          0.00   10.00   clock network delay (propagated)
                         -0.25    9.75   clock uncertainty
                          0.00    9.75   clock reconvergence pessimism
                         -2.00    7.75   output external delay
                                  7.75   data required time
-----------------------------------------------------------------------------
                                  7.75   data required time
                                 -2.00   data arrival time
-----------------------------------------------------------------------------
                                  5.75   slack (MET)


Startpoint: _361_ (rising edge-triggered flip-flop clocked by clk)
Endpoint: seg[5] (output port clocked by clk)
Path Group: clk
Path Type: max

Fanout     Cap    Slew   Delay    Time   Description
-----------------------------------------------------------------------------
                          0.00    0.00   clock clk (rise edge)
                          0.00    0.00   clock source latency
     1    0.01    0.04    0.03    0.03 ^ clk (in)
                                         clk (net)
                  0.04    0.00    0.03 ^ clkbuf_0_clk/A (sky130_fd_sc_hd__clkbuf_16)
     4    0.03    0.05    0.14    0.17 ^ clkbuf_0_clk/X (sky130_fd_sc_hd__clkbuf_16)
                                         clknet_0_clk (net)
                  0.05    0.00    0.17 ^ clkbuf_2_0__f_clk/A (sky130_fd_sc_hd__clkbuf_16)
     9    0.02    0.05    0.14    0.31 ^ clkbuf_2_0__f_clk/X (sky130_fd_sc_hd__clkbuf_16)
                                         clknet_2_0__leaf_clk (net)
                  0.05    0.00    0.31 ^ _361_/CLK (sky130_fd_sc_hd__dfrtp_4)
     6    0.03    0.10    0.55    0.86 v _361_/Q (sky130_fd_sc_hd__dfrtp_4)
                                         decoder.digit[3] (net)
                  0.10    0.00    0.86 v _285_/A (sky130_fd_sc_hd__nor2_2)
     4    0.03    0.29    0.30    1.15 ^ _285_/Y (sky130_fd_sc_hd__nor2_2)
                                         _155_ (net)
                  0.29    0.00    1.16 ^ _286_/C (sky130_fd_sc_hd__and3b_1)
     2    0.01    0.13    0.28    1.43 ^ _286_/X (sky130_fd_sc_hd__and3b_1)
                                         _156_ (net)
                  0.13    0.00    1.43 ^ _292_/C (sky130_fd_sc_hd__or3_1)
     1    0.01    0.08    0.15    1.59 ^ _292_/X (sky130_fd_sc_hd__or3_1)
                                         _158_ (net)
                  0.08    0.00    1.59 ^ _293_/A (sky130_fd_sc_hd__clkbuf_1)
     1    0.00    0.03    0.09    1.67 ^ _293_/X (sky130_fd_sc_hd__clkbuf_1)
                                         net7 (net)
                  0.03    0.00    1.67 ^ output7/A (sky130_fd_sc_hd__buf_2)
     1    0.03    0.17    0.20    1.88 ^ output7/X (sky130_fd_sc_hd__buf_2)
                                         seg[5] (net)
                  0.17    0.00    1.88 ^ seg[5] (out)
                                  1.88   data arrival time

                         10.00   10.00   clock clk (rise edge)
                          0.00   10.00   clock network delay (propagated)
                         -0.25    9.75   clock uncertainty
                          0.00    9.75   clock reconvergence pessimism
                         -2.00    7.75   output external delay
                                  7.75   data required time
-----------------------------------------------------------------------------
                                  7.75   data required time
                                 -1.88   data arrival time
-----------------------------------------------------------------------------
                                  5.87   slack (MET)


Startpoint: _361_ (rising edge-triggered flip-flop clocked by clk)
Endpoint: seg[3] (output port clocked by clk)
Path Group: clk
Path Type: max

Fanout     Cap    Slew   Delay    Time   Description
-----------------------------------------------------------------------------
                          0.00    0.00   clock clk (rise edge)
                          0.00    0.00   clock source latency
     1    0.01    0.04    0.03    0.03 ^ clk (in)
                                         clk (net)
                  0.04    0.00    0.03 ^ clkbuf_0_clk/A (sky130_fd_sc_hd__clkbuf_16)
     4    0.03    0.05    0.14    0.17 ^ clkbuf_0_clk/X (sky130_fd_sc_hd__clkbuf_16)
                                         clknet_0_clk (net)
                  0.05    0.00    0.17 ^ clkbuf_2_0__f_clk/A (sky130_fd_sc_hd__clkbuf_16)
     9    0.02    0.05    0.14    0.31 ^ clkbuf_2_0__f_clk/X (sky130_fd_sc_hd__clkbuf_16)
                                         clknet_2_0__leaf_clk (net)
                  0.05    0.00    0.31 ^ _361_/CLK (sky130_fd_sc_hd__dfrtp_4)
     6    0.03    0.10    0.55    0.86 v _361_/Q (sky130_fd_sc_hd__dfrtp_4)
                                         decoder.digit[3] (net)
                  0.10    0.00    0.86 v _285_/A (sky130_fd_sc_hd__nor2_2)
     4    0.03    0.29    0.30    1.15 ^ _285_/Y (sky130_fd_sc_hd__nor2_2)
                                         _155_ (net)
                  0.29    0.00    1.16 ^ _286_/C (sky130_fd_sc_hd__and3b_1)
     2    0.01    0.13    0.28    1.43 ^ _286_/X (sky130_fd_sc_hd__and3b_1)
                                         _156_ (net)
                  0.13    0.00    1.43 ^ _287_/C1 (sky130_fd_sc_hd__a2111o_1)
     2    0.01    0.14    0.19    1.63 ^ _287_/X (sky130_fd_sc_hd__a2111o_1)
                                         net5 (net)
                  0.14    0.00    1.63 ^ output5/A (sky130_fd_sc_hd__buf_2)
     1    0.03    0.17    0.24    1.87 ^ output5/X (sky130_fd_sc_hd__buf_2)
                                         seg[3] (net)
                  0.17    0.00    1.87 ^ seg[3] (out)
                                  1.87   data arrival time

                         10.00   10.00   clock clk (rise edge)
                          0.00   10.00   clock network delay (propagated)
                         -0.25    9.75   clock uncertainty
                          0.00    9.75   clock reconvergence pessimism
                         -2.00    7.75   output external delay
                                  7.75   data required time
-----------------------------------------------------------------------------
                                  7.75   data required time
                                 -1.87   data arrival time
-----------------------------------------------------------------------------
                                  5.88   slack (MET)


Startpoint: _361_ (rising edge-triggered flip-flop clocked by clk)
Endpoint: seg[1] (output port clocked by clk)
Path Group: clk
Path Type: max

Fanout     Cap    Slew   Delay    Time   Description
-----------------------------------------------------------------------------
                          0.00    0.00   clock clk (rise edge)
                          0.00    0.00   clock source latency
     1    0.01    0.04    0.03    0.03 ^ clk (in)
                                         clk (net)
                  0.04    0.00    0.03 ^ clkbuf_0_clk/A (sky130_fd_sc_hd__clkbuf_16)
     4    0.03    0.05    0.14    0.17 ^ clkbuf_0_clk/X (sky130_fd_sc_hd__clkbuf_16)
                                         clknet_0_clk (net)
                  0.05    0.00    0.17 ^ clkbuf_2_0__f_clk/A (sky130_fd_sc_hd__clkbuf_16)
     9    0.02    0.05    0.14    0.31 ^ clkbuf_2_0__f_clk/X (sky130_fd_sc_hd__clkbuf_16)
                                         clknet_2_0__leaf_clk (net)
                  0.05    0.00    0.31 ^ _361_/CLK (sky130_fd_sc_hd__dfrtp_4)
     6    0.03    0.10    0.55    0.86 v _361_/Q (sky130_fd_sc_hd__dfrtp_4)
                                         decoder.digit[3] (net)
                  0.10    0.00    0.86 v _165_/A (sky130_fd_sc_hd__nor2_2)
     2    0.01    0.11    0.15    1.01 ^ _165_/Y (sky130_fd_sc_hd__nor2_2)
                                         _066_ (net)
                  0.11    0.00    1.01 ^ _166_/B (sky130_fd_sc_hd__nand2_2)
     3    0.01    0.05    0.08    1.09 v _166_/Y (sky130_fd_sc_hd__nand2_2)
                                         _067_ (net)
                  0.05    0.00    1.09 v _167_/B (sky130_fd_sc_hd__nor2_2)
     3    0.02    0.24    0.22    1.30 ^ _167_/Y (sky130_fd_sc_hd__nor2_2)
                                         _068_ (net)
                  0.24    0.00    1.30 ^ _288_/A (sky130_fd_sc_hd__nor2_1)
     1    0.00    0.07    0.09    1.40 v _288_/Y (sky130_fd_sc_hd__nor2_1)
                                         net3 (net)
                  0.07    0.00    1.40 v output3/A (sky130_fd_sc_hd__buf_2)
     1    0.03    0.09    0.20    1.60 v output3/X (sky130_fd_sc_hd__buf_2)
                                         seg[1] (net)
                  0.09    0.00    1.60 v seg[1] (out)
                                  1.60   data arrival time

                         10.00   10.00   clock clk (rise edge)
                          0.00   10.00   clock network delay (propagated)
                         -0.25    9.75   clock uncertainty
                          0.00    9.75   clock reconvergence pessimism
                         -2.00    7.75   output external delay
                                  7.75   data required time
-----------------------------------------------------------------------------
                                  7.75   data required time
                                 -1.60   data arrival time
-----------------------------------------------------------------------------
                                  6.15   slack (MET)


Startpoint: _361_ (rising edge-triggered flip-flop clocked by clk)
Endpoint: seg[4] (output port clocked by clk)
Path Group: clk
Path Type: max

Fanout     Cap    Slew   Delay    Time   Description
-----------------------------------------------------------------------------
                          0.00    0.00   clock clk (rise edge)
                          0.00    0.00   clock source latency
     1    0.01    0.04    0.03    0.03 ^ clk (in)
                                         clk (net)
                  0.04    0.00    0.03 ^ clkbuf_0_clk/A (sky130_fd_sc_hd__clkbuf_16)
     4    0.03    0.05    0.14    0.17 ^ clkbuf_0_clk/X (sky130_fd_sc_hd__clkbuf_16)
                                         clknet_0_clk (net)
                  0.05    0.00    0.17 ^ clkbuf_2_0__f_clk/A (sky130_fd_sc_hd__clkbuf_16)
     9    0.02    0.05    0.14    0.31 ^ clkbuf_2_0__f_clk/X (sky130_fd_sc_hd__clkbuf_16)
                                         clknet_2_0__leaf_clk (net)
                  0.05    0.00    0.31 ^ _361_/CLK (sky130_fd_sc_hd__dfrtp_4)
     6    0.03    0.10    0.55    0.86 v _361_/Q (sky130_fd_sc_hd__dfrtp_4)
                                         decoder.digit[3] (net)
                  0.10    0.00    0.86 v _290_/A (sky130_fd_sc_hd__or3_1)
     1    0.00    0.07    0.41    1.27 v _290_/X (sky130_fd_sc_hd__or3_1)
                                         _157_ (net)
                  0.07    0.00    1.27 v _291_/A (sky130_fd_sc_hd__buf_1)
     1    0.01    0.05    0.13    1.40 v _291_/X (sky130_fd_sc_hd__buf_1)
                                         net6 (net)
                  0.05    0.00    1.40 v output6/A (sky130_fd_sc_hd__buf_2)
     1    0.04    0.09    0.20    1.60 v output6/X (sky130_fd_sc_hd__buf_2)
                                         seg[4] (net)
                  0.09    0.00    1.60 v seg[4] (out)
                                  1.60   data arrival time

                         10.00   10.00   clock clk (rise edge)
                          0.00   10.00   clock network delay (propagated)
                         -0.25    9.75   clock uncertainty
                          0.00    9.75   clock reconvergence pessimism
                         -2.00    7.75   output external delay
                                  7.75   data required time
-----------------------------------------------------------------------------
                                  7.75   data required time
                                 -1.60   data arrival time
-----------------------------------------------------------------------------
                                  6.15   slack (MET)


Startpoint: _361_ (rising edge-triggered flip-flop clocked by clk)
Endpoint: seg[6] (output port clocked by clk)
Path Group: clk
Path Type: max

Fanout     Cap    Slew   Delay    Time   Description
-----------------------------------------------------------------------------
                          0.00    0.00   clock clk (rise edge)
                          0.00    0.00   clock source latency
     1    0.01    0.04    0.03    0.03 ^ clk (in)
                                         clk (net)
                  0.04    0.00    0.03 ^ clkbuf_0_clk/A (sky130_fd_sc_hd__clkbuf_16)
     4    0.03    0.05    0.14    0.17 ^ clkbuf_0_clk/X (sky130_fd_sc_hd__clkbuf_16)
                                         clknet_0_clk (net)
                  0.05    0.00    0.17 ^ clkbuf_2_0__f_clk/A (sky130_fd_sc_hd__clkbuf_16)
     9    0.02    0.05    0.14    0.31 ^ clkbuf_2_0__f_clk/X (sky130_fd_sc_hd__clkbuf_16)
                                         clknet_2_0__leaf_clk (net)
                  0.05    0.00    0.31 ^ _361_/CLK (sky130_fd_sc_hd__dfrtp_4)
     6    0.03    0.10    0.55    0.86 v _361_/Q (sky130_fd_sc_hd__dfrtp_4)
                                         decoder.digit[3] (net)
                  0.10    0.00    0.86 v _285_/A (sky130_fd_sc_hd__nor2_2)
     4    0.03    0.29    0.30    1.15 ^ _285_/Y (sky130_fd_sc_hd__nor2_2)
                                         _155_ (net)
                  0.29    0.00    1.16 ^ _294_/A2 (sky130_fd_sc_hd__a21boi_2)
     1    0.01    0.08    0.13    1.29 v _294_/Y (sky130_fd_sc_hd__a21boi_2)
                                         net8 (net)
                  0.08    0.00    1.29 v output8/A (sky130_fd_sc_hd__buf_2)
     1    0.03    0.09    0.21    1.50 v output8/X (sky130_fd_sc_hd__buf_2)
                                         seg[6] (net)
                  0.09    0.00    1.50 v seg[6] (out)
                                  1.50   data arrival time

                         10.00   10.00   clock clk (rise edge)
                          0.00   10.00   clock network delay (propagated)
                         -0.25    9.75   clock uncertainty
                          0.00    9.75   clock reconvergence pessimism
                         -2.00    7.75   output external delay
                                  7.75   data required time
-----------------------------------------------------------------------------
                                  7.75   data required time
                                 -1.50   data arrival time
-----------------------------------------------------------------------------
                                  6.25   slack (MET)


Startpoint: _361_ (rising edge-triggered flip-flop clocked by clk)
Endpoint: seg[2] (output port clocked by clk)
Path Group: clk
Path Type: max

Fanout     Cap    Slew   Delay    Time   Description
-----------------------------------------------------------------------------
                          0.00    0.00   clock clk (rise edge)
                          0.00    0.00   clock source latency
     1    0.01    0.04    0.03    0.03 ^ clk (in)
                                         clk (net)
                  0.04    0.00    0.03 ^ clkbuf_0_clk/A (sky130_fd_sc_hd__clkbuf_16)
     4    0.03    0.05    0.14    0.17 ^ clkbuf_0_clk/X (sky130_fd_sc_hd__clkbuf_16)
                                         clknet_0_clk (net)
                  0.05    0.00    0.17 ^ clkbuf_2_0__f_clk/A (sky130_fd_sc_hd__clkbuf_16)
     9    0.02    0.05    0.14    0.31 ^ clkbuf_2_0__f_clk/X (sky130_fd_sc_hd__clkbuf_16)
                                         clknet_2_0__leaf_clk (net)
                  0.05    0.00    0.31 ^ _361_/CLK (sky130_fd_sc_hd__dfrtp_4)
     6    0.03    0.10    0.55    0.86 v _361_/Q (sky130_fd_sc_hd__dfrtp_4)
                                         decoder.digit[3] (net)
                  0.10    0.00    0.86 v _285_/A (sky130_fd_sc_hd__nor2_2)
     4    0.03    0.29    0.30    1.15 ^ _285_/Y (sky130_fd_sc_hd__nor2_2)
                                         _155_ (net)
                  0.29    0.00    1.16 ^ _289_/A2 (sky130_fd_sc_hd__a21oi_1)
     1    0.00    0.06    0.11    1.26 v _289_/Y (sky130_fd_sc_hd__a21oi_1)
                                         net4 (net)
                  0.06    0.00    1.26 v output4/A (sky130_fd_sc_hd__buf_2)
     1    0.04    0.09    0.20    1.47 v output4/X (sky130_fd_sc_hd__buf_2)
                                         seg[2] (net)
                  0.09    0.00    1.47 v seg[2] (out)
                                  1.47   data arrival time

                         10.00   10.00   clock clk (rise edge)
                          0.00   10.00   clock network delay (propagated)
                         -0.25    9.75   clock uncertainty
                          0.00    9.75   clock reconvergence pessimism
                         -2.00    7.75   output external delay
                                  7.75   data required time
-----------------------------------------------------------------------------
                                  7.75   data required time
                                 -1.47   data arrival time
-----------------------------------------------------------------------------
                                  6.28   slack (MET)


Startpoint: _342_ (rising edge-triggered flip-flop clocked by clk)
Endpoint: _335_ (rising edge-triggered flip-flop clocked by clk)
Path Group: clk
Path Type: max

Fanout     Cap    Slew   Delay    Time   Description
-----------------------------------------------------------------------------
                          0.00    0.00   clock clk (rise edge)
                          0.00    0.00   clock source latency
     1    0.01    0.04    0.03    0.03 ^ clk (in)
                                         clk (net)
                  0.04    0.00    0.03 ^ clkbuf_0_clk/A (sky130_fd_sc_hd__clkbuf_16)
     4    0.03    0.05    0.14    0.17 ^ clkbuf_0_clk/X (sky130_fd_sc_hd__clkbuf_16)
                                         clknet_0_clk (net)
                  0.05    0.00    0.17 ^ clkbuf_2_1__f_clk/A (sky130_fd_sc_hd__clkbuf_16)
    11    0.03    0.05    0.15    0.32 ^ clkbuf_2_1__f_clk/X (sky130_fd_sc_hd__clkbuf_16)
                                         clknet_2_1__leaf_clk (net)
                  0.05    0.00    0.32 ^ _342_/CLK (sky130_fd_sc_hd__dfrtp_2)
     5    0.02    0.08    0.46    0.78 v _342_/Q (sky130_fd_sc_hd__dfrtp_2)
                                         one_second_counter[12] (net)
                  0.08    0.00    0.78 v _180_/C (sky130_fd_sc_hd__and4_1)
     2    0.00    0.04    0.21    1.00 v _180_/X (sky130_fd_sc_hd__and4_1)
                                         _078_ (net)
                  0.04    0.00    1.00 v _181_/D (sky130_fd_sc_hd__or4_2)
     1    0.00    0.10    0.55    1.55 v _181_/X (sky130_fd_sc_hd__or4_2)
                                         _079_ (net)
                  0.10    0.00    1.55 v _184_/A3 (sky130_fd_sc_hd__o31a_1)
     1    0.00    0.05    0.27    1.82 v _184_/X (sky130_fd_sc_hd__o31a_1)
                                         _082_ (net)
                  0.05    0.00    1.82 v _186_/A2 (sky130_fd_sc_hd__o211ai_2)
     2    0.00    0.13    0.15    1.97 ^ _186_/Y (sky130_fd_sc_hd__o211ai_2)
                                         _084_ (net)
                  0.13    0.00    1.97 ^ _187_/A2 (sky130_fd_sc_hd__a21bo_2)
     9    0.02    0.11    0.21    2.18 ^ _187_/X (sky130_fd_sc_hd__a21bo_2)
                                         _085_ (net)
                  0.11    0.00    2.18 ^ _188_/A (sky130_fd_sc_hd__inv_2)
     2    0.01    0.05    0.07    2.25 v _188_/Y (sky130_fd_sc_hd__inv_2)
                                         _086_ (net)
                  0.05    0.00    2.25 v _189_/A (sky130_fd_sc_hd__buf_4)
    10    0.04    0.06    0.18    2.43 v _189_/X (sky130_fd_sc_hd__buf_4)
                                         _027_ (net)
                  0.06    0.00    2.43 v _209_/A (sky130_fd_sc_hd__nor3_1)
     1    0.01    0.30    0.32    2.75 ^ _209_/Y (sky130_fd_sc_hd__nor3_1)
                                         _022_ (net)
                  0.30    0.00    2.75 ^ _335_/D (sky130_fd_sc_hd__dfrtp_2)
                                  2.75   data arrival time

                         10.00   10.00   clock clk (rise edge)
                          0.00   10.00   clock source latency
     1    0.01    0.04    0.03   10.03 ^ clk (in)
                                         clk (net)
                  0.04    0.00   10.03 ^ clkbuf_0_clk/A (sky130_fd_sc_hd__clkbuf_16)
     4    0.03    0.05    0.13   10.15 ^ clkbuf_0_clk/X (sky130_fd_sc_hd__clkbuf_16)
                                         clknet_0_clk (net)
                  0.05    0.00   10.15 ^ clkbuf_2_2__f_clk/A (sky130_fd_sc_hd__clkbuf_16)
     7    0.03    0.05    0.13   10.28 ^ clkbuf_2_2__f_clk/X (sky130_fd_sc_hd__clkbuf_16)
                                         clknet_2_2__leaf_clk (net)
                  0.05    0.00   10.28 ^ _335_/CLK (sky130_fd_sc_hd__dfrtp_2)
                         -0.25   10.03   clock uncertainty
                          0.02   10.05   clock reconvergence pessimism
                         -0.12    9.93   library setup time
                                  9.93   data required time
-----------------------------------------------------------------------------
                                  9.93   data required time
                                 -2.75   data arrival time
-----------------------------------------------------------------------------
                                  7.18   slack (MET)


Startpoint: _342_ (rising edge-triggered flip-flop clocked by clk)
Endpoint: _354_ (rising edge-triggered flip-flop clocked by clk)
Path Group: clk
Path Type: max

Fanout     Cap    Slew   Delay    Time   Description
-----------------------------------------------------------------------------
                          0.00    0.00   clock clk (rise edge)
                          0.00    0.00   clock source latency
     1    0.01    0.04    0.03    0.03 ^ clk (in)
                                         clk (net)
                  0.04    0.00    0.03 ^ clkbuf_0_clk/A (sky130_fd_sc_hd__clkbuf_16)
     4    0.03    0.05    0.14    0.17 ^ clkbuf_0_clk/X (sky130_fd_sc_hd__clkbuf_16)
                                         clknet_0_clk (net)
                  0.05    0.00    0.17 ^ clkbuf_2_1__f_clk/A (sky130_fd_sc_hd__clkbuf_16)
    11    0.03    0.05    0.15    0.32 ^ clkbuf_2_1__f_clk/X (sky130_fd_sc_hd__clkbuf_16)
                                         clknet_2_1__leaf_clk (net)
                  0.05    0.00    0.32 ^ _342_/CLK (sky130_fd_sc_hd__dfrtp_2)
     5    0.02    0.08    0.46    0.78 v _342_/Q (sky130_fd_sc_hd__dfrtp_2)
                                         one_second_counter[12] (net)
                  0.08    0.00    0.78 v _180_/C (sky130_fd_sc_hd__and4_1)
     2    0.00    0.04    0.21    1.00 v _180_/X (sky130_fd_sc_hd__and4_1)
                                         _078_ (net)
                  0.04    0.00    1.00 v _181_/D (sky130_fd_sc_hd__or4_2)
     1    0.00    0.10    0.55    1.55 v _181_/X (sky130_fd_sc_hd__or4_2)
                                         _079_ (net)
                  0.10    0.00    1.55 v _184_/A3 (sky130_fd_sc_hd__o31a_1)
     1    0.00    0.05    0.27    1.82 v _184_/X (sky130_fd_sc_hd__o31a_1)
                                         _082_ (net)
                  0.05    0.00    1.82 v _186_/A2 (sky130_fd_sc_hd__o211ai_2)
     2    0.00    0.13    0.15    1.97 ^ _186_/Y (sky130_fd_sc_hd__o211ai_2)
                                         _084_ (net)
                  0.13    0.00    1.97 ^ _187_/A2 (sky130_fd_sc_hd__a21bo_2)
     9    0.02    0.11    0.21    2.18 ^ _187_/X (sky130_fd_sc_hd__a21bo_2)
                                         _085_ (net)
                  0.11    0.00    2.18 ^ _188_/A (sky130_fd_sc_hd__inv_2)
     2    0.01    0.05    0.07    2.25 v _188_/Y (sky130_fd_sc_hd__inv_2)
                                         _086_ (net)
                  0.05    0.00    2.25 v _189_/A (sky130_fd_sc_hd__buf_4)
    10    0.04    0.06    0.18    2.43 v _189_/X (sky130_fd_sc_hd__buf_4)
                                         _027_ (net)
                  0.06    0.00    2.43 v _278_/A (sky130_fd_sc_hd__nor3_1)
     1    0.01    0.29    0.31    2.74 ^ _278_/Y (sky130_fd_sc_hd__nor3_1)
                                         _016_ (net)
                  0.29    0.00    2.74 ^ _354_/D (sky130_fd_sc_hd__dfrtp_4)
                                  2.74   data arrival time

                         10.00   10.00   clock clk (rise edge)
                          0.00   10.00   clock source latency
     1    0.01    0.04    0.03   10.03 ^ clk (in)
                                         clk (net)
                  0.04    0.00   10.03 ^ clkbuf_0_clk/A (sky130_fd_sc_hd__clkbuf_16)
     4    0.03    0.05    0.13   10.15 ^ clkbuf_0_clk/X (sky130_fd_sc_hd__clkbuf_16)
                                         clknet_0_clk (net)
                  0.05    0.00   10.15 ^ clkbuf_2_3__f_clk/A (sky130_fd_sc_hd__clkbuf_16)
     8    0.02    0.04    0.12   10.28 ^ clkbuf_2_3__f_clk/X (sky130_fd_sc_hd__clkbuf_16)
                                         clknet_2_3__leaf_clk (net)
                  0.04    0.00   10.28 ^ _354_/CLK (sky130_fd_sc_hd__dfrtp_4)
                         -0.25   10.03   clock uncertainty
                          0.02   10.04   clock reconvergence pessimism
                         -0.12    9.92   library setup time
                                  9.92   data required time
-----------------------------------------------------------------------------
                                  9.92   data required time
                                 -2.74   data arrival time
-----------------------------------------------------------------------------
                                  7.19   slack (MET)


Startpoint: _330_ (rising edge-triggered flip-flop clocked by clk)
Endpoint: _353_ (rising edge-triggered flip-flop clocked by clk)
Path Group: clk
Path Type: max

Fanout     Cap    Slew   Delay    Time   Description
-----------------------------------------------------------------------------
                          0.00    0.00   clock clk (rise edge)
                          0.00    0.00   clock source latency
     1    0.01    0.04    0.03    0.03 ^ clk (in)
                                         clk (net)
                  0.04    0.00    0.03 ^ clkbuf_0_clk/A (sky130_fd_sc_hd__clkbuf_16)
     4    0.03    0.05    0.14    0.17 ^ clkbuf_0_clk/X (sky130_fd_sc_hd__clkbuf_16)
                                         clknet_0_clk (net)
                  0.05    0.00    0.17 ^ clkbuf_2_1__f_clk/A (sky130_fd_sc_hd__clkbuf_16)
    11    0.03    0.05    0.15    0.32 ^ clkbuf_2_1__f_clk/X (sky130_fd_sc_hd__clkbuf_16)
                                         clknet_2_1__leaf_clk (net)
                  0.05    0.00    0.32 ^ _330_/CLK (sky130_fd_sc_hd__dfrtp_4)
     7    0.02    0.10    0.47    0.79 ^ _330_/Q (sky130_fd_sc_hd__dfrtp_4)
                                         one_second_counter[0] (net)
                  0.10    0.00    0.79 ^ _177_/D (sky130_fd_sc_hd__and4_2)
     7    0.02    0.15    0.34    1.12 ^ _177_/X (sky130_fd_sc_hd__and4_2)
                                         _075_ (net)
                  0.15    0.00    1.12 ^ _221_/C (sky130_fd_sc_hd__and4_4)
     6    0.04    0.13    0.33    1.45 ^ _221_/X (sky130_fd_sc_hd__and4_4)
                                         _109_ (net)
                  0.13    0.00    1.46 ^ _244_/D (sky130_fd_sc_hd__and4_1)
     1    0.01    0.10    0.26    1.72 ^ _244_/X (sky130_fd_sc_hd__and4_1)
                                         _126_ (net)
                  0.10    0.00    1.72 ^ _245_/A (sky130_fd_sc_hd__buf_4)
    10    0.03    0.08    0.17    1.89 ^ _245_/X (sky130_fd_sc_hd__buf_4)
                                         _127_ (net)
                  0.08    0.00    1.89 ^ _267_/C (sky130_fd_sc_hd__and4_1)
     3    0.02    0.20    0.32    2.21 ^ _267_/X (sky130_fd_sc_hd__and4_1)
                                         _143_ (net)
                  0.20    0.00    2.21 ^ _270_/B (sky130_fd_sc_hd__nand2_2)
     2    0.02    0.09    0.13    2.34 v _270_/Y (sky130_fd_sc_hd__nand2_2)
                                         _145_ (net)
                  0.09    0.00    2.34 v _275_/A2 (sky130_fd_sc_hd__a221oi_2)
     1    0.01    0.31    0.40    2.74 ^ _275_/Y (sky130_fd_sc_hd__a221oi_2)
                                         _015_ (net)
                  0.31    0.00    2.74 ^ _353_/D (sky130_fd_sc_hd__dfrtp_1)
                                  2.74   data arrival time

                         10.00   10.00   clock clk (rise edge)
                          0.00   10.00   clock source latency
     1    0.01    0.04    0.03   10.03 ^ clk (in)
                                         clk (net)
                  0.04    0.00   10.03 ^ clkbuf_0_clk/A (sky130_fd_sc_hd__clkbuf_16)
     4    0.03    0.05    0.13   10.15 ^ clkbuf_0_clk/X (sky130_fd_sc_hd__clkbuf_16)
                                         clknet_0_clk (net)
                  0.05    0.00   10.15 ^ clkbuf_2_1__f_clk/A (sky130_fd_sc_hd__clkbuf_16)
    11    0.03    0.05    0.13   10.29 ^ clkbuf_2_1__f_clk/X (sky130_fd_sc_hd__clkbuf_16)
                                         clknet_2_1__leaf_clk (net)
                  0.05    0.00   10.29 ^ _353_/CLK (sky130_fd_sc_hd__dfrtp_1)
                         -0.25   10.04   clock uncertainty
                          0.03   10.07   clock reconvergence pessimism
                         -0.12    9.95   library setup time
                                  9.95   data required time
-----------------------------------------------------------------------------
                                  9.95   data required time
                                 -2.74   data arrival time
-----------------------------------------------------------------------------
                                  7.21   slack (MET)


Startpoint: _342_ (rising edge-triggered flip-flop clocked by clk)
Endpoint: _345_ (rising edge-triggered flip-flop clocked by clk)
Path Group: clk
Path Type: max

Fanout     Cap    Slew   Delay    Time   Description
-----------------------------------------------------------------------------
                          0.00    0.00   clock clk (rise edge)
                          0.00    0.00   clock source latency
     1    0.01    0.04    0.03    0.03 ^ clk (in)
                                         clk (net)
                  0.04    0.00    0.03 ^ clkbuf_0_clk/A (sky130_fd_sc_hd__clkbuf_16)
     4    0.03    0.05    0.14    0.17 ^ clkbuf_0_clk/X (sky130_fd_sc_hd__clkbuf_16)
                                         clknet_0_clk (net)
                  0.05    0.00    0.17 ^ clkbuf_2_1__f_clk/A (sky130_fd_sc_hd__clkbuf_16)
    11    0.03    0.05    0.15    0.32 ^ clkbuf_2_1__f_clk/X (sky130_fd_sc_hd__clkbuf_16)
                                         clknet_2_1__leaf_clk (net)
                  0.05    0.00    0.32 ^ _342_/CLK (sky130_fd_sc_hd__dfrtp_2)
     5    0.02    0.08    0.46    0.78 v _342_/Q (sky130_fd_sc_hd__dfrtp_2)
                                         one_second_counter[12] (net)
                  0.08    0.00    0.78 v _180_/C (sky130_fd_sc_hd__and4_1)
     2    0.00    0.04    0.21    1.00 v _180_/X (sky130_fd_sc_hd__and4_1)
                                         _078_ (net)
                  0.04    0.00    1.00 v _181_/D (sky130_fd_sc_hd__or4_2)
     1    0.00    0.10    0.55    1.55 v _181_/X (sky130_fd_sc_hd__or4_2)
                                         _079_ (net)
                  0.10    0.00    1.55 v _184_/A3 (sky130_fd_sc_hd__o31a_1)
     1    0.00    0.05    0.27    1.82 v _184_/X (sky130_fd_sc_hd__o31a_1)
                                         _082_ (net)
                  0.05    0.00    1.82 v _186_/A2 (sky130_fd_sc_hd__o211ai_2)
     2    0.00    0.13    0.15    1.97 ^ _186_/Y (sky130_fd_sc_hd__o211ai_2)
                                         _084_ (net)
                  0.13    0.00    1.97 ^ _187_/A2 (sky130_fd_sc_hd__a21bo_2)
     9    0.02    0.11    0.21    2.18 ^ _187_/X (sky130_fd_sc_hd__a21bo_2)
                                         _085_ (net)
                  0.11    0.00    2.18 ^ _188_/A (sky130_fd_sc_hd__inv_2)
     2    0.01    0.05    0.07    2.25 v _188_/Y (sky130_fd_sc_hd__inv_2)
                                         _086_ (net)
                  0.05    0.00    2.25 v _189_/A (sky130_fd_sc_hd__buf_4)
    10    0.04    0.06    0.18    2.43 v _189_/X (sky130_fd_sc_hd__buf_4)
                                         _027_ (net)
                  0.06    0.00    2.43 v _246_/C1 (sky130_fd_sc_hd__a211oi_2)
     1    0.01    0.27    0.25    2.68 ^ _246_/Y (sky130_fd_sc_hd__a211oi_2)
                                         _006_ (net)
                  0.27    0.00    2.68 ^ _345_/D (sky130_fd_sc_hd__dfrtp_2)
                                  2.68   data arrival time

                         10.00   10.00   clock clk (rise edge)
                          0.00   10.00   clock source latency
     1    0.01    0.04    0.03   10.03 ^ clk (in)
                                         clk (net)
                  0.04    0.00   10.03 ^ clkbuf_0_clk/A (sky130_fd_sc_hd__clkbuf_16)
     4    0.03    0.05    0.13   10.15 ^ clkbuf_0_clk/X (sky130_fd_sc_hd__clkbuf_16)
                                         clknet_0_clk (net)
                  0.05    0.00   10.15 ^ clkbuf_2_3__f_clk/A (sky130_fd_sc_hd__clkbuf_16)
     8    0.02    0.04    0.12   10.28 ^ clkbuf_2_3__f_clk/X (sky130_fd_sc_hd__clkbuf_16)
                                         clknet_2_3__leaf_clk (net)
                  0.04    0.00   10.28 ^ _345_/CLK (sky130_fd_sc_hd__dfrtp_2)
                         -0.25   10.03   clock uncertainty
                          0.02   10.04   clock reconvergence pessimism
                         -0.12    9.93   library setup time
                                  9.93   data required time
-----------------------------------------------------------------------------
                                  9.93   data required time
                                 -2.68   data arrival time
-----------------------------------------------------------------------------
                                  7.24   slack (MET)


Startpoint: _342_ (rising edge-triggered flip-flop clocked by clk)
Endpoint: _340_ (rising edge-triggered flip-flop clocked by clk)
Path Group: clk
Path Type: max

Fanout     Cap    Slew   Delay    Time   Description
-----------------------------------------------------------------------------
                          0.00    0.00   clock clk (rise edge)
                          0.00    0.00   clock source latency
     1    0.01    0.04    0.03    0.03 ^ clk (in)
                                         clk (net)
                  0.04    0.00    0.03 ^ clkbuf_0_clk/A (sky130_fd_sc_hd__clkbuf_16)
     4    0.03    0.05    0.14    0.17 ^ clkbuf_0_clk/X (sky130_fd_sc_hd__clkbuf_16)
                                         clknet_0_clk (net)
                  0.05    0.00    0.17 ^ clkbuf_2_1__f_clk/A (sky130_fd_sc_hd__clkbuf_16)
    11    0.03    0.05    0.15    0.32 ^ clkbuf_2_1__f_clk/X (sky130_fd_sc_hd__clkbuf_16)
                                         clknet_2_1__leaf_clk (net)
                  0.05    0.00    0.32 ^ _342_/CLK (sky130_fd_sc_hd__dfrtp_2)
     5    0.02    0.08    0.46    0.78 v _342_/Q (sky130_fd_sc_hd__dfrtp_2)
                                         one_second_counter[12] (net)
                  0.08    0.00    0.78 v _180_/C (sky130_fd_sc_hd__and4_1)
     2    0.00    0.04    0.21    1.00 v _180_/X (sky130_fd_sc_hd__and4_1)
                                         _078_ (net)
                  0.04    0.00    1.00 v _181_/D (sky130_fd_sc_hd__or4_2)
     1    0.00    0.10    0.55    1.55 v _181_/X (sky130_fd_sc_hd__or4_2)
                                         _079_ (net)
                  0.10    0.00    1.55 v _184_/A3 (sky130_fd_sc_hd__o31a_1)
     1    0.00    0.05    0.27    1.82 v _184_/X (sky130_fd_sc_hd__o31a_1)
                                         _082_ (net)
                  0.05    0.00    1.82 v _186_/A2 (sky130_fd_sc_hd__o211ai_2)
     2    0.00    0.13    0.15    1.97 ^ _186_/Y (sky130_fd_sc_hd__o211ai_2)
                                         _084_ (net)
                  0.13    0.00    1.97 ^ _187_/A2 (sky130_fd_sc_hd__a21bo_2)
     9    0.02    0.11    0.21    2.18 ^ _187_/X (sky130_fd_sc_hd__a21bo_2)
                                         _085_ (net)
                  0.11    0.00    2.18 ^ _202_/A (sky130_fd_sc_hd__clkbuf_4)
    10    0.02    0.07    0.18    2.36 ^ _202_/X (sky130_fd_sc_hd__clkbuf_4)
                                         _095_ (net)
                  0.07    0.00    2.36 ^ _225_/A (sky130_fd_sc_hd__and3_1)
     1    0.01    0.09    0.18    2.54 ^ _225_/X (sky130_fd_sc_hd__and3_1)
                                         _112_ (net)
                  0.09    0.00    2.54 ^ _226_/A (sky130_fd_sc_hd__buf_1)
     1    0.01    0.12    0.16    2.70 ^ _226_/X (sky130_fd_sc_hd__buf_1)
                                         _001_ (net)
                  0.12    0.00    2.70 ^ _340_/D (sky130_fd_sc_hd__dfrtp_4)
                                  2.70   data arrival time

                         10.00   10.00   clock clk (rise edge)
                          0.00   10.00   clock source latency
     1    0.01    0.04    0.03   10.03 ^ clk (in)
                                         clk (net)
                  0.04    0.00   10.03 ^ clkbuf_0_clk/A (sky130_fd_sc_hd__clkbuf_16)
     4    0.03    0.05    0.13   10.15 ^ clkbuf_0_clk/X (sky130_fd_sc_hd__clkbuf_16)
                                         clknet_0_clk (net)
                  0.05    0.00   10.15 ^ clkbuf_2_0__f_clk/A (sky130_fd_sc_hd__clkbuf_16)
     9    0.02    0.05    0.13   10.28 ^ clkbuf_2_0__f_clk/X (sky130_fd_sc_hd__clkbuf_16)
                                         clknet_2_0__leaf_clk (net)
                  0.05    0.00   10.28 ^ _340_/CLK (sky130_fd_sc_hd__dfrtp_4)
                         -0.25   10.03   clock uncertainty
                          0.02   10.05   clock reconvergence pessimism
                         -0.08    9.96   library setup time
                                  9.96   data required time
-----------------------------------------------------------------------------
                                  9.96   data required time
                                 -2.70   data arrival time
-----------------------------------------------------------------------------
                                  7.27   slack (MET)


Startpoint: _342_ (rising edge-triggered flip-flop clocked by clk)
Endpoint: _341_ (rising edge-triggered flip-flop clocked by clk)
Path Group: clk
Path Type: max

Fanout     Cap    Slew   Delay    Time   Description
-----------------------------------------------------------------------------
                          0.00    0.00   clock clk (rise edge)
                          0.00    0.00   clock source latency
     1    0.01    0.04    0.03    0.03 ^ clk (in)
                                         clk (net)
                  0.04    0.00    0.03 ^ clkbuf_0_clk/A (sky130_fd_sc_hd__clkbuf_16)
     4    0.03    0.05    0.14    0.17 ^ clkbuf_0_clk/X (sky130_fd_sc_hd__clkbuf_16)
                                         clknet_0_clk (net)
                  0.05    0.00    0.17 ^ clkbuf_2_1__f_clk/A (sky130_fd_sc_hd__clkbuf_16)
    11    0.03    0.05    0.15    0.32 ^ clkbuf_2_1__f_clk/X (sky130_fd_sc_hd__clkbuf_16)
                                         clknet_2_1__leaf_clk (net)
                  0.05    0.00    0.32 ^ _342_/CLK (sky130_fd_sc_hd__dfrtp_2)
     5    0.02    0.08    0.46    0.78 v _342_/Q (sky130_fd_sc_hd__dfrtp_2)
                                         one_second_counter[12] (net)
                  0.08    0.00    0.78 v _180_/C (sky130_fd_sc_hd__and4_1)
     2    0.00    0.04    0.21    1.00 v _180_/X (sky130_fd_sc_hd__and4_1)
                                         _078_ (net)
                  0.04    0.00    1.00 v _181_/D (sky130_fd_sc_hd__or4_2)
     1    0.00    0.10    0.55    1.55 v _181_/X (sky130_fd_sc_hd__or4_2)
                                         _079_ (net)
                  0.10    0.00    1.55 v _184_/A3 (sky130_fd_sc_hd__o31a_1)
     1    0.00    0.05    0.27    1.82 v _184_/X (sky130_fd_sc_hd__o31a_1)
                                         _082_ (net)
                  0.05    0.00    1.82 v _186_/A2 (sky130_fd_sc_hd__o211ai_2)
     2    0.00    0.13    0.15    1.97 ^ _186_/Y (sky130_fd_sc_hd__o211ai_2)
                                         _084_ (net)
                  0.13    0.00    1.97 ^ _187_/A2 (sky130_fd_sc_hd__a21bo_2)
     9    0.02    0.11    0.21    2.18 ^ _187_/X (sky130_fd_sc_hd__a21bo_2)
                                         _085_ (net)
                  0.11    0.00    2.18 ^ _188_/A (sky130_fd_sc_hd__inv_2)
     2    0.01    0.05    0.07    2.25 v _188_/Y (sky130_fd_sc_hd__inv_2)
                                         _086_ (net)
                  0.05    0.00    2.25 v _189_/A (sky130_fd_sc_hd__buf_4)
    10    0.04    0.06    0.18    2.43 v _189_/X (sky130_fd_sc_hd__buf_4)
                                         _027_ (net)
                  0.06    0.00    2.43 v _229_/A (sky130_fd_sc_hd__nor3_1)
     1    0.00    0.19    0.23    2.66 ^ _229_/Y (sky130_fd_sc_hd__nor3_1)
                                         _002_ (net)
                  0.19    0.00    2.66 ^ _341_/D (sky130_fd_sc_hd__dfrtp_4)
                                  2.66   data arrival time

                         10.00   10.00   clock clk (rise edge)
                          0.00   10.00   clock source latency
     1    0.01    0.04    0.03   10.03 ^ clk (in)
                                         clk (net)
                  0.04    0.00   10.03 ^ clkbuf_0_clk/A (sky130_fd_sc_hd__clkbuf_16)
     4    0.03    0.05    0.13   10.15 ^ clkbuf_0_clk/X (sky130_fd_sc_hd__clkbuf_16)
                                         clknet_0_clk (net)
                  0.05    0.00   10.15 ^ clkbuf_2_0__f_clk/A (sky130_fd_sc_hd__clkbuf_16)
     9    0.02    0.05    0.13   10.28 ^ clkbuf_2_0__f_clk/X (sky130_fd_sc_hd__clkbuf_16)
                                         clknet_2_0__leaf_clk (net)
                  0.05    0.00   10.28 ^ _341_/CLK (sky130_fd_sc_hd__dfrtp_4)
                         -0.25   10.03   clock uncertainty
                          0.02   10.05   clock reconvergence pessimism
                         -0.10    9.95   library setup time
                                  9.95   data required time
-----------------------------------------------------------------------------
                                  9.95   data required time
                                 -2.66   data arrival time
-----------------------------------------------------------------------------
                                  7.29   slack (MET)


Startpoint: _342_ (rising edge-triggered flip-flop clocked by clk)
Endpoint: _339_ (rising edge-triggered flip-flop clocked by clk)
Path Group: clk
Path Type: max

Fanout     Cap    Slew   Delay    Time   Description
-----------------------------------------------------------------------------
                          0.00    0.00   clock clk (rise edge)
                          0.00    0.00   clock source latency
     1    0.01    0.04    0.03    0.03 ^ clk (in)
                                         clk (net)
                  0.04    0.00    0.03 ^ clkbuf_0_clk/A (sky130_fd_sc_hd__clkbuf_16)
     4    0.03    0.05    0.14    0.17 ^ clkbuf_0_clk/X (sky130_fd_sc_hd__clkbuf_16)
                                         clknet_0_clk (net)
                  0.05    0.00    0.17 ^ clkbuf_2_1__f_clk/A (sky130_fd_sc_hd__clkbuf_16)
    11    0.03    0.05    0.15    0.32 ^ clkbuf_2_1__f_clk/X (sky130_fd_sc_hd__clkbuf_16)
                                         clknet_2_1__leaf_clk (net)
                  0.05    0.00    0.32 ^ _342_/CLK (sky130_fd_sc_hd__dfrtp_2)
     5    0.02    0.08    0.46    0.78 v _342_/Q (sky130_fd_sc_hd__dfrtp_2)
                                         one_second_counter[12] (net)
                  0.08    0.00    0.78 v _180_/C (sky130_fd_sc_hd__and4_1)
     2    0.00    0.04    0.21    1.00 v _180_/X (sky130_fd_sc_hd__and4_1)
                                         _078_ (net)
                  0.04    0.00    1.00 v _181_/D (sky130_fd_sc_hd__or4_2)
     1    0.00    0.10    0.55    1.55 v _181_/X (sky130_fd_sc_hd__or4_2)
                                         _079_ (net)
                  0.10    0.00    1.55 v _184_/A3 (sky130_fd_sc_hd__o31a_1)
     1    0.00    0.05    0.27    1.82 v _184_/X (sky130_fd_sc_hd__o31a_1)
                                         _082_ (net)
                  0.05    0.00    1.82 v _186_/A2 (sky130_fd_sc_hd__o211ai_2)
     2    0.00    0.13    0.15    1.97 ^ _186_/Y (sky130_fd_sc_hd__o211ai_2)
                                         _084_ (net)
                  0.13    0.00    1.97 ^ _187_/A2 (sky130_fd_sc_hd__a21bo_2)
     9    0.02    0.11    0.21    2.18 ^ _187_/X (sky130_fd_sc_hd__a21bo_2)
                                         _085_ (net)
                  0.11    0.00    2.18 ^ _188_/A (sky130_fd_sc_hd__inv_2)
     2    0.01    0.05    0.07    2.25 v _188_/Y (sky130_fd_sc_hd__inv_2)
                                         _086_ (net)
                  0.05    0.00    2.25 v _189_/A (sky130_fd_sc_hd__buf_4)
    10    0.04    0.06    0.18    2.43 v _189_/X (sky130_fd_sc_hd__buf_4)
                                         _027_ (net)
                  0.06    0.00    2.43 v _222_/A (sky130_fd_sc_hd__nor3_1)
     1    0.00    0.17    0.21    2.64 ^ _222_/Y (sky130_fd_sc_hd__nor3_1)
                                         _026_ (net)
                  0.17    0.00    2.64 ^ _339_/D (sky130_fd_sc_hd__dfrtp_2)
                                  2.64   data arrival time

                         10.00   10.00   clock clk (rise edge)
                          0.00   10.00   clock source latency
     1    0.01    0.04    0.03   10.03 ^ clk (in)
                                         clk (net)
                  0.04    0.00   10.03 ^ clkbuf_0_clk/A (sky130_fd_sc_hd__clkbuf_16)
     4    0.03    0.05    0.13   10.15 ^ clkbuf_0_clk/X (sky130_fd_sc_hd__clkbuf_16)
                                         clknet_0_clk (net)
                  0.05    0.00   10.15 ^ clkbuf_2_0__f_clk/A (sky130_fd_sc_hd__clkbuf_16)
     9    0.02    0.05    0.13   10.28 ^ clkbuf_2_0__f_clk/X (sky130_fd_sc_hd__clkbuf_16)
                                         clknet_2_0__leaf_clk (net)
                  0.05    0.00   10.28 ^ _339_/CLK (sky130_fd_sc_hd__dfrtp_2)
                         -0.25   10.03   clock uncertainty
                          0.02   10.05   clock reconvergence pessimism
                         -0.09    9.95   library setup time
                                  9.95   data required time
-----------------------------------------------------------------------------
                                  9.95   data required time
                                 -2.64   data arrival time
-----------------------------------------------------------------------------
                                  7.31   slack (MET)


Startpoint: _330_ (rising edge-triggered flip-flop clocked by clk)
Endpoint: _352_ (rising edge-triggered flip-flop clocked by clk)
Path Group: clk
Path Type: max

Fanout     Cap    Slew   Delay    Time   Description
-----------------------------------------------------------------------------
                          0.00    0.00   clock clk (rise edge)
                          0.00    0.00   clock source latency
     1    0.01    0.04    0.03    0.03 ^ clk (in)
                                         clk (net)
                  0.04    0.00    0.03 ^ clkbuf_0_clk/A (sky130_fd_sc_hd__clkbuf_16)
     4    0.03    0.05    0.14    0.17 ^ clkbuf_0_clk/X (sky130_fd_sc_hd__clkbuf_16)
                                         clknet_0_clk (net)
                  0.05    0.00    0.17 ^ clkbuf_2_1__f_clk/A (sky130_fd_sc_hd__clkbuf_16)
    11    0.03    0.05    0.15    0.32 ^ clkbuf_2_1__f_clk/X (sky130_fd_sc_hd__clkbuf_16)
                                         clknet_2_1__leaf_clk (net)
                  0.05    0.00    0.32 ^ _330_/CLK (sky130_fd_sc_hd__dfrtp_4)
     7    0.02    0.10    0.47    0.79 ^ _330_/Q (sky130_fd_sc_hd__dfrtp_4)
                                         one_second_counter[0] (net)
                  0.10    0.00    0.79 ^ _177_/D (sky130_fd_sc_hd__and4_2)
     7    0.02    0.15    0.34    1.12 ^ _177_/X (sky130_fd_sc_hd__and4_2)
                                         _075_ (net)
                  0.15    0.00    1.12 ^ _221_/C (sky130_fd_sc_hd__and4_4)
     6    0.04    0.13    0.33    1.45 ^ _221_/X (sky130_fd_sc_hd__and4_4)
                                         _109_ (net)
                  0.13    0.00    1.46 ^ _244_/D (sky130_fd_sc_hd__and4_1)
     1    0.01    0.10    0.26    1.72 ^ _244_/X (sky130_fd_sc_hd__and4_1)
                                         _126_ (net)
                  0.10    0.00    1.72 ^ _245_/A (sky130_fd_sc_hd__buf_4)
    10    0.03    0.08    0.17    1.89 ^ _245_/X (sky130_fd_sc_hd__buf_4)
                                         _127_ (net)
                  0.08    0.00    1.89 ^ _267_/C (sky130_fd_sc_hd__and4_1)
     3    0.02    0.20    0.32    2.21 ^ _267_/X (sky130_fd_sc_hd__and4_1)
                                         _143_ (net)
                  0.20    0.00    2.21 ^ _270_/B (sky130_fd_sc_hd__nand2_2)
     2    0.02    0.09    0.13    2.34 v _270_/Y (sky130_fd_sc_hd__nand2_2)
                                         _145_ (net)
                  0.09    0.00    2.34 v _271_/C (sky130_fd_sc_hd__and3_1)
     1    0.00    0.04    0.20    2.54 v _271_/X (sky130_fd_sc_hd__and3_1)
                                         _146_ (net)
                  0.04    0.00    2.54 v _272_/A (sky130_fd_sc_hd__buf_1)
     1    0.00    0.02    0.08    2.63 v _272_/X (sky130_fd_sc_hd__buf_1)
                                         _014_ (net)
                  0.02    0.00    2.63 v _352_/D (sky130_fd_sc_hd__dfrtp_1)
                                  2.63   data arrival time

                         10.00   10.00   clock clk (rise edge)
                          0.00   10.00   clock source latency
     1    0.01    0.04    0.03   10.03 ^ clk (in)
                                         clk (net)
                  0.04    0.00   10.03 ^ clkbuf_0_clk/A (sky130_fd_sc_hd__clkbuf_16)
     4    0.03    0.05    0.13   10.15 ^ clkbuf_0_clk/X (sky130_fd_sc_hd__clkbuf_16)
                                         clknet_0_clk (net)
                  0.05    0.00   10.15 ^ clkbuf_2_0__f_clk/A (sky130_fd_sc_hd__clkbuf_16)
     9    0.02    0.05    0.13   10.28 ^ clkbuf_2_0__f_clk/X (sky130_fd_sc_hd__clkbuf_16)
                                         clknet_2_0__leaf_clk (net)
                  0.05    0.00   10.28 ^ _352_/CLK (sky130_fd_sc_hd__dfrtp_1)
                         -0.25   10.03   clock uncertainty
                          0.02   10.05   clock reconvergence pessimism
                         -0.10    9.94   library setup time
                                  9.94   data required time
-----------------------------------------------------------------------------
                                  9.94   data required time
                                 -2.63   data arrival time
-----------------------------------------------------------------------------
                                  7.32   slack (MET)


Startpoint: _342_ (rising edge-triggered flip-flop clocked by clk)
Endpoint: _334_ (rising edge-triggered flip-flop clocked by clk)
Path Group: clk
Path Type: max

Fanout     Cap    Slew   Delay    Time   Description
-----------------------------------------------------------------------------
                          0.00    0.00   clock clk (rise edge)
                          0.00    0.00   clock source latency
     1    0.01    0.04    0.03    0.03 ^ clk (in)
                                         clk (net)
                  0.04    0.00    0.03 ^ clkbuf_0_clk/A (sky130_fd_sc_hd__clkbuf_16)
     4    0.03    0.05    0.14    0.17 ^ clkbuf_0_clk/X (sky130_fd_sc_hd__clkbuf_16)
                                         clknet_0_clk (net)
                  0.05    0.00    0.17 ^ clkbuf_2_1__f_clk/A (sky130_fd_sc_hd__clkbuf_16)
    11    0.03    0.05    0.15    0.32 ^ clkbuf_2_1__f_clk/X (sky130_fd_sc_hd__clkbuf_16)
                                         clknet_2_1__leaf_clk (net)
                  0.05    0.00    0.32 ^ _342_/CLK (sky130_fd_sc_hd__dfrtp_2)
     5    0.02    0.08    0.46    0.78 v _342_/Q (sky130_fd_sc_hd__dfrtp_2)
                                         one_second_counter[12] (net)
                  0.08    0.00    0.78 v _180_/C (sky130_fd_sc_hd__and4_1)
     2    0.00    0.04    0.21    1.00 v _180_/X (sky130_fd_sc_hd__and4_1)
                                         _078_ (net)
                  0.04    0.00    1.00 v _181_/D (sky130_fd_sc_hd__or4_2)
     1    0.00    0.10    0.55    1.55 v _181_/X (sky130_fd_sc_hd__or4_2)
                                         _079_ (net)
                  0.10    0.00    1.55 v _184_/A3 (sky130_fd_sc_hd__o31a_1)
     1    0.00    0.05    0.27    1.82 v _184_/X (sky130_fd_sc_hd__o31a_1)
                                         _082_ (net)
                  0.05    0.00    1.82 v _186_/A2 (sky130_fd_sc_hd__o211ai_2)
     2    0.00    0.13    0.15    1.97 ^ _186_/Y (sky130_fd_sc_hd__o211ai_2)
                                         _084_ (net)
                  0.13    0.00    1.97 ^ _187_/A2 (sky130_fd_sc_hd__a21bo_2)
     9    0.02    0.11    0.21    2.18 ^ _187_/X (sky130_fd_sc_hd__a21bo_2)
                                         _085_ (net)
                  0.11    0.00    2.18 ^ _202_/A (sky130_fd_sc_hd__clkbuf_4)
    10    0.02    0.07    0.18    2.36 ^ _202_/X (sky130_fd_sc_hd__clkbuf_4)
                                         _095_ (net)
                  0.07    0.00    2.36 ^ _205_/A (sky130_fd_sc_hd__and3_1)
     1    0.01    0.08    0.18    2.54 ^ _205_/X (sky130_fd_sc_hd__and3_1)
                                         _098_ (net)
                  0.08    0.00    2.54 ^ _206_/A (sky130_fd_sc_hd__clkbuf_1)
     1    0.01    0.09    0.13    2.67 ^ _206_/X (sky130_fd_sc_hd__clkbuf_1)
                                         _021_ (net)
                  0.09    0.00    2.67 ^ _334_/D (sky130_fd_sc_hd__dfrtp_4)
                                  2.67   data arrival time

                         10.00   10.00   clock clk (rise edge)
                          0.00   10.00   clock source latency
     1    0.01    0.04    0.03   10.03 ^ clk (in)
                                         clk (net)
                  0.04    0.00   10.03 ^ clkbuf_0_clk/A (sky130_fd_sc_hd__clkbuf_16)
     4    0.03    0.05    0.13   10.15 ^ clkbuf_0_clk/X (sky130_fd_sc_hd__clkbuf_16)
                                         clknet_0_clk (net)
                  0.05    0.00   10.15 ^ clkbuf_2_1__f_clk/A (sky130_fd_sc_hd__clkbuf_16)
    11    0.03    0.05    0.13   10.29 ^ clkbuf_2_1__f_clk/X (sky130_fd_sc_hd__clkbuf_16)
                                         clknet_2_1__leaf_clk (net)
                  0.05    0.00   10.29 ^ _334_/CLK (sky130_fd_sc_hd__dfrtp_4)
                         -0.25   10.04   clock uncertainty
                          0.03   10.07   clock reconvergence pessimism
                         -0.07    9.99   library setup time
                                  9.99   data required time
-----------------------------------------------------------------------------
                                  9.99   data required time
                                 -2.67   data arrival time
-----------------------------------------------------------------------------
                                  7.33   slack (MET)


Startpoint: _342_ (rising edge-triggered flip-flop clocked by clk)
Endpoint: _346_ (rising edge-triggered flip-flop clocked by clk)
Path Group: clk
Path Type: max

Fanout     Cap    Slew   Delay    Time   Description
-----------------------------------------------------------------------------
                          0.00    0.00   clock clk (rise edge)
                          0.00    0.00   clock source latency
     1    0.01    0.04    0.03    0.03 ^ clk (in)
                                         clk (net)
                  0.04    0.00    0.03 ^ clkbuf_0_clk/A (sky130_fd_sc_hd__clkbuf_16)
     4    0.03    0.05    0.14    0.17 ^ clkbuf_0_clk/X (sky130_fd_sc_hd__clkbuf_16)
                                         clknet_0_clk (net)
                  0.05    0.00    0.17 ^ clkbuf_2_1__f_clk/A (sky130_fd_sc_hd__clkbuf_16)
    11    0.03    0.05    0.15    0.32 ^ clkbuf_2_1__f_clk/X (sky130_fd_sc_hd__clkbuf_16)
                                         clknet_2_1__leaf_clk (net)
                  0.05    0.00    0.32 ^ _342_/CLK (sky130_fd_sc_hd__dfrtp_2)
     5    0.02    0.08    0.46    0.78 v _342_/Q (sky130_fd_sc_hd__dfrtp_2)
                                         one_second_counter[12] (net)
                  0.08    0.00    0.78 v _180_/C (sky130_fd_sc_hd__and4_1)
     2    0.00    0.04    0.21    1.00 v _180_/X (sky130_fd_sc_hd__and4_1)
                                         _078_ (net)
                  0.04    0.00    1.00 v _181_/D (sky130_fd_sc_hd__or4_2)
     1    0.00    0.10    0.55    1.55 v _181_/X (sky130_fd_sc_hd__or4_2)
                                         _079_ (net)
                  0.10    0.00    1.55 v _184_/A3 (sky130_fd_sc_hd__o31a_1)
     1    0.00    0.05    0.27    1.82 v _184_/X (sky130_fd_sc_hd__o31a_1)
                                         _082_ (net)
                  0.05    0.00    1.82 v _186_/A2 (sky130_fd_sc_hd__o211ai_2)
     2    0.00    0.13    0.15    1.97 ^ _186_/Y (sky130_fd_sc_hd__o211ai_2)
                                         _084_ (net)
                  0.13    0.00    1.97 ^ _187_/A2 (sky130_fd_sc_hd__a21bo_2)
     9    0.02    0.11    0.21    2.18 ^ _187_/X (sky130_fd_sc_hd__a21bo_2)
                                         _085_ (net)
                  0.11    0.00    2.18 ^ _202_/A (sky130_fd_sc_hd__clkbuf_4)
    10    0.02    0.07    0.18    2.36 ^ _202_/X (sky130_fd_sc_hd__clkbuf_4)
                                         _095_ (net)
                  0.07    0.00    2.36 ^ _249_/A (sky130_fd_sc_hd__and3_1)
     1    0.00    0.06    0.16    2.51 ^ _249_/X (sky130_fd_sc_hd__and3_1)
                                         _130_ (net)
                  0.06    0.00    2.51 ^ _250_/A (sky130_fd_sc_hd__clkbuf_1)
     1    0.01    0.09    0.12    2.64 ^ _250_/X (sky130_fd_sc_hd__clkbuf_1)
                                         _007_ (net)
                  0.09    0.00    2.64 ^ _346_/D (sky130_fd_sc_hd__dfrtp_4)
                                  2.64   data arrival time

                         10.00   10.00   clock clk (rise edge)
                          0.00   10.00   clock source latency
     1    0.01    0.04    0.03   10.03 ^ clk (in)
                                         clk (net)
                  0.04    0.00   10.03 ^ clkbuf_0_clk/A (sky130_fd_sc_hd__clkbuf_16)
     4    0.03    0.05    0.13   10.15 ^ clkbuf_0_clk/X (sky130_fd_sc_hd__clkbuf_16)
                                         clknet_0_clk (net)
                  0.05    0.00   10.15 ^ clkbuf_2_2__f_clk/A (sky130_fd_sc_hd__clkbuf_16)
     7    0.03    0.05    0.13   10.28 ^ clkbuf_2_2__f_clk/X (sky130_fd_sc_hd__clkbuf_16)
                                         clknet_2_2__leaf_clk (net)
                  0.05    0.00   10.28 ^ _346_/CLK (sky130_fd_sc_hd__dfrtp_4)
                         -0.25   10.03   clock uncertainty
                          0.02   10.05   clock reconvergence pessimism
                         -0.07    9.98   library setup time
                                  9.98   data required time
-----------------------------------------------------------------------------
                                  9.98   data required time
                                 -2.64   data arrival time
-----------------------------------------------------------------------------
                                  7.34   slack (MET)


Startpoint: _342_ (rising edge-triggered flip-flop clocked by clk)
Endpoint: _351_ (rising edge-triggered flip-flop clocked by clk)
Path Group: clk
Path Type: max

Fanout     Cap    Slew   Delay    Time   Description
-----------------------------------------------------------------------------
                          0.00    0.00   clock clk (rise edge)
                          0.00    0.00   clock source latency
     1    0.01    0.04    0.03    0.03 ^ clk (in)
                                         clk (net)
                  0.04    0.00    0.03 ^ clkbuf_0_clk/A (sky130_fd_sc_hd__clkbuf_16)
     4    0.03    0.05    0.14    0.17 ^ clkbuf_0_clk/X (sky130_fd_sc_hd__clkbuf_16)
                                         clknet_0_clk (net)
                  0.05    0.00    0.17 ^ clkbuf_2_1__f_clk/A (sky130_fd_sc_hd__clkbuf_16)
    11    0.03    0.05    0.15    0.32 ^ clkbuf_2_1__f_clk/X (sky130_fd_sc_hd__clkbuf_16)
                                         clknet_2_1__leaf_clk (net)
                  0.05    0.00    0.32 ^ _342_/CLK (sky130_fd_sc_hd__dfrtp_2)
     5    0.02    0.08    0.46    0.78 v _342_/Q (sky130_fd_sc_hd__dfrtp_2)
                                         one_second_counter[12] (net)
                  0.08    0.00    0.78 v _180_/C (sky130_fd_sc_hd__and4_1)
     2    0.00    0.04    0.21    1.00 v _180_/X (sky130_fd_sc_hd__and4_1)
                                         _078_ (net)
                  0.04    0.00    1.00 v _181_/D (sky130_fd_sc_hd__or4_2)
     1    0.00    0.10    0.55    1.55 v _181_/X (sky130_fd_sc_hd__or4_2)
                                         _079_ (net)
                  0.10    0.00    1.55 v _184_/A3 (sky130_fd_sc_hd__o31a_1)
     1    0.00    0.05    0.27    1.82 v _184_/X (sky130_fd_sc_hd__o31a_1)
                                         _082_ (net)
                  0.05    0.00    1.82 v _186_/A2 (sky130_fd_sc_hd__o211ai_2)
     2    0.00    0.13    0.15    1.97 ^ _186_/Y (sky130_fd_sc_hd__o211ai_2)
                                         _084_ (net)
                  0.13    0.00    1.97 ^ _187_/A2 (sky130_fd_sc_hd__a21bo_2)
     9    0.02    0.11    0.21    2.18 ^ _187_/X (sky130_fd_sc_hd__a21bo_2)
                                         _085_ (net)
                  0.11    0.00    2.18 ^ _188_/A (sky130_fd_sc_hd__inv_2)
     2    0.01    0.05    0.07    2.25 v _188_/Y (sky130_fd_sc_hd__inv_2)
                                         _086_ (net)
                  0.05    0.00    2.25 v _189_/A (sky130_fd_sc_hd__buf_4)
    10    0.04    0.06    0.18    2.43 v _189_/X (sky130_fd_sc_hd__buf_4)
                                         _027_ (net)
                  0.06    0.00    2.43 v _268_/C1 (sky130_fd_sc_hd__a211oi_2)
     1    0.01    0.18    0.18    2.61 ^ _268_/Y (sky130_fd_sc_hd__a211oi_2)
                                         _013_ (net)
                  0.18    0.00    2.61 ^ _351_/D (sky130_fd_sc_hd__dfrtp_2)
                                  2.61   data arrival time

                         10.00   10.00   clock clk (rise edge)
                          0.00   10.00   clock source latency
     1    0.01    0.04    0.03   10.03 ^ clk (in)
                                         clk (net)
                  0.04    0.00   10.03 ^ clkbuf_0_clk/A (sky130_fd_sc_hd__clkbuf_16)
     4    0.03    0.05    0.13   10.15 ^ clkbuf_0_clk/X (sky130_fd_sc_hd__clkbuf_16)
                                         clknet_0_clk (net)
                  0.05    0.00   10.15 ^ clkbuf_2_2__f_clk/A (sky130_fd_sc_hd__clkbuf_16)
     7    0.03    0.05    0.13   10.28 ^ clkbuf_2_2__f_clk/X (sky130_fd_sc_hd__clkbuf_16)
                                         clknet_2_2__leaf_clk (net)
                  0.05    0.00   10.28 ^ _351_/CLK (sky130_fd_sc_hd__dfrtp_2)
                         -0.25   10.03   clock uncertainty
                          0.02   10.05   clock reconvergence pessimism
                         -0.10    9.96   library setup time
                                  9.96   data required time
-----------------------------------------------------------------------------
                                  9.96   data required time
                                 -2.61   data arrival time
-----------------------------------------------------------------------------
                                  7.35   slack (MET)


Startpoint: _330_ (rising edge-triggered flip-flop clocked by clk)
Endpoint: _355_ (rising edge-triggered flip-flop clocked by clk)
Path Group: clk
Path Type: max

Fanout     Cap    Slew   Delay    Time   Description
-----------------------------------------------------------------------------
                          0.00    0.00   clock clk (rise edge)
                          0.00    0.00   clock source latency
     1    0.01    0.04    0.03    0.03 ^ clk (in)
                                         clk (net)
                  0.04    0.00    0.03 ^ clkbuf_0_clk/A (sky130_fd_sc_hd__clkbuf_16)
     4    0.03    0.05    0.14    0.17 ^ clkbuf_0_clk/X (sky130_fd_sc_hd__clkbuf_16)
                                         clknet_0_clk (net)
                  0.05    0.00    0.17 ^ clkbuf_2_1__f_clk/A (sky130_fd_sc_hd__clkbuf_16)
    11    0.03    0.05    0.15    0.32 ^ clkbuf_2_1__f_clk/X (sky130_fd_sc_hd__clkbuf_16)
                                         clknet_2_1__leaf_clk (net)
                  0.05    0.00    0.32 ^ _330_/CLK (sky130_fd_sc_hd__dfrtp_4)
     7    0.02    0.08    0.53    0.85 v _330_/Q (sky130_fd_sc_hd__dfrtp_4)
                                         one_second_counter[0] (net)
                  0.08    0.00    0.85 v _177_/D (sky130_fd_sc_hd__and4_2)
     7    0.02    0.08    0.32    1.17 v _177_/X (sky130_fd_sc_hd__and4_2)
                                         _075_ (net)
                  0.08    0.00    1.17 v _221_/C (sky130_fd_sc_hd__and4_4)
     6    0.03    0.07    0.25    1.42 v _221_/X (sky130_fd_sc_hd__and4_4)
                                         _109_ (net)
                  0.07    0.00    1.42 v _244_/D (sky130_fd_sc_hd__and4_1)
     1    0.01    0.06    0.24    1.67 v _244_/X (sky130_fd_sc_hd__and4_1)
                                         _126_ (net)
                  0.06    0.00    1.67 v _245_/A (sky130_fd_sc_hd__buf_4)
    10    0.02    0.05    0.17    1.84 v _245_/X (sky130_fd_sc_hd__buf_4)
                                         _127_ (net)
                  0.05    0.00    1.84 v _277_/B (sky130_fd_sc_hd__and3_2)
     4    0.01    0.05    0.22    2.06 v _277_/X (sky130_fd_sc_hd__and3_2)
                                         _150_ (net)
                  0.05    0.00    2.06 v _279_/B (sky130_fd_sc_hd__or2_1)
     1    0.01    0.07    0.24    2.30 v _279_/X (sky130_fd_sc_hd__or2_1)
                                         _151_ (net)
                  0.07    0.00    2.30 v _281_/B (sky130_fd_sc_hd__and3_1)
     1    0.01    0.05    0.20    2.50 v _281_/X (sky130_fd_sc_hd__and3_1)
                                         _153_ (net)
                  0.05    0.00    2.50 v _282_/A (sky130_fd_sc_hd__clkbuf_1)
     1    0.00    0.02    0.09    2.59 v _282_/X (sky130_fd_sc_hd__clkbuf_1)
                                         _017_ (net)
                  0.02    0.00    2.59 v _355_/D (sky130_fd_sc_hd__dfrtp_4)
                                  2.59   data arrival time

                         10.00   10.00   clock clk (rise edge)
                          0.00   10.00   clock source latency
     1    0.01    0.04    0.03   10.03 ^ clk (in)
                                         clk (net)
                  0.04    0.00   10.03 ^ clkbuf_0_clk/A (sky130_fd_sc_hd__clkbuf_16)
     4    0.03    0.05    0.13   10.15 ^ clkbuf_0_clk/X (sky130_fd_sc_hd__clkbuf_16)
                                         clknet_0_clk (net)
                  0.05    0.00   10.15 ^ clkbuf_2_1__f_clk/A (sky130_fd_sc_hd__clkbuf_16)
    11    0.03    0.05    0.13   10.29 ^ clkbuf_2_1__f_clk/X (sky130_fd_sc_hd__clkbuf_16)
                                         clknet_2_1__leaf_clk (net)
                  0.05    0.00   10.29 ^ _355_/CLK (sky130_fd_sc_hd__dfrtp_4)
                         -0.25   10.04   clock uncertainty
                          0.03   10.07   clock reconvergence pessimism
                         -0.10    9.96   library setup time
                                  9.96   data required time
-----------------------------------------------------------------------------
                                  9.96   data required time
                                 -2.59   data arrival time
-----------------------------------------------------------------------------
                                  7.38   slack (MET)


Startpoint: _342_ (rising edge-triggered flip-flop clocked by clk)
Endpoint: _344_ (rising edge-triggered flip-flop clocked by clk)
Path Group: clk
Path Type: max

Fanout     Cap    Slew   Delay    Time   Description
-----------------------------------------------------------------------------
                          0.00    0.00   clock clk (rise edge)
                          0.00    0.00   clock source latency
     1    0.01    0.04    0.03    0.03 ^ clk (in)
                                         clk (net)
                  0.04    0.00    0.03 ^ clkbuf_0_clk/A (sky130_fd_sc_hd__clkbuf_16)
     4    0.03    0.05    0.14    0.17 ^ clkbuf_0_clk/X (sky130_fd_sc_hd__clkbuf_16)
                                         clknet_0_clk (net)
                  0.05    0.00    0.17 ^ clkbuf_2_1__f_clk/A (sky130_fd_sc_hd__clkbuf_16)
    11    0.03    0.05    0.15    0.32 ^ clkbuf_2_1__f_clk/X (sky130_fd_sc_hd__clkbuf_16)
                                         clknet_2_1__leaf_clk (net)
                  0.05    0.00    0.32 ^ _342_/CLK (sky130_fd_sc_hd__dfrtp_2)
     5    0.02    0.08    0.46    0.78 v _342_/Q (sky130_fd_sc_hd__dfrtp_2)
                                         one_second_counter[12] (net)
                  0.08    0.00    0.78 v _180_/C (sky130_fd_sc_hd__and4_1)
     2    0.00    0.04    0.21    1.00 v _180_/X (sky130_fd_sc_hd__and4_1)
                                         _078_ (net)
                  0.04    0.00    1.00 v _181_/D (sky130_fd_sc_hd__or4_2)
     1    0.00    0.10    0.55    1.55 v _181_/X (sky130_fd_sc_hd__or4_2)
                                         _079_ (net)
                  0.10    0.00    1.55 v _184_/A3 (sky130_fd_sc_hd__o31a_1)
     1    0.00    0.05    0.27    1.82 v _184_/X (sky130_fd_sc_hd__o31a_1)
                                         _082_ (net)
                  0.05    0.00    1.82 v _186_/A2 (sky130_fd_sc_hd__o211ai_2)
     2    0.00    0.13    0.15    1.97 ^ _186_/Y (sky130_fd_sc_hd__o211ai_2)
                                         _084_ (net)
                  0.13    0.00    1.97 ^ _187_/A2 (sky130_fd_sc_hd__a21bo_2)
     9    0.02    0.11    0.21    2.18 ^ _187_/X (sky130_fd_sc_hd__a21bo_2)
                                         _085_ (net)
                  0.11    0.00    2.18 ^ _202_/A (sky130_fd_sc_hd__clkbuf_4)
    10    0.02    0.07    0.18    2.36 ^ _202_/X (sky130_fd_sc_hd__clkbuf_4)
                                         _095_ (net)
                  0.07    0.00    2.36 ^ _241_/A (sky130_fd_sc_hd__and3_1)
     1    0.01    0.09    0.18    2.54 ^ _241_/X (sky130_fd_sc_hd__and3_1)
                                         _124_ (net)
                  0.09    0.00    2.54 ^ _242_/A (sky130_fd_sc_hd__clkbuf_1)
     1    0.00    0.04    0.09    2.63 ^ _242_/X (sky130_fd_sc_hd__clkbuf_1)
                                         _005_ (net)
                  0.04    0.00    2.63 ^ _344_/D (sky130_fd_sc_hd__dfrtp_1)
                                  2.63   data arrival time

                         10.00   10.00   clock clk (rise edge)
                          0.00   10.00   clock source latency
     1    0.01    0.04    0.03   10.03 ^ clk (in)
                                         clk (net)
                  0.04    0.00   10.03 ^ clkbuf_0_clk/A (sky130_fd_sc_hd__clkbuf_16)
     4    0.03    0.05    0.13   10.15 ^ clkbuf_0_clk/X (sky130_fd_sc_hd__clkbuf_16)
                                         clknet_0_clk (net)
                  0.05    0.00   10.15 ^ clkbuf_2_1__f_clk/A (sky130_fd_sc_hd__clkbuf_16)
    11    0.03    0.05    0.13   10.29 ^ clkbuf_2_1__f_clk/X (sky130_fd_sc_hd__clkbuf_16)
                                         clknet_2_1__leaf_clk (net)
                  0.05    0.00   10.29 ^ _344_/CLK (sky130_fd_sc_hd__dfrtp_1)
                         -0.25   10.04   clock uncertainty
                          0.03   10.07   clock reconvergence pessimism
                         -0.06   10.01   library setup time
                                 10.01   data required time
-----------------------------------------------------------------------------
                                 10.01   data required time
                                 -2.63   data arrival time
-----------------------------------------------------------------------------
                                  7.38   slack (MET)


Startpoint: _342_ (rising edge-triggered flip-flop clocked by clk)
Endpoint: _349_ (rising edge-triggered flip-flop clocked by clk)
Path Group: clk
Path Type: max

Fanout     Cap    Slew   Delay    Time   Description
-----------------------------------------------------------------------------
                          0.00    0.00   clock clk (rise edge)
                          0.00    0.00   clock source latency
     1    0.01    0.04    0.03    0.03 ^ clk (in)
                                         clk (net)
                  0.04    0.00    0.03 ^ clkbuf_0_clk/A (sky130_fd_sc_hd__clkbuf_16)
     4    0.03    0.05    0.14    0.17 ^ clkbuf_0_clk/X (sky130_fd_sc_hd__clkbuf_16)
                                         clknet_0_clk (net)
                  0.05    0.00    0.17 ^ clkbuf_2_1__f_clk/A (sky130_fd_sc_hd__clkbuf_16)
    11    0.03    0.05    0.15    0.32 ^ clkbuf_2_1__f_clk/X (sky130_fd_sc_hd__clkbuf_16)
                                         clknet_2_1__leaf_clk (net)
                  0.05    0.00    0.32 ^ _342_/CLK (sky130_fd_sc_hd__dfrtp_2)
     5    0.02    0.08    0.46    0.78 v _342_/Q (sky130_fd_sc_hd__dfrtp_2)
                                         one_second_counter[12] (net)
                  0.08    0.00    0.78 v _180_/C (sky130_fd_sc_hd__and4_1)
     2    0.00    0.04    0.21    1.00 v _180_/X (sky130_fd_sc_hd__and4_1)
                                         _078_ (net)
                  0.04    0.00    1.00 v _181_/D (sky130_fd_sc_hd__or4_2)
     1    0.00    0.10    0.55    1.55 v _181_/X (sky130_fd_sc_hd__or4_2)
                                         _079_ (net)
                  0.10    0.00    1.55 v _184_/A3 (sky130_fd_sc_hd__o31a_1)
     1    0.00    0.05    0.27    1.82 v _184_/X (sky130_fd_sc_hd__o31a_1)
                                         _082_ (net)
                  0.05    0.00    1.82 v _186_/A2 (sky130_fd_sc_hd__o211ai_2)
     2    0.00    0.13    0.15    1.97 ^ _186_/Y (sky130_fd_sc_hd__o211ai_2)
                                         _084_ (net)
                  0.13    0.00    1.97 ^ _187_/A2 (sky130_fd_sc_hd__a21bo_2)
     9    0.02    0.11    0.21    2.18 ^ _187_/X (sky130_fd_sc_hd__a21bo_2)
                                         _085_ (net)
                  0.11    0.00    2.18 ^ _202_/A (sky130_fd_sc_hd__clkbuf_4)
    10    0.02    0.07    0.18    2.36 ^ _202_/X (sky130_fd_sc_hd__clkbuf_4)
                                         _095_ (net)
                  0.07    0.00    2.36 ^ _260_/A (sky130_fd_sc_hd__and3_1)
     1    0.00    0.05    0.14    2.50 ^ _260_/X (sky130_fd_sc_hd__and3_1)
                                         _138_ (net)
                  0.05    0.00    2.50 ^ _261_/A (sky130_fd_sc_hd__buf_1)
     1    0.00    0.05    0.09    2.59 ^ _261_/X (sky130_fd_sc_hd__buf_1)
                                         _010_ (net)
                  0.05    0.00    2.59 ^ _349_/D (sky130_fd_sc_hd__dfrtp_2)
                                  2.59   data arrival time

                         10.00   10.00   clock clk (rise edge)
                          0.00   10.00   clock source latency
     1    0.01    0.04    0.03   10.03 ^ clk (in)
                                         clk (net)
                  0.04    0.00   10.03 ^ clkbuf_0_clk/A (sky130_fd_sc_hd__clkbuf_16)
     4    0.03    0.05    0.13   10.15 ^ clkbuf_0_clk/X (sky130_fd_sc_hd__clkbuf_16)
                                         clknet_0_clk (net)
                  0.05    0.00   10.15 ^ clkbuf_2_3__f_clk/A (sky130_fd_sc_hd__clkbuf_16)
     8    0.02    0.04    0.12   10.28 ^ clkbuf_2_3__f_clk/X (sky130_fd_sc_hd__clkbuf_16)
                                         clknet_2_3__leaf_clk (net)
                  0.04    0.00   10.28 ^ _349_/CLK (sky130_fd_sc_hd__dfrtp_2)
                         -0.25   10.03   clock uncertainty
                          0.02   10.04   clock reconvergence pessimism
                         -0.07    9.98   library setup time
                                  9.98   data required time
-----------------------------------------------------------------------------
                                  9.98   data required time
                                 -2.59   data arrival time
-----------------------------------------------------------------------------
                                  7.39   slack (MET)


Startpoint: _342_ (rising edge-triggered flip-flop clocked by clk)
Endpoint: _336_ (rising edge-triggered flip-flop clocked by clk)
Path Group: clk
Path Type: max

Fanout     Cap    Slew   Delay    Time   Description
-----------------------------------------------------------------------------
                          0.00    0.00   clock clk (rise edge)
                          0.00    0.00   clock source latency
     1    0.01    0.04    0.03    0.03 ^ clk (in)
                                         clk (net)
                  0.04    0.00    0.03 ^ clkbuf_0_clk/A (sky130_fd_sc_hd__clkbuf_16)
     4    0.03    0.05    0.14    0.17 ^ clkbuf_0_clk/X (sky130_fd_sc_hd__clkbuf_16)
                                         clknet_0_clk (net)
                  0.05    0.00    0.17 ^ clkbuf_2_1__f_clk/A (sky130_fd_sc_hd__clkbuf_16)
    11    0.03    0.05    0.15    0.32 ^ clkbuf_2_1__f_clk/X (sky130_fd_sc_hd__clkbuf_16)
                                         clknet_2_1__leaf_clk (net)
                  0.05    0.00    0.32 ^ _342_/CLK (sky130_fd_sc_hd__dfrtp_2)
     5    0.02    0.08    0.46    0.78 v _342_/Q (sky130_fd_sc_hd__dfrtp_2)
                                         one_second_counter[12] (net)
                  0.08    0.00    0.78 v _180_/C (sky130_fd_sc_hd__and4_1)
     2    0.00    0.04    0.21    1.00 v _180_/X (sky130_fd_sc_hd__and4_1)
                                         _078_ (net)
                  0.04    0.00    1.00 v _181_/D (sky130_fd_sc_hd__or4_2)
     1    0.00    0.10    0.55    1.55 v _181_/X (sky130_fd_sc_hd__or4_2)
                                         _079_ (net)
                  0.10    0.00    1.55 v _184_/A3 (sky130_fd_sc_hd__o31a_1)
     1    0.00    0.05    0.27    1.82 v _184_/X (sky130_fd_sc_hd__o31a_1)
                                         _082_ (net)
                  0.05    0.00    1.82 v _186_/A2 (sky130_fd_sc_hd__o211ai_2)
     2    0.00    0.13    0.15    1.97 ^ _186_/Y (sky130_fd_sc_hd__o211ai_2)
                                         _084_ (net)
                  0.13    0.00    1.97 ^ _187_/A2 (sky130_fd_sc_hd__a21bo_2)
     9    0.02    0.11    0.21    2.18 ^ _187_/X (sky130_fd_sc_hd__a21bo_2)
                                         _085_ (net)
                  0.11    0.00    2.18 ^ _202_/A (sky130_fd_sc_hd__clkbuf_4)
    10    0.02    0.07    0.18    2.36 ^ _202_/X (sky130_fd_sc_hd__clkbuf_4)
                                         _095_ (net)
                  0.07    0.00    2.36 ^ _212_/A (sky130_fd_sc_hd__and3_1)
     1    0.01    0.07    0.17    2.53 ^ _212_/X (sky130_fd_sc_hd__and3_1)
                                         _103_ (net)
                  0.07    0.00    2.53 ^ _213_/A (sky130_fd_sc_hd__buf_1)
     1    0.00    0.04    0.09    2.61 ^ _213_/X (sky130_fd_sc_hd__buf_1)
                                         _023_ (net)
                  0.04    0.00    2.61 ^ _336_/D (sky130_fd_sc_hd__dfrtp_2)
                                  2.61   data arrival time

                         10.00   10.00   clock clk (rise edge)
                          0.00   10.00   clock source latency
     1    0.01    0.04    0.03   10.03 ^ clk (in)
                                         clk (net)
                  0.04    0.00   10.03 ^ clkbuf_0_clk/A (sky130_fd_sc_hd__clkbuf_16)
     4    0.03    0.05    0.13   10.15 ^ clkbuf_0_clk/X (sky130_fd_sc_hd__clkbuf_16)
                                         clknet_0_clk (net)
                  0.05    0.00   10.15 ^ clkbuf_2_1__f_clk/A (sky130_fd_sc_hd__clkbuf_16)
    11    0.03    0.05    0.13   10.29 ^ clkbuf_2_1__f_clk/X (sky130_fd_sc_hd__clkbuf_16)
                                         clknet_2_1__leaf_clk (net)
                  0.05    0.00   10.29 ^ _336_/CLK (sky130_fd_sc_hd__dfrtp_2)
                         -0.25   10.04   clock uncertainty
                          0.03   10.07   clock reconvergence pessimism
                         -0.06   10.01   library setup time
                                 10.01   data required time
-----------------------------------------------------------------------------
                                 10.01   data required time
                                 -2.61   data arrival time
-----------------------------------------------------------------------------
                                  7.40   slack (MET)


Startpoint: _330_ (rising edge-triggered flip-flop clocked by clk)
Endpoint: _350_ (rising edge-triggered flip-flop clocked by clk)
Path Group: clk
Path Type: max

Fanout     Cap    Slew   Delay    Time   Description
-----------------------------------------------------------------------------
                          0.00    0.00   clock clk (rise edge)
                          0.00    0.00   clock source latency
     1    0.01    0.04    0.03    0.03 ^ clk (in)
                                         clk (net)
                  0.04    0.00    0.03 ^ clkbuf_0_clk/A (sky130_fd_sc_hd__clkbuf_16)
     4    0.03    0.05    0.14    0.17 ^ clkbuf_0_clk/X (sky130_fd_sc_hd__clkbuf_16)
                                         clknet_0_clk (net)
                  0.05    0.00    0.17 ^ clkbuf_2_1__f_clk/A (sky130_fd_sc_hd__clkbuf_16)
    11    0.03    0.05    0.15    0.32 ^ clkbuf_2_1__f_clk/X (sky130_fd_sc_hd__clkbuf_16)
                                         clknet_2_1__leaf_clk (net)
                  0.05    0.00    0.32 ^ _330_/CLK (sky130_fd_sc_hd__dfrtp_4)
     7    0.02    0.08    0.53    0.85 v _330_/Q (sky130_fd_sc_hd__dfrtp_4)
                                         one_second_counter[0] (net)
                  0.08    0.00    0.85 v _177_/D (sky130_fd_sc_hd__and4_2)
     7    0.02    0.08    0.32    1.17 v _177_/X (sky130_fd_sc_hd__and4_2)
                                         _075_ (net)
                  0.08    0.00    1.17 v _221_/C (sky130_fd_sc_hd__and4_4)
     6    0.03    0.07    0.25    1.42 v _221_/X (sky130_fd_sc_hd__and4_4)
                                         _109_ (net)
                  0.07    0.00    1.42 v _244_/D (sky130_fd_sc_hd__and4_1)
     1    0.01    0.06    0.24    1.67 v _244_/X (sky130_fd_sc_hd__and4_1)
                                         _126_ (net)
                  0.06    0.00    1.67 v _245_/A (sky130_fd_sc_hd__buf_4)
    10    0.02    0.05    0.17    1.84 v _245_/X (sky130_fd_sc_hd__buf_4)
                                         _127_ (net)
                  0.05    0.00    1.84 v _258_/A (sky130_fd_sc_hd__and2_2)
     3    0.01    0.05    0.20    2.03 v _258_/X (sky130_fd_sc_hd__and2_2)
                                         _136_ (net)
                  0.05    0.00    2.03 v _262_/B (sky130_fd_sc_hd__or2_1)
     1    0.00    0.04    0.20    2.24 v _262_/X (sky130_fd_sc_hd__or2_1)
                                         _139_ (net)
                  0.04    0.00    2.24 v _264_/B (sky130_fd_sc_hd__and3_1)
     1    0.01    0.07    0.20    2.44 v _264_/X (sky130_fd_sc_hd__and3_1)
                                         _141_ (net)
                  0.07    0.00    2.44 v _265_/A (sky130_fd_sc_hd__clkbuf_1)
     1    0.00    0.02    0.10    2.54 v _265_/X (sky130_fd_sc_hd__clkbuf_1)
                                         _012_ (net)
                  0.02    0.00    2.54 v _350_/D (sky130_fd_sc_hd__dfrtp_2)
                                  2.54   data arrival time

                         10.00   10.00   clock clk (rise edge)
                          0.00   10.00   clock source latency
     1    0.01    0.04    0.03   10.03 ^ clk (in)
                                         clk (net)
                  0.04    0.00   10.03 ^ clkbuf_0_clk/A (sky130_fd_sc_hd__clkbuf_16)
     4    0.03    0.05    0.13   10.15 ^ clkbuf_0_clk/X (sky130_fd_sc_hd__clkbuf_16)
                                         clknet_0_clk (net)
                  0.05    0.00   10.15 ^ clkbuf_2_3__f_clk/A (sky130_fd_sc_hd__clkbuf_16)
     8    0.02    0.04    0.12   10.28 ^ clkbuf_2_3__f_clk/X (sky130_fd_sc_hd__clkbuf_16)
                                         clknet_2_3__leaf_clk (net)
                  0.04    0.00   10.28 ^ _350_/CLK (sky130_fd_sc_hd__dfrtp_2)
                         -0.25   10.03   clock uncertainty
                          0.02   10.04   clock reconvergence pessimism
                         -0.11    9.94   library setup time
                                  9.94   data required time
-----------------------------------------------------------------------------
                                  9.94   data required time
                                 -2.54   data arrival time
-----------------------------------------------------------------------------
                                  7.40   slack (MET)


Startpoint: _342_ (rising edge-triggered flip-flop clocked by clk)
Endpoint: _343_ (rising edge-triggered flip-flop clocked by clk)
Path Group: clk
Path Type: max

Fanout     Cap    Slew   Delay    Time   Description
-----------------------------------------------------------------------------
                          0.00    0.00   clock clk (rise edge)
                          0.00    0.00   clock source latency
     1    0.01    0.04    0.03    0.03 ^ clk (in)
                                         clk (net)
                  0.04    0.00    0.03 ^ clkbuf_0_clk/A (sky130_fd_sc_hd__clkbuf_16)
     4    0.03    0.05    0.14    0.17 ^ clkbuf_0_clk/X (sky130_fd_sc_hd__clkbuf_16)
                                         clknet_0_clk (net)
                  0.05    0.00    0.17 ^ clkbuf_2_1__f_clk/A (sky130_fd_sc_hd__clkbuf_16)
    11    0.03    0.05    0.15    0.32 ^ clkbuf_2_1__f_clk/X (sky130_fd_sc_hd__clkbuf_16)
                                         clknet_2_1__leaf_clk (net)
                  0.05    0.00    0.32 ^ _342_/CLK (sky130_fd_sc_hd__dfrtp_2)
     5    0.02    0.08    0.46    0.78 v _342_/Q (sky130_fd_sc_hd__dfrtp_2)
                                         one_second_counter[12] (net)
                  0.08    0.00    0.78 v _180_/C (sky130_fd_sc_hd__and4_1)
     2    0.00    0.04    0.21    1.00 v _180_/X (sky130_fd_sc_hd__and4_1)
                                         _078_ (net)
                  0.04    0.00    1.00 v _181_/D (sky130_fd_sc_hd__or4_2)
     1    0.00    0.10    0.55    1.55 v _181_/X (sky130_fd_sc_hd__or4_2)
                                         _079_ (net)
                  0.10    0.00    1.55 v _184_/A3 (sky130_fd_sc_hd__o31a_1)
     1    0.00    0.05    0.27    1.82 v _184_/X (sky130_fd_sc_hd__o31a_1)
                                         _082_ (net)
                  0.05    0.00    1.82 v _186_/A2 (sky130_fd_sc_hd__o211ai_2)
     2    0.00    0.13    0.15    1.97 ^ _186_/Y (sky130_fd_sc_hd__o211ai_2)
                                         _084_ (net)
                  0.13    0.00    1.97 ^ _187_/A2 (sky130_fd_sc_hd__a21bo_2)
     9    0.02    0.11    0.21    2.18 ^ _187_/X (sky130_fd_sc_hd__a21bo_2)
                                         _085_ (net)
                  0.11    0.00    2.18 ^ _202_/A (sky130_fd_sc_hd__clkbuf_4)
    10    0.02    0.07    0.18    2.36 ^ _202_/X (sky130_fd_sc_hd__clkbuf_4)
                                         _095_ (net)
                  0.07    0.00    2.36 ^ _236_/A (sky130_fd_sc_hd__and3_1)
     1    0.00    0.05    0.14    2.50 ^ _236_/X (sky130_fd_sc_hd__and3_1)
                                         _120_ (net)
                  0.05    0.00    2.50 ^ _237_/A (sky130_fd_sc_hd__clkbuf_1)
     1    0.00    0.04    0.08    2.58 ^ _237_/X (sky130_fd_sc_hd__clkbuf_1)
                                         _004_ (net)
                  0.04    0.00    2.58 ^ _343_/D (sky130_fd_sc_hd__dfrtp_1)
                                  2.58   data arrival time

                         10.00   10.00   clock clk (rise edge)
                          0.00   10.00   clock source latency
     1    0.01    0.04    0.03   10.03 ^ clk (in)
                                         clk (net)
                  0.04    0.00   10.03 ^ clkbuf_0_clk/A (sky130_fd_sc_hd__clkbuf_16)
     4    0.03    0.05    0.13   10.15 ^ clkbuf_0_clk/X (sky130_fd_sc_hd__clkbuf_16)
                                         clknet_0_clk (net)
                  0.05    0.00   10.15 ^ clkbuf_2_0__f_clk/A (sky130_fd_sc_hd__clkbuf_16)
     9    0.02    0.05    0.13   10.28 ^ clkbuf_2_0__f_clk/X (sky130_fd_sc_hd__clkbuf_16)
                                         clknet_2_0__leaf_clk (net)
                  0.05    0.00   10.28 ^ _343_/CLK (sky130_fd_sc_hd__dfrtp_1)
                         -0.25   10.03   clock uncertainty
                          0.02   10.05   clock reconvergence pessimism
                         -0.06    9.99   library setup time
                                  9.99   data required time
-----------------------------------------------------------------------------
                                  9.99   data required time
                                 -2.58   data arrival time
-----------------------------------------------------------------------------
                                  7.41   slack (MET)


Startpoint: _342_ (rising edge-triggered flip-flop clocked by clk)
Endpoint: _330_ (rising edge-triggered flip-flop clocked by clk)
Path Group: clk
Path Type: max

Fanout     Cap    Slew   Delay    Time   Description
-----------------------------------------------------------------------------
                          0.00    0.00   clock clk (rise edge)
                          0.00    0.00   clock source latency
     1    0.01    0.04    0.03    0.03 ^ clk (in)
                                         clk (net)
                  0.04    0.00    0.03 ^ clkbuf_0_clk/A (sky130_fd_sc_hd__clkbuf_16)
     4    0.03    0.05    0.14    0.17 ^ clkbuf_0_clk/X (sky130_fd_sc_hd__clkbuf_16)
                                         clknet_0_clk (net)
                  0.05    0.00    0.17 ^ clkbuf_2_1__f_clk/A (sky130_fd_sc_hd__clkbuf_16)
    11    0.03    0.05    0.15    0.32 ^ clkbuf_2_1__f_clk/X (sky130_fd_sc_hd__clkbuf_16)
                                         clknet_2_1__leaf_clk (net)
                  0.05    0.00    0.32 ^ _342_/CLK (sky130_fd_sc_hd__dfrtp_2)
     5    0.02    0.08    0.46    0.78 v _342_/Q (sky130_fd_sc_hd__dfrtp_2)
                                         one_second_counter[12] (net)
                  0.08    0.00    0.78 v _180_/C (sky130_fd_sc_hd__and4_1)
     2    0.00    0.04    0.21    1.00 v _180_/X (sky130_fd_sc_hd__and4_1)
                                         _078_ (net)
                  0.04    0.00    1.00 v _181_/D (sky130_fd_sc_hd__or4_2)
     1    0.00    0.10    0.55    1.55 v _181_/X (sky130_fd_sc_hd__or4_2)
                                         _079_ (net)
                  0.10    0.00    1.55 v _184_/A3 (sky130_fd_sc_hd__o31a_1)
     1    0.00    0.05    0.27    1.82 v _184_/X (sky130_fd_sc_hd__o31a_1)
                                         _082_ (net)
                  0.05    0.00    1.82 v _186_/A2 (sky130_fd_sc_hd__o211ai_2)
     2    0.00    0.13    0.15    1.97 ^ _186_/Y (sky130_fd_sc_hd__o211ai_2)
                                         _084_ (net)
                  0.13    0.00    1.97 ^ _187_/A2 (sky130_fd_sc_hd__a21bo_2)
     9    0.02    0.11    0.21    2.18 ^ _187_/X (sky130_fd_sc_hd__a21bo_2)
                                         _085_ (net)
                  0.11    0.00    2.18 ^ _188_/A (sky130_fd_sc_hd__inv_2)
     2    0.01    0.05    0.07    2.25 v _188_/Y (sky130_fd_sc_hd__inv_2)
                                         _086_ (net)
                  0.05    0.00    2.25 v _189_/A (sky130_fd_sc_hd__buf_4)
    10    0.04    0.06    0.18    2.43 v _189_/X (sky130_fd_sc_hd__buf_4)
                                         _027_ (net)
                  0.06    0.00    2.43 v _190_/B (sky130_fd_sc_hd__nor2_1)
     1    0.01    0.13    0.14    2.57 ^ _190_/Y (sky130_fd_sc_hd__nor2_1)
                                         _000_ (net)
                  0.13    0.00    2.57 ^ _330_/D (sky130_fd_sc_hd__dfrtp_4)
                                  2.57   data arrival time

                         10.00   10.00   clock clk (rise edge)
                          0.00   10.00   clock source latency
     1    0.01    0.04    0.03   10.03 ^ clk (in)
                                         clk (net)
                  0.04    0.00   10.03 ^ clkbuf_0_clk/A (sky130_fd_sc_hd__clkbuf_16)
     4    0.03    0.05    0.13   10.15 ^ clkbuf_0_clk/X (sky130_fd_sc_hd__clkbuf_16)
                                         clknet_0_clk (net)
                  0.05    0.00   10.15 ^ clkbuf_2_1__f_clk/A (sky130_fd_sc_hd__clkbuf_16)
    11    0.03    0.05    0.13   10.29 ^ clkbuf_2_1__f_clk/X (sky130_fd_sc_hd__clkbuf_16)
                                         clknet_2_1__leaf_clk (net)
                  0.05    0.00   10.29 ^ _330_/CLK (sky130_fd_sc_hd__dfrtp_4)
                         -0.25   10.04   clock uncertainty
                          0.03   10.07   clock reconvergence pessimism
                         -0.08    9.98   library setup time
                                  9.98   data required time
-----------------------------------------------------------------------------
                                  9.98   data required time
                                 -2.57   data arrival time
-----------------------------------------------------------------------------
                                  7.41   slack (MET)


Startpoint: _342_ (rising edge-triggered flip-flop clocked by clk)
Endpoint: _342_ (rising edge-triggered flip-flop clocked by clk)
Path Group: clk
Path Type: max

Fanout     Cap    Slew   Delay    Time   Description
-----------------------------------------------------------------------------
                          0.00    0.00   clock clk (rise edge)
                          0.00    0.00   clock source latency
     1    0.01    0.04    0.03    0.03 ^ clk (in)
                                         clk (net)
                  0.04    0.00    0.03 ^ clkbuf_0_clk/A (sky130_fd_sc_hd__clkbuf_16)
     4    0.03    0.05    0.14    0.17 ^ clkbuf_0_clk/X (sky130_fd_sc_hd__clkbuf_16)
                                         clknet_0_clk (net)
                  0.05    0.00    0.17 ^ clkbuf_2_1__f_clk/A (sky130_fd_sc_hd__clkbuf_16)
    11    0.03    0.05    0.15    0.32 ^ clkbuf_2_1__f_clk/X (sky130_fd_sc_hd__clkbuf_16)
                                         clknet_2_1__leaf_clk (net)
                  0.05    0.00    0.32 ^ _342_/CLK (sky130_fd_sc_hd__dfrtp_2)
     5    0.02    0.08    0.46    0.78 v _342_/Q (sky130_fd_sc_hd__dfrtp_2)
                                         one_second_counter[12] (net)
                  0.08    0.00    0.78 v _180_/C (sky130_fd_sc_hd__and4_1)
     2    0.00    0.04    0.21    1.00 v _180_/X (sky130_fd_sc_hd__and4_1)
                                         _078_ (net)
                  0.04    0.00    1.00 v _181_/D (sky130_fd_sc_hd__or4_2)
     1    0.00    0.10    0.55    1.55 v _181_/X (sky130_fd_sc_hd__or4_2)
                                         _079_ (net)
                  0.10    0.00    1.55 v _184_/A3 (sky130_fd_sc_hd__o31a_1)
     1    0.00    0.05    0.27    1.82 v _184_/X (sky130_fd_sc_hd__o31a_1)
                                         _082_ (net)
                  0.05    0.00    1.82 v _186_/A2 (sky130_fd_sc_hd__o211ai_2)
     2    0.00    0.13    0.15    1.97 ^ _186_/Y (sky130_fd_sc_hd__o211ai_2)
                                         _084_ (net)
                  0.13    0.00    1.97 ^ _187_/A2 (sky130_fd_sc_hd__a21bo_2)
     9    0.02    0.11    0.21    2.18 ^ _187_/X (sky130_fd_sc_hd__a21bo_2)
                                         _085_ (net)
                  0.11    0.00    2.18 ^ _202_/A (sky130_fd_sc_hd__clkbuf_4)
    10    0.02    0.07    0.18    2.36 ^ _202_/X (sky130_fd_sc_hd__clkbuf_4)
                                         _095_ (net)
                  0.07    0.00    2.36 ^ _232_/A (sky130_fd_sc_hd__and3_1)
     1    0.00    0.05    0.15    2.50 ^ _232_/X (sky130_fd_sc_hd__and3_1)
                                         _117_ (net)
                  0.05    0.00    2.50 ^ _233_/A (sky130_fd_sc_hd__buf_1)
     1    0.00    0.04    0.08    2.58 ^ _233_/X (sky130_fd_sc_hd__buf_1)
                                         _003_ (net)
                  0.04    0.00    2.58 ^ _342_/D (sky130_fd_sc_hd__dfrtp_2)
                                  2.58   data arrival time

                         10.00   10.00   clock clk (rise edge)
                          0.00   10.00   clock source latency
     1    0.01    0.04    0.03   10.03 ^ clk (in)
                                         clk (net)
                  0.04    0.00   10.03 ^ clkbuf_0_clk/A (sky130_fd_sc_hd__clkbuf_16)
     4    0.03    0.05    0.13   10.15 ^ clkbuf_0_clk/X (sky130_fd_sc_hd__clkbuf_16)
                                         clknet_0_clk (net)
                  0.05    0.00   10.15 ^ clkbuf_2_1__f_clk/A (sky130_fd_sc_hd__clkbuf_16)
    11    0.03    0.05    0.13   10.29 ^ clkbuf_2_1__f_clk/X (sky130_fd_sc_hd__clkbuf_16)
                                         clknet_2_1__leaf_clk (net)
                  0.05    0.00   10.29 ^ _342_/CLK (sky130_fd_sc_hd__dfrtp_2)
                         -0.25   10.04   clock uncertainty
                          0.03   10.07   clock reconvergence pessimism
                         -0.06   10.01   library setup time
                                 10.01   data required time
-----------------------------------------------------------------------------
                                 10.01   data required time
                                 -2.58   data arrival time
-----------------------------------------------------------------------------
                                  7.42   slack (MET)


Startpoint: _342_ (rising edge-triggered flip-flop clocked by clk)
Endpoint: _347_ (rising edge-triggered flip-flop clocked by clk)
Path Group: clk
Path Type: max

Fanout     Cap    Slew   Delay    Time   Description
-----------------------------------------------------------------------------
                          0.00    0.00   clock clk (rise edge)
                          0.00    0.00   clock source latency
     1    0.01    0.04    0.03    0.03 ^ clk (in)
                                         clk (net)
                  0.04    0.00    0.03 ^ clkbuf_0_clk/A (sky130_fd_sc_hd__clkbuf_16)
     4    0.03    0.05    0.14    0.17 ^ clkbuf_0_clk/X (sky130_fd_sc_hd__clkbuf_16)
                                         clknet_0_clk (net)
                  0.05    0.00    0.17 ^ clkbuf_2_1__f_clk/A (sky130_fd_sc_hd__clkbuf_16)
    11    0.03    0.05    0.15    0.32 ^ clkbuf_2_1__f_clk/X (sky130_fd_sc_hd__clkbuf_16)
                                         clknet_2_1__leaf_clk (net)
                  0.05    0.00    0.32 ^ _342_/CLK (sky130_fd_sc_hd__dfrtp_2)
     5    0.02    0.08    0.46    0.78 v _342_/Q (sky130_fd_sc_hd__dfrtp_2)
                                         one_second_counter[12] (net)
                  0.08    0.00    0.78 v _180_/C (sky130_fd_sc_hd__and4_1)
     2    0.00    0.04    0.21    1.00 v _180_/X (sky130_fd_sc_hd__and4_1)
                                         _078_ (net)
                  0.04    0.00    1.00 v _181_/D (sky130_fd_sc_hd__or4_2)
     1    0.00    0.10    0.55    1.55 v _181_/X (sky130_fd_sc_hd__or4_2)
                                         _079_ (net)
                  0.10    0.00    1.55 v _184_/A3 (sky130_fd_sc_hd__o31a_1)
     1    0.00    0.05    0.27    1.82 v _184_/X (sky130_fd_sc_hd__o31a_1)
                                         _082_ (net)
                  0.05    0.00    1.82 v _186_/A2 (sky130_fd_sc_hd__o211ai_2)
     2    0.00    0.13    0.15    1.97 ^ _186_/Y (sky130_fd_sc_hd__o211ai_2)
                                         _084_ (net)
                  0.13    0.00    1.97 ^ _187_/A2 (sky130_fd_sc_hd__a21bo_2)
     9    0.02    0.11    0.21    2.18 ^ _187_/X (sky130_fd_sc_hd__a21bo_2)
                                         _085_ (net)
                  0.11    0.00    2.18 ^ _188_/A (sky130_fd_sc_hd__inv_2)
     2    0.01    0.05    0.07    2.25 v _188_/Y (sky130_fd_sc_hd__inv_2)
                                         _086_ (net)
                  0.05    0.00    2.25 v _189_/A (sky130_fd_sc_hd__buf_4)
    10    0.04    0.06    0.18    2.43 v _189_/X (sky130_fd_sc_hd__buf_4)
                                         _027_ (net)
                  0.06    0.00    2.43 v _252_/A (sky130_fd_sc_hd__nor2_1)
     1    0.00    0.09    0.12    2.55 ^ _252_/Y (sky130_fd_sc_hd__nor2_1)
                                         _008_ (net)
                  0.09    0.00    2.55 ^ _347_/D (sky130_fd_sc_hd__dfrtp_4)
                                  2.55   data arrival time

                         10.00   10.00   clock clk (rise edge)
                          0.00   10.00   clock source latency
     1    0.01    0.04    0.03   10.03 ^ clk (in)
                                         clk (net)
                  0.04    0.00   10.03 ^ clkbuf_0_clk/A (sky130_fd_sc_hd__clkbuf_16)
     4    0.03    0.05    0.13   10.15 ^ clkbuf_0_clk/X (sky130_fd_sc_hd__clkbuf_16)
                                         clknet_0_clk (net)
                  0.05    0.00   10.15 ^ clkbuf_2_1__f_clk/A (sky130_fd_sc_hd__clkbuf_16)
    11    0.03    0.05    0.13   10.29 ^ clkbuf_2_1__f_clk/X (sky130_fd_sc_hd__clkbuf_16)
                                         clknet_2_1__leaf_clk (net)
                  0.05    0.00   10.29 ^ _347_/CLK (sky130_fd_sc_hd__dfrtp_4)
                         -0.25   10.04   clock uncertainty
                          0.03   10.07   clock reconvergence pessimism
                         -0.07    9.99   library setup time
                                  9.99   data required time
-----------------------------------------------------------------------------
                                  9.99   data required time
                                 -2.55   data arrival time
-----------------------------------------------------------------------------
                                  7.44   slack (MET)


Startpoint: _342_ (rising edge-triggered flip-flop clocked by clk)
Endpoint: _332_ (rising edge-triggered flip-flop clocked by clk)
Path Group: clk
Path Type: max

Fanout     Cap    Slew   Delay    Time   Description
-----------------------------------------------------------------------------
                          0.00    0.00   clock clk (rise edge)
                          0.00    0.00   clock source latency
     1    0.01    0.04    0.03    0.03 ^ clk (in)
                                         clk (net)
                  0.04    0.00    0.03 ^ clkbuf_0_clk/A (sky130_fd_sc_hd__clkbuf_16)
     4    0.03    0.05    0.14    0.17 ^ clkbuf_0_clk/X (sky130_fd_sc_hd__clkbuf_16)
                                         clknet_0_clk (net)
                  0.05    0.00    0.17 ^ clkbuf_2_1__f_clk/A (sky130_fd_sc_hd__clkbuf_16)
    11    0.03    0.05    0.15    0.32 ^ clkbuf_2_1__f_clk/X (sky130_fd_sc_hd__clkbuf_16)
                                         clknet_2_1__leaf_clk (net)
                  0.05    0.00    0.32 ^ _342_/CLK (sky130_fd_sc_hd__dfrtp_2)
     5    0.02    0.08    0.46    0.78 v _342_/Q (sky130_fd_sc_hd__dfrtp_2)
                                         one_second_counter[12] (net)
                  0.08    0.00    0.78 v _180_/C (sky130_fd_sc_hd__and4_1)
     2    0.00    0.04    0.21    1.00 v _180_/X (sky130_fd_sc_hd__and4_1)
                                         _078_ (net)
                  0.04    0.00    1.00 v _181_/D (sky130_fd_sc_hd__or4_2)
     1    0.00    0.10    0.55    1.55 v _181_/X (sky130_fd_sc_hd__or4_2)
                                         _079_ (net)
                  0.10    0.00    1.55 v _184_/A3 (sky130_fd_sc_hd__o31a_1)
     1    0.00    0.05    0.27    1.82 v _184_/X (sky130_fd_sc_hd__o31a_1)
                                         _082_ (net)
                  0.05    0.00    1.82 v _186_/A2 (sky130_fd_sc_hd__o211ai_2)
     2    0.00    0.13    0.15    1.97 ^ _186_/Y (sky130_fd_sc_hd__o211ai_2)
                                         _084_ (net)
                  0.13    0.00    1.97 ^ _187_/A2 (sky130_fd_sc_hd__a21bo_2)
     9    0.02    0.11    0.21    2.18 ^ _187_/X (sky130_fd_sc_hd__a21bo_2)
                                         _085_ (net)
                  0.11    0.00    2.18 ^ _197_/B (sky130_fd_sc_hd__and3_1)
     1    0.00    0.07    0.18    2.36 ^ _197_/X (sky130_fd_sc_hd__and3_1)
                                         _092_ (net)
                  0.07    0.00    2.36 ^ _198_/A (sky130_fd_sc_hd__buf_1)
     1    0.01    0.11    0.14    2.50 ^ _198_/X (sky130_fd_sc_hd__buf_1)
                                         _019_ (net)
                  0.11    0.00    2.50 ^ _332_/D (sky130_fd_sc_hd__dfrtp_4)
                                  2.50   data arrival time

                         10.00   10.00   clock clk (rise edge)
                          0.00   10.00   clock source latency
     1    0.01    0.04    0.03   10.03 ^ clk (in)
                                         clk (net)
                  0.04    0.00   10.03 ^ clkbuf_0_clk/A (sky130_fd_sc_hd__clkbuf_16)
     4    0.03    0.05    0.13   10.15 ^ clkbuf_0_clk/X (sky130_fd_sc_hd__clkbuf_16)
                                         clknet_0_clk (net)
                  0.05    0.00   10.15 ^ clkbuf_2_1__f_clk/A (sky130_fd_sc_hd__clkbuf_16)
    11    0.03    0.05    0.13   10.29 ^ clkbuf_2_1__f_clk/X (sky130_fd_sc_hd__clkbuf_16)
                                         clknet_2_1__leaf_clk (net)
                  0.05    0.00   10.29 ^ _332_/CLK (sky130_fd_sc_hd__dfrtp_4)
                         -0.25   10.04   clock uncertainty
                          0.03   10.07   clock reconvergence pessimism
                         -0.08    9.99   library setup time
                                  9.99   data required time
-----------------------------------------------------------------------------
                                  9.99   data required time
                                 -2.50   data arrival time
-----------------------------------------------------------------------------
                                  7.49   slack (MET)


Startpoint: _342_ (rising edge-triggered flip-flop clocked by clk)
Endpoint: _348_ (rising edge-triggered flip-flop clocked by clk)
Path Group: clk
Path Type: max

Fanout     Cap    Slew   Delay    Time   Description
-----------------------------------------------------------------------------
                          0.00    0.00   clock clk (rise edge)
                          0.00    0.00   clock source latency
     1    0.01    0.04    0.03    0.03 ^ clk (in)
                                         clk (net)
                  0.04    0.00    0.03 ^ clkbuf_0_clk/A (sky130_fd_sc_hd__clkbuf_16)
     4    0.03    0.05    0.14    0.17 ^ clkbuf_0_clk/X (sky130_fd_sc_hd__clkbuf_16)
                                         clknet_0_clk (net)
                  0.05    0.00    0.17 ^ clkbuf_2_1__f_clk/A (sky130_fd_sc_hd__clkbuf_16)
    11    0.03    0.05    0.15    0.32 ^ clkbuf_2_1__f_clk/X (sky130_fd_sc_hd__clkbuf_16)
                                         clknet_2_1__leaf_clk (net)
                  0.05    0.00    0.32 ^ _342_/CLK (sky130_fd_sc_hd__dfrtp_2)
     5    0.02    0.08    0.46    0.78 v _342_/Q (sky130_fd_sc_hd__dfrtp_2)
                                         one_second_counter[12] (net)
                  0.08    0.00    0.78 v _180_/C (sky130_fd_sc_hd__and4_1)
     2    0.00    0.04    0.21    1.00 v _180_/X (sky130_fd_sc_hd__and4_1)
                                         _078_ (net)
                  0.04    0.00    1.00 v _181_/D (sky130_fd_sc_hd__or4_2)
     1    0.00    0.10    0.55    1.55 v _181_/X (sky130_fd_sc_hd__or4_2)
                                         _079_ (net)
                  0.10    0.00    1.55 v _184_/A3 (sky130_fd_sc_hd__o31a_1)
     1    0.00    0.05    0.27    1.82 v _184_/X (sky130_fd_sc_hd__o31a_1)
                                         _082_ (net)
                  0.05    0.00    1.82 v _186_/A2 (sky130_fd_sc_hd__o211ai_2)
     2    0.00    0.13    0.15    1.97 ^ _186_/Y (sky130_fd_sc_hd__o211ai_2)
                                         _084_ (net)
                  0.13    0.00    1.97 ^ _187_/A2 (sky130_fd_sc_hd__a21bo_2)
     9    0.02    0.11    0.21    2.18 ^ _187_/X (sky130_fd_sc_hd__a21bo_2)
                                         _085_ (net)
                  0.11    0.00    2.18 ^ _202_/A (sky130_fd_sc_hd__clkbuf_4)
    10    0.02    0.07    0.18    2.36 ^ _202_/X (sky130_fd_sc_hd__clkbuf_4)
                                         _095_ (net)
                  0.07    0.00    2.36 ^ _255_/C1 (sky130_fd_sc_hd__o211a_1)
     1    0.00    0.04    0.13    2.49 ^ _255_/X (sky130_fd_sc_hd__o211a_1)
                                         _009_ (net)
                  0.04    0.00    2.49 ^ _348_/D (sky130_fd_sc_hd__dfrtp_4)
                                  2.49   data arrival time

                         10.00   10.00   clock clk (rise edge)
                          0.00   10.00   clock source latency
     1    0.01    0.04    0.03   10.03 ^ clk (in)
                                         clk (net)
                  0.04    0.00   10.03 ^ clkbuf_0_clk/A (sky130_fd_sc_hd__clkbuf_16)
     4    0.03    0.05    0.13   10.15 ^ clkbuf_0_clk/X (sky130_fd_sc_hd__clkbuf_16)
                                         clknet_0_clk (net)
                  0.05    0.00   10.15 ^ clkbuf_2_0__f_clk/A (sky130_fd_sc_hd__clkbuf_16)
     9    0.02    0.05    0.13   10.28 ^ clkbuf_2_0__f_clk/X (sky130_fd_sc_hd__clkbuf_16)
                                         clknet_2_0__leaf_clk (net)
                  0.05    0.00   10.28 ^ _348_/CLK (sky130_fd_sc_hd__dfrtp_4)
                         -0.25   10.03   clock uncertainty
                          0.02   10.05   clock reconvergence pessimism
                         -0.06    9.98   library setup time
                                  9.98   data required time
-----------------------------------------------------------------------------
                                  9.98   data required time
                                 -2.49   data arrival time
-----------------------------------------------------------------------------
                                  7.49   slack (MET)


Startpoint: _342_ (rising edge-triggered flip-flop clocked by clk)
Endpoint: _356_ (rising edge-triggered flip-flop clocked by clk)
Path Group: clk
Path Type: max

Fanout     Cap    Slew   Delay    Time   Description
-----------------------------------------------------------------------------
                          0.00    0.00   clock clk (rise edge)
                          0.00    0.00   clock source latency
     1    0.01    0.04    0.03    0.03 ^ clk (in)
                                         clk (net)
                  0.04    0.00    0.03 ^ clkbuf_0_clk/A (sky130_fd_sc_hd__clkbuf_16)
     4    0.03    0.05    0.14    0.17 ^ clkbuf_0_clk/X (sky130_fd_sc_hd__clkbuf_16)
                                         clknet_0_clk (net)
                  0.05    0.00    0.17 ^ clkbuf_2_1__f_clk/A (sky130_fd_sc_hd__clkbuf_16)
    11    0.03    0.05    0.15    0.32 ^ clkbuf_2_1__f_clk/X (sky130_fd_sc_hd__clkbuf_16)
                                         clknet_2_1__leaf_clk (net)
                  0.05    0.00    0.32 ^ _342_/CLK (sky130_fd_sc_hd__dfrtp_2)
     5    0.02    0.08    0.46    0.78 v _342_/Q (sky130_fd_sc_hd__dfrtp_2)
                                         one_second_counter[12] (net)
                  0.08    0.00    0.78 v _180_/C (sky130_fd_sc_hd__and4_1)
     2    0.00    0.04    0.21    1.00 v _180_/X (sky130_fd_sc_hd__and4_1)
                                         _078_ (net)
                  0.04    0.00    1.00 v _181_/D (sky130_fd_sc_hd__or4_2)
     1    0.00    0.10    0.55    1.55 v _181_/X (sky130_fd_sc_hd__or4_2)
                                         _079_ (net)
                  0.10    0.00    1.55 v _184_/A3 (sky130_fd_sc_hd__o31a_1)
     1    0.00    0.05    0.27    1.82 v _184_/X (sky130_fd_sc_hd__o31a_1)
                                         _082_ (net)
                  0.05    0.00    1.82 v _186_/A2 (sky130_fd_sc_hd__o211ai_2)
     2    0.00    0.13    0.15    1.97 ^ _186_/Y (sky130_fd_sc_hd__o211ai_2)
                                         _084_ (net)
                  0.13    0.00    1.97 ^ _187_/A2 (sky130_fd_sc_hd__a21bo_2)
     9    0.02    0.11    0.21    2.18 ^ _187_/X (sky130_fd_sc_hd__a21bo_2)
                                         _085_ (net)
                  0.11    0.00    2.18 ^ _202_/A (sky130_fd_sc_hd__clkbuf_4)
    10    0.02    0.07    0.18    2.36 ^ _202_/X (sky130_fd_sc_hd__clkbuf_4)
                                         _095_ (net)
                  0.07    0.00    2.36 ^ _284_/B1 (sky130_fd_sc_hd__o211a_1)
     1    0.00    0.05    0.16    2.51 ^ _284_/X (sky130_fd_sc_hd__o211a_1)
                                         _018_ (net)
                  0.05    0.00    2.51 ^ _356_/D (sky130_fd_sc_hd__dfrtp_1)
                                  2.51   data arrival time

                         10.00   10.00   clock clk (rise edge)
                          0.00   10.00   clock source latency
     1    0.01    0.04    0.03   10.03 ^ clk (in)
                                         clk (net)
                  0.04    0.00   10.03 ^ clkbuf_0_clk/A (sky130_fd_sc_hd__clkbuf_16)
     4    0.03    0.05    0.13   10.15 ^ clkbuf_0_clk/X (sky130_fd_sc_hd__clkbuf_16)
                                         clknet_0_clk (net)
                  0.05    0.00   10.15 ^ clkbuf_2_1__f_clk/A (sky130_fd_sc_hd__clkbuf_16)
    11    0.03    0.05    0.13   10.29 ^ clkbuf_2_1__f_clk/X (sky130_fd_sc_hd__clkbuf_16)
                                         clknet_2_1__leaf_clk (net)
                  0.05    0.00   10.29 ^ _356_/CLK (sky130_fd_sc_hd__dfrtp_1)
                         -0.25   10.04   clock uncertainty
                          0.03   10.07   clock reconvergence pessimism
                         -0.06   10.01   library setup time
                                 10.01   data required time
-----------------------------------------------------------------------------
                                 10.01   data required time
                                 -2.51   data arrival time
-----------------------------------------------------------------------------
                                  7.50   slack (MET)


Startpoint: _342_ (rising edge-triggered flip-flop clocked by clk)
Endpoint: _357_ (rising edge-triggered flip-flop clocked by clk)
Path Group: clk
Path Type: max

Fanout     Cap    Slew   Delay    Time   Description
-----------------------------------------------------------------------------
                          0.00    0.00   clock clk (rise edge)
                          0.00    0.00   clock source latency
     1    0.01    0.04    0.03    0.03 ^ clk (in)
                                         clk (net)
                  0.04    0.00    0.03 ^ clkbuf_0_clk/A (sky130_fd_sc_hd__clkbuf_16)
     4    0.03    0.05    0.14    0.17 ^ clkbuf_0_clk/X (sky130_fd_sc_hd__clkbuf_16)
                                         clknet_0_clk (net)
                  0.05    0.00    0.17 ^ clkbuf_2_1__f_clk/A (sky130_fd_sc_hd__clkbuf_16)
    11    0.03    0.05    0.15    0.32 ^ clkbuf_2_1__f_clk/X (sky130_fd_sc_hd__clkbuf_16)
                                         clknet_2_1__leaf_clk (net)
                  0.05    0.00    0.32 ^ _342_/CLK (sky130_fd_sc_hd__dfrtp_2)
     5    0.02    0.08    0.46    0.78 v _342_/Q (sky130_fd_sc_hd__dfrtp_2)
                                         one_second_counter[12] (net)
                  0.08    0.00    0.78 v _180_/C (sky130_fd_sc_hd__and4_1)
     2    0.00    0.04    0.21    1.00 v _180_/X (sky130_fd_sc_hd__and4_1)
                                         _078_ (net)
                  0.04    0.00    1.00 v _181_/D (sky130_fd_sc_hd__or4_2)
     1    0.00    0.10    0.55    1.55 v _181_/X (sky130_fd_sc_hd__or4_2)
                                         _079_ (net)
                  0.10    0.00    1.55 v _184_/A3 (sky130_fd_sc_hd__o31a_1)
     1    0.00    0.05    0.27    1.82 v _184_/X (sky130_fd_sc_hd__o31a_1)
                                         _082_ (net)
                  0.05    0.00    1.82 v _186_/A2 (sky130_fd_sc_hd__o211ai_2)
     2    0.00    0.13    0.15    1.97 ^ _186_/Y (sky130_fd_sc_hd__o211ai_2)
                                         _084_ (net)
                  0.13    0.00    1.97 ^ _187_/A2 (sky130_fd_sc_hd__a21bo_2)
     9    0.02    0.11    0.21    2.18 ^ _187_/X (sky130_fd_sc_hd__a21bo_2)
                                         _085_ (net)
                  0.11    0.00    2.18 ^ _188_/A (sky130_fd_sc_hd__inv_2)
     2    0.01    0.05    0.07    2.25 v _188_/Y (sky130_fd_sc_hd__inv_2)
                                         _086_ (net)
                  0.05    0.00    2.25 v _189_/A (sky130_fd_sc_hd__buf_4)
    10    0.04    0.06    0.18    2.43 v _189_/X (sky130_fd_sc_hd__buf_4)
                                         _027_ (net)
                  0.06    0.00    2.43 v _357_/D (sky130_fd_sc_hd__dfrtp_4)
                                  2.43   data arrival time

                         10.00   10.00   clock clk (rise edge)
                          0.00   10.00   clock source latency
     1    0.01    0.04    0.03   10.03 ^ clk (in)
                                         clk (net)
                  0.04    0.00   10.03 ^ clkbuf_0_clk/A (sky130_fd_sc_hd__clkbuf_16)
     4    0.03    0.05    0.13   10.15 ^ clkbuf_0_clk/X (sky130_fd_sc_hd__clkbuf_16)
                                         clknet_0_clk (net)
                  0.05    0.00   10.15 ^ clkbuf_2_2__f_clk/A (sky130_fd_sc_hd__clkbuf_16)
     7    0.03    0.05    0.13   10.28 ^ clkbuf_2_2__f_clk/X (sky130_fd_sc_hd__clkbuf_16)
                                         clknet_2_2__leaf_clk (net)
                  0.05    0.00   10.28 ^ _357_/CLK (sky130_fd_sc_hd__dfrtp_4)
                         -0.25   10.03   clock uncertainty
                          0.02   10.05   clock reconvergence pessimism
                         -0.12    9.93   library setup time
                                  9.93   data required time
-----------------------------------------------------------------------------
                                  9.93   data required time
                                 -2.43   data arrival time
-----------------------------------------------------------------------------
                                  7.50   slack (MET)


Startpoint: _342_ (rising edge-triggered flip-flop clocked by clk)
Endpoint: _333_ (rising edge-triggered flip-flop clocked by clk)
Path Group: clk
Path Type: max

Fanout     Cap    Slew   Delay    Time   Description
-----------------------------------------------------------------------------
                          0.00    0.00   clock clk (rise edge)
                          0.00    0.00   clock source latency
     1    0.01    0.04    0.03    0.03 ^ clk (in)
                                         clk (net)
                  0.04    0.00    0.03 ^ clkbuf_0_clk/A (sky130_fd_sc_hd__clkbuf_16)
     4    0.03    0.05    0.14    0.17 ^ clkbuf_0_clk/X (sky130_fd_sc_hd__clkbuf_16)
                                         clknet_0_clk (net)
                  0.05    0.00    0.17 ^ clkbuf_2_1__f_clk/A (sky130_fd_sc_hd__clkbuf_16)
    11    0.03    0.05    0.15    0.32 ^ clkbuf_2_1__f_clk/X (sky130_fd_sc_hd__clkbuf_16)
                                         clknet_2_1__leaf_clk (net)
                  0.05    0.00    0.32 ^ _342_/CLK (sky130_fd_sc_hd__dfrtp_2)
     5    0.02    0.08    0.46    0.78 v _342_/Q (sky130_fd_sc_hd__dfrtp_2)
                                         one_second_counter[12] (net)
                  0.08    0.00    0.78 v _180_/C (sky130_fd_sc_hd__and4_1)
     2    0.00    0.04    0.21    1.00 v _180_/X (sky130_fd_sc_hd__and4_1)
                                         _078_ (net)
                  0.04    0.00    1.00 v _181_/D (sky130_fd_sc_hd__or4_2)
     1    0.00    0.10    0.55    1.55 v _181_/X (sky130_fd_sc_hd__or4_2)
                                         _079_ (net)
                  0.10    0.00    1.55 v _184_/A3 (sky130_fd_sc_hd__o31a_1)
     1    0.00    0.05    0.27    1.82 v _184_/X (sky130_fd_sc_hd__o31a_1)
                                         _082_ (net)
                  0.05    0.00    1.82 v _186_/A2 (sky130_fd_sc_hd__o211ai_2)
     2    0.00    0.13    0.15    1.97 ^ _186_/Y (sky130_fd_sc_hd__o211ai_2)
                                         _084_ (net)
                  0.13    0.00    1.97 ^ _187_/A2 (sky130_fd_sc_hd__a21bo_2)
     9    0.02    0.11    0.21    2.18 ^ _187_/X (sky130_fd_sc_hd__a21bo_2)
                                         _085_ (net)
                  0.11    0.00    2.18 ^ _200_/B (sky130_fd_sc_hd__and3b_1)
     1    0.01    0.10    0.21    2.39 ^ _200_/X (sky130_fd_sc_hd__and3b_1)
                                         _094_ (net)
                  0.10    0.00    2.39 ^ _201_/A (sky130_fd_sc_hd__clkbuf_1)
     1    0.00    0.04    0.09    2.48 ^ _201_/X (sky130_fd_sc_hd__clkbuf_1)
                                         _020_ (net)
                  0.04    0.00    2.48 ^ _333_/D (sky130_fd_sc_hd__dfrtp_1)
                                  2.48   data arrival time

                         10.00   10.00   clock clk (rise edge)
                          0.00   10.00   clock source latency
     1    0.01    0.04    0.03   10.03 ^ clk (in)
                                         clk (net)
                  0.04    0.00   10.03 ^ clkbuf_0_clk/A (sky130_fd_sc_hd__clkbuf_16)
     4    0.03    0.05    0.13   10.15 ^ clkbuf_0_clk/X (sky130_fd_sc_hd__clkbuf_16)
                                         clknet_0_clk (net)
                  0.05    0.00   10.15 ^ clkbuf_2_3__f_clk/A (sky130_fd_sc_hd__clkbuf_16)
     8    0.02    0.04    0.12   10.28 ^ clkbuf_2_3__f_clk/X (sky130_fd_sc_hd__clkbuf_16)
                                         clknet_2_3__leaf_clk (net)
                  0.04    0.00   10.28 ^ _333_/CLK (sky130_fd_sc_hd__dfrtp_1)
                         -0.25   10.03   clock uncertainty
                          0.02   10.04   clock reconvergence pessimism
                         -0.06    9.98   library setup time
                                  9.98   data required time
-----------------------------------------------------------------------------
                                  9.98   data required time
                                 -2.48   data arrival time
-----------------------------------------------------------------------------
                                  7.50   slack (MET)


Startpoint: _342_ (rising edge-triggered flip-flop clocked by clk)
Endpoint: _338_ (rising edge-triggered flip-flop clocked by clk)
Path Group: clk
Path Type: max

Fanout     Cap    Slew   Delay    Time   Description
-----------------------------------------------------------------------------
                          0.00    0.00   clock clk (rise edge)
                          0.00    0.00   clock source latency
     1    0.01    0.04    0.03    0.03 ^ clk (in)
                                         clk (net)
                  0.04    0.00    0.03 ^ clkbuf_0_clk/A (sky130_fd_sc_hd__clkbuf_16)
     4    0.03    0.05    0.14    0.17 ^ clkbuf_0_clk/X (sky130_fd_sc_hd__clkbuf_16)
                                         clknet_0_clk (net)
                  0.05    0.00    0.17 ^ clkbuf_2_1__f_clk/A (sky130_fd_sc_hd__clkbuf_16)
    11    0.03    0.05    0.15    0.32 ^ clkbuf_2_1__f_clk/X (sky130_fd_sc_hd__clkbuf_16)
                                         clknet_2_1__leaf_clk (net)
                  0.05    0.00    0.32 ^ _342_/CLK (sky130_fd_sc_hd__dfrtp_2)
     5    0.02    0.08    0.46    0.78 v _342_/Q (sky130_fd_sc_hd__dfrtp_2)
                                         one_second_counter[12] (net)
                  0.08    0.00    0.78 v _180_/C (sky130_fd_sc_hd__and4_1)
     2    0.00    0.04    0.21    1.00 v _180_/X (sky130_fd_sc_hd__and4_1)
                                         _078_ (net)
                  0.04    0.00    1.00 v _181_/D (sky130_fd_sc_hd__or4_2)
     1    0.00    0.10    0.55    1.55 v _181_/X (sky130_fd_sc_hd__or4_2)
                                         _079_ (net)
                  0.10    0.00    1.55 v _184_/A3 (sky130_fd_sc_hd__o31a_1)
     1    0.00    0.05    0.27    1.82 v _184_/X (sky130_fd_sc_hd__o31a_1)
                                         _082_ (net)
                  0.05    0.00    1.82 v _186_/A2 (sky130_fd_sc_hd__o211ai_2)
     2    0.00    0.13    0.15    1.97 ^ _186_/Y (sky130_fd_sc_hd__o211ai_2)
                                         _084_ (net)
                  0.13    0.00    1.97 ^ _187_/A2 (sky130_fd_sc_hd__a21bo_2)
     9    0.02    0.11    0.21    2.18 ^ _187_/X (sky130_fd_sc_hd__a21bo_2)
                                         _085_ (net)
                  0.11    0.00    2.18 ^ _218_/B (sky130_fd_sc_hd__and3_1)
     1    0.00    0.05    0.16    2.34 ^ _218_/X (sky130_fd_sc_hd__and3_1)
                                         _107_ (net)
                  0.05    0.00    2.34 ^ _219_/A (sky130_fd_sc_hd__clkbuf_1)
     1    0.01    0.09    0.12    2.46 ^ _219_/X (sky130_fd_sc_hd__clkbuf_1)
                                         _025_ (net)
                  0.09    0.00    2.46 ^ _338_/D (sky130_fd_sc_hd__dfrtp_4)
                                  2.46   data arrival time

                         10.00   10.00   clock clk (rise edge)
                          0.00   10.00   clock source latency
     1    0.01    0.04    0.03   10.03 ^ clk (in)
                                         clk (net)
                  0.04    0.00   10.03 ^ clkbuf_0_clk/A (sky130_fd_sc_hd__clkbuf_16)
     4    0.03    0.05    0.13   10.15 ^ clkbuf_0_clk/X (sky130_fd_sc_hd__clkbuf_16)
                                         clknet_0_clk (net)
                  0.05    0.00   10.15 ^ clkbuf_2_3__f_clk/A (sky130_fd_sc_hd__clkbuf_16)
     8    0.02    0.04    0.12   10.28 ^ clkbuf_2_3__f_clk/X (sky130_fd_sc_hd__clkbuf_16)
                                         clknet_2_3__leaf_clk (net)
                  0.04    0.00   10.28 ^ _338_/CLK (sky130_fd_sc_hd__dfrtp_4)
                         -0.25   10.03   clock uncertainty
                          0.02   10.04   clock reconvergence pessimism
                         -0.08    9.97   library setup time
                                  9.97   data required time
-----------------------------------------------------------------------------
                                  9.97   data required time
                                 -2.46   data arrival time
-----------------------------------------------------------------------------
                                  7.51   slack (MET)


Startpoint: _342_ (rising edge-triggered flip-flop clocked by clk)
Endpoint: _331_ (rising edge-triggered flip-flop clocked by clk)
Path Group: clk
Path Type: max

Fanout     Cap    Slew   Delay    Time   Description
-----------------------------------------------------------------------------
                          0.00    0.00   clock clk (rise edge)
                          0.00    0.00   clock source latency
     1    0.01    0.04    0.03    0.03 ^ clk (in)
                                         clk (net)
                  0.04    0.00    0.03 ^ clkbuf_0_clk/A (sky130_fd_sc_hd__clkbuf_16)
     4    0.03    0.05    0.14    0.17 ^ clkbuf_0_clk/X (sky130_fd_sc_hd__clkbuf_16)
                                         clknet_0_clk (net)
                  0.05    0.00    0.17 ^ clkbuf_2_1__f_clk/A (sky130_fd_sc_hd__clkbuf_16)
    11    0.03    0.05    0.15    0.32 ^ clkbuf_2_1__f_clk/X (sky130_fd_sc_hd__clkbuf_16)
                                         clknet_2_1__leaf_clk (net)
                  0.05    0.00    0.32 ^ _342_/CLK (sky130_fd_sc_hd__dfrtp_2)
     5    0.02    0.08    0.46    0.78 v _342_/Q (sky130_fd_sc_hd__dfrtp_2)
                                         one_second_counter[12] (net)
                  0.08    0.00    0.78 v _180_/C (sky130_fd_sc_hd__and4_1)
     2    0.00    0.04    0.21    1.00 v _180_/X (sky130_fd_sc_hd__and4_1)
                                         _078_ (net)
                  0.04    0.00    1.00 v _181_/D (sky130_fd_sc_hd__or4_2)
     1    0.00    0.10    0.55    1.55 v _181_/X (sky130_fd_sc_hd__or4_2)
                                         _079_ (net)
                  0.10    0.00    1.55 v _184_/A3 (sky130_fd_sc_hd__o31a_1)
     1    0.00    0.05    0.27    1.82 v _184_/X (sky130_fd_sc_hd__o31a_1)
                                         _082_ (net)
                  0.05    0.00    1.82 v _186_/A2 (sky130_fd_sc_hd__o211ai_2)
     2    0.00    0.13    0.15    1.97 ^ _186_/Y (sky130_fd_sc_hd__o211ai_2)
                                         _084_ (net)
                  0.13    0.00    1.97 ^ _187_/A2 (sky130_fd_sc_hd__a21bo_2)
     9    0.02    0.11    0.21    2.18 ^ _187_/X (sky130_fd_sc_hd__a21bo_2)
                                         _085_ (net)
                  0.11    0.00    2.18 ^ _193_/B (sky130_fd_sc_hd__and3_1)
     1    0.01    0.08    0.20    2.38 ^ _193_/X (sky130_fd_sc_hd__and3_1)
                                         _089_ (net)
                  0.08    0.00    2.38 ^ _194_/A (sky130_fd_sc_hd__clkbuf_1)
     1    0.00    0.04    0.09    2.47 ^ _194_/X (sky130_fd_sc_hd__clkbuf_1)
                                         _011_ (net)
                  0.04    0.00    2.47 ^ _331_/D (sky130_fd_sc_hd__dfrtp_4)
                                  2.47   data arrival time

                         10.00   10.00   clock clk (rise edge)
                          0.00   10.00   clock source latency
     1    0.01    0.04    0.03   10.03 ^ clk (in)
                                         clk (net)
                  0.04    0.00   10.03 ^ clkbuf_0_clk/A (sky130_fd_sc_hd__clkbuf_16)
     4    0.03    0.05    0.13   10.15 ^ clkbuf_0_clk/X (sky130_fd_sc_hd__clkbuf_16)
                                         clknet_0_clk (net)
                  0.05    0.00   10.15 ^ clkbuf_2_2__f_clk/A (sky130_fd_sc_hd__clkbuf_16)
     7    0.03    0.05    0.13   10.28 ^ clkbuf_2_2__f_clk/X (sky130_fd_sc_hd__clkbuf_16)
                                         clknet_2_2__leaf_clk (net)
                  0.05    0.00   10.28 ^ _331_/CLK (sky130_fd_sc_hd__dfrtp_4)
                         -0.25   10.03   clock uncertainty
                          0.02   10.05   clock reconvergence pessimism
                         -0.06    9.99   library setup time
                                  9.99   data required time
-----------------------------------------------------------------------------
                                  9.99   data required time
                                 -2.47   data arrival time
-----------------------------------------------------------------------------
                                  7.52   slack (MET)


Startpoint: _342_ (rising edge-triggered flip-flop clocked by clk)
Endpoint: _337_ (rising edge-triggered flip-flop clocked by clk)
Path Group: clk
Path Type: max

Fanout     Cap    Slew   Delay    Time   Description
-----------------------------------------------------------------------------
                          0.00    0.00   clock clk (rise edge)
                          0.00    0.00   clock source latency
     1    0.01    0.04    0.03    0.03 ^ clk (in)
                                         clk (net)
                  0.04    0.00    0.03 ^ clkbuf_0_clk/A (sky130_fd_sc_hd__clkbuf_16)
     4    0.03    0.05    0.14    0.17 ^ clkbuf_0_clk/X (sky130_fd_sc_hd__clkbuf_16)
                                         clknet_0_clk (net)
                  0.05    0.00    0.17 ^ clkbuf_2_1__f_clk/A (sky130_fd_sc_hd__clkbuf_16)
    11    0.03    0.05    0.15    0.32 ^ clkbuf_2_1__f_clk/X (sky130_fd_sc_hd__clkbuf_16)
                                         clknet_2_1__leaf_clk (net)
                  0.05    0.00    0.32 ^ _342_/CLK (sky130_fd_sc_hd__dfrtp_2)
     5    0.02    0.08    0.46    0.78 v _342_/Q (sky130_fd_sc_hd__dfrtp_2)
                                         one_second_counter[12] (net)
                  0.08    0.00    0.78 v _180_/C (sky130_fd_sc_hd__and4_1)
     2    0.00    0.04    0.21    1.00 v _180_/X (sky130_fd_sc_hd__and4_1)
                                         _078_ (net)
                  0.04    0.00    1.00 v _181_/D (sky130_fd_sc_hd__or4_2)
     1    0.00    0.10    0.55    1.55 v _181_/X (sky130_fd_sc_hd__or4_2)
                                         _079_ (net)
                  0.10    0.00    1.55 v _184_/A3 (sky130_fd_sc_hd__o31a_1)
     1    0.00    0.05    0.27    1.82 v _184_/X (sky130_fd_sc_hd__o31a_1)
                                         _082_ (net)
                  0.05    0.00    1.82 v _186_/A2 (sky130_fd_sc_hd__o211ai_2)
     2    0.00    0.13    0.15    1.97 ^ _186_/Y (sky130_fd_sc_hd__o211ai_2)
                                         _084_ (net)
                  0.13    0.00    1.97 ^ _187_/A2 (sky130_fd_sc_hd__a21bo_2)
     9    0.02    0.11    0.21    2.18 ^ _187_/X (sky130_fd_sc_hd__a21bo_2)
                                         _085_ (net)
                  0.11    0.00    2.18 ^ _188_/A (sky130_fd_sc_hd__inv_2)
     2    0.01    0.05    0.07    2.25 v _188_/Y (sky130_fd_sc_hd__inv_2)
                                         _086_ (net)
                  0.05    0.00    2.25 v _215_/B1 (sky130_fd_sc_hd__a211oi_1)
     1    0.00    0.16    0.20    2.44 ^ _215_/Y (sky130_fd_sc_hd__a211oi_1)
                                         _024_ (net)
                  0.16    0.00    2.44 ^ _337_/D (sky130_fd_sc_hd__dfrtp_2)
                                  2.44   data arrival time

                         10.00   10.00   clock clk (rise edge)
                          0.00   10.00   clock source latency
     1    0.01    0.04    0.03   10.03 ^ clk (in)
                                         clk (net)
                  0.04    0.00   10.03 ^ clkbuf_0_clk/A (sky130_fd_sc_hd__clkbuf_16)
     4    0.03    0.05    0.13   10.15 ^ clkbuf_0_clk/X (sky130_fd_sc_hd__clkbuf_16)
                                         clknet_0_clk (net)
                  0.05    0.00   10.15 ^ clkbuf_2_1__f_clk/A (sky130_fd_sc_hd__clkbuf_16)
    11    0.03    0.05    0.13   10.29 ^ clkbuf_2_1__f_clk/X (sky130_fd_sc_hd__clkbuf_16)
                                         clknet_2_1__leaf_clk (net)
                  0.05    0.00   10.29 ^ _337_/CLK (sky130_fd_sc_hd__dfrtp_2)
                         -0.25   10.04   clock uncertainty
                          0.03   10.07   clock reconvergence pessimism
                         -0.09    9.98   library setup time
                                  9.98   data required time
-----------------------------------------------------------------------------
                                  9.98   data required time
                                 -2.44   data arrival time
-----------------------------------------------------------------------------
                                  7.53   slack (MET)


Startpoint: rst (input port clocked by clk)
Endpoint: _348_ (recovery check against rising-edge clock clk)
Path Group: asynchronous
Path Type: max

Fanout     Cap    Slew   Delay    Time   Description
-----------------------------------------------------------------------------
                          0.00    0.00   clock clk (rise edge)
                          0.00    0.00   clock network delay (propagated)
                          2.00    2.00 v input external delay
     1    0.00    0.01    0.01    2.01 v rst (in)
                                         rst (net)
                  0.01    0.00    2.01 v input1/A (sky130_fd_sc_hd__clkbuf_4)
     5    0.02    0.05    0.15    2.16 v input1/X (sky130_fd_sc_hd__clkbuf_4)
                                         net1 (net)
                  0.05    0.00    2.16 v _306_/A (sky130_fd_sc_hd__clkbuf_8)
    10    0.05    0.07    0.18    2.34 v _306_/X (sky130_fd_sc_hd__clkbuf_8)
                                         _160_ (net)
                  0.07    0.01    2.35 v _315_/A (sky130_fd_sc_hd__inv_2)
     1    0.01    0.07    0.09    2.44 ^ _315_/Y (sky130_fd_sc_hd__inv_2)
                                         _046_ (net)
                  0.07    0.00    2.44 ^ _348_/RESET_B (sky130_fd_sc_hd__dfrtp_4)
                                  2.44   data arrival time

                         10.00   10.00   clock clk (rise edge)
                          0.00   10.00   clock source latency
     1    0.01    0.04    0.03   10.03 ^ clk (in)
                                         clk (net)
                  0.04    0.00   10.03 ^ clkbuf_0_clk/A (sky130_fd_sc_hd__clkbuf_16)
     4    0.03    0.05    0.13   10.15 ^ clkbuf_0_clk/X (sky130_fd_sc_hd__clkbuf_16)
                                         clknet_0_clk (net)
                  0.05    0.00   10.15 ^ clkbuf_2_0__f_clk/A (sky130_fd_sc_hd__clkbuf_16)
     9    0.02    0.05    0.13   10.28 ^ clkbuf_2_0__f_clk/X (sky130_fd_sc_hd__clkbuf_16)
                                         clknet_2_0__leaf_clk (net)
                  0.05    0.00   10.28 ^ _348_/CLK (sky130_fd_sc_hd__dfrtp_4)
                         -0.25   10.03   clock uncertainty
                          0.00   10.03   clock reconvergence pessimism
                          0.21   10.24   library recovery time
                                 10.24   data required time
-----------------------------------------------------------------------------
                                 10.24   data required time
                                 -2.44   data arrival time
-----------------------------------------------------------------------------
                                  7.80   slack (MET)


Startpoint: rst (input port clocked by clk)
Endpoint: _339_ (recovery check against rising-edge clock clk)
Path Group: asynchronous
Path Type: max

Fanout     Cap    Slew   Delay    Time   Description
-----------------------------------------------------------------------------
                          0.00    0.00   clock clk (rise edge)
                          0.00    0.00   clock network delay (propagated)
                          2.00    2.00 v input external delay
     1    0.00    0.01    0.01    2.01 v rst (in)
                                         rst (net)
                  0.01    0.00    2.01 v input1/A (sky130_fd_sc_hd__clkbuf_4)
     5    0.02    0.05    0.15    2.16 v input1/X (sky130_fd_sc_hd__clkbuf_4)
                                         net1 (net)
                  0.05    0.00    2.16 v _295_/A (sky130_fd_sc_hd__buf_4)
    10    0.04    0.07    0.19    2.35 v _295_/X (sky130_fd_sc_hd__buf_4)
                                         _159_ (net)
                  0.07    0.00    2.35 v _305_/A (sky130_fd_sc_hd__inv_2)
     1    0.01    0.07    0.09    2.44 ^ _305_/Y (sky130_fd_sc_hd__inv_2)
                                         _037_ (net)
                  0.07    0.00    2.44 ^ _339_/RESET_B (sky130_fd_sc_hd__dfrtp_2)
                                  2.44   data arrival time

                         10.00   10.00   clock clk (rise edge)
                          0.00   10.00   clock source latency
     1    0.01    0.04    0.03   10.03 ^ clk (in)
                                         clk (net)
                  0.04    0.00   10.03 ^ clkbuf_0_clk/A (sky130_fd_sc_hd__clkbuf_16)
     4    0.03    0.05    0.13   10.15 ^ clkbuf_0_clk/X (sky130_fd_sc_hd__clkbuf_16)
                                         clknet_0_clk (net)
                  0.05    0.00   10.15 ^ clkbuf_2_0__f_clk/A (sky130_fd_sc_hd__clkbuf_16)
     9    0.02    0.05    0.13   10.28 ^ clkbuf_2_0__f_clk/X (sky130_fd_sc_hd__clkbuf_16)
                                         clknet_2_0__leaf_clk (net)
                  0.05    0.00   10.28 ^ _339_/CLK (sky130_fd_sc_hd__dfrtp_2)
                         -0.25   10.03   clock uncertainty
                          0.00   10.03   clock reconvergence pessimism
                          0.21   10.24   library recovery time
                                 10.24   data required time
-----------------------------------------------------------------------------
                                 10.24   data required time
                                 -2.44   data arrival time
-----------------------------------------------------------------------------
                                  7.81   slack (MET)


Startpoint: rst (input port clocked by clk)
Endpoint: _343_ (recovery check against rising-edge clock clk)
Path Group: asynchronous
Path Type: max

Fanout     Cap    Slew   Delay    Time   Description
-----------------------------------------------------------------------------
                          0.00    0.00   clock clk (rise edge)
                          0.00    0.00   clock network delay (propagated)
                          2.00    2.00 v input external delay
     1    0.00    0.01    0.01    2.01 v rst (in)
                                         rst (net)
                  0.01    0.00    2.01 v input1/A (sky130_fd_sc_hd__clkbuf_4)
     5    0.02    0.05    0.15    2.16 v input1/X (sky130_fd_sc_hd__clkbuf_4)
                                         net1 (net)
                  0.05    0.00    2.16 v _306_/A (sky130_fd_sc_hd__clkbuf_8)
    10    0.05    0.07    0.18    2.34 v _306_/X (sky130_fd_sc_hd__clkbuf_8)
                                         _160_ (net)
                  0.07    0.01    2.35 v _310_/A (sky130_fd_sc_hd__inv_2)
     1    0.01    0.07    0.09    2.44 ^ _310_/Y (sky130_fd_sc_hd__inv_2)
                                         _041_ (net)
                  0.07    0.00    2.44 ^ _343_/RESET_B (sky130_fd_sc_hd__dfrtp_1)
                                  2.44   data arrival time

                         10.00   10.00   clock clk (rise edge)
                          0.00   10.00   clock source latency
     1    0.01    0.04    0.03   10.03 ^ clk (in)
                                         clk (net)
                  0.04    0.00   10.03 ^ clkbuf_0_clk/A (sky130_fd_sc_hd__clkbuf_16)
     4    0.03    0.05    0.13   10.15 ^ clkbuf_0_clk/X (sky130_fd_sc_hd__clkbuf_16)
                                         clknet_0_clk (net)
                  0.05    0.00   10.15 ^ clkbuf_2_0__f_clk/A (sky130_fd_sc_hd__clkbuf_16)
     9    0.02    0.05    0.13   10.28 ^ clkbuf_2_0__f_clk/X (sky130_fd_sc_hd__clkbuf_16)
                                         clknet_2_0__leaf_clk (net)
                  0.05    0.00   10.28 ^ _343_/CLK (sky130_fd_sc_hd__dfrtp_1)
                         -0.25   10.03   clock uncertainty
                          0.00   10.03   clock reconvergence pessimism
                          0.22   10.25   library recovery time
                                 10.25   data required time
-----------------------------------------------------------------------------
                                 10.25   data required time
                                 -2.44   data arrival time
-----------------------------------------------------------------------------
                                  7.81   slack (MET)


Startpoint: rst (input port clocked by clk)
Endpoint: _349_ (recovery check against rising-edge clock clk)
Path Group: asynchronous
Path Type: max

Fanout     Cap    Slew   Delay    Time   Description
-----------------------------------------------------------------------------
                          0.00    0.00   clock clk (rise edge)
                          0.00    0.00   clock network delay (propagated)
                          2.00    2.00 v input external delay
     1    0.00    0.01    0.01    2.01 v rst (in)
                                         rst (net)
                  0.01    0.00    2.01 v input1/A (sky130_fd_sc_hd__clkbuf_4)
     5    0.02    0.05    0.15    2.16 v input1/X (sky130_fd_sc_hd__clkbuf_4)
                                         net1 (net)
                  0.05    0.00    2.16 v _306_/A (sky130_fd_sc_hd__clkbuf_8)
    10    0.05    0.07    0.18    2.34 v _306_/X (sky130_fd_sc_hd__clkbuf_8)
                                         _160_ (net)
                  0.07    0.00    2.34 v _316_/A (sky130_fd_sc_hd__inv_2)
     1    0.01    0.06    0.08    2.42 ^ _316_/Y (sky130_fd_sc_hd__inv_2)
                                         _047_ (net)
                  0.06    0.00    2.42 ^ _349_/RESET_B (sky130_fd_sc_hd__dfrtp_2)
                                  2.42   data arrival time

                         10.00   10.00   clock clk (rise edge)
                          0.00   10.00   clock source latency
     1    0.01    0.04    0.03   10.03 ^ clk (in)
                                         clk (net)
                  0.04    0.00   10.03 ^ clkbuf_0_clk/A (sky130_fd_sc_hd__clkbuf_16)
     4    0.03    0.05    0.13   10.15 ^ clkbuf_0_clk/X (sky130_fd_sc_hd__clkbuf_16)
                                         clknet_0_clk (net)
                  0.05    0.00   10.15 ^ clkbuf_2_3__f_clk/A (sky130_fd_sc_hd__clkbuf_16)
     8    0.02    0.04    0.12   10.28 ^ clkbuf_2_3__f_clk/X (sky130_fd_sc_hd__clkbuf_16)
                                         clknet_2_3__leaf_clk (net)
                  0.04    0.00   10.28 ^ _349_/CLK (sky130_fd_sc_hd__dfrtp_2)
                         -0.25   10.03   clock uncertainty
                          0.00   10.03   clock reconvergence pessimism
                          0.22   10.24   library recovery time
                                 10.24   data required time
-----------------------------------------------------------------------------
                                 10.24   data required time
                                 -2.42   data arrival time
-----------------------------------------------------------------------------
                                  7.82   slack (MET)


Startpoint: rst (input port clocked by clk)
Endpoint: _350_ (recovery check against rising-edge clock clk)
Path Group: asynchronous
Path Type: max

Fanout     Cap    Slew   Delay    Time   Description
-----------------------------------------------------------------------------
                          0.00    0.00   clock clk (rise edge)
                          0.00    0.00   clock network delay (propagated)
                          2.00    2.00 v input external delay
     1    0.00    0.01    0.01    2.01 v rst (in)
                                         rst (net)
                  0.01    0.00    2.01 v input1/A (sky130_fd_sc_hd__clkbuf_4)
     5    0.02    0.05    0.15    2.16 v input1/X (sky130_fd_sc_hd__clkbuf_4)
                                         net1 (net)
                  0.05    0.00    2.16 v _317_/A (sky130_fd_sc_hd__clkbuf_8)
    10    0.04    0.06    0.18    2.33 v _317_/X (sky130_fd_sc_hd__clkbuf_8)
                                         _161_ (net)
                  0.06    0.00    2.33 v _318_/A (sky130_fd_sc_hd__inv_2)
     1    0.01    0.06    0.08    2.42 ^ _318_/Y (sky130_fd_sc_hd__inv_2)
                                         _048_ (net)
                  0.06    0.00    2.42 ^ _350_/RESET_B (sky130_fd_sc_hd__dfrtp_2)
                                  2.42   data arrival time

                         10.00   10.00   clock clk (rise edge)
                          0.00   10.00   clock source latency
     1    0.01    0.04    0.03   10.03 ^ clk (in)
                                         clk (net)
                  0.04    0.00   10.03 ^ clkbuf_0_clk/A (sky130_fd_sc_hd__clkbuf_16)
     4    0.03    0.05    0.13   10.15 ^ clkbuf_0_clk/X (sky130_fd_sc_hd__clkbuf_16)
                                         clknet_0_clk (net)
                  0.05    0.00   10.15 ^ clkbuf_2_3__f_clk/A (sky130_fd_sc_hd__clkbuf_16)
     8    0.02    0.04    0.12   10.28 ^ clkbuf_2_3__f_clk/X (sky130_fd_sc_hd__clkbuf_16)
                                         clknet_2_3__leaf_clk (net)
                  0.04    0.00   10.28 ^ _350_/CLK (sky130_fd_sc_hd__dfrtp_2)
                         -0.25   10.03   clock uncertainty
                          0.00   10.03   clock reconvergence pessimism
                          0.21   10.24   library recovery time
                                 10.24   data required time
-----------------------------------------------------------------------------
                                 10.24   data required time
                                 -2.42   data arrival time
-----------------------------------------------------------------------------
                                  7.82   slack (MET)


Startpoint: rst (input port clocked by clk)
Endpoint: _333_ (recovery check against rising-edge clock clk)
Path Group: asynchronous
Path Type: max

Fanout     Cap    Slew   Delay    Time   Description
-----------------------------------------------------------------------------
                          0.00    0.00   clock clk (rise edge)
                          0.00    0.00   clock network delay (propagated)
                          2.00    2.00 v input external delay
     1    0.00    0.01    0.01    2.01 v rst (in)
                                         rst (net)
                  0.01    0.00    2.01 v input1/A (sky130_fd_sc_hd__clkbuf_4)
     5    0.02    0.05    0.15    2.16 v input1/X (sky130_fd_sc_hd__clkbuf_4)
                                         net1 (net)
                  0.05    0.00    2.16 v _295_/A (sky130_fd_sc_hd__buf_4)
    10    0.04    0.07    0.19    2.35 v _295_/X (sky130_fd_sc_hd__buf_4)
                                         _159_ (net)
                  0.07    0.00    2.35 v _299_/A (sky130_fd_sc_hd__inv_2)
     1    0.01    0.05    0.08    2.42 ^ _299_/Y (sky130_fd_sc_hd__inv_2)
                                         _031_ (net)
                  0.05    0.00    2.42 ^ _333_/RESET_B (sky130_fd_sc_hd__dfrtp_1)
                                  2.42   data arrival time

                         10.00   10.00   clock clk (rise edge)
                          0.00   10.00   clock source latency
     1    0.01    0.04    0.03   10.03 ^ clk (in)
                                         clk (net)
                  0.04    0.00   10.03 ^ clkbuf_0_clk/A (sky130_fd_sc_hd__clkbuf_16)
     4    0.03    0.05    0.13   10.15 ^ clkbuf_0_clk/X (sky130_fd_sc_hd__clkbuf_16)
                                         clknet_0_clk (net)
                  0.05    0.00   10.15 ^ clkbuf_2_3__f_clk/A (sky130_fd_sc_hd__clkbuf_16)
     8    0.02    0.04    0.12   10.28 ^ clkbuf_2_3__f_clk/X (sky130_fd_sc_hd__clkbuf_16)
                                         clknet_2_3__leaf_clk (net)
                  0.04    0.00   10.28 ^ _333_/CLK (sky130_fd_sc_hd__dfrtp_1)
                         -0.25   10.03   clock uncertainty
                          0.00   10.03   clock reconvergence pessimism
                          0.23   10.25   library recovery time
                                 10.25   data required time
-----------------------------------------------------------------------------
                                 10.25   data required time
                                 -2.42   data arrival time
-----------------------------------------------------------------------------
                                  7.83   slack (MET)


Startpoint: rst (input port clocked by clk)
Endpoint: _359_ (recovery check against rising-edge clock clk)
Path Group: asynchronous
Path Type: max

Fanout     Cap    Slew   Delay    Time   Description
-----------------------------------------------------------------------------
                          0.00    0.00   clock clk (rise edge)
                          0.00    0.00   clock network delay (propagated)
                          2.00    2.00 v input external delay
     1    0.00    0.01    0.01    2.01 v rst (in)
                                         rst (net)
                  0.01    0.00    2.01 v input1/A (sky130_fd_sc_hd__clkbuf_4)
     5    0.02    0.05    0.15    2.16 v input1/X (sky130_fd_sc_hd__clkbuf_4)
                                         net1 (net)
                  0.05    0.00    2.16 v _317_/A (sky130_fd_sc_hd__clkbuf_8)
    10    0.04    0.06    0.18    2.33 v _317_/X (sky130_fd_sc_hd__clkbuf_8)
                                         _161_ (net)
                  0.06    0.00    2.33 v _327_/A (sky130_fd_sc_hd__inv_2)
     1    0.01    0.05    0.07    2.41 ^ _327_/Y (sky130_fd_sc_hd__inv_2)
                                         _057_ (net)
                  0.05    0.00    2.41 ^ _359_/RESET_B (sky130_fd_sc_hd__dfrtp_4)
                                  2.41   data arrival time

                         10.00   10.00   clock clk (rise edge)
                          0.00   10.00   clock source latency
     1    0.01    0.04    0.03   10.03 ^ clk (in)
                                         clk (net)
                  0.04    0.00   10.03 ^ clkbuf_0_clk/A (sky130_fd_sc_hd__clkbuf_16)
     4    0.03    0.05    0.13   10.15 ^ clkbuf_0_clk/X (sky130_fd_sc_hd__clkbuf_16)
                                         clknet_0_clk (net)
                  0.05    0.00   10.15 ^ clkbuf_2_0__f_clk/A (sky130_fd_sc_hd__clkbuf_16)
     9    0.02    0.05    0.13   10.28 ^ clkbuf_2_0__f_clk/X (sky130_fd_sc_hd__clkbuf_16)
                                         clknet_2_0__leaf_clk (net)
                  0.05    0.00   10.28 ^ _359_/CLK (sky130_fd_sc_hd__dfrtp_4)
                         -0.25   10.03   clock uncertainty
                          0.00   10.03   clock reconvergence pessimism
                          0.21   10.25   library recovery time
                                 10.25   data required time
-----------------------------------------------------------------------------
                                 10.25   data required time
                                 -2.41   data arrival time
-----------------------------------------------------------------------------
                                  7.84   slack (MET)


Startpoint: rst (input port clocked by clk)
Endpoint: _331_ (recovery check against rising-edge clock clk)
Path Group: asynchronous
Path Type: max

Fanout     Cap    Slew   Delay    Time   Description
-----------------------------------------------------------------------------
                          0.00    0.00   clock clk (rise edge)
                          0.00    0.00   clock network delay (propagated)
                          2.00    2.00 v input external delay
     1    0.00    0.01    0.01    2.01 v rst (in)
                                         rst (net)
                  0.01    0.00    2.01 v input1/A (sky130_fd_sc_hd__clkbuf_4)
     5    0.02    0.05    0.15    2.16 v input1/X (sky130_fd_sc_hd__clkbuf_4)
                                         net1 (net)
                  0.05    0.00    2.16 v _295_/A (sky130_fd_sc_hd__buf_4)
    10    0.04    0.07    0.19    2.35 v _295_/X (sky130_fd_sc_hd__buf_4)
                                         _159_ (net)
                  0.07    0.00    2.35 v _297_/A (sky130_fd_sc_hd__inv_2)
     1    0.01    0.04    0.07    2.41 ^ _297_/Y (sky130_fd_sc_hd__inv_2)
                                         _029_ (net)
                  0.04    0.00    2.42 ^ _331_/RESET_B (sky130_fd_sc_hd__dfrtp_4)
                                  2.42   data arrival time

                         10.00   10.00   clock clk (rise edge)
                          0.00   10.00   clock source latency
     1    0.01    0.04    0.03   10.03 ^ clk (in)
                                         clk (net)
                  0.04    0.00   10.03 ^ clkbuf_0_clk/A (sky130_fd_sc_hd__clkbuf_16)
     4    0.03    0.05    0.13   10.15 ^ clkbuf_0_clk/X (sky130_fd_sc_hd__clkbuf_16)
                                         clknet_0_clk (net)
                  0.05    0.00   10.15 ^ clkbuf_2_2__f_clk/A (sky130_fd_sc_hd__clkbuf_16)
     7    0.03    0.05    0.13   10.28 ^ clkbuf_2_2__f_clk/X (sky130_fd_sc_hd__clkbuf_16)
                                         clknet_2_2__leaf_clk (net)
                  0.05    0.00   10.28 ^ _331_/CLK (sky130_fd_sc_hd__dfrtp_4)
                         -0.25   10.03   clock uncertainty
                          0.00   10.03   clock reconvergence pessimism
                          0.22   10.25   library recovery time
                                 10.25   data required time
-----------------------------------------------------------------------------
                                 10.25   data required time
                                 -2.42   data arrival time
-----------------------------------------------------------------------------
                                  7.84   slack (MET)


Startpoint: rst (input port clocked by clk)
Endpoint: _337_ (recovery check against rising-edge clock clk)
Path Group: asynchronous
Path Type: max

Fanout     Cap    Slew   Delay    Time   Description
-----------------------------------------------------------------------------
                          0.00    0.00   clock clk (rise edge)
                          0.00    0.00   clock network delay (propagated)
                          2.00    2.00 v input external delay
     1    0.00    0.01    0.01    2.01 v rst (in)
                                         rst (net)
                  0.01    0.00    2.01 v input1/A (sky130_fd_sc_hd__clkbuf_4)
     5    0.02    0.05    0.15    2.16 v input1/X (sky130_fd_sc_hd__clkbuf_4)
                                         net1 (net)
                  0.05    0.00    2.16 v _295_/A (sky130_fd_sc_hd__buf_4)
    10    0.04    0.07    0.19    2.35 v _295_/X (sky130_fd_sc_hd__buf_4)
                                         _159_ (net)
                  0.07    0.00    2.35 v _303_/A (sky130_fd_sc_hd__inv_2)
     1    0.01    0.05    0.07    2.42 ^ _303_/Y (sky130_fd_sc_hd__inv_2)
                                         _035_ (net)
                  0.05    0.00    2.42 ^ _337_/RESET_B (sky130_fd_sc_hd__dfrtp_2)
                                  2.42   data arrival time

                         10.00   10.00   clock clk (rise edge)
                          0.00   10.00   clock source latency
     1    0.01    0.04    0.03   10.03 ^ clk (in)
                                         clk (net)
                  0.04    0.00   10.03 ^ clkbuf_0_clk/A (sky130_fd_sc_hd__clkbuf_16)
     4    0.03    0.05    0.13   10.15 ^ clkbuf_0_clk/X (sky130_fd_sc_hd__clkbuf_16)
                                         clknet_0_clk (net)
                  0.05    0.00   10.15 ^ clkbuf_2_1__f_clk/A (sky130_fd_sc_hd__clkbuf_16)
    11    0.03    0.05    0.13   10.29 ^ clkbuf_2_1__f_clk/X (sky130_fd_sc_hd__clkbuf_16)
                                         clknet_2_1__leaf_clk (net)
                  0.05    0.00   10.29 ^ _337_/CLK (sky130_fd_sc_hd__dfrtp_2)
                         -0.25   10.04   clock uncertainty
                          0.00   10.04   clock reconvergence pessimism
                          0.22   10.26   library recovery time
                                 10.26   data required time
-----------------------------------------------------------------------------
                                 10.26   data required time
                                 -2.42   data arrival time
-----------------------------------------------------------------------------
                                  7.84   slack (MET)


Startpoint: rst (input port clocked by clk)
Endpoint: _338_ (recovery check against rising-edge clock clk)
Path Group: asynchronous
Path Type: max

Fanout     Cap    Slew   Delay    Time   Description
-----------------------------------------------------------------------------
                          0.00    0.00   clock clk (rise edge)
                          0.00    0.00   clock network delay (propagated)
                          2.00    2.00 v input external delay
     1    0.00    0.01    0.01    2.01 v rst (in)
                                         rst (net)
                  0.01    0.00    2.01 v input1/A (sky130_fd_sc_hd__clkbuf_4)
     5    0.02    0.05    0.15    2.16 v input1/X (sky130_fd_sc_hd__clkbuf_4)
                                         net1 (net)
                  0.05    0.00    2.16 v _295_/A (sky130_fd_sc_hd__buf_4)
    10    0.04    0.07    0.19    2.35 v _295_/X (sky130_fd_sc_hd__buf_4)
                                         _159_ (net)
                  0.07    0.00    2.35 v _304_/A (sky130_fd_sc_hd__inv_2)
     1    0.01    0.04    0.06    2.41 ^ _304_/Y (sky130_fd_sc_hd__inv_2)
                                         _036_ (net)
                  0.04    0.00    2.41 ^ _338_/RESET_B (sky130_fd_sc_hd__dfrtp_4)
                                  2.41   data arrival time

                         10.00   10.00   clock clk (rise edge)
                          0.00   10.00   clock source latency
     1    0.01    0.04    0.03   10.03 ^ clk (in)
                                         clk (net)
                  0.04    0.00   10.03 ^ clkbuf_0_clk/A (sky130_fd_sc_hd__clkbuf_16)
     4    0.03    0.05    0.13   10.15 ^ clkbuf_0_clk/X (sky130_fd_sc_hd__clkbuf_16)
                                         clknet_0_clk (net)
                  0.05    0.00   10.15 ^ clkbuf_2_3__f_clk/A (sky130_fd_sc_hd__clkbuf_16)
     8    0.02    0.04    0.12   10.28 ^ clkbuf_2_3__f_clk/X (sky130_fd_sc_hd__clkbuf_16)
                                         clknet_2_3__leaf_clk (net)
                  0.04    0.00   10.28 ^ _338_/CLK (sky130_fd_sc_hd__dfrtp_4)
                         -0.25   10.03   clock uncertainty
                          0.00   10.03   clock reconvergence pessimism
                          0.22   10.25   library recovery time
                                 10.25   data required time
-----------------------------------------------------------------------------
                                 10.25   data required time
                                 -2.41   data arrival time
-----------------------------------------------------------------------------
                                  7.84   slack (MET)


Startpoint: rst (input port clocked by clk)
Endpoint: _345_ (recovery check against rising-edge clock clk)
Path Group: asynchronous
Path Type: max

Fanout     Cap    Slew   Delay    Time   Description
-----------------------------------------------------------------------------
                          0.00    0.00   clock clk (rise edge)
                          0.00    0.00   clock network delay (propagated)
                          2.00    2.00 v input external delay
     1    0.00    0.01    0.01    2.01 v rst (in)
                                         rst (net)
                  0.01    0.00    2.01 v input1/A (sky130_fd_sc_hd__clkbuf_4)
     5    0.02    0.05    0.15    2.16 v input1/X (sky130_fd_sc_hd__clkbuf_4)
                                         net1 (net)
                  0.05    0.00    2.16 v _306_/A (sky130_fd_sc_hd__clkbuf_8)
    10    0.05    0.07    0.18    2.34 v _306_/X (sky130_fd_sc_hd__clkbuf_8)
                                         _160_ (net)
                  0.07    0.01    2.35 v _312_/A (sky130_fd_sc_hd__inv_2)
     1    0.00    0.03    0.06    2.41 ^ _312_/Y (sky130_fd_sc_hd__inv_2)
                                         _043_ (net)
                  0.03    0.00    2.41 ^ _345_/RESET_B (sky130_fd_sc_hd__dfrtp_2)
                                  2.41   data arrival time

                         10.00   10.00   clock clk (rise edge)
                          0.00   10.00   clock source latency
     1    0.01    0.04    0.03   10.03 ^ clk (in)
                                         clk (net)
                  0.04    0.00   10.03 ^ clkbuf_0_clk/A (sky130_fd_sc_hd__clkbuf_16)
     4    0.03    0.05    0.13   10.15 ^ clkbuf_0_clk/X (sky130_fd_sc_hd__clkbuf_16)
                                         clknet_0_clk (net)
                  0.05    0.00   10.15 ^ clkbuf_2_3__f_clk/A (sky130_fd_sc_hd__clkbuf_16)
     8    0.02    0.04    0.12   10.28 ^ clkbuf_2_3__f_clk/X (sky130_fd_sc_hd__clkbuf_16)
                                         clknet_2_3__leaf_clk (net)
                  0.04    0.00   10.28 ^ _345_/CLK (sky130_fd_sc_hd__dfrtp_2)
                         -0.25   10.03   clock uncertainty
                          0.00   10.03   clock reconvergence pessimism
                          0.22   10.25   library recovery time
                                 10.25   data required time
-----------------------------------------------------------------------------
                                 10.25   data required time
                                 -2.41   data arrival time
-----------------------------------------------------------------------------
                                  7.84   slack (MET)


Startpoint: rst (input port clocked by clk)
Endpoint: _335_ (recovery check against rising-edge clock clk)
Path Group: asynchronous
Path Type: max

Fanout     Cap    Slew   Delay    Time   Description
-----------------------------------------------------------------------------
                          0.00    0.00   clock clk (rise edge)
                          0.00    0.00   clock network delay (propagated)
                          2.00    2.00 v input external delay
     1    0.00    0.01    0.01    2.01 v rst (in)
                                         rst (net)
                  0.01    0.00    2.01 v input1/A (sky130_fd_sc_hd__clkbuf_4)
     5    0.02    0.05    0.15    2.16 v input1/X (sky130_fd_sc_hd__clkbuf_4)
                                         net1 (net)
                  0.05    0.00    2.16 v _295_/A (sky130_fd_sc_hd__buf_4)
    10    0.04    0.07    0.19    2.35 v _295_/X (sky130_fd_sc_hd__buf_4)
                                         _159_ (net)
                  0.07    0.00    2.35 v _301_/A (sky130_fd_sc_hd__inv_2)
     1    0.01    0.04    0.07    2.41 ^ _301_/Y (sky130_fd_sc_hd__inv_2)
                                         _033_ (net)
                  0.04    0.00    2.41 ^ _335_/RESET_B (sky130_fd_sc_hd__dfrtp_2)
                                  2.41   data arrival time

                         10.00   10.00   clock clk (rise edge)
                          0.00   10.00   clock source latency
     1    0.01    0.04    0.03   10.03 ^ clk (in)
                                         clk (net)
                  0.04    0.00   10.03 ^ clkbuf_0_clk/A (sky130_fd_sc_hd__clkbuf_16)
     4    0.03    0.05    0.13   10.15 ^ clkbuf_0_clk/X (sky130_fd_sc_hd__clkbuf_16)
                                         clknet_0_clk (net)
                  0.05    0.00   10.15 ^ clkbuf_2_2__f_clk/A (sky130_fd_sc_hd__clkbuf_16)
     7    0.03    0.05    0.13   10.28 ^ clkbuf_2_2__f_clk/X (sky130_fd_sc_hd__clkbuf_16)
                                         clknet_2_2__leaf_clk (net)
                  0.05    0.00   10.28 ^ _335_/CLK (sky130_fd_sc_hd__dfrtp_2)
                         -0.25   10.03   clock uncertainty
                          0.00   10.03   clock reconvergence pessimism
                          0.22   10.26   library recovery time
                                 10.26   data required time
-----------------------------------------------------------------------------
                                 10.26   data required time
                                 -2.41   data arrival time
-----------------------------------------------------------------------------
                                  7.84   slack (MET)


Startpoint: rst (input port clocked by clk)
Endpoint: _355_ (recovery check against rising-edge clock clk)
Path Group: asynchronous
Path Type: max

Fanout     Cap    Slew   Delay    Time   Description
-----------------------------------------------------------------------------
                          0.00    0.00   clock clk (rise edge)
                          0.00    0.00   clock network delay (propagated)
                          2.00    2.00 v input external delay
     1    0.00    0.01    0.01    2.01 v rst (in)
                                         rst (net)
                  0.01    0.00    2.01 v input1/A (sky130_fd_sc_hd__clkbuf_4)
     5    0.02    0.05    0.15    2.16 v input1/X (sky130_fd_sc_hd__clkbuf_4)
                                         net1 (net)
                  0.05    0.00    2.16 v _317_/A (sky130_fd_sc_hd__clkbuf_8)
    10    0.04    0.06    0.18    2.33 v _317_/X (sky130_fd_sc_hd__clkbuf_8)
                                         _161_ (net)
                  0.06    0.00    2.33 v _323_/A (sky130_fd_sc_hd__inv_2)
     1    0.01    0.05    0.07    2.41 ^ _323_/Y (sky130_fd_sc_hd__inv_2)
                                         _053_ (net)
                  0.05    0.00    2.41 ^ _355_/RESET_B (sky130_fd_sc_hd__dfrtp_4)
                                  2.41   data arrival time

                         10.00   10.00   clock clk (rise edge)
                          0.00   10.00   clock source latency
     1    0.01    0.04    0.03   10.03 ^ clk (in)
                                         clk (net)
                  0.04    0.00   10.03 ^ clkbuf_0_clk/A (sky130_fd_sc_hd__clkbuf_16)
     4    0.03    0.05    0.13   10.15 ^ clkbuf_0_clk/X (sky130_fd_sc_hd__clkbuf_16)
                                         clknet_0_clk (net)
                  0.05    0.00   10.15 ^ clkbuf_2_1__f_clk/A (sky130_fd_sc_hd__clkbuf_16)
    11    0.03    0.05    0.13   10.29 ^ clkbuf_2_1__f_clk/X (sky130_fd_sc_hd__clkbuf_16)
                                         clknet_2_1__leaf_clk (net)
                  0.05    0.00   10.29 ^ _355_/CLK (sky130_fd_sc_hd__dfrtp_4)
                         -0.25   10.04   clock uncertainty
                          0.00   10.04   clock reconvergence pessimism
                          0.22   10.26   library recovery time
                                 10.26   data required time
-----------------------------------------------------------------------------
                                 10.26   data required time
                                 -2.41   data arrival time
-----------------------------------------------------------------------------
                                  7.85   slack (MET)


Startpoint: rst (input port clocked by clk)
Endpoint: _340_ (recovery check against rising-edge clock clk)
Path Group: asynchronous
Path Type: max

Fanout     Cap    Slew   Delay    Time   Description
-----------------------------------------------------------------------------
                          0.00    0.00   clock clk (rise edge)
                          0.00    0.00   clock network delay (propagated)
                          2.00    2.00 v input external delay
     1    0.00    0.01    0.01    2.01 v rst (in)
                                         rst (net)
                  0.01    0.00    2.01 v input1/A (sky130_fd_sc_hd__clkbuf_4)
     5    0.02    0.05    0.15    2.16 v input1/X (sky130_fd_sc_hd__clkbuf_4)
                                         net1 (net)
                  0.05    0.00    2.16 v _306_/A (sky130_fd_sc_hd__clkbuf_8)
    10    0.05    0.07    0.18    2.34 v _306_/X (sky130_fd_sc_hd__clkbuf_8)
                                         _160_ (net)
                  0.07    0.01    2.35 v _307_/A (sky130_fd_sc_hd__inv_2)
     1    0.00    0.03    0.06    2.40 ^ _307_/Y (sky130_fd_sc_hd__inv_2)
                                         _038_ (net)
                  0.03    0.00    2.40 ^ _340_/RESET_B (sky130_fd_sc_hd__dfrtp_4)
                                  2.40   data arrival time

                         10.00   10.00   clock clk (rise edge)
                          0.00   10.00   clock source latency
     1    0.01    0.04    0.03   10.03 ^ clk (in)
                                         clk (net)
                  0.04    0.00   10.03 ^ clkbuf_0_clk/A (sky130_fd_sc_hd__clkbuf_16)
     4    0.03    0.05    0.13   10.15 ^ clkbuf_0_clk/X (sky130_fd_sc_hd__clkbuf_16)
                                         clknet_0_clk (net)
                  0.05    0.00   10.15 ^ clkbuf_2_0__f_clk/A (sky130_fd_sc_hd__clkbuf_16)
     9    0.02    0.05    0.13   10.28 ^ clkbuf_2_0__f_clk/X (sky130_fd_sc_hd__clkbuf_16)
                                         clknet_2_0__leaf_clk (net)
                  0.05    0.00   10.28 ^ _340_/CLK (sky130_fd_sc_hd__dfrtp_4)
                         -0.25   10.03   clock uncertainty
                          0.00   10.03   clock reconvergence pessimism
                          0.22   10.25   library recovery time
                                 10.25   data required time
-----------------------------------------------------------------------------
                                 10.25   data required time
                                 -2.40   data arrival time
-----------------------------------------------------------------------------
                                  7.85   slack (MET)


Startpoint: rst (input port clocked by clk)
Endpoint: _346_ (recovery check against rising-edge clock clk)
Path Group: asynchronous
Path Type: max

Fanout     Cap    Slew   Delay    Time   Description
-----------------------------------------------------------------------------
                          0.00    0.00   clock clk (rise edge)
                          0.00    0.00   clock network delay (propagated)
                          2.00    2.00 v input external delay
     1    0.00    0.01    0.01    2.01 v rst (in)
                                         rst (net)
                  0.01    0.00    2.01 v input1/A (sky130_fd_sc_hd__clkbuf_4)
     5    0.02    0.05    0.15    2.16 v input1/X (sky130_fd_sc_hd__clkbuf_4)
                                         net1 (net)
                  0.05    0.00    2.16 v _306_/A (sky130_fd_sc_hd__clkbuf_8)
    10    0.05    0.07    0.18    2.34 v _306_/X (sky130_fd_sc_hd__clkbuf_8)
                                         _160_ (net)
                  0.07    0.00    2.35 v _313_/A (sky130_fd_sc_hd__inv_2)
     1    0.01    0.04    0.06    2.41 ^ _313_/Y (sky130_fd_sc_hd__inv_2)
                                         _044_ (net)
                  0.04    0.00    2.41 ^ _346_/RESET_B (sky130_fd_sc_hd__dfrtp_4)
                                  2.41   data arrival time

                         10.00   10.00   clock clk (rise edge)
                          0.00   10.00   clock source latency
     1    0.01    0.04    0.03   10.03 ^ clk (in)
                                         clk (net)
                  0.04    0.00   10.03 ^ clkbuf_0_clk/A (sky130_fd_sc_hd__clkbuf_16)
     4    0.03    0.05    0.13   10.15 ^ clkbuf_0_clk/X (sky130_fd_sc_hd__clkbuf_16)
                                         clknet_0_clk (net)
                  0.05    0.00   10.15 ^ clkbuf_2_2__f_clk/A (sky130_fd_sc_hd__clkbuf_16)
     7    0.03    0.05    0.13   10.28 ^ clkbuf_2_2__f_clk/X (sky130_fd_sc_hd__clkbuf_16)
                                         clknet_2_2__leaf_clk (net)
                  0.05    0.00   10.28 ^ _346_/CLK (sky130_fd_sc_hd__dfrtp_4)
                         -0.25   10.03   clock uncertainty
                          0.00   10.03   clock reconvergence pessimism
                          0.22   10.25   library recovery time
                                 10.25   data required time
-----------------------------------------------------------------------------
                                 10.25   data required time
                                 -2.41   data arrival time
-----------------------------------------------------------------------------
                                  7.85   slack (MET)


Startpoint: rst (input port clocked by clk)
Endpoint: _342_ (recovery check against rising-edge clock clk)
Path Group: asynchronous
Path Type: max

Fanout     Cap    Slew   Delay    Time   Description
-----------------------------------------------------------------------------
                          0.00    0.00   clock clk (rise edge)
                          0.00    0.00   clock network delay (propagated)
                          2.00    2.00 v input external delay
     1    0.00    0.01    0.01    2.01 v rst (in)
                                         rst (net)
                  0.01    0.00    2.01 v input1/A (sky130_fd_sc_hd__clkbuf_4)
     5    0.02    0.05    0.15    2.16 v input1/X (sky130_fd_sc_hd__clkbuf_4)
                                         net1 (net)
                  0.05    0.00    2.16 v _306_/A (sky130_fd_sc_hd__clkbuf_8)
    10    0.05    0.07    0.18    2.34 v _306_/X (sky130_fd_sc_hd__clkbuf_8)
                                         _160_ (net)
                  0.07    0.01    2.35 v _309_/A (sky130_fd_sc_hd__inv_2)
     1    0.01    0.04    0.07    2.41 ^ _309_/Y (sky130_fd_sc_hd__inv_2)
                                         _040_ (net)
                  0.04    0.00    2.41 ^ _342_/RESET_B (sky130_fd_sc_hd__dfrtp_2)
                                  2.41   data arrival time

                         10.00   10.00   clock clk (rise edge)
                          0.00   10.00   clock source latency
     1    0.01    0.04    0.03   10.03 ^ clk (in)
                                         clk (net)
                  0.04    0.00   10.03 ^ clkbuf_0_clk/A (sky130_fd_sc_hd__clkbuf_16)
     4    0.03    0.05    0.13   10.15 ^ clkbuf_0_clk/X (sky130_fd_sc_hd__clkbuf_16)
                                         clknet_0_clk (net)
                  0.05    0.00   10.15 ^ clkbuf_2_1__f_clk/A (sky130_fd_sc_hd__clkbuf_16)
    11    0.03    0.05    0.13   10.29 ^ clkbuf_2_1__f_clk/X (sky130_fd_sc_hd__clkbuf_16)
                                         clknet_2_1__leaf_clk (net)
                  0.05    0.00   10.29 ^ _342_/CLK (sky130_fd_sc_hd__dfrtp_2)
                         -0.25   10.04   clock uncertainty
                          0.00   10.04   clock reconvergence pessimism
                          0.22   10.26   library recovery time
                                 10.26   data required time
-----------------------------------------------------------------------------
                                 10.26   data required time
                                 -2.41   data arrival time
-----------------------------------------------------------------------------
                                  7.85   slack (MET)


Startpoint: rst (input port clocked by clk)
Endpoint: _341_ (recovery check against rising-edge clock clk)
Path Group: asynchronous
Path Type: max

Fanout     Cap    Slew   Delay    Time   Description
-----------------------------------------------------------------------------
                          0.00    0.00   clock clk (rise edge)
                          0.00    0.00   clock network delay (propagated)
                          2.00    2.00 v input external delay
     1    0.00    0.01    0.01    2.01 v rst (in)
                                         rst (net)
                  0.01    0.00    2.01 v input1/A (sky130_fd_sc_hd__clkbuf_4)
     5    0.02    0.05    0.15    2.16 v input1/X (sky130_fd_sc_hd__clkbuf_4)
                                         net1 (net)
                  0.05    0.00    2.16 v _306_/A (sky130_fd_sc_hd__clkbuf_8)
    10    0.05    0.07    0.18    2.34 v _306_/X (sky130_fd_sc_hd__clkbuf_8)
                                         _160_ (net)
                  0.07    0.00    2.34 v _308_/A (sky130_fd_sc_hd__inv_2)
     1    0.00    0.03    0.06    2.40 ^ _308_/Y (sky130_fd_sc_hd__inv_2)
                                         _039_ (net)
                  0.03    0.00    2.40 ^ _341_/RESET_B (sky130_fd_sc_hd__dfrtp_4)
                                  2.40   data arrival time

                         10.00   10.00   clock clk (rise edge)
                          0.00   10.00   clock source latency
     1    0.01    0.04    0.03   10.03 ^ clk (in)
                                         clk (net)
                  0.04    0.00   10.03 ^ clkbuf_0_clk/A (sky130_fd_sc_hd__clkbuf_16)
     4    0.03    0.05    0.13   10.15 ^ clkbuf_0_clk/X (sky130_fd_sc_hd__clkbuf_16)
                                         clknet_0_clk (net)
                  0.05    0.00   10.15 ^ clkbuf_2_0__f_clk/A (sky130_fd_sc_hd__clkbuf_16)
     9    0.02    0.05    0.13   10.28 ^ clkbuf_2_0__f_clk/X (sky130_fd_sc_hd__clkbuf_16)
                                         clknet_2_0__leaf_clk (net)
                  0.05    0.00   10.28 ^ _341_/CLK (sky130_fd_sc_hd__dfrtp_4)
                         -0.25   10.03   clock uncertainty
                          0.00   10.03   clock reconvergence pessimism
                          0.22   10.25   library recovery time
                                 10.25   data required time
-----------------------------------------------------------------------------
                                 10.25   data required time
                                 -2.40   data arrival time
-----------------------------------------------------------------------------
                                  7.86   slack (MET)


Startpoint: rst (input port clocked by clk)
Endpoint: _334_ (recovery check against rising-edge clock clk)
Path Group: asynchronous
Path Type: max

Fanout     Cap    Slew   Delay    Time   Description
-----------------------------------------------------------------------------
                          0.00    0.00   clock clk (rise edge)
                          0.00    0.00   clock network delay (propagated)
                          2.00    2.00 v input external delay
     1    0.00    0.01    0.01    2.01 v rst (in)
                                         rst (net)
                  0.01    0.00    2.01 v input1/A (sky130_fd_sc_hd__clkbuf_4)
     5    0.02    0.05    0.15    2.16 v input1/X (sky130_fd_sc_hd__clkbuf_4)
                                         net1 (net)
                  0.05    0.00    2.16 v _295_/A (sky130_fd_sc_hd__buf_4)
    10    0.04    0.07    0.19    2.35 v _295_/X (sky130_fd_sc_hd__buf_4)
                                         _159_ (net)
                  0.07    0.00    2.35 v _300_/A (sky130_fd_sc_hd__inv_2)
     1    0.00    0.03    0.05    2.40 ^ _300_/Y (sky130_fd_sc_hd__inv_2)
                                         _032_ (net)
                  0.03    0.00    2.40 ^ _334_/RESET_B (sky130_fd_sc_hd__dfrtp_4)
                                  2.40   data arrival time

                         10.00   10.00   clock clk (rise edge)
                          0.00   10.00   clock source latency
     1    0.01    0.04    0.03   10.03 ^ clk (in)
                                         clk (net)
                  0.04    0.00   10.03 ^ clkbuf_0_clk/A (sky130_fd_sc_hd__clkbuf_16)
     4    0.03    0.05    0.13   10.15 ^ clkbuf_0_clk/X (sky130_fd_sc_hd__clkbuf_16)
                                         clknet_0_clk (net)
                  0.05    0.00   10.15 ^ clkbuf_2_1__f_clk/A (sky130_fd_sc_hd__clkbuf_16)
    11    0.03    0.05    0.13   10.29 ^ clkbuf_2_1__f_clk/X (sky130_fd_sc_hd__clkbuf_16)
                                         clknet_2_1__leaf_clk (net)
                  0.05    0.00   10.29 ^ _334_/CLK (sky130_fd_sc_hd__dfrtp_4)
                         -0.25   10.04   clock uncertainty
                          0.00   10.04   clock reconvergence pessimism
                          0.22   10.26   library recovery time
                                 10.26   data required time
-----------------------------------------------------------------------------
                                 10.26   data required time
                                 -2.40   data arrival time
-----------------------------------------------------------------------------
                                  7.86   slack (MET)


Startpoint: rst (input port clocked by clk)
Endpoint: _332_ (recovery check against rising-edge clock clk)
Path Group: asynchronous
Path Type: max

Fanout     Cap    Slew   Delay    Time   Description
-----------------------------------------------------------------------------
                          0.00    0.00   clock clk (rise edge)
                          0.00    0.00   clock network delay (propagated)
                          2.00    2.00 v input external delay
     1    0.00    0.01    0.01    2.01 v rst (in)
                                         rst (net)
                  0.01    0.00    2.01 v input1/A (sky130_fd_sc_hd__clkbuf_4)
     5    0.02    0.05    0.15    2.16 v input1/X (sky130_fd_sc_hd__clkbuf_4)
                                         net1 (net)
                  0.05    0.00    2.16 v _295_/A (sky130_fd_sc_hd__buf_4)
    10    0.04    0.07    0.19    2.35 v _295_/X (sky130_fd_sc_hd__buf_4)
                                         _159_ (net)
                  0.07    0.00    2.35 v _298_/A (sky130_fd_sc_hd__inv_2)
     1    0.00    0.03    0.05    2.40 ^ _298_/Y (sky130_fd_sc_hd__inv_2)
                                         _030_ (net)
                  0.03    0.00    2.40 ^ _332_/RESET_B (sky130_fd_sc_hd__dfrtp_4)
                                  2.40   data arrival time

                         10.00   10.00   clock clk (rise edge)
                          0.00   10.00   clock source latency
     1    0.01    0.04    0.03   10.03 ^ clk (in)
                                         clk (net)
                  0.04    0.00   10.03 ^ clkbuf_0_clk/A (sky130_fd_sc_hd__clkbuf_16)
     4    0.03    0.05    0.13   10.15 ^ clkbuf_0_clk/X (sky130_fd_sc_hd__clkbuf_16)
                                         clknet_0_clk (net)
                  0.05    0.00   10.15 ^ clkbuf_2_1__f_clk/A (sky130_fd_sc_hd__clkbuf_16)
    11    0.03    0.05    0.13   10.29 ^ clkbuf_2_1__f_clk/X (sky130_fd_sc_hd__clkbuf_16)
                                         clknet_2_1__leaf_clk (net)
                  0.05    0.00   10.29 ^ _332_/CLK (sky130_fd_sc_hd__dfrtp_4)
                         -0.25   10.04   clock uncertainty
                          0.00   10.04   clock reconvergence pessimism
                          0.22   10.26   library recovery time
                                 10.26   data required time
-----------------------------------------------------------------------------
                                 10.26   data required time
                                 -2.40   data arrival time
-----------------------------------------------------------------------------
                                  7.86   slack (MET)


Startpoint: rst (input port clocked by clk)
Endpoint: _330_ (recovery check against rising-edge clock clk)
Path Group: asynchronous
Path Type: max

Fanout     Cap    Slew   Delay    Time   Description
-----------------------------------------------------------------------------
                          0.00    0.00   clock clk (rise edge)
                          0.00    0.00   clock network delay (propagated)
                          2.00    2.00 v input external delay
     1    0.00    0.01    0.01    2.01 v rst (in)
                                         rst (net)
                  0.01    0.00    2.01 v input1/A (sky130_fd_sc_hd__clkbuf_4)
     5    0.02    0.05    0.15    2.16 v input1/X (sky130_fd_sc_hd__clkbuf_4)
                                         net1 (net)
                  0.05    0.00    2.16 v _295_/A (sky130_fd_sc_hd__buf_4)
    10    0.04    0.07    0.19    2.35 v _295_/X (sky130_fd_sc_hd__buf_4)
                                         _159_ (net)
                  0.07    0.00    2.35 v _296_/A (sky130_fd_sc_hd__inv_2)
     1    0.00    0.03    0.05    2.40 ^ _296_/Y (sky130_fd_sc_hd__inv_2)
                                         _028_ (net)
                  0.03    0.00    2.40 ^ _330_/RESET_B (sky130_fd_sc_hd__dfrtp_4)
                                  2.40   data arrival time

                         10.00   10.00   clock clk (rise edge)
                          0.00   10.00   clock source latency
     1    0.01    0.04    0.03   10.03 ^ clk (in)
                                         clk (net)
                  0.04    0.00   10.03 ^ clkbuf_0_clk/A (sky130_fd_sc_hd__clkbuf_16)
     4    0.03    0.05    0.13   10.15 ^ clkbuf_0_clk/X (sky130_fd_sc_hd__clkbuf_16)
                                         clknet_0_clk (net)
                  0.05    0.00   10.15 ^ clkbuf_2_1__f_clk/A (sky130_fd_sc_hd__clkbuf_16)
    11    0.03    0.05    0.13   10.29 ^ clkbuf_2_1__f_clk/X (sky130_fd_sc_hd__clkbuf_16)
                                         clknet_2_1__leaf_clk (net)
                  0.05    0.00   10.29 ^ _330_/CLK (sky130_fd_sc_hd__dfrtp_4)
                         -0.25   10.04   clock uncertainty
                          0.00   10.04   clock reconvergence pessimism
                          0.22   10.26   library recovery time
                                 10.26   data required time
-----------------------------------------------------------------------------
                                 10.26   data required time
                                 -2.40   data arrival time
-----------------------------------------------------------------------------
                                  7.86   slack (MET)


Startpoint: rst (input port clocked by clk)
Endpoint: _354_ (recovery check against rising-edge clock clk)
Path Group: asynchronous
Path Type: max

Fanout     Cap    Slew   Delay    Time   Description
-----------------------------------------------------------------------------
                          0.00    0.00   clock clk (rise edge)
                          0.00    0.00   clock network delay (propagated)
                          2.00    2.00 v input external delay
     1    0.00    0.01    0.01    2.01 v rst (in)
                                         rst (net)
                  0.01    0.00    2.01 v input1/A (sky130_fd_sc_hd__clkbuf_4)
     5    0.02    0.05    0.15    2.16 v input1/X (sky130_fd_sc_hd__clkbuf_4)
                                         net1 (net)
                  0.05    0.00    2.16 v _317_/A (sky130_fd_sc_hd__clkbuf_8)
    10    0.04    0.06    0.18    2.33 v _317_/X (sky130_fd_sc_hd__clkbuf_8)
                                         _161_ (net)
                  0.06    0.00    2.33 v _322_/A (sky130_fd_sc_hd__inv_2)
     1    0.00    0.03    0.05    2.39 ^ _322_/Y (sky130_fd_sc_hd__inv_2)
                                         _052_ (net)
                  0.03    0.00    2.39 ^ _354_/RESET_B (sky130_fd_sc_hd__dfrtp_4)
                                  2.39   data arrival time

                         10.00   10.00   clock clk (rise edge)
                          0.00   10.00   clock source latency
     1    0.01    0.04    0.03   10.03 ^ clk (in)
                                         clk (net)
                  0.04    0.00   10.03 ^ clkbuf_0_clk/A (sky130_fd_sc_hd__clkbuf_16)
     4    0.03    0.05    0.13   10.15 ^ clkbuf_0_clk/X (sky130_fd_sc_hd__clkbuf_16)
                                         clknet_0_clk (net)
                  0.05    0.00   10.15 ^ clkbuf_2_3__f_clk/A (sky130_fd_sc_hd__clkbuf_16)
     8    0.02    0.04    0.12   10.28 ^ clkbuf_2_3__f_clk/X (sky130_fd_sc_hd__clkbuf_16)
                                         clknet_2_3__leaf_clk (net)
                  0.04    0.00   10.28 ^ _354_/CLK (sky130_fd_sc_hd__dfrtp_4)
                         -0.25   10.03   clock uncertainty
                          0.00   10.03   clock reconvergence pessimism
                          0.22   10.25   library recovery time
                                 10.25   data required time
-----------------------------------------------------------------------------
                                 10.25   data required time
                                 -2.39   data arrival time
-----------------------------------------------------------------------------
                                  7.86   slack (MET)


Startpoint: rst (input port clocked by clk)
Endpoint: _336_ (recovery check against rising-edge clock clk)
Path Group: asynchronous
Path Type: max

Fanout     Cap    Slew   Delay    Time   Description
-----------------------------------------------------------------------------
                          0.00    0.00   clock clk (rise edge)
                          0.00    0.00   clock network delay (propagated)
                          2.00    2.00 v input external delay
     1    0.00    0.01    0.01    2.01 v rst (in)
                                         rst (net)
                  0.01    0.00    2.01 v input1/A (sky130_fd_sc_hd__clkbuf_4)
     5    0.02    0.05    0.15    2.16 v input1/X (sky130_fd_sc_hd__clkbuf_4)
                                         net1 (net)
                  0.05    0.00    2.16 v _295_/A (sky130_fd_sc_hd__buf_4)
    10    0.04    0.07    0.19    2.35 v _295_/X (sky130_fd_sc_hd__buf_4)
                                         _159_ (net)
                  0.07    0.00    2.35 v _302_/A (sky130_fd_sc_hd__inv_2)
     1    0.00    0.03    0.05    2.40 ^ _302_/Y (sky130_fd_sc_hd__inv_2)
                                         _034_ (net)
                  0.03    0.00    2.40 ^ _336_/RESET_B (sky130_fd_sc_hd__dfrtp_2)
                                  2.40   data arrival time

                         10.00   10.00   clock clk (rise edge)
                          0.00   10.00   clock source latency
     1    0.01    0.04    0.03   10.03 ^ clk (in)
                                         clk (net)
                  0.04    0.00   10.03 ^ clkbuf_0_clk/A (sky130_fd_sc_hd__clkbuf_16)
     4    0.03    0.05    0.13   10.15 ^ clkbuf_0_clk/X (sky130_fd_sc_hd__clkbuf_16)
                                         clknet_0_clk (net)
                  0.05    0.00   10.15 ^ clkbuf_2_1__f_clk/A (sky130_fd_sc_hd__clkbuf_16)
    11    0.03    0.05    0.13   10.29 ^ clkbuf_2_1__f_clk/X (sky130_fd_sc_hd__clkbuf_16)
                                         clknet_2_1__leaf_clk (net)
                  0.05    0.00   10.29 ^ _336_/CLK (sky130_fd_sc_hd__dfrtp_2)
                         -0.25   10.04   clock uncertainty
                          0.00   10.04   clock reconvergence pessimism
                          0.23   10.26   library recovery time
                                 10.26   data required time
-----------------------------------------------------------------------------
                                 10.26   data required time
                                 -2.40   data arrival time
-----------------------------------------------------------------------------
                                  7.86   slack (MET)


Startpoint: rst (input port clocked by clk)
Endpoint: _358_ (recovery check against rising-edge clock clk)
Path Group: asynchronous
Path Type: max

Fanout     Cap    Slew   Delay    Time   Description
-----------------------------------------------------------------------------
                          0.00    0.00   clock clk (rise edge)
                          0.00    0.00   clock network delay (propagated)
                          2.00    2.00 v input external delay
     1    0.00    0.01    0.01    2.01 v rst (in)
                                         rst (net)
                  0.01    0.00    2.01 v input1/A (sky130_fd_sc_hd__clkbuf_4)
     5    0.02    0.05    0.15    2.16 v input1/X (sky130_fd_sc_hd__clkbuf_4)
                                         net1 (net)
                  0.05    0.00    2.16 v _317_/A (sky130_fd_sc_hd__clkbuf_8)
    10    0.04    0.06    0.18    2.33 v _317_/X (sky130_fd_sc_hd__clkbuf_8)
                                         _161_ (net)
                  0.06    0.00    2.33 v _326_/A (sky130_fd_sc_hd__inv_2)
     1    0.01    0.04    0.06    2.39 ^ _326_/Y (sky130_fd_sc_hd__inv_2)
                                         _056_ (net)
                  0.04    0.00    2.39 ^ _358_/RESET_B (sky130_fd_sc_hd__dfrtp_4)
                                  2.39   data arrival time

                         10.00   10.00   clock clk (rise edge)
                          0.00   10.00   clock source latency
     1    0.01    0.04    0.03   10.03 ^ clk (in)
                                         clk (net)
                  0.04    0.00   10.03 ^ clkbuf_0_clk/A (sky130_fd_sc_hd__clkbuf_16)
     4    0.03    0.05    0.13   10.15 ^ clkbuf_0_clk/X (sky130_fd_sc_hd__clkbuf_16)
                                         clknet_0_clk (net)
                  0.05    0.00   10.15 ^ clkbuf_2_2__f_clk/A (sky130_fd_sc_hd__clkbuf_16)
     7    0.03    0.05    0.13   10.28 ^ clkbuf_2_2__f_clk/X (sky130_fd_sc_hd__clkbuf_16)
                                         clknet_2_2__leaf_clk (net)
                  0.05    0.00   10.28 ^ _358_/CLK (sky130_fd_sc_hd__dfrtp_4)
                         -0.25   10.03   clock uncertainty
                          0.00   10.03   clock reconvergence pessimism
                          0.22   10.26   library recovery time
                                 10.26   data required time
-----------------------------------------------------------------------------
                                 10.26   data required time
                                 -2.39   data arrival time
-----------------------------------------------------------------------------
                                  7.86   slack (MET)


Startpoint: rst (input port clocked by clk)
Endpoint: _351_ (recovery check against rising-edge clock clk)
Path Group: asynchronous
Path Type: max

Fanout     Cap    Slew   Delay    Time   Description
-----------------------------------------------------------------------------
                          0.00    0.00   clock clk (rise edge)
                          0.00    0.00   clock network delay (propagated)
                          2.00    2.00 v input external delay
     1    0.00    0.01    0.01    2.01 v rst (in)
                                         rst (net)
                  0.01    0.00    2.01 v input1/A (sky130_fd_sc_hd__clkbuf_4)
     5    0.02    0.05    0.15    2.16 v input1/X (sky130_fd_sc_hd__clkbuf_4)
                                         net1 (net)
                  0.05    0.00    2.16 v _317_/A (sky130_fd_sc_hd__clkbuf_8)
    10    0.04    0.06    0.18    2.33 v _317_/X (sky130_fd_sc_hd__clkbuf_8)
                                         _161_ (net)
                  0.06    0.00    2.33 v _319_/A (sky130_fd_sc_hd__inv_2)
     1    0.01    0.04    0.06    2.39 ^ _319_/Y (sky130_fd_sc_hd__inv_2)
                                         _049_ (net)
                  0.04    0.00    2.39 ^ _351_/RESET_B (sky130_fd_sc_hd__dfrtp_2)
                                  2.39   data arrival time

                         10.00   10.00   clock clk (rise edge)
                          0.00   10.00   clock source latency
     1    0.01    0.04    0.03   10.03 ^ clk (in)
                                         clk (net)
                  0.04    0.00   10.03 ^ clkbuf_0_clk/A (sky130_fd_sc_hd__clkbuf_16)
     4    0.03    0.05    0.13   10.15 ^ clkbuf_0_clk/X (sky130_fd_sc_hd__clkbuf_16)
                                         clknet_0_clk (net)
                  0.05    0.00   10.15 ^ clkbuf_2_2__f_clk/A (sky130_fd_sc_hd__clkbuf_16)
     7    0.03    0.05    0.13   10.28 ^ clkbuf_2_2__f_clk/X (sky130_fd_sc_hd__clkbuf_16)
                                         clknet_2_2__leaf_clk (net)
                  0.05    0.00   10.28 ^ _351_/CLK (sky130_fd_sc_hd__dfrtp_2)
                         -0.25   10.03   clock uncertainty
                          0.00   10.03   clock reconvergence pessimism
                          0.22   10.26   library recovery time
                                 10.26   data required time
-----------------------------------------------------------------------------
                                 10.26   data required time
                                 -2.39   data arrival time
-----------------------------------------------------------------------------
                                  7.86   slack (MET)


Startpoint: rst (input port clocked by clk)
Endpoint: _347_ (recovery check against rising-edge clock clk)
Path Group: asynchronous
Path Type: max

Fanout     Cap    Slew   Delay    Time   Description
-----------------------------------------------------------------------------
                          0.00    0.00   clock clk (rise edge)
                          0.00    0.00   clock network delay (propagated)
                          2.00    2.00 v input external delay
     1    0.00    0.01    0.01    2.01 v rst (in)
                                         rst (net)
                  0.01    0.00    2.01 v input1/A (sky130_fd_sc_hd__clkbuf_4)
     5    0.02    0.05    0.15    2.16 v input1/X (sky130_fd_sc_hd__clkbuf_4)
                                         net1 (net)
                  0.05    0.00    2.16 v _306_/A (sky130_fd_sc_hd__clkbuf_8)
    10    0.05    0.07    0.18    2.34 v _306_/X (sky130_fd_sc_hd__clkbuf_8)
                                         _160_ (net)
                  0.07    0.00    2.34 v _314_/A (sky130_fd_sc_hd__inv_2)
     1    0.00    0.03    0.06    2.40 ^ _314_/Y (sky130_fd_sc_hd__inv_2)
                                         _045_ (net)
                  0.03    0.00    2.40 ^ _347_/RESET_B (sky130_fd_sc_hd__dfrtp_4)
                                  2.40   data arrival time

                         10.00   10.00   clock clk (rise edge)
                          0.00   10.00   clock source latency
     1    0.01    0.04    0.03   10.03 ^ clk (in)
                                         clk (net)
                  0.04    0.00   10.03 ^ clkbuf_0_clk/A (sky130_fd_sc_hd__clkbuf_16)
     4    0.03    0.05    0.13   10.15 ^ clkbuf_0_clk/X (sky130_fd_sc_hd__clkbuf_16)
                                         clknet_0_clk (net)
                  0.05    0.00   10.15 ^ clkbuf_2_1__f_clk/A (sky130_fd_sc_hd__clkbuf_16)
    11    0.03    0.05    0.13   10.29 ^ clkbuf_2_1__f_clk/X (sky130_fd_sc_hd__clkbuf_16)
                                         clknet_2_1__leaf_clk (net)
                  0.05    0.00   10.29 ^ _347_/CLK (sky130_fd_sc_hd__dfrtp_4)
                         -0.25   10.04   clock uncertainty
                          0.00   10.04   clock reconvergence pessimism
                          0.22   10.26   library recovery time
                                 10.26   data required time
-----------------------------------------------------------------------------
                                 10.26   data required time
                                 -2.40   data arrival time
-----------------------------------------------------------------------------
                                  7.86   slack (MET)


Startpoint: rst (input port clocked by clk)
Endpoint: _344_ (recovery check against rising-edge clock clk)
Path Group: asynchronous
Path Type: max

Fanout     Cap    Slew   Delay    Time   Description
-----------------------------------------------------------------------------
                          0.00    0.00   clock clk (rise edge)
                          0.00    0.00   clock network delay (propagated)
                          2.00    2.00 v input external delay
     1    0.00    0.01    0.01    2.01 v rst (in)
                                         rst (net)
                  0.01    0.00    2.01 v input1/A (sky130_fd_sc_hd__clkbuf_4)
     5    0.02    0.05    0.15    2.16 v input1/X (sky130_fd_sc_hd__clkbuf_4)
                                         net1 (net)
                  0.05    0.00    2.16 v _306_/A (sky130_fd_sc_hd__clkbuf_8)
    10    0.05    0.07    0.18    2.34 v _306_/X (sky130_fd_sc_hd__clkbuf_8)
                                         _160_ (net)
                  0.07    0.01    2.35 v _311_/A (sky130_fd_sc_hd__inv_2)
     1    0.00    0.03    0.06    2.40 ^ _311_/Y (sky130_fd_sc_hd__inv_2)
                                         _042_ (net)
                  0.03    0.00    2.40 ^ _344_/RESET_B (sky130_fd_sc_hd__dfrtp_1)
                                  2.40   data arrival time

                         10.00   10.00   clock clk (rise edge)
                          0.00   10.00   clock source latency
     1    0.01    0.04    0.03   10.03 ^ clk (in)
                                         clk (net)
                  0.04    0.00   10.03 ^ clkbuf_0_clk/A (sky130_fd_sc_hd__clkbuf_16)
     4    0.03    0.05    0.13   10.15 ^ clkbuf_0_clk/X (sky130_fd_sc_hd__clkbuf_16)
                                         clknet_0_clk (net)
                  0.05    0.00   10.15 ^ clkbuf_2_1__f_clk/A (sky130_fd_sc_hd__clkbuf_16)
    11    0.03    0.05    0.13   10.29 ^ clkbuf_2_1__f_clk/X (sky130_fd_sc_hd__clkbuf_16)
                                         clknet_2_1__leaf_clk (net)
                  0.05    0.00   10.29 ^ _344_/CLK (sky130_fd_sc_hd__dfrtp_1)
                         -0.25   10.04   clock uncertainty
                          0.00   10.04   clock reconvergence pessimism
                          0.24   10.27   library recovery time
                                 10.27   data required time
-----------------------------------------------------------------------------
                                 10.27   data required time
                                 -2.40   data arrival time
-----------------------------------------------------------------------------
                                  7.87   slack (MET)


Startpoint: rst (input port clocked by clk)
Endpoint: _357_ (recovery check against rising-edge clock clk)
Path Group: asynchronous
Path Type: max

Fanout     Cap    Slew   Delay    Time   Description
-----------------------------------------------------------------------------
                          0.00    0.00   clock clk (rise edge)
                          0.00    0.00   clock network delay (propagated)
                          2.00    2.00 v input external delay
     1    0.00    0.01    0.01    2.01 v rst (in)
                                         rst (net)
                  0.01    0.00    2.01 v input1/A (sky130_fd_sc_hd__clkbuf_4)
     5    0.02    0.05    0.15    2.16 v input1/X (sky130_fd_sc_hd__clkbuf_4)
                                         net1 (net)
                  0.05    0.00    2.16 v _317_/A (sky130_fd_sc_hd__clkbuf_8)
    10    0.04    0.06    0.18    2.33 v _317_/X (sky130_fd_sc_hd__clkbuf_8)
                                         _161_ (net)
                  0.06    0.00    2.33 v _325_/A (sky130_fd_sc_hd__inv_2)
     1    0.00    0.03    0.05    2.39 ^ _325_/Y (sky130_fd_sc_hd__inv_2)
                                         _055_ (net)
                  0.03    0.00    2.39 ^ _357_/RESET_B (sky130_fd_sc_hd__dfrtp_4)
                                  2.39   data arrival time

                         10.00   10.00   clock clk (rise edge)
                          0.00   10.00   clock source latency
     1    0.01    0.04    0.03   10.03 ^ clk (in)
                                         clk (net)
                  0.04    0.00   10.03 ^ clkbuf_0_clk/A (sky130_fd_sc_hd__clkbuf_16)
     4    0.03    0.05    0.13   10.15 ^ clkbuf_0_clk/X (sky130_fd_sc_hd__clkbuf_16)
                                         clknet_0_clk (net)
                  0.05    0.00   10.15 ^ clkbuf_2_2__f_clk/A (sky130_fd_sc_hd__clkbuf_16)
     7    0.03    0.05    0.13   10.28 ^ clkbuf_2_2__f_clk/X (sky130_fd_sc_hd__clkbuf_16)
                                         clknet_2_2__leaf_clk (net)
                  0.05    0.00   10.28 ^ _357_/CLK (sky130_fd_sc_hd__dfrtp_4)
                         -0.25   10.03   clock uncertainty
                          0.00   10.03   clock reconvergence pessimism
                          0.22   10.26   library recovery time
                                 10.26   data required time
-----------------------------------------------------------------------------
                                 10.26   data required time
                                 -2.39   data arrival time
-----------------------------------------------------------------------------
                                  7.87   slack (MET)


Startpoint: rst (input port clocked by clk)
Endpoint: _353_ (recovery check against rising-edge clock clk)
Path Group: asynchronous
Path Type: max

Fanout     Cap    Slew   Delay    Time   Description
-----------------------------------------------------------------------------
                          0.00    0.00   clock clk (rise edge)
                          0.00    0.00   clock network delay (propagated)
                          2.00    2.00 v input external delay
     1    0.00    0.01    0.01    2.01 v rst (in)
                                         rst (net)
                  0.01    0.00    2.01 v input1/A (sky130_fd_sc_hd__clkbuf_4)
     5    0.02    0.05    0.15    2.16 v input1/X (sky130_fd_sc_hd__clkbuf_4)
                                         net1 (net)
                  0.05    0.00    2.16 v _317_/A (sky130_fd_sc_hd__clkbuf_8)
    10    0.04    0.06    0.18    2.33 v _317_/X (sky130_fd_sc_hd__clkbuf_8)
                                         _161_ (net)
                  0.06    0.00    2.33 v _321_/A (sky130_fd_sc_hd__inv_2)
     1    0.01    0.04    0.06    2.40 ^ _321_/Y (sky130_fd_sc_hd__inv_2)
                                         _051_ (net)
                  0.04    0.00    2.40 ^ _353_/RESET_B (sky130_fd_sc_hd__dfrtp_1)
                                  2.40   data arrival time

                         10.00   10.00   clock clk (rise edge)
                          0.00   10.00   clock source latency
     1    0.01    0.04    0.03   10.03 ^ clk (in)
                                         clk (net)
                  0.04    0.00   10.03 ^ clkbuf_0_clk/A (sky130_fd_sc_hd__clkbuf_16)
     4    0.03    0.05    0.13   10.15 ^ clkbuf_0_clk/X (sky130_fd_sc_hd__clkbuf_16)
                                         clknet_0_clk (net)
                  0.05    0.00   10.15 ^ clkbuf_2_1__f_clk/A (sky130_fd_sc_hd__clkbuf_16)
    11    0.03    0.05    0.13   10.29 ^ clkbuf_2_1__f_clk/X (sky130_fd_sc_hd__clkbuf_16)
                                         clknet_2_1__leaf_clk (net)
                  0.05    0.00   10.29 ^ _353_/CLK (sky130_fd_sc_hd__dfrtp_1)
                         -0.25   10.04   clock uncertainty
                          0.00   10.04   clock reconvergence pessimism
                          0.23   10.27   library recovery time
                                 10.27   data required time
-----------------------------------------------------------------------------
                                 10.27   data required time
                                 -2.40   data arrival time
-----------------------------------------------------------------------------
                                  7.87   slack (MET)


Startpoint: rst (input port clocked by clk)
Endpoint: _352_ (recovery check against rising-edge clock clk)
Path Group: asynchronous
Path Type: max

Fanout     Cap    Slew   Delay    Time   Description
-----------------------------------------------------------------------------
                          0.00    0.00   clock clk (rise edge)
                          0.00    0.00   clock network delay (propagated)
                          2.00    2.00 v input external delay
     1    0.00    0.01    0.01    2.01 v rst (in)
                                         rst (net)
                  0.01    0.00    2.01 v input1/A (sky130_fd_sc_hd__clkbuf_4)
     5    0.02    0.05    0.15    2.16 v input1/X (sky130_fd_sc_hd__clkbuf_4)
                                         net1 (net)
                  0.05    0.00    2.16 v _317_/A (sky130_fd_sc_hd__clkbuf_8)
    10    0.04    0.06    0.18    2.33 v _317_/X (sky130_fd_sc_hd__clkbuf_8)
                                         _161_ (net)
                  0.06    0.00    2.33 v _320_/A (sky130_fd_sc_hd__inv_2)
     1    0.00    0.03    0.05    2.39 ^ _320_/Y (sky130_fd_sc_hd__inv_2)
                                         _050_ (net)
                  0.03    0.00    2.39 ^ _352_/RESET_B (sky130_fd_sc_hd__dfrtp_1)
                                  2.39   data arrival time

                         10.00   10.00   clock clk (rise edge)
                          0.00   10.00   clock source latency
     1    0.01    0.04    0.03   10.03 ^ clk (in)
                                         clk (net)
                  0.04    0.00   10.03 ^ clkbuf_0_clk/A (sky130_fd_sc_hd__clkbuf_16)
     4    0.03    0.05    0.13   10.15 ^ clkbuf_0_clk/X (sky130_fd_sc_hd__clkbuf_16)
                                         clknet_0_clk (net)
                  0.05    0.00   10.15 ^ clkbuf_2_0__f_clk/A (sky130_fd_sc_hd__clkbuf_16)
     9    0.02    0.05    0.13   10.28 ^ clkbuf_2_0__f_clk/X (sky130_fd_sc_hd__clkbuf_16)
                                         clknet_2_0__leaf_clk (net)
                  0.05    0.00   10.28 ^ _352_/CLK (sky130_fd_sc_hd__dfrtp_1)
                         -0.25   10.03   clock uncertainty
                          0.00   10.03   clock reconvergence pessimism
                          0.23   10.26   library recovery time
                                 10.26   data required time
-----------------------------------------------------------------------------
                                 10.26   data required time
                                 -2.39   data arrival time
-----------------------------------------------------------------------------
                                  7.88   slack (MET)


Startpoint: rst (input port clocked by clk)
Endpoint: _356_ (recovery check against rising-edge clock clk)
Path Group: asynchronous
Path Type: max

Fanout     Cap    Slew   Delay    Time   Description
-----------------------------------------------------------------------------
                          0.00    0.00   clock clk (rise edge)
                          0.00    0.00   clock network delay (propagated)
                          2.00    2.00 v input external delay
     1    0.00    0.01    0.01    2.01 v rst (in)
                                         rst (net)
                  0.01    0.00    2.01 v input1/A (sky130_fd_sc_hd__clkbuf_4)
     5    0.02    0.05    0.15    2.16 v input1/X (sky130_fd_sc_hd__clkbuf_4)
                                         net1 (net)
                  0.05    0.00    2.16 v _317_/A (sky130_fd_sc_hd__clkbuf_8)
    10    0.04    0.06    0.18    2.33 v _317_/X (sky130_fd_sc_hd__clkbuf_8)
                                         _161_ (net)
                  0.06    0.00    2.33 v _324_/A (sky130_fd_sc_hd__inv_2)
     1    0.00    0.03    0.05    2.39 ^ _324_/Y (sky130_fd_sc_hd__inv_2)
                                         _054_ (net)
                  0.03    0.00    2.39 ^ _356_/RESET_B (sky130_fd_sc_hd__dfrtp_1)
                                  2.39   data arrival time

                         10.00   10.00   clock clk (rise edge)
                          0.00   10.00   clock source latency
     1    0.01    0.04    0.03   10.03 ^ clk (in)
                                         clk (net)
                  0.04    0.00   10.03 ^ clkbuf_0_clk/A (sky130_fd_sc_hd__clkbuf_16)
     4    0.03    0.05    0.13   10.15 ^ clkbuf_0_clk/X (sky130_fd_sc_hd__clkbuf_16)
                                         clknet_0_clk (net)
                  0.05    0.00   10.15 ^ clkbuf_2_1__f_clk/A (sky130_fd_sc_hd__clkbuf_16)
    11    0.03    0.05    0.13   10.29 ^ clkbuf_2_1__f_clk/X (sky130_fd_sc_hd__clkbuf_16)
                                         clknet_2_1__leaf_clk (net)
                  0.05    0.00   10.29 ^ _356_/CLK (sky130_fd_sc_hd__dfrtp_1)
                         -0.25   10.04   clock uncertainty
                          0.00   10.04   clock reconvergence pessimism
                          0.24   10.27   library recovery time
                                 10.27   data required time
-----------------------------------------------------------------------------
                                 10.27   data required time
                                 -2.39   data arrival time
-----------------------------------------------------------------------------
                                  7.89   slack (MET)


Startpoint: rst (input port clocked by clk)
Endpoint: _360_ (recovery check against rising-edge clock clk)
Path Group: asynchronous
Path Type: max

Fanout     Cap    Slew   Delay    Time   Description
-----------------------------------------------------------------------------
                          0.00    0.00   clock clk (rise edge)
                          0.00    0.00   clock network delay (propagated)
                          2.00    2.00 v input external delay
     1    0.00    0.01    0.01    2.01 v rst (in)
                                         rst (net)
                  0.01    0.00    2.01 v input1/A (sky130_fd_sc_hd__clkbuf_4)
     5    0.02    0.05    0.15    2.16 v input1/X (sky130_fd_sc_hd__clkbuf_4)
                                         net1 (net)
                  0.05    0.00    2.16 v _328_/A (sky130_fd_sc_hd__inv_2)
     1    0.01    0.06    0.07    2.23 ^ _328_/Y (sky130_fd_sc_hd__inv_2)
                                         _058_ (net)
                  0.06    0.00    2.23 ^ _360_/RESET_B (sky130_fd_sc_hd__dfrtp_4)
                                  2.23   data arrival time

                         10.00   10.00   clock clk (rise edge)
                          0.00   10.00   clock source latency
     1    0.01    0.04    0.03   10.03 ^ clk (in)
                                         clk (net)
                  0.04    0.00   10.03 ^ clkbuf_0_clk/A (sky130_fd_sc_hd__clkbuf_16)
     4    0.03    0.05    0.13   10.15 ^ clkbuf_0_clk/X (sky130_fd_sc_hd__clkbuf_16)
                                         clknet_0_clk (net)
                  0.05    0.00   10.15 ^ clkbuf_2_3__f_clk/A (sky130_fd_sc_hd__clkbuf_16)
     8    0.02    0.04    0.12   10.28 ^ clkbuf_2_3__f_clk/X (sky130_fd_sc_hd__clkbuf_16)
                                         clknet_2_3__leaf_clk (net)
                  0.04    0.00   10.28 ^ _360_/CLK (sky130_fd_sc_hd__dfrtp_4)
                         -0.25   10.03   clock uncertainty
                          0.00   10.03   clock reconvergence pessimism
                          0.21   10.24   library recovery time
                                 10.24   data required time
-----------------------------------------------------------------------------
                                 10.24   data required time
                                 -2.23   data arrival time
-----------------------------------------------------------------------------
                                  8.01   slack (MET)


Startpoint: _361_ (rising edge-triggered flip-flop clocked by clk)
Endpoint: _360_ (rising edge-triggered flip-flop clocked by clk)
Path Group: clk
Path Type: max

Fanout     Cap    Slew   Delay    Time   Description
-----------------------------------------------------------------------------
                          0.00    0.00   clock clk (rise edge)
                          0.00    0.00   clock source latency
     1    0.01    0.04    0.03    0.03 ^ clk (in)
                                         clk (net)
                  0.04    0.00    0.03 ^ clkbuf_0_clk/A (sky130_fd_sc_hd__clkbuf_16)
     4    0.03    0.05    0.14    0.17 ^ clkbuf_0_clk/X (sky130_fd_sc_hd__clkbuf_16)
                                         clknet_0_clk (net)
                  0.05    0.00    0.17 ^ clkbuf_2_0__f_clk/A (sky130_fd_sc_hd__clkbuf_16)
     9    0.02    0.05    0.14    0.31 ^ clkbuf_2_0__f_clk/X (sky130_fd_sc_hd__clkbuf_16)
                                         clknet_2_0__leaf_clk (net)
                  0.05    0.00    0.31 ^ _361_/CLK (sky130_fd_sc_hd__dfrtp_4)
     6    0.03    0.10    0.55    0.86 v _361_/Q (sky130_fd_sc_hd__dfrtp_4)
                                         decoder.digit[3] (net)
                  0.10    0.00    0.86 v _165_/A (sky130_fd_sc_hd__nor2_2)
     2    0.01    0.11    0.15    1.01 ^ _165_/Y (sky130_fd_sc_hd__nor2_2)
                                         _066_ (net)
                  0.11    0.00    1.01 ^ _166_/B (sky130_fd_sc_hd__nand2_2)
     3    0.01    0.05    0.08    1.09 v _166_/Y (sky130_fd_sc_hd__nand2_2)
                                         _067_ (net)
                  0.05    0.00    1.09 v _167_/B (sky130_fd_sc_hd__nor2_2)
     3    0.02    0.24    0.22    1.30 ^ _167_/Y (sky130_fd_sc_hd__nor2_2)
                                         _068_ (net)
                  0.24    0.00    1.31 ^ _168_/A2_N (sky130_fd_sc_hd__o2bb2a_1)
     1    0.01    0.09    0.30    1.61 v _168_/X (sky130_fd_sc_hd__o2bb2a_1)
                                         _069_ (net)
                  0.09    0.00    1.61 v _169_/B (sky130_fd_sc_hd__and2_1)
     1    0.00    0.03    0.17    1.78 v _169_/X (sky130_fd_sc_hd__and2_1)
                                         _070_ (net)
                  0.03    0.00    1.78 v _170_/A (sky130_fd_sc_hd__clkbuf_1)
     1    0.01    0.04    0.10    1.89 v _170_/X (sky130_fd_sc_hd__clkbuf_1)
                                         _062_ (net)
                  0.04    0.00    1.89 v _360_/D (sky130_fd_sc_hd__dfrtp_4)
                                  1.89   data arrival time

                         10.00   10.00   clock clk (rise edge)
                          0.00   10.00   clock source latency
     1    0.01    0.04    0.03   10.03 ^ clk (in)
                                         clk (net)
                  0.04    0.00   10.03 ^ clkbuf_0_clk/A (sky130_fd_sc_hd__clkbuf_16)
     4    0.03    0.05    0.13   10.15 ^ clkbuf_0_clk/X (sky130_fd_sc_hd__clkbuf_16)
                                         clknet_0_clk (net)
                  0.05    0.00   10.15 ^ clkbuf_2_3__f_clk/A (sky130_fd_sc_hd__clkbuf_16)
     8    0.02    0.04    0.12   10.28 ^ clkbuf_2_3__f_clk/X (sky130_fd_sc_hd__clkbuf_16)
                                         clknet_2_3__leaf_clk (net)
                  0.04    0.00   10.28 ^ _360_/CLK (sky130_fd_sc_hd__dfrtp_4)
                         -0.25   10.03   clock uncertainty
                          0.02   10.04   clock reconvergence pessimism
                         -0.11    9.93   library setup time
                                  9.93   data required time
-----------------------------------------------------------------------------
                                  9.93   data required time
                                 -1.89   data arrival time
-----------------------------------------------------------------------------
                                  8.04   slack (MET)


Startpoint: rst (input port clocked by clk)
Endpoint: _361_ (recovery check against rising-edge clock clk)
Path Group: asynchronous
Path Type: max

Fanout     Cap    Slew   Delay    Time   Description
-----------------------------------------------------------------------------
                          0.00    0.00   clock clk (rise edge)
                          0.00    0.00   clock network delay (propagated)
                          2.00    2.00 v input external delay
     1    0.00    0.01    0.01    2.01 v rst (in)
                                         rst (net)
                  0.01    0.00    2.01 v input1/A (sky130_fd_sc_hd__clkbuf_4)
     5    0.02    0.05    0.15    2.16 v input1/X (sky130_fd_sc_hd__clkbuf_4)
                                         net1 (net)
                  0.05    0.00    2.16 v _329_/A (sky130_fd_sc_hd__inv_2)
     1    0.00    0.03    0.05    2.21 ^ _329_/Y (sky130_fd_sc_hd__inv_2)
                                         _059_ (net)
                  0.03    0.00    2.21 ^ _361_/RESET_B (sky130_fd_sc_hd__dfrtp_4)
                                  2.21   data arrival time

                         10.00   10.00   clock clk (rise edge)
                          0.00   10.00   clock source latency
     1    0.01    0.04    0.03   10.03 ^ clk (in)
                                         clk (net)
                  0.04    0.00   10.03 ^ clkbuf_0_clk/A (sky130_fd_sc_hd__clkbuf_16)
     4    0.03    0.05    0.13   10.15 ^ clkbuf_0_clk/X (sky130_fd_sc_hd__clkbuf_16)
                                         clknet_0_clk (net)
                  0.05    0.00   10.15 ^ clkbuf_2_0__f_clk/A (sky130_fd_sc_hd__clkbuf_16)
     9    0.02    0.05    0.13   10.28 ^ clkbuf_2_0__f_clk/X (sky130_fd_sc_hd__clkbuf_16)
                                         clknet_2_0__leaf_clk (net)
                  0.05    0.00   10.28 ^ _361_/CLK (sky130_fd_sc_hd__dfrtp_4)
                         -0.25   10.03   clock uncertainty
                          0.00   10.03   clock reconvergence pessimism
                          0.22   10.25   library recovery time
                                 10.25   data required time
-----------------------------------------------------------------------------
                                 10.25   data required time
                                 -2.21   data arrival time
-----------------------------------------------------------------------------
                                  8.05   slack (MET)


Startpoint: _358_ (rising edge-triggered flip-flop clocked by clk)
Endpoint: _361_ (rising edge-triggered flip-flop clocked by clk)
Path Group: clk
Path Type: max

Fanout     Cap    Slew   Delay    Time   Description
-----------------------------------------------------------------------------
                          0.00    0.00   clock clk (rise edge)
                          0.00    0.00   clock source latency
     1    0.01    0.04    0.03    0.03 ^ clk (in)
                                         clk (net)
                  0.04    0.00    0.03 ^ clkbuf_0_clk/A (sky130_fd_sc_hd__clkbuf_16)
     4    0.03    0.05    0.14    0.17 ^ clkbuf_0_clk/X (sky130_fd_sc_hd__clkbuf_16)
                                         clknet_0_clk (net)
                  0.05    0.00    0.17 ^ clkbuf_2_2__f_clk/A (sky130_fd_sc_hd__clkbuf_16)
     7    0.03    0.05    0.14    0.31 ^ clkbuf_2_2__f_clk/X (sky130_fd_sc_hd__clkbuf_16)
                                         clknet_2_2__leaf_clk (net)
                  0.05    0.00    0.31 ^ _358_/CLK (sky130_fd_sc_hd__dfrtp_4)
     8    0.02    0.08    0.53    0.84 v _358_/Q (sky130_fd_sc_hd__dfrtp_4)
                                         decoder.digit[0] (net)
                  0.08    0.00    0.84 v _162_/C (sky130_fd_sc_hd__and3_2)
     3    0.01    0.06    0.27    1.11 v _162_/X (sky130_fd_sc_hd__and3_2)
                                         _064_ (net)
                  0.06    0.00    1.11 v _163_/B (sky130_fd_sc_hd__nand2_1)
     2    0.01    0.11    0.13    1.24 ^ _163_/Y (sky130_fd_sc_hd__nand2_1)
                                         _065_ (net)
                  0.11    0.00    1.24 ^ _164_/B (sky130_fd_sc_hd__xnor2_1)
     1    0.00    0.10    0.12    1.37 ^ _164_/Y (sky130_fd_sc_hd__xnor2_1)
                                         _063_ (net)
                  0.10    0.00    1.37 ^ _361_/D (sky130_fd_sc_hd__dfrtp_4)
                                  1.37   data arrival time

                         10.00   10.00   clock clk (rise edge)
                          0.00   10.00   clock source latency
     1    0.01    0.04    0.03   10.03 ^ clk (in)
                                         clk (net)
                  0.04    0.00   10.03 ^ clkbuf_0_clk/A (sky130_fd_sc_hd__clkbuf_16)
     4    0.03    0.05    0.13   10.15 ^ clkbuf_0_clk/X (sky130_fd_sc_hd__clkbuf_16)
                                         clknet_0_clk (net)
                  0.05    0.00   10.15 ^ clkbuf_2_0__f_clk/A (sky130_fd_sc_hd__clkbuf_16)
     9    0.02    0.05    0.13   10.28 ^ clkbuf_2_0__f_clk/X (sky130_fd_sc_hd__clkbuf_16)
                                         clknet_2_0__leaf_clk (net)
                  0.05    0.00   10.28 ^ _361_/CLK (sky130_fd_sc_hd__dfrtp_4)
                         -0.25   10.03   clock uncertainty
                          0.02   10.05   clock reconvergence pessimism
                         -0.08    9.97   library setup time
                                  9.97   data required time
-----------------------------------------------------------------------------
                                  9.97   data required time
                                 -1.37   data arrival time
-----------------------------------------------------------------------------
                                  8.60   slack (MET)


Startpoint: _361_ (rising edge-triggered flip-flop clocked by clk)
Endpoint: _358_ (rising edge-triggered flip-flop clocked by clk)
Path Group: clk
Path Type: max

Fanout     Cap    Slew   Delay    Time   Description
-----------------------------------------------------------------------------
                          0.00    0.00   clock clk (rise edge)
                          0.00    0.00   clock source latency
     1    0.01    0.04    0.03    0.03 ^ clk (in)
                                         clk (net)
                  0.04    0.00    0.03 ^ clkbuf_0_clk/A (sky130_fd_sc_hd__clkbuf_16)
     4    0.03    0.05    0.14    0.17 ^ clkbuf_0_clk/X (sky130_fd_sc_hd__clkbuf_16)
                                         clknet_0_clk (net)
                  0.05    0.00    0.17 ^ clkbuf_2_0__f_clk/A (sky130_fd_sc_hd__clkbuf_16)
     9    0.02    0.05    0.14    0.31 ^ clkbuf_2_0__f_clk/X (sky130_fd_sc_hd__clkbuf_16)
                                         clknet_2_0__leaf_clk (net)
                  0.05    0.00    0.31 ^ _361_/CLK (sky130_fd_sc_hd__dfrtp_4)
     6    0.03    0.10    0.55    0.86 v _361_/Q (sky130_fd_sc_hd__dfrtp_4)
                                         decoder.digit[3] (net)
                  0.10    0.00    0.86 v _165_/A (sky130_fd_sc_hd__nor2_2)
     2    0.01    0.11    0.15    1.01 ^ _165_/Y (sky130_fd_sc_hd__nor2_2)
                                         _066_ (net)
                  0.11    0.00    1.01 ^ _166_/B (sky130_fd_sc_hd__nand2_2)
     3    0.01    0.05    0.08    1.09 v _166_/Y (sky130_fd_sc_hd__nand2_2)
                                         _067_ (net)
                  0.05    0.00    1.09 v _173_/A2 (sky130_fd_sc_hd__a21oi_1)
     1    0.00    0.10    0.14    1.23 ^ _173_/Y (sky130_fd_sc_hd__a21oi_1)
                                         _072_ (net)
                  0.10    0.00    1.23 ^ _174_/B1 (sky130_fd_sc_hd__a21oi_1)
     1    0.00    0.04    0.05    1.28 v _174_/Y (sky130_fd_sc_hd__a21oi_1)
                                         _060_ (net)
                  0.04    0.00    1.28 v _358_/D (sky130_fd_sc_hd__dfrtp_4)
                                  1.28   data arrival time

                         10.00   10.00   clock clk (rise edge)
                          0.00   10.00   clock source latency
     1    0.01    0.04    0.03   10.03 ^ clk (in)
                                         clk (net)
                  0.04    0.00   10.03 ^ clkbuf_0_clk/A (sky130_fd_sc_hd__clkbuf_16)
     4    0.03    0.05    0.13   10.15 ^ clkbuf_0_clk/X (sky130_fd_sc_hd__clkbuf_16)
                                         clknet_0_clk (net)
                  0.05    0.00   10.15 ^ clkbuf_2_2__f_clk/A (sky130_fd_sc_hd__clkbuf_16)
     7    0.03    0.05    0.13   10.28 ^ clkbuf_2_2__f_clk/X (sky130_fd_sc_hd__clkbuf_16)
                                         clknet_2_2__leaf_clk (net)
                  0.05    0.00   10.28 ^ _358_/CLK (sky130_fd_sc_hd__dfrtp_4)
                         -0.25   10.03   clock uncertainty
                          0.02   10.05   clock reconvergence pessimism
                         -0.11    9.94   library setup time
                                  9.94   data required time
-----------------------------------------------------------------------------
                                  9.94   data required time
                                 -1.28   data arrival time
-----------------------------------------------------------------------------
                                  8.66   slack (MET)


Startpoint: _358_ (rising edge-triggered flip-flop clocked by clk)
Endpoint: _359_ (rising edge-triggered flip-flop clocked by clk)
Path Group: clk
Path Type: max

Fanout     Cap    Slew   Delay    Time   Description
-----------------------------------------------------------------------------
                          0.00    0.00   clock clk (rise edge)
                          0.00    0.00   clock source latency
     1    0.01    0.04    0.03    0.03 ^ clk (in)
                                         clk (net)
                  0.04    0.00    0.03 ^ clkbuf_0_clk/A (sky130_fd_sc_hd__clkbuf_16)
     4    0.03    0.05    0.14    0.17 ^ clkbuf_0_clk/X (sky130_fd_sc_hd__clkbuf_16)
                                         clknet_0_clk (net)
                  0.05    0.00    0.17 ^ clkbuf_2_2__f_clk/A (sky130_fd_sc_hd__clkbuf_16)
     7    0.03    0.05    0.14    0.31 ^ clkbuf_2_2__f_clk/X (sky130_fd_sc_hd__clkbuf_16)
                                         clknet_2_2__leaf_clk (net)
                  0.05    0.00    0.31 ^ _358_/CLK (sky130_fd_sc_hd__dfrtp_4)
     8    0.02    0.08    0.53    0.84 v _358_/Q (sky130_fd_sc_hd__dfrtp_4)
                                         decoder.digit[0] (net)
                  0.08    0.00    0.84 v _162_/C (sky130_fd_sc_hd__and3_2)
     3    0.01    0.06    0.27    1.11 v _162_/X (sky130_fd_sc_hd__and3_2)
                                         _064_ (net)
                  0.06    0.00    1.11 v _172_/A (sky130_fd_sc_hd__nor2_1)
     1    0.00    0.07    0.10    1.21 ^ _172_/Y (sky130_fd_sc_hd__nor2_1)
                                         _061_ (net)
                  0.07    0.00    1.21 ^ _359_/D (sky130_fd_sc_hd__dfrtp_4)
                                  1.21   data arrival time

                         10.00   10.00   clock clk (rise edge)
                          0.00   10.00   clock source latency
     1    0.01    0.04    0.03   10.03 ^ clk (in)
                                         clk (net)
                  0.04    0.00   10.03 ^ clkbuf_0_clk/A (sky130_fd_sc_hd__clkbuf_16)
     4    0.03    0.05    0.13   10.15 ^ clkbuf_0_clk/X (sky130_fd_sc_hd__clkbuf_16)
                                         clknet_0_clk (net)
                  0.05    0.00   10.15 ^ clkbuf_2_0__f_clk/A (sky130_fd_sc_hd__clkbuf_16)
     9    0.02    0.05    0.13   10.28 ^ clkbuf_2_0__f_clk/X (sky130_fd_sc_hd__clkbuf_16)
                                         clknet_2_0__leaf_clk (net)
                  0.05    0.00   10.28 ^ _359_/CLK (sky130_fd_sc_hd__dfrtp_4)
                         -0.25   10.03   clock uncertainty
                          0.02   10.05   clock reconvergence pessimism
                         -0.07    9.98   library setup time
                                  9.98   data required time
-----------------------------------------------------------------------------
                                  9.98   data required time
                                 -1.21   data arrival time
-----------------------------------------------------------------------------
                                  8.77   slack (MET)



worst slack corner Typical: 5.7464
