
===========================================================================
report_checks -path_delay min (Hold)
============================================================================
======================= Typical Corner ===================================

Startpoint: _357_ (rising edge-triggered flip-flop clocked by clk)
Endpoint: _358_ (rising edge-triggered flip-flop clocked by clk)
Path Group: clk
Path Type: min

Fanout     Cap    Slew   Delay    Time   Description
-----------------------------------------------------------------------------
                          0.00    0.00   clock clk (rise edge)
                          0.00    0.00   clock source latency
     1    0.01    0.04    0.03    0.03 ^ clk (in)
                                         clk (net)
                  0.04    0.00    0.03 ^ clkbuf_0_clk/A (sky130_fd_sc_hd__clkbuf_16)
     4    0.03    0.05    0.13    0.15 ^ clkbuf_0_clk/X (sky130_fd_sc_hd__clkbuf_16)
                                         clknet_0_clk (net)
                  0.05    0.00    0.15 ^ clkbuf_2_2__f_clk/A (sky130_fd_sc_hd__clkbuf_16)
     7    0.02    0.04    0.12    0.28 ^ clkbuf_2_2__f_clk/X (sky130_fd_sc_hd__clkbuf_16)
                                         clknet_2_2__leaf_clk (net)
                  0.04    0.00    0.28 ^ _357_/CLK (sky130_fd_sc_hd__dfrtp_4)
     5    0.01    0.07    0.39    0.66 ^ _357_/Q (sky130_fd_sc_hd__dfrtp_4)
                                         one_second_enable (net)
                  0.07    0.00    0.66 ^ _174_/A1 (sky130_fd_sc_hd__a21oi_1)
     1    0.00    0.03    0.05    0.72 v _174_/Y (sky130_fd_sc_hd__a21oi_1)
                                         _060_ (net)
                  0.03    0.00    0.72 v _358_/D (sky130_fd_sc_hd__dfrtp_4)
                                  0.72   data arrival time

                          0.00    0.00   clock clk (rise edge)
                          0.00    0.00   clock source latency
     1    0.01    0.04    0.03    0.03 ^ clk (in)
                                         clk (net)
                  0.04    0.00    0.03 ^ clkbuf_0_clk/A (sky130_fd_sc_hd__clkbuf_16)
     4    0.03    0.05    0.14    0.17 ^ clkbuf_0_clk/X (sky130_fd_sc_hd__clkbuf_16)
                                         clknet_0_clk (net)
                  0.05    0.00    0.17 ^ clkbuf_2_2__f_clk/A (sky130_fd_sc_hd__clkbuf_16)
     7    0.02    0.04    0.14    0.31 ^ clkbuf_2_2__f_clk/X (sky130_fd_sc_hd__clkbuf_16)
                                         clknet_2_2__leaf_clk (net)
                  0.04    0.00    0.31 ^ _358_/CLK (sky130_fd_sc_hd__dfrtp_4)
                          0.25    0.56   clock uncertainty
                         -0.03    0.53   clock reconvergence pessimism
                         -0.04    0.49   library hold time
                                  0.49   data required time
-----------------------------------------------------------------------------
                                  0.49   data required time
                                 -0.72   data arrival time
-----------------------------------------------------------------------------
                                  0.23   slack (MET)


Startpoint: _353_ (rising edge-triggered flip-flop clocked by clk)
Endpoint: _353_ (rising edge-triggered flip-flop clocked by clk)
Path Group: clk
Path Type: min

Fanout     Cap    Slew   Delay    Time   Description
-----------------------------------------------------------------------------
                          0.00    0.00   clock clk (rise edge)
                          0.00    0.00   clock source latency
     1    0.01    0.04    0.03    0.03 ^ clk (in)
                                         clk (net)
                  0.04    0.00    0.03 ^ clkbuf_0_clk/A (sky130_fd_sc_hd__clkbuf_16)
     4    0.03    0.05    0.13    0.15 ^ clkbuf_0_clk/X (sky130_fd_sc_hd__clkbuf_16)
                                         clknet_0_clk (net)
                  0.05    0.00    0.15 ^ clkbuf_2_1__f_clk/A (sky130_fd_sc_hd__clkbuf_16)
    11    0.02    0.04    0.12    0.28 ^ clkbuf_2_1__f_clk/X (sky130_fd_sc_hd__clkbuf_16)
                                         clknet_2_1__leaf_clk (net)
                  0.04    0.00    0.28 ^ _353_/CLK (sky130_fd_sc_hd__dfrtp_1)
     2    0.01    0.05    0.35    0.63 v _353_/Q (sky130_fd_sc_hd__dfrtp_1)
                                         one_second_counter[23] (net)
                  0.05    0.00    0.63 v _273_/A (sky130_fd_sc_hd__inv_2)
     1    0.00    0.03    0.05    0.68 ^ _273_/Y (sky130_fd_sc_hd__inv_2)
                                         _147_ (net)
                  0.03    0.00    0.68 ^ _275_/A1 (sky130_fd_sc_hd__a221oi_2)
     1    0.00    0.04    0.04    0.71 v _275_/Y (sky130_fd_sc_hd__a221oi_2)
                                         _015_ (net)
                  0.04    0.00    0.71 v _353_/D (sky130_fd_sc_hd__dfrtp_1)
                                  0.71   data arrival time

                          0.00    0.00   clock clk (rise edge)
                          0.00    0.00   clock source latency
     1    0.01    0.04    0.03    0.03 ^ clk (in)
                                         clk (net)
                  0.04    0.00    0.03 ^ clkbuf_0_clk/A (sky130_fd_sc_hd__clkbuf_16)
     4    0.03    0.05    0.14    0.17 ^ clkbuf_0_clk/X (sky130_fd_sc_hd__clkbuf_16)
                                         clknet_0_clk (net)
                  0.05    0.00    0.17 ^ clkbuf_2_1__f_clk/A (sky130_fd_sc_hd__clkbuf_16)
    11    0.02    0.04    0.14    0.31 ^ clkbuf_2_1__f_clk/X (sky130_fd_sc_hd__clkbuf_16)
                                         clknet_2_1__leaf_clk (net)
                  0.04    0.00    0.31 ^ _353_/CLK (sky130_fd_sc_hd__dfrtp_1)
                          0.25    0.56   clock uncertainty
                         -0.03    0.53   clock reconvergence pessimism
                         -0.04    0.48   library hold time
                                  0.48   data required time
-----------------------------------------------------------------------------
                                  0.48   data required time
                                 -0.71   data arrival time
-----------------------------------------------------------------------------
                                  0.23   slack (MET)


Startpoint: _330_ (rising edge-triggered flip-flop clocked by clk)
Endpoint: _330_ (rising edge-triggered flip-flop clocked by clk)
Path Group: clk
Path Type: min

Fanout     Cap    Slew   Delay    Time   Description
-----------------------------------------------------------------------------
                          0.00    0.00   clock clk (rise edge)
                          0.00    0.00   clock source latency
     1    0.01    0.04    0.03    0.03 ^ clk (in)
                                         clk (net)
                  0.04    0.00    0.03 ^ clkbuf_0_clk/A (sky130_fd_sc_hd__clkbuf_16)
     4    0.03    0.05    0.13    0.15 ^ clkbuf_0_clk/X (sky130_fd_sc_hd__clkbuf_16)
                                         clknet_0_clk (net)
                  0.05    0.00    0.15 ^ clkbuf_2_1__f_clk/A (sky130_fd_sc_hd__clkbuf_16)
    11    0.02    0.04    0.12    0.28 ^ clkbuf_2_1__f_clk/X (sky130_fd_sc_hd__clkbuf_16)
                                         clknet_2_1__leaf_clk (net)
                  0.04    0.00    0.28 ^ _330_/CLK (sky130_fd_sc_hd__dfrtp_4)
     7    0.02    0.08    0.40    0.68 ^ _330_/Q (sky130_fd_sc_hd__dfrtp_4)
                                         one_second_counter[0] (net)
                  0.08    0.00    0.68 ^ _190_/A (sky130_fd_sc_hd__nor2_1)
     1    0.00    0.03    0.04    0.72 v _190_/Y (sky130_fd_sc_hd__nor2_1)
                                         _000_ (net)
                  0.03    0.00    0.72 v _330_/D (sky130_fd_sc_hd__dfrtp_4)
                                  0.72   data arrival time

                          0.00    0.00   clock clk (rise edge)
                          0.00    0.00   clock source latency
     1    0.01    0.04    0.03    0.03 ^ clk (in)
                                         clk (net)
                  0.04    0.00    0.03 ^ clkbuf_0_clk/A (sky130_fd_sc_hd__clkbuf_16)
     4    0.03    0.05    0.14    0.17 ^ clkbuf_0_clk/X (sky130_fd_sc_hd__clkbuf_16)
                                         clknet_0_clk (net)
                  0.05    0.00    0.17 ^ clkbuf_2_1__f_clk/A (sky130_fd_sc_hd__clkbuf_16)
    11    0.02    0.04    0.14    0.31 ^ clkbuf_2_1__f_clk/X (sky130_fd_sc_hd__clkbuf_16)
                                         clknet_2_1__leaf_clk (net)
                  0.04    0.00    0.31 ^ _330_/CLK (sky130_fd_sc_hd__dfrtp_4)
                          0.25    0.56   clock uncertainty
                         -0.03    0.53   clock reconvergence pessimism
                         -0.04    0.49   library hold time
                                  0.49   data required time
-----------------------------------------------------------------------------
                                  0.49   data required time
                                 -0.72   data arrival time
-----------------------------------------------------------------------------
                                  0.23   slack (MET)


Startpoint: _337_ (rising edge-triggered flip-flop clocked by clk)
Endpoint: _337_ (rising edge-triggered flip-flop clocked by clk)
Path Group: clk
Path Type: min

Fanout     Cap    Slew   Delay    Time   Description
-----------------------------------------------------------------------------
                          0.00    0.00   clock clk (rise edge)
                          0.00    0.00   clock source latency
     1    0.01    0.04    0.03    0.03 ^ clk (in)
                                         clk (net)
                  0.04    0.00    0.03 ^ clkbuf_0_clk/A (sky130_fd_sc_hd__clkbuf_16)
     4    0.03    0.05    0.13    0.15 ^ clkbuf_0_clk/X (sky130_fd_sc_hd__clkbuf_16)
                                         clknet_0_clk (net)
                  0.05    0.00    0.15 ^ clkbuf_2_1__f_clk/A (sky130_fd_sc_hd__clkbuf_16)
    11    0.02    0.04    0.12    0.28 ^ clkbuf_2_1__f_clk/X (sky130_fd_sc_hd__clkbuf_16)
                                         clknet_2_1__leaf_clk (net)
                  0.04    0.00    0.28 ^ _337_/CLK (sky130_fd_sc_hd__dfrtp_2)
     2    0.01    0.05    0.37    0.65 v _337_/Q (sky130_fd_sc_hd__dfrtp_2)
                                         one_second_counter[7] (net)
                  0.05    0.00    0.65 v _214_/A (sky130_fd_sc_hd__inv_2)
     1    0.00    0.02    0.04    0.69 ^ _214_/Y (sky130_fd_sc_hd__inv_2)
                                         _104_ (net)
                  0.02    0.00    0.69 ^ _215_/A1 (sky130_fd_sc_hd__a211oi_1)
     1    0.00    0.03    0.04    0.73 v _215_/Y (sky130_fd_sc_hd__a211oi_1)
                                         _024_ (net)
                  0.03    0.00    0.73 v _337_/D (sky130_fd_sc_hd__dfrtp_2)
                                  0.73   data arrival time

                          0.00    0.00   clock clk (rise edge)
                          0.00    0.00   clock source latency
     1    0.01    0.04    0.03    0.03 ^ clk (in)
                                         clk (net)
                  0.04    0.00    0.03 ^ clkbuf_0_clk/A (sky130_fd_sc_hd__clkbuf_16)
     4    0.03    0.05    0.14    0.17 ^ clkbuf_0_clk/X (sky130_fd_sc_hd__clkbuf_16)
                                         clknet_0_clk (net)
                  0.05    0.00    0.17 ^ clkbuf_2_1__f_clk/A (sky130_fd_sc_hd__clkbuf_16)
    11    0.02    0.04    0.14    0.31 ^ clkbuf_2_1__f_clk/X (sky130_fd_sc_hd__clkbuf_16)
                                         clknet_2_1__leaf_clk (net)
                  0.04    0.00    0.31 ^ _337_/CLK (sky130_fd_sc_hd__dfrtp_2)
                          0.25    0.56   clock uncertainty
                         -0.03    0.53   clock reconvergence pessimism
                         -0.04    0.49   library hold time
                                  0.49   data required time
-----------------------------------------------------------------------------
                                  0.49   data required time
                                 -0.73   data arrival time
-----------------------------------------------------------------------------
                                  0.24   slack (MET)


Startpoint: _351_ (rising edge-triggered flip-flop clocked by clk)
Endpoint: _351_ (rising edge-triggered flip-flop clocked by clk)
Path Group: clk
Path Type: min

Fanout     Cap    Slew   Delay    Time   Description
-----------------------------------------------------------------------------
                          0.00    0.00   clock clk (rise edge)
                          0.00    0.00   clock source latency
     1    0.01    0.04    0.03    0.03 ^ clk (in)
                                         clk (net)
                  0.04    0.00    0.03 ^ clkbuf_0_clk/A (sky130_fd_sc_hd__clkbuf_16)
     4    0.03    0.05    0.13    0.15 ^ clkbuf_0_clk/X (sky130_fd_sc_hd__clkbuf_16)
                                         clknet_0_clk (net)
                  0.05    0.00    0.15 ^ clkbuf_2_2__f_clk/A (sky130_fd_sc_hd__clkbuf_16)
     7    0.02    0.04    0.12    0.28 ^ clkbuf_2_2__f_clk/X (sky130_fd_sc_hd__clkbuf_16)
                                         clknet_2_2__leaf_clk (net)
                  0.04    0.00    0.28 ^ _351_/CLK (sky130_fd_sc_hd__dfrtp_2)
     3    0.01    0.05    0.38    0.65 v _351_/Q (sky130_fd_sc_hd__dfrtp_2)
                                         one_second_counter[21] (net)
                  0.05    0.00    0.65 v _266_/A (sky130_fd_sc_hd__inv_2)
     1    0.00    0.03    0.05    0.70 ^ _266_/Y (sky130_fd_sc_hd__inv_2)
                                         _142_ (net)
                  0.03    0.00    0.70 ^ _268_/A1 (sky130_fd_sc_hd__a211oi_2)
     1    0.00    0.03    0.04    0.74 v _268_/Y (sky130_fd_sc_hd__a211oi_2)
                                         _013_ (net)
                  0.03    0.00    0.74 v _351_/D (sky130_fd_sc_hd__dfrtp_2)
                                  0.74   data arrival time

                          0.00    0.00   clock clk (rise edge)
                          0.00    0.00   clock source latency
     1    0.01    0.04    0.03    0.03 ^ clk (in)
                                         clk (net)
                  0.04    0.00    0.03 ^ clkbuf_0_clk/A (sky130_fd_sc_hd__clkbuf_16)
     4    0.03    0.05    0.14    0.17 ^ clkbuf_0_clk/X (sky130_fd_sc_hd__clkbuf_16)
                                         clknet_0_clk (net)
                  0.05    0.00    0.17 ^ clkbuf_2_2__f_clk/A (sky130_fd_sc_hd__clkbuf_16)
     7    0.02    0.04    0.14    0.31 ^ clkbuf_2_2__f_clk/X (sky130_fd_sc_hd__clkbuf_16)
                                         clknet_2_2__leaf_clk (net)
                  0.04    0.00    0.31 ^ _351_/CLK (sky130_fd_sc_hd__dfrtp_2)
                          0.25    0.56   clock uncertainty
                         -0.03    0.53   clock reconvergence pessimism
                         -0.04    0.49   library hold time
                                  0.49   data required time
-----------------------------------------------------------------------------
                                  0.49   data required time
                                 -0.74   data arrival time
-----------------------------------------------------------------------------
                                  0.25   slack (MET)


Startpoint: _345_ (rising edge-triggered flip-flop clocked by clk)
Endpoint: _345_ (rising edge-triggered flip-flop clocked by clk)
Path Group: clk
Path Type: min

Fanout     Cap    Slew   Delay    Time   Description
-----------------------------------------------------------------------------
                          0.00    0.00   clock clk (rise edge)
                          0.00    0.00   clock source latency
     1    0.01    0.04    0.03    0.03 ^ clk (in)
                                         clk (net)
                  0.04    0.00    0.03 ^ clkbuf_0_clk/A (sky130_fd_sc_hd__clkbuf_16)
     4    0.03    0.05    0.13    0.15 ^ clkbuf_0_clk/X (sky130_fd_sc_hd__clkbuf_16)
                                         clknet_0_clk (net)
                  0.05    0.00    0.15 ^ clkbuf_2_3__f_clk/A (sky130_fd_sc_hd__clkbuf_16)
     8    0.02    0.04    0.12    0.28 ^ clkbuf_2_3__f_clk/X (sky130_fd_sc_hd__clkbuf_16)
                                         clknet_2_3__leaf_clk (net)
                  0.04    0.00    0.28 ^ _345_/CLK (sky130_fd_sc_hd__dfrtp_2)
     3    0.01    0.05    0.38    0.65 v _345_/Q (sky130_fd_sc_hd__dfrtp_2)
                                         one_second_counter[15] (net)
                  0.05    0.00    0.65 v _243_/A (sky130_fd_sc_hd__inv_2)
     1    0.00    0.03    0.05    0.70 ^ _243_/Y (sky130_fd_sc_hd__inv_2)
                                         _125_ (net)
                  0.03    0.00    0.70 ^ _246_/A1 (sky130_fd_sc_hd__a211oi_2)
     1    0.00    0.03    0.04    0.74 v _246_/Y (sky130_fd_sc_hd__a211oi_2)
                                         _006_ (net)
                  0.03    0.00    0.74 v _345_/D (sky130_fd_sc_hd__dfrtp_2)
                                  0.74   data arrival time

                          0.00    0.00   clock clk (rise edge)
                          0.00    0.00   clock source latency
     1    0.01    0.04    0.03    0.03 ^ clk (in)
                                         clk (net)
                  0.04    0.00    0.03 ^ clkbuf_0_clk/A (sky130_fd_sc_hd__clkbuf_16)
     4    0.03    0.05    0.14    0.17 ^ clkbuf_0_clk/X (sky130_fd_sc_hd__clkbuf_16)
                                         clknet_0_clk (net)
                  0.05    0.00    0.17 ^ clkbuf_2_3__f_clk/A (sky130_fd_sc_hd__clkbuf_16)
     8    0.02    0.04    0.14    0.31 ^ clkbuf_2_3__f_clk/X (sky130_fd_sc_hd__clkbuf_16)
                                         clknet_2_3__leaf_clk (net)
                  0.04    0.00    0.31 ^ _345_/CLK (sky130_fd_sc_hd__dfrtp_2)
                          0.25    0.56   clock uncertainty
                         -0.03    0.53   clock reconvergence pessimism
                         -0.04    0.49   library hold time
                                  0.49   data required time
-----------------------------------------------------------------------------
                                  0.49   data required time
                                 -0.74   data arrival time
-----------------------------------------------------------------------------
                                  0.25   slack (MET)


Startpoint: _361_ (rising edge-triggered flip-flop clocked by clk)
Endpoint: _361_ (rising edge-triggered flip-flop clocked by clk)
Path Group: clk
Path Type: min

Fanout     Cap    Slew   Delay    Time   Description
-----------------------------------------------------------------------------
                          0.00    0.00   clock clk (rise edge)
                          0.00    0.00   clock source latency
     1    0.01    0.04    0.03    0.03 ^ clk (in)
                                         clk (net)
                  0.04    0.00    0.03 ^ clkbuf_0_clk/A (sky130_fd_sc_hd__clkbuf_16)
     4    0.03    0.05    0.13    0.15 ^ clkbuf_0_clk/X (sky130_fd_sc_hd__clkbuf_16)
                                         clknet_0_clk (net)
                  0.05    0.00    0.15 ^ clkbuf_2_0__f_clk/A (sky130_fd_sc_hd__clkbuf_16)
     9    0.02    0.04    0.12    0.28 ^ clkbuf_2_0__f_clk/X (sky130_fd_sc_hd__clkbuf_16)
                                         clknet_2_0__leaf_clk (net)
                  0.04    0.00    0.28 ^ _361_/CLK (sky130_fd_sc_hd__dfrtp_4)
     6    0.02    0.09    0.41    0.69 ^ _361_/Q (sky130_fd_sc_hd__dfrtp_4)
                                         decoder.digit[3] (net)
                  0.09    0.00    0.69 ^ _164_/A (sky130_fd_sc_hd__xnor2_1)
     1    0.00    0.03    0.07    0.76 v _164_/Y (sky130_fd_sc_hd__xnor2_1)
                                         _063_ (net)
                  0.03    0.00    0.76 v _361_/D (sky130_fd_sc_hd__dfrtp_4)
                                  0.76   data arrival time

                          0.00    0.00   clock clk (rise edge)
                          0.00    0.00   clock source latency
     1    0.01    0.04    0.03    0.03 ^ clk (in)
                                         clk (net)
                  0.04    0.00    0.03 ^ clkbuf_0_clk/A (sky130_fd_sc_hd__clkbuf_16)
     4    0.03    0.05    0.14    0.17 ^ clkbuf_0_clk/X (sky130_fd_sc_hd__clkbuf_16)
                                         clknet_0_clk (net)
                  0.05    0.00    0.17 ^ clkbuf_2_0__f_clk/A (sky130_fd_sc_hd__clkbuf_16)
     9    0.02    0.04    0.14    0.31 ^ clkbuf_2_0__f_clk/X (sky130_fd_sc_hd__clkbuf_16)
                                         clknet_2_0__leaf_clk (net)
                  0.04    0.00    0.31 ^ _361_/CLK (sky130_fd_sc_hd__dfrtp_4)
                          0.25    0.56   clock uncertainty
                         -0.03    0.53   clock reconvergence pessimism
                         -0.04    0.49   library hold time
                                  0.49   data required time
-----------------------------------------------------------------------------
                                  0.49   data required time
                                 -0.76   data arrival time
-----------------------------------------------------------------------------
                                  0.27   slack (MET)


Startpoint: _357_ (rising edge-triggered flip-flop clocked by clk)
Endpoint: _359_ (rising edge-triggered flip-flop clocked by clk)
Path Group: clk
Path Type: min

Fanout     Cap    Slew   Delay    Time   Description
-----------------------------------------------------------------------------
                          0.00    0.00   clock clk (rise edge)
                          0.00    0.00   clock source latency
     1    0.01    0.04    0.03    0.03 ^ clk (in)
                                         clk (net)
                  0.04    0.00    0.03 ^ clkbuf_0_clk/A (sky130_fd_sc_hd__clkbuf_16)
     4    0.03    0.05    0.13    0.15 ^ clkbuf_0_clk/X (sky130_fd_sc_hd__clkbuf_16)
                                         clknet_0_clk (net)
                  0.05    0.00    0.15 ^ clkbuf_2_2__f_clk/A (sky130_fd_sc_hd__clkbuf_16)
     7    0.02    0.04    0.12    0.28 ^ clkbuf_2_2__f_clk/X (sky130_fd_sc_hd__clkbuf_16)
                                         clknet_2_2__leaf_clk (net)
                  0.04    0.00    0.28 ^ _357_/CLK (sky130_fd_sc_hd__dfrtp_4)
     5    0.01    0.07    0.39    0.66 ^ _357_/Q (sky130_fd_sc_hd__dfrtp_4)
                                         one_second_enable (net)
                  0.07    0.00    0.66 ^ _171_/A1 (sky130_fd_sc_hd__a21oi_1)
     1    0.00    0.03    0.05    0.72 v _171_/Y (sky130_fd_sc_hd__a21oi_1)
                                         _071_ (net)
                  0.03    0.00    0.72 v _172_/B (sky130_fd_sc_hd__nor2_1)
     1    0.00    0.06    0.06    0.78 ^ _172_/Y (sky130_fd_sc_hd__nor2_1)
                                         _061_ (net)
                  0.06    0.00    0.78 ^ _359_/D (sky130_fd_sc_hd__dfrtp_4)
                                  0.78   data arrival time

                          0.00    0.00   clock clk (rise edge)
                          0.00    0.00   clock source latency
     1    0.01    0.04    0.03    0.03 ^ clk (in)
                                         clk (net)
                  0.04    0.00    0.03 ^ clkbuf_0_clk/A (sky130_fd_sc_hd__clkbuf_16)
     4    0.03    0.05    0.14    0.17 ^ clkbuf_0_clk/X (sky130_fd_sc_hd__clkbuf_16)
                                         clknet_0_clk (net)
                  0.05    0.00    0.17 ^ clkbuf_2_0__f_clk/A (sky130_fd_sc_hd__clkbuf_16)
     9    0.02    0.04    0.14    0.31 ^ clkbuf_2_0__f_clk/X (sky130_fd_sc_hd__clkbuf_16)
                                         clknet_2_0__leaf_clk (net)
                  0.04    0.00    0.31 ^ _359_/CLK (sky130_fd_sc_hd__dfrtp_4)
                          0.25    0.56   clock uncertainty
                         -0.02    0.54   clock reconvergence pessimism
                         -0.04    0.50   library hold time
                                  0.50   data required time
-----------------------------------------------------------------------------
                                  0.50   data required time
                                 -0.78   data arrival time
-----------------------------------------------------------------------------
                                  0.28   slack (MET)


Startpoint: _355_ (rising edge-triggered flip-flop clocked by clk)
Endpoint: _356_ (rising edge-triggered flip-flop clocked by clk)
Path Group: clk
Path Type: min

Fanout     Cap    Slew   Delay    Time   Description
-----------------------------------------------------------------------------
                          0.00    0.00   clock clk (rise edge)
                          0.00    0.00   clock source latency
     1    0.01    0.04    0.03    0.03 ^ clk (in)
                                         clk (net)
                  0.04    0.00    0.03 ^ clkbuf_0_clk/A (sky130_fd_sc_hd__clkbuf_16)
     4    0.03    0.05    0.13    0.15 ^ clkbuf_0_clk/X (sky130_fd_sc_hd__clkbuf_16)
                                         clknet_0_clk (net)
                  0.05    0.00    0.15 ^ clkbuf_2_1__f_clk/A (sky130_fd_sc_hd__clkbuf_16)
    11    0.02    0.04    0.12    0.28 ^ clkbuf_2_1__f_clk/X (sky130_fd_sc_hd__clkbuf_16)
                                         clknet_2_1__leaf_clk (net)
                  0.04    0.00    0.28 ^ _355_/CLK (sky130_fd_sc_hd__dfrtp_4)
     4    0.01    0.07    0.39    0.67 ^ _355_/Q (sky130_fd_sc_hd__dfrtp_4)
                                         one_second_counter[25] (net)
                  0.07    0.00    0.67 ^ _284_/A2 (sky130_fd_sc_hd__o211a_1)
     1    0.00    0.04    0.12    0.79 ^ _284_/X (sky130_fd_sc_hd__o211a_1)
                                         _018_ (net)
                  0.04    0.00    0.79 ^ _356_/D (sky130_fd_sc_hd__dfrtp_1)
                                  0.79   data arrival time

                          0.00    0.00   clock clk (rise edge)
                          0.00    0.00   clock source latency
     1    0.01    0.04    0.03    0.03 ^ clk (in)
                                         clk (net)
                  0.04    0.00    0.03 ^ clkbuf_0_clk/A (sky130_fd_sc_hd__clkbuf_16)
     4    0.03    0.05    0.14    0.17 ^ clkbuf_0_clk/X (sky130_fd_sc_hd__clkbuf_16)
                                         clknet_0_clk (net)
                  0.05    0.00    0.17 ^ clkbuf_2_1__f_clk/A (sky130_fd_sc_hd__clkbuf_16)
    11    0.02    0.04    0.14    0.31 ^ clkbuf_2_1__f_clk/X (sky130_fd_sc_hd__clkbuf_16)
                                         clknet_2_1__leaf_clk (net)
                  0.04    0.00    0.31 ^ _356_/CLK (sky130_fd_sc_hd__dfrtp_1)
                          0.25    0.56   clock uncertainty
                         -0.03    0.53   clock reconvergence pessimism
                         -0.03    0.49   library hold time
                                  0.49   data required time
-----------------------------------------------------------------------------
                                  0.49   data required time
                                 -0.79   data arrival time
-----------------------------------------------------------------------------
                                  0.29   slack (MET)


Startpoint: _335_ (rising edge-triggered flip-flop clocked by clk)
Endpoint: _335_ (rising edge-triggered flip-flop clocked by clk)
Path Group: clk
Path Type: min

Fanout     Cap    Slew   Delay    Time   Description
-----------------------------------------------------------------------------
                          0.00    0.00   clock clk (rise edge)
                          0.00    0.00   clock source latency
     1    0.01    0.04    0.03    0.03 ^ clk (in)
                                         clk (net)
                  0.04    0.00    0.03 ^ clkbuf_0_clk/A (sky130_fd_sc_hd__clkbuf_16)
     4    0.03    0.05    0.13    0.15 ^ clkbuf_0_clk/X (sky130_fd_sc_hd__clkbuf_16)
                                         clknet_0_clk (net)
                  0.05    0.00    0.15 ^ clkbuf_2_2__f_clk/A (sky130_fd_sc_hd__clkbuf_16)
     7    0.02    0.04    0.12    0.28 ^ clkbuf_2_2__f_clk/X (sky130_fd_sc_hd__clkbuf_16)
                                         clknet_2_2__leaf_clk (net)
                  0.04    0.00    0.28 ^ _335_/CLK (sky130_fd_sc_hd__dfrtp_2)
     3    0.01    0.05    0.33    0.60 ^ _335_/Q (sky130_fd_sc_hd__dfrtp_2)
                                         one_second_counter[5] (net)
                  0.05    0.00    0.60 ^ _207_/B1 (sky130_fd_sc_hd__a21oi_1)
     1    0.00    0.03    0.03    0.64 v _207_/Y (sky130_fd_sc_hd__a21oi_1)
                                         _099_ (net)
                  0.03    0.00    0.64 v _209_/B (sky130_fd_sc_hd__nor3_1)
     1    0.00    0.13    0.13    0.77 ^ _209_/Y (sky130_fd_sc_hd__nor3_1)
                                         _022_ (net)
                  0.13    0.00    0.77 ^ _335_/D (sky130_fd_sc_hd__dfrtp_2)
                                  0.77   data arrival time

                          0.00    0.00   clock clk (rise edge)
                          0.00    0.00   clock source latency
     1    0.01    0.04    0.03    0.03 ^ clk (in)
                                         clk (net)
                  0.04    0.00    0.03 ^ clkbuf_0_clk/A (sky130_fd_sc_hd__clkbuf_16)
     4    0.03    0.05    0.14    0.17 ^ clkbuf_0_clk/X (sky130_fd_sc_hd__clkbuf_16)
                                         clknet_0_clk (net)
                  0.05    0.00    0.17 ^ clkbuf_2_2__f_clk/A (sky130_fd_sc_hd__clkbuf_16)
     7    0.02    0.04    0.14    0.31 ^ clkbuf_2_2__f_clk/X (sky130_fd_sc_hd__clkbuf_16)
                                         clknet_2_2__leaf_clk (net)
                  0.04    0.00    0.31 ^ _335_/CLK (sky130_fd_sc_hd__dfrtp_2)
                          0.25    0.56   clock uncertainty
                         -0.03    0.53   clock reconvergence pessimism
                         -0.05    0.48   library hold time
                                  0.48   data required time
-----------------------------------------------------------------------------
                                  0.48   data required time
                                 -0.77   data arrival time
-----------------------------------------------------------------------------
                                  0.29   slack (MET)


Startpoint: _339_ (rising edge-triggered flip-flop clocked by clk)
Endpoint: _339_ (rising edge-triggered flip-flop clocked by clk)
Path Group: clk
Path Type: min

Fanout     Cap    Slew   Delay    Time   Description
-----------------------------------------------------------------------------
                          0.00    0.00   clock clk (rise edge)
                          0.00    0.00   clock source latency
     1    0.01    0.04    0.03    0.03 ^ clk (in)
                                         clk (net)
                  0.04    0.00    0.03 ^ clkbuf_0_clk/A (sky130_fd_sc_hd__clkbuf_16)
     4    0.03    0.05    0.13    0.15 ^ clkbuf_0_clk/X (sky130_fd_sc_hd__clkbuf_16)
                                         clknet_0_clk (net)
                  0.05    0.00    0.15 ^ clkbuf_2_0__f_clk/A (sky130_fd_sc_hd__clkbuf_16)
     9    0.02    0.04    0.12    0.28 ^ clkbuf_2_0__f_clk/X (sky130_fd_sc_hd__clkbuf_16)
                                         clknet_2_0__leaf_clk (net)
                  0.04    0.00    0.28 ^ _339_/CLK (sky130_fd_sc_hd__dfrtp_2)
     3    0.01    0.05    0.38    0.66 v _339_/Q (sky130_fd_sc_hd__dfrtp_2)
                                         one_second_counter[9] (net)
                  0.05    0.00    0.66 v _220_/B1 (sky130_fd_sc_hd__a21oi_2)
     1    0.00    0.07    0.09    0.74 ^ _220_/Y (sky130_fd_sc_hd__a21oi_2)
                                         _108_ (net)
                  0.07    0.00    0.74 ^ _222_/B (sky130_fd_sc_hd__nor3_1)
     1    0.00    0.03    0.04    0.79 v _222_/Y (sky130_fd_sc_hd__nor3_1)
                                         _026_ (net)
                  0.03    0.00    0.79 v _339_/D (sky130_fd_sc_hd__dfrtp_2)
                                  0.79   data arrival time

                          0.00    0.00   clock clk (rise edge)
                          0.00    0.00   clock source latency
     1    0.01    0.04    0.03    0.03 ^ clk (in)
                                         clk (net)
                  0.04    0.00    0.03 ^ clkbuf_0_clk/A (sky130_fd_sc_hd__clkbuf_16)
     4    0.03    0.05    0.14    0.17 ^ clkbuf_0_clk/X (sky130_fd_sc_hd__clkbuf_16)
                                         clknet_0_clk (net)
                  0.05    0.00    0.17 ^ clkbuf_2_0__f_clk/A (sky130_fd_sc_hd__clkbuf_16)
     9    0.02    0.04    0.14    0.31 ^ clkbuf_2_0__f_clk/X (sky130_fd_sc_hd__clkbuf_16)
                                         clknet_2_0__leaf_clk (net)
                  0.04    0.00    0.31 ^ _339_/CLK (sky130_fd_sc_hd__dfrtp_2)
                          0.25    0.56   clock uncertainty
                         -0.03    0.53   clock reconvergence pessimism
                         -0.04    0.49   library hold time
                                  0.49   data required time
-----------------------------------------------------------------------------
                                  0.49   data required time
                                 -0.79   data arrival time
-----------------------------------------------------------------------------
                                  0.30   slack (MET)


Startpoint: _347_ (rising edge-triggered flip-flop clocked by clk)
Endpoint: _347_ (rising edge-triggered flip-flop clocked by clk)
Path Group: clk
Path Type: min

Fanout     Cap    Slew   Delay    Time   Description
-----------------------------------------------------------------------------
                          0.00    0.00   clock clk (rise edge)
                          0.00    0.00   clock source latency
     1    0.01    0.04    0.03    0.03 ^ clk (in)
                                         clk (net)
                  0.04    0.00    0.03 ^ clkbuf_0_clk/A (sky130_fd_sc_hd__clkbuf_16)
     4    0.03    0.05    0.13    0.15 ^ clkbuf_0_clk/X (sky130_fd_sc_hd__clkbuf_16)
                                         clknet_0_clk (net)
                  0.05    0.00    0.15 ^ clkbuf_2_1__f_clk/A (sky130_fd_sc_hd__clkbuf_16)
    11    0.02    0.04    0.12    0.28 ^ clkbuf_2_1__f_clk/X (sky130_fd_sc_hd__clkbuf_16)
                                         clknet_2_1__leaf_clk (net)
                  0.04    0.00    0.28 ^ _347_/CLK (sky130_fd_sc_hd__dfrtp_4)
     7    0.02    0.09    0.41    0.68 ^ _347_/Q (sky130_fd_sc_hd__dfrtp_4)
                                         one_second_counter[17] (net)
                  0.09    0.00    0.68 ^ _251_/A (sky130_fd_sc_hd__xor2_1)
     1    0.00    0.03    0.06    0.75 v _251_/X (sky130_fd_sc_hd__xor2_1)
                                         _131_ (net)
                  0.03    0.00    0.75 v _252_/B (sky130_fd_sc_hd__nor2_1)
     1    0.00    0.06    0.06    0.81 ^ _252_/Y (sky130_fd_sc_hd__nor2_1)
                                         _008_ (net)
                  0.06    0.00    0.81 ^ _347_/D (sky130_fd_sc_hd__dfrtp_4)
                                  0.81   data arrival time

                          0.00    0.00   clock clk (rise edge)
                          0.00    0.00   clock source latency
     1    0.01    0.04    0.03    0.03 ^ clk (in)
                                         clk (net)
                  0.04    0.00    0.03 ^ clkbuf_0_clk/A (sky130_fd_sc_hd__clkbuf_16)
     4    0.03    0.05    0.14    0.17 ^ clkbuf_0_clk/X (sky130_fd_sc_hd__clkbuf_16)
                                         clknet_0_clk (net)
                  0.05    0.00    0.17 ^ clkbuf_2_1__f_clk/A (sky130_fd_sc_hd__clkbuf_16)
    11    0.02    0.04    0.14    0.31 ^ clkbuf_2_1__f_clk/X (sky130_fd_sc_hd__clkbuf_16)
                                         clknet_2_1__leaf_clk (net)
                  0.04    0.00    0.31 ^ _347_/CLK (sky130_fd_sc_hd__dfrtp_4)
                          0.25    0.56   clock uncertainty
                         -0.03    0.53   clock reconvergence pessimism
                         -0.04    0.49   library hold time
                                  0.49   data required time
-----------------------------------------------------------------------------
                                  0.49   data required time
                                 -0.81   data arrival time
-----------------------------------------------------------------------------
                                  0.32   slack (MET)


Startpoint: _341_ (rising edge-triggered flip-flop clocked by clk)
Endpoint: _341_ (rising edge-triggered flip-flop clocked by clk)
Path Group: clk
Path Type: min

Fanout     Cap    Slew   Delay    Time   Description
-----------------------------------------------------------------------------
                          0.00    0.00   clock clk (rise edge)
                          0.00    0.00   clock source latency
     1    0.01    0.04    0.03    0.03 ^ clk (in)
                                         clk (net)
                  0.04    0.00    0.03 ^ clkbuf_0_clk/A (sky130_fd_sc_hd__clkbuf_16)
     4    0.03    0.05    0.13    0.15 ^ clkbuf_0_clk/X (sky130_fd_sc_hd__clkbuf_16)
                                         clknet_0_clk (net)
                  0.05    0.00    0.15 ^ clkbuf_2_0__f_clk/A (sky130_fd_sc_hd__clkbuf_16)
     9    0.02    0.04    0.12    0.28 ^ clkbuf_2_0__f_clk/X (sky130_fd_sc_hd__clkbuf_16)
                                         clknet_2_0__leaf_clk (net)
                  0.04    0.00    0.28 ^ _341_/CLK (sky130_fd_sc_hd__dfrtp_4)
     4    0.01    0.06    0.38    0.66 ^ _341_/Q (sky130_fd_sc_hd__dfrtp_4)
                                         one_second_counter[11] (net)
                  0.06    0.00    0.66 ^ _227_/B1 (sky130_fd_sc_hd__a21oi_2)
     1    0.00    0.02    0.03    0.69 v _227_/Y (sky130_fd_sc_hd__a21oi_2)
                                         _113_ (net)
                  0.02    0.00    0.69 v _229_/B (sky130_fd_sc_hd__nor3_1)
     1    0.00    0.13    0.13    0.82 ^ _229_/Y (sky130_fd_sc_hd__nor3_1)
                                         _002_ (net)
                  0.13    0.00    0.82 ^ _341_/D (sky130_fd_sc_hd__dfrtp_4)
                                  0.82   data arrival time

                          0.00    0.00   clock clk (rise edge)
                          0.00    0.00   clock source latency
     1    0.01    0.04    0.03    0.03 ^ clk (in)
                                         clk (net)
                  0.04    0.00    0.03 ^ clkbuf_0_clk/A (sky130_fd_sc_hd__clkbuf_16)
     4    0.03    0.05    0.14    0.17 ^ clkbuf_0_clk/X (sky130_fd_sc_hd__clkbuf_16)
                                         clknet_0_clk (net)
                  0.05    0.00    0.17 ^ clkbuf_2_0__f_clk/A (sky130_fd_sc_hd__clkbuf_16)
     9    0.02    0.04    0.14    0.31 ^ clkbuf_2_0__f_clk/X (sky130_fd_sc_hd__clkbuf_16)
                                         clknet_2_0__leaf_clk (net)
                  0.04    0.00    0.31 ^ _341_/CLK (sky130_fd_sc_hd__dfrtp_4)
                          0.25    0.56   clock uncertainty
                         -0.03    0.53   clock reconvergence pessimism
                         -0.05    0.47   library hold time
                                  0.47   data required time
-----------------------------------------------------------------------------
                                  0.47   data required time
                                 -0.82   data arrival time
-----------------------------------------------------------------------------
                                  0.35   slack (MET)


Startpoint: _354_ (rising edge-triggered flip-flop clocked by clk)
Endpoint: _354_ (rising edge-triggered flip-flop clocked by clk)
Path Group: clk
Path Type: min

Fanout     Cap    Slew   Delay    Time   Description
-----------------------------------------------------------------------------
                          0.00    0.00   clock clk (rise edge)
                          0.00    0.00   clock source latency
     1    0.01    0.04    0.03    0.03 ^ clk (in)
                                         clk (net)
                  0.04    0.00    0.03 ^ clkbuf_0_clk/A (sky130_fd_sc_hd__clkbuf_16)
     4    0.03    0.05    0.13    0.15 ^ clkbuf_0_clk/X (sky130_fd_sc_hd__clkbuf_16)
                                         clknet_0_clk (net)
                  0.05    0.00    0.15 ^ clkbuf_2_3__f_clk/A (sky130_fd_sc_hd__clkbuf_16)
     8    0.02    0.04    0.12    0.28 ^ clkbuf_2_3__f_clk/X (sky130_fd_sc_hd__clkbuf_16)
                                         clknet_2_3__leaf_clk (net)
                  0.04    0.00    0.28 ^ _354_/CLK (sky130_fd_sc_hd__dfrtp_4)
     3    0.01    0.06    0.38    0.66 ^ _354_/Q (sky130_fd_sc_hd__dfrtp_4)
                                         one_second_counter[24] (net)
                  0.06    0.00    0.66 ^ _276_/B1 (sky130_fd_sc_hd__a21oi_1)
     1    0.00    0.03    0.04    0.69 v _276_/Y (sky130_fd_sc_hd__a21oi_1)
                                         _149_ (net)
                  0.03    0.00    0.69 v _278_/B (sky130_fd_sc_hd__nor3_1)
     1    0.00    0.13    0.13    0.83 ^ _278_/Y (sky130_fd_sc_hd__nor3_1)
                                         _016_ (net)
                  0.13    0.00    0.83 ^ _354_/D (sky130_fd_sc_hd__dfrtp_4)
                                  0.83   data arrival time

                          0.00    0.00   clock clk (rise edge)
                          0.00    0.00   clock source latency
     1    0.01    0.04    0.03    0.03 ^ clk (in)
                                         clk (net)
                  0.04    0.00    0.03 ^ clkbuf_0_clk/A (sky130_fd_sc_hd__clkbuf_16)
     4    0.03    0.05    0.14    0.17 ^ clkbuf_0_clk/X (sky130_fd_sc_hd__clkbuf_16)
                                         clknet_0_clk (net)
                  0.05    0.00    0.17 ^ clkbuf_2_3__f_clk/A (sky130_fd_sc_hd__clkbuf_16)
     8    0.02    0.04    0.14    0.31 ^ clkbuf_2_3__f_clk/X (sky130_fd_sc_hd__clkbuf_16)
                                         clknet_2_3__leaf_clk (net)
                  0.04    0.00    0.31 ^ _354_/CLK (sky130_fd_sc_hd__dfrtp_4)
                          0.25    0.56   clock uncertainty
                         -0.03    0.53   clock reconvergence pessimism
                         -0.05    0.47   library hold time
                                  0.47   data required time
-----------------------------------------------------------------------------
                                  0.47   data required time
                                 -0.83   data arrival time
-----------------------------------------------------------------------------
                                  0.35   slack (MET)


Startpoint: _333_ (rising edge-triggered flip-flop clocked by clk)
Endpoint: _333_ (rising edge-triggered flip-flop clocked by clk)
Path Group: clk
Path Type: min

Fanout     Cap    Slew   Delay    Time   Description
-----------------------------------------------------------------------------
                          0.00    0.00   clock clk (rise edge)
                          0.00    0.00   clock source latency
     1    0.01    0.04    0.03    0.03 ^ clk (in)
                                         clk (net)
                  0.04    0.00    0.03 ^ clkbuf_0_clk/A (sky130_fd_sc_hd__clkbuf_16)
     4    0.03    0.05    0.13    0.15 ^ clkbuf_0_clk/X (sky130_fd_sc_hd__clkbuf_16)
                                         clknet_0_clk (net)
                  0.05    0.00    0.15 ^ clkbuf_2_3__f_clk/A (sky130_fd_sc_hd__clkbuf_16)
     8    0.02    0.04    0.12    0.28 ^ clkbuf_2_3__f_clk/X (sky130_fd_sc_hd__clkbuf_16)
                                         clknet_2_3__leaf_clk (net)
                  0.04    0.00    0.28 ^ _333_/CLK (sky130_fd_sc_hd__dfrtp_1)
     2    0.00    0.06    0.31    0.58 ^ _333_/Q (sky130_fd_sc_hd__dfrtp_1)
                                         one_second_counter[3] (net)
                  0.06    0.00    0.58 ^ _199_/B1 (sky130_fd_sc_hd__a31o_1)
     1    0.00    0.03    0.08    0.66 ^ _199_/X (sky130_fd_sc_hd__a31o_1)
                                         _093_ (net)
                  0.03    0.00    0.66 ^ _200_/C (sky130_fd_sc_hd__and3b_1)
     1    0.00    0.05    0.13    0.80 ^ _200_/X (sky130_fd_sc_hd__and3b_1)
                                         _094_ (net)
                  0.05    0.00    0.80 ^ _201_/A (sky130_fd_sc_hd__clkbuf_1)
     1    0.00    0.04    0.07    0.87 ^ _201_/X (sky130_fd_sc_hd__clkbuf_1)
                                         _020_ (net)
                  0.04    0.00    0.87 ^ _333_/D (sky130_fd_sc_hd__dfrtp_1)
                                  0.87   data arrival time

                          0.00    0.00   clock clk (rise edge)
                          0.00    0.00   clock source latency
     1    0.01    0.04    0.03    0.03 ^ clk (in)
                                         clk (net)
                  0.04    0.00    0.03 ^ clkbuf_0_clk/A (sky130_fd_sc_hd__clkbuf_16)
     4    0.03    0.05    0.14    0.17 ^ clkbuf_0_clk/X (sky130_fd_sc_hd__clkbuf_16)
                                         clknet_0_clk (net)
                  0.05    0.00    0.17 ^ clkbuf_2_3__f_clk/A (sky130_fd_sc_hd__clkbuf_16)
     8    0.02    0.04    0.14    0.31 ^ clkbuf_2_3__f_clk/X (sky130_fd_sc_hd__clkbuf_16)
                                         clknet_2_3__leaf_clk (net)
                  0.04    0.00    0.31 ^ _333_/CLK (sky130_fd_sc_hd__dfrtp_1)
                          0.25    0.56   clock uncertainty
                         -0.03    0.53   clock reconvergence pessimism
                         -0.03    0.49   library hold time
                                  0.49   data required time
-----------------------------------------------------------------------------
                                  0.49   data required time
                                 -0.87   data arrival time
-----------------------------------------------------------------------------
                                  0.37   slack (MET)


Startpoint: _344_ (rising edge-triggered flip-flop clocked by clk)
Endpoint: _344_ (rising edge-triggered flip-flop clocked by clk)
Path Group: clk
Path Type: min

Fanout     Cap    Slew   Delay    Time   Description
-----------------------------------------------------------------------------
                          0.00    0.00   clock clk (rise edge)
                          0.00    0.00   clock source latency
     1    0.01    0.04    0.03    0.03 ^ clk (in)
                                         clk (net)
                  0.04    0.00    0.03 ^ clkbuf_0_clk/A (sky130_fd_sc_hd__clkbuf_16)
     4    0.03    0.05    0.13    0.15 ^ clkbuf_0_clk/X (sky130_fd_sc_hd__clkbuf_16)
                                         clknet_0_clk (net)
                  0.05    0.00    0.15 ^ clkbuf_2_1__f_clk/A (sky130_fd_sc_hd__clkbuf_16)
    11    0.02    0.04    0.12    0.28 ^ clkbuf_2_1__f_clk/X (sky130_fd_sc_hd__clkbuf_16)
                                         clknet_2_1__leaf_clk (net)
                  0.04    0.00    0.28 ^ _344_/CLK (sky130_fd_sc_hd__dfrtp_1)
     3    0.01    0.09    0.33    0.61 ^ _344_/Q (sky130_fd_sc_hd__dfrtp_1)
                                         one_second_counter[14] (net)
                  0.09    0.00    0.61 ^ _238_/A (sky130_fd_sc_hd__inv_2)
     2    0.00    0.02    0.03    0.64 v _238_/Y (sky130_fd_sc_hd__inv_2)
                                         _121_ (net)
                  0.02    0.00    0.64 v _239_/A (sky130_fd_sc_hd__nand2_1)
     2    0.00    0.03    0.04    0.68 ^ _239_/Y (sky130_fd_sc_hd__nand2_1)
                                         _122_ (net)
                  0.03    0.00    0.68 ^ _241_/B (sky130_fd_sc_hd__and3_1)
     1    0.00    0.05    0.13    0.81 ^ _241_/X (sky130_fd_sc_hd__and3_1)
                                         _124_ (net)
                  0.05    0.00    0.81 ^ _242_/A (sky130_fd_sc_hd__clkbuf_1)
     1    0.00    0.04    0.07    0.88 ^ _242_/X (sky130_fd_sc_hd__clkbuf_1)
                                         _005_ (net)
                  0.04    0.00    0.88 ^ _344_/D (sky130_fd_sc_hd__dfrtp_1)
                                  0.88   data arrival time

                          0.00    0.00   clock clk (rise edge)
                          0.00    0.00   clock source latency
     1    0.01    0.04    0.03    0.03 ^ clk (in)
                                         clk (net)
                  0.04    0.00    0.03 ^ clkbuf_0_clk/A (sky130_fd_sc_hd__clkbuf_16)
     4    0.03    0.05    0.14    0.17 ^ clkbuf_0_clk/X (sky130_fd_sc_hd__clkbuf_16)
                                         clknet_0_clk (net)
                  0.05    0.00    0.17 ^ clkbuf_2_1__f_clk/A (sky130_fd_sc_hd__clkbuf_16)
    11    0.02    0.04    0.14    0.31 ^ clkbuf_2_1__f_clk/X (sky130_fd_sc_hd__clkbuf_16)
                                         clknet_2_1__leaf_clk (net)
                  0.04    0.00    0.31 ^ _344_/CLK (sky130_fd_sc_hd__dfrtp_1)
                          0.25    0.56   clock uncertainty
                         -0.03    0.53   clock reconvergence pessimism
                         -0.03    0.49   library hold time
                                  0.49   data required time
-----------------------------------------------------------------------------
                                  0.49   data required time
                                 -0.88   data arrival time
-----------------------------------------------------------------------------
                                  0.38   slack (MET)


Startpoint: _336_ (rising edge-triggered flip-flop clocked by clk)
Endpoint: _336_ (rising edge-triggered flip-flop clocked by clk)
Path Group: clk
Path Type: min

Fanout     Cap    Slew   Delay    Time   Description
-----------------------------------------------------------------------------
                          0.00    0.00   clock clk (rise edge)
                          0.00    0.00   clock source latency
     1    0.01    0.04    0.03    0.03 ^ clk (in)
                                         clk (net)
                  0.04    0.00    0.03 ^ clkbuf_0_clk/A (sky130_fd_sc_hd__clkbuf_16)
     4    0.03    0.05    0.13    0.15 ^ clkbuf_0_clk/X (sky130_fd_sc_hd__clkbuf_16)
                                         clknet_0_clk (net)
                  0.05    0.00    0.15 ^ clkbuf_2_1__f_clk/A (sky130_fd_sc_hd__clkbuf_16)
    11    0.02    0.04    0.12    0.28 ^ clkbuf_2_1__f_clk/X (sky130_fd_sc_hd__clkbuf_16)
                                         clknet_2_1__leaf_clk (net)
                  0.04    0.00    0.28 ^ _336_/CLK (sky130_fd_sc_hd__dfrtp_2)
     3    0.01    0.05    0.33    0.60 ^ _336_/Q (sky130_fd_sc_hd__dfrtp_2)
                                         one_second_counter[6] (net)
                  0.05    0.00    0.60 ^ _210_/A (sky130_fd_sc_hd__or2_1)
     1    0.00    0.03    0.08    0.68 ^ _210_/X (sky130_fd_sc_hd__or2_1)
                                         _101_ (net)
                  0.03    0.00    0.68 ^ _212_/B (sky130_fd_sc_hd__and3_1)
     1    0.00    0.05    0.12    0.81 ^ _212_/X (sky130_fd_sc_hd__and3_1)
                                         _103_ (net)
                  0.05    0.00    0.81 ^ _213_/A (sky130_fd_sc_hd__buf_1)
     1    0.00    0.04    0.07    0.88 ^ _213_/X (sky130_fd_sc_hd__buf_1)
                                         _023_ (net)
                  0.04    0.00    0.88 ^ _336_/D (sky130_fd_sc_hd__dfrtp_2)
                                  0.88   data arrival time

                          0.00    0.00   clock clk (rise edge)
                          0.00    0.00   clock source latency
     1    0.01    0.04    0.03    0.03 ^ clk (in)
                                         clk (net)
                  0.04    0.00    0.03 ^ clkbuf_0_clk/A (sky130_fd_sc_hd__clkbuf_16)
     4    0.03    0.05    0.14    0.17 ^ clkbuf_0_clk/X (sky130_fd_sc_hd__clkbuf_16)
                                         clknet_0_clk (net)
                  0.05    0.00    0.17 ^ clkbuf_2_1__f_clk/A (sky130_fd_sc_hd__clkbuf_16)
    11    0.02    0.04    0.14    0.31 ^ clkbuf_2_1__f_clk/X (sky130_fd_sc_hd__clkbuf_16)
                                         clknet_2_1__leaf_clk (net)
                  0.04    0.00    0.31 ^ _336_/CLK (sky130_fd_sc_hd__dfrtp_2)
                          0.25    0.56   clock uncertainty
                         -0.03    0.53   clock reconvergence pessimism
                         -0.03    0.49   library hold time
                                  0.49   data required time
-----------------------------------------------------------------------------
                                  0.49   data required time
                                 -0.88   data arrival time
-----------------------------------------------------------------------------
                                  0.38   slack (MET)


Startpoint: _348_ (rising edge-triggered flip-flop clocked by clk)
Endpoint: _348_ (rising edge-triggered flip-flop clocked by clk)
Path Group: clk
Path Type: min

Fanout     Cap    Slew   Delay    Time   Description
-----------------------------------------------------------------------------
                          0.00    0.00   clock clk (rise edge)
                          0.00    0.00   clock source latency
     1    0.01    0.04    0.03    0.03 ^ clk (in)
                                         clk (net)
                  0.04    0.00    0.03 ^ clkbuf_0_clk/A (sky130_fd_sc_hd__clkbuf_16)
     4    0.03    0.05    0.13    0.15 ^ clkbuf_0_clk/X (sky130_fd_sc_hd__clkbuf_16)
                                         clknet_0_clk (net)
                  0.05    0.00    0.15 ^ clkbuf_2_0__f_clk/A (sky130_fd_sc_hd__clkbuf_16)
     9    0.02    0.04    0.12    0.28 ^ clkbuf_2_0__f_clk/X (sky130_fd_sc_hd__clkbuf_16)
                                         clknet_2_0__leaf_clk (net)
                  0.04    0.00    0.28 ^ _348_/CLK (sky130_fd_sc_hd__dfrtp_4)
     6    0.01    0.07    0.39    0.67 ^ _348_/Q (sky130_fd_sc_hd__dfrtp_4)
                                         one_second_counter[18] (net)
                  0.07    0.00    0.67 ^ _254_/B1 (sky130_fd_sc_hd__a31o_1)
     1    0.00    0.04    0.09    0.76 ^ _254_/X (sky130_fd_sc_hd__a31o_1)
                                         _133_ (net)
                  0.04    0.00    0.76 ^ _255_/B1 (sky130_fd_sc_hd__o211a_1)
     1    0.00    0.04    0.12    0.88 ^ _255_/X (sky130_fd_sc_hd__o211a_1)
                                         _009_ (net)
                  0.04    0.00    0.88 ^ _348_/D (sky130_fd_sc_hd__dfrtp_4)
                                  0.88   data arrival time

                          0.00    0.00   clock clk (rise edge)
                          0.00    0.00   clock source latency
     1    0.01    0.04    0.03    0.03 ^ clk (in)
                                         clk (net)
                  0.04    0.00    0.03 ^ clkbuf_0_clk/A (sky130_fd_sc_hd__clkbuf_16)
     4    0.03    0.05    0.14    0.17 ^ clkbuf_0_clk/X (sky130_fd_sc_hd__clkbuf_16)
                                         clknet_0_clk (net)
                  0.05    0.00    0.17 ^ clkbuf_2_0__f_clk/A (sky130_fd_sc_hd__clkbuf_16)
     9    0.02    0.04    0.14    0.31 ^ clkbuf_2_0__f_clk/X (sky130_fd_sc_hd__clkbuf_16)
                                         clknet_2_0__leaf_clk (net)
                  0.04    0.00    0.31 ^ _348_/CLK (sky130_fd_sc_hd__dfrtp_4)
                          0.25    0.56   clock uncertainty
                         -0.03    0.53   clock reconvergence pessimism
                         -0.03    0.49   library hold time
                                  0.49   data required time
-----------------------------------------------------------------------------
                                  0.49   data required time
                                 -0.88   data arrival time
-----------------------------------------------------------------------------
                                  0.39   slack (MET)


Startpoint: _343_ (rising edge-triggered flip-flop clocked by clk)
Endpoint: _343_ (rising edge-triggered flip-flop clocked by clk)
Path Group: clk
Path Type: min

Fanout     Cap    Slew   Delay    Time   Description
-----------------------------------------------------------------------------
                          0.00    0.00   clock clk (rise edge)
                          0.00    0.00   clock source latency
     1    0.01    0.04    0.03    0.03 ^ clk (in)
                                         clk (net)
                  0.04    0.00    0.03 ^ clkbuf_0_clk/A (sky130_fd_sc_hd__clkbuf_16)
     4    0.03    0.05    0.13    0.15 ^ clkbuf_0_clk/X (sky130_fd_sc_hd__clkbuf_16)
                                         clknet_0_clk (net)
                  0.05    0.00    0.15 ^ clkbuf_2_0__f_clk/A (sky130_fd_sc_hd__clkbuf_16)
     9    0.02    0.04    0.12    0.28 ^ clkbuf_2_0__f_clk/X (sky130_fd_sc_hd__clkbuf_16)
                                         clknet_2_0__leaf_clk (net)
                  0.04    0.00    0.28 ^ _343_/CLK (sky130_fd_sc_hd__dfrtp_1)
     4    0.01    0.09    0.33    0.61 ^ _343_/Q (sky130_fd_sc_hd__dfrtp_1)
                                         one_second_counter[13] (net)
                  0.09    0.00    0.61 ^ _234_/B1 (sky130_fd_sc_hd__a21o_1)
     1    0.00    0.03    0.08    0.69 ^ _234_/X (sky130_fd_sc_hd__a21o_1)
                                         _118_ (net)
                  0.03    0.00    0.69 ^ _236_/B (sky130_fd_sc_hd__and3_1)
     1    0.00    0.05    0.12    0.81 ^ _236_/X (sky130_fd_sc_hd__and3_1)
                                         _120_ (net)
                  0.05    0.00    0.81 ^ _237_/A (sky130_fd_sc_hd__clkbuf_1)
     1    0.00    0.04    0.07    0.88 ^ _237_/X (sky130_fd_sc_hd__clkbuf_1)
                                         _004_ (net)
                  0.04    0.00    0.88 ^ _343_/D (sky130_fd_sc_hd__dfrtp_1)
                                  0.88   data arrival time

                          0.00    0.00   clock clk (rise edge)
                          0.00    0.00   clock source latency
     1    0.01    0.04    0.03    0.03 ^ clk (in)
                                         clk (net)
                  0.04    0.00    0.03 ^ clkbuf_0_clk/A (sky130_fd_sc_hd__clkbuf_16)
     4    0.03    0.05    0.14    0.17 ^ clkbuf_0_clk/X (sky130_fd_sc_hd__clkbuf_16)
                                         clknet_0_clk (net)
                  0.05    0.00    0.17 ^ clkbuf_2_0__f_clk/A (sky130_fd_sc_hd__clkbuf_16)
     9    0.02    0.04    0.14    0.31 ^ clkbuf_2_0__f_clk/X (sky130_fd_sc_hd__clkbuf_16)
                                         clknet_2_0__leaf_clk (net)
                  0.04    0.00    0.31 ^ _343_/CLK (sky130_fd_sc_hd__dfrtp_1)
                          0.25    0.56   clock uncertainty
                         -0.03    0.53   clock reconvergence pessimism
                         -0.03    0.49   library hold time
                                  0.49   data required time
-----------------------------------------------------------------------------
                                  0.49   data required time
                                 -0.88   data arrival time
-----------------------------------------------------------------------------
                                  0.39   slack (MET)


Startpoint: _350_ (rising edge-triggered flip-flop clocked by clk)
Endpoint: _350_ (rising edge-triggered flip-flop clocked by clk)
Path Group: clk
Path Type: min

Fanout     Cap    Slew   Delay    Time   Description
-----------------------------------------------------------------------------
                          0.00    0.00   clock clk (rise edge)
                          0.00    0.00   clock source latency
     1    0.01    0.04    0.03    0.03 ^ clk (in)
                                         clk (net)
                  0.04    0.00    0.03 ^ clkbuf_0_clk/A (sky130_fd_sc_hd__clkbuf_16)
     4    0.03    0.05    0.13    0.15 ^ clkbuf_0_clk/X (sky130_fd_sc_hd__clkbuf_16)
                                         clknet_0_clk (net)
                  0.05    0.00    0.15 ^ clkbuf_2_3__f_clk/A (sky130_fd_sc_hd__clkbuf_16)
     8    0.02    0.04    0.12    0.28 ^ clkbuf_2_3__f_clk/X (sky130_fd_sc_hd__clkbuf_16)
                                         clknet_2_3__leaf_clk (net)
                  0.04    0.00    0.28 ^ _350_/CLK (sky130_fd_sc_hd__dfrtp_2)
     4    0.01    0.06    0.33    0.61 ^ _350_/Q (sky130_fd_sc_hd__dfrtp_2)
                                         one_second_counter[20] (net)
                  0.06    0.00    0.61 ^ _262_/A (sky130_fd_sc_hd__or2_1)
     1    0.00    0.03    0.08    0.69 ^ _262_/X (sky130_fd_sc_hd__or2_1)
                                         _139_ (net)
                  0.03    0.00    0.69 ^ _264_/B (sky130_fd_sc_hd__and3_1)
     1    0.00    0.05    0.12    0.82 ^ _264_/X (sky130_fd_sc_hd__and3_1)
                                         _141_ (net)
                  0.05    0.00    0.82 ^ _265_/A (sky130_fd_sc_hd__clkbuf_1)
     1    0.00    0.04    0.07    0.89 ^ _265_/X (sky130_fd_sc_hd__clkbuf_1)
                                         _012_ (net)
                  0.04    0.00    0.89 ^ _350_/D (sky130_fd_sc_hd__dfrtp_2)
                                  0.89   data arrival time

                          0.00    0.00   clock clk (rise edge)
                          0.00    0.00   clock source latency
     1    0.01    0.04    0.03    0.03 ^ clk (in)
                                         clk (net)
                  0.04    0.00    0.03 ^ clkbuf_0_clk/A (sky130_fd_sc_hd__clkbuf_16)
     4    0.03    0.05    0.14    0.17 ^ clkbuf_0_clk/X (sky130_fd_sc_hd__clkbuf_16)
                                         clknet_0_clk (net)
                  0.05    0.00    0.17 ^ clkbuf_2_3__f_clk/A (sky130_fd_sc_hd__clkbuf_16)
     8    0.02    0.04    0.14    0.31 ^ clkbuf_2_3__f_clk/X (sky130_fd_sc_hd__clkbuf_16)
                                         clknet_2_3__leaf_clk (net)
                  0.04    0.00    0.31 ^ _350_/CLK (sky130_fd_sc_hd__dfrtp_2)
                          0.25    0.56   clock uncertainty
                         -0.03    0.53   clock reconvergence pessimism
                         -0.03    0.49   library hold time
                                  0.49   data required time
-----------------------------------------------------------------------------
                                  0.49   data required time
                                 -0.89   data arrival time
-----------------------------------------------------------------------------
                                  0.39   slack (MET)


Startpoint: _349_ (rising edge-triggered flip-flop clocked by clk)
Endpoint: _349_ (rising edge-triggered flip-flop clocked by clk)
Path Group: clk
Path Type: min

Fanout     Cap    Slew   Delay    Time   Description
-----------------------------------------------------------------------------
                          0.00    0.00   clock clk (rise edge)
                          0.00    0.00   clock source latency
     1    0.01    0.04    0.03    0.03 ^ clk (in)
                                         clk (net)
                  0.04    0.00    0.03 ^ clkbuf_0_clk/A (sky130_fd_sc_hd__clkbuf_16)
     4    0.03    0.05    0.13    0.15 ^ clkbuf_0_clk/X (sky130_fd_sc_hd__clkbuf_16)
                                         clknet_0_clk (net)
                  0.05    0.00    0.15 ^ clkbuf_2_3__f_clk/A (sky130_fd_sc_hd__clkbuf_16)
     8    0.02    0.04    0.12    0.28 ^ clkbuf_2_3__f_clk/X (sky130_fd_sc_hd__clkbuf_16)
                                         clknet_2_3__leaf_clk (net)
                  0.04    0.00    0.28 ^ _349_/CLK (sky130_fd_sc_hd__dfrtp_2)
     4    0.01    0.06    0.34    0.62 ^ _349_/Q (sky130_fd_sc_hd__dfrtp_2)
                                         one_second_counter[19] (net)
                  0.06    0.00    0.62 ^ _256_/B1 (sky130_fd_sc_hd__a41o_1)
     1    0.00    0.03    0.08    0.69 ^ _256_/X (sky130_fd_sc_hd__a41o_1)
                                         _134_ (net)
                  0.03    0.00    0.69 ^ _260_/B (sky130_fd_sc_hd__and3_1)
     1    0.00    0.05    0.12    0.82 ^ _260_/X (sky130_fd_sc_hd__and3_1)
                                         _138_ (net)
                  0.05    0.00    0.82 ^ _261_/A (sky130_fd_sc_hd__buf_1)
     1    0.00    0.04    0.07    0.89 ^ _261_/X (sky130_fd_sc_hd__buf_1)
                                         _010_ (net)
                  0.04    0.00    0.89 ^ _349_/D (sky130_fd_sc_hd__dfrtp_2)
                                  0.89   data arrival time

                          0.00    0.00   clock clk (rise edge)
                          0.00    0.00   clock source latency
     1    0.01    0.04    0.03    0.03 ^ clk (in)
                                         clk (net)
                  0.04    0.00    0.03 ^ clkbuf_0_clk/A (sky130_fd_sc_hd__clkbuf_16)
     4    0.03    0.05    0.14    0.17 ^ clkbuf_0_clk/X (sky130_fd_sc_hd__clkbuf_16)
                                         clknet_0_clk (net)
                  0.05    0.00    0.17 ^ clkbuf_2_3__f_clk/A (sky130_fd_sc_hd__clkbuf_16)
     8    0.02    0.04    0.14    0.31 ^ clkbuf_2_3__f_clk/X (sky130_fd_sc_hd__clkbuf_16)
                                         clknet_2_3__leaf_clk (net)
                  0.04    0.00    0.31 ^ _349_/CLK (sky130_fd_sc_hd__dfrtp_2)
                          0.25    0.56   clock uncertainty
                         -0.03    0.53   clock reconvergence pessimism
                         -0.03    0.49   library hold time
                                  0.49   data required time
-----------------------------------------------------------------------------
                                  0.49   data required time
                                 -0.89   data arrival time
-----------------------------------------------------------------------------
                                  0.39   slack (MET)


Startpoint: _342_ (rising edge-triggered flip-flop clocked by clk)
Endpoint: _342_ (rising edge-triggered flip-flop clocked by clk)
Path Group: clk
Path Type: min

Fanout     Cap    Slew   Delay    Time   Description
-----------------------------------------------------------------------------
                          0.00    0.00   clock clk (rise edge)
                          0.00    0.00   clock source latency
     1    0.01    0.04    0.03    0.03 ^ clk (in)
                                         clk (net)
                  0.04    0.00    0.03 ^ clkbuf_0_clk/A (sky130_fd_sc_hd__clkbuf_16)
     4    0.03    0.05    0.13    0.15 ^ clkbuf_0_clk/X (sky130_fd_sc_hd__clkbuf_16)
                                         clknet_0_clk (net)
                  0.05    0.00    0.15 ^ clkbuf_2_1__f_clk/A (sky130_fd_sc_hd__clkbuf_16)
    11    0.02    0.04    0.12    0.28 ^ clkbuf_2_1__f_clk/X (sky130_fd_sc_hd__clkbuf_16)
                                         clknet_2_1__leaf_clk (net)
                  0.04    0.00    0.28 ^ _342_/CLK (sky130_fd_sc_hd__dfrtp_2)
     5    0.01    0.07    0.35    0.62 ^ _342_/Q (sky130_fd_sc_hd__dfrtp_2)
                                         one_second_counter[12] (net)
                  0.07    0.00    0.62 ^ _231_/A (sky130_fd_sc_hd__nand2_1)
     1    0.00    0.03    0.04    0.66 v _231_/Y (sky130_fd_sc_hd__nand2_1)
                                         _116_ (net)
                  0.03    0.00    0.66 v _232_/C (sky130_fd_sc_hd__and3_1)
     1    0.00    0.03    0.15    0.82 v _232_/X (sky130_fd_sc_hd__and3_1)
                                         _117_ (net)
                  0.03    0.00    0.82 v _233_/A (sky130_fd_sc_hd__buf_1)
     1    0.00    0.02    0.07    0.89 v _233_/X (sky130_fd_sc_hd__buf_1)
                                         _003_ (net)
                  0.02    0.00    0.89 v _342_/D (sky130_fd_sc_hd__dfrtp_2)
                                  0.89   data arrival time

                          0.00    0.00   clock clk (rise edge)
                          0.00    0.00   clock source latency
     1    0.01    0.04    0.03    0.03 ^ clk (in)
                                         clk (net)
                  0.04    0.00    0.03 ^ clkbuf_0_clk/A (sky130_fd_sc_hd__clkbuf_16)
     4    0.03    0.05    0.14    0.17 ^ clkbuf_0_clk/X (sky130_fd_sc_hd__clkbuf_16)
                                         clknet_0_clk (net)
                  0.05    0.00    0.17 ^ clkbuf_2_1__f_clk/A (sky130_fd_sc_hd__clkbuf_16)
    11    0.02    0.04    0.14    0.31 ^ clkbuf_2_1__f_clk/X (sky130_fd_sc_hd__clkbuf_16)
                                         clknet_2_1__leaf_clk (net)
                  0.04    0.00    0.31 ^ _342_/CLK (sky130_fd_sc_hd__dfrtp_2)
                          0.25    0.56   clock uncertainty
                         -0.03    0.53   clock reconvergence pessimism
                         -0.03    0.49   library hold time
                                  0.49   data required time
-----------------------------------------------------------------------------
                                  0.49   data required time
                                 -0.89   data arrival time
-----------------------------------------------------------------------------
                                  0.40   slack (MET)


Startpoint: _352_ (rising edge-triggered flip-flop clocked by clk)
Endpoint: _352_ (rising edge-triggered flip-flop clocked by clk)
Path Group: clk
Path Type: min

Fanout     Cap    Slew   Delay    Time   Description
-----------------------------------------------------------------------------
                          0.00    0.00   clock clk (rise edge)
                          0.00    0.00   clock source latency
     1    0.01    0.04    0.03    0.03 ^ clk (in)
                                         clk (net)
                  0.04    0.00    0.03 ^ clkbuf_0_clk/A (sky130_fd_sc_hd__clkbuf_16)
     4    0.03    0.05    0.13    0.15 ^ clkbuf_0_clk/X (sky130_fd_sc_hd__clkbuf_16)
                                         clknet_0_clk (net)
                  0.05    0.00    0.15 ^ clkbuf_2_0__f_clk/A (sky130_fd_sc_hd__clkbuf_16)
     9    0.02    0.04    0.12    0.28 ^ clkbuf_2_0__f_clk/X (sky130_fd_sc_hd__clkbuf_16)
                                         clknet_2_0__leaf_clk (net)
                  0.04    0.00    0.28 ^ _352_/CLK (sky130_fd_sc_hd__dfrtp_1)
     3    0.01    0.08    0.33    0.61 ^ _352_/Q (sky130_fd_sc_hd__dfrtp_1)
                                         one_second_counter[22] (net)
                  0.08    0.00    0.61 ^ _269_/A (sky130_fd_sc_hd__or2_1)
     1    0.00    0.03    0.09    0.70 ^ _269_/X (sky130_fd_sc_hd__or2_1)
                                         _144_ (net)
                  0.03    0.00    0.70 ^ _271_/B (sky130_fd_sc_hd__and3_1)
     1    0.00    0.05    0.12    0.82 ^ _271_/X (sky130_fd_sc_hd__and3_1)
                                         _146_ (net)
                  0.05    0.00    0.82 ^ _272_/A (sky130_fd_sc_hd__buf_1)
     1    0.00    0.04    0.07    0.89 ^ _272_/X (sky130_fd_sc_hd__buf_1)
                                         _014_ (net)
                  0.04    0.00    0.89 ^ _352_/D (sky130_fd_sc_hd__dfrtp_1)
                                  0.89   data arrival time

                          0.00    0.00   clock clk (rise edge)
                          0.00    0.00   clock source latency
     1    0.01    0.04    0.03    0.03 ^ clk (in)
                                         clk (net)
                  0.04    0.00    0.03 ^ clkbuf_0_clk/A (sky130_fd_sc_hd__clkbuf_16)
     4    0.03    0.05    0.14    0.17 ^ clkbuf_0_clk/X (sky130_fd_sc_hd__clkbuf_16)
                                         clknet_0_clk (net)
                  0.05    0.00    0.17 ^ clkbuf_2_0__f_clk/A (sky130_fd_sc_hd__clkbuf_16)
     9    0.02    0.04    0.14    0.31 ^ clkbuf_2_0__f_clk/X (sky130_fd_sc_hd__clkbuf_16)
                                         clknet_2_0__leaf_clk (net)
                  0.04    0.00    0.31 ^ _352_/CLK (sky130_fd_sc_hd__dfrtp_1)
                          0.25    0.56   clock uncertainty
                         -0.03    0.53   clock reconvergence pessimism
                         -0.03    0.49   library hold time
                                  0.49   data required time
-----------------------------------------------------------------------------
                                  0.49   data required time
                                 -0.89   data arrival time
-----------------------------------------------------------------------------
                                  0.40   slack (MET)


Startpoint: _330_ (rising edge-triggered flip-flop clocked by clk)
Endpoint: _331_ (rising edge-triggered flip-flop clocked by clk)
Path Group: clk
Path Type: min

Fanout     Cap    Slew   Delay    Time   Description
-----------------------------------------------------------------------------
                          0.00    0.00   clock clk (rise edge)
                          0.00    0.00   clock source latency
     1    0.01    0.04    0.03    0.03 ^ clk (in)
                                         clk (net)
                  0.04    0.00    0.03 ^ clkbuf_0_clk/A (sky130_fd_sc_hd__clkbuf_16)
     4    0.03    0.05    0.13    0.15 ^ clkbuf_0_clk/X (sky130_fd_sc_hd__clkbuf_16)
                                         clknet_0_clk (net)
                  0.05    0.00    0.15 ^ clkbuf_2_1__f_clk/A (sky130_fd_sc_hd__clkbuf_16)
    11    0.02    0.04    0.12    0.28 ^ clkbuf_2_1__f_clk/X (sky130_fd_sc_hd__clkbuf_16)
                                         clknet_2_1__leaf_clk (net)
                  0.04    0.00    0.28 ^ _330_/CLK (sky130_fd_sc_hd__dfrtp_4)
     7    0.02    0.08    0.40    0.68 ^ _330_/Q (sky130_fd_sc_hd__dfrtp_4)
                                         one_second_counter[0] (net)
                  0.08    0.00    0.68 ^ _191_/B (sky130_fd_sc_hd__nand2_1)
     1    0.00    0.03    0.05    0.73 v _191_/Y (sky130_fd_sc_hd__nand2_1)
                                         _087_ (net)
                  0.03    0.00    0.73 v _193_/A (sky130_fd_sc_hd__and3_1)
     1    0.00    0.03    0.12    0.85 v _193_/X (sky130_fd_sc_hd__and3_1)
                                         _089_ (net)
                  0.03    0.00    0.85 v _194_/A (sky130_fd_sc_hd__clkbuf_1)
     1    0.00    0.02    0.07    0.92 v _194_/X (sky130_fd_sc_hd__clkbuf_1)
                                         _011_ (net)
                  0.02    0.00    0.92 v _331_/D (sky130_fd_sc_hd__dfrtp_4)
                                  0.92   data arrival time

                          0.00    0.00   clock clk (rise edge)
                          0.00    0.00   clock source latency
     1    0.01    0.04    0.03    0.03 ^ clk (in)
                                         clk (net)
                  0.04    0.00    0.03 ^ clkbuf_0_clk/A (sky130_fd_sc_hd__clkbuf_16)
     4    0.03    0.05    0.14    0.17 ^ clkbuf_0_clk/X (sky130_fd_sc_hd__clkbuf_16)
                                         clknet_0_clk (net)
                  0.05    0.00    0.17 ^ clkbuf_2_2__f_clk/A (sky130_fd_sc_hd__clkbuf_16)
     7    0.02    0.04    0.14    0.31 ^ clkbuf_2_2__f_clk/X (sky130_fd_sc_hd__clkbuf_16)
                                         clknet_2_2__leaf_clk (net)
                  0.04    0.00    0.31 ^ _331_/CLK (sky130_fd_sc_hd__dfrtp_4)
                          0.25    0.56   clock uncertainty
                         -0.02    0.54   clock reconvergence pessimism
                         -0.03    0.51   library hold time
                                  0.51   data required time
-----------------------------------------------------------------------------
                                  0.51   data required time
                                 -0.92   data arrival time
-----------------------------------------------------------------------------
                                  0.41   slack (MET)


Startpoint: _332_ (rising edge-triggered flip-flop clocked by clk)
Endpoint: _332_ (rising edge-triggered flip-flop clocked by clk)
Path Group: clk
Path Type: min

Fanout     Cap    Slew   Delay    Time   Description
-----------------------------------------------------------------------------
                          0.00    0.00   clock clk (rise edge)
                          0.00    0.00   clock source latency
     1    0.01    0.04    0.03    0.03 ^ clk (in)
                                         clk (net)
                  0.04    0.00    0.03 ^ clkbuf_0_clk/A (sky130_fd_sc_hd__clkbuf_16)
     4    0.03    0.05    0.13    0.15 ^ clkbuf_0_clk/X (sky130_fd_sc_hd__clkbuf_16)
                                         clknet_0_clk (net)
                  0.05    0.00    0.15 ^ clkbuf_2_1__f_clk/A (sky130_fd_sc_hd__clkbuf_16)
    11    0.02    0.04    0.12    0.28 ^ clkbuf_2_1__f_clk/X (sky130_fd_sc_hd__clkbuf_16)
                                         clknet_2_1__leaf_clk (net)
                  0.04    0.00    0.28 ^ _332_/CLK (sky130_fd_sc_hd__dfrtp_4)
     4    0.01    0.06    0.38    0.66 ^ _332_/Q (sky130_fd_sc_hd__dfrtp_4)
                                         one_second_counter[2] (net)
                  0.06    0.00    0.66 ^ _195_/A (sky130_fd_sc_hd__nand3_1)
     1    0.00    0.04    0.05    0.71 v _195_/Y (sky130_fd_sc_hd__nand3_1)
                                         _090_ (net)
                  0.04    0.00    0.71 v _197_/A (sky130_fd_sc_hd__and3_1)
     1    0.00    0.03    0.13    0.84 v _197_/X (sky130_fd_sc_hd__and3_1)
                                         _092_ (net)
                  0.03    0.00    0.84 v _198_/A (sky130_fd_sc_hd__buf_1)
     1    0.00    0.02    0.07    0.91 v _198_/X (sky130_fd_sc_hd__buf_1)
                                         _019_ (net)
                  0.02    0.00    0.91 v _332_/D (sky130_fd_sc_hd__dfrtp_4)
                                  0.91   data arrival time

                          0.00    0.00   clock clk (rise edge)
                          0.00    0.00   clock source latency
     1    0.01    0.04    0.03    0.03 ^ clk (in)
                                         clk (net)
                  0.04    0.00    0.03 ^ clkbuf_0_clk/A (sky130_fd_sc_hd__clkbuf_16)
     4    0.03    0.05    0.14    0.17 ^ clkbuf_0_clk/X (sky130_fd_sc_hd__clkbuf_16)
                                         clknet_0_clk (net)
                  0.05    0.00    0.17 ^ clkbuf_2_1__f_clk/A (sky130_fd_sc_hd__clkbuf_16)
    11    0.02    0.04    0.14    0.31 ^ clkbuf_2_1__f_clk/X (sky130_fd_sc_hd__clkbuf_16)
                                         clknet_2_1__leaf_clk (net)
                  0.04    0.00    0.31 ^ _332_/CLK (sky130_fd_sc_hd__dfrtp_4)
                          0.25    0.56   clock uncertainty
                         -0.03    0.53   clock reconvergence pessimism
                         -0.03    0.49   library hold time
                                  0.49   data required time
-----------------------------------------------------------------------------
                                  0.49   data required time
                                 -0.91   data arrival time
-----------------------------------------------------------------------------
                                  0.42   slack (MET)


Startpoint: _334_ (rising edge-triggered flip-flop clocked by clk)
Endpoint: _334_ (rising edge-triggered flip-flop clocked by clk)
Path Group: clk
Path Type: min

Fanout     Cap    Slew   Delay    Time   Description
-----------------------------------------------------------------------------
                          0.00    0.00   clock clk (rise edge)
                          0.00    0.00   clock source latency
     1    0.01    0.04    0.03    0.03 ^ clk (in)
                                         clk (net)
                  0.04    0.00    0.03 ^ clkbuf_0_clk/A (sky130_fd_sc_hd__clkbuf_16)
     4    0.03    0.05    0.13    0.15 ^ clkbuf_0_clk/X (sky130_fd_sc_hd__clkbuf_16)
                                         clknet_0_clk (net)
                  0.05    0.00    0.15 ^ clkbuf_2_1__f_clk/A (sky130_fd_sc_hd__clkbuf_16)
    11    0.02    0.04    0.12    0.28 ^ clkbuf_2_1__f_clk/X (sky130_fd_sc_hd__clkbuf_16)
                                         clknet_2_1__leaf_clk (net)
                  0.04    0.00    0.28 ^ _334_/CLK (sky130_fd_sc_hd__dfrtp_4)
     5    0.01    0.07    0.38    0.66 ^ _334_/Q (sky130_fd_sc_hd__dfrtp_4)
                                         one_second_counter[4] (net)
                  0.07    0.00    0.66 ^ _203_/A (sky130_fd_sc_hd__nand2_1)
     1    0.00    0.03    0.04    0.70 v _203_/Y (sky130_fd_sc_hd__nand2_1)
                                         _096_ (net)
                  0.03    0.00    0.70 v _205_/B (sky130_fd_sc_hd__and3_1)
     1    0.00    0.03    0.14    0.84 v _205_/X (sky130_fd_sc_hd__and3_1)
                                         _098_ (net)
                  0.03    0.00    0.84 v _206_/A (sky130_fd_sc_hd__clkbuf_1)
     1    0.00    0.02    0.07    0.91 v _206_/X (sky130_fd_sc_hd__clkbuf_1)
                                         _021_ (net)
                  0.02    0.00    0.91 v _334_/D (sky130_fd_sc_hd__dfrtp_4)
                                  0.91   data arrival time

                          0.00    0.00   clock clk (rise edge)
                          0.00    0.00   clock source latency
     1    0.01    0.04    0.03    0.03 ^ clk (in)
                                         clk (net)
                  0.04    0.00    0.03 ^ clkbuf_0_clk/A (sky130_fd_sc_hd__clkbuf_16)
     4    0.03    0.05    0.14    0.17 ^ clkbuf_0_clk/X (sky130_fd_sc_hd__clkbuf_16)
                                         clknet_0_clk (net)
                  0.05    0.00    0.17 ^ clkbuf_2_1__f_clk/A (sky130_fd_sc_hd__clkbuf_16)
    11    0.02    0.04    0.14    0.31 ^ clkbuf_2_1__f_clk/X (sky130_fd_sc_hd__clkbuf_16)
                                         clknet_2_1__leaf_clk (net)
                  0.04    0.00    0.31 ^ _334_/CLK (sky130_fd_sc_hd__dfrtp_4)
                          0.25    0.56   clock uncertainty
                         -0.03    0.53   clock reconvergence pessimism
                         -0.03    0.49   library hold time
                                  0.49   data required time
-----------------------------------------------------------------------------
                                  0.49   data required time
                                 -0.91   data arrival time
-----------------------------------------------------------------------------
                                  0.42   slack (MET)


Startpoint: _355_ (rising edge-triggered flip-flop clocked by clk)
Endpoint: _355_ (rising edge-triggered flip-flop clocked by clk)
Path Group: clk
Path Type: min

Fanout     Cap    Slew   Delay    Time   Description
-----------------------------------------------------------------------------
                          0.00    0.00   clock clk (rise edge)
                          0.00    0.00   clock source latency
     1    0.01    0.04    0.03    0.03 ^ clk (in)
                                         clk (net)
                  0.04    0.00    0.03 ^ clkbuf_0_clk/A (sky130_fd_sc_hd__clkbuf_16)
     4    0.03    0.05    0.13    0.15 ^ clkbuf_0_clk/X (sky130_fd_sc_hd__clkbuf_16)
                                         clknet_0_clk (net)
                  0.05    0.00    0.15 ^ clkbuf_2_1__f_clk/A (sky130_fd_sc_hd__clkbuf_16)
    11    0.02    0.04    0.12    0.28 ^ clkbuf_2_1__f_clk/X (sky130_fd_sc_hd__clkbuf_16)
                                         clknet_2_1__leaf_clk (net)
                  0.04    0.00    0.28 ^ _355_/CLK (sky130_fd_sc_hd__dfrtp_4)
     4    0.01    0.07    0.39    0.67 ^ _355_/Q (sky130_fd_sc_hd__dfrtp_4)
                                         one_second_counter[25] (net)
                  0.07    0.00    0.67 ^ _280_/A (sky130_fd_sc_hd__nand2_1)
     1    0.00    0.03    0.04    0.71 v _280_/Y (sky130_fd_sc_hd__nand2_1)
                                         _152_ (net)
                  0.03    0.00    0.71 v _281_/C (sky130_fd_sc_hd__and3_1)
     1    0.00    0.03    0.15    0.86 v _281_/X (sky130_fd_sc_hd__and3_1)
                                         _153_ (net)
                  0.03    0.00    0.86 v _282_/A (sky130_fd_sc_hd__clkbuf_1)
     1    0.00    0.02    0.07    0.93 v _282_/X (sky130_fd_sc_hd__clkbuf_1)
                                         _017_ (net)
                  0.02    0.00    0.93 v _355_/D (sky130_fd_sc_hd__dfrtp_4)
                                  0.93   data arrival time

                          0.00    0.00   clock clk (rise edge)
                          0.00    0.00   clock source latency
     1    0.01    0.04    0.03    0.03 ^ clk (in)
                                         clk (net)
                  0.04    0.00    0.03 ^ clkbuf_0_clk/A (sky130_fd_sc_hd__clkbuf_16)
     4    0.03    0.05    0.14    0.17 ^ clkbuf_0_clk/X (sky130_fd_sc_hd__clkbuf_16)
                                         clknet_0_clk (net)
                  0.05    0.00    0.17 ^ clkbuf_2_1__f_clk/A (sky130_fd_sc_hd__clkbuf_16)
    11    0.02    0.04    0.14    0.31 ^ clkbuf_2_1__f_clk/X (sky130_fd_sc_hd__clkbuf_16)
                                         clknet_2_1__leaf_clk (net)
                  0.04    0.00    0.31 ^ _355_/CLK (sky130_fd_sc_hd__dfrtp_4)
                          0.25    0.56   clock uncertainty
                         -0.03    0.53   clock reconvergence pessimism
                         -0.03    0.49   library hold time
                                  0.49   data required time
-----------------------------------------------------------------------------
                                  0.49   data required time
                                 -0.93   data arrival time
-----------------------------------------------------------------------------
                                  0.44   slack (MET)


Startpoint: _340_ (rising edge-triggered flip-flop clocked by clk)
Endpoint: _340_ (rising edge-triggered flip-flop clocked by clk)
Path Group: clk
Path Type: min

Fanout     Cap    Slew   Delay    Time   Description
-----------------------------------------------------------------------------
                          0.00    0.00   clock clk (rise edge)
                          0.00    0.00   clock source latency
     1    0.01    0.04    0.03    0.03 ^ clk (in)
                                         clk (net)
                  0.04    0.00    0.03 ^ clkbuf_0_clk/A (sky130_fd_sc_hd__clkbuf_16)
     4    0.03    0.05    0.13    0.15 ^ clkbuf_0_clk/X (sky130_fd_sc_hd__clkbuf_16)
                                         clknet_0_clk (net)
                  0.05    0.00    0.15 ^ clkbuf_2_0__f_clk/A (sky130_fd_sc_hd__clkbuf_16)
     9    0.02    0.04    0.12    0.28 ^ clkbuf_2_0__f_clk/X (sky130_fd_sc_hd__clkbuf_16)
                                         clknet_2_0__leaf_clk (net)
                  0.04    0.00    0.28 ^ _340_/CLK (sky130_fd_sc_hd__dfrtp_4)
     6    0.01    0.08    0.40    0.67 ^ _340_/Q (sky130_fd_sc_hd__dfrtp_4)
                                         one_second_counter[10] (net)
                  0.08    0.00    0.67 ^ _224_/A (sky130_fd_sc_hd__nand2_1)
     1    0.00    0.03    0.04    0.71 v _224_/Y (sky130_fd_sc_hd__nand2_1)
                                         _111_ (net)
                  0.03    0.00    0.71 v _225_/C (sky130_fd_sc_hd__and3_1)
     1    0.00    0.03    0.15    0.87 v _225_/X (sky130_fd_sc_hd__and3_1)
                                         _112_ (net)
                  0.03    0.00    0.87 v _226_/A (sky130_fd_sc_hd__buf_1)
     1    0.00    0.02    0.07    0.94 v _226_/X (sky130_fd_sc_hd__buf_1)
                                         _001_ (net)
                  0.02    0.00    0.94 v _340_/D (sky130_fd_sc_hd__dfrtp_4)
                                  0.94   data arrival time

                          0.00    0.00   clock clk (rise edge)
                          0.00    0.00   clock source latency
     1    0.01    0.04    0.03    0.03 ^ clk (in)
                                         clk (net)
                  0.04    0.00    0.03 ^ clkbuf_0_clk/A (sky130_fd_sc_hd__clkbuf_16)
     4    0.03    0.05    0.14    0.17 ^ clkbuf_0_clk/X (sky130_fd_sc_hd__clkbuf_16)
                                         clknet_0_clk (net)
                  0.05    0.00    0.17 ^ clkbuf_2_0__f_clk/A (sky130_fd_sc_hd__clkbuf_16)
     9    0.02    0.04    0.14    0.31 ^ clkbuf_2_0__f_clk/X (sky130_fd_sc_hd__clkbuf_16)
                                         clknet_2_0__leaf_clk (net)
                  0.04    0.00    0.31 ^ _340_/CLK (sky130_fd_sc_hd__dfrtp_4)
                          0.25    0.56   clock uncertainty
                         -0.03    0.53   clock reconvergence pessimism
                         -0.03    0.49   library hold time
                                  0.49   data required time
-----------------------------------------------------------------------------
                                  0.49   data required time
                                 -0.94   data arrival time
-----------------------------------------------------------------------------
                                  0.45   slack (MET)


Startpoint: _338_ (rising edge-triggered flip-flop clocked by clk)
Endpoint: _338_ (rising edge-triggered flip-flop clocked by clk)
Path Group: clk
Path Type: min

Fanout     Cap    Slew   Delay    Time   Description
-----------------------------------------------------------------------------
                          0.00    0.00   clock clk (rise edge)
                          0.00    0.00   clock source latency
     1    0.01    0.04    0.03    0.03 ^ clk (in)
                                         clk (net)
                  0.04    0.00    0.03 ^ clkbuf_0_clk/A (sky130_fd_sc_hd__clkbuf_16)
     4    0.03    0.05    0.13    0.15 ^ clkbuf_0_clk/X (sky130_fd_sc_hd__clkbuf_16)
                                         clknet_0_clk (net)
                  0.05    0.00    0.15 ^ clkbuf_2_3__f_clk/A (sky130_fd_sc_hd__clkbuf_16)
     8    0.02    0.04    0.12    0.28 ^ clkbuf_2_3__f_clk/X (sky130_fd_sc_hd__clkbuf_16)
                                         clknet_2_3__leaf_clk (net)
                  0.04    0.00    0.28 ^ _338_/CLK (sky130_fd_sc_hd__dfrtp_4)
     5    0.01    0.08    0.40    0.67 ^ _338_/Q (sky130_fd_sc_hd__dfrtp_4)
                                         one_second_counter[8] (net)
                  0.08    0.00    0.67 ^ _217_/A (sky130_fd_sc_hd__nand2_1)
     1    0.00    0.03    0.04    0.71 v _217_/Y (sky130_fd_sc_hd__nand2_1)
                                         _106_ (net)
                  0.03    0.00    0.71 v _218_/C (sky130_fd_sc_hd__and3_1)
     1    0.00    0.03    0.15    0.87 v _218_/X (sky130_fd_sc_hd__and3_1)
                                         _107_ (net)
                  0.03    0.00    0.87 v _219_/A (sky130_fd_sc_hd__clkbuf_1)
     1    0.00    0.02    0.07    0.94 v _219_/X (sky130_fd_sc_hd__clkbuf_1)
                                         _025_ (net)
                  0.02    0.00    0.94 v _338_/D (sky130_fd_sc_hd__dfrtp_4)
                                  0.94   data arrival time

                          0.00    0.00   clock clk (rise edge)
                          0.00    0.00   clock source latency
     1    0.01    0.04    0.03    0.03 ^ clk (in)
                                         clk (net)
                  0.04    0.00    0.03 ^ clkbuf_0_clk/A (sky130_fd_sc_hd__clkbuf_16)
     4    0.03    0.05    0.14    0.17 ^ clkbuf_0_clk/X (sky130_fd_sc_hd__clkbuf_16)
                                         clknet_0_clk (net)
                  0.05    0.00    0.17 ^ clkbuf_2_3__f_clk/A (sky130_fd_sc_hd__clkbuf_16)
     8    0.02    0.04    0.14    0.31 ^ clkbuf_2_3__f_clk/X (sky130_fd_sc_hd__clkbuf_16)
                                         clknet_2_3__leaf_clk (net)
                  0.04    0.00    0.31 ^ _338_/CLK (sky130_fd_sc_hd__dfrtp_4)
                          0.25    0.56   clock uncertainty
                         -0.03    0.53   clock reconvergence pessimism
                         -0.03    0.49   library hold time
                                  0.49   data required time
-----------------------------------------------------------------------------
                                  0.49   data required time
                                 -0.94   data arrival time
-----------------------------------------------------------------------------
                                  0.45   slack (MET)


Startpoint: _346_ (rising edge-triggered flip-flop clocked by clk)
Endpoint: _346_ (rising edge-triggered flip-flop clocked by clk)
Path Group: clk
Path Type: min

Fanout     Cap    Slew   Delay    Time   Description
-----------------------------------------------------------------------------
                          0.00    0.00   clock clk (rise edge)
                          0.00    0.00   clock source latency
     1    0.01    0.04    0.03    0.03 ^ clk (in)
                                         clk (net)
                  0.04    0.00    0.03 ^ clkbuf_0_clk/A (sky130_fd_sc_hd__clkbuf_16)
     4    0.03    0.05    0.13    0.15 ^ clkbuf_0_clk/X (sky130_fd_sc_hd__clkbuf_16)
                                         clknet_0_clk (net)
                  0.05    0.00    0.15 ^ clkbuf_2_2__f_clk/A (sky130_fd_sc_hd__clkbuf_16)
     7    0.02    0.04    0.12    0.28 ^ clkbuf_2_2__f_clk/X (sky130_fd_sc_hd__clkbuf_16)
                                         clknet_2_2__leaf_clk (net)
                  0.04    0.00    0.28 ^ _346_/CLK (sky130_fd_sc_hd__dfrtp_4)
     6    0.01    0.07    0.39    0.67 ^ _346_/Q (sky130_fd_sc_hd__dfrtp_4)
                                         one_second_counter[16] (net)
                  0.07    0.00    0.67 ^ _247_/A (sky130_fd_sc_hd__or2_1)
     1    0.00    0.03    0.09    0.76 ^ _247_/X (sky130_fd_sc_hd__or2_1)
                                         _128_ (net)
                  0.03    0.00    0.76 ^ _249_/B (sky130_fd_sc_hd__and3_1)
     1    0.00    0.05    0.12    0.88 ^ _249_/X (sky130_fd_sc_hd__and3_1)
                                         _130_ (net)
                  0.05    0.00    0.88 ^ _250_/A (sky130_fd_sc_hd__clkbuf_1)
     1    0.00    0.04    0.07    0.95 ^ _250_/X (sky130_fd_sc_hd__clkbuf_1)
                                         _007_ (net)
                  0.04    0.00    0.95 ^ _346_/D (sky130_fd_sc_hd__dfrtp_4)
                                  0.95   data arrival time

                          0.00    0.00   clock clk (rise edge)
                          0.00    0.00   clock source latency
     1    0.01    0.04    0.03    0.03 ^ clk (in)
                                         clk (net)
                  0.04    0.00    0.03 ^ clkbuf_0_clk/A (sky130_fd_sc_hd__clkbuf_16)
     4    0.03    0.05    0.14    0.17 ^ clkbuf_0_clk/X (sky130_fd_sc_hd__clkbuf_16)
                                         clknet_0_clk (net)
                  0.05    0.00    0.17 ^ clkbuf_2_2__f_clk/A (sky130_fd_sc_hd__clkbuf_16)
     7    0.02    0.04    0.14    0.31 ^ clkbuf_2_2__f_clk/X (sky130_fd_sc_hd__clkbuf_16)
                                         clknet_2_2__leaf_clk (net)
                  0.04    0.00    0.31 ^ _346_/CLK (sky130_fd_sc_hd__dfrtp_4)
                          0.25    0.56   clock uncertainty
                         -0.03    0.53   clock reconvergence pessimism
                         -0.03    0.49   library hold time
                                  0.49   data required time
-----------------------------------------------------------------------------
                                  0.49   data required time
                                 -0.95   data arrival time
-----------------------------------------------------------------------------
                                  0.46   slack (MET)


Startpoint: _360_ (rising edge-triggered flip-flop clocked by clk)
Endpoint: _360_ (rising edge-triggered flip-flop clocked by clk)
Path Group: clk
Path Type: min

Fanout     Cap    Slew   Delay    Time   Description
-----------------------------------------------------------------------------
                          0.00    0.00   clock clk (rise edge)
                          0.00    0.00   clock source latency
     1    0.01    0.04    0.03    0.03 ^ clk (in)
                                         clk (net)
                  0.04    0.00    0.03 ^ clkbuf_0_clk/A (sky130_fd_sc_hd__clkbuf_16)
     4    0.03    0.05    0.13    0.15 ^ clkbuf_0_clk/X (sky130_fd_sc_hd__clkbuf_16)
                                         clknet_0_clk (net)
                  0.05    0.00    0.15 ^ clkbuf_2_3__f_clk/A (sky130_fd_sc_hd__clkbuf_16)
     8    0.02    0.04    0.12    0.28 ^ clkbuf_2_3__f_clk/X (sky130_fd_sc_hd__clkbuf_16)
                                         clknet_2_3__leaf_clk (net)
                  0.04    0.00    0.28 ^ _360_/CLK (sky130_fd_sc_hd__dfrtp_4)
     6    0.02    0.09    0.41    0.68 ^ _360_/Q (sky130_fd_sc_hd__dfrtp_4)
                                         decoder.digit[2] (net)
                  0.09    0.00    0.68 ^ _163_/A (sky130_fd_sc_hd__nand2_1)
     2    0.01    0.05    0.07    0.75 v _163_/Y (sky130_fd_sc_hd__nand2_1)
                                         _065_ (net)
                  0.05    0.00    0.75 v _169_/A (sky130_fd_sc_hd__and2_1)
     1    0.00    0.03    0.12    0.88 v _169_/X (sky130_fd_sc_hd__and2_1)
                                         _070_ (net)
                  0.03    0.00    0.88 v _170_/A (sky130_fd_sc_hd__clkbuf_1)
     1    0.00    0.02    0.07    0.95 v _170_/X (sky130_fd_sc_hd__clkbuf_1)
                                         _062_ (net)
                  0.02    0.00    0.95 v _360_/D (sky130_fd_sc_hd__dfrtp_4)
                                  0.95   data arrival time

                          0.00    0.00   clock clk (rise edge)
                          0.00    0.00   clock source latency
     1    0.01    0.04    0.03    0.03 ^ clk (in)
                                         clk (net)
                  0.04    0.00    0.03 ^ clkbuf_0_clk/A (sky130_fd_sc_hd__clkbuf_16)
     4    0.03    0.05    0.14    0.17 ^ clkbuf_0_clk/X (sky130_fd_sc_hd__clkbuf_16)
                                         clknet_0_clk (net)
                  0.05    0.00    0.17 ^ clkbuf_2_3__f_clk/A (sky130_fd_sc_hd__clkbuf_16)
     8    0.02    0.04    0.14    0.31 ^ clkbuf_2_3__f_clk/X (sky130_fd_sc_hd__clkbuf_16)
                                         clknet_2_3__leaf_clk (net)
                  0.04    0.00    0.31 ^ _360_/CLK (sky130_fd_sc_hd__dfrtp_4)
                          0.25    0.56   clock uncertainty
                         -0.03    0.53   clock reconvergence pessimism
                         -0.03    0.49   library hold time
                                  0.49   data required time
-----------------------------------------------------------------------------
                                  0.49   data required time
                                 -0.95   data arrival time
-----------------------------------------------------------------------------
                                  0.46   slack (MET)


Startpoint: _356_ (rising edge-triggered flip-flop clocked by clk)
Endpoint: _357_ (rising edge-triggered flip-flop clocked by clk)
Path Group: clk
Path Type: min

Fanout     Cap    Slew   Delay    Time   Description
-----------------------------------------------------------------------------
                          0.00    0.00   clock clk (rise edge)
                          0.00    0.00   clock source latency
     1    0.01    0.04    0.03    0.03 ^ clk (in)
                                         clk (net)
                  0.04    0.00    0.03 ^ clkbuf_0_clk/A (sky130_fd_sc_hd__clkbuf_16)
     4    0.03    0.05    0.13    0.15 ^ clkbuf_0_clk/X (sky130_fd_sc_hd__clkbuf_16)
                                         clknet_0_clk (net)
                  0.05    0.00    0.15 ^ clkbuf_2_1__f_clk/A (sky130_fd_sc_hd__clkbuf_16)
    11    0.02    0.04    0.12    0.28 ^ clkbuf_2_1__f_clk/X (sky130_fd_sc_hd__clkbuf_16)
                                         clknet_2_1__leaf_clk (net)
                  0.04    0.00    0.28 ^ _356_/CLK (sky130_fd_sc_hd__dfrtp_1)
     2    0.00    0.05    0.30    0.58 ^ _356_/Q (sky130_fd_sc_hd__dfrtp_1)
                                         one_second_counter[26] (net)
                  0.05    0.00    0.58 ^ _187_/B1_N (sky130_fd_sc_hd__a21bo_2)
     9    0.02    0.07    0.24    0.82 v _187_/X (sky130_fd_sc_hd__a21bo_2)
                                         _085_ (net)
                  0.07    0.00    0.82 v _188_/A (sky130_fd_sc_hd__inv_2)
     2    0.01    0.04    0.05    0.87 ^ _188_/Y (sky130_fd_sc_hd__inv_2)
                                         _086_ (net)
                  0.04    0.00    0.87 ^ _189_/A (sky130_fd_sc_hd__buf_4)
    10    0.03    0.10    0.14    1.01 ^ _189_/X (sky130_fd_sc_hd__buf_4)
                                         _027_ (net)
                  0.10    0.00    1.01 ^ _357_/D (sky130_fd_sc_hd__dfrtp_4)
                                  1.01   data arrival time

                          0.00    0.00   clock clk (rise edge)
                          0.00    0.00   clock source latency
     1    0.01    0.04    0.03    0.03 ^ clk (in)
                                         clk (net)
                  0.04    0.00    0.03 ^ clkbuf_0_clk/A (sky130_fd_sc_hd__clkbuf_16)
     4    0.03    0.05    0.14    0.17 ^ clkbuf_0_clk/X (sky130_fd_sc_hd__clkbuf_16)
                                         clknet_0_clk (net)
                  0.05    0.00    0.17 ^ clkbuf_2_2__f_clk/A (sky130_fd_sc_hd__clkbuf_16)
     7    0.02    0.04    0.14    0.31 ^ clkbuf_2_2__f_clk/X (sky130_fd_sc_hd__clkbuf_16)
                                         clknet_2_2__leaf_clk (net)
                  0.04    0.00    0.31 ^ _357_/CLK (sky130_fd_sc_hd__dfrtp_4)
                          0.25    0.56   clock uncertainty
                         -0.02    0.54   clock reconvergence pessimism
                         -0.05    0.49   library hold time
                                  0.49   data required time
-----------------------------------------------------------------------------
                                  0.49   data required time
                                 -1.01   data arrival time
-----------------------------------------------------------------------------
                                  0.52   slack (MET)


Startpoint: rst (input port clocked by clk)
Endpoint: _361_ (removal check against rising-edge clock clk)
Path Group: asynchronous
Path Type: min

Fanout     Cap    Slew   Delay    Time   Description
-----------------------------------------------------------------------------
                          0.00    0.00   clock clk (rise edge)
                          0.00    0.00   clock network delay (propagated)
                          2.00    2.00 v input external delay
     1    0.00    0.01    0.00    2.00 v rst (in)
                                         rst (net)
                  0.01    0.00    2.00 v input1/A (sky130_fd_sc_hd__clkbuf_4)
     5    0.02    0.05    0.13    2.14 v input1/X (sky130_fd_sc_hd__clkbuf_4)
                                         net1 (net)
                  0.05    0.00    2.14 v _329_/A (sky130_fd_sc_hd__inv_2)
     1    0.00    0.03    0.04    2.18 ^ _329_/Y (sky130_fd_sc_hd__inv_2)
                                         _059_ (net)
                  0.03    0.00    2.18 ^ _361_/RESET_B (sky130_fd_sc_hd__dfrtp_4)
                                  2.18   data arrival time

                          0.00    0.00   clock clk (rise edge)
                          0.00    0.00   clock source latency
     1    0.01    0.04    0.03    0.03 ^ clk (in)
                                         clk (net)
                  0.04    0.00    0.03 ^ clkbuf_0_clk/A (sky130_fd_sc_hd__clkbuf_16)
     4    0.03    0.05    0.14    0.17 ^ clkbuf_0_clk/X (sky130_fd_sc_hd__clkbuf_16)
                                         clknet_0_clk (net)
                  0.05    0.00    0.17 ^ clkbuf_2_0__f_clk/A (sky130_fd_sc_hd__clkbuf_16)
     9    0.02    0.04    0.14    0.31 ^ clkbuf_2_0__f_clk/X (sky130_fd_sc_hd__clkbuf_16)
                                         clknet_2_0__leaf_clk (net)
                  0.04    0.00    0.31 ^ _361_/CLK (sky130_fd_sc_hd__dfrtp_4)
                          0.25    0.56   clock uncertainty
                          0.00    0.56   clock reconvergence pessimism
                          0.32    0.87   library removal time
                                  0.87   data required time
-----------------------------------------------------------------------------
                                  0.87   data required time
                                 -2.18   data arrival time
-----------------------------------------------------------------------------
                                  1.31   slack (MET)


Startpoint: rst (input port clocked by clk)
Endpoint: _360_ (removal check against rising-edge clock clk)
Path Group: asynchronous
Path Type: min

Fanout     Cap    Slew   Delay    Time   Description
-----------------------------------------------------------------------------
                          0.00    0.00   clock clk (rise edge)
                          0.00    0.00   clock network delay (propagated)
                          2.00    2.00 v input external delay
     1    0.00    0.01    0.00    2.00 v rst (in)
                                         rst (net)
                  0.01    0.00    2.00 v input1/A (sky130_fd_sc_hd__clkbuf_4)
     5    0.02    0.05    0.13    2.14 v input1/X (sky130_fd_sc_hd__clkbuf_4)
                                         net1 (net)
                  0.05    0.00    2.14 v _328_/A (sky130_fd_sc_hd__inv_2)
     1    0.00    0.03    0.04    2.18 ^ _328_/Y (sky130_fd_sc_hd__inv_2)
                                         _058_ (net)
                  0.03    0.00    2.18 ^ _360_/RESET_B (sky130_fd_sc_hd__dfrtp_4)
                                  2.18   data arrival time

                          0.00    0.00   clock clk (rise edge)
                          0.00    0.00   clock source latency
     1    0.01    0.04    0.03    0.03 ^ clk (in)
                                         clk (net)
                  0.04    0.00    0.03 ^ clkbuf_0_clk/A (sky130_fd_sc_hd__clkbuf_16)
     4    0.03    0.05    0.14    0.17 ^ clkbuf_0_clk/X (sky130_fd_sc_hd__clkbuf_16)
                                         clknet_0_clk (net)
                  0.05    0.00    0.17 ^ clkbuf_2_3__f_clk/A (sky130_fd_sc_hd__clkbuf_16)
     8    0.02    0.04    0.14    0.31 ^ clkbuf_2_3__f_clk/X (sky130_fd_sc_hd__clkbuf_16)
                                         clknet_2_3__leaf_clk (net)
                  0.04    0.00    0.31 ^ _360_/CLK (sky130_fd_sc_hd__dfrtp_4)
                          0.25    0.56   clock uncertainty
                          0.00    0.56   clock reconvergence pessimism
                          0.32    0.87   library removal time
                                  0.87   data required time
-----------------------------------------------------------------------------
                                  0.87   data required time
                                 -2.18   data arrival time
-----------------------------------------------------------------------------
                                  1.31   slack (MET)


Startpoint: rst (input port clocked by clk)
Endpoint: _351_ (removal check against rising-edge clock clk)
Path Group: asynchronous
Path Type: min

Fanout     Cap    Slew   Delay    Time   Description
-----------------------------------------------------------------------------
                          0.00    0.00   clock clk (rise edge)
                          0.00    0.00   clock network delay (propagated)
                          2.00    2.00 v input external delay
     1    0.00    0.01    0.00    2.00 v rst (in)
                                         rst (net)
                  0.01    0.00    2.00 v input1/A (sky130_fd_sc_hd__clkbuf_4)
     5    0.02    0.05    0.13    2.14 v input1/X (sky130_fd_sc_hd__clkbuf_4)
                                         net1 (net)
                  0.05    0.00    2.14 v _317_/A (sky130_fd_sc_hd__clkbuf_8)
    10    0.04    0.06    0.16    2.30 v _317_/X (sky130_fd_sc_hd__clkbuf_8)
                                         _161_ (net)
                  0.06    0.00    2.30 v _319_/A (sky130_fd_sc_hd__inv_2)
     1    0.00    0.03    0.05    2.35 ^ _319_/Y (sky130_fd_sc_hd__inv_2)
                                         _049_ (net)
                  0.03    0.00    2.35 ^ _351_/RESET_B (sky130_fd_sc_hd__dfrtp_2)
                                  2.35   data arrival time

                          0.00    0.00   clock clk (rise edge)
                          0.00    0.00   clock source latency
     1    0.01    0.04    0.03    0.03 ^ clk (in)
                                         clk (net)
                  0.04    0.00    0.03 ^ clkbuf_0_clk/A (sky130_fd_sc_hd__clkbuf_16)
     4    0.03    0.05    0.14    0.17 ^ clkbuf_0_clk/X (sky130_fd_sc_hd__clkbuf_16)
                                         clknet_0_clk (net)
                  0.05    0.00    0.17 ^ clkbuf_2_2__f_clk/A (sky130_fd_sc_hd__clkbuf_16)
     7    0.02    0.04    0.14    0.31 ^ clkbuf_2_2__f_clk/X (sky130_fd_sc_hd__clkbuf_16)
                                         clknet_2_2__leaf_clk (net)
                  0.04    0.00    0.31 ^ _351_/CLK (sky130_fd_sc_hd__dfrtp_2)
                          0.25    0.56   clock uncertainty
                          0.00    0.56   clock reconvergence pessimism
                          0.32    0.87   library removal time
                                  0.87   data required time
-----------------------------------------------------------------------------
                                  0.87   data required time
                                 -2.35   data arrival time
-----------------------------------------------------------------------------
                                  1.47   slack (MET)


Startpoint: rst (input port clocked by clk)
Endpoint: _346_ (removal check against rising-edge clock clk)
Path Group: asynchronous
Path Type: min

Fanout     Cap    Slew   Delay    Time   Description
-----------------------------------------------------------------------------
                          0.00    0.00   clock clk (rise edge)
                          0.00    0.00   clock network delay (propagated)
                          2.00    2.00 v input external delay
     1    0.00    0.01    0.00    2.00 v rst (in)
                                         rst (net)
                  0.01    0.00    2.00 v input1/A (sky130_fd_sc_hd__clkbuf_4)
     5    0.02    0.05    0.13    2.14 v input1/X (sky130_fd_sc_hd__clkbuf_4)
                                         net1 (net)
                  0.05    0.00    2.14 v _306_/A (sky130_fd_sc_hd__clkbuf_8)
    10    0.04    0.06    0.16    2.30 v _306_/X (sky130_fd_sc_hd__clkbuf_8)
                                         _160_ (net)
                  0.06    0.00    2.30 v _313_/A (sky130_fd_sc_hd__inv_2)
     1    0.00    0.03    0.05    2.35 ^ _313_/Y (sky130_fd_sc_hd__inv_2)
                                         _044_ (net)
                  0.03    0.00    2.35 ^ _346_/RESET_B (sky130_fd_sc_hd__dfrtp_4)
                                  2.35   data arrival time

                          0.00    0.00   clock clk (rise edge)
                          0.00    0.00   clock source latency
     1    0.01    0.04    0.03    0.03 ^ clk (in)
                                         clk (net)
                  0.04    0.00    0.03 ^ clkbuf_0_clk/A (sky130_fd_sc_hd__clkbuf_16)
     4    0.03    0.05    0.14    0.17 ^ clkbuf_0_clk/X (sky130_fd_sc_hd__clkbuf_16)
                                         clknet_0_clk (net)
                  0.05    0.00    0.17 ^ clkbuf_2_2__f_clk/A (sky130_fd_sc_hd__clkbuf_16)
     7    0.02    0.04    0.14    0.31 ^ clkbuf_2_2__f_clk/X (sky130_fd_sc_hd__clkbuf_16)
                                         clknet_2_2__leaf_clk (net)
                  0.04    0.00    0.31 ^ _346_/CLK (sky130_fd_sc_hd__dfrtp_4)
                          0.25    0.56   clock uncertainty
                          0.00    0.56   clock reconvergence pessimism
                          0.32    0.87   library removal time
                                  0.87   data required time
-----------------------------------------------------------------------------
                                  0.87   data required time
                                 -2.35   data arrival time
-----------------------------------------------------------------------------
                                  1.47   slack (MET)


Startpoint: rst (input port clocked by clk)
Endpoint: _357_ (removal check against rising-edge clock clk)
Path Group: asynchronous
Path Type: min

Fanout     Cap    Slew   Delay    Time   Description
-----------------------------------------------------------------------------
                          0.00    0.00   clock clk (rise edge)
                          0.00    0.00   clock network delay (propagated)
                          2.00    2.00 v input external delay
     1    0.00    0.01    0.00    2.00 v rst (in)
                                         rst (net)
                  0.01    0.00    2.00 v input1/A (sky130_fd_sc_hd__clkbuf_4)
     5    0.02    0.05    0.13    2.14 v input1/X (sky130_fd_sc_hd__clkbuf_4)
                                         net1 (net)
                  0.05    0.00    2.14 v _317_/A (sky130_fd_sc_hd__clkbuf_8)
    10    0.04    0.06    0.16    2.30 v _317_/X (sky130_fd_sc_hd__clkbuf_8)
                                         _161_ (net)
                  0.06    0.00    2.30 v _325_/A (sky130_fd_sc_hd__inv_2)
     1    0.00    0.03    0.05    2.35 ^ _325_/Y (sky130_fd_sc_hd__inv_2)
                                         _055_ (net)
                  0.03    0.00    2.35 ^ _357_/RESET_B (sky130_fd_sc_hd__dfrtp_4)
                                  2.35   data arrival time

                          0.00    0.00   clock clk (rise edge)
                          0.00    0.00   clock source latency
     1    0.01    0.04    0.03    0.03 ^ clk (in)
                                         clk (net)
                  0.04    0.00    0.03 ^ clkbuf_0_clk/A (sky130_fd_sc_hd__clkbuf_16)
     4    0.03    0.05    0.14    0.17 ^ clkbuf_0_clk/X (sky130_fd_sc_hd__clkbuf_16)
                                         clknet_0_clk (net)
                  0.05    0.00    0.17 ^ clkbuf_2_2__f_clk/A (sky130_fd_sc_hd__clkbuf_16)
     7    0.02    0.04    0.14    0.31 ^ clkbuf_2_2__f_clk/X (sky130_fd_sc_hd__clkbuf_16)
                                         clknet_2_2__leaf_clk (net)
                  0.04    0.00    0.31 ^ _357_/CLK (sky130_fd_sc_hd__dfrtp_4)
                          0.25    0.56   clock uncertainty
                          0.00    0.56   clock reconvergence pessimism
                          0.32    0.87   library removal time
                                  0.87   data required time
-----------------------------------------------------------------------------
                                  0.87   data required time
                                 -2.35   data arrival time
-----------------------------------------------------------------------------
                                  1.47   slack (MET)


Startpoint: rst (input port clocked by clk)
Endpoint: _358_ (removal check against rising-edge clock clk)
Path Group: asynchronous
Path Type: min

Fanout     Cap    Slew   Delay    Time   Description
-----------------------------------------------------------------------------
                          0.00    0.00   clock clk (rise edge)
                          0.00    0.00   clock network delay (propagated)
                          2.00    2.00 v input external delay
     1    0.00    0.01    0.00    2.00 v rst (in)
                                         rst (net)
                  0.01    0.00    2.00 v input1/A (sky130_fd_sc_hd__clkbuf_4)
     5    0.02    0.05    0.13    2.14 v input1/X (sky130_fd_sc_hd__clkbuf_4)
                                         net1 (net)
                  0.05    0.00    2.14 v _317_/A (sky130_fd_sc_hd__clkbuf_8)
    10    0.04    0.06    0.16    2.30 v _317_/X (sky130_fd_sc_hd__clkbuf_8)
                                         _161_ (net)
                  0.06    0.00    2.30 v _326_/A (sky130_fd_sc_hd__inv_2)
     1    0.00    0.03    0.05    2.35 ^ _326_/Y (sky130_fd_sc_hd__inv_2)
                                         _056_ (net)
                  0.03    0.00    2.35 ^ _358_/RESET_B (sky130_fd_sc_hd__dfrtp_4)
                                  2.35   data arrival time

                          0.00    0.00   clock clk (rise edge)
                          0.00    0.00   clock source latency
     1    0.01    0.04    0.03    0.03 ^ clk (in)
                                         clk (net)
                  0.04    0.00    0.03 ^ clkbuf_0_clk/A (sky130_fd_sc_hd__clkbuf_16)
     4    0.03    0.05    0.14    0.17 ^ clkbuf_0_clk/X (sky130_fd_sc_hd__clkbuf_16)
                                         clknet_0_clk (net)
                  0.05    0.00    0.17 ^ clkbuf_2_2__f_clk/A (sky130_fd_sc_hd__clkbuf_16)
     7    0.02    0.04    0.14    0.31 ^ clkbuf_2_2__f_clk/X (sky130_fd_sc_hd__clkbuf_16)
                                         clknet_2_2__leaf_clk (net)
                  0.04    0.00    0.31 ^ _358_/CLK (sky130_fd_sc_hd__dfrtp_4)
                          0.25    0.56   clock uncertainty
                          0.00    0.56   clock reconvergence pessimism
                          0.32    0.87   library removal time
                                  0.87   data required time
-----------------------------------------------------------------------------
                                  0.87   data required time
                                 -2.35   data arrival time
-----------------------------------------------------------------------------
                                  1.47   slack (MET)


Startpoint: rst (input port clocked by clk)
Endpoint: _342_ (removal check against rising-edge clock clk)
Path Group: asynchronous
Path Type: min

Fanout     Cap    Slew   Delay    Time   Description
-----------------------------------------------------------------------------
                          0.00    0.00   clock clk (rise edge)
                          0.00    0.00   clock network delay (propagated)
                          2.00    2.00 v input external delay
     1    0.00    0.01    0.00    2.00 v rst (in)
                                         rst (net)
                  0.01    0.00    2.00 v input1/A (sky130_fd_sc_hd__clkbuf_4)
     5    0.02    0.05    0.13    2.14 v input1/X (sky130_fd_sc_hd__clkbuf_4)
                                         net1 (net)
                  0.05    0.00    2.14 v _306_/A (sky130_fd_sc_hd__clkbuf_8)
    10    0.04    0.06    0.16    2.30 v _306_/X (sky130_fd_sc_hd__clkbuf_8)
                                         _160_ (net)
                  0.06    0.00    2.30 v _309_/A (sky130_fd_sc_hd__inv_2)
     1    0.00    0.03    0.05    2.35 ^ _309_/Y (sky130_fd_sc_hd__inv_2)
                                         _040_ (net)
                  0.03    0.00    2.35 ^ _342_/RESET_B (sky130_fd_sc_hd__dfrtp_2)
                                  2.35   data arrival time

                          0.00    0.00   clock clk (rise edge)
                          0.00    0.00   clock source latency
     1    0.01    0.04    0.03    0.03 ^ clk (in)
                                         clk (net)
                  0.04    0.00    0.03 ^ clkbuf_0_clk/A (sky130_fd_sc_hd__clkbuf_16)
     4    0.03    0.05    0.14    0.17 ^ clkbuf_0_clk/X (sky130_fd_sc_hd__clkbuf_16)
                                         clknet_0_clk (net)
                  0.05    0.00    0.17 ^ clkbuf_2_1__f_clk/A (sky130_fd_sc_hd__clkbuf_16)
    11    0.02    0.04    0.14    0.31 ^ clkbuf_2_1__f_clk/X (sky130_fd_sc_hd__clkbuf_16)
                                         clknet_2_1__leaf_clk (net)
                  0.04    0.00    0.31 ^ _342_/CLK (sky130_fd_sc_hd__dfrtp_2)
                          0.25    0.56   clock uncertainty
                          0.00    0.56   clock reconvergence pessimism
                          0.32    0.87   library removal time
                                  0.87   data required time
-----------------------------------------------------------------------------
                                  0.87   data required time
                                 -2.35   data arrival time
-----------------------------------------------------------------------------
                                  1.47   slack (MET)


Startpoint: rst (input port clocked by clk)
Endpoint: _347_ (removal check against rising-edge clock clk)
Path Group: asynchronous
Path Type: min

Fanout     Cap    Slew   Delay    Time   Description
-----------------------------------------------------------------------------
                          0.00    0.00   clock clk (rise edge)
                          0.00    0.00   clock network delay (propagated)
                          2.00    2.00 v input external delay
     1    0.00    0.01    0.00    2.00 v rst (in)
                                         rst (net)
                  0.01    0.00    2.00 v input1/A (sky130_fd_sc_hd__clkbuf_4)
     5    0.02    0.05    0.13    2.14 v input1/X (sky130_fd_sc_hd__clkbuf_4)
                                         net1 (net)
                  0.05    0.00    2.14 v _306_/A (sky130_fd_sc_hd__clkbuf_8)
    10    0.04    0.06    0.16    2.30 v _306_/X (sky130_fd_sc_hd__clkbuf_8)
                                         _160_ (net)
                  0.06    0.00    2.30 v _314_/A (sky130_fd_sc_hd__inv_2)
     1    0.00    0.03    0.05    2.35 ^ _314_/Y (sky130_fd_sc_hd__inv_2)
                                         _045_ (net)
                  0.03    0.00    2.35 ^ _347_/RESET_B (sky130_fd_sc_hd__dfrtp_4)
                                  2.35   data arrival time

                          0.00    0.00   clock clk (rise edge)
                          0.00    0.00   clock source latency
     1    0.01    0.04    0.03    0.03 ^ clk (in)
                                         clk (net)
                  0.04    0.00    0.03 ^ clkbuf_0_clk/A (sky130_fd_sc_hd__clkbuf_16)
     4    0.03    0.05    0.14    0.17 ^ clkbuf_0_clk/X (sky130_fd_sc_hd__clkbuf_16)
                                         clknet_0_clk (net)
                  0.05    0.00    0.17 ^ clkbuf_2_1__f_clk/A (sky130_fd_sc_hd__clkbuf_16)
    11    0.02    0.04    0.14    0.31 ^ clkbuf_2_1__f_clk/X (sky130_fd_sc_hd__clkbuf_16)
                                         clknet_2_1__leaf_clk (net)
                  0.04    0.00    0.31 ^ _347_/CLK (sky130_fd_sc_hd__dfrtp_4)
                          0.25    0.56   clock uncertainty
                          0.00    0.56   clock reconvergence pessimism
                          0.32    0.87   library removal time
                                  0.87   data required time
-----------------------------------------------------------------------------
                                  0.87   data required time
                                 -2.35   data arrival time
-----------------------------------------------------------------------------
                                  1.47   slack (MET)


Startpoint: rst (input port clocked by clk)
Endpoint: _355_ (removal check against rising-edge clock clk)
Path Group: asynchronous
Path Type: min

Fanout     Cap    Slew   Delay    Time   Description
-----------------------------------------------------------------------------
                          0.00    0.00   clock clk (rise edge)
                          0.00    0.00   clock network delay (propagated)
                          2.00    2.00 v input external delay
     1    0.00    0.01    0.00    2.00 v rst (in)
                                         rst (net)
                  0.01    0.00    2.00 v input1/A (sky130_fd_sc_hd__clkbuf_4)
     5    0.02    0.05    0.13    2.14 v input1/X (sky130_fd_sc_hd__clkbuf_4)
                                         net1 (net)
                  0.05    0.00    2.14 v _317_/A (sky130_fd_sc_hd__clkbuf_8)
    10    0.04    0.06    0.16    2.30 v _317_/X (sky130_fd_sc_hd__clkbuf_8)
                                         _161_ (net)
                  0.06    0.00    2.30 v _323_/A (sky130_fd_sc_hd__inv_2)
     1    0.00    0.03    0.05    2.35 ^ _323_/Y (sky130_fd_sc_hd__inv_2)
                                         _053_ (net)
                  0.03    0.00    2.35 ^ _355_/RESET_B (sky130_fd_sc_hd__dfrtp_4)
                                  2.35   data arrival time

                          0.00    0.00   clock clk (rise edge)
                          0.00    0.00   clock source latency
     1    0.01    0.04    0.03    0.03 ^ clk (in)
                                         clk (net)
                  0.04    0.00    0.03 ^ clkbuf_0_clk/A (sky130_fd_sc_hd__clkbuf_16)
     4    0.03    0.05    0.14    0.17 ^ clkbuf_0_clk/X (sky130_fd_sc_hd__clkbuf_16)
                                         clknet_0_clk (net)
                  0.05    0.00    0.17 ^ clkbuf_2_1__f_clk/A (sky130_fd_sc_hd__clkbuf_16)
    11    0.02    0.04    0.14    0.31 ^ clkbuf_2_1__f_clk/X (sky130_fd_sc_hd__clkbuf_16)
                                         clknet_2_1__leaf_clk (net)
                  0.04    0.00    0.31 ^ _355_/CLK (sky130_fd_sc_hd__dfrtp_4)
                          0.25    0.56   clock uncertainty
                          0.00    0.56   clock reconvergence pessimism
                          0.32    0.87   library removal time
                                  0.87   data required time
-----------------------------------------------------------------------------
                                  0.87   data required time
                                 -2.35   data arrival time
-----------------------------------------------------------------------------
                                  1.47   slack (MET)


Startpoint: rst (input port clocked by clk)
Endpoint: _344_ (removal check against rising-edge clock clk)
Path Group: asynchronous
Path Type: min

Fanout     Cap    Slew   Delay    Time   Description
-----------------------------------------------------------------------------
                          0.00    0.00   clock clk (rise edge)
                          0.00    0.00   clock network delay (propagated)
                          2.00    2.00 v input external delay
     1    0.00    0.01    0.00    2.00 v rst (in)
                                         rst (net)
                  0.01    0.00    2.00 v input1/A (sky130_fd_sc_hd__clkbuf_4)
     5    0.02    0.05    0.13    2.14 v input1/X (sky130_fd_sc_hd__clkbuf_4)
                                         net1 (net)
                  0.05    0.00    2.14 v _306_/A (sky130_fd_sc_hd__clkbuf_8)
    10    0.04    0.06    0.16    2.30 v _306_/X (sky130_fd_sc_hd__clkbuf_8)
                                         _160_ (net)
                  0.06    0.00    2.30 v _311_/A (sky130_fd_sc_hd__inv_2)
     1    0.00    0.03    0.05    2.35 ^ _311_/Y (sky130_fd_sc_hd__inv_2)
                                         _042_ (net)
                  0.03    0.00    2.35 ^ _344_/RESET_B (sky130_fd_sc_hd__dfrtp_1)
                                  2.35   data arrival time

                          0.00    0.00   clock clk (rise edge)
                          0.00    0.00   clock source latency
     1    0.01    0.04    0.03    0.03 ^ clk (in)
                                         clk (net)
                  0.04    0.00    0.03 ^ clkbuf_0_clk/A (sky130_fd_sc_hd__clkbuf_16)
     4    0.03    0.05    0.14    0.17 ^ clkbuf_0_clk/X (sky130_fd_sc_hd__clkbuf_16)
                                         clknet_0_clk (net)
                  0.05    0.00    0.17 ^ clkbuf_2_1__f_clk/A (sky130_fd_sc_hd__clkbuf_16)
    11    0.02    0.04    0.14    0.31 ^ clkbuf_2_1__f_clk/X (sky130_fd_sc_hd__clkbuf_16)
                                         clknet_2_1__leaf_clk (net)
                  0.04    0.00    0.31 ^ _344_/CLK (sky130_fd_sc_hd__dfrtp_1)
                          0.25    0.56   clock uncertainty
                          0.00    0.56   clock reconvergence pessimism
                          0.32    0.87   library removal time
                                  0.87   data required time
-----------------------------------------------------------------------------
                                  0.87   data required time
                                 -2.35   data arrival time
-----------------------------------------------------------------------------
                                  1.47   slack (MET)


Startpoint: rst (input port clocked by clk)
Endpoint: _353_ (removal check against rising-edge clock clk)
Path Group: asynchronous
Path Type: min

Fanout     Cap    Slew   Delay    Time   Description
-----------------------------------------------------------------------------
                          0.00    0.00   clock clk (rise edge)
                          0.00    0.00   clock network delay (propagated)
                          2.00    2.00 v input external delay
     1    0.00    0.01    0.00    2.00 v rst (in)
                                         rst (net)
                  0.01    0.00    2.00 v input1/A (sky130_fd_sc_hd__clkbuf_4)
     5    0.02    0.05    0.13    2.14 v input1/X (sky130_fd_sc_hd__clkbuf_4)
                                         net1 (net)
                  0.05    0.00    2.14 v _317_/A (sky130_fd_sc_hd__clkbuf_8)
    10    0.04    0.06    0.16    2.30 v _317_/X (sky130_fd_sc_hd__clkbuf_8)
                                         _161_ (net)
                  0.06    0.00    2.30 v _321_/A (sky130_fd_sc_hd__inv_2)
     1    0.00    0.03    0.05    2.35 ^ _321_/Y (sky130_fd_sc_hd__inv_2)
                                         _051_ (net)
                  0.03    0.00    2.35 ^ _353_/RESET_B (sky130_fd_sc_hd__dfrtp_1)
                                  2.35   data arrival time

                          0.00    0.00   clock clk (rise edge)
                          0.00    0.00   clock source latency
     1    0.01    0.04    0.03    0.03 ^ clk (in)
                                         clk (net)
                  0.04    0.00    0.03 ^ clkbuf_0_clk/A (sky130_fd_sc_hd__clkbuf_16)
     4    0.03    0.05    0.14    0.17 ^ clkbuf_0_clk/X (sky130_fd_sc_hd__clkbuf_16)
                                         clknet_0_clk (net)
                  0.05    0.00    0.17 ^ clkbuf_2_1__f_clk/A (sky130_fd_sc_hd__clkbuf_16)
    11    0.02    0.04    0.14    0.31 ^ clkbuf_2_1__f_clk/X (sky130_fd_sc_hd__clkbuf_16)
                                         clknet_2_1__leaf_clk (net)
                  0.04    0.00    0.31 ^ _353_/CLK (sky130_fd_sc_hd__dfrtp_1)
                          0.25    0.56   clock uncertainty
                          0.00    0.56   clock reconvergence pessimism
                          0.32    0.87   library removal time
                                  0.87   data required time
-----------------------------------------------------------------------------
                                  0.87   data required time
                                 -2.35   data arrival time
-----------------------------------------------------------------------------
                                  1.47   slack (MET)


Startpoint: rst (input port clocked by clk)
Endpoint: _356_ (removal check against rising-edge clock clk)
Path Group: asynchronous
Path Type: min

Fanout     Cap    Slew   Delay    Time   Description
-----------------------------------------------------------------------------
                          0.00    0.00   clock clk (rise edge)
                          0.00    0.00   clock network delay (propagated)
                          2.00    2.00 v input external delay
     1    0.00    0.01    0.00    2.00 v rst (in)
                                         rst (net)
                  0.01    0.00    2.00 v input1/A (sky130_fd_sc_hd__clkbuf_4)
     5    0.02    0.05    0.13    2.14 v input1/X (sky130_fd_sc_hd__clkbuf_4)
                                         net1 (net)
                  0.05    0.00    2.14 v _317_/A (sky130_fd_sc_hd__clkbuf_8)
    10    0.04    0.06    0.16    2.30 v _317_/X (sky130_fd_sc_hd__clkbuf_8)
                                         _161_ (net)
                  0.06    0.00    2.30 v _324_/A (sky130_fd_sc_hd__inv_2)
     1    0.00    0.03    0.05    2.35 ^ _324_/Y (sky130_fd_sc_hd__inv_2)
                                         _054_ (net)
                  0.03    0.00    2.35 ^ _356_/RESET_B (sky130_fd_sc_hd__dfrtp_1)
                                  2.35   data arrival time

                          0.00    0.00   clock clk (rise edge)
                          0.00    0.00   clock source latency
     1    0.01    0.04    0.03    0.03 ^ clk (in)
                                         clk (net)
                  0.04    0.00    0.03 ^ clkbuf_0_clk/A (sky130_fd_sc_hd__clkbuf_16)
     4    0.03    0.05    0.14    0.17 ^ clkbuf_0_clk/X (sky130_fd_sc_hd__clkbuf_16)
                                         clknet_0_clk (net)
                  0.05    0.00    0.17 ^ clkbuf_2_1__f_clk/A (sky130_fd_sc_hd__clkbuf_16)
    11    0.02    0.04    0.14    0.31 ^ clkbuf_2_1__f_clk/X (sky130_fd_sc_hd__clkbuf_16)
                                         clknet_2_1__leaf_clk (net)
                  0.04    0.00    0.31 ^ _356_/CLK (sky130_fd_sc_hd__dfrtp_1)
                          0.25    0.56   clock uncertainty
                          0.00    0.56   clock reconvergence pessimism
                          0.32    0.87   library removal time
                                  0.87   data required time
-----------------------------------------------------------------------------
                                  0.87   data required time
                                 -2.35   data arrival time
-----------------------------------------------------------------------------
                                  1.47   slack (MET)


Startpoint: rst (input port clocked by clk)
Endpoint: _340_ (removal check against rising-edge clock clk)
Path Group: asynchronous
Path Type: min

Fanout     Cap    Slew   Delay    Time   Description
-----------------------------------------------------------------------------
                          0.00    0.00   clock clk (rise edge)
                          0.00    0.00   clock network delay (propagated)
                          2.00    2.00 v input external delay
     1    0.00    0.01    0.00    2.00 v rst (in)
                                         rst (net)
                  0.01    0.00    2.00 v input1/A (sky130_fd_sc_hd__clkbuf_4)
     5    0.02    0.05    0.13    2.14 v input1/X (sky130_fd_sc_hd__clkbuf_4)
                                         net1 (net)
                  0.05    0.00    2.14 v _306_/A (sky130_fd_sc_hd__clkbuf_8)
    10    0.04    0.06    0.16    2.30 v _306_/X (sky130_fd_sc_hd__clkbuf_8)
                                         _160_ (net)
                  0.06    0.00    2.30 v _307_/A (sky130_fd_sc_hd__inv_2)
     1    0.00    0.03    0.05    2.35 ^ _307_/Y (sky130_fd_sc_hd__inv_2)
                                         _038_ (net)
                  0.03    0.00    2.35 ^ _340_/RESET_B (sky130_fd_sc_hd__dfrtp_4)
                                  2.35   data arrival time

                          0.00    0.00   clock clk (rise edge)
                          0.00    0.00   clock source latency
     1    0.01    0.04    0.03    0.03 ^ clk (in)
                                         clk (net)
                  0.04    0.00    0.03 ^ clkbuf_0_clk/A (sky130_fd_sc_hd__clkbuf_16)
     4    0.03    0.05    0.14    0.17 ^ clkbuf_0_clk/X (sky130_fd_sc_hd__clkbuf_16)
                                         clknet_0_clk (net)
                  0.05    0.00    0.17 ^ clkbuf_2_0__f_clk/A (sky130_fd_sc_hd__clkbuf_16)
     9    0.02    0.04    0.14    0.31 ^ clkbuf_2_0__f_clk/X (sky130_fd_sc_hd__clkbuf_16)
                                         clknet_2_0__leaf_clk (net)
                  0.04    0.00    0.31 ^ _340_/CLK (sky130_fd_sc_hd__dfrtp_4)
                          0.25    0.56   clock uncertainty
                          0.00    0.56   clock reconvergence pessimism
                          0.32    0.87   library removal time
                                  0.87   data required time
-----------------------------------------------------------------------------
                                  0.87   data required time
                                 -2.35   data arrival time
-----------------------------------------------------------------------------
                                  1.47   slack (MET)


Startpoint: rst (input port clocked by clk)
Endpoint: _341_ (removal check against rising-edge clock clk)
Path Group: asynchronous
Path Type: min

Fanout     Cap    Slew   Delay    Time   Description
-----------------------------------------------------------------------------
                          0.00    0.00   clock clk (rise edge)
                          0.00    0.00   clock network delay (propagated)
                          2.00    2.00 v input external delay
     1    0.00    0.01    0.00    2.00 v rst (in)
                                         rst (net)
                  0.01    0.00    2.00 v input1/A (sky130_fd_sc_hd__clkbuf_4)
     5    0.02    0.05    0.13    2.14 v input1/X (sky130_fd_sc_hd__clkbuf_4)
                                         net1 (net)
                  0.05    0.00    2.14 v _306_/A (sky130_fd_sc_hd__clkbuf_8)
    10    0.04    0.06    0.16    2.30 v _306_/X (sky130_fd_sc_hd__clkbuf_8)
                                         _160_ (net)
                  0.06    0.00    2.30 v _308_/A (sky130_fd_sc_hd__inv_2)
     1    0.00    0.03    0.05    2.35 ^ _308_/Y (sky130_fd_sc_hd__inv_2)
                                         _039_ (net)
                  0.03    0.00    2.35 ^ _341_/RESET_B (sky130_fd_sc_hd__dfrtp_4)
                                  2.35   data arrival time

                          0.00    0.00   clock clk (rise edge)
                          0.00    0.00   clock source latency
     1    0.01    0.04    0.03    0.03 ^ clk (in)
                                         clk (net)
                  0.04    0.00    0.03 ^ clkbuf_0_clk/A (sky130_fd_sc_hd__clkbuf_16)
     4    0.03    0.05    0.14    0.17 ^ clkbuf_0_clk/X (sky130_fd_sc_hd__clkbuf_16)
                                         clknet_0_clk (net)
                  0.05    0.00    0.17 ^ clkbuf_2_0__f_clk/A (sky130_fd_sc_hd__clkbuf_16)
     9    0.02    0.04    0.14    0.31 ^ clkbuf_2_0__f_clk/X (sky130_fd_sc_hd__clkbuf_16)
                                         clknet_2_0__leaf_clk (net)
                  0.04    0.00    0.31 ^ _341_/CLK (sky130_fd_sc_hd__dfrtp_4)
                          0.25    0.56   clock uncertainty
                          0.00    0.56   clock reconvergence pessimism
                          0.32    0.87   library removal time
                                  0.87   data required time
-----------------------------------------------------------------------------
                                  0.87   data required time
                                 -2.35   data arrival time
-----------------------------------------------------------------------------
                                  1.47   slack (MET)


Startpoint: rst (input port clocked by clk)
Endpoint: _348_ (removal check against rising-edge clock clk)
Path Group: asynchronous
Path Type: min

Fanout     Cap    Slew   Delay    Time   Description
-----------------------------------------------------------------------------
                          0.00    0.00   clock clk (rise edge)
                          0.00    0.00   clock network delay (propagated)
                          2.00    2.00 v input external delay
     1    0.00    0.01    0.00    2.00 v rst (in)
                                         rst (net)
                  0.01    0.00    2.00 v input1/A (sky130_fd_sc_hd__clkbuf_4)
     5    0.02    0.05    0.13    2.14 v input1/X (sky130_fd_sc_hd__clkbuf_4)
                                         net1 (net)
                  0.05    0.00    2.14 v _306_/A (sky130_fd_sc_hd__clkbuf_8)
    10    0.04    0.06    0.16    2.30 v _306_/X (sky130_fd_sc_hd__clkbuf_8)
                                         _160_ (net)
                  0.06    0.00    2.30 v _315_/A (sky130_fd_sc_hd__inv_2)
     1    0.00    0.03    0.05    2.35 ^ _315_/Y (sky130_fd_sc_hd__inv_2)
                                         _046_ (net)
                  0.03    0.00    2.35 ^ _348_/RESET_B (sky130_fd_sc_hd__dfrtp_4)
                                  2.35   data arrival time

                          0.00    0.00   clock clk (rise edge)
                          0.00    0.00   clock source latency
     1    0.01    0.04    0.03    0.03 ^ clk (in)
                                         clk (net)
                  0.04    0.00    0.03 ^ clkbuf_0_clk/A (sky130_fd_sc_hd__clkbuf_16)
     4    0.03    0.05    0.14    0.17 ^ clkbuf_0_clk/X (sky130_fd_sc_hd__clkbuf_16)
                                         clknet_0_clk (net)
                  0.05    0.00    0.17 ^ clkbuf_2_0__f_clk/A (sky130_fd_sc_hd__clkbuf_16)
     9    0.02    0.04    0.14    0.31 ^ clkbuf_2_0__f_clk/X (sky130_fd_sc_hd__clkbuf_16)
                                         clknet_2_0__leaf_clk (net)
                  0.04    0.00    0.31 ^ _348_/CLK (sky130_fd_sc_hd__dfrtp_4)
                          0.25    0.56   clock uncertainty
                          0.00    0.56   clock reconvergence pessimism
                          0.32    0.87   library removal time
                                  0.87   data required time
-----------------------------------------------------------------------------
                                  0.87   data required time
                                 -2.35   data arrival time
-----------------------------------------------------------------------------
                                  1.47   slack (MET)


Startpoint: rst (input port clocked by clk)
Endpoint: _359_ (removal check against rising-edge clock clk)
Path Group: asynchronous
Path Type: min

Fanout     Cap    Slew   Delay    Time   Description
-----------------------------------------------------------------------------
                          0.00    0.00   clock clk (rise edge)
                          0.00    0.00   clock network delay (propagated)
                          2.00    2.00 v input external delay
     1    0.00    0.01    0.00    2.00 v rst (in)
                                         rst (net)
                  0.01    0.00    2.00 v input1/A (sky130_fd_sc_hd__clkbuf_4)
     5    0.02    0.05    0.13    2.14 v input1/X (sky130_fd_sc_hd__clkbuf_4)
                                         net1 (net)
                  0.05    0.00    2.14 v _317_/A (sky130_fd_sc_hd__clkbuf_8)
    10    0.04    0.06    0.16    2.30 v _317_/X (sky130_fd_sc_hd__clkbuf_8)
                                         _161_ (net)
                  0.06    0.00    2.30 v _327_/A (sky130_fd_sc_hd__inv_2)
     1    0.00    0.03    0.05    2.35 ^ _327_/Y (sky130_fd_sc_hd__inv_2)
                                         _057_ (net)
                  0.03    0.00    2.35 ^ _359_/RESET_B (sky130_fd_sc_hd__dfrtp_4)
                                  2.35   data arrival time

                          0.00    0.00   clock clk (rise edge)
                          0.00    0.00   clock source latency
     1    0.01    0.04    0.03    0.03 ^ clk (in)
                                         clk (net)
                  0.04    0.00    0.03 ^ clkbuf_0_clk/A (sky130_fd_sc_hd__clkbuf_16)
     4    0.03    0.05    0.14    0.17 ^ clkbuf_0_clk/X (sky130_fd_sc_hd__clkbuf_16)
                                         clknet_0_clk (net)
                  0.05    0.00    0.17 ^ clkbuf_2_0__f_clk/A (sky130_fd_sc_hd__clkbuf_16)
     9    0.02    0.04    0.14    0.31 ^ clkbuf_2_0__f_clk/X (sky130_fd_sc_hd__clkbuf_16)
                                         clknet_2_0__leaf_clk (net)
                  0.04    0.00    0.31 ^ _359_/CLK (sky130_fd_sc_hd__dfrtp_4)
                          0.25    0.56   clock uncertainty
                          0.00    0.56   clock reconvergence pessimism
                          0.32    0.87   library removal time
                                  0.87   data required time
-----------------------------------------------------------------------------
                                  0.87   data required time
                                 -2.35   data arrival time
-----------------------------------------------------------------------------
                                  1.47   slack (MET)


Startpoint: rst (input port clocked by clk)
Endpoint: _343_ (removal check against rising-edge clock clk)
Path Group: asynchronous
Path Type: min

Fanout     Cap    Slew   Delay    Time   Description
-----------------------------------------------------------------------------
                          0.00    0.00   clock clk (rise edge)
                          0.00    0.00   clock network delay (propagated)
                          2.00    2.00 v input external delay
     1    0.00    0.01    0.00    2.00 v rst (in)
                                         rst (net)
                  0.01    0.00    2.00 v input1/A (sky130_fd_sc_hd__clkbuf_4)
     5    0.02    0.05    0.13    2.14 v input1/X (sky130_fd_sc_hd__clkbuf_4)
                                         net1 (net)
                  0.05    0.00    2.14 v _306_/A (sky130_fd_sc_hd__clkbuf_8)
    10    0.04    0.06    0.16    2.30 v _306_/X (sky130_fd_sc_hd__clkbuf_8)
                                         _160_ (net)
                  0.06    0.00    2.30 v _310_/A (sky130_fd_sc_hd__inv_2)
     1    0.00    0.03    0.05    2.35 ^ _310_/Y (sky130_fd_sc_hd__inv_2)
                                         _041_ (net)
                  0.03    0.00    2.35 ^ _343_/RESET_B (sky130_fd_sc_hd__dfrtp_1)
                                  2.35   data arrival time

                          0.00    0.00   clock clk (rise edge)
                          0.00    0.00   clock source latency
     1    0.01    0.04    0.03    0.03 ^ clk (in)
                                         clk (net)
                  0.04    0.00    0.03 ^ clkbuf_0_clk/A (sky130_fd_sc_hd__clkbuf_16)
     4    0.03    0.05    0.14    0.17 ^ clkbuf_0_clk/X (sky130_fd_sc_hd__clkbuf_16)
                                         clknet_0_clk (net)
                  0.05    0.00    0.17 ^ clkbuf_2_0__f_clk/A (sky130_fd_sc_hd__clkbuf_16)
     9    0.02    0.04    0.14    0.31 ^ clkbuf_2_0__f_clk/X (sky130_fd_sc_hd__clkbuf_16)
                                         clknet_2_0__leaf_clk (net)
                  0.04    0.00    0.31 ^ _343_/CLK (sky130_fd_sc_hd__dfrtp_1)
                          0.25    0.56   clock uncertainty
                          0.00    0.56   clock reconvergence pessimism
                          0.32    0.87   library removal time
                                  0.87   data required time
-----------------------------------------------------------------------------
                                  0.87   data required time
                                 -2.35   data arrival time
-----------------------------------------------------------------------------
                                  1.47   slack (MET)


Startpoint: rst (input port clocked by clk)
Endpoint: _352_ (removal check against rising-edge clock clk)
Path Group: asynchronous
Path Type: min

Fanout     Cap    Slew   Delay    Time   Description
-----------------------------------------------------------------------------
                          0.00    0.00   clock clk (rise edge)
                          0.00    0.00   clock network delay (propagated)
                          2.00    2.00 v input external delay
     1    0.00    0.01    0.00    2.00 v rst (in)
                                         rst (net)
                  0.01    0.00    2.00 v input1/A (sky130_fd_sc_hd__clkbuf_4)
     5    0.02    0.05    0.13    2.14 v input1/X (sky130_fd_sc_hd__clkbuf_4)
                                         net1 (net)
                  0.05    0.00    2.14 v _317_/A (sky130_fd_sc_hd__clkbuf_8)
    10    0.04    0.06    0.16    2.30 v _317_/X (sky130_fd_sc_hd__clkbuf_8)
                                         _161_ (net)
                  0.06    0.00    2.30 v _320_/A (sky130_fd_sc_hd__inv_2)
     1    0.00    0.03    0.05    2.35 ^ _320_/Y (sky130_fd_sc_hd__inv_2)
                                         _050_ (net)
                  0.03    0.00    2.35 ^ _352_/RESET_B (sky130_fd_sc_hd__dfrtp_1)
                                  2.35   data arrival time

                          0.00    0.00   clock clk (rise edge)
                          0.00    0.00   clock source latency
     1    0.01    0.04    0.03    0.03 ^ clk (in)
                                         clk (net)
                  0.04    0.00    0.03 ^ clkbuf_0_clk/A (sky130_fd_sc_hd__clkbuf_16)
     4    0.03    0.05    0.14    0.17 ^ clkbuf_0_clk/X (sky130_fd_sc_hd__clkbuf_16)
                                         clknet_0_clk (net)
                  0.05    0.00    0.17 ^ clkbuf_2_0__f_clk/A (sky130_fd_sc_hd__clkbuf_16)
     9    0.02    0.04    0.14    0.31 ^ clkbuf_2_0__f_clk/X (sky130_fd_sc_hd__clkbuf_16)
                                         clknet_2_0__leaf_clk (net)
                  0.04    0.00    0.31 ^ _352_/CLK (sky130_fd_sc_hd__dfrtp_1)
                          0.25    0.56   clock uncertainty
                          0.00    0.56   clock reconvergence pessimism
                          0.32    0.87   library removal time
                                  0.87   data required time
-----------------------------------------------------------------------------
                                  0.87   data required time
                                 -2.35   data arrival time
-----------------------------------------------------------------------------
                                  1.47   slack (MET)


Startpoint: rst (input port clocked by clk)
Endpoint: _345_ (removal check against rising-edge clock clk)
Path Group: asynchronous
Path Type: min

Fanout     Cap    Slew   Delay    Time   Description
-----------------------------------------------------------------------------
                          0.00    0.00   clock clk (rise edge)
                          0.00    0.00   clock network delay (propagated)
                          2.00    2.00 v input external delay
     1    0.00    0.01    0.00    2.00 v rst (in)
                                         rst (net)
                  0.01    0.00    2.00 v input1/A (sky130_fd_sc_hd__clkbuf_4)
     5    0.02    0.05    0.13    2.14 v input1/X (sky130_fd_sc_hd__clkbuf_4)
                                         net1 (net)
                  0.05    0.00    2.14 v _306_/A (sky130_fd_sc_hd__clkbuf_8)
    10    0.04    0.06    0.16    2.30 v _306_/X (sky130_fd_sc_hd__clkbuf_8)
                                         _160_ (net)
                  0.06    0.00    2.30 v _312_/A (sky130_fd_sc_hd__inv_2)
     1    0.00    0.03    0.05    2.35 ^ _312_/Y (sky130_fd_sc_hd__inv_2)
                                         _043_ (net)
                  0.03    0.00    2.35 ^ _345_/RESET_B (sky130_fd_sc_hd__dfrtp_2)
                                  2.35   data arrival time

                          0.00    0.00   clock clk (rise edge)
                          0.00    0.00   clock source latency
     1    0.01    0.04    0.03    0.03 ^ clk (in)
                                         clk (net)
                  0.04    0.00    0.03 ^ clkbuf_0_clk/A (sky130_fd_sc_hd__clkbuf_16)
     4    0.03    0.05    0.14    0.17 ^ clkbuf_0_clk/X (sky130_fd_sc_hd__clkbuf_16)
                                         clknet_0_clk (net)
                  0.05    0.00    0.17 ^ clkbuf_2_3__f_clk/A (sky130_fd_sc_hd__clkbuf_16)
     8    0.02    0.04    0.14    0.31 ^ clkbuf_2_3__f_clk/X (sky130_fd_sc_hd__clkbuf_16)
                                         clknet_2_3__leaf_clk (net)
                  0.04    0.00    0.31 ^ _345_/CLK (sky130_fd_sc_hd__dfrtp_2)
                          0.25    0.56   clock uncertainty
                          0.00    0.56   clock reconvergence pessimism
                          0.32    0.87   library removal time
                                  0.87   data required time
-----------------------------------------------------------------------------
                                  0.87   data required time
                                 -2.35   data arrival time
-----------------------------------------------------------------------------
                                  1.47   slack (MET)


Startpoint: rst (input port clocked by clk)
Endpoint: _349_ (removal check against rising-edge clock clk)
Path Group: asynchronous
Path Type: min

Fanout     Cap    Slew   Delay    Time   Description
-----------------------------------------------------------------------------
                          0.00    0.00   clock clk (rise edge)
                          0.00    0.00   clock network delay (propagated)
                          2.00    2.00 v input external delay
     1    0.00    0.01    0.00    2.00 v rst (in)
                                         rst (net)
                  0.01    0.00    2.00 v input1/A (sky130_fd_sc_hd__clkbuf_4)
     5    0.02    0.05    0.13    2.14 v input1/X (sky130_fd_sc_hd__clkbuf_4)
                                         net1 (net)
                  0.05    0.00    2.14 v _306_/A (sky130_fd_sc_hd__clkbuf_8)
    10    0.04    0.06    0.16    2.30 v _306_/X (sky130_fd_sc_hd__clkbuf_8)
                                         _160_ (net)
                  0.06    0.00    2.30 v _316_/A (sky130_fd_sc_hd__inv_2)
     1    0.00    0.03    0.05    2.35 ^ _316_/Y (sky130_fd_sc_hd__inv_2)
                                         _047_ (net)
                  0.03    0.00    2.35 ^ _349_/RESET_B (sky130_fd_sc_hd__dfrtp_2)
                                  2.35   data arrival time

                          0.00    0.00   clock clk (rise edge)
                          0.00    0.00   clock source latency
     1    0.01    0.04    0.03    0.03 ^ clk (in)
                                         clk (net)
                  0.04    0.00    0.03 ^ clkbuf_0_clk/A (sky130_fd_sc_hd__clkbuf_16)
     4    0.03    0.05    0.14    0.17 ^ clkbuf_0_clk/X (sky130_fd_sc_hd__clkbuf_16)
                                         clknet_0_clk (net)
                  0.05    0.00    0.17 ^ clkbuf_2_3__f_clk/A (sky130_fd_sc_hd__clkbuf_16)
     8    0.02    0.04    0.14    0.31 ^ clkbuf_2_3__f_clk/X (sky130_fd_sc_hd__clkbuf_16)
                                         clknet_2_3__leaf_clk (net)
                  0.04    0.00    0.31 ^ _349_/CLK (sky130_fd_sc_hd__dfrtp_2)
                          0.25    0.56   clock uncertainty
                          0.00    0.56   clock reconvergence pessimism
                          0.32    0.87   library removal time
                                  0.87   data required time
-----------------------------------------------------------------------------
                                  0.87   data required time
                                 -2.35   data arrival time
-----------------------------------------------------------------------------
                                  1.47   slack (MET)


Startpoint: rst (input port clocked by clk)
Endpoint: _350_ (removal check against rising-edge clock clk)
Path Group: asynchronous
Path Type: min

Fanout     Cap    Slew   Delay    Time   Description
-----------------------------------------------------------------------------
                          0.00    0.00   clock clk (rise edge)
                          0.00    0.00   clock network delay (propagated)
                          2.00    2.00 v input external delay
     1    0.00    0.01    0.00    2.00 v rst (in)
                                         rst (net)
                  0.01    0.00    2.00 v input1/A (sky130_fd_sc_hd__clkbuf_4)
     5    0.02    0.05    0.13    2.14 v input1/X (sky130_fd_sc_hd__clkbuf_4)
                                         net1 (net)
                  0.05    0.00    2.14 v _317_/A (sky130_fd_sc_hd__clkbuf_8)
    10    0.04    0.06    0.16    2.30 v _317_/X (sky130_fd_sc_hd__clkbuf_8)
                                         _161_ (net)
                  0.06    0.00    2.30 v _318_/A (sky130_fd_sc_hd__inv_2)
     1    0.00    0.03    0.05    2.35 ^ _318_/Y (sky130_fd_sc_hd__inv_2)
                                         _048_ (net)
                  0.03    0.00    2.35 ^ _350_/RESET_B (sky130_fd_sc_hd__dfrtp_2)
                                  2.35   data arrival time

                          0.00    0.00   clock clk (rise edge)
                          0.00    0.00   clock source latency
     1    0.01    0.04    0.03    0.03 ^ clk (in)
                                         clk (net)
                  0.04    0.00    0.03 ^ clkbuf_0_clk/A (sky130_fd_sc_hd__clkbuf_16)
     4    0.03    0.05    0.14    0.17 ^ clkbuf_0_clk/X (sky130_fd_sc_hd__clkbuf_16)
                                         clknet_0_clk (net)
                  0.05    0.00    0.17 ^ clkbuf_2_3__f_clk/A (sky130_fd_sc_hd__clkbuf_16)
     8    0.02    0.04    0.14    0.31 ^ clkbuf_2_3__f_clk/X (sky130_fd_sc_hd__clkbuf_16)
                                         clknet_2_3__leaf_clk (net)
                  0.04    0.00    0.31 ^ _350_/CLK (sky130_fd_sc_hd__dfrtp_2)
                          0.25    0.56   clock uncertainty
                          0.00    0.56   clock reconvergence pessimism
                          0.32    0.87   library removal time
                                  0.87   data required time
-----------------------------------------------------------------------------
                                  0.87   data required time
                                 -2.35   data arrival time
-----------------------------------------------------------------------------
                                  1.47   slack (MET)


Startpoint: rst (input port clocked by clk)
Endpoint: _354_ (removal check against rising-edge clock clk)
Path Group: asynchronous
Path Type: min

Fanout     Cap    Slew   Delay    Time   Description
-----------------------------------------------------------------------------
                          0.00    0.00   clock clk (rise edge)
                          0.00    0.00   clock network delay (propagated)
                          2.00    2.00 v input external delay
     1    0.00    0.01    0.00    2.00 v rst (in)
                                         rst (net)
                  0.01    0.00    2.00 v input1/A (sky130_fd_sc_hd__clkbuf_4)
     5    0.02    0.05    0.13    2.14 v input1/X (sky130_fd_sc_hd__clkbuf_4)
                                         net1 (net)
                  0.05    0.00    2.14 v _317_/A (sky130_fd_sc_hd__clkbuf_8)
    10    0.04    0.06    0.16    2.30 v _317_/X (sky130_fd_sc_hd__clkbuf_8)
                                         _161_ (net)
                  0.06    0.00    2.30 v _322_/A (sky130_fd_sc_hd__inv_2)
     1    0.00    0.03    0.05    2.35 ^ _322_/Y (sky130_fd_sc_hd__inv_2)
                                         _052_ (net)
                  0.03    0.00    2.35 ^ _354_/RESET_B (sky130_fd_sc_hd__dfrtp_4)
                                  2.35   data arrival time

                          0.00    0.00   clock clk (rise edge)
                          0.00    0.00   clock source latency
     1    0.01    0.04    0.03    0.03 ^ clk (in)
                                         clk (net)
                  0.04    0.00    0.03 ^ clkbuf_0_clk/A (sky130_fd_sc_hd__clkbuf_16)
     4    0.03    0.05    0.14    0.17 ^ clkbuf_0_clk/X (sky130_fd_sc_hd__clkbuf_16)
                                         clknet_0_clk (net)
                  0.05    0.00    0.17 ^ clkbuf_2_3__f_clk/A (sky130_fd_sc_hd__clkbuf_16)
     8    0.02    0.04    0.14    0.31 ^ clkbuf_2_3__f_clk/X (sky130_fd_sc_hd__clkbuf_16)
                                         clknet_2_3__leaf_clk (net)
                  0.04    0.00    0.31 ^ _354_/CLK (sky130_fd_sc_hd__dfrtp_4)
                          0.25    0.56   clock uncertainty
                          0.00    0.56   clock reconvergence pessimism
                          0.32    0.87   library removal time
                                  0.87   data required time
-----------------------------------------------------------------------------
                                  0.87   data required time
                                 -2.35   data arrival time
-----------------------------------------------------------------------------
                                  1.47   slack (MET)


Startpoint: rst (input port clocked by clk)
Endpoint: _335_ (removal check against rising-edge clock clk)
Path Group: asynchronous
Path Type: min

Fanout     Cap    Slew   Delay    Time   Description
-----------------------------------------------------------------------------
                          0.00    0.00   clock clk (rise edge)
                          0.00    0.00   clock network delay (propagated)
                          2.00    2.00 v input external delay
     1    0.00    0.01    0.00    2.00 v rst (in)
                                         rst (net)
                  0.01    0.00    2.00 v input1/A (sky130_fd_sc_hd__clkbuf_4)
     5    0.02    0.05    0.13    2.14 v input1/X (sky130_fd_sc_hd__clkbuf_4)
                                         net1 (net)
                  0.05    0.00    2.14 v _295_/A (sky130_fd_sc_hd__buf_4)
    10    0.04    0.07    0.17    2.31 v _295_/X (sky130_fd_sc_hd__buf_4)
                                         _159_ (net)
                  0.07    0.00    2.31 v _301_/A (sky130_fd_sc_hd__inv_2)
     1    0.00    0.03    0.05    2.36 ^ _301_/Y (sky130_fd_sc_hd__inv_2)
                                         _033_ (net)
                  0.03    0.00    2.36 ^ _335_/RESET_B (sky130_fd_sc_hd__dfrtp_2)
                                  2.36   data arrival time

                          0.00    0.00   clock clk (rise edge)
                          0.00    0.00   clock source latency
     1    0.01    0.04    0.03    0.03 ^ clk (in)
                                         clk (net)
                  0.04    0.00    0.03 ^ clkbuf_0_clk/A (sky130_fd_sc_hd__clkbuf_16)
     4    0.03    0.05    0.14    0.17 ^ clkbuf_0_clk/X (sky130_fd_sc_hd__clkbuf_16)
                                         clknet_0_clk (net)
                  0.05    0.00    0.17 ^ clkbuf_2_2__f_clk/A (sky130_fd_sc_hd__clkbuf_16)
     7    0.02    0.04    0.14    0.31 ^ clkbuf_2_2__f_clk/X (sky130_fd_sc_hd__clkbuf_16)
                                         clknet_2_2__leaf_clk (net)
                  0.04    0.00    0.31 ^ _335_/CLK (sky130_fd_sc_hd__dfrtp_2)
                          0.25    0.56   clock uncertainty
                          0.00    0.56   clock reconvergence pessimism
                          0.32    0.87   library removal time
                                  0.87   data required time
-----------------------------------------------------------------------------
                                  0.87   data required time
                                 -2.36   data arrival time
-----------------------------------------------------------------------------
                                  1.49   slack (MET)


Startpoint: rst (input port clocked by clk)
Endpoint: _331_ (removal check against rising-edge clock clk)
Path Group: asynchronous
Path Type: min

Fanout     Cap    Slew   Delay    Time   Description
-----------------------------------------------------------------------------
                          0.00    0.00   clock clk (rise edge)
                          0.00    0.00   clock network delay (propagated)
                          2.00    2.00 v input external delay
     1    0.00    0.01    0.00    2.00 v rst (in)
                                         rst (net)
                  0.01    0.00    2.00 v input1/A (sky130_fd_sc_hd__clkbuf_4)
     5    0.02    0.05    0.13    2.14 v input1/X (sky130_fd_sc_hd__clkbuf_4)
                                         net1 (net)
                  0.05    0.00    2.14 v _295_/A (sky130_fd_sc_hd__buf_4)
    10    0.04    0.07    0.17    2.31 v _295_/X (sky130_fd_sc_hd__buf_4)
                                         _159_ (net)
                  0.07    0.00    2.31 v _297_/A (sky130_fd_sc_hd__inv_2)
     1    0.00    0.03    0.05    2.36 ^ _297_/Y (sky130_fd_sc_hd__inv_2)
                                         _029_ (net)
                  0.03    0.00    2.36 ^ _331_/RESET_B (sky130_fd_sc_hd__dfrtp_4)
                                  2.36   data arrival time

                          0.00    0.00   clock clk (rise edge)
                          0.00    0.00   clock source latency
     1    0.01    0.04    0.03    0.03 ^ clk (in)
                                         clk (net)
                  0.04    0.00    0.03 ^ clkbuf_0_clk/A (sky130_fd_sc_hd__clkbuf_16)
     4    0.03    0.05    0.14    0.17 ^ clkbuf_0_clk/X (sky130_fd_sc_hd__clkbuf_16)
                                         clknet_0_clk (net)
                  0.05    0.00    0.17 ^ clkbuf_2_2__f_clk/A (sky130_fd_sc_hd__clkbuf_16)
     7    0.02    0.04    0.14    0.31 ^ clkbuf_2_2__f_clk/X (sky130_fd_sc_hd__clkbuf_16)
                                         clknet_2_2__leaf_clk (net)
                  0.04    0.00    0.31 ^ _331_/CLK (sky130_fd_sc_hd__dfrtp_4)
                          0.25    0.56   clock uncertainty
                          0.00    0.56   clock reconvergence pessimism
                          0.32    0.87   library removal time
                                  0.87   data required time
-----------------------------------------------------------------------------
                                  0.87   data required time
                                 -2.36   data arrival time
-----------------------------------------------------------------------------
                                  1.49   slack (MET)


Startpoint: rst (input port clocked by clk)
Endpoint: _336_ (removal check against rising-edge clock clk)
Path Group: asynchronous
Path Type: min

Fanout     Cap    Slew   Delay    Time   Description
-----------------------------------------------------------------------------
                          0.00    0.00   clock clk (rise edge)
                          0.00    0.00   clock network delay (propagated)
                          2.00    2.00 v input external delay
     1    0.00    0.01    0.00    2.00 v rst (in)
                                         rst (net)
                  0.01    0.00    2.00 v input1/A (sky130_fd_sc_hd__clkbuf_4)
     5    0.02    0.05    0.13    2.14 v input1/X (sky130_fd_sc_hd__clkbuf_4)
                                         net1 (net)
                  0.05    0.00    2.14 v _295_/A (sky130_fd_sc_hd__buf_4)
    10    0.04    0.07    0.17    2.31 v _295_/X (sky130_fd_sc_hd__buf_4)
                                         _159_ (net)
                  0.07    0.00    2.31 v _302_/A (sky130_fd_sc_hd__inv_2)
     1    0.00    0.03    0.05    2.36 ^ _302_/Y (sky130_fd_sc_hd__inv_2)
                                         _034_ (net)
                  0.03    0.00    2.36 ^ _336_/RESET_B (sky130_fd_sc_hd__dfrtp_2)
                                  2.36   data arrival time

                          0.00    0.00   clock clk (rise edge)
                          0.00    0.00   clock source latency
     1    0.01    0.04    0.03    0.03 ^ clk (in)
                                         clk (net)
                  0.04    0.00    0.03 ^ clkbuf_0_clk/A (sky130_fd_sc_hd__clkbuf_16)
     4    0.03    0.05    0.14    0.17 ^ clkbuf_0_clk/X (sky130_fd_sc_hd__clkbuf_16)
                                         clknet_0_clk (net)
                  0.05    0.00    0.17 ^ clkbuf_2_1__f_clk/A (sky130_fd_sc_hd__clkbuf_16)
    11    0.02    0.04    0.14    0.31 ^ clkbuf_2_1__f_clk/X (sky130_fd_sc_hd__clkbuf_16)
                                         clknet_2_1__leaf_clk (net)
                  0.04    0.00    0.31 ^ _336_/CLK (sky130_fd_sc_hd__dfrtp_2)
                          0.25    0.56   clock uncertainty
                          0.00    0.56   clock reconvergence pessimism
                          0.32    0.87   library removal time
                                  0.87   data required time
-----------------------------------------------------------------------------
                                  0.87   data required time
                                 -2.36   data arrival time
-----------------------------------------------------------------------------
                                  1.49   slack (MET)


Startpoint: rst (input port clocked by clk)
Endpoint: _337_ (removal check against rising-edge clock clk)
Path Group: asynchronous
Path Type: min

Fanout     Cap    Slew   Delay    Time   Description
-----------------------------------------------------------------------------
                          0.00    0.00   clock clk (rise edge)
                          0.00    0.00   clock network delay (propagated)
                          2.00    2.00 v input external delay
     1    0.00    0.01    0.00    2.00 v rst (in)
                                         rst (net)
                  0.01    0.00    2.00 v input1/A (sky130_fd_sc_hd__clkbuf_4)
     5    0.02    0.05    0.13    2.14 v input1/X (sky130_fd_sc_hd__clkbuf_4)
                                         net1 (net)
                  0.05    0.00    2.14 v _295_/A (sky130_fd_sc_hd__buf_4)
    10    0.04    0.07    0.17    2.31 v _295_/X (sky130_fd_sc_hd__buf_4)
                                         _159_ (net)
                  0.07    0.00    2.31 v _303_/A (sky130_fd_sc_hd__inv_2)
     1    0.00    0.03    0.05    2.36 ^ _303_/Y (sky130_fd_sc_hd__inv_2)
                                         _035_ (net)
                  0.03    0.00    2.36 ^ _337_/RESET_B (sky130_fd_sc_hd__dfrtp_2)
                                  2.36   data arrival time

                          0.00    0.00   clock clk (rise edge)
                          0.00    0.00   clock source latency
     1    0.01    0.04    0.03    0.03 ^ clk (in)
                                         clk (net)
                  0.04    0.00    0.03 ^ clkbuf_0_clk/A (sky130_fd_sc_hd__clkbuf_16)
     4    0.03    0.05    0.14    0.17 ^ clkbuf_0_clk/X (sky130_fd_sc_hd__clkbuf_16)
                                         clknet_0_clk (net)
                  0.05    0.00    0.17 ^ clkbuf_2_1__f_clk/A (sky130_fd_sc_hd__clkbuf_16)
    11    0.02    0.04    0.14    0.31 ^ clkbuf_2_1__f_clk/X (sky130_fd_sc_hd__clkbuf_16)
                                         clknet_2_1__leaf_clk (net)
                  0.04    0.00    0.31 ^ _337_/CLK (sky130_fd_sc_hd__dfrtp_2)
                          0.25    0.56   clock uncertainty
                          0.00    0.56   clock reconvergence pessimism
                          0.32    0.87   library removal time
                                  0.87   data required time
-----------------------------------------------------------------------------
                                  0.87   data required time
                                 -2.36   data arrival time
-----------------------------------------------------------------------------
                                  1.49   slack (MET)


Startpoint: rst (input port clocked by clk)
Endpoint: _330_ (removal check against rising-edge clock clk)
Path Group: asynchronous
Path Type: min

Fanout     Cap    Slew   Delay    Time   Description
-----------------------------------------------------------------------------
                          0.00    0.00   clock clk (rise edge)
                          0.00    0.00   clock network delay (propagated)
                          2.00    2.00 v input external delay
     1    0.00    0.01    0.00    2.00 v rst (in)
                                         rst (net)
                  0.01    0.00    2.00 v input1/A (sky130_fd_sc_hd__clkbuf_4)
     5    0.02    0.05    0.13    2.14 v input1/X (sky130_fd_sc_hd__clkbuf_4)
                                         net1 (net)
                  0.05    0.00    2.14 v _295_/A (sky130_fd_sc_hd__buf_4)
    10    0.04    0.07    0.17    2.31 v _295_/X (sky130_fd_sc_hd__buf_4)
                                         _159_ (net)
                  0.07    0.00    2.31 v _296_/A (sky130_fd_sc_hd__inv_2)
     1    0.00    0.03    0.05    2.36 ^ _296_/Y (sky130_fd_sc_hd__inv_2)
                                         _028_ (net)
                  0.03    0.00    2.36 ^ _330_/RESET_B (sky130_fd_sc_hd__dfrtp_4)
                                  2.36   data arrival time

                          0.00    0.00   clock clk (rise edge)
                          0.00    0.00   clock source latency
     1    0.01    0.04    0.03    0.03 ^ clk (in)
                                         clk (net)
                  0.04    0.00    0.03 ^ clkbuf_0_clk/A (sky130_fd_sc_hd__clkbuf_16)
     4    0.03    0.05    0.14    0.17 ^ clkbuf_0_clk/X (sky130_fd_sc_hd__clkbuf_16)
                                         clknet_0_clk (net)
                  0.05    0.00    0.17 ^ clkbuf_2_1__f_clk/A (sky130_fd_sc_hd__clkbuf_16)
    11    0.02    0.04    0.14    0.31 ^ clkbuf_2_1__f_clk/X (sky130_fd_sc_hd__clkbuf_16)
                                         clknet_2_1__leaf_clk (net)
                  0.04    0.00    0.31 ^ _330_/CLK (sky130_fd_sc_hd__dfrtp_4)
                          0.25    0.56   clock uncertainty
                          0.00    0.56   clock reconvergence pessimism
                          0.32    0.87   library removal time
                                  0.87   data required time
-----------------------------------------------------------------------------
                                  0.87   data required time
                                 -2.36   data arrival time
-----------------------------------------------------------------------------
                                  1.49   slack (MET)


Startpoint: rst (input port clocked by clk)
Endpoint: _332_ (removal check against rising-edge clock clk)
Path Group: asynchronous
Path Type: min

Fanout     Cap    Slew   Delay    Time   Description
-----------------------------------------------------------------------------
                          0.00    0.00   clock clk (rise edge)
                          0.00    0.00   clock network delay (propagated)
                          2.00    2.00 v input external delay
     1    0.00    0.01    0.00    2.00 v rst (in)
                                         rst (net)
                  0.01    0.00    2.00 v input1/A (sky130_fd_sc_hd__clkbuf_4)
     5    0.02    0.05    0.13    2.14 v input1/X (sky130_fd_sc_hd__clkbuf_4)
                                         net1 (net)
                  0.05    0.00    2.14 v _295_/A (sky130_fd_sc_hd__buf_4)
    10    0.04    0.07    0.17    2.31 v _295_/X (sky130_fd_sc_hd__buf_4)
                                         _159_ (net)
                  0.07    0.00    2.31 v _298_/A (sky130_fd_sc_hd__inv_2)
     1    0.00    0.03    0.05    2.36 ^ _298_/Y (sky130_fd_sc_hd__inv_2)
                                         _030_ (net)
                  0.03    0.00    2.36 ^ _332_/RESET_B (sky130_fd_sc_hd__dfrtp_4)
                                  2.36   data arrival time

                          0.00    0.00   clock clk (rise edge)
                          0.00    0.00   clock source latency
     1    0.01    0.04    0.03    0.03 ^ clk (in)
                                         clk (net)
                  0.04    0.00    0.03 ^ clkbuf_0_clk/A (sky130_fd_sc_hd__clkbuf_16)
     4    0.03    0.05    0.14    0.17 ^ clkbuf_0_clk/X (sky130_fd_sc_hd__clkbuf_16)
                                         clknet_0_clk (net)
                  0.05    0.00    0.17 ^ clkbuf_2_1__f_clk/A (sky130_fd_sc_hd__clkbuf_16)
    11    0.02    0.04    0.14    0.31 ^ clkbuf_2_1__f_clk/X (sky130_fd_sc_hd__clkbuf_16)
                                         clknet_2_1__leaf_clk (net)
                  0.04    0.00    0.31 ^ _332_/CLK (sky130_fd_sc_hd__dfrtp_4)
                          0.25    0.56   clock uncertainty
                          0.00    0.56   clock reconvergence pessimism
                          0.32    0.87   library removal time
                                  0.87   data required time
-----------------------------------------------------------------------------
                                  0.87   data required time
                                 -2.36   data arrival time
-----------------------------------------------------------------------------
                                  1.49   slack (MET)


Startpoint: rst (input port clocked by clk)
Endpoint: _334_ (removal check against rising-edge clock clk)
Path Group: asynchronous
Path Type: min

Fanout     Cap    Slew   Delay    Time   Description
-----------------------------------------------------------------------------
                          0.00    0.00   clock clk (rise edge)
                          0.00    0.00   clock network delay (propagated)
                          2.00    2.00 v input external delay
     1    0.00    0.01    0.00    2.00 v rst (in)
                                         rst (net)
                  0.01    0.00    2.00 v input1/A (sky130_fd_sc_hd__clkbuf_4)
     5    0.02    0.05    0.13    2.14 v input1/X (sky130_fd_sc_hd__clkbuf_4)
                                         net1 (net)
                  0.05    0.00    2.14 v _295_/A (sky130_fd_sc_hd__buf_4)
    10    0.04    0.07    0.17    2.31 v _295_/X (sky130_fd_sc_hd__buf_4)
                                         _159_ (net)
                  0.07    0.00    2.31 v _300_/A (sky130_fd_sc_hd__inv_2)
     1    0.00    0.03    0.05    2.36 ^ _300_/Y (sky130_fd_sc_hd__inv_2)
                                         _032_ (net)
                  0.03    0.00    2.36 ^ _334_/RESET_B (sky130_fd_sc_hd__dfrtp_4)
                                  2.36   data arrival time

                          0.00    0.00   clock clk (rise edge)
                          0.00    0.00   clock source latency
     1    0.01    0.04    0.03    0.03 ^ clk (in)
                                         clk (net)
                  0.04    0.00    0.03 ^ clkbuf_0_clk/A (sky130_fd_sc_hd__clkbuf_16)
     4    0.03    0.05    0.14    0.17 ^ clkbuf_0_clk/X (sky130_fd_sc_hd__clkbuf_16)
                                         clknet_0_clk (net)
                  0.05    0.00    0.17 ^ clkbuf_2_1__f_clk/A (sky130_fd_sc_hd__clkbuf_16)
    11    0.02    0.04    0.14    0.31 ^ clkbuf_2_1__f_clk/X (sky130_fd_sc_hd__clkbuf_16)
                                         clknet_2_1__leaf_clk (net)
                  0.04    0.00    0.31 ^ _334_/CLK (sky130_fd_sc_hd__dfrtp_4)
                          0.25    0.56   clock uncertainty
                          0.00    0.56   clock reconvergence pessimism
                          0.32    0.87   library removal time
                                  0.87   data required time
-----------------------------------------------------------------------------
                                  0.87   data required time
                                 -2.36   data arrival time
-----------------------------------------------------------------------------
                                  1.49   slack (MET)


Startpoint: rst (input port clocked by clk)
Endpoint: _339_ (removal check against rising-edge clock clk)
Path Group: asynchronous
Path Type: min

Fanout     Cap    Slew   Delay    Time   Description
-----------------------------------------------------------------------------
                          0.00    0.00   clock clk (rise edge)
                          0.00    0.00   clock network delay (propagated)
                          2.00    2.00 v input external delay
     1    0.00    0.01    0.00    2.00 v rst (in)
                                         rst (net)
                  0.01    0.00    2.00 v input1/A (sky130_fd_sc_hd__clkbuf_4)
     5    0.02    0.05    0.13    2.14 v input1/X (sky130_fd_sc_hd__clkbuf_4)
                                         net1 (net)
                  0.05    0.00    2.14 v _295_/A (sky130_fd_sc_hd__buf_4)
    10    0.04    0.07    0.17    2.31 v _295_/X (sky130_fd_sc_hd__buf_4)
                                         _159_ (net)
                  0.07    0.00    2.31 v _305_/A (sky130_fd_sc_hd__inv_2)
     1    0.00    0.03    0.05    2.36 ^ _305_/Y (sky130_fd_sc_hd__inv_2)
                                         _037_ (net)
                  0.03    0.00    2.36 ^ _339_/RESET_B (sky130_fd_sc_hd__dfrtp_2)
                                  2.36   data arrival time

                          0.00    0.00   clock clk (rise edge)
                          0.00    0.00   clock source latency
     1    0.01    0.04    0.03    0.03 ^ clk (in)
                                         clk (net)
                  0.04    0.00    0.03 ^ clkbuf_0_clk/A (sky130_fd_sc_hd__clkbuf_16)
     4    0.03    0.05    0.14    0.17 ^ clkbuf_0_clk/X (sky130_fd_sc_hd__clkbuf_16)
                                         clknet_0_clk (net)
                  0.05    0.00    0.17 ^ clkbuf_2_0__f_clk/A (sky130_fd_sc_hd__clkbuf_16)
     9    0.02    0.04    0.14    0.31 ^ clkbuf_2_0__f_clk/X (sky130_fd_sc_hd__clkbuf_16)
                                         clknet_2_0__leaf_clk (net)
                  0.04    0.00    0.31 ^ _339_/CLK (sky130_fd_sc_hd__dfrtp_2)
                          0.25    0.56   clock uncertainty
                          0.00    0.56   clock reconvergence pessimism
                          0.32    0.87   library removal time
                                  0.87   data required time
-----------------------------------------------------------------------------
                                  0.87   data required time
                                 -2.36   data arrival time
-----------------------------------------------------------------------------
                                  1.49   slack (MET)


Startpoint: rst (input port clocked by clk)
Endpoint: _338_ (removal check against rising-edge clock clk)
Path Group: asynchronous
Path Type: min

Fanout     Cap    Slew   Delay    Time   Description
-----------------------------------------------------------------------------
                          0.00    0.00   clock clk (rise edge)
                          0.00    0.00   clock network delay (propagated)
                          2.00    2.00 v input external delay
     1    0.00    0.01    0.00    2.00 v rst (in)
                                         rst (net)
                  0.01    0.00    2.00 v input1/A (sky130_fd_sc_hd__clkbuf_4)
     5    0.02    0.05    0.13    2.14 v input1/X (sky130_fd_sc_hd__clkbuf_4)
                                         net1 (net)
                  0.05    0.00    2.14 v _295_/A (sky130_fd_sc_hd__buf_4)
    10    0.04    0.07    0.17    2.31 v _295_/X (sky130_fd_sc_hd__buf_4)
                                         _159_ (net)
                  0.07    0.00    2.31 v _304_/A (sky130_fd_sc_hd__inv_2)
     1    0.00    0.03    0.05    2.36 ^ _304_/Y (sky130_fd_sc_hd__inv_2)
                                         _036_ (net)
                  0.03    0.00    2.36 ^ _338_/RESET_B (sky130_fd_sc_hd__dfrtp_4)
                                  2.36   data arrival time

                          0.00    0.00   clock clk (rise edge)
                          0.00    0.00   clock source latency
     1    0.01    0.04    0.03    0.03 ^ clk (in)
                                         clk (net)
                  0.04    0.00    0.03 ^ clkbuf_0_clk/A (sky130_fd_sc_hd__clkbuf_16)
     4    0.03    0.05    0.14    0.17 ^ clkbuf_0_clk/X (sky130_fd_sc_hd__clkbuf_16)
                                         clknet_0_clk (net)
                  0.05    0.00    0.17 ^ clkbuf_2_3__f_clk/A (sky130_fd_sc_hd__clkbuf_16)
     8    0.02    0.04    0.14    0.31 ^ clkbuf_2_3__f_clk/X (sky130_fd_sc_hd__clkbuf_16)
                                         clknet_2_3__leaf_clk (net)
                  0.04    0.00    0.31 ^ _338_/CLK (sky130_fd_sc_hd__dfrtp_4)
                          0.25    0.56   clock uncertainty
                          0.00    0.56   clock reconvergence pessimism
                          0.32    0.87   library removal time
                                  0.87   data required time
-----------------------------------------------------------------------------
                                  0.87   data required time
                                 -2.36   data arrival time
-----------------------------------------------------------------------------
                                  1.49   slack (MET)


Startpoint: rst (input port clocked by clk)
Endpoint: _333_ (removal check against rising-edge clock clk)
Path Group: asynchronous
Path Type: min

Fanout     Cap    Slew   Delay    Time   Description
-----------------------------------------------------------------------------
                          0.00    0.00   clock clk (rise edge)
                          0.00    0.00   clock network delay (propagated)
                          2.00    2.00 v input external delay
     1    0.00    0.01    0.00    2.00 v rst (in)
                                         rst (net)
                  0.01    0.00    2.00 v input1/A (sky130_fd_sc_hd__clkbuf_4)
     5    0.02    0.05    0.13    2.14 v input1/X (sky130_fd_sc_hd__clkbuf_4)
                                         net1 (net)
                  0.05    0.00    2.14 v _295_/A (sky130_fd_sc_hd__buf_4)
    10    0.04    0.07    0.17    2.31 v _295_/X (sky130_fd_sc_hd__buf_4)
                                         _159_ (net)
                  0.07    0.00    2.31 v _299_/A (sky130_fd_sc_hd__inv_2)
     1    0.00    0.03    0.05    2.36 ^ _299_/Y (sky130_fd_sc_hd__inv_2)
                                         _031_ (net)
                  0.03    0.00    2.36 ^ _333_/RESET_B (sky130_fd_sc_hd__dfrtp_1)
                                  2.36   data arrival time

                          0.00    0.00   clock clk (rise edge)
                          0.00    0.00   clock source latency
     1    0.01    0.04    0.03    0.03 ^ clk (in)
                                         clk (net)
                  0.04    0.00    0.03 ^ clkbuf_0_clk/A (sky130_fd_sc_hd__clkbuf_16)
     4    0.03    0.05    0.14    0.17 ^ clkbuf_0_clk/X (sky130_fd_sc_hd__clkbuf_16)
                                         clknet_0_clk (net)
                  0.05    0.00    0.17 ^ clkbuf_2_3__f_clk/A (sky130_fd_sc_hd__clkbuf_16)
     8    0.02    0.04    0.14    0.31 ^ clkbuf_2_3__f_clk/X (sky130_fd_sc_hd__clkbuf_16)
                                         clknet_2_3__leaf_clk (net)
                  0.04    0.00    0.31 ^ _333_/CLK (sky130_fd_sc_hd__dfrtp_1)
                          0.25    0.56   clock uncertainty
                          0.00    0.56   clock reconvergence pessimism
                          0.32    0.87   library removal time
                                  0.87   data required time
-----------------------------------------------------------------------------
                                  0.87   data required time
                                 -2.36   data arrival time
-----------------------------------------------------------------------------
                                  1.49   slack (MET)


Startpoint: _359_ (rising edge-triggered flip-flop clocked by clk)
Endpoint: seg[6] (output port clocked by clk)
Path Group: clk
Path Type: min

Fanout     Cap    Slew   Delay    Time   Description
-----------------------------------------------------------------------------
                          0.00    0.00   clock clk (rise edge)
                          0.00    0.00   clock source latency
     1    0.01    0.04    0.03    0.03 ^ clk (in)
                                         clk (net)
                  0.04    0.00    0.03 ^ clkbuf_0_clk/A (sky130_fd_sc_hd__clkbuf_16)
     4    0.03    0.05    0.13    0.15 ^ clkbuf_0_clk/X (sky130_fd_sc_hd__clkbuf_16)
                                         clknet_0_clk (net)
                  0.05    0.00    0.15 ^ clkbuf_2_0__f_clk/A (sky130_fd_sc_hd__clkbuf_16)
     9    0.02    0.04    0.12    0.28 ^ clkbuf_2_0__f_clk/X (sky130_fd_sc_hd__clkbuf_16)
                                         clknet_2_0__leaf_clk (net)
                  0.04    0.00    0.28 ^ _359_/CLK (sky130_fd_sc_hd__dfrtp_4)
     7    0.02    0.09    0.41    0.69 ^ _359_/Q (sky130_fd_sc_hd__dfrtp_4)
                                         decoder.digit[1] (net)
                  0.09    0.00    0.69 ^ _294_/A1 (sky130_fd_sc_hd__a21boi_2)
     2    0.00    0.04    0.05    0.74 v _294_/Y (sky130_fd_sc_hd__a21boi_2)
                                         net8 (net)
                  0.04    0.00    0.74 v output8/A (sky130_fd_sc_hd__buf_2)
     1    0.03    0.09    0.17    0.90 v output8/X (sky130_fd_sc_hd__buf_2)
                                         seg[6] (net)
                  0.09    0.00    0.90 v seg[6] (out)
                                  0.90   data arrival time

                          0.00    0.00   clock clk (rise edge)
                          0.00    0.00   clock network delay (propagated)
                          0.25    0.25   clock uncertainty
                          0.00    0.25   clock reconvergence pessimism
                         -2.00   -1.75   output external delay
                                 -1.75   data required time
-----------------------------------------------------------------------------
                                 -1.75   data required time
                                 -0.90   data arrival time
-----------------------------------------------------------------------------
                                  2.65   slack (MET)


Startpoint: _358_ (rising edge-triggered flip-flop clocked by clk)
Endpoint: seg[2] (output port clocked by clk)
Path Group: clk
Path Type: min

Fanout     Cap    Slew   Delay    Time   Description
-----------------------------------------------------------------------------
                          0.00    0.00   clock clk (rise edge)
                          0.00    0.00   clock source latency
     1    0.01    0.04    0.03    0.03 ^ clk (in)
                                         clk (net)
                  0.04    0.00    0.03 ^ clkbuf_0_clk/A (sky130_fd_sc_hd__clkbuf_16)
     4    0.03    0.05    0.13    0.15 ^ clkbuf_0_clk/X (sky130_fd_sc_hd__clkbuf_16)
                                         clknet_0_clk (net)
                  0.05    0.00    0.15 ^ clkbuf_2_2__f_clk/A (sky130_fd_sc_hd__clkbuf_16)
     7    0.02    0.04    0.12    0.28 ^ clkbuf_2_2__f_clk/X (sky130_fd_sc_hd__clkbuf_16)
                                         clknet_2_2__leaf_clk (net)
                  0.04    0.00    0.28 ^ _358_/CLK (sky130_fd_sc_hd__dfrtp_4)
     8    0.02    0.09    0.41    0.69 ^ _358_/Q (sky130_fd_sc_hd__dfrtp_4)
                                         decoder.digit[0] (net)
                  0.09    0.00    0.69 ^ _289_/A1 (sky130_fd_sc_hd__a21oi_1)
     1    0.00    0.04    0.06    0.75 v _289_/Y (sky130_fd_sc_hd__a21oi_1)
                                         net4 (net)
                  0.04    0.00    0.75 v output4/A (sky130_fd_sc_hd__buf_2)
     1    0.03    0.09    0.17    0.91 v output4/X (sky130_fd_sc_hd__buf_2)
                                         seg[2] (net)
                  0.09    0.00    0.91 v seg[2] (out)
                                  0.91   data arrival time

                          0.00    0.00   clock clk (rise edge)
                          0.00    0.00   clock network delay (propagated)
                          0.25    0.25   clock uncertainty
                          0.00    0.25   clock reconvergence pessimism
                         -2.00   -1.75   output external delay
                                 -1.75   data required time
-----------------------------------------------------------------------------
                                 -1.75   data required time
                                 -0.91   data arrival time
-----------------------------------------------------------------------------
                                  2.66   slack (MET)


Startpoint: _361_ (rising edge-triggered flip-flop clocked by clk)
Endpoint: seg[3] (output port clocked by clk)
Path Group: clk
Path Type: min

Fanout     Cap    Slew   Delay    Time   Description
-----------------------------------------------------------------------------
                          0.00    0.00   clock clk (rise edge)
                          0.00    0.00   clock source latency
     1    0.01    0.04    0.03    0.03 ^ clk (in)
                                         clk (net)
                  0.04    0.00    0.03 ^ clkbuf_0_clk/A (sky130_fd_sc_hd__clkbuf_16)
     4    0.03    0.05    0.13    0.15 ^ clkbuf_0_clk/X (sky130_fd_sc_hd__clkbuf_16)
                                         clknet_0_clk (net)
                  0.05    0.00    0.15 ^ clkbuf_2_0__f_clk/A (sky130_fd_sc_hd__clkbuf_16)
     9    0.02    0.04    0.12    0.28 ^ clkbuf_2_0__f_clk/X (sky130_fd_sc_hd__clkbuf_16)
                                         clknet_2_0__leaf_clk (net)
                  0.04    0.00    0.28 ^ _361_/CLK (sky130_fd_sc_hd__dfrtp_4)
     6    0.02    0.09    0.41    0.69 ^ _361_/Q (sky130_fd_sc_hd__dfrtp_4)
                                         decoder.digit[3] (net)
                  0.09    0.00    0.69 ^ _287_/D1 (sky130_fd_sc_hd__a2111o_1)
     2    0.00    0.05    0.10    0.79 ^ _287_/X (sky130_fd_sc_hd__a2111o_1)
                                         net5 (net)
                  0.05    0.00    0.79 ^ output5/A (sky130_fd_sc_hd__buf_2)
     1    0.03    0.17    0.19    0.97 ^ output5/X (sky130_fd_sc_hd__buf_2)
                                         seg[3] (net)
                  0.17    0.00    0.97 ^ seg[3] (out)
                                  0.97   data arrival time

                          0.00    0.00   clock clk (rise edge)
                          0.00    0.00   clock network delay (propagated)
                          0.25    0.25   clock uncertainty
                          0.00    0.25   clock reconvergence pessimism
                         -2.00   -1.75   output external delay
                                 -1.75   data required time
-----------------------------------------------------------------------------
                                 -1.75   data required time
                                 -0.97   data arrival time
-----------------------------------------------------------------------------
                                  2.72   slack (MET)


Startpoint: _360_ (rising edge-triggered flip-flop clocked by clk)
Endpoint: seg[1] (output port clocked by clk)
Path Group: clk
Path Type: min

Fanout     Cap    Slew   Delay    Time   Description
-----------------------------------------------------------------------------
                          0.00    0.00   clock clk (rise edge)
                          0.00    0.00   clock source latency
     1    0.01    0.04    0.03    0.03 ^ clk (in)
                                         clk (net)
                  0.04    0.00    0.03 ^ clkbuf_0_clk/A (sky130_fd_sc_hd__clkbuf_16)
     4    0.03    0.05    0.13    0.15 ^ clkbuf_0_clk/X (sky130_fd_sc_hd__clkbuf_16)
                                         clknet_0_clk (net)
                  0.05    0.00    0.15 ^ clkbuf_2_3__f_clk/A (sky130_fd_sc_hd__clkbuf_16)
     8    0.02    0.04    0.12    0.28 ^ clkbuf_2_3__f_clk/X (sky130_fd_sc_hd__clkbuf_16)
                                         clknet_2_3__leaf_clk (net)
                  0.04    0.00    0.28 ^ _360_/CLK (sky130_fd_sc_hd__dfrtp_4)
     6    0.02    0.09    0.41    0.68 ^ _360_/Q (sky130_fd_sc_hd__dfrtp_4)
                                         decoder.digit[2] (net)
                  0.09    0.00    0.68 ^ _285_/B (sky130_fd_sc_hd__nor2_2)
     4    0.01    0.04    0.05    0.74 v _285_/Y (sky130_fd_sc_hd__nor2_2)
                                         _155_ (net)
                  0.04    0.00    0.74 v _288_/B (sky130_fd_sc_hd__nor2_1)
     1    0.00    0.06    0.06    0.80 ^ _288_/Y (sky130_fd_sc_hd__nor2_1)
                                         net3 (net)
                  0.06    0.00    0.80 ^ output3/A (sky130_fd_sc_hd__buf_2)
     1    0.03    0.17    0.19    0.99 ^ output3/X (sky130_fd_sc_hd__buf_2)
                                         seg[1] (net)
                  0.17    0.00    0.99 ^ seg[1] (out)
                                  0.99   data arrival time

                          0.00    0.00   clock clk (rise edge)
                          0.00    0.00   clock network delay (propagated)
                          0.25    0.25   clock uncertainty
                          0.00    0.25   clock reconvergence pessimism
                         -2.00   -1.75   output external delay
                                 -1.75   data required time
-----------------------------------------------------------------------------
                                 -1.75   data required time
                                 -0.99   data arrival time
-----------------------------------------------------------------------------
                                  2.74   slack (MET)


Startpoint: _360_ (rising edge-triggered flip-flop clocked by clk)
Endpoint: seg[4] (output port clocked by clk)
Path Group: clk
Path Type: min

Fanout     Cap    Slew   Delay    Time   Description
-----------------------------------------------------------------------------
                          0.00    0.00   clock clk (rise edge)
                          0.00    0.00   clock source latency
     1    0.01    0.04    0.03    0.03 ^ clk (in)
                                         clk (net)
                  0.04    0.00    0.03 ^ clkbuf_0_clk/A (sky130_fd_sc_hd__clkbuf_16)
     4    0.03    0.05    0.13    0.15 ^ clkbuf_0_clk/X (sky130_fd_sc_hd__clkbuf_16)
                                         clknet_0_clk (net)
                  0.05    0.00    0.15 ^ clkbuf_2_3__f_clk/A (sky130_fd_sc_hd__clkbuf_16)
     8    0.02    0.04    0.12    0.28 ^ clkbuf_2_3__f_clk/X (sky130_fd_sc_hd__clkbuf_16)
                                         clknet_2_3__leaf_clk (net)
                  0.04    0.00    0.28 ^ _360_/CLK (sky130_fd_sc_hd__dfrtp_4)
     6    0.02    0.09    0.41    0.68 ^ _360_/Q (sky130_fd_sc_hd__dfrtp_4)
                                         decoder.digit[2] (net)
                  0.09    0.00    0.68 ^ _290_/B (sky130_fd_sc_hd__or3_1)
     1    0.00    0.03    0.10    0.78 ^ _290_/X (sky130_fd_sc_hd__or3_1)
                                         _157_ (net)
                  0.03    0.00    0.78 ^ _291_/A (sky130_fd_sc_hd__buf_1)
     1    0.00    0.03    0.07    0.85 ^ _291_/X (sky130_fd_sc_hd__buf_1)
                                         net6 (net)
                  0.03    0.00    0.85 ^ output6/A (sky130_fd_sc_hd__buf_2)
     1    0.03    0.17    0.18    1.03 ^ output6/X (sky130_fd_sc_hd__buf_2)
                                         seg[4] (net)
                  0.17    0.00    1.03 ^ seg[4] (out)
                                  1.03   data arrival time

                          0.00    0.00   clock clk (rise edge)
                          0.00    0.00   clock network delay (propagated)
                          0.25    0.25   clock uncertainty
                          0.00    0.25   clock reconvergence pessimism
                         -2.00   -1.75   output external delay
                                 -1.75   data required time
-----------------------------------------------------------------------------
                                 -1.75   data required time
                                 -1.03   data arrival time
-----------------------------------------------------------------------------
                                  2.78   slack (MET)


Startpoint: _359_ (rising edge-triggered flip-flop clocked by clk)
Endpoint: seg[5] (output port clocked by clk)
Path Group: clk
Path Type: min

Fanout     Cap    Slew   Delay    Time   Description
-----------------------------------------------------------------------------
                          0.00    0.00   clock clk (rise edge)
                          0.00    0.00   clock source latency
     1    0.01    0.04    0.03    0.03 ^ clk (in)
                                         clk (net)
                  0.04    0.00    0.03 ^ clkbuf_0_clk/A (sky130_fd_sc_hd__clkbuf_16)
     4    0.03    0.05    0.13    0.15 ^ clkbuf_0_clk/X (sky130_fd_sc_hd__clkbuf_16)
                                         clknet_0_clk (net)
                  0.05    0.00    0.15 ^ clkbuf_2_0__f_clk/A (sky130_fd_sc_hd__clkbuf_16)
     9    0.02    0.04    0.12    0.28 ^ clkbuf_2_0__f_clk/X (sky130_fd_sc_hd__clkbuf_16)
                                         clknet_2_0__leaf_clk (net)
                  0.04    0.00    0.28 ^ _359_/CLK (sky130_fd_sc_hd__dfrtp_4)
     7    0.02    0.09    0.41    0.69 ^ _359_/Q (sky130_fd_sc_hd__dfrtp_4)
                                         decoder.digit[1] (net)
                  0.09    0.00    0.69 ^ _292_/B (sky130_fd_sc_hd__or3_1)
     1    0.00    0.03    0.10    0.79 ^ _292_/X (sky130_fd_sc_hd__or3_1)
                                         _158_ (net)
                  0.03    0.00    0.79 ^ _293_/A (sky130_fd_sc_hd__clkbuf_1)
     1    0.00    0.03    0.07    0.85 ^ _293_/X (sky130_fd_sc_hd__clkbuf_1)
                                         net7 (net)
                  0.03    0.00    0.85 ^ output7/A (sky130_fd_sc_hd__buf_2)
     1    0.03    0.17    0.18    1.03 ^ output7/X (sky130_fd_sc_hd__buf_2)
                                         seg[5] (net)
                  0.17    0.00    1.03 ^ seg[5] (out)
                                  1.03   data arrival time

                          0.00    0.00   clock clk (rise edge)
                          0.00    0.00   clock network delay (propagated)
                          0.25    0.25   clock uncertainty
                          0.00    0.25   clock reconvergence pessimism
                         -2.00   -1.75   output external delay
                                 -1.75   data required time
-----------------------------------------------------------------------------
                                 -1.75   data required time
                                 -1.03   data arrival time
-----------------------------------------------------------------------------
                                  2.78   slack (MET)


Startpoint: _361_ (rising edge-triggered flip-flop clocked by clk)
Endpoint: seg[0] (output port clocked by clk)
Path Group: clk
Path Type: min

Fanout     Cap    Slew   Delay    Time   Description
-----------------------------------------------------------------------------
                          0.00    0.00   clock clk (rise edge)
                          0.00    0.00   clock source latency
     1    0.01    0.04    0.03    0.03 ^ clk (in)
                                         clk (net)
                  0.04    0.00    0.03 ^ clkbuf_0_clk/A (sky130_fd_sc_hd__clkbuf_16)
     4    0.03    0.05    0.13    0.15 ^ clkbuf_0_clk/X (sky130_fd_sc_hd__clkbuf_16)
                                         clknet_0_clk (net)
                  0.05    0.00    0.15 ^ clkbuf_2_0__f_clk/A (sky130_fd_sc_hd__clkbuf_16)
     9    0.02    0.04    0.12    0.28 ^ clkbuf_2_0__f_clk/X (sky130_fd_sc_hd__clkbuf_16)
                                         clknet_2_0__leaf_clk (net)
                  0.04    0.00    0.28 ^ _361_/CLK (sky130_fd_sc_hd__dfrtp_4)
     6    0.02    0.09    0.41    0.69 ^ _361_/Q (sky130_fd_sc_hd__dfrtp_4)
                                         decoder.digit[3] (net)
                  0.09    0.00    0.69 ^ _287_/D1 (sky130_fd_sc_hd__a2111o_1)
     2    0.00    0.05    0.10    0.79 ^ _287_/X (sky130_fd_sc_hd__a2111o_1)
                                         net5 (net)
                  0.05    0.00    0.79 ^ _370_/A (sky130_fd_sc_hd__buf_1)
     1    0.00    0.03    0.07    0.86 ^ _370_/X (sky130_fd_sc_hd__buf_1)
                                         net2 (net)
                  0.03    0.00    0.86 ^ output2/A (sky130_fd_sc_hd__buf_2)
     1    0.03    0.17    0.18    1.04 ^ output2/X (sky130_fd_sc_hd__buf_2)
                                         seg[0] (net)
                  0.17    0.00    1.04 ^ seg[0] (out)
                                  1.04   data arrival time

                          0.00    0.00   clock clk (rise edge)
                          0.00    0.00   clock network delay (propagated)
                          0.25    0.25   clock uncertainty
                          0.00    0.25   clock reconvergence pessimism
                         -2.00   -1.75   output external delay
                                 -1.75   data required time
-----------------------------------------------------------------------------
                                 -1.75   data required time
                                 -1.04   data arrival time
-----------------------------------------------------------------------------
                                  2.79   slack (MET)



worst slack corner Typical: 0.2266
