
===========================================================================
report_checks -path_delay max (Setup)
============================================================================
======================= Fastest Corner ===================================

Startpoint: _361_ (rising edge-triggered flip-flop clocked by clk)
Endpoint: seg[0] (output port clocked by clk)
Path Group: clk
Path Type: max
Corner: Fastest

Fanout     Cap    Slew   Delay    Time   Description
-----------------------------------------------------------------------------
                          0.00    0.00   clock clk (rise edge)
                          0.00    0.00   clock source latency
     1    0.03    0.09    0.07    0.07 ^ clk (in)
                                         clk (net)
                  0.09    0.00    0.07 ^ clkbuf_0_clk/A (sky130_fd_sc_hd__clkbuf_16)
     4    0.05    0.05    0.13    0.19 ^ clkbuf_0_clk/X (sky130_fd_sc_hd__clkbuf_16)
                                         clknet_0_clk (net)
                  0.05    0.00    0.20 ^ clkbuf_2_0__f_clk/A (sky130_fd_sc_hd__clkbuf_16)
     9    0.05    0.05    0.11    0.31 ^ clkbuf_2_0__f_clk/X (sky130_fd_sc_hd__clkbuf_16)
                                         clknet_2_0__leaf_clk (net)
                  0.05    0.00    0.31 ^ _361_/CLK (sky130_fd_sc_hd__dfrtp_4)
     6    0.05    0.09    0.37    0.68 v _361_/Q (sky130_fd_sc_hd__dfrtp_4)
                                         decoder.digit[3] (net)
                  0.09    0.01    0.69 v _165_/A (sky130_fd_sc_hd__nor2_2)
     2    0.04    0.28    0.27    0.96 ^ _165_/Y (sky130_fd_sc_hd__nor2_2)
                                         _066_ (net)
                  0.28    0.00    0.96 ^ _166_/B (sky130_fd_sc_hd__nand2_2)
     3    0.05    0.15    0.16    1.12 v _166_/Y (sky130_fd_sc_hd__nand2_2)
                                         _067_ (net)
                  0.15    0.01    1.13 v _167_/B (sky130_fd_sc_hd__nor2_2)
     3    0.04    0.29    0.28    1.41 ^ _167_/Y (sky130_fd_sc_hd__nor2_2)
                                         _068_ (net)
                  0.29    0.01    1.41 ^ _287_/B1 (sky130_fd_sc_hd__a2111o_1)
     2    0.02    0.16    0.18    1.60 ^ _287_/X (sky130_fd_sc_hd__a2111o_1)
                                         net5 (net)
                  0.16    0.00    1.60 ^ _370_/A (sky130_fd_sc_hd__buf_1)
     1    0.02    0.18    0.17    1.76 ^ _370_/X (sky130_fd_sc_hd__buf_1)
                                         net2 (net)
                  0.18    0.00    1.77 ^ output2/A (sky130_fd_sc_hd__buf_2)
     1    0.03    0.13    0.17    1.94 ^ output2/X (sky130_fd_sc_hd__buf_2)
                                         seg[0] (net)
                  0.13    0.00    1.94 ^ seg[0] (out)
                                  1.94   data arrival time

                         10.00   10.00   clock clk (rise edge)
                          0.00   10.00   clock network delay (propagated)
                         -0.25    9.75   clock uncertainty
                          0.00    9.75   clock reconvergence pessimism
                         -2.00    7.75   output external delay
                                  7.75   data required time
-----------------------------------------------------------------------------
                                  7.75   data required time
                                 -1.94   data arrival time
-----------------------------------------------------------------------------
                                  5.81   slack (MET)


Startpoint: _361_ (rising edge-triggered flip-flop clocked by clk)
Endpoint: seg[3] (output port clocked by clk)
Path Group: clk
Path Type: max
Corner: Fastest

Fanout     Cap    Slew   Delay    Time   Description
-----------------------------------------------------------------------------
                          0.00    0.00   clock clk (rise edge)
                          0.00    0.00   clock source latency
     1    0.03    0.09    0.07    0.07 ^ clk (in)
                                         clk (net)
                  0.09    0.00    0.07 ^ clkbuf_0_clk/A (sky130_fd_sc_hd__clkbuf_16)
     4    0.05    0.05    0.13    0.19 ^ clkbuf_0_clk/X (sky130_fd_sc_hd__clkbuf_16)
                                         clknet_0_clk (net)
                  0.05    0.00    0.20 ^ clkbuf_2_0__f_clk/A (sky130_fd_sc_hd__clkbuf_16)
     9    0.05    0.05    0.11    0.31 ^ clkbuf_2_0__f_clk/X (sky130_fd_sc_hd__clkbuf_16)
                                         clknet_2_0__leaf_clk (net)
                  0.05    0.00    0.31 ^ _361_/CLK (sky130_fd_sc_hd__dfrtp_4)
     6    0.05    0.09    0.37    0.68 v _361_/Q (sky130_fd_sc_hd__dfrtp_4)
                                         decoder.digit[3] (net)
                  0.09    0.01    0.69 v _165_/A (sky130_fd_sc_hd__nor2_2)
     2    0.04    0.28    0.27    0.96 ^ _165_/Y (sky130_fd_sc_hd__nor2_2)
                                         _066_ (net)
                  0.28    0.00    0.96 ^ _166_/B (sky130_fd_sc_hd__nand2_2)
     3    0.05    0.15    0.16    1.12 v _166_/Y (sky130_fd_sc_hd__nand2_2)
                                         _067_ (net)
                  0.15    0.01    1.13 v _167_/B (sky130_fd_sc_hd__nor2_2)
     3    0.04    0.29    0.28    1.41 ^ _167_/Y (sky130_fd_sc_hd__nor2_2)
                                         _068_ (net)
                  0.29    0.01    1.41 ^ _287_/B1 (sky130_fd_sc_hd__a2111o_1)
     2    0.02    0.16    0.18    1.60 ^ _287_/X (sky130_fd_sc_hd__a2111o_1)
                                         net5 (net)
                  0.16    0.00    1.60 ^ output5/A (sky130_fd_sc_hd__buf_2)
     1    0.03    0.13    0.17    1.77 ^ output5/X (sky130_fd_sc_hd__buf_2)
                                         seg[3] (net)
                  0.13    0.00    1.77 ^ seg[3] (out)
                                  1.77   data arrival time

                         10.00   10.00   clock clk (rise edge)
                          0.00   10.00   clock network delay (propagated)
                         -0.25    9.75   clock uncertainty
                          0.00    9.75   clock reconvergence pessimism
                         -2.00    7.75   output external delay
                                  7.75   data required time
-----------------------------------------------------------------------------
                                  7.75   data required time
                                 -1.77   data arrival time
-----------------------------------------------------------------------------
                                  5.98   slack (MET)


Startpoint: _361_ (rising edge-triggered flip-flop clocked by clk)
Endpoint: seg[1] (output port clocked by clk)
Path Group: clk
Path Type: max
Corner: Fastest

Fanout     Cap    Slew   Delay    Time   Description
-----------------------------------------------------------------------------
                          0.00    0.00   clock clk (rise edge)
                          0.00    0.00   clock source latency
     1    0.03    0.09    0.07    0.07 ^ clk (in)
                                         clk (net)
                  0.09    0.00    0.07 ^ clkbuf_0_clk/A (sky130_fd_sc_hd__clkbuf_16)
     4    0.05    0.05    0.13    0.19 ^ clkbuf_0_clk/X (sky130_fd_sc_hd__clkbuf_16)
                                         clknet_0_clk (net)
                  0.05    0.00    0.20 ^ clkbuf_2_0__f_clk/A (sky130_fd_sc_hd__clkbuf_16)
     9    0.05    0.05    0.11    0.31 ^ clkbuf_2_0__f_clk/X (sky130_fd_sc_hd__clkbuf_16)
                                         clknet_2_0__leaf_clk (net)
                  0.05    0.00    0.31 ^ _361_/CLK (sky130_fd_sc_hd__dfrtp_4)
     6    0.05    0.09    0.37    0.68 v _361_/Q (sky130_fd_sc_hd__dfrtp_4)
                                         decoder.digit[3] (net)
                  0.09    0.01    0.69 v _165_/A (sky130_fd_sc_hd__nor2_2)
     2    0.04    0.28    0.27    0.96 ^ _165_/Y (sky130_fd_sc_hd__nor2_2)
                                         _066_ (net)
                  0.28    0.00    0.96 ^ _166_/B (sky130_fd_sc_hd__nand2_2)
     3    0.05    0.15    0.16    1.12 v _166_/Y (sky130_fd_sc_hd__nand2_2)
                                         _067_ (net)
                  0.15    0.01    1.13 v _167_/B (sky130_fd_sc_hd__nor2_2)
     3    0.04    0.29    0.28    1.41 ^ _167_/Y (sky130_fd_sc_hd__nor2_2)
                                         _068_ (net)
                  0.29    0.01    1.41 ^ _288_/A (sky130_fd_sc_hd__nor2_1)
     1    0.02    0.13    0.12    1.54 v _288_/Y (sky130_fd_sc_hd__nor2_1)
                                         net3 (net)
                  0.13    0.00    1.54 v output3/A (sky130_fd_sc_hd__buf_2)
     1    0.03    0.06    0.16    1.70 v output3/X (sky130_fd_sc_hd__buf_2)
                                         seg[1] (net)
                  0.06    0.00    1.71 v seg[1] (out)
                                  1.71   data arrival time

                         10.00   10.00   clock clk (rise edge)
                          0.00   10.00   clock network delay (propagated)
                         -0.25    9.75   clock uncertainty
                          0.00    9.75   clock reconvergence pessimism
                         -2.00    7.75   output external delay
                                  7.75   data required time
-----------------------------------------------------------------------------
                                  7.75   data required time
                                 -1.71   data arrival time
-----------------------------------------------------------------------------
                                  6.04   slack (MET)


Startpoint: _360_ (rising edge-triggered flip-flop clocked by clk)
Endpoint: seg[5] (output port clocked by clk)
Path Group: clk
Path Type: max
Corner: Fastest

Fanout     Cap    Slew   Delay    Time   Description
-----------------------------------------------------------------------------
                          0.00    0.00   clock clk (rise edge)
                          0.00    0.00   clock source latency
     1    0.03    0.09    0.07    0.07 ^ clk (in)
                                         clk (net)
                  0.09    0.00    0.07 ^ clkbuf_0_clk/A (sky130_fd_sc_hd__clkbuf_16)
     4    0.05    0.05    0.13    0.19 ^ clkbuf_0_clk/X (sky130_fd_sc_hd__clkbuf_16)
                                         clknet_0_clk (net)
                  0.06    0.00    0.20 ^ clkbuf_2_3__f_clk/A (sky130_fd_sc_hd__clkbuf_16)
     8    0.04    0.05    0.11    0.31 ^ clkbuf_2_3__f_clk/X (sky130_fd_sc_hd__clkbuf_16)
                                         clknet_2_3__leaf_clk (net)
                  0.05    0.00    0.31 ^ _360_/CLK (sky130_fd_sc_hd__dfrtp_4)
     6    0.06    0.10    0.38    0.68 v _360_/Q (sky130_fd_sc_hd__dfrtp_4)
                                         decoder.digit[2] (net)
                  0.11    0.02    0.70 v _285_/B (sky130_fd_sc_hd__nor2_2)
     4    0.04    0.35    0.31    1.01 ^ _285_/Y (sky130_fd_sc_hd__nor2_2)
                                         _155_ (net)
                  0.35    0.00    1.01 ^ _286_/C (sky130_fd_sc_hd__and3b_1)
     2    0.02    0.16    0.22    1.23 ^ _286_/X (sky130_fd_sc_hd__and3b_1)
                                         _156_ (net)
                  0.16    0.00    1.23 ^ _292_/C (sky130_fd_sc_hd__or3_1)
     1    0.01    0.08    0.12    1.36 ^ _292_/X (sky130_fd_sc_hd__or3_1)
                                         _158_ (net)
                  0.08    0.00    1.36 ^ _293_/A (sky130_fd_sc_hd__clkbuf_1)
     1    0.00    0.04    0.07    1.43 ^ _293_/X (sky130_fd_sc_hd__clkbuf_1)
                                         net7 (net)
                  0.04    0.00    1.43 ^ output7/A (sky130_fd_sc_hd__buf_2)
     1    0.03    0.13    0.15    1.57 ^ output7/X (sky130_fd_sc_hd__buf_2)
                                         seg[5] (net)
                  0.13    0.00    1.58 ^ seg[5] (out)
                                  1.58   data arrival time

                         10.00   10.00   clock clk (rise edge)
                          0.00   10.00   clock network delay (propagated)
                         -0.25    9.75   clock uncertainty
                          0.00    9.75   clock reconvergence pessimism
                         -2.00    7.75   output external delay
                                  7.75   data required time
-----------------------------------------------------------------------------
                                  7.75   data required time
                                 -1.58   data arrival time
-----------------------------------------------------------------------------
                                  6.17   slack (MET)


Startpoint: _361_ (rising edge-triggered flip-flop clocked by clk)
Endpoint: seg[6] (output port clocked by clk)
Path Group: clk
Path Type: max
Corner: Fastest

Fanout     Cap    Slew   Delay    Time   Description
-----------------------------------------------------------------------------
                          0.00    0.00   clock clk (rise edge)
                          0.00    0.00   clock source latency
     1    0.03    0.09    0.07    0.07 ^ clk (in)
                                         clk (net)
                  0.09    0.00    0.07 ^ clkbuf_0_clk/A (sky130_fd_sc_hd__clkbuf_16)
     4    0.05    0.05    0.13    0.19 ^ clkbuf_0_clk/X (sky130_fd_sc_hd__clkbuf_16)
                                         clknet_0_clk (net)
                  0.05    0.00    0.20 ^ clkbuf_2_0__f_clk/A (sky130_fd_sc_hd__clkbuf_16)
     9    0.05    0.05    0.11    0.31 ^ clkbuf_2_0__f_clk/X (sky130_fd_sc_hd__clkbuf_16)
                                         clknet_2_0__leaf_clk (net)
                  0.05    0.00    0.31 ^ _361_/CLK (sky130_fd_sc_hd__dfrtp_4)
     6    0.05    0.09    0.37    0.68 v _361_/Q (sky130_fd_sc_hd__dfrtp_4)
                                         decoder.digit[3] (net)
                  0.09    0.01    0.69 v _165_/A (sky130_fd_sc_hd__nor2_2)
     2    0.04    0.28    0.27    0.96 ^ _165_/Y (sky130_fd_sc_hd__nor2_2)
                                         _066_ (net)
                  0.28    0.00    0.96 ^ _166_/B (sky130_fd_sc_hd__nand2_2)
     3    0.05    0.15    0.16    1.12 v _166_/Y (sky130_fd_sc_hd__nand2_2)
                                         _067_ (net)
                  0.15    0.01    1.13 v _294_/B1_N (sky130_fd_sc_hd__a21boi_2)
     2    0.02    0.10    0.17    1.30 v _294_/Y (sky130_fd_sc_hd__a21boi_2)
                                         net8 (net)
                  0.10    0.00    1.30 v output8/A (sky130_fd_sc_hd__buf_2)
     1    0.03    0.06    0.15    1.45 v output8/X (sky130_fd_sc_hd__buf_2)
                                         seg[6] (net)
                  0.06    0.00    1.46 v seg[6] (out)
                                  1.46   data arrival time

                         10.00   10.00   clock clk (rise edge)
                          0.00   10.00   clock network delay (propagated)
                         -0.25    9.75   clock uncertainty
                          0.00    9.75   clock reconvergence pessimism
                         -2.00    7.75   output external delay
                                  7.75   data required time
-----------------------------------------------------------------------------
                                  7.75   data required time
                                 -1.46   data arrival time
-----------------------------------------------------------------------------
                                  6.29   slack (MET)


Startpoint: _360_ (rising edge-triggered flip-flop clocked by clk)
Endpoint: seg[2] (output port clocked by clk)
Path Group: clk
Path Type: max
Corner: Fastest

Fanout     Cap    Slew   Delay    Time   Description
-----------------------------------------------------------------------------
                          0.00    0.00   clock clk (rise edge)
                          0.00    0.00   clock source latency
     1    0.03    0.09    0.07    0.07 ^ clk (in)
                                         clk (net)
                  0.09    0.00    0.07 ^ clkbuf_0_clk/A (sky130_fd_sc_hd__clkbuf_16)
     4    0.05    0.05    0.13    0.19 ^ clkbuf_0_clk/X (sky130_fd_sc_hd__clkbuf_16)
                                         clknet_0_clk (net)
                  0.06    0.00    0.20 ^ clkbuf_2_3__f_clk/A (sky130_fd_sc_hd__clkbuf_16)
     8    0.04    0.05    0.11    0.31 ^ clkbuf_2_3__f_clk/X (sky130_fd_sc_hd__clkbuf_16)
                                         clknet_2_3__leaf_clk (net)
                  0.05    0.00    0.31 ^ _360_/CLK (sky130_fd_sc_hd__dfrtp_4)
     6    0.06    0.10    0.38    0.68 v _360_/Q (sky130_fd_sc_hd__dfrtp_4)
                                         decoder.digit[2] (net)
                  0.11    0.02    0.70 v _285_/B (sky130_fd_sc_hd__nor2_2)
     4    0.04    0.35    0.31    1.01 ^ _285_/Y (sky130_fd_sc_hd__nor2_2)
                                         _155_ (net)
                  0.35    0.01    1.02 ^ _289_/A2 (sky130_fd_sc_hd__a21oi_1)
     1    0.02    0.13    0.15    1.16 v _289_/Y (sky130_fd_sc_hd__a21oi_1)
                                         net4 (net)
                  0.13    0.00    1.17 v output4/A (sky130_fd_sc_hd__buf_2)
     1    0.03    0.06    0.17    1.33 v output4/X (sky130_fd_sc_hd__buf_2)
                                         seg[2] (net)
                  0.06    0.00    1.33 v seg[2] (out)
                                  1.33   data arrival time

                         10.00   10.00   clock clk (rise edge)
                          0.00   10.00   clock network delay (propagated)
                         -0.25    9.75   clock uncertainty
                          0.00    9.75   clock reconvergence pessimism
                         -2.00    7.75   output external delay
                                  7.75   data required time
-----------------------------------------------------------------------------
                                  7.75   data required time
                                 -1.33   data arrival time
-----------------------------------------------------------------------------
                                  6.42   slack (MET)


Startpoint: _360_ (rising edge-triggered flip-flop clocked by clk)
Endpoint: seg[4] (output port clocked by clk)
Path Group: clk
Path Type: max
Corner: Fastest

Fanout     Cap    Slew   Delay    Time   Description
-----------------------------------------------------------------------------
                          0.00    0.00   clock clk (rise edge)
                          0.00    0.00   clock source latency
     1    0.03    0.09    0.07    0.07 ^ clk (in)
                                         clk (net)
                  0.09    0.00    0.07 ^ clkbuf_0_clk/A (sky130_fd_sc_hd__clkbuf_16)
     4    0.05    0.05    0.13    0.19 ^ clkbuf_0_clk/X (sky130_fd_sc_hd__clkbuf_16)
                                         clknet_0_clk (net)
                  0.06    0.00    0.20 ^ clkbuf_2_3__f_clk/A (sky130_fd_sc_hd__clkbuf_16)
     8    0.04    0.05    0.11    0.31 ^ clkbuf_2_3__f_clk/X (sky130_fd_sc_hd__clkbuf_16)
                                         clknet_2_3__leaf_clk (net)
                  0.05    0.00    0.31 ^ _360_/CLK (sky130_fd_sc_hd__dfrtp_4)
     6    0.06    0.10    0.38    0.68 v _360_/Q (sky130_fd_sc_hd__dfrtp_4)
                                         decoder.digit[2] (net)
                  0.11    0.02    0.70 v _290_/B (sky130_fd_sc_hd__or3_1)
     1    0.01    0.06    0.25    0.95 v _290_/X (sky130_fd_sc_hd__or3_1)
                                         _157_ (net)
                  0.06    0.00    0.95 v _291_/A (sky130_fd_sc_hd__buf_1)
     1    0.01    0.06    0.11    1.06 v _291_/X (sky130_fd_sc_hd__buf_1)
                                         net6 (net)
                  0.06    0.00    1.06 v output6/A (sky130_fd_sc_hd__buf_2)
     1    0.04    0.07    0.14    1.20 v output6/X (sky130_fd_sc_hd__buf_2)
                                         seg[4] (net)
                  0.07    0.00    1.20 v seg[4] (out)
                                  1.20   data arrival time

                         10.00   10.00   clock clk (rise edge)
                          0.00   10.00   clock network delay (propagated)
                         -0.25    9.75   clock uncertainty
                          0.00    9.75   clock reconvergence pessimism
                         -2.00    7.75   output external delay
                                  7.75   data required time
-----------------------------------------------------------------------------
                                  7.75   data required time
                                 -1.20   data arrival time
-----------------------------------------------------------------------------
                                  6.55   slack (MET)


Startpoint: _342_ (rising edge-triggered flip-flop clocked by clk)
Endpoint: _340_ (rising edge-triggered flip-flop clocked by clk)
Path Group: clk
Path Type: max
Corner: Fastest

Fanout     Cap    Slew   Delay    Time   Description
-----------------------------------------------------------------------------
                          0.00    0.00   clock clk (rise edge)
                          0.00    0.00   clock source latency
     1    0.03    0.09    0.07    0.07 ^ clk (in)
                                         clk (net)
                  0.09    0.00    0.07 ^ clkbuf_0_clk/A (sky130_fd_sc_hd__clkbuf_16)
     4    0.05    0.05    0.13    0.19 ^ clkbuf_0_clk/X (sky130_fd_sc_hd__clkbuf_16)
                                         clknet_0_clk (net)
                  0.06    0.00    0.20 ^ clkbuf_2_1__f_clk/A (sky130_fd_sc_hd__clkbuf_16)
    11    0.04    0.04    0.11    0.30 ^ clkbuf_2_1__f_clk/X (sky130_fd_sc_hd__clkbuf_16)
                                         clknet_2_1__leaf_clk (net)
                  0.04    0.00    0.31 ^ _342_/CLK (sky130_fd_sc_hd__dfrtp_2)
     5    0.04    0.08    0.32    0.62 v _342_/Q (sky130_fd_sc_hd__dfrtp_2)
                                         one_second_counter[12] (net)
                  0.08    0.00    0.63 v _180_/C (sky130_fd_sc_hd__and4_1)
     2    0.03    0.09    0.21    0.84 v _180_/X (sky130_fd_sc_hd__and4_1)
                                         _078_ (net)
                  0.09    0.00    0.84 v _181_/D (sky130_fd_sc_hd__or4_2)
     1    0.03    0.11    0.40    1.24 v _181_/X (sky130_fd_sc_hd__or4_2)
                                         _079_ (net)
                  0.11    0.00    1.24 v _184_/A3 (sky130_fd_sc_hd__o31a_1)
     1    0.03    0.10    0.26    1.50 v _184_/X (sky130_fd_sc_hd__o31a_1)
                                         _082_ (net)
                  0.10    0.00    1.50 v _186_/A2 (sky130_fd_sc_hd__o211ai_2)
     2    0.02    0.23    0.23    1.74 ^ _186_/Y (sky130_fd_sc_hd__o211ai_2)
                                         _084_ (net)
                  0.23    0.00    1.74 ^ _187_/A2 (sky130_fd_sc_hd__a21bo_2)
     9    0.06    0.25    0.27    2.01 ^ _187_/X (sky130_fd_sc_hd__a21bo_2)
                                         _085_ (net)
                  0.25    0.01    2.02 ^ _202_/A (sky130_fd_sc_hd__clkbuf_4)
    10    0.07    0.17    0.24    2.26 ^ _202_/X (sky130_fd_sc_hd__clkbuf_4)
                                         _095_ (net)
                  0.17    0.01    2.27 ^ _225_/A (sky130_fd_sc_hd__and3_1)
     1    0.03    0.24    0.27    2.54 ^ _225_/X (sky130_fd_sc_hd__and3_1)
                                         _112_ (net)
                  0.24    0.01    2.54 ^ _226_/A (sky130_fd_sc_hd__buf_1)
     1    0.02    0.15    0.15    2.69 ^ _226_/X (sky130_fd_sc_hd__buf_1)
                                         _001_ (net)
                  0.15    0.00    2.69 ^ _340_/D (sky130_fd_sc_hd__dfrtp_4)
                                  2.69   data arrival time

                         10.00   10.00   clock clk (rise edge)
                          0.00   10.00   clock source latency
     1    0.03    0.09    0.06   10.06 ^ clk (in)
                                         clk (net)
                  0.09    0.00   10.06 ^ clkbuf_0_clk/A (sky130_fd_sc_hd__clkbuf_16)
     4    0.05    0.05    0.11   10.17 ^ clkbuf_0_clk/X (sky130_fd_sc_hd__clkbuf_16)
                                         clknet_0_clk (net)
                  0.05    0.00   10.18 ^ clkbuf_2_0__f_clk/A (sky130_fd_sc_hd__clkbuf_16)
     9    0.05    0.05    0.10   10.28 ^ clkbuf_2_0__f_clk/X (sky130_fd_sc_hd__clkbuf_16)
                                         clknet_2_0__leaf_clk (net)
                  0.05    0.00   10.28 ^ _340_/CLK (sky130_fd_sc_hd__dfrtp_4)
                         -0.25   10.03   clock uncertainty
                          0.02   10.05   clock reconvergence pessimism
                         -0.05   10.00   library setup time
                                 10.00   data required time
-----------------------------------------------------------------------------
                                 10.00   data required time
                                 -2.69   data arrival time
-----------------------------------------------------------------------------
                                  7.31   slack (MET)


Startpoint: _342_ (rising edge-triggered flip-flop clocked by clk)
Endpoint: _339_ (rising edge-triggered flip-flop clocked by clk)
Path Group: clk
Path Type: max
Corner: Fastest

Fanout     Cap    Slew   Delay    Time   Description
-----------------------------------------------------------------------------
                          0.00    0.00   clock clk (rise edge)
                          0.00    0.00   clock source latency
     1    0.03    0.09    0.07    0.07 ^ clk (in)
                                         clk (net)
                  0.09    0.00    0.07 ^ clkbuf_0_clk/A (sky130_fd_sc_hd__clkbuf_16)
     4    0.05    0.05    0.13    0.19 ^ clkbuf_0_clk/X (sky130_fd_sc_hd__clkbuf_16)
                                         clknet_0_clk (net)
                  0.06    0.00    0.20 ^ clkbuf_2_1__f_clk/A (sky130_fd_sc_hd__clkbuf_16)
    11    0.04    0.04    0.11    0.30 ^ clkbuf_2_1__f_clk/X (sky130_fd_sc_hd__clkbuf_16)
                                         clknet_2_1__leaf_clk (net)
                  0.04    0.00    0.31 ^ _342_/CLK (sky130_fd_sc_hd__dfrtp_2)
     5    0.04    0.08    0.32    0.62 v _342_/Q (sky130_fd_sc_hd__dfrtp_2)
                                         one_second_counter[12] (net)
                  0.08    0.00    0.63 v _180_/C (sky130_fd_sc_hd__and4_1)
     2    0.03    0.09    0.21    0.84 v _180_/X (sky130_fd_sc_hd__and4_1)
                                         _078_ (net)
                  0.09    0.00    0.84 v _181_/D (sky130_fd_sc_hd__or4_2)
     1    0.03    0.11    0.40    1.24 v _181_/X (sky130_fd_sc_hd__or4_2)
                                         _079_ (net)
                  0.11    0.00    1.24 v _184_/A3 (sky130_fd_sc_hd__o31a_1)
     1    0.03    0.10    0.26    1.50 v _184_/X (sky130_fd_sc_hd__o31a_1)
                                         _082_ (net)
                  0.10    0.00    1.50 v _186_/A2 (sky130_fd_sc_hd__o211ai_2)
     2    0.02    0.23    0.23    1.74 ^ _186_/Y (sky130_fd_sc_hd__o211ai_2)
                                         _084_ (net)
                  0.23    0.00    1.74 ^ _187_/A2 (sky130_fd_sc_hd__a21bo_2)
     9    0.06    0.25    0.27    2.01 ^ _187_/X (sky130_fd_sc_hd__a21bo_2)
                                         _085_ (net)
                  0.25    0.00    2.02 ^ _188_/A (sky130_fd_sc_hd__inv_2)
     2    0.03    0.09    0.08    2.09 v _188_/Y (sky130_fd_sc_hd__inv_2)
                                         _086_ (net)
                  0.09    0.00    2.10 v _189_/A (sky130_fd_sc_hd__buf_4)
    10    0.08    0.08    0.17    2.26 v _189_/X (sky130_fd_sc_hd__buf_4)
                                         _027_ (net)
                  0.08    0.01    2.27 v _222_/A (sky130_fd_sc_hd__nor3_1)
     1    0.02    0.42    0.39    2.66 ^ _222_/Y (sky130_fd_sc_hd__nor3_1)
                                         _026_ (net)
                  0.42    0.00    2.66 ^ _339_/D (sky130_fd_sc_hd__dfrtp_2)
                                  2.66   data arrival time

                         10.00   10.00   clock clk (rise edge)
                          0.00   10.00   clock source latency
     1    0.03    0.09    0.06   10.06 ^ clk (in)
                                         clk (net)
                  0.09    0.00   10.06 ^ clkbuf_0_clk/A (sky130_fd_sc_hd__clkbuf_16)
     4    0.05    0.05    0.11   10.17 ^ clkbuf_0_clk/X (sky130_fd_sc_hd__clkbuf_16)
                                         clknet_0_clk (net)
                  0.05    0.00   10.18 ^ clkbuf_2_0__f_clk/A (sky130_fd_sc_hd__clkbuf_16)
     9    0.05    0.05    0.10   10.28 ^ clkbuf_2_0__f_clk/X (sky130_fd_sc_hd__clkbuf_16)
                                         clknet_2_0__leaf_clk (net)
                  0.05    0.00   10.28 ^ _339_/CLK (sky130_fd_sc_hd__dfrtp_2)
                         -0.25   10.03   clock uncertainty
                          0.02   10.05   clock reconvergence pessimism
                         -0.08    9.97   library setup time
                                  9.97   data required time
-----------------------------------------------------------------------------
                                  9.97   data required time
                                 -2.66   data arrival time
-----------------------------------------------------------------------------
                                  7.31   slack (MET)


Startpoint: _342_ (rising edge-triggered flip-flop clocked by clk)
Endpoint: _335_ (rising edge-triggered flip-flop clocked by clk)
Path Group: clk
Path Type: max
Corner: Fastest

Fanout     Cap    Slew   Delay    Time   Description
-----------------------------------------------------------------------------
                          0.00    0.00   clock clk (rise edge)
                          0.00    0.00   clock source latency
     1    0.03    0.09    0.07    0.07 ^ clk (in)
                                         clk (net)
                  0.09    0.00    0.07 ^ clkbuf_0_clk/A (sky130_fd_sc_hd__clkbuf_16)
     4    0.05    0.05    0.13    0.19 ^ clkbuf_0_clk/X (sky130_fd_sc_hd__clkbuf_16)
                                         clknet_0_clk (net)
                  0.06    0.00    0.20 ^ clkbuf_2_1__f_clk/A (sky130_fd_sc_hd__clkbuf_16)
    11    0.04    0.04    0.11    0.30 ^ clkbuf_2_1__f_clk/X (sky130_fd_sc_hd__clkbuf_16)
                                         clknet_2_1__leaf_clk (net)
                  0.04    0.00    0.31 ^ _342_/CLK (sky130_fd_sc_hd__dfrtp_2)
     5    0.04    0.08    0.32    0.62 v _342_/Q (sky130_fd_sc_hd__dfrtp_2)
                                         one_second_counter[12] (net)
                  0.08    0.00    0.63 v _180_/C (sky130_fd_sc_hd__and4_1)
     2    0.03    0.09    0.21    0.84 v _180_/X (sky130_fd_sc_hd__and4_1)
                                         _078_ (net)
                  0.09    0.00    0.84 v _181_/D (sky130_fd_sc_hd__or4_2)
     1    0.03    0.11    0.40    1.24 v _181_/X (sky130_fd_sc_hd__or4_2)
                                         _079_ (net)
                  0.11    0.00    1.24 v _184_/A3 (sky130_fd_sc_hd__o31a_1)
     1    0.03    0.10    0.26    1.50 v _184_/X (sky130_fd_sc_hd__o31a_1)
                                         _082_ (net)
                  0.10    0.00    1.50 v _186_/A2 (sky130_fd_sc_hd__o211ai_2)
     2    0.02    0.23    0.23    1.74 ^ _186_/Y (sky130_fd_sc_hd__o211ai_2)
                                         _084_ (net)
                  0.23    0.00    1.74 ^ _187_/A2 (sky130_fd_sc_hd__a21bo_2)
     9    0.06    0.25    0.27    2.01 ^ _187_/X (sky130_fd_sc_hd__a21bo_2)
                                         _085_ (net)
                  0.25    0.00    2.02 ^ _188_/A (sky130_fd_sc_hd__inv_2)
     2    0.03    0.09    0.08    2.09 v _188_/Y (sky130_fd_sc_hd__inv_2)
                                         _086_ (net)
                  0.09    0.00    2.10 v _189_/A (sky130_fd_sc_hd__buf_4)
    10    0.08    0.08    0.17    2.26 v _189_/X (sky130_fd_sc_hd__buf_4)
                                         _027_ (net)
                  0.08    0.01    2.28 v _209_/A (sky130_fd_sc_hd__nor3_1)
     1    0.02    0.39    0.37    2.64 ^ _209_/Y (sky130_fd_sc_hd__nor3_1)
                                         _022_ (net)
                  0.39    0.00    2.65 ^ _335_/D (sky130_fd_sc_hd__dfrtp_2)
                                  2.65   data arrival time

                         10.00   10.00   clock clk (rise edge)
                          0.00   10.00   clock source latency
     1    0.03    0.09    0.06   10.06 ^ clk (in)
                                         clk (net)
                  0.09    0.00   10.06 ^ clkbuf_0_clk/A (sky130_fd_sc_hd__clkbuf_16)
     4    0.05    0.05    0.11   10.17 ^ clkbuf_0_clk/X (sky130_fd_sc_hd__clkbuf_16)
                                         clknet_0_clk (net)
                  0.06    0.00   10.18 ^ clkbuf_2_2__f_clk/A (sky130_fd_sc_hd__clkbuf_16)
     7    0.05    0.06    0.10   10.28 ^ clkbuf_2_2__f_clk/X (sky130_fd_sc_hd__clkbuf_16)
                                         clknet_2_2__leaf_clk (net)
                  0.06    0.00   10.28 ^ _335_/CLK (sky130_fd_sc_hd__dfrtp_2)
                         -0.25   10.03   clock uncertainty
                          0.02   10.05   clock reconvergence pessimism
                         -0.07    9.98   library setup time
                                  9.98   data required time
-----------------------------------------------------------------------------
                                  9.98   data required time
                                 -2.65   data arrival time
-----------------------------------------------------------------------------
                                  7.33   slack (MET)


Startpoint: _342_ (rising edge-triggered flip-flop clocked by clk)
Endpoint: _349_ (rising edge-triggered flip-flop clocked by clk)
Path Group: clk
Path Type: max
Corner: Fastest

Fanout     Cap    Slew   Delay    Time   Description
-----------------------------------------------------------------------------
                          0.00    0.00   clock clk (rise edge)
                          0.00    0.00   clock source latency
     1    0.03    0.09    0.07    0.07 ^ clk (in)
                                         clk (net)
                  0.09    0.00    0.07 ^ clkbuf_0_clk/A (sky130_fd_sc_hd__clkbuf_16)
     4    0.05    0.05    0.13    0.19 ^ clkbuf_0_clk/X (sky130_fd_sc_hd__clkbuf_16)
                                         clknet_0_clk (net)
                  0.06    0.00    0.20 ^ clkbuf_2_1__f_clk/A (sky130_fd_sc_hd__clkbuf_16)
    11    0.04    0.04    0.11    0.30 ^ clkbuf_2_1__f_clk/X (sky130_fd_sc_hd__clkbuf_16)
                                         clknet_2_1__leaf_clk (net)
                  0.04    0.00    0.31 ^ _342_/CLK (sky130_fd_sc_hd__dfrtp_2)
     5    0.04    0.08    0.32    0.62 v _342_/Q (sky130_fd_sc_hd__dfrtp_2)
                                         one_second_counter[12] (net)
                  0.08    0.00    0.63 v _180_/C (sky130_fd_sc_hd__and4_1)
     2    0.03    0.09    0.21    0.84 v _180_/X (sky130_fd_sc_hd__and4_1)
                                         _078_ (net)
                  0.09    0.00    0.84 v _181_/D (sky130_fd_sc_hd__or4_2)
     1    0.03    0.11    0.40    1.24 v _181_/X (sky130_fd_sc_hd__or4_2)
                                         _079_ (net)
                  0.11    0.00    1.24 v _184_/A3 (sky130_fd_sc_hd__o31a_1)
     1    0.03    0.10    0.26    1.50 v _184_/X (sky130_fd_sc_hd__o31a_1)
                                         _082_ (net)
                  0.10    0.00    1.50 v _186_/A2 (sky130_fd_sc_hd__o211ai_2)
     2    0.02    0.23    0.23    1.74 ^ _186_/Y (sky130_fd_sc_hd__o211ai_2)
                                         _084_ (net)
                  0.23    0.00    1.74 ^ _187_/A2 (sky130_fd_sc_hd__a21bo_2)
     9    0.06    0.25    0.27    2.01 ^ _187_/X (sky130_fd_sc_hd__a21bo_2)
                                         _085_ (net)
                  0.25    0.01    2.02 ^ _202_/A (sky130_fd_sc_hd__clkbuf_4)
    10    0.07    0.17    0.24    2.26 ^ _202_/X (sky130_fd_sc_hd__clkbuf_4)
                                         _095_ (net)
                  0.17    0.01    2.26 ^ _260_/A (sky130_fd_sc_hd__and3_1)
     1    0.02    0.17    0.22    2.48 ^ _260_/X (sky130_fd_sc_hd__and3_1)
                                         _138_ (net)
                  0.17    0.00    2.48 ^ _261_/A (sky130_fd_sc_hd__buf_1)
     1    0.02    0.18    0.17    2.65 ^ _261_/X (sky130_fd_sc_hd__buf_1)
                                         _010_ (net)
                  0.18    0.00    2.66 ^ _349_/D (sky130_fd_sc_hd__dfrtp_2)
                                  2.66   data arrival time

                         10.00   10.00   clock clk (rise edge)
                          0.00   10.00   clock source latency
     1    0.03    0.09    0.06   10.06 ^ clk (in)
                                         clk (net)
                  0.09    0.00   10.06 ^ clkbuf_0_clk/A (sky130_fd_sc_hd__clkbuf_16)
     4    0.05    0.05    0.11   10.17 ^ clkbuf_0_clk/X (sky130_fd_sc_hd__clkbuf_16)
                                         clknet_0_clk (net)
                  0.06    0.00   10.18 ^ clkbuf_2_3__f_clk/A (sky130_fd_sc_hd__clkbuf_16)
     8    0.04    0.05    0.10   10.28 ^ clkbuf_2_3__f_clk/X (sky130_fd_sc_hd__clkbuf_16)
                                         clknet_2_3__leaf_clk (net)
                  0.05    0.00   10.28 ^ _349_/CLK (sky130_fd_sc_hd__dfrtp_2)
                         -0.25   10.03   clock uncertainty
                          0.02   10.05   clock reconvergence pessimism
                         -0.05   10.00   library setup time
                                 10.00   data required time
-----------------------------------------------------------------------------
                                 10.00   data required time
                                 -2.66   data arrival time
-----------------------------------------------------------------------------
                                  7.34   slack (MET)


Startpoint: _343_ (rising edge-triggered flip-flop clocked by clk)
Endpoint: _342_ (rising edge-triggered flip-flop clocked by clk)
Path Group: clk
Path Type: max
Corner: Fastest

Fanout     Cap    Slew   Delay    Time   Description
-----------------------------------------------------------------------------
                          0.00    0.00   clock clk (rise edge)
                          0.00    0.00   clock source latency
     1    0.03    0.09    0.07    0.07 ^ clk (in)
                                         clk (net)
                  0.09    0.00    0.07 ^ clkbuf_0_clk/A (sky130_fd_sc_hd__clkbuf_16)
     4    0.05    0.05    0.13    0.19 ^ clkbuf_0_clk/X (sky130_fd_sc_hd__clkbuf_16)
                                         clknet_0_clk (net)
                  0.05    0.00    0.20 ^ clkbuf_2_0__f_clk/A (sky130_fd_sc_hd__clkbuf_16)
     9    0.05    0.05    0.11    0.31 ^ clkbuf_2_0__f_clk/X (sky130_fd_sc_hd__clkbuf_16)
                                         clknet_2_0__leaf_clk (net)
                  0.05    0.00    0.31 ^ _343_/CLK (sky130_fd_sc_hd__dfrtp_1)
     4    0.02    0.09    0.30    0.61 v _343_/Q (sky130_fd_sc_hd__dfrtp_1)
                                         one_second_counter[13] (net)
                  0.09    0.00    0.61 v _180_/D (sky130_fd_sc_hd__and4_1)
     2    0.03    0.09    0.22    0.84 v _180_/X (sky130_fd_sc_hd__and4_1)
                                         _078_ (net)
                  0.09    0.00    0.84 v _181_/D (sky130_fd_sc_hd__or4_2)
     1    0.03    0.11    0.40    1.24 v _181_/X (sky130_fd_sc_hd__or4_2)
                                         _079_ (net)
                  0.11    0.00    1.24 v _184_/A3 (sky130_fd_sc_hd__o31a_1)
     1    0.03    0.10    0.26    1.50 v _184_/X (sky130_fd_sc_hd__o31a_1)
                                         _082_ (net)
                  0.10    0.00    1.50 v _186_/A2 (sky130_fd_sc_hd__o211ai_2)
     2    0.02    0.23    0.23    1.74 ^ _186_/Y (sky130_fd_sc_hd__o211ai_2)
                                         _084_ (net)
                  0.23    0.00    1.74 ^ _187_/A2 (sky130_fd_sc_hd__a21bo_2)
     9    0.06    0.25    0.27    2.01 ^ _187_/X (sky130_fd_sc_hd__a21bo_2)
                                         _085_ (net)
                  0.25    0.01    2.01 ^ _202_/A (sky130_fd_sc_hd__clkbuf_4)
    10    0.07    0.17    0.24    2.26 ^ _202_/X (sky130_fd_sc_hd__clkbuf_4)
                                         _095_ (net)
                  0.17    0.01    2.26 ^ _232_/A (sky130_fd_sc_hd__and3_1)
     1    0.02    0.18    0.23    2.49 ^ _232_/X (sky130_fd_sc_hd__and3_1)
                                         _117_ (net)
                  0.18    0.00    2.49 ^ _233_/A (sky130_fd_sc_hd__buf_1)
     1    0.02    0.16    0.15    2.64 ^ _233_/X (sky130_fd_sc_hd__buf_1)
                                         _003_ (net)
                  0.16    0.00    2.65 ^ _342_/D (sky130_fd_sc_hd__dfrtp_2)
                                  2.65   data arrival time

                         10.00   10.00   clock clk (rise edge)
                          0.00   10.00   clock source latency
     1    0.03    0.09    0.06   10.06 ^ clk (in)
                                         clk (net)
                  0.09    0.00   10.06 ^ clkbuf_0_clk/A (sky130_fd_sc_hd__clkbuf_16)
     4    0.05    0.05    0.11   10.17 ^ clkbuf_0_clk/X (sky130_fd_sc_hd__clkbuf_16)
                                         clknet_0_clk (net)
                  0.06    0.00   10.18 ^ clkbuf_2_1__f_clk/A (sky130_fd_sc_hd__clkbuf_16)
    11    0.04    0.04    0.10   10.28 ^ clkbuf_2_1__f_clk/X (sky130_fd_sc_hd__clkbuf_16)
                                         clknet_2_1__leaf_clk (net)
                  0.04    0.00   10.28 ^ _342_/CLK (sky130_fd_sc_hd__dfrtp_2)
                         -0.25   10.03   clock uncertainty
                          0.02   10.05   clock reconvergence pessimism
                         -0.05   10.00   library setup time
                                 10.00   data required time
-----------------------------------------------------------------------------
                                 10.00   data required time
                                 -2.65   data arrival time
-----------------------------------------------------------------------------
                                  7.35   slack (MET)


Startpoint: _343_ (rising edge-triggered flip-flop clocked by clk)
Endpoint: _336_ (rising edge-triggered flip-flop clocked by clk)
Path Group: clk
Path Type: max
Corner: Fastest

Fanout     Cap    Slew   Delay    Time   Description
-----------------------------------------------------------------------------
                          0.00    0.00   clock clk (rise edge)
                          0.00    0.00   clock source latency
     1    0.03    0.09    0.07    0.07 ^ clk (in)
                                         clk (net)
                  0.09    0.00    0.07 ^ clkbuf_0_clk/A (sky130_fd_sc_hd__clkbuf_16)
     4    0.05    0.05    0.13    0.19 ^ clkbuf_0_clk/X (sky130_fd_sc_hd__clkbuf_16)
                                         clknet_0_clk (net)
                  0.05    0.00    0.20 ^ clkbuf_2_0__f_clk/A (sky130_fd_sc_hd__clkbuf_16)
     9    0.05    0.05    0.11    0.31 ^ clkbuf_2_0__f_clk/X (sky130_fd_sc_hd__clkbuf_16)
                                         clknet_2_0__leaf_clk (net)
                  0.05    0.00    0.31 ^ _343_/CLK (sky130_fd_sc_hd__dfrtp_1)
     4    0.02    0.09    0.30    0.61 v _343_/Q (sky130_fd_sc_hd__dfrtp_1)
                                         one_second_counter[13] (net)
                  0.09    0.00    0.61 v _180_/D (sky130_fd_sc_hd__and4_1)
     2    0.03    0.09    0.22    0.84 v _180_/X (sky130_fd_sc_hd__and4_1)
                                         _078_ (net)
                  0.09    0.00    0.84 v _181_/D (sky130_fd_sc_hd__or4_2)
     1    0.03    0.11    0.40    1.24 v _181_/X (sky130_fd_sc_hd__or4_2)
                                         _079_ (net)
                  0.11    0.00    1.24 v _184_/A3 (sky130_fd_sc_hd__o31a_1)
     1    0.03    0.10    0.26    1.50 v _184_/X (sky130_fd_sc_hd__o31a_1)
                                         _082_ (net)
                  0.10    0.00    1.50 v _186_/A2 (sky130_fd_sc_hd__o211ai_2)
     2    0.02    0.23    0.23    1.74 ^ _186_/Y (sky130_fd_sc_hd__o211ai_2)
                                         _084_ (net)
                  0.23    0.00    1.74 ^ _187_/A2 (sky130_fd_sc_hd__a21bo_2)
     9    0.06    0.25    0.27    2.01 ^ _187_/X (sky130_fd_sc_hd__a21bo_2)
                                         _085_ (net)
                  0.25    0.01    2.01 ^ _202_/A (sky130_fd_sc_hd__clkbuf_4)
    10    0.07    0.17    0.24    2.26 ^ _202_/X (sky130_fd_sc_hd__clkbuf_4)
                                         _095_ (net)
                  0.17    0.01    2.26 ^ _212_/A (sky130_fd_sc_hd__and3_1)
     1    0.01    0.07    0.14    2.40 ^ _212_/X (sky130_fd_sc_hd__and3_1)
                                         _103_ (net)
                  0.07    0.00    2.40 ^ _213_/A (sky130_fd_sc_hd__buf_1)
     1    0.02    0.21    0.19    2.59 ^ _213_/X (sky130_fd_sc_hd__buf_1)
                                         _023_ (net)
                  0.21    0.00    2.59 ^ _336_/D (sky130_fd_sc_hd__dfrtp_2)
                                  2.59   data arrival time

                         10.00   10.00   clock clk (rise edge)
                          0.00   10.00   clock source latency
     1    0.03    0.09    0.06   10.06 ^ clk (in)
                                         clk (net)
                  0.09    0.00   10.06 ^ clkbuf_0_clk/A (sky130_fd_sc_hd__clkbuf_16)
     4    0.05    0.05    0.11   10.17 ^ clkbuf_0_clk/X (sky130_fd_sc_hd__clkbuf_16)
                                         clknet_0_clk (net)
                  0.06    0.00   10.18 ^ clkbuf_2_1__f_clk/A (sky130_fd_sc_hd__clkbuf_16)
    11    0.04    0.04    0.10   10.28 ^ clkbuf_2_1__f_clk/X (sky130_fd_sc_hd__clkbuf_16)
                                         clknet_2_1__leaf_clk (net)
                  0.04    0.00   10.28 ^ _336_/CLK (sky130_fd_sc_hd__dfrtp_2)
                         -0.25   10.03   clock uncertainty
                          0.02   10.05   clock reconvergence pessimism
                         -0.05    9.99   library setup time
                                  9.99   data required time
-----------------------------------------------------------------------------
                                  9.99   data required time
                                 -2.59   data arrival time
-----------------------------------------------------------------------------
                                  7.40   slack (MET)


Startpoint: _342_ (rising edge-triggered flip-flop clocked by clk)
Endpoint: _354_ (rising edge-triggered flip-flop clocked by clk)
Path Group: clk
Path Type: max
Corner: Fastest

Fanout     Cap    Slew   Delay    Time   Description
-----------------------------------------------------------------------------
                          0.00    0.00   clock clk (rise edge)
                          0.00    0.00   clock source latency
     1    0.03    0.09    0.07    0.07 ^ clk (in)
                                         clk (net)
                  0.09    0.00    0.07 ^ clkbuf_0_clk/A (sky130_fd_sc_hd__clkbuf_16)
     4    0.05    0.05    0.13    0.19 ^ clkbuf_0_clk/X (sky130_fd_sc_hd__clkbuf_16)
                                         clknet_0_clk (net)
                  0.06    0.00    0.20 ^ clkbuf_2_1__f_clk/A (sky130_fd_sc_hd__clkbuf_16)
    11    0.04    0.04    0.11    0.30 ^ clkbuf_2_1__f_clk/X (sky130_fd_sc_hd__clkbuf_16)
                                         clknet_2_1__leaf_clk (net)
                  0.04    0.00    0.31 ^ _342_/CLK (sky130_fd_sc_hd__dfrtp_2)
     5    0.04    0.08    0.32    0.62 v _342_/Q (sky130_fd_sc_hd__dfrtp_2)
                                         one_second_counter[12] (net)
                  0.08    0.00    0.63 v _180_/C (sky130_fd_sc_hd__and4_1)
     2    0.03    0.09    0.21    0.84 v _180_/X (sky130_fd_sc_hd__and4_1)
                                         _078_ (net)
                  0.09    0.00    0.84 v _181_/D (sky130_fd_sc_hd__or4_2)
     1    0.03    0.11    0.40    1.24 v _181_/X (sky130_fd_sc_hd__or4_2)
                                         _079_ (net)
                  0.11    0.00    1.24 v _184_/A3 (sky130_fd_sc_hd__o31a_1)
     1    0.03    0.10    0.26    1.50 v _184_/X (sky130_fd_sc_hd__o31a_1)
                                         _082_ (net)
                  0.10    0.00    1.50 v _186_/A2 (sky130_fd_sc_hd__o211ai_2)
     2    0.02    0.23    0.23    1.74 ^ _186_/Y (sky130_fd_sc_hd__o211ai_2)
                                         _084_ (net)
                  0.23    0.00    1.74 ^ _187_/A2 (sky130_fd_sc_hd__a21bo_2)
     9    0.06    0.25    0.27    2.01 ^ _187_/X (sky130_fd_sc_hd__a21bo_2)
                                         _085_ (net)
                  0.25    0.00    2.02 ^ _188_/A (sky130_fd_sc_hd__inv_2)
     2    0.03    0.09    0.08    2.09 v _188_/Y (sky130_fd_sc_hd__inv_2)
                                         _086_ (net)
                  0.09    0.00    2.10 v _189_/A (sky130_fd_sc_hd__buf_4)
    10    0.08    0.08    0.17    2.26 v _189_/X (sky130_fd_sc_hd__buf_4)
                                         _027_ (net)
                  0.08    0.02    2.28 v _278_/A (sky130_fd_sc_hd__nor3_1)
     1    0.01    0.31    0.30    2.58 ^ _278_/Y (sky130_fd_sc_hd__nor3_1)
                                         _016_ (net)
                  0.31    0.00    2.58 ^ _354_/D (sky130_fd_sc_hd__dfrtp_4)
                                  2.58   data arrival time

                         10.00   10.00   clock clk (rise edge)
                          0.00   10.00   clock source latency
     1    0.03    0.09    0.06   10.06 ^ clk (in)
                                         clk (net)
                  0.09    0.00   10.06 ^ clkbuf_0_clk/A (sky130_fd_sc_hd__clkbuf_16)
     4    0.05    0.05    0.11   10.17 ^ clkbuf_0_clk/X (sky130_fd_sc_hd__clkbuf_16)
                                         clknet_0_clk (net)
                  0.06    0.00   10.18 ^ clkbuf_2_3__f_clk/A (sky130_fd_sc_hd__clkbuf_16)
     8    0.04    0.05    0.10   10.28 ^ clkbuf_2_3__f_clk/X (sky130_fd_sc_hd__clkbuf_16)
                                         clknet_2_3__leaf_clk (net)
                  0.05    0.00   10.28 ^ _354_/CLK (sky130_fd_sc_hd__dfrtp_4)
                         -0.25   10.03   clock uncertainty
                          0.02   10.05   clock reconvergence pessimism
                         -0.06    9.98   library setup time
                                  9.98   data required time
-----------------------------------------------------------------------------
                                  9.98   data required time
                                 -2.58   data arrival time
-----------------------------------------------------------------------------
                                  7.40   slack (MET)


Startpoint: _343_ (rising edge-triggered flip-flop clocked by clk)
Endpoint: _334_ (rising edge-triggered flip-flop clocked by clk)
Path Group: clk
Path Type: max
Corner: Fastest

Fanout     Cap    Slew   Delay    Time   Description
-----------------------------------------------------------------------------
                          0.00    0.00   clock clk (rise edge)
                          0.00    0.00   clock source latency
     1    0.03    0.09    0.07    0.07 ^ clk (in)
                                         clk (net)
                  0.09    0.00    0.07 ^ clkbuf_0_clk/A (sky130_fd_sc_hd__clkbuf_16)
     4    0.05    0.05    0.13    0.19 ^ clkbuf_0_clk/X (sky130_fd_sc_hd__clkbuf_16)
                                         clknet_0_clk (net)
                  0.05    0.00    0.20 ^ clkbuf_2_0__f_clk/A (sky130_fd_sc_hd__clkbuf_16)
     9    0.05    0.05    0.11    0.31 ^ clkbuf_2_0__f_clk/X (sky130_fd_sc_hd__clkbuf_16)
                                         clknet_2_0__leaf_clk (net)
                  0.05    0.00    0.31 ^ _343_/CLK (sky130_fd_sc_hd__dfrtp_1)
     4    0.02    0.09    0.30    0.61 v _343_/Q (sky130_fd_sc_hd__dfrtp_1)
                                         one_second_counter[13] (net)
                  0.09    0.00    0.61 v _180_/D (sky130_fd_sc_hd__and4_1)
     2    0.03    0.09    0.22    0.84 v _180_/X (sky130_fd_sc_hd__and4_1)
                                         _078_ (net)
                  0.09    0.00    0.84 v _181_/D (sky130_fd_sc_hd__or4_2)
     1    0.03    0.11    0.40    1.24 v _181_/X (sky130_fd_sc_hd__or4_2)
                                         _079_ (net)
                  0.11    0.00    1.24 v _184_/A3 (sky130_fd_sc_hd__o31a_1)
     1    0.03    0.10    0.26    1.50 v _184_/X (sky130_fd_sc_hd__o31a_1)
                                         _082_ (net)
                  0.10    0.00    1.50 v _186_/A2 (sky130_fd_sc_hd__o211ai_2)
     2    0.02    0.23    0.23    1.74 ^ _186_/Y (sky130_fd_sc_hd__o211ai_2)
                                         _084_ (net)
                  0.23    0.00    1.74 ^ _187_/A2 (sky130_fd_sc_hd__a21bo_2)
     9    0.06    0.25    0.27    2.01 ^ _187_/X (sky130_fd_sc_hd__a21bo_2)
                                         _085_ (net)
                  0.25    0.01    2.01 ^ _202_/A (sky130_fd_sc_hd__clkbuf_4)
    10    0.07    0.17    0.24    2.26 ^ _202_/X (sky130_fd_sc_hd__clkbuf_4)
                                         _095_ (net)
                  0.17    0.01    2.26 ^ _205_/A (sky130_fd_sc_hd__and3_1)
     1    0.01    0.08    0.15    2.41 ^ _205_/X (sky130_fd_sc_hd__and3_1)
                                         _098_ (net)
                  0.08    0.00    2.41 ^ _206_/A (sky130_fd_sc_hd__clkbuf_1)
     1    0.01    0.13    0.13    2.54 ^ _206_/X (sky130_fd_sc_hd__clkbuf_1)
                                         _021_ (net)
                  0.13    0.00    2.55 ^ _334_/D (sky130_fd_sc_hd__dfrtp_4)
                                  2.55   data arrival time

                         10.00   10.00   clock clk (rise edge)
                          0.00   10.00   clock source latency
     1    0.03    0.09    0.06   10.06 ^ clk (in)
                                         clk (net)
                  0.09    0.00   10.06 ^ clkbuf_0_clk/A (sky130_fd_sc_hd__clkbuf_16)
     4    0.05    0.05    0.11   10.17 ^ clkbuf_0_clk/X (sky130_fd_sc_hd__clkbuf_16)
                                         clknet_0_clk (net)
                  0.06    0.00   10.18 ^ clkbuf_2_1__f_clk/A (sky130_fd_sc_hd__clkbuf_16)
    11    0.04    0.04    0.10   10.28 ^ clkbuf_2_1__f_clk/X (sky130_fd_sc_hd__clkbuf_16)
                                         clknet_2_1__leaf_clk (net)
                  0.04    0.00   10.28 ^ _334_/CLK (sky130_fd_sc_hd__dfrtp_4)
                         -0.25   10.03   clock uncertainty
                          0.02   10.05   clock reconvergence pessimism
                         -0.05   10.00   library setup time
                                 10.00   data required time
-----------------------------------------------------------------------------
                                 10.00   data required time
                                 -2.55   data arrival time
-----------------------------------------------------------------------------
                                  7.45   slack (MET)


Startpoint: _342_ (rising edge-triggered flip-flop clocked by clk)
Endpoint: _346_ (rising edge-triggered flip-flop clocked by clk)
Path Group: clk
Path Type: max
Corner: Fastest

Fanout     Cap    Slew   Delay    Time   Description
-----------------------------------------------------------------------------
                          0.00    0.00   clock clk (rise edge)
                          0.00    0.00   clock source latency
     1    0.03    0.09    0.07    0.07 ^ clk (in)
                                         clk (net)
                  0.09    0.00    0.07 ^ clkbuf_0_clk/A (sky130_fd_sc_hd__clkbuf_16)
     4    0.05    0.05    0.13    0.19 ^ clkbuf_0_clk/X (sky130_fd_sc_hd__clkbuf_16)
                                         clknet_0_clk (net)
                  0.06    0.00    0.20 ^ clkbuf_2_1__f_clk/A (sky130_fd_sc_hd__clkbuf_16)
    11    0.04    0.04    0.11    0.30 ^ clkbuf_2_1__f_clk/X (sky130_fd_sc_hd__clkbuf_16)
                                         clknet_2_1__leaf_clk (net)
                  0.04    0.00    0.31 ^ _342_/CLK (sky130_fd_sc_hd__dfrtp_2)
     5    0.04    0.08    0.32    0.62 v _342_/Q (sky130_fd_sc_hd__dfrtp_2)
                                         one_second_counter[12] (net)
                  0.08    0.00    0.63 v _180_/C (sky130_fd_sc_hd__and4_1)
     2    0.03    0.09    0.21    0.84 v _180_/X (sky130_fd_sc_hd__and4_1)
                                         _078_ (net)
                  0.09    0.00    0.84 v _181_/D (sky130_fd_sc_hd__or4_2)
     1    0.03    0.11    0.40    1.24 v _181_/X (sky130_fd_sc_hd__or4_2)
                                         _079_ (net)
                  0.11    0.00    1.24 v _184_/A3 (sky130_fd_sc_hd__o31a_1)
     1    0.03    0.10    0.26    1.50 v _184_/X (sky130_fd_sc_hd__o31a_1)
                                         _082_ (net)
                  0.10    0.00    1.50 v _186_/A2 (sky130_fd_sc_hd__o211ai_2)
     2    0.02    0.23    0.23    1.74 ^ _186_/Y (sky130_fd_sc_hd__o211ai_2)
                                         _084_ (net)
                  0.23    0.00    1.74 ^ _187_/A2 (sky130_fd_sc_hd__a21bo_2)
     9    0.06    0.25    0.27    2.01 ^ _187_/X (sky130_fd_sc_hd__a21bo_2)
                                         _085_ (net)
                  0.25    0.01    2.02 ^ _202_/A (sky130_fd_sc_hd__clkbuf_4)
    10    0.07    0.17    0.24    2.26 ^ _202_/X (sky130_fd_sc_hd__clkbuf_4)
                                         _095_ (net)
                  0.17    0.01    2.27 ^ _249_/A (sky130_fd_sc_hd__and3_1)
     1    0.01    0.10    0.16    2.43 ^ _249_/X (sky130_fd_sc_hd__and3_1)
                                         _130_ (net)
                  0.10    0.00    2.43 ^ _250_/A (sky130_fd_sc_hd__clkbuf_1)
     1    0.01    0.12    0.13    2.56 ^ _250_/X (sky130_fd_sc_hd__clkbuf_1)
                                         _007_ (net)
                  0.12    0.00    2.56 ^ _346_/D (sky130_fd_sc_hd__dfrtp_4)
                                  2.56   data arrival time

                         10.00   10.00   clock clk (rise edge)
                          0.00   10.00   clock source latency
     1    0.03    0.09    0.06   10.06 ^ clk (in)
                                         clk (net)
                  0.09    0.00   10.06 ^ clkbuf_0_clk/A (sky130_fd_sc_hd__clkbuf_16)
     4    0.05    0.05    0.11   10.17 ^ clkbuf_0_clk/X (sky130_fd_sc_hd__clkbuf_16)
                                         clknet_0_clk (net)
                  0.06    0.00   10.18 ^ clkbuf_2_2__f_clk/A (sky130_fd_sc_hd__clkbuf_16)
     7    0.05    0.06    0.10   10.28 ^ clkbuf_2_2__f_clk/X (sky130_fd_sc_hd__clkbuf_16)
                                         clknet_2_2__leaf_clk (net)
                  0.06    0.01   10.29 ^ _346_/CLK (sky130_fd_sc_hd__dfrtp_4)
                         -0.25   10.04   clock uncertainty
                          0.02   10.06   clock reconvergence pessimism
                         -0.05   10.01   library setup time
                                 10.01   data required time
-----------------------------------------------------------------------------
                                 10.01   data required time
                                 -2.56   data arrival time
-----------------------------------------------------------------------------
                                  7.45   slack (MET)


Startpoint: _343_ (rising edge-triggered flip-flop clocked by clk)
Endpoint: _344_ (rising edge-triggered flip-flop clocked by clk)
Path Group: clk
Path Type: max
Corner: Fastest

Fanout     Cap    Slew   Delay    Time   Description
-----------------------------------------------------------------------------
                          0.00    0.00   clock clk (rise edge)
                          0.00    0.00   clock source latency
     1    0.03    0.09    0.07    0.07 ^ clk (in)
                                         clk (net)
                  0.09    0.00    0.07 ^ clkbuf_0_clk/A (sky130_fd_sc_hd__clkbuf_16)
     4    0.05    0.05    0.13    0.19 ^ clkbuf_0_clk/X (sky130_fd_sc_hd__clkbuf_16)
                                         clknet_0_clk (net)
                  0.05    0.00    0.20 ^ clkbuf_2_0__f_clk/A (sky130_fd_sc_hd__clkbuf_16)
     9    0.05    0.05    0.11    0.31 ^ clkbuf_2_0__f_clk/X (sky130_fd_sc_hd__clkbuf_16)
                                         clknet_2_0__leaf_clk (net)
                  0.05    0.00    0.31 ^ _343_/CLK (sky130_fd_sc_hd__dfrtp_1)
     4    0.02    0.09    0.30    0.61 v _343_/Q (sky130_fd_sc_hd__dfrtp_1)
                                         one_second_counter[13] (net)
                  0.09    0.00    0.61 v _180_/D (sky130_fd_sc_hd__and4_1)
     2    0.03    0.09    0.22    0.84 v _180_/X (sky130_fd_sc_hd__and4_1)
                                         _078_ (net)
                  0.09    0.00    0.84 v _181_/D (sky130_fd_sc_hd__or4_2)
     1    0.03    0.11    0.40    1.24 v _181_/X (sky130_fd_sc_hd__or4_2)
                                         _079_ (net)
                  0.11    0.00    1.24 v _184_/A3 (sky130_fd_sc_hd__o31a_1)
     1    0.03    0.10    0.26    1.50 v _184_/X (sky130_fd_sc_hd__o31a_1)
                                         _082_ (net)
                  0.10    0.00    1.50 v _186_/A2 (sky130_fd_sc_hd__o211ai_2)
     2    0.02    0.23    0.23    1.74 ^ _186_/Y (sky130_fd_sc_hd__o211ai_2)
                                         _084_ (net)
                  0.23    0.00    1.74 ^ _187_/A2 (sky130_fd_sc_hd__a21bo_2)
     9    0.06    0.25    0.27    2.01 ^ _187_/X (sky130_fd_sc_hd__a21bo_2)
                                         _085_ (net)
                  0.25    0.01    2.01 ^ _202_/A (sky130_fd_sc_hd__clkbuf_4)
    10    0.07    0.17    0.24    2.26 ^ _202_/X (sky130_fd_sc_hd__clkbuf_4)
                                         _095_ (net)
                  0.17    0.01    2.26 ^ _241_/A (sky130_fd_sc_hd__and3_1)
     1    0.01    0.09    0.16    2.42 ^ _241_/X (sky130_fd_sc_hd__and3_1)
                                         _124_ (net)
                  0.09    0.00    2.42 ^ _242_/A (sky130_fd_sc_hd__clkbuf_1)
     1    0.01    0.12    0.13    2.55 ^ _242_/X (sky130_fd_sc_hd__clkbuf_1)
                                         _005_ (net)
                  0.12    0.00    2.55 ^ _344_/D (sky130_fd_sc_hd__dfrtp_1)
                                  2.55   data arrival time

                         10.00   10.00   clock clk (rise edge)
                          0.00   10.00   clock source latency
     1    0.03    0.09    0.06   10.06 ^ clk (in)
                                         clk (net)
                  0.09    0.00   10.06 ^ clkbuf_0_clk/A (sky130_fd_sc_hd__clkbuf_16)
     4    0.05    0.05    0.11   10.17 ^ clkbuf_0_clk/X (sky130_fd_sc_hd__clkbuf_16)
                                         clknet_0_clk (net)
                  0.06    0.00   10.18 ^ clkbuf_2_1__f_clk/A (sky130_fd_sc_hd__clkbuf_16)
    11    0.04    0.04    0.10   10.28 ^ clkbuf_2_1__f_clk/X (sky130_fd_sc_hd__clkbuf_16)
                                         clknet_2_1__leaf_clk (net)
                  0.04    0.00   10.28 ^ _344_/CLK (sky130_fd_sc_hd__dfrtp_1)
                         -0.25   10.03   clock uncertainty
                          0.02   10.05   clock reconvergence pessimism
                         -0.04   10.00   library setup time
                                 10.00   data required time
-----------------------------------------------------------------------------
                                 10.00   data required time
                                 -2.55   data arrival time
-----------------------------------------------------------------------------
                                  7.46   slack (MET)


Startpoint: _342_ (rising edge-triggered flip-flop clocked by clk)
Endpoint: _345_ (rising edge-triggered flip-flop clocked by clk)
Path Group: clk
Path Type: max
Corner: Fastest

Fanout     Cap    Slew   Delay    Time   Description
-----------------------------------------------------------------------------
                          0.00    0.00   clock clk (rise edge)
                          0.00    0.00   clock source latency
     1    0.03    0.09    0.07    0.07 ^ clk (in)
                                         clk (net)
                  0.09    0.00    0.07 ^ clkbuf_0_clk/A (sky130_fd_sc_hd__clkbuf_16)
     4    0.05    0.05    0.13    0.19 ^ clkbuf_0_clk/X (sky130_fd_sc_hd__clkbuf_16)
                                         clknet_0_clk (net)
                  0.06    0.00    0.20 ^ clkbuf_2_1__f_clk/A (sky130_fd_sc_hd__clkbuf_16)
    11    0.04    0.04    0.11    0.30 ^ clkbuf_2_1__f_clk/X (sky130_fd_sc_hd__clkbuf_16)
                                         clknet_2_1__leaf_clk (net)
                  0.04    0.00    0.31 ^ _342_/CLK (sky130_fd_sc_hd__dfrtp_2)
     5    0.04    0.08    0.32    0.62 v _342_/Q (sky130_fd_sc_hd__dfrtp_2)
                                         one_second_counter[12] (net)
                  0.08    0.00    0.63 v _180_/C (sky130_fd_sc_hd__and4_1)
     2    0.03    0.09    0.21    0.84 v _180_/X (sky130_fd_sc_hd__and4_1)
                                         _078_ (net)
                  0.09    0.00    0.84 v _181_/D (sky130_fd_sc_hd__or4_2)
     1    0.03    0.11    0.40    1.24 v _181_/X (sky130_fd_sc_hd__or4_2)
                                         _079_ (net)
                  0.11    0.00    1.24 v _184_/A3 (sky130_fd_sc_hd__o31a_1)
     1    0.03    0.10    0.26    1.50 v _184_/X (sky130_fd_sc_hd__o31a_1)
                                         _082_ (net)
                  0.10    0.00    1.50 v _186_/A2 (sky130_fd_sc_hd__o211ai_2)
     2    0.02    0.23    0.23    1.74 ^ _186_/Y (sky130_fd_sc_hd__o211ai_2)
                                         _084_ (net)
                  0.23    0.00    1.74 ^ _187_/A2 (sky130_fd_sc_hd__a21bo_2)
     9    0.06    0.25    0.27    2.01 ^ _187_/X (sky130_fd_sc_hd__a21bo_2)
                                         _085_ (net)
                  0.25    0.00    2.02 ^ _188_/A (sky130_fd_sc_hd__inv_2)
     2    0.03    0.09    0.08    2.09 v _188_/Y (sky130_fd_sc_hd__inv_2)
                                         _086_ (net)
                  0.09    0.00    2.10 v _189_/A (sky130_fd_sc_hd__buf_4)
    10    0.08    0.08    0.17    2.26 v _189_/X (sky130_fd_sc_hd__buf_4)
                                         _027_ (net)
                  0.08    0.01    2.28 v _246_/C1 (sky130_fd_sc_hd__a211oi_2)
     1    0.02    0.31    0.22    2.50 ^ _246_/Y (sky130_fd_sc_hd__a211oi_2)
                                         _006_ (net)
                  0.31    0.00    2.50 ^ _345_/D (sky130_fd_sc_hd__dfrtp_2)
                                  2.50   data arrival time

                         10.00   10.00   clock clk (rise edge)
                          0.00   10.00   clock source latency
     1    0.03    0.09    0.06   10.06 ^ clk (in)
                                         clk (net)
                  0.09    0.00   10.06 ^ clkbuf_0_clk/A (sky130_fd_sc_hd__clkbuf_16)
     4    0.05    0.05    0.11   10.17 ^ clkbuf_0_clk/X (sky130_fd_sc_hd__clkbuf_16)
                                         clknet_0_clk (net)
                  0.06    0.00   10.18 ^ clkbuf_2_3__f_clk/A (sky130_fd_sc_hd__clkbuf_16)
     8    0.04    0.05    0.10   10.28 ^ clkbuf_2_3__f_clk/X (sky130_fd_sc_hd__clkbuf_16)
                                         clknet_2_3__leaf_clk (net)
                  0.05    0.00   10.28 ^ _345_/CLK (sky130_fd_sc_hd__dfrtp_2)
                         -0.25   10.03   clock uncertainty
                          0.02   10.05   clock reconvergence pessimism
                         -0.06    9.98   library setup time
                                  9.98   data required time
-----------------------------------------------------------------------------
                                  9.98   data required time
                                 -2.50   data arrival time
-----------------------------------------------------------------------------
                                  7.49   slack (MET)


Startpoint: _342_ (rising edge-triggered flip-flop clocked by clk)
Endpoint: _343_ (rising edge-triggered flip-flop clocked by clk)
Path Group: clk
Path Type: max
Corner: Fastest

Fanout     Cap    Slew   Delay    Time   Description
-----------------------------------------------------------------------------
                          0.00    0.00   clock clk (rise edge)
                          0.00    0.00   clock source latency
     1    0.03    0.09    0.07    0.07 ^ clk (in)
                                         clk (net)
                  0.09    0.00    0.07 ^ clkbuf_0_clk/A (sky130_fd_sc_hd__clkbuf_16)
     4    0.05    0.05    0.13    0.19 ^ clkbuf_0_clk/X (sky130_fd_sc_hd__clkbuf_16)
                                         clknet_0_clk (net)
                  0.06    0.00    0.20 ^ clkbuf_2_1__f_clk/A (sky130_fd_sc_hd__clkbuf_16)
    11    0.04    0.04    0.11    0.30 ^ clkbuf_2_1__f_clk/X (sky130_fd_sc_hd__clkbuf_16)
                                         clknet_2_1__leaf_clk (net)
                  0.04    0.00    0.31 ^ _342_/CLK (sky130_fd_sc_hd__dfrtp_2)
     5    0.04    0.08    0.32    0.62 v _342_/Q (sky130_fd_sc_hd__dfrtp_2)
                                         one_second_counter[12] (net)
                  0.08    0.00    0.63 v _180_/C (sky130_fd_sc_hd__and4_1)
     2    0.03    0.09    0.21    0.84 v _180_/X (sky130_fd_sc_hd__and4_1)
                                         _078_ (net)
                  0.09    0.00    0.84 v _181_/D (sky130_fd_sc_hd__or4_2)
     1    0.03    0.11    0.40    1.24 v _181_/X (sky130_fd_sc_hd__or4_2)
                                         _079_ (net)
                  0.11    0.00    1.24 v _184_/A3 (sky130_fd_sc_hd__o31a_1)
     1    0.03    0.10    0.26    1.50 v _184_/X (sky130_fd_sc_hd__o31a_1)
                                         _082_ (net)
                  0.10    0.00    1.50 v _186_/A2 (sky130_fd_sc_hd__o211ai_2)
     2    0.02    0.23    0.23    1.74 ^ _186_/Y (sky130_fd_sc_hd__o211ai_2)
                                         _084_ (net)
                  0.23    0.00    1.74 ^ _187_/A2 (sky130_fd_sc_hd__a21bo_2)
     9    0.06    0.25    0.27    2.01 ^ _187_/X (sky130_fd_sc_hd__a21bo_2)
                                         _085_ (net)
                  0.25    0.01    2.02 ^ _202_/A (sky130_fd_sc_hd__clkbuf_4)
    10    0.07    0.17    0.24    2.26 ^ _202_/X (sky130_fd_sc_hd__clkbuf_4)
                                         _095_ (net)
                  0.17    0.01    2.27 ^ _236_/A (sky130_fd_sc_hd__and3_1)
     1    0.01    0.09    0.16    2.42 ^ _236_/X (sky130_fd_sc_hd__and3_1)
                                         _120_ (net)
                  0.09    0.00    2.42 ^ _237_/A (sky130_fd_sc_hd__clkbuf_1)
     1    0.01    0.07    0.09    2.51 ^ _237_/X (sky130_fd_sc_hd__clkbuf_1)
                                         _004_ (net)
                  0.07    0.00    2.51 ^ _343_/D (sky130_fd_sc_hd__dfrtp_1)
                                  2.51   data arrival time

                         10.00   10.00   clock clk (rise edge)
                          0.00   10.00   clock source latency
     1    0.03    0.09    0.06   10.06 ^ clk (in)
                                         clk (net)
                  0.09    0.00   10.06 ^ clkbuf_0_clk/A (sky130_fd_sc_hd__clkbuf_16)
     4    0.05    0.05    0.11   10.17 ^ clkbuf_0_clk/X (sky130_fd_sc_hd__clkbuf_16)
                                         clknet_0_clk (net)
                  0.05    0.00   10.18 ^ clkbuf_2_0__f_clk/A (sky130_fd_sc_hd__clkbuf_16)
     9    0.05    0.05    0.10   10.28 ^ clkbuf_2_0__f_clk/X (sky130_fd_sc_hd__clkbuf_16)
                                         clknet_2_0__leaf_clk (net)
                  0.05    0.00   10.28 ^ _343_/CLK (sky130_fd_sc_hd__dfrtp_1)
                         -0.25   10.03   clock uncertainty
                          0.02   10.05   clock reconvergence pessimism
                         -0.04   10.01   library setup time
                                 10.01   data required time
-----------------------------------------------------------------------------
                                 10.01   data required time
                                 -2.51   data arrival time
-----------------------------------------------------------------------------
                                  7.50   slack (MET)


Startpoint: _342_ (rising edge-triggered flip-flop clocked by clk)
Endpoint: _341_ (rising edge-triggered flip-flop clocked by clk)
Path Group: clk
Path Type: max
Corner: Fastest

Fanout     Cap    Slew   Delay    Time   Description
-----------------------------------------------------------------------------
                          0.00    0.00   clock clk (rise edge)
                          0.00    0.00   clock source latency
     1    0.03    0.09    0.07    0.07 ^ clk (in)
                                         clk (net)
                  0.09    0.00    0.07 ^ clkbuf_0_clk/A (sky130_fd_sc_hd__clkbuf_16)
     4    0.05    0.05    0.13    0.19 ^ clkbuf_0_clk/X (sky130_fd_sc_hd__clkbuf_16)
                                         clknet_0_clk (net)
                  0.06    0.00    0.20 ^ clkbuf_2_1__f_clk/A (sky130_fd_sc_hd__clkbuf_16)
    11    0.04    0.04    0.11    0.30 ^ clkbuf_2_1__f_clk/X (sky130_fd_sc_hd__clkbuf_16)
                                         clknet_2_1__leaf_clk (net)
                  0.04    0.00    0.31 ^ _342_/CLK (sky130_fd_sc_hd__dfrtp_2)
     5    0.04    0.08    0.32    0.62 v _342_/Q (sky130_fd_sc_hd__dfrtp_2)
                                         one_second_counter[12] (net)
                  0.08    0.00    0.63 v _180_/C (sky130_fd_sc_hd__and4_1)
     2    0.03    0.09    0.21    0.84 v _180_/X (sky130_fd_sc_hd__and4_1)
                                         _078_ (net)
                  0.09    0.00    0.84 v _181_/D (sky130_fd_sc_hd__or4_2)
     1    0.03    0.11    0.40    1.24 v _181_/X (sky130_fd_sc_hd__or4_2)
                                         _079_ (net)
                  0.11    0.00    1.24 v _184_/A3 (sky130_fd_sc_hd__o31a_1)
     1    0.03    0.10    0.26    1.50 v _184_/X (sky130_fd_sc_hd__o31a_1)
                                         _082_ (net)
                  0.10    0.00    1.50 v _186_/A2 (sky130_fd_sc_hd__o211ai_2)
     2    0.02    0.23    0.23    1.74 ^ _186_/Y (sky130_fd_sc_hd__o211ai_2)
                                         _084_ (net)
                  0.23    0.00    1.74 ^ _187_/A2 (sky130_fd_sc_hd__a21bo_2)
     9    0.06    0.25    0.27    2.01 ^ _187_/X (sky130_fd_sc_hd__a21bo_2)
                                         _085_ (net)
                  0.25    0.00    2.02 ^ _188_/A (sky130_fd_sc_hd__inv_2)
     2    0.03    0.09    0.08    2.09 v _188_/Y (sky130_fd_sc_hd__inv_2)
                                         _086_ (net)
                  0.09    0.00    2.10 v _189_/A (sky130_fd_sc_hd__buf_4)
    10    0.08    0.08    0.17    2.26 v _189_/X (sky130_fd_sc_hd__buf_4)
                                         _027_ (net)
                  0.08    0.00    2.27 v _229_/A (sky130_fd_sc_hd__nor3_1)
     1    0.01    0.20    0.21    2.48 ^ _229_/Y (sky130_fd_sc_hd__nor3_1)
                                         _002_ (net)
                  0.20    0.00    2.48 ^ _341_/D (sky130_fd_sc_hd__dfrtp_4)
                                  2.48   data arrival time

                         10.00   10.00   clock clk (rise edge)
                          0.00   10.00   clock source latency
     1    0.03    0.09    0.06   10.06 ^ clk (in)
                                         clk (net)
                  0.09    0.00   10.06 ^ clkbuf_0_clk/A (sky130_fd_sc_hd__clkbuf_16)
     4    0.05    0.05    0.11   10.17 ^ clkbuf_0_clk/X (sky130_fd_sc_hd__clkbuf_16)
                                         clknet_0_clk (net)
                  0.05    0.00   10.18 ^ clkbuf_2_0__f_clk/A (sky130_fd_sc_hd__clkbuf_16)
     9    0.05    0.05    0.10   10.28 ^ clkbuf_2_0__f_clk/X (sky130_fd_sc_hd__clkbuf_16)
                                         clknet_2_0__leaf_clk (net)
                  0.05    0.00   10.28 ^ _341_/CLK (sky130_fd_sc_hd__dfrtp_4)
                         -0.25   10.03   clock uncertainty
                          0.02   10.05   clock reconvergence pessimism
                         -0.05   10.00   library setup time
                                 10.00   data required time
-----------------------------------------------------------------------------
                                 10.00   data required time
                                 -2.48   data arrival time
-----------------------------------------------------------------------------
                                  7.51   slack (MET)


Startpoint: _343_ (rising edge-triggered flip-flop clocked by clk)
Endpoint: _353_ (rising edge-triggered flip-flop clocked by clk)
Path Group: clk
Path Type: max
Corner: Fastest

Fanout     Cap    Slew   Delay    Time   Description
-----------------------------------------------------------------------------
                          0.00    0.00   clock clk (rise edge)
                          0.00    0.00   clock source latency
     1    0.03    0.09    0.07    0.07 ^ clk (in)
                                         clk (net)
                  0.09    0.00    0.07 ^ clkbuf_0_clk/A (sky130_fd_sc_hd__clkbuf_16)
     4    0.05    0.05    0.13    0.19 ^ clkbuf_0_clk/X (sky130_fd_sc_hd__clkbuf_16)
                                         clknet_0_clk (net)
                  0.05    0.00    0.20 ^ clkbuf_2_0__f_clk/A (sky130_fd_sc_hd__clkbuf_16)
     9    0.05    0.05    0.11    0.31 ^ clkbuf_2_0__f_clk/X (sky130_fd_sc_hd__clkbuf_16)
                                         clknet_2_0__leaf_clk (net)
                  0.05    0.00    0.31 ^ _343_/CLK (sky130_fd_sc_hd__dfrtp_1)
     4    0.02    0.09    0.30    0.61 v _343_/Q (sky130_fd_sc_hd__dfrtp_1)
                                         one_second_counter[13] (net)
                  0.09    0.00    0.61 v _180_/D (sky130_fd_sc_hd__and4_1)
     2    0.03    0.09    0.22    0.84 v _180_/X (sky130_fd_sc_hd__and4_1)
                                         _078_ (net)
                  0.09    0.00    0.84 v _181_/D (sky130_fd_sc_hd__or4_2)
     1    0.03    0.11    0.40    1.24 v _181_/X (sky130_fd_sc_hd__or4_2)
                                         _079_ (net)
                  0.11    0.00    1.24 v _184_/A3 (sky130_fd_sc_hd__o31a_1)
     1    0.03    0.10    0.26    1.50 v _184_/X (sky130_fd_sc_hd__o31a_1)
                                         _082_ (net)
                  0.10    0.00    1.50 v _186_/A2 (sky130_fd_sc_hd__o211ai_2)
     2    0.02    0.23    0.23    1.74 ^ _186_/Y (sky130_fd_sc_hd__o211ai_2)
                                         _084_ (net)
                  0.23    0.00    1.74 ^ _187_/A2 (sky130_fd_sc_hd__a21bo_2)
     9    0.06    0.25    0.27    2.01 ^ _187_/X (sky130_fd_sc_hd__a21bo_2)
                                         _085_ (net)
                  0.25    0.00    2.01 ^ _188_/A (sky130_fd_sc_hd__inv_2)
     2    0.03    0.09    0.08    2.09 v _188_/Y (sky130_fd_sc_hd__inv_2)
                                         _086_ (net)
                  0.09    0.00    2.09 v _189_/A (sky130_fd_sc_hd__buf_4)
    10    0.08    0.08    0.17    2.26 v _189_/X (sky130_fd_sc_hd__buf_4)
                                         _027_ (net)
                  0.08    0.02    2.28 v _275_/C1 (sky130_fd_sc_hd__a221oi_2)
     1    0.02    0.27    0.18    2.46 ^ _275_/Y (sky130_fd_sc_hd__a221oi_2)
                                         _015_ (net)
                  0.27    0.00    2.46 ^ _353_/D (sky130_fd_sc_hd__dfrtp_1)
                                  2.46   data arrival time

                         10.00   10.00   clock clk (rise edge)
                          0.00   10.00   clock source latency
     1    0.03    0.09    0.06   10.06 ^ clk (in)
                                         clk (net)
                  0.09    0.00   10.06 ^ clkbuf_0_clk/A (sky130_fd_sc_hd__clkbuf_16)
     4    0.05    0.05    0.11   10.17 ^ clkbuf_0_clk/X (sky130_fd_sc_hd__clkbuf_16)
                                         clknet_0_clk (net)
                  0.06    0.00   10.18 ^ clkbuf_2_1__f_clk/A (sky130_fd_sc_hd__clkbuf_16)
    11    0.04    0.04    0.10   10.28 ^ clkbuf_2_1__f_clk/X (sky130_fd_sc_hd__clkbuf_16)
                                         clknet_2_1__leaf_clk (net)
                  0.04    0.00   10.28 ^ _353_/CLK (sky130_fd_sc_hd__dfrtp_1)
                         -0.25   10.03   clock uncertainty
                          0.02   10.05   clock reconvergence pessimism
                         -0.06    9.99   library setup time
                                  9.99   data required time
-----------------------------------------------------------------------------
                                  9.99   data required time
                                 -2.46   data arrival time
-----------------------------------------------------------------------------
                                  7.53   slack (MET)


Startpoint: _342_ (rising edge-triggered flip-flop clocked by clk)
Endpoint: _351_ (rising edge-triggered flip-flop clocked by clk)
Path Group: clk
Path Type: max
Corner: Fastest

Fanout     Cap    Slew   Delay    Time   Description
-----------------------------------------------------------------------------
                          0.00    0.00   clock clk (rise edge)
                          0.00    0.00   clock source latency
     1    0.03    0.09    0.07    0.07 ^ clk (in)
                                         clk (net)
                  0.09    0.00    0.07 ^ clkbuf_0_clk/A (sky130_fd_sc_hd__clkbuf_16)
     4    0.05    0.05    0.13    0.19 ^ clkbuf_0_clk/X (sky130_fd_sc_hd__clkbuf_16)
                                         clknet_0_clk (net)
                  0.06    0.00    0.20 ^ clkbuf_2_1__f_clk/A (sky130_fd_sc_hd__clkbuf_16)
    11    0.04    0.04    0.11    0.30 ^ clkbuf_2_1__f_clk/X (sky130_fd_sc_hd__clkbuf_16)
                                         clknet_2_1__leaf_clk (net)
                  0.04    0.00    0.31 ^ _342_/CLK (sky130_fd_sc_hd__dfrtp_2)
     5    0.04    0.08    0.32    0.62 v _342_/Q (sky130_fd_sc_hd__dfrtp_2)
                                         one_second_counter[12] (net)
                  0.08    0.00    0.63 v _180_/C (sky130_fd_sc_hd__and4_1)
     2    0.03    0.09    0.21    0.84 v _180_/X (sky130_fd_sc_hd__and4_1)
                                         _078_ (net)
                  0.09    0.00    0.84 v _181_/D (sky130_fd_sc_hd__or4_2)
     1    0.03    0.11    0.40    1.24 v _181_/X (sky130_fd_sc_hd__or4_2)
                                         _079_ (net)
                  0.11    0.00    1.24 v _184_/A3 (sky130_fd_sc_hd__o31a_1)
     1    0.03    0.10    0.26    1.50 v _184_/X (sky130_fd_sc_hd__o31a_1)
                                         _082_ (net)
                  0.10    0.00    1.50 v _186_/A2 (sky130_fd_sc_hd__o211ai_2)
     2    0.02    0.23    0.23    1.74 ^ _186_/Y (sky130_fd_sc_hd__o211ai_2)
                                         _084_ (net)
                  0.23    0.00    1.74 ^ _187_/A2 (sky130_fd_sc_hd__a21bo_2)
     9    0.06    0.25    0.27    2.01 ^ _187_/X (sky130_fd_sc_hd__a21bo_2)
                                         _085_ (net)
                  0.25    0.00    2.02 ^ _188_/A (sky130_fd_sc_hd__inv_2)
     2    0.03    0.09    0.08    2.09 v _188_/Y (sky130_fd_sc_hd__inv_2)
                                         _086_ (net)
                  0.09    0.00    2.10 v _189_/A (sky130_fd_sc_hd__buf_4)
    10    0.08    0.08    0.17    2.26 v _189_/X (sky130_fd_sc_hd__buf_4)
                                         _027_ (net)
                  0.08    0.00    2.27 v _268_/C1 (sky130_fd_sc_hd__a211oi_2)
     1    0.02    0.28    0.19    2.46 ^ _268_/Y (sky130_fd_sc_hd__a211oi_2)
                                         _013_ (net)
                  0.28    0.00    2.46 ^ _351_/D (sky130_fd_sc_hd__dfrtp_2)
                                  2.46   data arrival time

                         10.00   10.00   clock clk (rise edge)
                          0.00   10.00   clock source latency
     1    0.03    0.09    0.06   10.06 ^ clk (in)
                                         clk (net)
                  0.09    0.00   10.06 ^ clkbuf_0_clk/A (sky130_fd_sc_hd__clkbuf_16)
     4    0.05    0.05    0.11   10.17 ^ clkbuf_0_clk/X (sky130_fd_sc_hd__clkbuf_16)
                                         clknet_0_clk (net)
                  0.06    0.00   10.18 ^ clkbuf_2_2__f_clk/A (sky130_fd_sc_hd__clkbuf_16)
     7    0.05    0.06    0.10   10.28 ^ clkbuf_2_2__f_clk/X (sky130_fd_sc_hd__clkbuf_16)
                                         clknet_2_2__leaf_clk (net)
                  0.06    0.01   10.29 ^ _351_/CLK (sky130_fd_sc_hd__dfrtp_2)
                         -0.25   10.04   clock uncertainty
                          0.02   10.05   clock reconvergence pessimism
                         -0.06    9.99   library setup time
                                  9.99   data required time
-----------------------------------------------------------------------------
                                  9.99   data required time
                                 -2.46   data arrival time
-----------------------------------------------------------------------------
                                  7.53   slack (MET)


Startpoint: _343_ (rising edge-triggered flip-flop clocked by clk)
Endpoint: _337_ (rising edge-triggered flip-flop clocked by clk)
Path Group: clk
Path Type: max
Corner: Fastest

Fanout     Cap    Slew   Delay    Time   Description
-----------------------------------------------------------------------------
                          0.00    0.00   clock clk (rise edge)
                          0.00    0.00   clock source latency
     1    0.03    0.09    0.07    0.07 ^ clk (in)
                                         clk (net)
                  0.09    0.00    0.07 ^ clkbuf_0_clk/A (sky130_fd_sc_hd__clkbuf_16)
     4    0.05    0.05    0.13    0.19 ^ clkbuf_0_clk/X (sky130_fd_sc_hd__clkbuf_16)
                                         clknet_0_clk (net)
                  0.05    0.00    0.20 ^ clkbuf_2_0__f_clk/A (sky130_fd_sc_hd__clkbuf_16)
     9    0.05    0.05    0.11    0.31 ^ clkbuf_2_0__f_clk/X (sky130_fd_sc_hd__clkbuf_16)
                                         clknet_2_0__leaf_clk (net)
                  0.05    0.00    0.31 ^ _343_/CLK (sky130_fd_sc_hd__dfrtp_1)
     4    0.02    0.09    0.30    0.61 v _343_/Q (sky130_fd_sc_hd__dfrtp_1)
                                         one_second_counter[13] (net)
                  0.09    0.00    0.61 v _180_/D (sky130_fd_sc_hd__and4_1)
     2    0.03    0.09    0.22    0.84 v _180_/X (sky130_fd_sc_hd__and4_1)
                                         _078_ (net)
                  0.09    0.00    0.84 v _181_/D (sky130_fd_sc_hd__or4_2)
     1    0.03    0.11    0.40    1.24 v _181_/X (sky130_fd_sc_hd__or4_2)
                                         _079_ (net)
                  0.11    0.00    1.24 v _184_/A3 (sky130_fd_sc_hd__o31a_1)
     1    0.03    0.10    0.26    1.50 v _184_/X (sky130_fd_sc_hd__o31a_1)
                                         _082_ (net)
                  0.10    0.00    1.50 v _186_/A2 (sky130_fd_sc_hd__o211ai_2)
     2    0.02    0.23    0.23    1.74 ^ _186_/Y (sky130_fd_sc_hd__o211ai_2)
                                         _084_ (net)
                  0.23    0.00    1.74 ^ _187_/A2 (sky130_fd_sc_hd__a21bo_2)
     9    0.06    0.25    0.27    2.01 ^ _187_/X (sky130_fd_sc_hd__a21bo_2)
                                         _085_ (net)
                  0.25    0.00    2.01 ^ _188_/A (sky130_fd_sc_hd__inv_2)
     2    0.03    0.09    0.08    2.09 v _188_/Y (sky130_fd_sc_hd__inv_2)
                                         _086_ (net)
                  0.09    0.00    2.09 v _215_/B1 (sky130_fd_sc_hd__a211oi_1)
     1    0.02    0.47    0.34    2.43 ^ _215_/Y (sky130_fd_sc_hd__a211oi_1)
                                         _024_ (net)
                  0.47    0.00    2.43 ^ _337_/D (sky130_fd_sc_hd__dfrtp_2)
                                  2.43   data arrival time

                         10.00   10.00   clock clk (rise edge)
                          0.00   10.00   clock source latency
     1    0.03    0.09    0.06   10.06 ^ clk (in)
                                         clk (net)
                  0.09    0.00   10.06 ^ clkbuf_0_clk/A (sky130_fd_sc_hd__clkbuf_16)
     4    0.05    0.05    0.11   10.17 ^ clkbuf_0_clk/X (sky130_fd_sc_hd__clkbuf_16)
                                         clknet_0_clk (net)
                  0.06    0.00   10.18 ^ clkbuf_2_1__f_clk/A (sky130_fd_sc_hd__clkbuf_16)
    11    0.04    0.04    0.10   10.28 ^ clkbuf_2_1__f_clk/X (sky130_fd_sc_hd__clkbuf_16)
                                         clknet_2_1__leaf_clk (net)
                  0.05    0.00   10.28 ^ _337_/CLK (sky130_fd_sc_hd__dfrtp_2)
                         -0.25   10.03   clock uncertainty
                          0.02   10.05   clock reconvergence pessimism
                         -0.08    9.97   library setup time
                                  9.97   data required time
-----------------------------------------------------------------------------
                                  9.97   data required time
                                 -2.43   data arrival time
-----------------------------------------------------------------------------
                                  7.53   slack (MET)


Startpoint: _331_ (rising edge-triggered flip-flop clocked by clk)
Endpoint: _352_ (rising edge-triggered flip-flop clocked by clk)
Path Group: clk
Path Type: max
Corner: Fastest

Fanout     Cap    Slew   Delay    Time   Description
-----------------------------------------------------------------------------
                          0.00    0.00   clock clk (rise edge)
                          0.00    0.00   clock source latency
     1    0.03    0.09    0.07    0.07 ^ clk (in)
                                         clk (net)
                  0.09    0.00    0.07 ^ clkbuf_0_clk/A (sky130_fd_sc_hd__clkbuf_16)
     4    0.05    0.05    0.13    0.19 ^ clkbuf_0_clk/X (sky130_fd_sc_hd__clkbuf_16)
                                         clknet_0_clk (net)
                  0.06    0.00    0.20 ^ clkbuf_2_2__f_clk/A (sky130_fd_sc_hd__clkbuf_16)
     7    0.05    0.06    0.11    0.31 ^ clkbuf_2_2__f_clk/X (sky130_fd_sc_hd__clkbuf_16)
                                         clknet_2_2__leaf_clk (net)
                  0.06    0.01    0.32 ^ _331_/CLK (sky130_fd_sc_hd__dfrtp_4)
     6    0.06    0.15    0.36    0.68 ^ _331_/Q (sky130_fd_sc_hd__dfrtp_4)
                                         one_second_counter[1] (net)
                  0.15    0.01    0.69 ^ _177_/C (sky130_fd_sc_hd__and4_2)
     7    0.06    0.23    0.31    1.00 ^ _177_/X (sky130_fd_sc_hd__and4_2)
                                         _075_ (net)
                  0.23    0.00    1.00 ^ _221_/C (sky130_fd_sc_hd__and4_4)
     6    0.06    0.14    0.24    1.24 ^ _221_/X (sky130_fd_sc_hd__and4_4)
                                         _109_ (net)
                  0.15    0.01    1.26 ^ _244_/D (sky130_fd_sc_hd__and4_1)
     1    0.01    0.12    0.19    1.45 ^ _244_/X (sky130_fd_sc_hd__and4_1)
                                         _126_ (net)
                  0.12    0.00    1.45 ^ _245_/A (sky130_fd_sc_hd__buf_4)
    10    0.08    0.17    0.20    1.65 ^ _245_/X (sky130_fd_sc_hd__buf_4)
                                         _127_ (net)
                  0.17    0.01    1.66 ^ _267_/C (sky130_fd_sc_hd__and4_1)
     3    0.03    0.21    0.27    1.93 ^ _267_/X (sky130_fd_sc_hd__and4_1)
                                         _143_ (net)
                  0.21    0.00    1.93 ^ _270_/B (sky130_fd_sc_hd__nand2_2)
     2    0.03    0.11    0.12    2.05 v _270_/Y (sky130_fd_sc_hd__nand2_2)
                                         _145_ (net)
                  0.11    0.00    2.05 v _271_/C (sky130_fd_sc_hd__and3_1)
     1    0.02    0.08    0.21    2.26 v _271_/X (sky130_fd_sc_hd__and3_1)
                                         _146_ (net)
                  0.09    0.00    2.26 v _272_/A (sky130_fd_sc_hd__buf_1)
     1    0.02    0.10    0.15    2.41 v _272_/X (sky130_fd_sc_hd__buf_1)
                                         _014_ (net)
                  0.10    0.00    2.41 v _352_/D (sky130_fd_sc_hd__dfrtp_1)
                                  2.41   data arrival time

                         10.00   10.00   clock clk (rise edge)
                          0.00   10.00   clock source latency
     1    0.03    0.09    0.06   10.06 ^ clk (in)
                                         clk (net)
                  0.09    0.00   10.06 ^ clkbuf_0_clk/A (sky130_fd_sc_hd__clkbuf_16)
     4    0.05    0.05    0.11   10.17 ^ clkbuf_0_clk/X (sky130_fd_sc_hd__clkbuf_16)
                                         clknet_0_clk (net)
                  0.05    0.00   10.18 ^ clkbuf_2_0__f_clk/A (sky130_fd_sc_hd__clkbuf_16)
     9    0.05    0.05    0.10   10.28 ^ clkbuf_2_0__f_clk/X (sky130_fd_sc_hd__clkbuf_16)
                                         clknet_2_0__leaf_clk (net)
                  0.05    0.00   10.28 ^ _352_/CLK (sky130_fd_sc_hd__dfrtp_1)
                         -0.25   10.03   clock uncertainty
                          0.02   10.05   clock reconvergence pessimism
                         -0.09    9.96   library setup time
                                  9.96   data required time
-----------------------------------------------------------------------------
                                  9.96   data required time
                                 -2.41   data arrival time
-----------------------------------------------------------------------------
                                  7.54   slack (MET)


Startpoint: _343_ (rising edge-triggered flip-flop clocked by clk)
Endpoint: _330_ (rising edge-triggered flip-flop clocked by clk)
Path Group: clk
Path Type: max
Corner: Fastest

Fanout     Cap    Slew   Delay    Time   Description
-----------------------------------------------------------------------------
                          0.00    0.00   clock clk (rise edge)
                          0.00    0.00   clock source latency
     1    0.03    0.09    0.07    0.07 ^ clk (in)
                                         clk (net)
                  0.09    0.00    0.07 ^ clkbuf_0_clk/A (sky130_fd_sc_hd__clkbuf_16)
     4    0.05    0.05    0.13    0.19 ^ clkbuf_0_clk/X (sky130_fd_sc_hd__clkbuf_16)
                                         clknet_0_clk (net)
                  0.05    0.00    0.20 ^ clkbuf_2_0__f_clk/A (sky130_fd_sc_hd__clkbuf_16)
     9    0.05    0.05    0.11    0.31 ^ clkbuf_2_0__f_clk/X (sky130_fd_sc_hd__clkbuf_16)
                                         clknet_2_0__leaf_clk (net)
                  0.05    0.00    0.31 ^ _343_/CLK (sky130_fd_sc_hd__dfrtp_1)
     4    0.02    0.09    0.30    0.61 v _343_/Q (sky130_fd_sc_hd__dfrtp_1)
                                         one_second_counter[13] (net)
                  0.09    0.00    0.61 v _180_/D (sky130_fd_sc_hd__and4_1)
     2    0.03    0.09    0.22    0.84 v _180_/X (sky130_fd_sc_hd__and4_1)
                                         _078_ (net)
                  0.09    0.00    0.84 v _181_/D (sky130_fd_sc_hd__or4_2)
     1    0.03    0.11    0.40    1.24 v _181_/X (sky130_fd_sc_hd__or4_2)
                                         _079_ (net)
                  0.11    0.00    1.24 v _184_/A3 (sky130_fd_sc_hd__o31a_1)
     1    0.03    0.10    0.26    1.50 v _184_/X (sky130_fd_sc_hd__o31a_1)
                                         _082_ (net)
                  0.10    0.00    1.50 v _186_/A2 (sky130_fd_sc_hd__o211ai_2)
     2    0.02    0.23    0.23    1.74 ^ _186_/Y (sky130_fd_sc_hd__o211ai_2)
                                         _084_ (net)
                  0.23    0.00    1.74 ^ _187_/A2 (sky130_fd_sc_hd__a21bo_2)
     9    0.06    0.25    0.27    2.01 ^ _187_/X (sky130_fd_sc_hd__a21bo_2)
                                         _085_ (net)
                  0.25    0.00    2.01 ^ _188_/A (sky130_fd_sc_hd__inv_2)
     2    0.03    0.09    0.08    2.09 v _188_/Y (sky130_fd_sc_hd__inv_2)
                                         _086_ (net)
                  0.09    0.00    2.09 v _189_/A (sky130_fd_sc_hd__buf_4)
    10    0.08    0.08    0.17    2.26 v _189_/X (sky130_fd_sc_hd__buf_4)
                                         _027_ (net)
                  0.08    0.01    2.27 v _190_/B (sky130_fd_sc_hd__nor2_1)
     1    0.01    0.14    0.14    2.42 ^ _190_/Y (sky130_fd_sc_hd__nor2_1)
                                         _000_ (net)
                  0.14    0.00    2.42 ^ _330_/D (sky130_fd_sc_hd__dfrtp_4)
                                  2.42   data arrival time

                         10.00   10.00   clock clk (rise edge)
                          0.00   10.00   clock source latency
     1    0.03    0.09    0.06   10.06 ^ clk (in)
                                         clk (net)
                  0.09    0.00   10.06 ^ clkbuf_0_clk/A (sky130_fd_sc_hd__clkbuf_16)
     4    0.05    0.05    0.11   10.17 ^ clkbuf_0_clk/X (sky130_fd_sc_hd__clkbuf_16)
                                         clknet_0_clk (net)
                  0.06    0.00   10.18 ^ clkbuf_2_1__f_clk/A (sky130_fd_sc_hd__clkbuf_16)
    11    0.04    0.04    0.10   10.28 ^ clkbuf_2_1__f_clk/X (sky130_fd_sc_hd__clkbuf_16)
                                         clknet_2_1__leaf_clk (net)
                  0.05    0.00   10.28 ^ _330_/CLK (sky130_fd_sc_hd__dfrtp_4)
                         -0.25   10.03   clock uncertainty
                          0.02   10.05   clock reconvergence pessimism
                         -0.05   10.00   library setup time
                                 10.00   data required time
-----------------------------------------------------------------------------
                                 10.00   data required time
                                 -2.42   data arrival time
-----------------------------------------------------------------------------
                                  7.58   slack (MET)


Startpoint: _342_ (rising edge-triggered flip-flop clocked by clk)
Endpoint: _348_ (rising edge-triggered flip-flop clocked by clk)
Path Group: clk
Path Type: max
Corner: Fastest

Fanout     Cap    Slew   Delay    Time   Description
-----------------------------------------------------------------------------
                          0.00    0.00   clock clk (rise edge)
                          0.00    0.00   clock source latency
     1    0.03    0.09    0.07    0.07 ^ clk (in)
                                         clk (net)
                  0.09    0.00    0.07 ^ clkbuf_0_clk/A (sky130_fd_sc_hd__clkbuf_16)
     4    0.05    0.05    0.13    0.19 ^ clkbuf_0_clk/X (sky130_fd_sc_hd__clkbuf_16)
                                         clknet_0_clk (net)
                  0.06    0.00    0.20 ^ clkbuf_2_1__f_clk/A (sky130_fd_sc_hd__clkbuf_16)
    11    0.04    0.04    0.11    0.30 ^ clkbuf_2_1__f_clk/X (sky130_fd_sc_hd__clkbuf_16)
                                         clknet_2_1__leaf_clk (net)
                  0.04    0.00    0.31 ^ _342_/CLK (sky130_fd_sc_hd__dfrtp_2)
     5    0.04    0.08    0.32    0.62 v _342_/Q (sky130_fd_sc_hd__dfrtp_2)
                                         one_second_counter[12] (net)
                  0.08    0.00    0.63 v _180_/C (sky130_fd_sc_hd__and4_1)
     2    0.03    0.09    0.21    0.84 v _180_/X (sky130_fd_sc_hd__and4_1)
                                         _078_ (net)
                  0.09    0.00    0.84 v _181_/D (sky130_fd_sc_hd__or4_2)
     1    0.03    0.11    0.40    1.24 v _181_/X (sky130_fd_sc_hd__or4_2)
                                         _079_ (net)
                  0.11    0.00    1.24 v _184_/A3 (sky130_fd_sc_hd__o31a_1)
     1    0.03    0.10    0.26    1.50 v _184_/X (sky130_fd_sc_hd__o31a_1)
                                         _082_ (net)
                  0.10    0.00    1.50 v _186_/A2 (sky130_fd_sc_hd__o211ai_2)
     2    0.02    0.23    0.23    1.74 ^ _186_/Y (sky130_fd_sc_hd__o211ai_2)
                                         _084_ (net)
                  0.23    0.00    1.74 ^ _187_/A2 (sky130_fd_sc_hd__a21bo_2)
     9    0.06    0.25    0.27    2.01 ^ _187_/X (sky130_fd_sc_hd__a21bo_2)
                                         _085_ (net)
                  0.25    0.01    2.02 ^ _202_/A (sky130_fd_sc_hd__clkbuf_4)
    10    0.07    0.17    0.24    2.26 ^ _202_/X (sky130_fd_sc_hd__clkbuf_4)
                                         _095_ (net)
                  0.17    0.01    2.27 ^ _255_/C1 (sky130_fd_sc_hd__o211a_1)
     1    0.02    0.10    0.14    2.41 ^ _255_/X (sky130_fd_sc_hd__o211a_1)
                                         _009_ (net)
                  0.10    0.00    2.41 ^ _348_/D (sky130_fd_sc_hd__dfrtp_4)
                                  2.41   data arrival time

                         10.00   10.00   clock clk (rise edge)
                          0.00   10.00   clock source latency
     1    0.03    0.09    0.06   10.06 ^ clk (in)
                                         clk (net)
                  0.09    0.00   10.06 ^ clkbuf_0_clk/A (sky130_fd_sc_hd__clkbuf_16)
     4    0.05    0.05    0.11   10.17 ^ clkbuf_0_clk/X (sky130_fd_sc_hd__clkbuf_16)
                                         clknet_0_clk (net)
                  0.05    0.00   10.18 ^ clkbuf_2_0__f_clk/A (sky130_fd_sc_hd__clkbuf_16)
     9    0.05    0.05    0.10   10.28 ^ clkbuf_2_0__f_clk/X (sky130_fd_sc_hd__clkbuf_16)
                                         clknet_2_0__leaf_clk (net)
                  0.05    0.00   10.28 ^ _348_/CLK (sky130_fd_sc_hd__dfrtp_4)
                         -0.25   10.03   clock uncertainty
                          0.02   10.05   clock reconvergence pessimism
                         -0.04   10.01   library setup time
                                 10.01   data required time
-----------------------------------------------------------------------------
                                 10.01   data required time
                                 -2.41   data arrival time
-----------------------------------------------------------------------------
                                  7.60   slack (MET)


Startpoint: _343_ (rising edge-triggered flip-flop clocked by clk)
Endpoint: _347_ (rising edge-triggered flip-flop clocked by clk)
Path Group: clk
Path Type: max
Corner: Fastest

Fanout     Cap    Slew   Delay    Time   Description
-----------------------------------------------------------------------------
                          0.00    0.00   clock clk (rise edge)
                          0.00    0.00   clock source latency
     1    0.03    0.09    0.07    0.07 ^ clk (in)
                                         clk (net)
                  0.09    0.00    0.07 ^ clkbuf_0_clk/A (sky130_fd_sc_hd__clkbuf_16)
     4    0.05    0.05    0.13    0.19 ^ clkbuf_0_clk/X (sky130_fd_sc_hd__clkbuf_16)
                                         clknet_0_clk (net)
                  0.05    0.00    0.20 ^ clkbuf_2_0__f_clk/A (sky130_fd_sc_hd__clkbuf_16)
     9    0.05    0.05    0.11    0.31 ^ clkbuf_2_0__f_clk/X (sky130_fd_sc_hd__clkbuf_16)
                                         clknet_2_0__leaf_clk (net)
                  0.05    0.00    0.31 ^ _343_/CLK (sky130_fd_sc_hd__dfrtp_1)
     4    0.02    0.09    0.30    0.61 v _343_/Q (sky130_fd_sc_hd__dfrtp_1)
                                         one_second_counter[13] (net)
                  0.09    0.00    0.61 v _180_/D (sky130_fd_sc_hd__and4_1)
     2    0.03    0.09    0.22    0.84 v _180_/X (sky130_fd_sc_hd__and4_1)
                                         _078_ (net)
                  0.09    0.00    0.84 v _181_/D (sky130_fd_sc_hd__or4_2)
     1    0.03    0.11    0.40    1.24 v _181_/X (sky130_fd_sc_hd__or4_2)
                                         _079_ (net)
                  0.11    0.00    1.24 v _184_/A3 (sky130_fd_sc_hd__o31a_1)
     1    0.03    0.10    0.26    1.50 v _184_/X (sky130_fd_sc_hd__o31a_1)
                                         _082_ (net)
                  0.10    0.00    1.50 v _186_/A2 (sky130_fd_sc_hd__o211ai_2)
     2    0.02    0.23    0.23    1.74 ^ _186_/Y (sky130_fd_sc_hd__o211ai_2)
                                         _084_ (net)
                  0.23    0.00    1.74 ^ _187_/A2 (sky130_fd_sc_hd__a21bo_2)
     9    0.06    0.25    0.27    2.01 ^ _187_/X (sky130_fd_sc_hd__a21bo_2)
                                         _085_ (net)
                  0.25    0.00    2.01 ^ _188_/A (sky130_fd_sc_hd__inv_2)
     2    0.03    0.09    0.08    2.09 v _188_/Y (sky130_fd_sc_hd__inv_2)
                                         _086_ (net)
                  0.09    0.00    2.09 v _189_/A (sky130_fd_sc_hd__buf_4)
    10    0.08    0.08    0.17    2.26 v _189_/X (sky130_fd_sc_hd__buf_4)
                                         _027_ (net)
                  0.08    0.01    2.27 v _252_/A (sky130_fd_sc_hd__nor2_1)
     1    0.01    0.09    0.11    2.38 ^ _252_/Y (sky130_fd_sc_hd__nor2_1)
                                         _008_ (net)
                  0.09    0.00    2.38 ^ _347_/D (sky130_fd_sc_hd__dfrtp_4)
                                  2.38   data arrival time

                         10.00   10.00   clock clk (rise edge)
                          0.00   10.00   clock source latency
     1    0.03    0.09    0.06   10.06 ^ clk (in)
                                         clk (net)
                  0.09    0.00   10.06 ^ clkbuf_0_clk/A (sky130_fd_sc_hd__clkbuf_16)
     4    0.05    0.05    0.11   10.17 ^ clkbuf_0_clk/X (sky130_fd_sc_hd__clkbuf_16)
                                         clknet_0_clk (net)
                  0.06    0.00   10.18 ^ clkbuf_2_1__f_clk/A (sky130_fd_sc_hd__clkbuf_16)
    11    0.04    0.04    0.10   10.28 ^ clkbuf_2_1__f_clk/X (sky130_fd_sc_hd__clkbuf_16)
                                         clknet_2_1__leaf_clk (net)
                  0.04    0.00   10.28 ^ _347_/CLK (sky130_fd_sc_hd__dfrtp_4)
                         -0.25   10.03   clock uncertainty
                          0.02   10.05   clock reconvergence pessimism
                         -0.04   10.00   library setup time
                                 10.00   data required time
-----------------------------------------------------------------------------
                                 10.00   data required time
                                 -2.38   data arrival time
-----------------------------------------------------------------------------
                                  7.62   slack (MET)


Startpoint: _342_ (rising edge-triggered flip-flop clocked by clk)
Endpoint: _350_ (rising edge-triggered flip-flop clocked by clk)
Path Group: clk
Path Type: max
Corner: Fastest

Fanout     Cap    Slew   Delay    Time   Description
-----------------------------------------------------------------------------
                          0.00    0.00   clock clk (rise edge)
                          0.00    0.00   clock source latency
     1    0.03    0.09    0.07    0.07 ^ clk (in)
                                         clk (net)
                  0.09    0.00    0.07 ^ clkbuf_0_clk/A (sky130_fd_sc_hd__clkbuf_16)
     4    0.05    0.05    0.13    0.19 ^ clkbuf_0_clk/X (sky130_fd_sc_hd__clkbuf_16)
                                         clknet_0_clk (net)
                  0.06    0.00    0.20 ^ clkbuf_2_1__f_clk/A (sky130_fd_sc_hd__clkbuf_16)
    11    0.04    0.04    0.11    0.30 ^ clkbuf_2_1__f_clk/X (sky130_fd_sc_hd__clkbuf_16)
                                         clknet_2_1__leaf_clk (net)
                  0.04    0.00    0.31 ^ _342_/CLK (sky130_fd_sc_hd__dfrtp_2)
     5    0.04    0.08    0.32    0.62 v _342_/Q (sky130_fd_sc_hd__dfrtp_2)
                                         one_second_counter[12] (net)
                  0.08    0.00    0.63 v _180_/C (sky130_fd_sc_hd__and4_1)
     2    0.03    0.09    0.21    0.84 v _180_/X (sky130_fd_sc_hd__and4_1)
                                         _078_ (net)
                  0.09    0.00    0.84 v _181_/D (sky130_fd_sc_hd__or4_2)
     1    0.03    0.11    0.40    1.24 v _181_/X (sky130_fd_sc_hd__or4_2)
                                         _079_ (net)
                  0.11    0.00    1.24 v _184_/A3 (sky130_fd_sc_hd__o31a_1)
     1    0.03    0.10    0.26    1.50 v _184_/X (sky130_fd_sc_hd__o31a_1)
                                         _082_ (net)
                  0.10    0.00    1.50 v _186_/A2 (sky130_fd_sc_hd__o211ai_2)
     2    0.02    0.23    0.23    1.74 ^ _186_/Y (sky130_fd_sc_hd__o211ai_2)
                                         _084_ (net)
                  0.23    0.00    1.74 ^ _187_/A2 (sky130_fd_sc_hd__a21bo_2)
     9    0.06    0.25    0.27    2.01 ^ _187_/X (sky130_fd_sc_hd__a21bo_2)
                                         _085_ (net)
                  0.25    0.00    2.02 ^ _264_/A (sky130_fd_sc_hd__and3_1)
     1    0.03    0.20    0.25    2.26 ^ _264_/X (sky130_fd_sc_hd__and3_1)
                                         _141_ (net)
                  0.20    0.00    2.27 ^ _265_/A (sky130_fd_sc_hd__clkbuf_1)
     1    0.01    0.10    0.11    2.38 ^ _265_/X (sky130_fd_sc_hd__clkbuf_1)
                                         _012_ (net)
                  0.10    0.00    2.38 ^ _350_/D (sky130_fd_sc_hd__dfrtp_2)
                                  2.38   data arrival time

                         10.00   10.00   clock clk (rise edge)
                          0.00   10.00   clock source latency
     1    0.03    0.09    0.06   10.06 ^ clk (in)
                                         clk (net)
                  0.09    0.00   10.06 ^ clkbuf_0_clk/A (sky130_fd_sc_hd__clkbuf_16)
     4    0.05    0.05    0.11   10.17 ^ clkbuf_0_clk/X (sky130_fd_sc_hd__clkbuf_16)
                                         clknet_0_clk (net)
                  0.06    0.00   10.18 ^ clkbuf_2_3__f_clk/A (sky130_fd_sc_hd__clkbuf_16)
     8    0.04    0.05    0.10   10.28 ^ clkbuf_2_3__f_clk/X (sky130_fd_sc_hd__clkbuf_16)
                                         clknet_2_3__leaf_clk (net)
                  0.05    0.00   10.28 ^ _350_/CLK (sky130_fd_sc_hd__dfrtp_2)
                         -0.25   10.03   clock uncertainty
                          0.02   10.05   clock reconvergence pessimism
                         -0.04   10.01   library setup time
                                 10.01   data required time
-----------------------------------------------------------------------------
                                 10.01   data required time
                                 -2.38   data arrival time
-----------------------------------------------------------------------------
                                  7.63   slack (MET)


Startpoint: rst (input port clocked by clk)
Endpoint: _340_ (recovery check against rising-edge clock clk)
Path Group: asynchronous
Path Type: max
Corner: Fastest

Fanout     Cap    Slew   Delay    Time   Description
-----------------------------------------------------------------------------
                          0.00    0.00   clock clk (rise edge)
                          0.00    0.00   clock network delay (propagated)
                          2.00    2.00 v input external delay
     1    0.00    0.01    0.00    2.00 v rst (in)
                                         rst (net)
                  0.01    0.00    2.00 v input1/A (sky130_fd_sc_hd__clkbuf_4)
     5    0.08    0.11    0.16    2.16 v input1/X (sky130_fd_sc_hd__clkbuf_4)
                                         net1 (net)
                  0.11    0.01    2.17 v _306_/A (sky130_fd_sc_hd__clkbuf_8)
    10    0.09    0.07    0.17    2.35 v _306_/X (sky130_fd_sc_hd__clkbuf_8)
                                         _160_ (net)
                  0.08    0.02    2.36 v _307_/A (sky130_fd_sc_hd__inv_2)
     1    0.04    0.13    0.13    2.50 ^ _307_/Y (sky130_fd_sc_hd__inv_2)
                                         _038_ (net)
                  0.13    0.00    2.50 ^ _340_/RESET_B (sky130_fd_sc_hd__dfrtp_4)
                                  2.50   data arrival time

                         10.00   10.00   clock clk (rise edge)
                          0.00   10.00   clock source latency
     1    0.03    0.09    0.06   10.06 ^ clk (in)
                                         clk (net)
                  0.09    0.00   10.06 ^ clkbuf_0_clk/A (sky130_fd_sc_hd__clkbuf_16)
     4    0.05    0.05    0.11   10.17 ^ clkbuf_0_clk/X (sky130_fd_sc_hd__clkbuf_16)
                                         clknet_0_clk (net)
                  0.05    0.00   10.18 ^ clkbuf_2_0__f_clk/A (sky130_fd_sc_hd__clkbuf_16)
     9    0.05    0.05    0.10   10.28 ^ clkbuf_2_0__f_clk/X (sky130_fd_sc_hd__clkbuf_16)
                                         clknet_2_0__leaf_clk (net)
                  0.05    0.00   10.28 ^ _340_/CLK (sky130_fd_sc_hd__dfrtp_4)
                         -0.25   10.03   clock uncertainty
                          0.00   10.03   clock reconvergence pessimism
                          0.10   10.14   library recovery time
                                 10.14   data required time
-----------------------------------------------------------------------------
                                 10.14   data required time
                                 -2.50   data arrival time
-----------------------------------------------------------------------------
                                  7.64   slack (MET)


Startpoint: _343_ (rising edge-triggered flip-flop clocked by clk)
Endpoint: _356_ (rising edge-triggered flip-flop clocked by clk)
Path Group: clk
Path Type: max
Corner: Fastest

Fanout     Cap    Slew   Delay    Time   Description
-----------------------------------------------------------------------------
                          0.00    0.00   clock clk (rise edge)
                          0.00    0.00   clock source latency
     1    0.03    0.09    0.07    0.07 ^ clk (in)
                                         clk (net)
                  0.09    0.00    0.07 ^ clkbuf_0_clk/A (sky130_fd_sc_hd__clkbuf_16)
     4    0.05    0.05    0.13    0.19 ^ clkbuf_0_clk/X (sky130_fd_sc_hd__clkbuf_16)
                                         clknet_0_clk (net)
                  0.05    0.00    0.20 ^ clkbuf_2_0__f_clk/A (sky130_fd_sc_hd__clkbuf_16)
     9    0.05    0.05    0.11    0.31 ^ clkbuf_2_0__f_clk/X (sky130_fd_sc_hd__clkbuf_16)
                                         clknet_2_0__leaf_clk (net)
                  0.05    0.00    0.31 ^ _343_/CLK (sky130_fd_sc_hd__dfrtp_1)
     4    0.02    0.09    0.30    0.61 v _343_/Q (sky130_fd_sc_hd__dfrtp_1)
                                         one_second_counter[13] (net)
                  0.09    0.00    0.61 v _180_/D (sky130_fd_sc_hd__and4_1)
     2    0.03    0.09    0.22    0.84 v _180_/X (sky130_fd_sc_hd__and4_1)
                                         _078_ (net)
                  0.09    0.00    0.84 v _181_/D (sky130_fd_sc_hd__or4_2)
     1    0.03    0.11    0.40    1.24 v _181_/X (sky130_fd_sc_hd__or4_2)
                                         _079_ (net)
                  0.11    0.00    1.24 v _184_/A3 (sky130_fd_sc_hd__o31a_1)
     1    0.03    0.10    0.26    1.50 v _184_/X (sky130_fd_sc_hd__o31a_1)
                                         _082_ (net)
                  0.10    0.00    1.50 v _186_/A2 (sky130_fd_sc_hd__o211ai_2)
     2    0.02    0.23    0.23    1.74 ^ _186_/Y (sky130_fd_sc_hd__o211ai_2)
                                         _084_ (net)
                  0.23    0.00    1.74 ^ _187_/A2 (sky130_fd_sc_hd__a21bo_2)
     9    0.06    0.25    0.27    2.01 ^ _187_/X (sky130_fd_sc_hd__a21bo_2)
                                         _085_ (net)
                  0.25    0.01    2.01 ^ _202_/A (sky130_fd_sc_hd__clkbuf_4)
    10    0.07    0.17    0.24    2.26 ^ _202_/X (sky130_fd_sc_hd__clkbuf_4)
                                         _095_ (net)
                  0.17    0.01    2.26 ^ _284_/B1 (sky130_fd_sc_hd__o211a_1)
     1    0.00    0.04    0.10    2.36 ^ _284_/X (sky130_fd_sc_hd__o211a_1)
                                         _018_ (net)
                  0.04    0.00    2.36 ^ _356_/D (sky130_fd_sc_hd__dfrtp_1)
                                  2.36   data arrival time

                         10.00   10.00   clock clk (rise edge)
                          0.00   10.00   clock source latency
     1    0.03    0.09    0.06   10.06 ^ clk (in)
                                         clk (net)
                  0.09    0.00   10.06 ^ clkbuf_0_clk/A (sky130_fd_sc_hd__clkbuf_16)
     4    0.05    0.05    0.11   10.17 ^ clkbuf_0_clk/X (sky130_fd_sc_hd__clkbuf_16)
                                         clknet_0_clk (net)
                  0.06    0.00   10.18 ^ clkbuf_2_1__f_clk/A (sky130_fd_sc_hd__clkbuf_16)
    11    0.04    0.04    0.10   10.28 ^ clkbuf_2_1__f_clk/X (sky130_fd_sc_hd__clkbuf_16)
                                         clknet_2_1__leaf_clk (net)
                  0.05    0.00   10.28 ^ _356_/CLK (sky130_fd_sc_hd__dfrtp_1)
                         -0.25   10.03   clock uncertainty
                          0.02   10.05   clock reconvergence pessimism
                         -0.03   10.01   library setup time
                                 10.01   data required time
-----------------------------------------------------------------------------
                                 10.01   data required time
                                 -2.36   data arrival time
-----------------------------------------------------------------------------
                                  7.65   slack (MET)


Startpoint: _342_ (rising edge-triggered flip-flop clocked by clk)
Endpoint: _338_ (rising edge-triggered flip-flop clocked by clk)
Path Group: clk
Path Type: max
Corner: Fastest

Fanout     Cap    Slew   Delay    Time   Description
-----------------------------------------------------------------------------
                          0.00    0.00   clock clk (rise edge)
                          0.00    0.00   clock source latency
     1    0.03    0.09    0.07    0.07 ^ clk (in)
                                         clk (net)
                  0.09    0.00    0.07 ^ clkbuf_0_clk/A (sky130_fd_sc_hd__clkbuf_16)
     4    0.05    0.05    0.13    0.19 ^ clkbuf_0_clk/X (sky130_fd_sc_hd__clkbuf_16)
                                         clknet_0_clk (net)
                  0.06    0.00    0.20 ^ clkbuf_2_1__f_clk/A (sky130_fd_sc_hd__clkbuf_16)
    11    0.04    0.04    0.11    0.30 ^ clkbuf_2_1__f_clk/X (sky130_fd_sc_hd__clkbuf_16)
                                         clknet_2_1__leaf_clk (net)
                  0.04    0.00    0.31 ^ _342_/CLK (sky130_fd_sc_hd__dfrtp_2)
     5    0.04    0.08    0.32    0.62 v _342_/Q (sky130_fd_sc_hd__dfrtp_2)
                                         one_second_counter[12] (net)
                  0.08    0.00    0.63 v _180_/C (sky130_fd_sc_hd__and4_1)
     2    0.03    0.09    0.21    0.84 v _180_/X (sky130_fd_sc_hd__and4_1)
                                         _078_ (net)
                  0.09    0.00    0.84 v _181_/D (sky130_fd_sc_hd__or4_2)
     1    0.03    0.11    0.40    1.24 v _181_/X (sky130_fd_sc_hd__or4_2)
                                         _079_ (net)
                  0.11    0.00    1.24 v _184_/A3 (sky130_fd_sc_hd__o31a_1)
     1    0.03    0.10    0.26    1.50 v _184_/X (sky130_fd_sc_hd__o31a_1)
                                         _082_ (net)
                  0.10    0.00    1.50 v _186_/A2 (sky130_fd_sc_hd__o211ai_2)
     2    0.02    0.23    0.23    1.74 ^ _186_/Y (sky130_fd_sc_hd__o211ai_2)
                                         _084_ (net)
                  0.23    0.00    1.74 ^ _187_/A2 (sky130_fd_sc_hd__a21bo_2)
     9    0.06    0.25    0.27    2.01 ^ _187_/X (sky130_fd_sc_hd__a21bo_2)
                                         _085_ (net)
                  0.25    0.00    2.01 ^ _218_/B (sky130_fd_sc_hd__and3_1)
     1    0.02    0.14    0.21    2.22 ^ _218_/X (sky130_fd_sc_hd__and3_1)
                                         _107_ (net)
                  0.14    0.00    2.22 ^ _219_/A (sky130_fd_sc_hd__clkbuf_1)
     1    0.01    0.12    0.13    2.35 ^ _219_/X (sky130_fd_sc_hd__clkbuf_1)
                                         _025_ (net)
                  0.12    0.00    2.35 ^ _338_/D (sky130_fd_sc_hd__dfrtp_4)
                                  2.35   data arrival time

                         10.00   10.00   clock clk (rise edge)
                          0.00   10.00   clock source latency
     1    0.03    0.09    0.06   10.06 ^ clk (in)
                                         clk (net)
                  0.09    0.00   10.06 ^ clkbuf_0_clk/A (sky130_fd_sc_hd__clkbuf_16)
     4    0.05    0.05    0.11   10.17 ^ clkbuf_0_clk/X (sky130_fd_sc_hd__clkbuf_16)
                                         clknet_0_clk (net)
                  0.06    0.00   10.18 ^ clkbuf_2_3__f_clk/A (sky130_fd_sc_hd__clkbuf_16)
     8    0.04    0.05    0.10   10.28 ^ clkbuf_2_3__f_clk/X (sky130_fd_sc_hd__clkbuf_16)
                                         clknet_2_3__leaf_clk (net)
                  0.05    0.00   10.28 ^ _338_/CLK (sky130_fd_sc_hd__dfrtp_4)
                         -0.25   10.03   clock uncertainty
                          0.02   10.05   clock reconvergence pessimism
                         -0.05   10.00   library setup time
                                 10.00   data required time
-----------------------------------------------------------------------------
                                 10.00   data required time
                                 -2.35   data arrival time
-----------------------------------------------------------------------------
                                  7.65   slack (MET)


Startpoint: rst (input port clocked by clk)
Endpoint: _336_ (recovery check against rising-edge clock clk)
Path Group: asynchronous
Path Type: max
Corner: Fastest

Fanout     Cap    Slew   Delay    Time   Description
-----------------------------------------------------------------------------
                          0.00    0.00   clock clk (rise edge)
                          0.00    0.00   clock network delay (propagated)
                          2.00    2.00 v input external delay
     1    0.00    0.01    0.00    2.00 v rst (in)
                                         rst (net)
                  0.01    0.00    2.00 v input1/A (sky130_fd_sc_hd__clkbuf_4)
     5    0.08    0.11    0.16    2.16 v input1/X (sky130_fd_sc_hd__clkbuf_4)
                                         net1 (net)
                  0.11    0.01    2.17 v _295_/A (sky130_fd_sc_hd__buf_4)
    10    0.09    0.08    0.19    2.36 v _295_/X (sky130_fd_sc_hd__buf_4)
                                         _159_ (net)
                  0.08    0.01    2.37 v _302_/A (sky130_fd_sc_hd__inv_2)
     1    0.03    0.10    0.11    2.48 ^ _302_/Y (sky130_fd_sc_hd__inv_2)
                                         _034_ (net)
                  0.10    0.00    2.48 ^ _336_/RESET_B (sky130_fd_sc_hd__dfrtp_2)
                                  2.48   data arrival time

                         10.00   10.00   clock clk (rise edge)
                          0.00   10.00   clock source latency
     1    0.03    0.09    0.06   10.06 ^ clk (in)
                                         clk (net)
                  0.09    0.00   10.06 ^ clkbuf_0_clk/A (sky130_fd_sc_hd__clkbuf_16)
     4    0.05    0.05    0.11   10.17 ^ clkbuf_0_clk/X (sky130_fd_sc_hd__clkbuf_16)
                                         clknet_0_clk (net)
                  0.06    0.00   10.18 ^ clkbuf_2_1__f_clk/A (sky130_fd_sc_hd__clkbuf_16)
    11    0.04    0.04    0.10   10.28 ^ clkbuf_2_1__f_clk/X (sky130_fd_sc_hd__clkbuf_16)
                                         clknet_2_1__leaf_clk (net)
                  0.04    0.00   10.28 ^ _336_/CLK (sky130_fd_sc_hd__dfrtp_2)
                         -0.25   10.03   clock uncertainty
                          0.00   10.03   clock reconvergence pessimism
                          0.12   10.15   library recovery time
                                 10.15   data required time
-----------------------------------------------------------------------------
                                 10.15   data required time
                                 -2.48   data arrival time
-----------------------------------------------------------------------------
                                  7.66   slack (MET)


Startpoint: rst (input port clocked by clk)
Endpoint: _348_ (recovery check against rising-edge clock clk)
Path Group: asynchronous
Path Type: max
Corner: Fastest

Fanout     Cap    Slew   Delay    Time   Description
-----------------------------------------------------------------------------
                          0.00    0.00   clock clk (rise edge)
                          0.00    0.00   clock network delay (propagated)
                          2.00    2.00 v input external delay
     1    0.00    0.01    0.00    2.00 v rst (in)
                                         rst (net)
                  0.01    0.00    2.00 v input1/A (sky130_fd_sc_hd__clkbuf_4)
     5    0.08    0.11    0.16    2.16 v input1/X (sky130_fd_sc_hd__clkbuf_4)
                                         net1 (net)
                  0.11    0.01    2.17 v _306_/A (sky130_fd_sc_hd__clkbuf_8)
    10    0.09    0.07    0.17    2.35 v _306_/X (sky130_fd_sc_hd__clkbuf_8)
                                         _160_ (net)
                  0.08    0.02    2.36 v _315_/A (sky130_fd_sc_hd__inv_2)
     1    0.03    0.10    0.11    2.47 ^ _315_/Y (sky130_fd_sc_hd__inv_2)
                                         _046_ (net)
                  0.10    0.00    2.47 ^ _348_/RESET_B (sky130_fd_sc_hd__dfrtp_4)
                                  2.47   data arrival time

                         10.00   10.00   clock clk (rise edge)
                          0.00   10.00   clock source latency
     1    0.03    0.09    0.06   10.06 ^ clk (in)
                                         clk (net)
                  0.09    0.00   10.06 ^ clkbuf_0_clk/A (sky130_fd_sc_hd__clkbuf_16)
     4    0.05    0.05    0.11   10.17 ^ clkbuf_0_clk/X (sky130_fd_sc_hd__clkbuf_16)
                                         clknet_0_clk (net)
                  0.05    0.00   10.18 ^ clkbuf_2_0__f_clk/A (sky130_fd_sc_hd__clkbuf_16)
     9    0.05    0.05    0.10   10.28 ^ clkbuf_2_0__f_clk/X (sky130_fd_sc_hd__clkbuf_16)
                                         clknet_2_0__leaf_clk (net)
                  0.05    0.00   10.28 ^ _348_/CLK (sky130_fd_sc_hd__dfrtp_4)
                         -0.25   10.03   clock uncertainty
                          0.00   10.03   clock reconvergence pessimism
                          0.11   10.15   library recovery time
                                 10.15   data required time
-----------------------------------------------------------------------------
                                 10.15   data required time
                                 -2.47   data arrival time
-----------------------------------------------------------------------------
                                  7.67   slack (MET)


Startpoint: rst (input port clocked by clk)
Endpoint: _330_ (recovery check against rising-edge clock clk)
Path Group: asynchronous
Path Type: max
Corner: Fastest

Fanout     Cap    Slew   Delay    Time   Description
-----------------------------------------------------------------------------
                          0.00    0.00   clock clk (rise edge)
                          0.00    0.00   clock network delay (propagated)
                          2.00    2.00 v input external delay
     1    0.00    0.01    0.00    2.00 v rst (in)
                                         rst (net)
                  0.01    0.00    2.00 v input1/A (sky130_fd_sc_hd__clkbuf_4)
     5    0.08    0.11    0.16    2.16 v input1/X (sky130_fd_sc_hd__clkbuf_4)
                                         net1 (net)
                  0.11    0.01    2.17 v _295_/A (sky130_fd_sc_hd__buf_4)
    10    0.09    0.08    0.19    2.36 v _295_/X (sky130_fd_sc_hd__buf_4)
                                         _159_ (net)
                  0.08    0.00    2.36 v _296_/A (sky130_fd_sc_hd__inv_2)
     1    0.02    0.09    0.10    2.47 ^ _296_/Y (sky130_fd_sc_hd__inv_2)
                                         _028_ (net)
                  0.09    0.00    2.47 ^ _330_/RESET_B (sky130_fd_sc_hd__dfrtp_4)
                                  2.47   data arrival time

                         10.00   10.00   clock clk (rise edge)
                          0.00   10.00   clock source latency
     1    0.03    0.09    0.06   10.06 ^ clk (in)
                                         clk (net)
                  0.09    0.00   10.06 ^ clkbuf_0_clk/A (sky130_fd_sc_hd__clkbuf_16)
     4    0.05    0.05    0.11   10.17 ^ clkbuf_0_clk/X (sky130_fd_sc_hd__clkbuf_16)
                                         clknet_0_clk (net)
                  0.06    0.00   10.18 ^ clkbuf_2_1__f_clk/A (sky130_fd_sc_hd__clkbuf_16)
    11    0.04    0.04    0.10   10.28 ^ clkbuf_2_1__f_clk/X (sky130_fd_sc_hd__clkbuf_16)
                                         clknet_2_1__leaf_clk (net)
                  0.05    0.00   10.28 ^ _330_/CLK (sky130_fd_sc_hd__dfrtp_4)
                         -0.25   10.03   clock uncertainty
                          0.00   10.03   clock reconvergence pessimism
                          0.12   10.14   library recovery time
                                 10.14   data required time
-----------------------------------------------------------------------------
                                 10.14   data required time
                                 -2.47   data arrival time
-----------------------------------------------------------------------------
                                  7.67   slack (MET)


Startpoint: rst (input port clocked by clk)
Endpoint: _332_ (recovery check against rising-edge clock clk)
Path Group: asynchronous
Path Type: max
Corner: Fastest

Fanout     Cap    Slew   Delay    Time   Description
-----------------------------------------------------------------------------
                          0.00    0.00   clock clk (rise edge)
                          0.00    0.00   clock network delay (propagated)
                          2.00    2.00 v input external delay
     1    0.00    0.01    0.00    2.00 v rst (in)
                                         rst (net)
                  0.01    0.00    2.00 v input1/A (sky130_fd_sc_hd__clkbuf_4)
     5    0.08    0.11    0.16    2.16 v input1/X (sky130_fd_sc_hd__clkbuf_4)
                                         net1 (net)
                  0.11    0.01    2.17 v _295_/A (sky130_fd_sc_hd__buf_4)
    10    0.09    0.08    0.19    2.36 v _295_/X (sky130_fd_sc_hd__buf_4)
                                         _159_ (net)
                  0.09    0.01    2.37 v _298_/A (sky130_fd_sc_hd__inv_2)
     1    0.02    0.08    0.10    2.47 ^ _298_/Y (sky130_fd_sc_hd__inv_2)
                                         _030_ (net)
                  0.08    0.00    2.47 ^ _332_/RESET_B (sky130_fd_sc_hd__dfrtp_4)
                                  2.47   data arrival time

                         10.00   10.00   clock clk (rise edge)
                          0.00   10.00   clock source latency
     1    0.03    0.09    0.06   10.06 ^ clk (in)
                                         clk (net)
                  0.09    0.00   10.06 ^ clkbuf_0_clk/A (sky130_fd_sc_hd__clkbuf_16)
     4    0.05    0.05    0.11   10.17 ^ clkbuf_0_clk/X (sky130_fd_sc_hd__clkbuf_16)
                                         clknet_0_clk (net)
                  0.06    0.00   10.18 ^ clkbuf_2_1__f_clk/A (sky130_fd_sc_hd__clkbuf_16)
    11    0.04    0.04    0.10   10.28 ^ clkbuf_2_1__f_clk/X (sky130_fd_sc_hd__clkbuf_16)
                                         clknet_2_1__leaf_clk (net)
                  0.04    0.00   10.28 ^ _332_/CLK (sky130_fd_sc_hd__dfrtp_4)
                         -0.25   10.03   clock uncertainty
                          0.00   10.03   clock reconvergence pessimism
                          0.12   10.14   library recovery time
                                 10.14   data required time
-----------------------------------------------------------------------------
                                 10.14   data required time
                                 -2.47   data arrival time
-----------------------------------------------------------------------------
                                  7.68   slack (MET)


Startpoint: rst (input port clocked by clk)
Endpoint: _339_ (recovery check against rising-edge clock clk)
Path Group: asynchronous
Path Type: max
Corner: Fastest

Fanout     Cap    Slew   Delay    Time   Description
-----------------------------------------------------------------------------
                          0.00    0.00   clock clk (rise edge)
                          0.00    0.00   clock network delay (propagated)
                          2.00    2.00 v input external delay
     1    0.00    0.01    0.00    2.00 v rst (in)
                                         rst (net)
                  0.01    0.00    2.00 v input1/A (sky130_fd_sc_hd__clkbuf_4)
     5    0.08    0.11    0.16    2.16 v input1/X (sky130_fd_sc_hd__clkbuf_4)
                                         net1 (net)
                  0.11    0.01    2.17 v _295_/A (sky130_fd_sc_hd__buf_4)
    10    0.09    0.08    0.19    2.36 v _295_/X (sky130_fd_sc_hd__buf_4)
                                         _159_ (net)
                  0.09    0.01    2.37 v _305_/A (sky130_fd_sc_hd__inv_2)
     1    0.02    0.09    0.10    2.47 ^ _305_/Y (sky130_fd_sc_hd__inv_2)
                                         _037_ (net)
                  0.09    0.00    2.48 ^ _339_/RESET_B (sky130_fd_sc_hd__dfrtp_2)
                                  2.48   data arrival time

                         10.00   10.00   clock clk (rise edge)
                          0.00   10.00   clock source latency
     1    0.03    0.09    0.06   10.06 ^ clk (in)
                                         clk (net)
                  0.09    0.00   10.06 ^ clkbuf_0_clk/A (sky130_fd_sc_hd__clkbuf_16)
     4    0.05    0.05    0.11   10.17 ^ clkbuf_0_clk/X (sky130_fd_sc_hd__clkbuf_16)
                                         clknet_0_clk (net)
                  0.05    0.00   10.18 ^ clkbuf_2_0__f_clk/A (sky130_fd_sc_hd__clkbuf_16)
     9    0.05    0.05    0.10   10.28 ^ clkbuf_2_0__f_clk/X (sky130_fd_sc_hd__clkbuf_16)
                                         clknet_2_0__leaf_clk (net)
                  0.05    0.00   10.28 ^ _339_/CLK (sky130_fd_sc_hd__dfrtp_2)
                         -0.25   10.03   clock uncertainty
                          0.00   10.03   clock reconvergence pessimism
                          0.12   10.15   library recovery time
                                 10.15   data required time
-----------------------------------------------------------------------------
                                 10.15   data required time
                                 -2.48   data arrival time
-----------------------------------------------------------------------------
                                  7.68   slack (MET)


Startpoint: rst (input port clocked by clk)
Endpoint: _338_ (recovery check against rising-edge clock clk)
Path Group: asynchronous
Path Type: max
Corner: Fastest

Fanout     Cap    Slew   Delay    Time   Description
-----------------------------------------------------------------------------
                          0.00    0.00   clock clk (rise edge)
                          0.00    0.00   clock network delay (propagated)
                          2.00    2.00 v input external delay
     1    0.00    0.01    0.00    2.00 v rst (in)
                                         rst (net)
                  0.01    0.00    2.00 v input1/A (sky130_fd_sc_hd__clkbuf_4)
     5    0.08    0.11    0.16    2.16 v input1/X (sky130_fd_sc_hd__clkbuf_4)
                                         net1 (net)
                  0.11    0.01    2.17 v _295_/A (sky130_fd_sc_hd__buf_4)
    10    0.09    0.08    0.19    2.36 v _295_/X (sky130_fd_sc_hd__buf_4)
                                         _159_ (net)
                  0.08    0.01    2.37 v _304_/A (sky130_fd_sc_hd__inv_2)
     1    0.02    0.08    0.09    2.46 ^ _304_/Y (sky130_fd_sc_hd__inv_2)
                                         _036_ (net)
                  0.08    0.00    2.46 ^ _338_/RESET_B (sky130_fd_sc_hd__dfrtp_4)
                                  2.46   data arrival time

                         10.00   10.00   clock clk (rise edge)
                          0.00   10.00   clock source latency
     1    0.03    0.09    0.06   10.06 ^ clk (in)
                                         clk (net)
                  0.09    0.00   10.06 ^ clkbuf_0_clk/A (sky130_fd_sc_hd__clkbuf_16)
     4    0.05    0.05    0.11   10.17 ^ clkbuf_0_clk/X (sky130_fd_sc_hd__clkbuf_16)
                                         clknet_0_clk (net)
                  0.06    0.00   10.18 ^ clkbuf_2_3__f_clk/A (sky130_fd_sc_hd__clkbuf_16)
     8    0.04    0.05    0.10   10.28 ^ clkbuf_2_3__f_clk/X (sky130_fd_sc_hd__clkbuf_16)
                                         clknet_2_3__leaf_clk (net)
                  0.05    0.00   10.28 ^ _338_/CLK (sky130_fd_sc_hd__dfrtp_4)
                         -0.25   10.03   clock uncertainty
                          0.00   10.03   clock reconvergence pessimism
                          0.12   10.15   library recovery time
                                 10.15   data required time
-----------------------------------------------------------------------------
                                 10.15   data required time
                                 -2.46   data arrival time
-----------------------------------------------------------------------------
                                  7.68   slack (MET)


Startpoint: _331_ (rising edge-triggered flip-flop clocked by clk)
Endpoint: _355_ (rising edge-triggered flip-flop clocked by clk)
Path Group: clk
Path Type: max
Corner: Fastest

Fanout     Cap    Slew   Delay    Time   Description
-----------------------------------------------------------------------------
                          0.00    0.00   clock clk (rise edge)
                          0.00    0.00   clock source latency
     1    0.03    0.09    0.07    0.07 ^ clk (in)
                                         clk (net)
                  0.09    0.00    0.07 ^ clkbuf_0_clk/A (sky130_fd_sc_hd__clkbuf_16)
     4    0.05    0.05    0.13    0.19 ^ clkbuf_0_clk/X (sky130_fd_sc_hd__clkbuf_16)
                                         clknet_0_clk (net)
                  0.06    0.00    0.20 ^ clkbuf_2_2__f_clk/A (sky130_fd_sc_hd__clkbuf_16)
     7    0.05    0.06    0.11    0.31 ^ clkbuf_2_2__f_clk/X (sky130_fd_sc_hd__clkbuf_16)
                                         clknet_2_2__leaf_clk (net)
                  0.06    0.01    0.32 ^ _331_/CLK (sky130_fd_sc_hd__dfrtp_4)
     6    0.06    0.15    0.36    0.68 ^ _331_/Q (sky130_fd_sc_hd__dfrtp_4)
                                         one_second_counter[1] (net)
                  0.15    0.01    0.69 ^ _177_/C (sky130_fd_sc_hd__and4_2)
     7    0.06    0.23    0.31    1.00 ^ _177_/X (sky130_fd_sc_hd__and4_2)
                                         _075_ (net)
                  0.23    0.00    1.00 ^ _221_/C (sky130_fd_sc_hd__and4_4)
     6    0.06    0.14    0.24    1.24 ^ _221_/X (sky130_fd_sc_hd__and4_4)
                                         _109_ (net)
                  0.15    0.01    1.26 ^ _244_/D (sky130_fd_sc_hd__and4_1)
     1    0.01    0.12    0.19    1.45 ^ _244_/X (sky130_fd_sc_hd__and4_1)
                                         _126_ (net)
                  0.12    0.00    1.45 ^ _245_/A (sky130_fd_sc_hd__buf_4)
    10    0.08    0.17    0.20    1.65 ^ _245_/X (sky130_fd_sc_hd__buf_4)
                                         _127_ (net)
                  0.17    0.01    1.66 ^ _277_/B (sky130_fd_sc_hd__and3_2)
     4    0.05    0.17    0.25    1.90 ^ _277_/X (sky130_fd_sc_hd__and3_2)
                                         _150_ (net)
                  0.17    0.01    1.91 ^ _279_/B (sky130_fd_sc_hd__or2_1)
     1    0.01    0.11    0.14    2.05 ^ _279_/X (sky130_fd_sc_hd__or2_1)
                                         _151_ (net)
                  0.11    0.00    2.05 ^ _281_/B (sky130_fd_sc_hd__and3_1)
     1    0.01    0.11    0.16    2.21 ^ _281_/X (sky130_fd_sc_hd__and3_1)
                                         _153_ (net)
                  0.11    0.00    2.21 ^ _282_/A (sky130_fd_sc_hd__clkbuf_1)
     1    0.01    0.09    0.10    2.32 ^ _282_/X (sky130_fd_sc_hd__clkbuf_1)
                                         _017_ (net)
                  0.09    0.00    2.32 ^ _355_/D (sky130_fd_sc_hd__dfrtp_4)
                                  2.32   data arrival time

                         10.00   10.00   clock clk (rise edge)
                          0.00   10.00   clock source latency
     1    0.03    0.09    0.06   10.06 ^ clk (in)
                                         clk (net)
                  0.09    0.00   10.06 ^ clkbuf_0_clk/A (sky130_fd_sc_hd__clkbuf_16)
     4    0.05    0.05    0.11   10.17 ^ clkbuf_0_clk/X (sky130_fd_sc_hd__clkbuf_16)
                                         clknet_0_clk (net)
                  0.06    0.00   10.18 ^ clkbuf_2_1__f_clk/A (sky130_fd_sc_hd__clkbuf_16)
    11    0.04    0.04    0.10   10.28 ^ clkbuf_2_1__f_clk/X (sky130_fd_sc_hd__clkbuf_16)
                                         clknet_2_1__leaf_clk (net)
                  0.05    0.00   10.28 ^ _355_/CLK (sky130_fd_sc_hd__dfrtp_4)
                         -0.25   10.03   clock uncertainty
                          0.02   10.05   clock reconvergence pessimism
                         -0.04   10.00   library setup time
                                 10.00   data required time
-----------------------------------------------------------------------------
                                 10.00   data required time
                                 -2.32   data arrival time
-----------------------------------------------------------------------------
                                  7.69   slack (MET)


Startpoint: rst (input port clocked by clk)
Endpoint: _347_ (recovery check against rising-edge clock clk)
Path Group: asynchronous
Path Type: max
Corner: Fastest

Fanout     Cap    Slew   Delay    Time   Description
-----------------------------------------------------------------------------
                          0.00    0.00   clock clk (rise edge)
                          0.00    0.00   clock network delay (propagated)
                          2.00    2.00 v input external delay
     1    0.00    0.01    0.00    2.00 v rst (in)
                                         rst (net)
                  0.01    0.00    2.00 v input1/A (sky130_fd_sc_hd__clkbuf_4)
     5    0.08    0.11    0.16    2.16 v input1/X (sky130_fd_sc_hd__clkbuf_4)
                                         net1 (net)
                  0.11    0.01    2.17 v _306_/A (sky130_fd_sc_hd__clkbuf_8)
    10    0.09    0.07    0.17    2.35 v _306_/X (sky130_fd_sc_hd__clkbuf_8)
                                         _160_ (net)
                  0.08    0.01    2.36 v _314_/A (sky130_fd_sc_hd__inv_2)
     1    0.02    0.08    0.09    2.45 ^ _314_/Y (sky130_fd_sc_hd__inv_2)
                                         _045_ (net)
                  0.08    0.00    2.46 ^ _347_/RESET_B (sky130_fd_sc_hd__dfrtp_4)
                                  2.46   data arrival time

                         10.00   10.00   clock clk (rise edge)
                          0.00   10.00   clock source latency
     1    0.03    0.09    0.06   10.06 ^ clk (in)
                                         clk (net)
                  0.09    0.00   10.06 ^ clkbuf_0_clk/A (sky130_fd_sc_hd__clkbuf_16)
     4    0.05    0.05    0.11   10.17 ^ clkbuf_0_clk/X (sky130_fd_sc_hd__clkbuf_16)
                                         clknet_0_clk (net)
                  0.06    0.00   10.18 ^ clkbuf_2_1__f_clk/A (sky130_fd_sc_hd__clkbuf_16)
    11    0.04    0.04    0.10   10.28 ^ clkbuf_2_1__f_clk/X (sky130_fd_sc_hd__clkbuf_16)
                                         clknet_2_1__leaf_clk (net)
                  0.04    0.00   10.28 ^ _347_/CLK (sky130_fd_sc_hd__dfrtp_4)
                         -0.25   10.03   clock uncertainty
                          0.00   10.03   clock reconvergence pessimism
                          0.12   10.15   library recovery time
                                 10.15   data required time
-----------------------------------------------------------------------------
                                 10.15   data required time
                                 -2.46   data arrival time
-----------------------------------------------------------------------------
                                  7.69   slack (MET)


Startpoint: _342_ (rising edge-triggered flip-flop clocked by clk)
Endpoint: _357_ (rising edge-triggered flip-flop clocked by clk)
Path Group: clk
Path Type: max
Corner: Fastest

Fanout     Cap    Slew   Delay    Time   Description
-----------------------------------------------------------------------------
                          0.00    0.00   clock clk (rise edge)
                          0.00    0.00   clock source latency
     1    0.03    0.09    0.07    0.07 ^ clk (in)
                                         clk (net)
                  0.09    0.00    0.07 ^ clkbuf_0_clk/A (sky130_fd_sc_hd__clkbuf_16)
     4    0.05    0.05    0.13    0.19 ^ clkbuf_0_clk/X (sky130_fd_sc_hd__clkbuf_16)
                                         clknet_0_clk (net)
                  0.06    0.00    0.20 ^ clkbuf_2_1__f_clk/A (sky130_fd_sc_hd__clkbuf_16)
    11    0.04    0.04    0.11    0.30 ^ clkbuf_2_1__f_clk/X (sky130_fd_sc_hd__clkbuf_16)
                                         clknet_2_1__leaf_clk (net)
                  0.04    0.00    0.31 ^ _342_/CLK (sky130_fd_sc_hd__dfrtp_2)
     5    0.04    0.08    0.32    0.62 v _342_/Q (sky130_fd_sc_hd__dfrtp_2)
                                         one_second_counter[12] (net)
                  0.08    0.00    0.63 v _180_/C (sky130_fd_sc_hd__and4_1)
     2    0.03    0.09    0.21    0.84 v _180_/X (sky130_fd_sc_hd__and4_1)
                                         _078_ (net)
                  0.09    0.00    0.84 v _181_/D (sky130_fd_sc_hd__or4_2)
     1    0.03    0.11    0.40    1.24 v _181_/X (sky130_fd_sc_hd__or4_2)
                                         _079_ (net)
                  0.11    0.00    1.24 v _184_/A3 (sky130_fd_sc_hd__o31a_1)
     1    0.03    0.10    0.26    1.50 v _184_/X (sky130_fd_sc_hd__o31a_1)
                                         _082_ (net)
                  0.10    0.00    1.50 v _186_/A2 (sky130_fd_sc_hd__o211ai_2)
     2    0.02    0.23    0.23    1.74 ^ _186_/Y (sky130_fd_sc_hd__o211ai_2)
                                         _084_ (net)
                  0.23    0.00    1.74 ^ _187_/A2 (sky130_fd_sc_hd__a21bo_2)
     9    0.06    0.25    0.27    2.01 ^ _187_/X (sky130_fd_sc_hd__a21bo_2)
                                         _085_ (net)
                  0.25    0.00    2.02 ^ _188_/A (sky130_fd_sc_hd__inv_2)
     2    0.03    0.09    0.08    2.09 v _188_/Y (sky130_fd_sc_hd__inv_2)
                                         _086_ (net)
                  0.09    0.00    2.10 v _189_/A (sky130_fd_sc_hd__buf_4)
    10    0.08    0.08    0.17    2.26 v _189_/X (sky130_fd_sc_hd__buf_4)
                                         _027_ (net)
                  0.08    0.02    2.28 v _357_/D (sky130_fd_sc_hd__dfrtp_4)
                                  2.28   data arrival time

                         10.00   10.00   clock clk (rise edge)
                          0.00   10.00   clock source latency
     1    0.03    0.09    0.06   10.06 ^ clk (in)
                                         clk (net)
                  0.09    0.00   10.06 ^ clkbuf_0_clk/A (sky130_fd_sc_hd__clkbuf_16)
     4    0.05    0.05    0.11   10.17 ^ clkbuf_0_clk/X (sky130_fd_sc_hd__clkbuf_16)
                                         clknet_0_clk (net)
                  0.06    0.00   10.18 ^ clkbuf_2_2__f_clk/A (sky130_fd_sc_hd__clkbuf_16)
     7    0.05    0.06    0.10   10.28 ^ clkbuf_2_2__f_clk/X (sky130_fd_sc_hd__clkbuf_16)
                                         clknet_2_2__leaf_clk (net)
                  0.06    0.01   10.29 ^ _357_/CLK (sky130_fd_sc_hd__dfrtp_4)
                         -0.25   10.04   clock uncertainty
                          0.02   10.06   clock reconvergence pessimism
                         -0.09    9.97   library setup time
                                  9.97   data required time
-----------------------------------------------------------------------------
                                  9.97   data required time
                                 -2.28   data arrival time
-----------------------------------------------------------------------------
                                  7.69   slack (MET)


Startpoint: _342_ (rising edge-triggered flip-flop clocked by clk)
Endpoint: _333_ (rising edge-triggered flip-flop clocked by clk)
Path Group: clk
Path Type: max
Corner: Fastest

Fanout     Cap    Slew   Delay    Time   Description
-----------------------------------------------------------------------------
                          0.00    0.00   clock clk (rise edge)
                          0.00    0.00   clock source latency
     1    0.03    0.09    0.07    0.07 ^ clk (in)
                                         clk (net)
                  0.09    0.00    0.07 ^ clkbuf_0_clk/A (sky130_fd_sc_hd__clkbuf_16)
     4    0.05    0.05    0.13    0.19 ^ clkbuf_0_clk/X (sky130_fd_sc_hd__clkbuf_16)
                                         clknet_0_clk (net)
                  0.06    0.00    0.20 ^ clkbuf_2_1__f_clk/A (sky130_fd_sc_hd__clkbuf_16)
    11    0.04    0.04    0.11    0.30 ^ clkbuf_2_1__f_clk/X (sky130_fd_sc_hd__clkbuf_16)
                                         clknet_2_1__leaf_clk (net)
                  0.04    0.00    0.31 ^ _342_/CLK (sky130_fd_sc_hd__dfrtp_2)
     5    0.04    0.08    0.32    0.62 v _342_/Q (sky130_fd_sc_hd__dfrtp_2)
                                         one_second_counter[12] (net)
                  0.08    0.00    0.63 v _180_/C (sky130_fd_sc_hd__and4_1)
     2    0.03    0.09    0.21    0.84 v _180_/X (sky130_fd_sc_hd__and4_1)
                                         _078_ (net)
                  0.09    0.00    0.84 v _181_/D (sky130_fd_sc_hd__or4_2)
     1    0.03    0.11    0.40    1.24 v _181_/X (sky130_fd_sc_hd__or4_2)
                                         _079_ (net)
                  0.11    0.00    1.24 v _184_/A3 (sky130_fd_sc_hd__o31a_1)
     1    0.03    0.10    0.26    1.50 v _184_/X (sky130_fd_sc_hd__o31a_1)
                                         _082_ (net)
                  0.10    0.00    1.50 v _186_/A2 (sky130_fd_sc_hd__o211ai_2)
     2    0.02    0.23    0.23    1.74 ^ _186_/Y (sky130_fd_sc_hd__o211ai_2)
                                         _084_ (net)
                  0.23    0.00    1.74 ^ _187_/A2 (sky130_fd_sc_hd__a21bo_2)
     9    0.06    0.25    0.27    2.01 ^ _187_/X (sky130_fd_sc_hd__a21bo_2)
                                         _085_ (net)
                  0.25    0.00    2.02 ^ _200_/B (sky130_fd_sc_hd__and3b_1)
     1    0.02    0.13    0.19    2.21 ^ _200_/X (sky130_fd_sc_hd__and3b_1)
                                         _094_ (net)
                  0.13    0.00    2.21 ^ _201_/A (sky130_fd_sc_hd__clkbuf_1)
     1    0.01    0.08    0.10    2.31 ^ _201_/X (sky130_fd_sc_hd__clkbuf_1)
                                         _020_ (net)
                  0.08    0.00    2.31 ^ _333_/D (sky130_fd_sc_hd__dfrtp_1)
                                  2.31   data arrival time

                         10.00   10.00   clock clk (rise edge)
                          0.00   10.00   clock source latency
     1    0.03    0.09    0.06   10.06 ^ clk (in)
                                         clk (net)
                  0.09    0.00   10.06 ^ clkbuf_0_clk/A (sky130_fd_sc_hd__clkbuf_16)
     4    0.05    0.05    0.11   10.17 ^ clkbuf_0_clk/X (sky130_fd_sc_hd__clkbuf_16)
                                         clknet_0_clk (net)
                  0.06    0.00   10.18 ^ clkbuf_2_3__f_clk/A (sky130_fd_sc_hd__clkbuf_16)
     8    0.04    0.05    0.10   10.28 ^ clkbuf_2_3__f_clk/X (sky130_fd_sc_hd__clkbuf_16)
                                         clknet_2_3__leaf_clk (net)
                  0.05    0.00   10.28 ^ _333_/CLK (sky130_fd_sc_hd__dfrtp_1)
                         -0.25   10.03   clock uncertainty
                          0.02   10.05   clock reconvergence pessimism
                         -0.04   10.01   library setup time
                                 10.01   data required time
-----------------------------------------------------------------------------
                                 10.01   data required time
                                 -2.31   data arrival time
-----------------------------------------------------------------------------
                                  7.70   slack (MET)


Startpoint: rst (input port clocked by clk)
Endpoint: _343_ (recovery check against rising-edge clock clk)
Path Group: asynchronous
Path Type: max
Corner: Fastest

Fanout     Cap    Slew   Delay    Time   Description
-----------------------------------------------------------------------------
                          0.00    0.00   clock clk (rise edge)
                          0.00    0.00   clock network delay (propagated)
                          2.00    2.00 v input external delay
     1    0.00    0.01    0.00    2.00 v rst (in)
                                         rst (net)
                  0.01    0.00    2.00 v input1/A (sky130_fd_sc_hd__clkbuf_4)
     5    0.08    0.11    0.16    2.16 v input1/X (sky130_fd_sc_hd__clkbuf_4)
                                         net1 (net)
                  0.11    0.01    2.17 v _306_/A (sky130_fd_sc_hd__clkbuf_8)
    10    0.09    0.07    0.17    2.35 v _306_/X (sky130_fd_sc_hd__clkbuf_8)
                                         _160_ (net)
                  0.08    0.02    2.36 v _310_/A (sky130_fd_sc_hd__inv_2)
     1    0.02    0.09    0.10    2.47 ^ _310_/Y (sky130_fd_sc_hd__inv_2)
                                         _041_ (net)
                  0.09    0.00    2.47 ^ _343_/RESET_B (sky130_fd_sc_hd__dfrtp_1)
                                  2.47   data arrival time

                         10.00   10.00   clock clk (rise edge)
                          0.00   10.00   clock source latency
     1    0.03    0.09    0.06   10.06 ^ clk (in)
                                         clk (net)
                  0.09    0.00   10.06 ^ clkbuf_0_clk/A (sky130_fd_sc_hd__clkbuf_16)
     4    0.05    0.05    0.11   10.17 ^ clkbuf_0_clk/X (sky130_fd_sc_hd__clkbuf_16)
                                         clknet_0_clk (net)
                  0.05    0.00   10.18 ^ clkbuf_2_0__f_clk/A (sky130_fd_sc_hd__clkbuf_16)
     9    0.05    0.05    0.10   10.28 ^ clkbuf_2_0__f_clk/X (sky130_fd_sc_hd__clkbuf_16)
                                         clknet_2_0__leaf_clk (net)
                  0.05    0.00   10.28 ^ _343_/CLK (sky130_fd_sc_hd__dfrtp_1)
                         -0.25   10.03   clock uncertainty
                          0.00   10.03   clock reconvergence pessimism
                          0.14   10.17   library recovery time
                                 10.17   data required time
-----------------------------------------------------------------------------
                                 10.17   data required time
                                 -2.47   data arrival time
-----------------------------------------------------------------------------
                                  7.70   slack (MET)


Startpoint: rst (input port clocked by clk)
Endpoint: _344_ (recovery check against rising-edge clock clk)
Path Group: asynchronous
Path Type: max
Corner: Fastest

Fanout     Cap    Slew   Delay    Time   Description
-----------------------------------------------------------------------------
                          0.00    0.00   clock clk (rise edge)
                          0.00    0.00   clock network delay (propagated)
                          2.00    2.00 v input external delay
     1    0.00    0.01    0.00    2.00 v rst (in)
                                         rst (net)
                  0.01    0.00    2.00 v input1/A (sky130_fd_sc_hd__clkbuf_4)
     5    0.08    0.11    0.16    2.16 v input1/X (sky130_fd_sc_hd__clkbuf_4)
                                         net1 (net)
                  0.11    0.01    2.17 v _306_/A (sky130_fd_sc_hd__clkbuf_8)
    10    0.09    0.07    0.17    2.35 v _306_/X (sky130_fd_sc_hd__clkbuf_8)
                                         _160_ (net)
                  0.08    0.02    2.36 v _311_/A (sky130_fd_sc_hd__inv_2)
     1    0.02    0.08    0.10    2.46 ^ _311_/Y (sky130_fd_sc_hd__inv_2)
                                         _042_ (net)
                  0.08    0.00    2.46 ^ _344_/RESET_B (sky130_fd_sc_hd__dfrtp_1)
                                  2.46   data arrival time

                         10.00   10.00   clock clk (rise edge)
                          0.00   10.00   clock source latency
     1    0.03    0.09    0.06   10.06 ^ clk (in)
                                         clk (net)
                  0.09    0.00   10.06 ^ clkbuf_0_clk/A (sky130_fd_sc_hd__clkbuf_16)
     4    0.05    0.05    0.11   10.17 ^ clkbuf_0_clk/X (sky130_fd_sc_hd__clkbuf_16)
                                         clknet_0_clk (net)
                  0.06    0.00   10.18 ^ clkbuf_2_1__f_clk/A (sky130_fd_sc_hd__clkbuf_16)
    11    0.04    0.04    0.10   10.28 ^ clkbuf_2_1__f_clk/X (sky130_fd_sc_hd__clkbuf_16)
                                         clknet_2_1__leaf_clk (net)
                  0.04    0.00   10.28 ^ _344_/CLK (sky130_fd_sc_hd__dfrtp_1)
                         -0.25   10.03   clock uncertainty
                          0.00   10.03   clock reconvergence pessimism
                          0.14   10.16   library recovery time
                                 10.16   data required time
-----------------------------------------------------------------------------
                                 10.16   data required time
                                 -2.46   data arrival time
-----------------------------------------------------------------------------
                                  7.70   slack (MET)


Startpoint: _343_ (rising edge-triggered flip-flop clocked by clk)
Endpoint: _332_ (rising edge-triggered flip-flop clocked by clk)
Path Group: clk
Path Type: max
Corner: Fastest

Fanout     Cap    Slew   Delay    Time   Description
-----------------------------------------------------------------------------
                          0.00    0.00   clock clk (rise edge)
                          0.00    0.00   clock source latency
     1    0.03    0.09    0.07    0.07 ^ clk (in)
                                         clk (net)
                  0.09    0.00    0.07 ^ clkbuf_0_clk/A (sky130_fd_sc_hd__clkbuf_16)
     4    0.05    0.05    0.13    0.19 ^ clkbuf_0_clk/X (sky130_fd_sc_hd__clkbuf_16)
                                         clknet_0_clk (net)
                  0.05    0.00    0.20 ^ clkbuf_2_0__f_clk/A (sky130_fd_sc_hd__clkbuf_16)
     9    0.05    0.05    0.11    0.31 ^ clkbuf_2_0__f_clk/X (sky130_fd_sc_hd__clkbuf_16)
                                         clknet_2_0__leaf_clk (net)
                  0.05    0.00    0.31 ^ _343_/CLK (sky130_fd_sc_hd__dfrtp_1)
     4    0.02    0.09    0.30    0.61 v _343_/Q (sky130_fd_sc_hd__dfrtp_1)
                                         one_second_counter[13] (net)
                  0.09    0.00    0.61 v _180_/D (sky130_fd_sc_hd__and4_1)
     2    0.03    0.09    0.22    0.84 v _180_/X (sky130_fd_sc_hd__and4_1)
                                         _078_ (net)
                  0.09    0.00    0.84 v _181_/D (sky130_fd_sc_hd__or4_2)
     1    0.03    0.11    0.40    1.24 v _181_/X (sky130_fd_sc_hd__or4_2)
                                         _079_ (net)
                  0.11    0.00    1.24 v _184_/A3 (sky130_fd_sc_hd__o31a_1)
     1    0.03    0.10    0.26    1.50 v _184_/X (sky130_fd_sc_hd__o31a_1)
                                         _082_ (net)
                  0.10    0.00    1.50 v _186_/A2 (sky130_fd_sc_hd__o211ai_2)
     2    0.02    0.23    0.23    1.74 ^ _186_/Y (sky130_fd_sc_hd__o211ai_2)
                                         _084_ (net)
                  0.23    0.00    1.74 ^ _187_/A2 (sky130_fd_sc_hd__a21bo_2)
     9    0.06    0.25    0.27    2.01 ^ _187_/X (sky130_fd_sc_hd__a21bo_2)
                                         _085_ (net)
                  0.25    0.00    2.01 ^ _197_/B (sky130_fd_sc_hd__and3_1)
     1    0.01    0.06    0.14    2.16 ^ _197_/X (sky130_fd_sc_hd__and3_1)
                                         _092_ (net)
                  0.06    0.00    2.16 ^ _198_/A (sky130_fd_sc_hd__buf_1)
     1    0.02    0.14    0.14    2.29 ^ _198_/X (sky130_fd_sc_hd__buf_1)
                                         _019_ (net)
                  0.14    0.00    2.30 ^ _332_/D (sky130_fd_sc_hd__dfrtp_4)
                                  2.30   data arrival time

                         10.00   10.00   clock clk (rise edge)
                          0.00   10.00   clock source latency
     1    0.03    0.09    0.06   10.06 ^ clk (in)
                                         clk (net)
                  0.09    0.00   10.06 ^ clkbuf_0_clk/A (sky130_fd_sc_hd__clkbuf_16)
     4    0.05    0.05    0.11   10.17 ^ clkbuf_0_clk/X (sky130_fd_sc_hd__clkbuf_16)
                                         clknet_0_clk (net)
                  0.06    0.00   10.18 ^ clkbuf_2_1__f_clk/A (sky130_fd_sc_hd__clkbuf_16)
    11    0.04    0.04    0.10   10.28 ^ clkbuf_2_1__f_clk/X (sky130_fd_sc_hd__clkbuf_16)
                                         clknet_2_1__leaf_clk (net)
                  0.04    0.00   10.28 ^ _332_/CLK (sky130_fd_sc_hd__dfrtp_4)
                         -0.25   10.03   clock uncertainty
                          0.02   10.05   clock reconvergence pessimism
                         -0.05   10.00   library setup time
                                 10.00   data required time
-----------------------------------------------------------------------------
                                 10.00   data required time
                                 -2.30   data arrival time
-----------------------------------------------------------------------------
                                  7.70   slack (MET)


Startpoint: rst (input port clocked by clk)
Endpoint: _350_ (recovery check against rising-edge clock clk)
Path Group: asynchronous
Path Type: max
Corner: Fastest

Fanout     Cap    Slew   Delay    Time   Description
-----------------------------------------------------------------------------
                          0.00    0.00   clock clk (rise edge)
                          0.00    0.00   clock network delay (propagated)
                          2.00    2.00 v input external delay
     1    0.00    0.01    0.00    2.00 v rst (in)
                                         rst (net)
                  0.01    0.00    2.00 v input1/A (sky130_fd_sc_hd__clkbuf_4)
     5    0.08    0.11    0.16    2.16 v input1/X (sky130_fd_sc_hd__clkbuf_4)
                                         net1 (net)
                  0.11    0.01    2.17 v _317_/A (sky130_fd_sc_hd__clkbuf_8)
    10    0.08    0.07    0.17    2.34 v _317_/X (sky130_fd_sc_hd__clkbuf_8)
                                         _161_ (net)
                  0.07    0.01    2.35 v _318_/A (sky130_fd_sc_hd__inv_2)
     1    0.02    0.08    0.09    2.44 ^ _318_/Y (sky130_fd_sc_hd__inv_2)
                                         _048_ (net)
                  0.08    0.00    2.44 ^ _350_/RESET_B (sky130_fd_sc_hd__dfrtp_2)
                                  2.44   data arrival time

                         10.00   10.00   clock clk (rise edge)
                          0.00   10.00   clock source latency
     1    0.03    0.09    0.06   10.06 ^ clk (in)
                                         clk (net)
                  0.09    0.00   10.06 ^ clkbuf_0_clk/A (sky130_fd_sc_hd__clkbuf_16)
     4    0.05    0.05    0.11   10.17 ^ clkbuf_0_clk/X (sky130_fd_sc_hd__clkbuf_16)
                                         clknet_0_clk (net)
                  0.06    0.00   10.18 ^ clkbuf_2_3__f_clk/A (sky130_fd_sc_hd__clkbuf_16)
     8    0.04    0.05    0.10   10.28 ^ clkbuf_2_3__f_clk/X (sky130_fd_sc_hd__clkbuf_16)
                                         clknet_2_3__leaf_clk (net)
                  0.05    0.00   10.28 ^ _350_/CLK (sky130_fd_sc_hd__dfrtp_2)
                         -0.25   10.03   clock uncertainty
                          0.00   10.03   clock reconvergence pessimism
                          0.12   10.15   library recovery time
                                 10.15   data required time
-----------------------------------------------------------------------------
                                 10.15   data required time
                                 -2.44   data arrival time
-----------------------------------------------------------------------------
                                  7.71   slack (MET)


Startpoint: rst (input port clocked by clk)
Endpoint: _356_ (recovery check against rising-edge clock clk)
Path Group: asynchronous
Path Type: max
Corner: Fastest

Fanout     Cap    Slew   Delay    Time   Description
-----------------------------------------------------------------------------
                          0.00    0.00   clock clk (rise edge)
                          0.00    0.00   clock network delay (propagated)
                          2.00    2.00 v input external delay
     1    0.00    0.01    0.00    2.00 v rst (in)
                                         rst (net)
                  0.01    0.00    2.00 v input1/A (sky130_fd_sc_hd__clkbuf_4)
     5    0.08    0.11    0.16    2.16 v input1/X (sky130_fd_sc_hd__clkbuf_4)
                                         net1 (net)
                  0.11    0.01    2.17 v _317_/A (sky130_fd_sc_hd__clkbuf_8)
    10    0.08    0.07    0.17    2.34 v _317_/X (sky130_fd_sc_hd__clkbuf_8)
                                         _161_ (net)
                  0.07    0.01    2.35 v _324_/A (sky130_fd_sc_hd__inv_2)
     1    0.02    0.09    0.10    2.45 ^ _324_/Y (sky130_fd_sc_hd__inv_2)
                                         _054_ (net)
                  0.09    0.00    2.45 ^ _356_/RESET_B (sky130_fd_sc_hd__dfrtp_1)
                                  2.45   data arrival time

                         10.00   10.00   clock clk (rise edge)
                          0.00   10.00   clock source latency
     1    0.03    0.09    0.06   10.06 ^ clk (in)
                                         clk (net)
                  0.09    0.00   10.06 ^ clkbuf_0_clk/A (sky130_fd_sc_hd__clkbuf_16)
     4    0.05    0.05    0.11   10.17 ^ clkbuf_0_clk/X (sky130_fd_sc_hd__clkbuf_16)
                                         clknet_0_clk (net)
                  0.06    0.00   10.18 ^ clkbuf_2_1__f_clk/A (sky130_fd_sc_hd__clkbuf_16)
    11    0.04    0.04    0.10   10.28 ^ clkbuf_2_1__f_clk/X (sky130_fd_sc_hd__clkbuf_16)
                                         clknet_2_1__leaf_clk (net)
                  0.05    0.00   10.28 ^ _356_/CLK (sky130_fd_sc_hd__dfrtp_1)
                         -0.25   10.03   clock uncertainty
                          0.00   10.03   clock reconvergence pessimism
                          0.13   10.16   library recovery time
                                 10.16   data required time
-----------------------------------------------------------------------------
                                 10.16   data required time
                                 -2.45   data arrival time
-----------------------------------------------------------------------------
                                  7.71   slack (MET)


Startpoint: rst (input port clocked by clk)
Endpoint: _333_ (recovery check against rising-edge clock clk)
Path Group: asynchronous
Path Type: max
Corner: Fastest

Fanout     Cap    Slew   Delay    Time   Description
-----------------------------------------------------------------------------
                          0.00    0.00   clock clk (rise edge)
                          0.00    0.00   clock network delay (propagated)
                          2.00    2.00 v input external delay
     1    0.00    0.01    0.00    2.00 v rst (in)
                                         rst (net)
                  0.01    0.00    2.00 v input1/A (sky130_fd_sc_hd__clkbuf_4)
     5    0.08    0.11    0.16    2.16 v input1/X (sky130_fd_sc_hd__clkbuf_4)
                                         net1 (net)
                  0.11    0.01    2.17 v _295_/A (sky130_fd_sc_hd__buf_4)
    10    0.09    0.08    0.19    2.36 v _295_/X (sky130_fd_sc_hd__buf_4)
                                         _159_ (net)
                  0.09    0.01    2.37 v _299_/A (sky130_fd_sc_hd__inv_2)
     1    0.02    0.06    0.08    2.45 ^ _299_/Y (sky130_fd_sc_hd__inv_2)
                                         _031_ (net)
                  0.06    0.00    2.46 ^ _333_/RESET_B (sky130_fd_sc_hd__dfrtp_1)
                                  2.46   data arrival time

                         10.00   10.00   clock clk (rise edge)
                          0.00   10.00   clock source latency
     1    0.03    0.09    0.06   10.06 ^ clk (in)
                                         clk (net)
                  0.09    0.00   10.06 ^ clkbuf_0_clk/A (sky130_fd_sc_hd__clkbuf_16)
     4    0.05    0.05    0.11   10.17 ^ clkbuf_0_clk/X (sky130_fd_sc_hd__clkbuf_16)
                                         clknet_0_clk (net)
                  0.06    0.00   10.18 ^ clkbuf_2_3__f_clk/A (sky130_fd_sc_hd__clkbuf_16)
     8    0.04    0.05    0.10   10.28 ^ clkbuf_2_3__f_clk/X (sky130_fd_sc_hd__clkbuf_16)
                                         clknet_2_3__leaf_clk (net)
                  0.05    0.00   10.28 ^ _333_/CLK (sky130_fd_sc_hd__dfrtp_1)
                         -0.25   10.03   clock uncertainty
                          0.00   10.03   clock reconvergence pessimism
                          0.14   10.17   library recovery time
                                 10.17   data required time
-----------------------------------------------------------------------------
                                 10.17   data required time
                                 -2.46   data arrival time
-----------------------------------------------------------------------------
                                  7.71   slack (MET)


Startpoint: rst (input port clocked by clk)
Endpoint: _358_ (recovery check against rising-edge clock clk)
Path Group: asynchronous
Path Type: max
Corner: Fastest

Fanout     Cap    Slew   Delay    Time   Description
-----------------------------------------------------------------------------
                          0.00    0.00   clock clk (rise edge)
                          0.00    0.00   clock network delay (propagated)
                          2.00    2.00 v input external delay
     1    0.00    0.01    0.00    2.00 v rst (in)
                                         rst (net)
                  0.01    0.00    2.00 v input1/A (sky130_fd_sc_hd__clkbuf_4)
     5    0.08    0.11    0.16    2.16 v input1/X (sky130_fd_sc_hd__clkbuf_4)
                                         net1 (net)
                  0.11    0.01    2.17 v _317_/A (sky130_fd_sc_hd__clkbuf_8)
    10    0.08    0.07    0.17    2.34 v _317_/X (sky130_fd_sc_hd__clkbuf_8)
                                         _161_ (net)
                  0.08    0.01    2.35 v _326_/A (sky130_fd_sc_hd__inv_2)
     1    0.02    0.07    0.09    2.44 ^ _326_/Y (sky130_fd_sc_hd__inv_2)
                                         _056_ (net)
                  0.07    0.00    2.44 ^ _358_/RESET_B (sky130_fd_sc_hd__dfrtp_4)
                                  2.44   data arrival time

                         10.00   10.00   clock clk (rise edge)
                          0.00   10.00   clock source latency
     1    0.03    0.09    0.06   10.06 ^ clk (in)
                                         clk (net)
                  0.09    0.00   10.06 ^ clkbuf_0_clk/A (sky130_fd_sc_hd__clkbuf_16)
     4    0.05    0.05    0.11   10.17 ^ clkbuf_0_clk/X (sky130_fd_sc_hd__clkbuf_16)
                                         clknet_0_clk (net)
                  0.06    0.00   10.18 ^ clkbuf_2_2__f_clk/A (sky130_fd_sc_hd__clkbuf_16)
     7    0.05    0.06    0.10   10.28 ^ clkbuf_2_2__f_clk/X (sky130_fd_sc_hd__clkbuf_16)
                                         clknet_2_2__leaf_clk (net)
                  0.06    0.01   10.29 ^ _358_/CLK (sky130_fd_sc_hd__dfrtp_4)
                         -0.25   10.04   clock uncertainty
                          0.00   10.04   clock reconvergence pessimism
                          0.12   10.16   library recovery time
                                 10.16   data required time
-----------------------------------------------------------------------------
                                 10.16   data required time
                                 -2.44   data arrival time
-----------------------------------------------------------------------------
                                  7.72   slack (MET)


Startpoint: rst (input port clocked by clk)
Endpoint: _354_ (recovery check against rising-edge clock clk)
Path Group: asynchronous
Path Type: max
Corner: Fastest

Fanout     Cap    Slew   Delay    Time   Description
-----------------------------------------------------------------------------
                          0.00    0.00   clock clk (rise edge)
                          0.00    0.00   clock network delay (propagated)
                          2.00    2.00 v input external delay
     1    0.00    0.01    0.00    2.00 v rst (in)
                                         rst (net)
                  0.01    0.00    2.00 v input1/A (sky130_fd_sc_hd__clkbuf_4)
     5    0.08    0.11    0.16    2.16 v input1/X (sky130_fd_sc_hd__clkbuf_4)
                                         net1 (net)
                  0.11    0.01    2.17 v _317_/A (sky130_fd_sc_hd__clkbuf_8)
    10    0.08    0.07    0.17    2.34 v _317_/X (sky130_fd_sc_hd__clkbuf_8)
                                         _161_ (net)
                  0.08    0.01    2.35 v _322_/A (sky130_fd_sc_hd__inv_2)
     1    0.02    0.07    0.08    2.43 ^ _322_/Y (sky130_fd_sc_hd__inv_2)
                                         _052_ (net)
                  0.07    0.00    2.44 ^ _354_/RESET_B (sky130_fd_sc_hd__dfrtp_4)
                                  2.44   data arrival time

                         10.00   10.00   clock clk (rise edge)
                          0.00   10.00   clock source latency
     1    0.03    0.09    0.06   10.06 ^ clk (in)
                                         clk (net)
                  0.09    0.00   10.06 ^ clkbuf_0_clk/A (sky130_fd_sc_hd__clkbuf_16)
     4    0.05    0.05    0.11   10.17 ^ clkbuf_0_clk/X (sky130_fd_sc_hd__clkbuf_16)
                                         clknet_0_clk (net)
                  0.06    0.00   10.18 ^ clkbuf_2_3__f_clk/A (sky130_fd_sc_hd__clkbuf_16)
     8    0.04    0.05    0.10   10.28 ^ clkbuf_2_3__f_clk/X (sky130_fd_sc_hd__clkbuf_16)
                                         clknet_2_3__leaf_clk (net)
                  0.05    0.00   10.28 ^ _354_/CLK (sky130_fd_sc_hd__dfrtp_4)
                         -0.25   10.03   clock uncertainty
                          0.00   10.03   clock reconvergence pessimism
                          0.12   10.15   library recovery time
                                 10.15   data required time
-----------------------------------------------------------------------------
                                 10.15   data required time
                                 -2.44   data arrival time
-----------------------------------------------------------------------------
                                  7.72   slack (MET)


Startpoint: rst (input port clocked by clk)
Endpoint: _334_ (recovery check against rising-edge clock clk)
Path Group: asynchronous
Path Type: max
Corner: Fastest

Fanout     Cap    Slew   Delay    Time   Description
-----------------------------------------------------------------------------
                          0.00    0.00   clock clk (rise edge)
                          0.00    0.00   clock network delay (propagated)
                          2.00    2.00 v input external delay
     1    0.00    0.01    0.00    2.00 v rst (in)
                                         rst (net)
                  0.01    0.00    2.00 v input1/A (sky130_fd_sc_hd__clkbuf_4)
     5    0.08    0.11    0.16    2.16 v input1/X (sky130_fd_sc_hd__clkbuf_4)
                                         net1 (net)
                  0.11    0.01    2.17 v _295_/A (sky130_fd_sc_hd__buf_4)
    10    0.09    0.08    0.19    2.36 v _295_/X (sky130_fd_sc_hd__buf_4)
                                         _159_ (net)
                  0.09    0.01    2.37 v _300_/A (sky130_fd_sc_hd__inv_2)
     1    0.01    0.04    0.07    2.44 ^ _300_/Y (sky130_fd_sc_hd__inv_2)
                                         _032_ (net)
                  0.04    0.00    2.44 ^ _334_/RESET_B (sky130_fd_sc_hd__dfrtp_4)
                                  2.44   data arrival time

                         10.00   10.00   clock clk (rise edge)
                          0.00   10.00   clock source latency
     1    0.03    0.09    0.06   10.06 ^ clk (in)
                                         clk (net)
                  0.09    0.00   10.06 ^ clkbuf_0_clk/A (sky130_fd_sc_hd__clkbuf_16)
     4    0.05    0.05    0.11   10.17 ^ clkbuf_0_clk/X (sky130_fd_sc_hd__clkbuf_16)
                                         clknet_0_clk (net)
                  0.06    0.00   10.18 ^ clkbuf_2_1__f_clk/A (sky130_fd_sc_hd__clkbuf_16)
    11    0.04    0.04    0.10   10.28 ^ clkbuf_2_1__f_clk/X (sky130_fd_sc_hd__clkbuf_16)
                                         clknet_2_1__leaf_clk (net)
                  0.04    0.00   10.28 ^ _334_/CLK (sky130_fd_sc_hd__dfrtp_4)
                         -0.25   10.03   clock uncertainty
                          0.00   10.03   clock reconvergence pessimism
                          0.13   10.16   library recovery time
                                 10.16   data required time
-----------------------------------------------------------------------------
                                 10.16   data required time
                                 -2.44   data arrival time
-----------------------------------------------------------------------------
                                  7.72   slack (MET)


Startpoint: rst (input port clocked by clk)
Endpoint: _337_ (recovery check against rising-edge clock clk)
Path Group: asynchronous
Path Type: max
Corner: Fastest

Fanout     Cap    Slew   Delay    Time   Description
-----------------------------------------------------------------------------
                          0.00    0.00   clock clk (rise edge)
                          0.00    0.00   clock network delay (propagated)
                          2.00    2.00 v input external delay
     1    0.00    0.01    0.00    2.00 v rst (in)
                                         rst (net)
                  0.01    0.00    2.00 v input1/A (sky130_fd_sc_hd__clkbuf_4)
     5    0.08    0.11    0.16    2.16 v input1/X (sky130_fd_sc_hd__clkbuf_4)
                                         net1 (net)
                  0.11    0.01    2.17 v _295_/A (sky130_fd_sc_hd__buf_4)
    10    0.09    0.08    0.19    2.36 v _295_/X (sky130_fd_sc_hd__buf_4)
                                         _159_ (net)
                  0.08    0.01    2.36 v _303_/A (sky130_fd_sc_hd__inv_2)
     1    0.01    0.05    0.07    2.44 ^ _303_/Y (sky130_fd_sc_hd__inv_2)
                                         _035_ (net)
                  0.05    0.00    2.44 ^ _337_/RESET_B (sky130_fd_sc_hd__dfrtp_2)
                                  2.44   data arrival time

                         10.00   10.00   clock clk (rise edge)
                          0.00   10.00   clock source latency
     1    0.03    0.09    0.06   10.06 ^ clk (in)
                                         clk (net)
                  0.09    0.00   10.06 ^ clkbuf_0_clk/A (sky130_fd_sc_hd__clkbuf_16)
     4    0.05    0.05    0.11   10.17 ^ clkbuf_0_clk/X (sky130_fd_sc_hd__clkbuf_16)
                                         clknet_0_clk (net)
                  0.06    0.00   10.18 ^ clkbuf_2_1__f_clk/A (sky130_fd_sc_hd__clkbuf_16)
    11    0.04    0.04    0.10   10.28 ^ clkbuf_2_1__f_clk/X (sky130_fd_sc_hd__clkbuf_16)
                                         clknet_2_1__leaf_clk (net)
                  0.05    0.00   10.28 ^ _337_/CLK (sky130_fd_sc_hd__dfrtp_2)
                         -0.25   10.03   clock uncertainty
                          0.00   10.03   clock reconvergence pessimism
                          0.13   10.16   library recovery time
                                 10.16   data required time
-----------------------------------------------------------------------------
                                 10.16   data required time
                                 -2.44   data arrival time
-----------------------------------------------------------------------------
                                  7.72   slack (MET)


Startpoint: rst (input port clocked by clk)
Endpoint: _349_ (recovery check against rising-edge clock clk)
Path Group: asynchronous
Path Type: max
Corner: Fastest

Fanout     Cap    Slew   Delay    Time   Description
-----------------------------------------------------------------------------
                          0.00    0.00   clock clk (rise edge)
                          0.00    0.00   clock network delay (propagated)
                          2.00    2.00 v input external delay
     1    0.00    0.01    0.00    2.00 v rst (in)
                                         rst (net)
                  0.01    0.00    2.00 v input1/A (sky130_fd_sc_hd__clkbuf_4)
     5    0.08    0.11    0.16    2.16 v input1/X (sky130_fd_sc_hd__clkbuf_4)
                                         net1 (net)
                  0.11    0.01    2.17 v _306_/A (sky130_fd_sc_hd__clkbuf_8)
    10    0.09    0.07    0.17    2.35 v _306_/X (sky130_fd_sc_hd__clkbuf_8)
                                         _160_ (net)
                  0.08    0.01    2.35 v _316_/A (sky130_fd_sc_hd__inv_2)
     1    0.02    0.06    0.08    2.44 ^ _316_/Y (sky130_fd_sc_hd__inv_2)
                                         _047_ (net)
                  0.06    0.00    2.44 ^ _349_/RESET_B (sky130_fd_sc_hd__dfrtp_2)
                                  2.44   data arrival time

                         10.00   10.00   clock clk (rise edge)
                          0.00   10.00   clock source latency
     1    0.03    0.09    0.06   10.06 ^ clk (in)
                                         clk (net)
                  0.09    0.00   10.06 ^ clkbuf_0_clk/A (sky130_fd_sc_hd__clkbuf_16)
     4    0.05    0.05    0.11   10.17 ^ clkbuf_0_clk/X (sky130_fd_sc_hd__clkbuf_16)
                                         clknet_0_clk (net)
                  0.06    0.00   10.18 ^ clkbuf_2_3__f_clk/A (sky130_fd_sc_hd__clkbuf_16)
     8    0.04    0.05    0.10   10.28 ^ clkbuf_2_3__f_clk/X (sky130_fd_sc_hd__clkbuf_16)
                                         clknet_2_3__leaf_clk (net)
                  0.05    0.00   10.28 ^ _349_/CLK (sky130_fd_sc_hd__dfrtp_2)
                         -0.25   10.03   clock uncertainty
                          0.00   10.03   clock reconvergence pessimism
                          0.13   10.16   library recovery time
                                 10.16   data required time
-----------------------------------------------------------------------------
                                 10.16   data required time
                                 -2.44   data arrival time
-----------------------------------------------------------------------------
                                  7.72   slack (MET)


Startpoint: _342_ (rising edge-triggered flip-flop clocked by clk)
Endpoint: _331_ (rising edge-triggered flip-flop clocked by clk)
Path Group: clk
Path Type: max
Corner: Fastest

Fanout     Cap    Slew   Delay    Time   Description
-----------------------------------------------------------------------------
                          0.00    0.00   clock clk (rise edge)
                          0.00    0.00   clock source latency
     1    0.03    0.09    0.07    0.07 ^ clk (in)
                                         clk (net)
                  0.09    0.00    0.07 ^ clkbuf_0_clk/A (sky130_fd_sc_hd__clkbuf_16)
     4    0.05    0.05    0.13    0.19 ^ clkbuf_0_clk/X (sky130_fd_sc_hd__clkbuf_16)
                                         clknet_0_clk (net)
                  0.06    0.00    0.20 ^ clkbuf_2_1__f_clk/A (sky130_fd_sc_hd__clkbuf_16)
    11    0.04    0.04    0.11    0.30 ^ clkbuf_2_1__f_clk/X (sky130_fd_sc_hd__clkbuf_16)
                                         clknet_2_1__leaf_clk (net)
                  0.04    0.00    0.31 ^ _342_/CLK (sky130_fd_sc_hd__dfrtp_2)
     5    0.04    0.08    0.32    0.62 v _342_/Q (sky130_fd_sc_hd__dfrtp_2)
                                         one_second_counter[12] (net)
                  0.08    0.00    0.63 v _180_/C (sky130_fd_sc_hd__and4_1)
     2    0.03    0.09    0.21    0.84 v _180_/X (sky130_fd_sc_hd__and4_1)
                                         _078_ (net)
                  0.09    0.00    0.84 v _181_/D (sky130_fd_sc_hd__or4_2)
     1    0.03    0.11    0.40    1.24 v _181_/X (sky130_fd_sc_hd__or4_2)
                                         _079_ (net)
                  0.11    0.00    1.24 v _184_/A3 (sky130_fd_sc_hd__o31a_1)
     1    0.03    0.10    0.26    1.50 v _184_/X (sky130_fd_sc_hd__o31a_1)
                                         _082_ (net)
                  0.10    0.00    1.50 v _186_/A2 (sky130_fd_sc_hd__o211ai_2)
     2    0.02    0.23    0.23    1.74 ^ _186_/Y (sky130_fd_sc_hd__o211ai_2)
                                         _084_ (net)
                  0.23    0.00    1.74 ^ _187_/A2 (sky130_fd_sc_hd__a21bo_2)
     9    0.06    0.25    0.27    2.01 ^ _187_/X (sky130_fd_sc_hd__a21bo_2)
                                         _085_ (net)
                  0.25    0.00    2.01 ^ _193_/B (sky130_fd_sc_hd__and3_1)
     1    0.01    0.10    0.17    2.19 ^ _193_/X (sky130_fd_sc_hd__and3_1)
                                         _089_ (net)
                  0.10    0.00    2.19 ^ _194_/A (sky130_fd_sc_hd__clkbuf_1)
     1    0.01    0.09    0.11    2.29 ^ _194_/X (sky130_fd_sc_hd__clkbuf_1)
                                         _011_ (net)
                  0.09    0.00    2.29 ^ _331_/D (sky130_fd_sc_hd__dfrtp_4)
                                  2.29   data arrival time

                         10.00   10.00   clock clk (rise edge)
                          0.00   10.00   clock source latency
     1    0.03    0.09    0.06   10.06 ^ clk (in)
                                         clk (net)
                  0.09    0.00   10.06 ^ clkbuf_0_clk/A (sky130_fd_sc_hd__clkbuf_16)
     4    0.05    0.05    0.11   10.17 ^ clkbuf_0_clk/X (sky130_fd_sc_hd__clkbuf_16)
                                         clknet_0_clk (net)
                  0.06    0.00   10.18 ^ clkbuf_2_2__f_clk/A (sky130_fd_sc_hd__clkbuf_16)
     7    0.05    0.06    0.10   10.28 ^ clkbuf_2_2__f_clk/X (sky130_fd_sc_hd__clkbuf_16)
                                         clknet_2_2__leaf_clk (net)
                  0.06    0.01   10.29 ^ _331_/CLK (sky130_fd_sc_hd__dfrtp_4)
                         -0.25   10.04   clock uncertainty
                          0.02   10.06   clock reconvergence pessimism
                         -0.04   10.02   library setup time
                                 10.02   data required time
-----------------------------------------------------------------------------
                                 10.02   data required time
                                 -2.29   data arrival time
-----------------------------------------------------------------------------
                                  7.72   slack (MET)


Startpoint: rst (input port clocked by clk)
Endpoint: _359_ (recovery check against rising-edge clock clk)
Path Group: asynchronous
Path Type: max
Corner: Fastest

Fanout     Cap    Slew   Delay    Time   Description
-----------------------------------------------------------------------------
                          0.00    0.00   clock clk (rise edge)
                          0.00    0.00   clock network delay (propagated)
                          2.00    2.00 v input external delay
     1    0.00    0.01    0.00    2.00 v rst (in)
                                         rst (net)
                  0.01    0.00    2.00 v input1/A (sky130_fd_sc_hd__clkbuf_4)
     5    0.08    0.11    0.16    2.16 v input1/X (sky130_fd_sc_hd__clkbuf_4)
                                         net1 (net)
                  0.11    0.01    2.17 v _317_/A (sky130_fd_sc_hd__clkbuf_8)
    10    0.08    0.07    0.17    2.34 v _317_/X (sky130_fd_sc_hd__clkbuf_8)
                                         _161_ (net)
                  0.08    0.01    2.35 v _327_/A (sky130_fd_sc_hd__inv_2)
     1    0.02    0.06    0.08    2.43 ^ _327_/Y (sky130_fd_sc_hd__inv_2)
                                         _057_ (net)
                  0.06    0.00    2.43 ^ _359_/RESET_B (sky130_fd_sc_hd__dfrtp_4)
                                  2.43   data arrival time

                         10.00   10.00   clock clk (rise edge)
                          0.00   10.00   clock source latency
     1    0.03    0.09    0.06   10.06 ^ clk (in)
                                         clk (net)
                  0.09    0.00   10.06 ^ clkbuf_0_clk/A (sky130_fd_sc_hd__clkbuf_16)
     4    0.05    0.05    0.11   10.17 ^ clkbuf_0_clk/X (sky130_fd_sc_hd__clkbuf_16)
                                         clknet_0_clk (net)
                  0.05    0.00   10.18 ^ clkbuf_2_0__f_clk/A (sky130_fd_sc_hd__clkbuf_16)
     9    0.05    0.05    0.10   10.28 ^ clkbuf_2_0__f_clk/X (sky130_fd_sc_hd__clkbuf_16)
                                         clknet_2_0__leaf_clk (net)
                  0.05    0.00   10.28 ^ _359_/CLK (sky130_fd_sc_hd__dfrtp_4)
                         -0.25   10.03   clock uncertainty
                          0.00   10.03   clock reconvergence pessimism
                          0.12   10.15   library recovery time
                                 10.15   data required time
-----------------------------------------------------------------------------
                                 10.15   data required time
                                 -2.43   data arrival time
-----------------------------------------------------------------------------
                                  7.72   slack (MET)


Startpoint: rst (input port clocked by clk)
Endpoint: _341_ (recovery check against rising-edge clock clk)
Path Group: asynchronous
Path Type: max
Corner: Fastest

Fanout     Cap    Slew   Delay    Time   Description
-----------------------------------------------------------------------------
                          0.00    0.00   clock clk (rise edge)
                          0.00    0.00   clock network delay (propagated)
                          2.00    2.00 v input external delay
     1    0.00    0.01    0.00    2.00 v rst (in)
                                         rst (net)
                  0.01    0.00    2.00 v input1/A (sky130_fd_sc_hd__clkbuf_4)
     5    0.08    0.11    0.16    2.16 v input1/X (sky130_fd_sc_hd__clkbuf_4)
                                         net1 (net)
                  0.11    0.01    2.17 v _306_/A (sky130_fd_sc_hd__clkbuf_8)
    10    0.09    0.07    0.17    2.35 v _306_/X (sky130_fd_sc_hd__clkbuf_8)
                                         _160_ (net)
                  0.08    0.01    2.36 v _308_/A (sky130_fd_sc_hd__inv_2)
     1    0.01    0.05    0.07    2.44 ^ _308_/Y (sky130_fd_sc_hd__inv_2)
                                         _039_ (net)
                  0.05    0.00    2.44 ^ _341_/RESET_B (sky130_fd_sc_hd__dfrtp_4)
                                  2.44   data arrival time

                         10.00   10.00   clock clk (rise edge)
                          0.00   10.00   clock source latency
     1    0.03    0.09    0.06   10.06 ^ clk (in)
                                         clk (net)
                  0.09    0.00   10.06 ^ clkbuf_0_clk/A (sky130_fd_sc_hd__clkbuf_16)
     4    0.05    0.05    0.11   10.17 ^ clkbuf_0_clk/X (sky130_fd_sc_hd__clkbuf_16)
                                         clknet_0_clk (net)
                  0.05    0.00   10.18 ^ clkbuf_2_0__f_clk/A (sky130_fd_sc_hd__clkbuf_16)
     9    0.05    0.05    0.10   10.28 ^ clkbuf_2_0__f_clk/X (sky130_fd_sc_hd__clkbuf_16)
                                         clknet_2_0__leaf_clk (net)
                  0.05    0.00   10.28 ^ _341_/CLK (sky130_fd_sc_hd__dfrtp_4)
                         -0.25   10.03   clock uncertainty
                          0.00   10.03   clock reconvergence pessimism
                          0.13   10.16   library recovery time
                                 10.16   data required time
-----------------------------------------------------------------------------
                                 10.16   data required time
                                 -2.44   data arrival time
-----------------------------------------------------------------------------
                                  7.72   slack (MET)


Startpoint: rst (input port clocked by clk)
Endpoint: _355_ (recovery check against rising-edge clock clk)
Path Group: asynchronous
Path Type: max
Corner: Fastest

Fanout     Cap    Slew   Delay    Time   Description
-----------------------------------------------------------------------------
                          0.00    0.00   clock clk (rise edge)
                          0.00    0.00   clock network delay (propagated)
                          2.00    2.00 v input external delay
     1    0.00    0.01    0.00    2.00 v rst (in)
                                         rst (net)
                  0.01    0.00    2.00 v input1/A (sky130_fd_sc_hd__clkbuf_4)
     5    0.08    0.11    0.16    2.16 v input1/X (sky130_fd_sc_hd__clkbuf_4)
                                         net1 (net)
                  0.11    0.01    2.17 v _317_/A (sky130_fd_sc_hd__clkbuf_8)
    10    0.08    0.07    0.17    2.34 v _317_/X (sky130_fd_sc_hd__clkbuf_8)
                                         _161_ (net)
                  0.07    0.01    2.35 v _323_/A (sky130_fd_sc_hd__inv_2)
     1    0.02    0.06    0.08    2.43 ^ _323_/Y (sky130_fd_sc_hd__inv_2)
                                         _053_ (net)
                  0.06    0.00    2.43 ^ _355_/RESET_B (sky130_fd_sc_hd__dfrtp_4)
                                  2.43   data arrival time

                         10.00   10.00   clock clk (rise edge)
                          0.00   10.00   clock source latency
     1    0.03    0.09    0.06   10.06 ^ clk (in)
                                         clk (net)
                  0.09    0.00   10.06 ^ clkbuf_0_clk/A (sky130_fd_sc_hd__clkbuf_16)
     4    0.05    0.05    0.11   10.17 ^ clkbuf_0_clk/X (sky130_fd_sc_hd__clkbuf_16)
                                         clknet_0_clk (net)
                  0.06    0.00   10.18 ^ clkbuf_2_1__f_clk/A (sky130_fd_sc_hd__clkbuf_16)
    11    0.04    0.04    0.10   10.28 ^ clkbuf_2_1__f_clk/X (sky130_fd_sc_hd__clkbuf_16)
                                         clknet_2_1__leaf_clk (net)
                  0.05    0.00   10.28 ^ _355_/CLK (sky130_fd_sc_hd__dfrtp_4)
                         -0.25   10.03   clock uncertainty
                          0.00   10.03   clock reconvergence pessimism
                          0.12   10.15   library recovery time
                                 10.15   data required time
-----------------------------------------------------------------------------
                                 10.15   data required time
                                 -2.43   data arrival time
-----------------------------------------------------------------------------
                                  7.72   slack (MET)


Startpoint: rst (input port clocked by clk)
Endpoint: _342_ (recovery check against rising-edge clock clk)
Path Group: asynchronous
Path Type: max
Corner: Fastest

Fanout     Cap    Slew   Delay    Time   Description
-----------------------------------------------------------------------------
                          0.00    0.00   clock clk (rise edge)
                          0.00    0.00   clock network delay (propagated)
                          2.00    2.00 v input external delay
     1    0.00    0.01    0.00    2.00 v rst (in)
                                         rst (net)
                  0.01    0.00    2.00 v input1/A (sky130_fd_sc_hd__clkbuf_4)
     5    0.08    0.11    0.16    2.16 v input1/X (sky130_fd_sc_hd__clkbuf_4)
                                         net1 (net)
                  0.11    0.01    2.17 v _306_/A (sky130_fd_sc_hd__clkbuf_8)
    10    0.09    0.07    0.17    2.35 v _306_/X (sky130_fd_sc_hd__clkbuf_8)
                                         _160_ (net)
                  0.08    0.01    2.36 v _309_/A (sky130_fd_sc_hd__inv_2)
     1    0.01    0.04    0.06    2.42 ^ _309_/Y (sky130_fd_sc_hd__inv_2)
                                         _040_ (net)
                  0.04    0.00    2.42 ^ _342_/RESET_B (sky130_fd_sc_hd__dfrtp_2)
                                  2.42   data arrival time

                         10.00   10.00   clock clk (rise edge)
                          0.00   10.00   clock source latency
     1    0.03    0.09    0.06   10.06 ^ clk (in)
                                         clk (net)
                  0.09    0.00   10.06 ^ clkbuf_0_clk/A (sky130_fd_sc_hd__clkbuf_16)
     4    0.05    0.05    0.11   10.17 ^ clkbuf_0_clk/X (sky130_fd_sc_hd__clkbuf_16)
                                         clknet_0_clk (net)
                  0.06    0.00   10.18 ^ clkbuf_2_1__f_clk/A (sky130_fd_sc_hd__clkbuf_16)
    11    0.04    0.04    0.10   10.28 ^ clkbuf_2_1__f_clk/X (sky130_fd_sc_hd__clkbuf_16)
                                         clknet_2_1__leaf_clk (net)
                  0.04    0.00   10.28 ^ _342_/CLK (sky130_fd_sc_hd__dfrtp_2)
                         -0.25   10.03   clock uncertainty
                          0.00   10.03   clock reconvergence pessimism
                          0.13   10.16   library recovery time
                                 10.16   data required time
-----------------------------------------------------------------------------
                                 10.16   data required time
                                 -2.42   data arrival time
-----------------------------------------------------------------------------
                                  7.74   slack (MET)


Startpoint: rst (input port clocked by clk)
Endpoint: _335_ (recovery check against rising-edge clock clk)
Path Group: asynchronous
Path Type: max
Corner: Fastest

Fanout     Cap    Slew   Delay    Time   Description
-----------------------------------------------------------------------------
                          0.00    0.00   clock clk (rise edge)
                          0.00    0.00   clock network delay (propagated)
                          2.00    2.00 v input external delay
     1    0.00    0.01    0.00    2.00 v rst (in)
                                         rst (net)
                  0.01    0.00    2.00 v input1/A (sky130_fd_sc_hd__clkbuf_4)
     5    0.08    0.11    0.16    2.16 v input1/X (sky130_fd_sc_hd__clkbuf_4)
                                         net1 (net)
                  0.11    0.01    2.17 v _295_/A (sky130_fd_sc_hd__buf_4)
    10    0.09    0.08    0.19    2.36 v _295_/X (sky130_fd_sc_hd__buf_4)
                                         _159_ (net)
                  0.08    0.00    2.36 v _301_/A (sky130_fd_sc_hd__inv_2)
     1    0.01    0.04    0.07    2.43 ^ _301_/Y (sky130_fd_sc_hd__inv_2)
                                         _033_ (net)
                  0.04    0.00    2.43 ^ _335_/RESET_B (sky130_fd_sc_hd__dfrtp_2)
                                  2.43   data arrival time

                         10.00   10.00   clock clk (rise edge)
                          0.00   10.00   clock source latency
     1    0.03    0.09    0.06   10.06 ^ clk (in)
                                         clk (net)
                  0.09    0.00   10.06 ^ clkbuf_0_clk/A (sky130_fd_sc_hd__clkbuf_16)
     4    0.05    0.05    0.11   10.17 ^ clkbuf_0_clk/X (sky130_fd_sc_hd__clkbuf_16)
                                         clknet_0_clk (net)
                  0.06    0.00   10.18 ^ clkbuf_2_2__f_clk/A (sky130_fd_sc_hd__clkbuf_16)
     7    0.05    0.06    0.10   10.28 ^ clkbuf_2_2__f_clk/X (sky130_fd_sc_hd__clkbuf_16)
                                         clknet_2_2__leaf_clk (net)
                  0.06    0.00   10.28 ^ _335_/CLK (sky130_fd_sc_hd__dfrtp_2)
                         -0.25   10.03   clock uncertainty
                          0.00   10.03   clock reconvergence pessimism
                          0.13   10.17   library recovery time
                                 10.17   data required time
-----------------------------------------------------------------------------
                                 10.17   data required time
                                 -2.43   data arrival time
-----------------------------------------------------------------------------
                                  7.74   slack (MET)


Startpoint: rst (input port clocked by clk)
Endpoint: _331_ (recovery check against rising-edge clock clk)
Path Group: asynchronous
Path Type: max
Corner: Fastest

Fanout     Cap    Slew   Delay    Time   Description
-----------------------------------------------------------------------------
                          0.00    0.00   clock clk (rise edge)
                          0.00    0.00   clock network delay (propagated)
                          2.00    2.00 v input external delay
     1    0.00    0.01    0.00    2.00 v rst (in)
                                         rst (net)
                  0.01    0.00    2.00 v input1/A (sky130_fd_sc_hd__clkbuf_4)
     5    0.08    0.11    0.16    2.16 v input1/X (sky130_fd_sc_hd__clkbuf_4)
                                         net1 (net)
                  0.11    0.01    2.17 v _295_/A (sky130_fd_sc_hd__buf_4)
    10    0.09    0.08    0.19    2.36 v _295_/X (sky130_fd_sc_hd__buf_4)
                                         _159_ (net)
                  0.08    0.00    2.36 v _297_/A (sky130_fd_sc_hd__inv_2)
     1    0.01    0.05    0.07    2.43 ^ _297_/Y (sky130_fd_sc_hd__inv_2)
                                         _029_ (net)
                  0.05    0.00    2.43 ^ _331_/RESET_B (sky130_fd_sc_hd__dfrtp_4)
                                  2.43   data arrival time

                         10.00   10.00   clock clk (rise edge)
                          0.00   10.00   clock source latency
     1    0.03    0.09    0.06   10.06 ^ clk (in)
                                         clk (net)
                  0.09    0.00   10.06 ^ clkbuf_0_clk/A (sky130_fd_sc_hd__clkbuf_16)
     4    0.05    0.05    0.11   10.17 ^ clkbuf_0_clk/X (sky130_fd_sc_hd__clkbuf_16)
                                         clknet_0_clk (net)
                  0.06    0.00   10.18 ^ clkbuf_2_2__f_clk/A (sky130_fd_sc_hd__clkbuf_16)
     7    0.05    0.06    0.10   10.28 ^ clkbuf_2_2__f_clk/X (sky130_fd_sc_hd__clkbuf_16)
                                         clknet_2_2__leaf_clk (net)
                  0.06    0.01   10.29 ^ _331_/CLK (sky130_fd_sc_hd__dfrtp_4)
                         -0.25   10.04   clock uncertainty
                          0.00   10.04   clock reconvergence pessimism
                          0.13   10.17   library recovery time
                                 10.17   data required time
-----------------------------------------------------------------------------
                                 10.17   data required time
                                 -2.43   data arrival time
-----------------------------------------------------------------------------
                                  7.74   slack (MET)


Startpoint: rst (input port clocked by clk)
Endpoint: _352_ (recovery check against rising-edge clock clk)
Path Group: asynchronous
Path Type: max
Corner: Fastest

Fanout     Cap    Slew   Delay    Time   Description
-----------------------------------------------------------------------------
                          0.00    0.00   clock clk (rise edge)
                          0.00    0.00   clock network delay (propagated)
                          2.00    2.00 v input external delay
     1    0.00    0.01    0.00    2.00 v rst (in)
                                         rst (net)
                  0.01    0.00    2.00 v input1/A (sky130_fd_sc_hd__clkbuf_4)
     5    0.08    0.11    0.16    2.16 v input1/X (sky130_fd_sc_hd__clkbuf_4)
                                         net1 (net)
                  0.11    0.01    2.17 v _317_/A (sky130_fd_sc_hd__clkbuf_8)
    10    0.08    0.07    0.17    2.34 v _317_/X (sky130_fd_sc_hd__clkbuf_8)
                                         _161_ (net)
                  0.07    0.00    2.34 v _320_/A (sky130_fd_sc_hd__inv_2)
     1    0.02    0.07    0.08    2.43 ^ _320_/Y (sky130_fd_sc_hd__inv_2)
                                         _050_ (net)
                  0.07    0.00    2.43 ^ _352_/RESET_B (sky130_fd_sc_hd__dfrtp_1)
                                  2.43   data arrival time

                         10.00   10.00   clock clk (rise edge)
                          0.00   10.00   clock source latency
     1    0.03    0.09    0.06   10.06 ^ clk (in)
                                         clk (net)
                  0.09    0.00   10.06 ^ clkbuf_0_clk/A (sky130_fd_sc_hd__clkbuf_16)
     4    0.05    0.05    0.11   10.17 ^ clkbuf_0_clk/X (sky130_fd_sc_hd__clkbuf_16)
                                         clknet_0_clk (net)
                  0.05    0.00   10.18 ^ clkbuf_2_0__f_clk/A (sky130_fd_sc_hd__clkbuf_16)
     9    0.05    0.05    0.10   10.28 ^ clkbuf_2_0__f_clk/X (sky130_fd_sc_hd__clkbuf_16)
                                         clknet_2_0__leaf_clk (net)
                  0.05    0.00   10.28 ^ _352_/CLK (sky130_fd_sc_hd__dfrtp_1)
                         -0.25   10.03   clock uncertainty
                          0.00   10.03   clock reconvergence pessimism
                          0.14   10.17   library recovery time
                                 10.17   data required time
-----------------------------------------------------------------------------
                                 10.17   data required time
                                 -2.43   data arrival time
-----------------------------------------------------------------------------
                                  7.74   slack (MET)


Startpoint: rst (input port clocked by clk)
Endpoint: _345_ (recovery check against rising-edge clock clk)
Path Group: asynchronous
Path Type: max
Corner: Fastest

Fanout     Cap    Slew   Delay    Time   Description
-----------------------------------------------------------------------------
                          0.00    0.00   clock clk (rise edge)
                          0.00    0.00   clock network delay (propagated)
                          2.00    2.00 v input external delay
     1    0.00    0.01    0.00    2.00 v rst (in)
                                         rst (net)
                  0.01    0.00    2.00 v input1/A (sky130_fd_sc_hd__clkbuf_4)
     5    0.08    0.11    0.16    2.16 v input1/X (sky130_fd_sc_hd__clkbuf_4)
                                         net1 (net)
                  0.11    0.01    2.17 v _306_/A (sky130_fd_sc_hd__clkbuf_8)
    10    0.09    0.07    0.17    2.35 v _306_/X (sky130_fd_sc_hd__clkbuf_8)
                                         _160_ (net)
                  0.08    0.02    2.36 v _312_/A (sky130_fd_sc_hd__inv_2)
     1    0.00    0.03    0.05    2.41 ^ _312_/Y (sky130_fd_sc_hd__inv_2)
                                         _043_ (net)
                  0.03    0.00    2.42 ^ _345_/RESET_B (sky130_fd_sc_hd__dfrtp_2)
                                  2.42   data arrival time

                         10.00   10.00   clock clk (rise edge)
                          0.00   10.00   clock source latency
     1    0.03    0.09    0.06   10.06 ^ clk (in)
                                         clk (net)
                  0.09    0.00   10.06 ^ clkbuf_0_clk/A (sky130_fd_sc_hd__clkbuf_16)
     4    0.05    0.05    0.11   10.17 ^ clkbuf_0_clk/X (sky130_fd_sc_hd__clkbuf_16)
                                         clknet_0_clk (net)
                  0.06    0.00   10.18 ^ clkbuf_2_3__f_clk/A (sky130_fd_sc_hd__clkbuf_16)
     8    0.04    0.05    0.10   10.28 ^ clkbuf_2_3__f_clk/X (sky130_fd_sc_hd__clkbuf_16)
                                         clknet_2_3__leaf_clk (net)
                  0.05    0.00   10.28 ^ _345_/CLK (sky130_fd_sc_hd__dfrtp_2)
                         -0.25   10.03   clock uncertainty
                          0.00   10.03   clock reconvergence pessimism
                          0.14   10.17   library recovery time
                                 10.17   data required time
-----------------------------------------------------------------------------
                                 10.17   data required time
                                 -2.42   data arrival time
-----------------------------------------------------------------------------
                                  7.75   slack (MET)


Startpoint: rst (input port clocked by clk)
Endpoint: _357_ (recovery check against rising-edge clock clk)
Path Group: asynchronous
Path Type: max
Corner: Fastest

Fanout     Cap    Slew   Delay    Time   Description
-----------------------------------------------------------------------------
                          0.00    0.00   clock clk (rise edge)
                          0.00    0.00   clock network delay (propagated)
                          2.00    2.00 v input external delay
     1    0.00    0.01    0.00    2.00 v rst (in)
                                         rst (net)
                  0.01    0.00    2.00 v input1/A (sky130_fd_sc_hd__clkbuf_4)
     5    0.08    0.11    0.16    2.16 v input1/X (sky130_fd_sc_hd__clkbuf_4)
                                         net1 (net)
                  0.11    0.01    2.17 v _317_/A (sky130_fd_sc_hd__clkbuf_8)
    10    0.08    0.07    0.17    2.34 v _317_/X (sky130_fd_sc_hd__clkbuf_8)
                                         _161_ (net)
                  0.07    0.01    2.35 v _325_/A (sky130_fd_sc_hd__inv_2)
     1    0.01    0.05    0.07    2.42 ^ _325_/Y (sky130_fd_sc_hd__inv_2)
                                         _055_ (net)
                  0.05    0.00    2.42 ^ _357_/RESET_B (sky130_fd_sc_hd__dfrtp_4)
                                  2.42   data arrival time

                         10.00   10.00   clock clk (rise edge)
                          0.00   10.00   clock source latency
     1    0.03    0.09    0.06   10.06 ^ clk (in)
                                         clk (net)
                  0.09    0.00   10.06 ^ clkbuf_0_clk/A (sky130_fd_sc_hd__clkbuf_16)
     4    0.05    0.05    0.11   10.17 ^ clkbuf_0_clk/X (sky130_fd_sc_hd__clkbuf_16)
                                         clknet_0_clk (net)
                  0.06    0.00   10.18 ^ clkbuf_2_2__f_clk/A (sky130_fd_sc_hd__clkbuf_16)
     7    0.05    0.06    0.10   10.28 ^ clkbuf_2_2__f_clk/X (sky130_fd_sc_hd__clkbuf_16)
                                         clknet_2_2__leaf_clk (net)
                  0.06    0.01   10.29 ^ _357_/CLK (sky130_fd_sc_hd__dfrtp_4)
                         -0.25   10.04   clock uncertainty
                          0.00   10.04   clock reconvergence pessimism
                          0.13   10.17   library recovery time
                                 10.17   data required time
-----------------------------------------------------------------------------
                                 10.17   data required time
                                 -2.42   data arrival time
-----------------------------------------------------------------------------
                                  7.75   slack (MET)


Startpoint: rst (input port clocked by clk)
Endpoint: _353_ (recovery check against rising-edge clock clk)
Path Group: asynchronous
Path Type: max
Corner: Fastest

Fanout     Cap    Slew   Delay    Time   Description
-----------------------------------------------------------------------------
                          0.00    0.00   clock clk (rise edge)
                          0.00    0.00   clock network delay (propagated)
                          2.00    2.00 v input external delay
     1    0.00    0.01    0.00    2.00 v rst (in)
                                         rst (net)
                  0.01    0.00    2.00 v input1/A (sky130_fd_sc_hd__clkbuf_4)
     5    0.08    0.11    0.16    2.16 v input1/X (sky130_fd_sc_hd__clkbuf_4)
                                         net1 (net)
                  0.11    0.01    2.17 v _317_/A (sky130_fd_sc_hd__clkbuf_8)
    10    0.08    0.07    0.17    2.34 v _317_/X (sky130_fd_sc_hd__clkbuf_8)
                                         _161_ (net)
                  0.08    0.01    2.35 v _321_/A (sky130_fd_sc_hd__inv_2)
     1    0.01    0.04    0.06    2.41 ^ _321_/Y (sky130_fd_sc_hd__inv_2)
                                         _051_ (net)
                  0.04    0.00    2.41 ^ _353_/RESET_B (sky130_fd_sc_hd__dfrtp_1)
                                  2.41   data arrival time

                         10.00   10.00   clock clk (rise edge)
                          0.00   10.00   clock source latency
     1    0.03    0.09    0.06   10.06 ^ clk (in)
                                         clk (net)
                  0.09    0.00   10.06 ^ clkbuf_0_clk/A (sky130_fd_sc_hd__clkbuf_16)
     4    0.05    0.05    0.11   10.17 ^ clkbuf_0_clk/X (sky130_fd_sc_hd__clkbuf_16)
                                         clknet_0_clk (net)
                  0.06    0.00   10.18 ^ clkbuf_2_1__f_clk/A (sky130_fd_sc_hd__clkbuf_16)
    11    0.04    0.04    0.10   10.28 ^ clkbuf_2_1__f_clk/X (sky130_fd_sc_hd__clkbuf_16)
                                         clknet_2_1__leaf_clk (net)
                  0.04    0.00   10.28 ^ _353_/CLK (sky130_fd_sc_hd__dfrtp_1)
                         -0.25   10.03   clock uncertainty
                          0.00   10.03   clock reconvergence pessimism
                          0.14   10.17   library recovery time
                                 10.17   data required time
-----------------------------------------------------------------------------
                                 10.17   data required time
                                 -2.41   data arrival time
-----------------------------------------------------------------------------
                                  7.76   slack (MET)


Startpoint: rst (input port clocked by clk)
Endpoint: _346_ (recovery check against rising-edge clock clk)
Path Group: asynchronous
Path Type: max
Corner: Fastest

Fanout     Cap    Slew   Delay    Time   Description
-----------------------------------------------------------------------------
                          0.00    0.00   clock clk (rise edge)
                          0.00    0.00   clock network delay (propagated)
                          2.00    2.00 v input external delay
     1    0.00    0.01    0.00    2.00 v rst (in)
                                         rst (net)
                  0.01    0.00    2.00 v input1/A (sky130_fd_sc_hd__clkbuf_4)
     5    0.08    0.11    0.16    2.16 v input1/X (sky130_fd_sc_hd__clkbuf_4)
                                         net1 (net)
                  0.11    0.01    2.17 v _306_/A (sky130_fd_sc_hd__clkbuf_8)
    10    0.09    0.07    0.17    2.35 v _306_/X (sky130_fd_sc_hd__clkbuf_8)
                                         _160_ (net)
                  0.08    0.01    2.36 v _313_/A (sky130_fd_sc_hd__inv_2)
     1    0.01    0.03    0.05    2.41 ^ _313_/Y (sky130_fd_sc_hd__inv_2)
                                         _044_ (net)
                  0.03    0.00    2.41 ^ _346_/RESET_B (sky130_fd_sc_hd__dfrtp_4)
                                  2.41   data arrival time

                         10.00   10.00   clock clk (rise edge)
                          0.00   10.00   clock source latency
     1    0.03    0.09    0.06   10.06 ^ clk (in)
                                         clk (net)
                  0.09    0.00   10.06 ^ clkbuf_0_clk/A (sky130_fd_sc_hd__clkbuf_16)
     4    0.05    0.05    0.11   10.17 ^ clkbuf_0_clk/X (sky130_fd_sc_hd__clkbuf_16)
                                         clknet_0_clk (net)
                  0.06    0.00   10.18 ^ clkbuf_2_2__f_clk/A (sky130_fd_sc_hd__clkbuf_16)
     7    0.05    0.06    0.10   10.28 ^ clkbuf_2_2__f_clk/X (sky130_fd_sc_hd__clkbuf_16)
                                         clknet_2_2__leaf_clk (net)
                  0.06    0.01   10.29 ^ _346_/CLK (sky130_fd_sc_hd__dfrtp_4)
                         -0.25   10.04   clock uncertainty
                          0.00   10.04   clock reconvergence pessimism
                          0.13   10.17   library recovery time
                                 10.17   data required time
-----------------------------------------------------------------------------
                                 10.17   data required time
                                 -2.41   data arrival time
-----------------------------------------------------------------------------
                                  7.76   slack (MET)


Startpoint: rst (input port clocked by clk)
Endpoint: _351_ (recovery check against rising-edge clock clk)
Path Group: asynchronous
Path Type: max
Corner: Fastest

Fanout     Cap    Slew   Delay    Time   Description
-----------------------------------------------------------------------------
                          0.00    0.00   clock clk (rise edge)
                          0.00    0.00   clock network delay (propagated)
                          2.00    2.00 v input external delay
     1    0.00    0.01    0.00    2.00 v rst (in)
                                         rst (net)
                  0.01    0.00    2.00 v input1/A (sky130_fd_sc_hd__clkbuf_4)
     5    0.08    0.11    0.16    2.16 v input1/X (sky130_fd_sc_hd__clkbuf_4)
                                         net1 (net)
                  0.11    0.01    2.17 v _317_/A (sky130_fd_sc_hd__clkbuf_8)
    10    0.08    0.07    0.17    2.34 v _317_/X (sky130_fd_sc_hd__clkbuf_8)
                                         _161_ (net)
                  0.07    0.00    2.34 v _319_/A (sky130_fd_sc_hd__inv_2)
     1    0.01    0.04    0.06    2.40 ^ _319_/Y (sky130_fd_sc_hd__inv_2)
                                         _049_ (net)
                  0.04    0.00    2.40 ^ _351_/RESET_B (sky130_fd_sc_hd__dfrtp_2)
                                  2.40   data arrival time

                         10.00   10.00   clock clk (rise edge)
                          0.00   10.00   clock source latency
     1    0.03    0.09    0.06   10.06 ^ clk (in)
                                         clk (net)
                  0.09    0.00   10.06 ^ clkbuf_0_clk/A (sky130_fd_sc_hd__clkbuf_16)
     4    0.05    0.05    0.11   10.17 ^ clkbuf_0_clk/X (sky130_fd_sc_hd__clkbuf_16)
                                         clknet_0_clk (net)
                  0.06    0.00   10.18 ^ clkbuf_2_2__f_clk/A (sky130_fd_sc_hd__clkbuf_16)
     7    0.05    0.06    0.10   10.28 ^ clkbuf_2_2__f_clk/X (sky130_fd_sc_hd__clkbuf_16)
                                         clknet_2_2__leaf_clk (net)
                  0.06    0.01   10.29 ^ _351_/CLK (sky130_fd_sc_hd__dfrtp_2)
                         -0.25   10.04   clock uncertainty
                          0.00   10.04   clock reconvergence pessimism
                          0.14   10.17   library recovery time
                                 10.17   data required time
-----------------------------------------------------------------------------
                                 10.17   data required time
                                 -2.40   data arrival time
-----------------------------------------------------------------------------
                                  7.77   slack (MET)


Startpoint: rst (input port clocked by clk)
Endpoint: _361_ (recovery check against rising-edge clock clk)
Path Group: asynchronous
Path Type: max
Corner: Fastest

Fanout     Cap    Slew   Delay    Time   Description
-----------------------------------------------------------------------------
                          0.00    0.00   clock clk (rise edge)
                          0.00    0.00   clock network delay (propagated)
                          2.00    2.00 v input external delay
     1    0.00    0.01    0.00    2.00 v rst (in)
                                         rst (net)
                  0.01    0.00    2.00 v input1/A (sky130_fd_sc_hd__clkbuf_4)
     5    0.08    0.11    0.16    2.16 v input1/X (sky130_fd_sc_hd__clkbuf_4)
                                         net1 (net)
                  0.11    0.01    2.17 v _329_/A (sky130_fd_sc_hd__inv_2)
     1    0.02    0.09    0.12    2.29 ^ _329_/Y (sky130_fd_sc_hd__inv_2)
                                         _059_ (net)
                  0.09    0.00    2.29 ^ _361_/RESET_B (sky130_fd_sc_hd__dfrtp_4)
                                  2.29   data arrival time

                         10.00   10.00   clock clk (rise edge)
                          0.00   10.00   clock source latency
     1    0.03    0.09    0.06   10.06 ^ clk (in)
                                         clk (net)
                  0.09    0.00   10.06 ^ clkbuf_0_clk/A (sky130_fd_sc_hd__clkbuf_16)
     4    0.05    0.05    0.11   10.17 ^ clkbuf_0_clk/X (sky130_fd_sc_hd__clkbuf_16)
                                         clknet_0_clk (net)
                  0.05    0.00   10.18 ^ clkbuf_2_0__f_clk/A (sky130_fd_sc_hd__clkbuf_16)
     9    0.05    0.05    0.10   10.28 ^ clkbuf_2_0__f_clk/X (sky130_fd_sc_hd__clkbuf_16)
                                         clknet_2_0__leaf_clk (net)
                  0.05    0.00   10.28 ^ _361_/CLK (sky130_fd_sc_hd__dfrtp_4)
                         -0.25   10.03   clock uncertainty
                          0.00   10.03   clock reconvergence pessimism
                          0.12   10.15   library recovery time
                                 10.15   data required time
-----------------------------------------------------------------------------
                                 10.15   data required time
                                 -2.29   data arrival time
-----------------------------------------------------------------------------
                                  7.86   slack (MET)


Startpoint: rst (input port clocked by clk)
Endpoint: _360_ (recovery check against rising-edge clock clk)
Path Group: asynchronous
Path Type: max
Corner: Fastest

Fanout     Cap    Slew   Delay    Time   Description
-----------------------------------------------------------------------------
                          0.00    0.00   clock clk (rise edge)
                          0.00    0.00   clock network delay (propagated)
                          2.00    2.00 v input external delay
     1    0.00    0.01    0.00    2.00 v rst (in)
                                         rst (net)
                  0.01    0.00    2.00 v input1/A (sky130_fd_sc_hd__clkbuf_4)
     5    0.08    0.11    0.16    2.16 v input1/X (sky130_fd_sc_hd__clkbuf_4)
                                         net1 (net)
                  0.11    0.01    2.17 v _328_/A (sky130_fd_sc_hd__inv_2)
     1    0.02    0.08    0.10    2.27 ^ _328_/Y (sky130_fd_sc_hd__inv_2)
                                         _058_ (net)
                  0.08    0.00    2.27 ^ _360_/RESET_B (sky130_fd_sc_hd__dfrtp_4)
                                  2.27   data arrival time

                         10.00   10.00   clock clk (rise edge)
                          0.00   10.00   clock source latency
     1    0.03    0.09    0.06   10.06 ^ clk (in)
                                         clk (net)
                  0.09    0.00   10.06 ^ clkbuf_0_clk/A (sky130_fd_sc_hd__clkbuf_16)
     4    0.05    0.05    0.11   10.17 ^ clkbuf_0_clk/X (sky130_fd_sc_hd__clkbuf_16)
                                         clknet_0_clk (net)
                  0.06    0.00   10.18 ^ clkbuf_2_3__f_clk/A (sky130_fd_sc_hd__clkbuf_16)
     8    0.04    0.05    0.10   10.28 ^ clkbuf_2_3__f_clk/X (sky130_fd_sc_hd__clkbuf_16)
                                         clknet_2_3__leaf_clk (net)
                  0.05    0.00   10.28 ^ _360_/CLK (sky130_fd_sc_hd__dfrtp_4)
                         -0.25   10.03   clock uncertainty
                          0.00   10.03   clock reconvergence pessimism
                          0.12   10.15   library recovery time
                                 10.15   data required time
-----------------------------------------------------------------------------
                                 10.15   data required time
                                 -2.27   data arrival time
-----------------------------------------------------------------------------
                                  7.88   slack (MET)


Startpoint: _361_ (rising edge-triggered flip-flop clocked by clk)
Endpoint: _360_ (rising edge-triggered flip-flop clocked by clk)
Path Group: clk
Path Type: max
Corner: Fastest

Fanout     Cap    Slew   Delay    Time   Description
-----------------------------------------------------------------------------
                          0.00    0.00   clock clk (rise edge)
                          0.00    0.00   clock source latency
     1    0.03    0.09    0.07    0.07 ^ clk (in)
                                         clk (net)
                  0.09    0.00    0.07 ^ clkbuf_0_clk/A (sky130_fd_sc_hd__clkbuf_16)
     4    0.05    0.05    0.13    0.19 ^ clkbuf_0_clk/X (sky130_fd_sc_hd__clkbuf_16)
                                         clknet_0_clk (net)
                  0.05    0.00    0.20 ^ clkbuf_2_0__f_clk/A (sky130_fd_sc_hd__clkbuf_16)
     9    0.05    0.05    0.11    0.31 ^ clkbuf_2_0__f_clk/X (sky130_fd_sc_hd__clkbuf_16)
                                         clknet_2_0__leaf_clk (net)
                  0.05    0.00    0.31 ^ _361_/CLK (sky130_fd_sc_hd__dfrtp_4)
     6    0.05    0.09    0.37    0.68 v _361_/Q (sky130_fd_sc_hd__dfrtp_4)
                                         decoder.digit[3] (net)
                  0.09    0.01    0.69 v _165_/A (sky130_fd_sc_hd__nor2_2)
     2    0.04    0.28    0.27    0.96 ^ _165_/Y (sky130_fd_sc_hd__nor2_2)
                                         _066_ (net)
                  0.28    0.00    0.96 ^ _166_/B (sky130_fd_sc_hd__nand2_2)
     3    0.05    0.15    0.16    1.12 v _166_/Y (sky130_fd_sc_hd__nand2_2)
                                         _067_ (net)
                  0.15    0.01    1.13 v _167_/B (sky130_fd_sc_hd__nor2_2)
     3    0.04    0.29    0.28    1.41 ^ _167_/Y (sky130_fd_sc_hd__nor2_2)
                                         _068_ (net)
                  0.29    0.01    1.41 ^ _168_/A2_N (sky130_fd_sc_hd__o2bb2a_1)
     1    0.02    0.10    0.21    1.62 v _168_/X (sky130_fd_sc_hd__o2bb2a_1)
                                         _069_ (net)
                  0.10    0.00    1.62 v _169_/B (sky130_fd_sc_hd__and2_1)
     1    0.01    0.04    0.15    1.77 v _169_/X (sky130_fd_sc_hd__and2_1)
                                         _070_ (net)
                  0.04    0.00    1.77 v _170_/A (sky130_fd_sc_hd__clkbuf_1)
     1    0.01    0.05    0.09    1.87 v _170_/X (sky130_fd_sc_hd__clkbuf_1)
                                         _062_ (net)
                  0.05    0.00    1.87 v _360_/D (sky130_fd_sc_hd__dfrtp_4)
                                  1.87   data arrival time

                         10.00   10.00   clock clk (rise edge)
                          0.00   10.00   clock source latency
     1    0.03    0.09    0.06   10.06 ^ clk (in)
                                         clk (net)
                  0.09    0.00   10.06 ^ clkbuf_0_clk/A (sky130_fd_sc_hd__clkbuf_16)
     4    0.05    0.05    0.11   10.17 ^ clkbuf_0_clk/X (sky130_fd_sc_hd__clkbuf_16)
                                         clknet_0_clk (net)
                  0.06    0.00   10.18 ^ clkbuf_2_3__f_clk/A (sky130_fd_sc_hd__clkbuf_16)
     8    0.04    0.05    0.10   10.28 ^ clkbuf_2_3__f_clk/X (sky130_fd_sc_hd__clkbuf_16)
                                         clknet_2_3__leaf_clk (net)
                  0.05    0.00   10.28 ^ _360_/CLK (sky130_fd_sc_hd__dfrtp_4)
                         -0.25   10.03   clock uncertainty
                          0.02   10.05   clock reconvergence pessimism
                         -0.08    9.97   library setup time
                                  9.97   data required time
-----------------------------------------------------------------------------
                                  9.97   data required time
                                 -1.87   data arrival time
-----------------------------------------------------------------------------
                                  8.10   slack (MET)


Startpoint: _361_ (rising edge-triggered flip-flop clocked by clk)
Endpoint: _358_ (rising edge-triggered flip-flop clocked by clk)
Path Group: clk
Path Type: max
Corner: Fastest

Fanout     Cap    Slew   Delay    Time   Description
-----------------------------------------------------------------------------
                          0.00    0.00   clock clk (rise edge)
                          0.00    0.00   clock source latency
     1    0.03    0.09    0.07    0.07 ^ clk (in)
                                         clk (net)
                  0.09    0.00    0.07 ^ clkbuf_0_clk/A (sky130_fd_sc_hd__clkbuf_16)
     4    0.05    0.05    0.13    0.19 ^ clkbuf_0_clk/X (sky130_fd_sc_hd__clkbuf_16)
                                         clknet_0_clk (net)
                  0.05    0.00    0.20 ^ clkbuf_2_0__f_clk/A (sky130_fd_sc_hd__clkbuf_16)
     9    0.05    0.05    0.11    0.31 ^ clkbuf_2_0__f_clk/X (sky130_fd_sc_hd__clkbuf_16)
                                         clknet_2_0__leaf_clk (net)
                  0.05    0.00    0.31 ^ _361_/CLK (sky130_fd_sc_hd__dfrtp_4)
     6    0.05    0.09    0.37    0.68 v _361_/Q (sky130_fd_sc_hd__dfrtp_4)
                                         decoder.digit[3] (net)
                  0.09    0.01    0.69 v _165_/A (sky130_fd_sc_hd__nor2_2)
     2    0.04    0.28    0.27    0.96 ^ _165_/Y (sky130_fd_sc_hd__nor2_2)
                                         _066_ (net)
                  0.28    0.00    0.96 ^ _166_/B (sky130_fd_sc_hd__nand2_2)
     3    0.05    0.15    0.16    1.12 v _166_/Y (sky130_fd_sc_hd__nand2_2)
                                         _067_ (net)
                  0.15    0.01    1.13 v _173_/A2 (sky130_fd_sc_hd__a21oi_1)
     1    0.02    0.31    0.32    1.45 ^ _173_/Y (sky130_fd_sc_hd__a21oi_1)
                                         _072_ (net)
                  0.31    0.00    1.45 ^ _174_/B1 (sky130_fd_sc_hd__a21oi_1)
     1    0.02    0.11    0.10    1.55 v _174_/Y (sky130_fd_sc_hd__a21oi_1)
                                         _060_ (net)
                  0.11    0.00    1.55 v _358_/D (sky130_fd_sc_hd__dfrtp_4)
                                  1.55   data arrival time

                         10.00   10.00   clock clk (rise edge)
                          0.00   10.00   clock source latency
     1    0.03    0.09    0.06   10.06 ^ clk (in)
                                         clk (net)
                  0.09    0.00   10.06 ^ clkbuf_0_clk/A (sky130_fd_sc_hd__clkbuf_16)
     4    0.05    0.05    0.11   10.17 ^ clkbuf_0_clk/X (sky130_fd_sc_hd__clkbuf_16)
                                         clknet_0_clk (net)
                  0.06    0.00   10.18 ^ clkbuf_2_2__f_clk/A (sky130_fd_sc_hd__clkbuf_16)
     7    0.05    0.06    0.10   10.28 ^ clkbuf_2_2__f_clk/X (sky130_fd_sc_hd__clkbuf_16)
                                         clknet_2_2__leaf_clk (net)
                  0.06    0.01   10.29 ^ _358_/CLK (sky130_fd_sc_hd__dfrtp_4)
                         -0.25   10.04   clock uncertainty
                          0.02   10.06   clock reconvergence pessimism
                         -0.10    9.96   library setup time
                                  9.96   data required time
-----------------------------------------------------------------------------
                                  9.96   data required time
                                 -1.55   data arrival time
-----------------------------------------------------------------------------
                                  8.41   slack (MET)


Startpoint: _358_ (rising edge-triggered flip-flop clocked by clk)
Endpoint: _361_ (rising edge-triggered flip-flop clocked by clk)
Path Group: clk
Path Type: max
Corner: Fastest

Fanout     Cap    Slew   Delay    Time   Description
-----------------------------------------------------------------------------
                          0.00    0.00   clock clk (rise edge)
                          0.00    0.00   clock source latency
     1    0.03    0.09    0.07    0.07 ^ clk (in)
                                         clk (net)
                  0.09    0.00    0.07 ^ clkbuf_0_clk/A (sky130_fd_sc_hd__clkbuf_16)
     4    0.05    0.05    0.13    0.19 ^ clkbuf_0_clk/X (sky130_fd_sc_hd__clkbuf_16)
                                         clknet_0_clk (net)
                  0.06    0.00    0.20 ^ clkbuf_2_2__f_clk/A (sky130_fd_sc_hd__clkbuf_16)
     7    0.05    0.06    0.11    0.31 ^ clkbuf_2_2__f_clk/X (sky130_fd_sc_hd__clkbuf_16)
                                         clknet_2_2__leaf_clk (net)
                  0.06    0.01    0.32 ^ _358_/CLK (sky130_fd_sc_hd__dfrtp_4)
     8    0.07    0.15    0.36    0.68 ^ _358_/Q (sky130_fd_sc_hd__dfrtp_4)
                                         decoder.digit[0] (net)
                  0.15    0.01    0.69 ^ _162_/C (sky130_fd_sc_hd__and3_2)
     3    0.04    0.15    0.22    0.91 ^ _162_/X (sky130_fd_sc_hd__and3_2)
                                         _064_ (net)
                  0.15    0.01    0.92 ^ _163_/B (sky130_fd_sc_hd__nand2_1)
     2    0.02    0.10    0.11    1.03 v _163_/Y (sky130_fd_sc_hd__nand2_1)
                                         _065_ (net)
                  0.10    0.00    1.03 v _164_/B (sky130_fd_sc_hd__xnor2_1)
     1    0.01    0.20    0.21    1.24 ^ _164_/Y (sky130_fd_sc_hd__xnor2_1)
                                         _063_ (net)
                  0.20    0.00    1.24 ^ _361_/D (sky130_fd_sc_hd__dfrtp_4)
                                  1.24   data arrival time

                         10.00   10.00   clock clk (rise edge)
                          0.00   10.00   clock source latency
     1    0.03    0.09    0.06   10.06 ^ clk (in)
                                         clk (net)
                  0.09    0.00   10.06 ^ clkbuf_0_clk/A (sky130_fd_sc_hd__clkbuf_16)
     4    0.05    0.05    0.11   10.17 ^ clkbuf_0_clk/X (sky130_fd_sc_hd__clkbuf_16)
                                         clknet_0_clk (net)
                  0.05    0.00   10.18 ^ clkbuf_2_0__f_clk/A (sky130_fd_sc_hd__clkbuf_16)
     9    0.05    0.05    0.10   10.28 ^ clkbuf_2_0__f_clk/X (sky130_fd_sc_hd__clkbuf_16)
                                         clknet_2_0__leaf_clk (net)
                  0.05    0.00   10.28 ^ _361_/CLK (sky130_fd_sc_hd__dfrtp_4)
                         -0.25   10.03   clock uncertainty
                          0.02   10.05   clock reconvergence pessimism
                         -0.05   10.00   library setup time
                                 10.00   data required time
-----------------------------------------------------------------------------
                                 10.00   data required time
                                 -1.24   data arrival time
-----------------------------------------------------------------------------
                                  8.76   slack (MET)


Startpoint: _358_ (rising edge-triggered flip-flop clocked by clk)
Endpoint: _359_ (rising edge-triggered flip-flop clocked by clk)
Path Group: clk
Path Type: max
Corner: Fastest

Fanout     Cap    Slew   Delay    Time   Description
-----------------------------------------------------------------------------
                          0.00    0.00   clock clk (rise edge)
                          0.00    0.00   clock source latency
     1    0.03    0.09    0.07    0.07 ^ clk (in)
                                         clk (net)
                  0.09    0.00    0.07 ^ clkbuf_0_clk/A (sky130_fd_sc_hd__clkbuf_16)
     4    0.05    0.05    0.13    0.19 ^ clkbuf_0_clk/X (sky130_fd_sc_hd__clkbuf_16)
                                         clknet_0_clk (net)
                  0.06    0.00    0.20 ^ clkbuf_2_2__f_clk/A (sky130_fd_sc_hd__clkbuf_16)
     7    0.05    0.06    0.11    0.31 ^ clkbuf_2_2__f_clk/X (sky130_fd_sc_hd__clkbuf_16)
                                         clknet_2_2__leaf_clk (net)
                  0.06    0.01    0.32 ^ _358_/CLK (sky130_fd_sc_hd__dfrtp_4)
     8    0.06    0.10    0.38    0.70 v _358_/Q (sky130_fd_sc_hd__dfrtp_4)
                                         decoder.digit[0] (net)
                  0.10    0.01    0.71 v _162_/C (sky130_fd_sc_hd__and3_2)
     3    0.04    0.08    0.23    0.94 v _162_/X (sky130_fd_sc_hd__and3_2)
                                         _064_ (net)
                  0.08    0.01    0.94 v _172_/A (sky130_fd_sc_hd__nor2_1)
     1    0.02    0.27    0.25    1.20 ^ _172_/Y (sky130_fd_sc_hd__nor2_1)
                                         _061_ (net)
                  0.27    0.00    1.20 ^ _359_/D (sky130_fd_sc_hd__dfrtp_4)
                                  1.20   data arrival time

                         10.00   10.00   clock clk (rise edge)
                          0.00   10.00   clock source latency
     1    0.03    0.09    0.06   10.06 ^ clk (in)
                                         clk (net)
                  0.09    0.00   10.06 ^ clkbuf_0_clk/A (sky130_fd_sc_hd__clkbuf_16)
     4    0.05    0.05    0.11   10.17 ^ clkbuf_0_clk/X (sky130_fd_sc_hd__clkbuf_16)
                                         clknet_0_clk (net)
                  0.05    0.00   10.18 ^ clkbuf_2_0__f_clk/A (sky130_fd_sc_hd__clkbuf_16)
     9    0.05    0.05    0.10   10.28 ^ clkbuf_2_0__f_clk/X (sky130_fd_sc_hd__clkbuf_16)
                                         clknet_2_0__leaf_clk (net)
                  0.05    0.00   10.28 ^ _359_/CLK (sky130_fd_sc_hd__dfrtp_4)
                         -0.25   10.03   clock uncertainty
                          0.02   10.05   clock reconvergence pessimism
                         -0.06    9.99   library setup time
                                  9.99   data required time
-----------------------------------------------------------------------------
                                  9.99   data required time
                                 -1.20   data arrival time
-----------------------------------------------------------------------------
                                  8.79   slack (MET)



worst slack corner Fastest: 5.8081
======================= Slowest Corner ===================================

Startpoint: _342_ (rising edge-triggered flip-flop clocked by clk)
Endpoint: _339_ (rising edge-triggered flip-flop clocked by clk)
Path Group: clk
Path Type: max
Corner: Slowest

Fanout     Cap    Slew   Delay    Time   Description
-----------------------------------------------------------------------------
                          0.00    0.00   clock clk (rise edge)
                          0.00    0.00   clock source latency
     1    0.03    0.19    0.14    0.14 ^ clk (in)
                                         clk (net)
                  0.19    0.00    0.14 ^ clkbuf_0_clk/A (sky130_fd_sc_hd__clkbuf_16)
     4    0.05    0.11    0.33    0.47 ^ clkbuf_0_clk/X (sky130_fd_sc_hd__clkbuf_16)
                                         clknet_0_clk (net)
                  0.11    0.00    0.48 ^ clkbuf_2_1__f_clk/A (sky130_fd_sc_hd__clkbuf_16)
    11    0.04    0.09    0.28    0.76 ^ clkbuf_2_1__f_clk/X (sky130_fd_sc_hd__clkbuf_16)
                                         clknet_2_1__leaf_clk (net)
                  0.09    0.00    0.76 ^ _342_/CLK (sky130_fd_sc_hd__dfrtp_2)
     5    0.04    0.22    1.02    1.78 v _342_/Q (sky130_fd_sc_hd__dfrtp_2)
                                         one_second_counter[12] (net)
                  0.22    0.00    1.78 v _180_/C (sky130_fd_sc_hd__and4_1)
     2    0.03    0.24    0.65    2.43 v _180_/X (sky130_fd_sc_hd__and4_1)
                                         _078_ (net)
                  0.24    0.00    2.44 v _181_/D (sky130_fd_sc_hd__or4_2)
     1    0.03    0.36    1.68    4.12 v _181_/X (sky130_fd_sc_hd__or4_2)
                                         _079_ (net)
                  0.36    0.00    4.12 v _184_/A3 (sky130_fd_sc_hd__o31a_1)
     1    0.03    0.27    0.80    4.92 v _184_/X (sky130_fd_sc_hd__o31a_1)
                                         _082_ (net)
                  0.27    0.00    4.92 v _186_/A2 (sky130_fd_sc_hd__o211ai_2)
     2    0.02    0.50    0.57    5.49 ^ _186_/Y (sky130_fd_sc_hd__o211ai_2)
                                         _084_ (net)
                  0.50    0.00    5.50 ^ _187_/A2 (sky130_fd_sc_hd__a21bo_2)
     9    0.06    0.50    0.78    6.28 ^ _187_/X (sky130_fd_sc_hd__a21bo_2)
                                         _085_ (net)
                  0.50    0.00    6.28 ^ _188_/A (sky130_fd_sc_hd__inv_2)
     2    0.03    0.18    0.33    6.61 v _188_/Y (sky130_fd_sc_hd__inv_2)
                                         _086_ (net)
                  0.18    0.00    6.61 v _189_/A (sky130_fd_sc_hd__buf_4)
    10    0.08    0.20    0.45    7.06 v _189_/X (sky130_fd_sc_hd__buf_4)
                                         _027_ (net)
                  0.20    0.01    7.06 v _222_/A (sky130_fd_sc_hd__nor3_1)
     1    0.02    1.02    1.00    8.06 ^ _222_/Y (sky130_fd_sc_hd__nor3_1)
                                         _026_ (net)
                  1.02    0.00    8.06 ^ _339_/D (sky130_fd_sc_hd__dfrtp_2)
                                  8.06   data arrival time

                         10.00   10.00   clock clk (rise edge)
                          0.00   10.00   clock source latency
     1    0.03    0.19    0.13   10.13 ^ clk (in)
                                         clk (net)
                  0.19    0.00   10.13 ^ clkbuf_0_clk/A (sky130_fd_sc_hd__clkbuf_16)
     4    0.05    0.11    0.30   10.43 ^ clkbuf_0_clk/X (sky130_fd_sc_hd__clkbuf_16)
                                         clknet_0_clk (net)
                  0.11    0.00   10.43 ^ clkbuf_2_0__f_clk/A (sky130_fd_sc_hd__clkbuf_16)
     9    0.05    0.10    0.26   10.69 ^ clkbuf_2_0__f_clk/X (sky130_fd_sc_hd__clkbuf_16)
                                         clknet_2_0__leaf_clk (net)
                  0.10    0.00   10.70 ^ _339_/CLK (sky130_fd_sc_hd__dfrtp_2)
                         -0.25   10.45   clock uncertainty
                          0.05   10.49   clock reconvergence pessimism
                         -0.37   10.12   library setup time
                                 10.12   data required time
-----------------------------------------------------------------------------
                                 10.12   data required time
                                 -8.06   data arrival time
-----------------------------------------------------------------------------
                                  2.06   slack (MET)


Startpoint: _342_ (rising edge-triggered flip-flop clocked by clk)
Endpoint: _340_ (rising edge-triggered flip-flop clocked by clk)
Path Group: clk
Path Type: max
Corner: Slowest

Fanout     Cap    Slew   Delay    Time   Description
-----------------------------------------------------------------------------
                          0.00    0.00   clock clk (rise edge)
                          0.00    0.00   clock source latency
     1    0.03    0.19    0.14    0.14 ^ clk (in)
                                         clk (net)
                  0.19    0.00    0.14 ^ clkbuf_0_clk/A (sky130_fd_sc_hd__clkbuf_16)
     4    0.05    0.11    0.33    0.47 ^ clkbuf_0_clk/X (sky130_fd_sc_hd__clkbuf_16)
                                         clknet_0_clk (net)
                  0.11    0.00    0.48 ^ clkbuf_2_1__f_clk/A (sky130_fd_sc_hd__clkbuf_16)
    11    0.04    0.09    0.28    0.76 ^ clkbuf_2_1__f_clk/X (sky130_fd_sc_hd__clkbuf_16)
                                         clknet_2_1__leaf_clk (net)
                  0.09    0.00    0.76 ^ _342_/CLK (sky130_fd_sc_hd__dfrtp_2)
     5    0.04    0.22    1.02    1.78 v _342_/Q (sky130_fd_sc_hd__dfrtp_2)
                                         one_second_counter[12] (net)
                  0.22    0.00    1.78 v _180_/C (sky130_fd_sc_hd__and4_1)
     2    0.03    0.24    0.65    2.43 v _180_/X (sky130_fd_sc_hd__and4_1)
                                         _078_ (net)
                  0.24    0.00    2.44 v _181_/D (sky130_fd_sc_hd__or4_2)
     1    0.03    0.36    1.68    4.12 v _181_/X (sky130_fd_sc_hd__or4_2)
                                         _079_ (net)
                  0.36    0.00    4.12 v _184_/A3 (sky130_fd_sc_hd__o31a_1)
     1    0.03    0.27    0.80    4.92 v _184_/X (sky130_fd_sc_hd__o31a_1)
                                         _082_ (net)
                  0.27    0.00    4.92 v _186_/A2 (sky130_fd_sc_hd__o211ai_2)
     2    0.02    0.50    0.57    5.49 ^ _186_/Y (sky130_fd_sc_hd__o211ai_2)
                                         _084_ (net)
                  0.50    0.00    5.50 ^ _187_/A2 (sky130_fd_sc_hd__a21bo_2)
     9    0.06    0.50    0.78    6.28 ^ _187_/X (sky130_fd_sc_hd__a21bo_2)
                                         _085_ (net)
                  0.50    0.01    6.28 ^ _202_/A (sky130_fd_sc_hd__clkbuf_4)
    10    0.07    0.35    0.67    6.95 ^ _202_/X (sky130_fd_sc_hd__clkbuf_4)
                                         _095_ (net)
                  0.35    0.01    6.96 ^ _225_/A (sky130_fd_sc_hd__and3_1)
     1    0.03    0.50    0.74    7.70 ^ _225_/X (sky130_fd_sc_hd__and3_1)
                                         _112_ (net)
                  0.50    0.01    7.71 ^ _226_/A (sky130_fd_sc_hd__buf_1)
     1    0.02    0.33    0.50    8.21 ^ _226_/X (sky130_fd_sc_hd__buf_1)
                                         _001_ (net)
                  0.33    0.00    8.21 ^ _340_/D (sky130_fd_sc_hd__dfrtp_4)
                                  8.21   data arrival time

                         10.00   10.00   clock clk (rise edge)
                          0.00   10.00   clock source latency
     1    0.03    0.19    0.13   10.13 ^ clk (in)
                                         clk (net)
                  0.19    0.00   10.13 ^ clkbuf_0_clk/A (sky130_fd_sc_hd__clkbuf_16)
     4    0.05    0.11    0.30   10.43 ^ clkbuf_0_clk/X (sky130_fd_sc_hd__clkbuf_16)
                                         clknet_0_clk (net)
                  0.11    0.00   10.43 ^ clkbuf_2_0__f_clk/A (sky130_fd_sc_hd__clkbuf_16)
     9    0.05    0.10    0.26   10.69 ^ clkbuf_2_0__f_clk/X (sky130_fd_sc_hd__clkbuf_16)
                                         clknet_2_0__leaf_clk (net)
                  0.10    0.00   10.70 ^ _340_/CLK (sky130_fd_sc_hd__dfrtp_4)
                         -0.25   10.45   clock uncertainty
                          0.05   10.49   clock reconvergence pessimism
                         -0.20   10.30   library setup time
                                 10.30   data required time
-----------------------------------------------------------------------------
                                 10.30   data required time
                                 -8.21   data arrival time
-----------------------------------------------------------------------------
                                  2.09   slack (MET)


Startpoint: _342_ (rising edge-triggered flip-flop clocked by clk)
Endpoint: _335_ (rising edge-triggered flip-flop clocked by clk)
Path Group: clk
Path Type: max
Corner: Slowest

Fanout     Cap    Slew   Delay    Time   Description
-----------------------------------------------------------------------------
                          0.00    0.00   clock clk (rise edge)
                          0.00    0.00   clock source latency
     1    0.03    0.19    0.14    0.14 ^ clk (in)
                                         clk (net)
                  0.19    0.00    0.14 ^ clkbuf_0_clk/A (sky130_fd_sc_hd__clkbuf_16)
     4    0.05    0.11    0.33    0.47 ^ clkbuf_0_clk/X (sky130_fd_sc_hd__clkbuf_16)
                                         clknet_0_clk (net)
                  0.11    0.00    0.48 ^ clkbuf_2_1__f_clk/A (sky130_fd_sc_hd__clkbuf_16)
    11    0.04    0.09    0.28    0.76 ^ clkbuf_2_1__f_clk/X (sky130_fd_sc_hd__clkbuf_16)
                                         clknet_2_1__leaf_clk (net)
                  0.09    0.00    0.76 ^ _342_/CLK (sky130_fd_sc_hd__dfrtp_2)
     5    0.04    0.22    1.02    1.78 v _342_/Q (sky130_fd_sc_hd__dfrtp_2)
                                         one_second_counter[12] (net)
                  0.22    0.00    1.78 v _180_/C (sky130_fd_sc_hd__and4_1)
     2    0.03    0.24    0.65    2.43 v _180_/X (sky130_fd_sc_hd__and4_1)
                                         _078_ (net)
                  0.24    0.00    2.44 v _181_/D (sky130_fd_sc_hd__or4_2)
     1    0.03    0.36    1.68    4.12 v _181_/X (sky130_fd_sc_hd__or4_2)
                                         _079_ (net)
                  0.36    0.00    4.12 v _184_/A3 (sky130_fd_sc_hd__o31a_1)
     1    0.03    0.27    0.80    4.92 v _184_/X (sky130_fd_sc_hd__o31a_1)
                                         _082_ (net)
                  0.27    0.00    4.92 v _186_/A2 (sky130_fd_sc_hd__o211ai_2)
     2    0.02    0.50    0.57    5.49 ^ _186_/Y (sky130_fd_sc_hd__o211ai_2)
                                         _084_ (net)
                  0.50    0.00    5.50 ^ _187_/A2 (sky130_fd_sc_hd__a21bo_2)
     9    0.06    0.50    0.78    6.28 ^ _187_/X (sky130_fd_sc_hd__a21bo_2)
                                         _085_ (net)
                  0.50    0.00    6.28 ^ _188_/A (sky130_fd_sc_hd__inv_2)
     2    0.03    0.18    0.33    6.61 v _188_/Y (sky130_fd_sc_hd__inv_2)
                                         _086_ (net)
                  0.18    0.00    6.61 v _189_/A (sky130_fd_sc_hd__buf_4)
    10    0.08    0.20    0.45    7.06 v _189_/X (sky130_fd_sc_hd__buf_4)
                                         _027_ (net)
                  0.20    0.01    7.07 v _209_/A (sky130_fd_sc_hd__nor3_1)
     1    0.02    0.95    0.94    8.01 ^ _209_/Y (sky130_fd_sc_hd__nor3_1)
                                         _022_ (net)
                  0.95    0.00    8.01 ^ _335_/D (sky130_fd_sc_hd__dfrtp_2)
                                  8.01   data arrival time

                         10.00   10.00   clock clk (rise edge)
                          0.00   10.00   clock source latency
     1    0.03    0.19    0.13   10.13 ^ clk (in)
                                         clk (net)
                  0.19    0.00   10.13 ^ clkbuf_0_clk/A (sky130_fd_sc_hd__clkbuf_16)
     4    0.05    0.11    0.30   10.43 ^ clkbuf_0_clk/X (sky130_fd_sc_hd__clkbuf_16)
                                         clknet_0_clk (net)
                  0.11    0.00   10.43 ^ clkbuf_2_2__f_clk/A (sky130_fd_sc_hd__clkbuf_16)
     7    0.05    0.11    0.27   10.70 ^ clkbuf_2_2__f_clk/X (sky130_fd_sc_hd__clkbuf_16)
                                         clknet_2_2__leaf_clk (net)
                  0.11    0.00   10.70 ^ _335_/CLK (sky130_fd_sc_hd__dfrtp_2)
                         -0.25   10.45   clock uncertainty
                          0.05   10.50   clock reconvergence pessimism
                         -0.35   10.14   library setup time
                                 10.14   data required time
-----------------------------------------------------------------------------
                                 10.14   data required time
                                 -8.01   data arrival time
-----------------------------------------------------------------------------
                                  2.13   slack (MET)


Startpoint: _361_ (rising edge-triggered flip-flop clocked by clk)
Endpoint: seg[0] (output port clocked by clk)
Path Group: clk
Path Type: max
Corner: Slowest

Fanout     Cap    Slew   Delay    Time   Description
-----------------------------------------------------------------------------
                          0.00    0.00   clock clk (rise edge)
                          0.00    0.00   clock source latency
     1    0.03    0.19    0.14    0.14 ^ clk (in)
                                         clk (net)
                  0.19    0.00    0.14 ^ clkbuf_0_clk/A (sky130_fd_sc_hd__clkbuf_16)
     4    0.05    0.11    0.33    0.47 ^ clkbuf_0_clk/X (sky130_fd_sc_hd__clkbuf_16)
                                         clknet_0_clk (net)
                  0.11    0.00    0.48 ^ clkbuf_2_0__f_clk/A (sky130_fd_sc_hd__clkbuf_16)
     9    0.05    0.10    0.29    0.77 ^ clkbuf_2_0__f_clk/X (sky130_fd_sc_hd__clkbuf_16)
                                         clknet_2_0__leaf_clk (net)
                  0.10    0.00    0.77 ^ _361_/CLK (sky130_fd_sc_hd__dfrtp_4)
     6    0.05    0.22    1.21    1.98 v _361_/Q (sky130_fd_sc_hd__dfrtp_4)
                                         decoder.digit[3] (net)
                  0.22    0.01    1.99 v _165_/A (sky130_fd_sc_hd__nor2_2)
     2    0.04    0.64    0.65    2.64 ^ _165_/Y (sky130_fd_sc_hd__nor2_2)
                                         _066_ (net)
                  0.64    0.00    2.64 ^ _166_/B (sky130_fd_sc_hd__nand2_2)
     3    0.05    0.42    0.59    3.24 v _166_/Y (sky130_fd_sc_hd__nand2_2)
                                         _067_ (net)
                  0.42    0.01    3.24 v _167_/B (sky130_fd_sc_hd__nor2_2)
     3    0.04    0.65    0.71    3.95 ^ _167_/Y (sky130_fd_sc_hd__nor2_2)
                                         _068_ (net)
                  0.65    0.01    3.96 ^ _287_/B1 (sky130_fd_sc_hd__a2111o_1)
     2    0.02    0.34    0.62    4.58 ^ _287_/X (sky130_fd_sc_hd__a2111o_1)
                                         net5 (net)
                  0.34    0.00    4.58 ^ _370_/A (sky130_fd_sc_hd__buf_1)
     1    0.02    0.38    0.49    5.07 ^ _370_/X (sky130_fd_sc_hd__buf_1)
                                         net2 (net)
                  0.38    0.00    5.07 ^ output2/A (sky130_fd_sc_hd__buf_2)
     1    0.03    0.27    0.50    5.57 ^ output2/X (sky130_fd_sc_hd__buf_2)
                                         seg[0] (net)
                  0.27    0.00    5.57 ^ seg[0] (out)
                                  5.57   data arrival time

                         10.00   10.00   clock clk (rise edge)
                          0.00   10.00   clock network delay (propagated)
                         -0.25    9.75   clock uncertainty
                          0.00    9.75   clock reconvergence pessimism
                         -2.00    7.75   output external delay
                                  7.75   data required time
-----------------------------------------------------------------------------
                                  7.75   data required time
                                 -5.57   data arrival time
-----------------------------------------------------------------------------
                                  2.18   slack (MET)


Startpoint: _342_ (rising edge-triggered flip-flop clocked by clk)
Endpoint: _349_ (rising edge-triggered flip-flop clocked by clk)
Path Group: clk
Path Type: max
Corner: Slowest

Fanout     Cap    Slew   Delay    Time   Description
-----------------------------------------------------------------------------
                          0.00    0.00   clock clk (rise edge)
                          0.00    0.00   clock source latency
     1    0.03    0.19    0.14    0.14 ^ clk (in)
                                         clk (net)
                  0.19    0.00    0.14 ^ clkbuf_0_clk/A (sky130_fd_sc_hd__clkbuf_16)
     4    0.05    0.11    0.33    0.47 ^ clkbuf_0_clk/X (sky130_fd_sc_hd__clkbuf_16)
                                         clknet_0_clk (net)
                  0.11    0.00    0.48 ^ clkbuf_2_1__f_clk/A (sky130_fd_sc_hd__clkbuf_16)
    11    0.04    0.09    0.28    0.76 ^ clkbuf_2_1__f_clk/X (sky130_fd_sc_hd__clkbuf_16)
                                         clknet_2_1__leaf_clk (net)
                  0.09    0.00    0.76 ^ _342_/CLK (sky130_fd_sc_hd__dfrtp_2)
     5    0.04    0.22    1.02    1.78 v _342_/Q (sky130_fd_sc_hd__dfrtp_2)
                                         one_second_counter[12] (net)
                  0.22    0.00    1.78 v _180_/C (sky130_fd_sc_hd__and4_1)
     2    0.03    0.24    0.65    2.43 v _180_/X (sky130_fd_sc_hd__and4_1)
                                         _078_ (net)
                  0.24    0.00    2.44 v _181_/D (sky130_fd_sc_hd__or4_2)
     1    0.03    0.36    1.68    4.12 v _181_/X (sky130_fd_sc_hd__or4_2)
                                         _079_ (net)
                  0.36    0.00    4.12 v _184_/A3 (sky130_fd_sc_hd__o31a_1)
     1    0.03    0.27    0.80    4.92 v _184_/X (sky130_fd_sc_hd__o31a_1)
                                         _082_ (net)
                  0.27    0.00    4.92 v _186_/A2 (sky130_fd_sc_hd__o211ai_2)
     2    0.02    0.50    0.57    5.49 ^ _186_/Y (sky130_fd_sc_hd__o211ai_2)
                                         _084_ (net)
                  0.50    0.00    5.50 ^ _187_/A2 (sky130_fd_sc_hd__a21bo_2)
     9    0.06    0.50    0.78    6.28 ^ _187_/X (sky130_fd_sc_hd__a21bo_2)
                                         _085_ (net)
                  0.50    0.01    6.28 ^ _202_/A (sky130_fd_sc_hd__clkbuf_4)
    10    0.07    0.35    0.67    6.95 ^ _202_/X (sky130_fd_sc_hd__clkbuf_4)
                                         _095_ (net)
                  0.35    0.01    6.96 ^ _260_/A (sky130_fd_sc_hd__and3_1)
     1    0.02    0.36    0.63    7.59 ^ _260_/X (sky130_fd_sc_hd__and3_1)
                                         _138_ (net)
                  0.36    0.00    7.59 ^ _261_/A (sky130_fd_sc_hd__buf_1)
     1    0.02    0.38    0.50    8.09 ^ _261_/X (sky130_fd_sc_hd__buf_1)
                                         _010_ (net)
                  0.38    0.00    8.09 ^ _349_/D (sky130_fd_sc_hd__dfrtp_2)
                                  8.09   data arrival time

                         10.00   10.00   clock clk (rise edge)
                          0.00   10.00   clock source latency
     1    0.03    0.19    0.13   10.13 ^ clk (in)
                                         clk (net)
                  0.19    0.00   10.13 ^ clkbuf_0_clk/A (sky130_fd_sc_hd__clkbuf_16)
     4    0.05    0.11    0.30   10.43 ^ clkbuf_0_clk/X (sky130_fd_sc_hd__clkbuf_16)
                                         clknet_0_clk (net)
                  0.11    0.00   10.43 ^ clkbuf_2_3__f_clk/A (sky130_fd_sc_hd__clkbuf_16)
     8    0.04    0.10    0.26   10.69 ^ clkbuf_2_3__f_clk/X (sky130_fd_sc_hd__clkbuf_16)
                                         clknet_2_3__leaf_clk (net)
                  0.10    0.00   10.69 ^ _349_/CLK (sky130_fd_sc_hd__dfrtp_2)
                         -0.25   10.44   clock uncertainty
                          0.05   10.49   clock reconvergence pessimism
                         -0.21   10.28   library setup time
                                 10.28   data required time
-----------------------------------------------------------------------------
                                 10.28   data required time
                                 -8.09   data arrival time
-----------------------------------------------------------------------------
                                  2.18   slack (MET)


Startpoint: _343_ (rising edge-triggered flip-flop clocked by clk)
Endpoint: _342_ (rising edge-triggered flip-flop clocked by clk)
Path Group: clk
Path Type: max
Corner: Slowest

Fanout     Cap    Slew   Delay    Time   Description
-----------------------------------------------------------------------------
                          0.00    0.00   clock clk (rise edge)
                          0.00    0.00   clock source latency
     1    0.03    0.19    0.14    0.14 ^ clk (in)
                                         clk (net)
                  0.19    0.00    0.14 ^ clkbuf_0_clk/A (sky130_fd_sc_hd__clkbuf_16)
     4    0.05    0.11    0.33    0.47 ^ clkbuf_0_clk/X (sky130_fd_sc_hd__clkbuf_16)
                                         clknet_0_clk (net)
                  0.11    0.00    0.48 ^ clkbuf_2_0__f_clk/A (sky130_fd_sc_hd__clkbuf_16)
     9    0.05    0.10    0.29    0.77 ^ clkbuf_2_0__f_clk/X (sky130_fd_sc_hd__clkbuf_16)
                                         clknet_2_0__leaf_clk (net)
                  0.10    0.00    0.77 ^ _343_/CLK (sky130_fd_sc_hd__dfrtp_1)
     4    0.02    0.24    0.96    1.73 v _343_/Q (sky130_fd_sc_hd__dfrtp_1)
                                         one_second_counter[13] (net)
                  0.24    0.00    1.73 v _180_/D (sky130_fd_sc_hd__and4_1)
     2    0.03    0.24    0.69    2.41 v _180_/X (sky130_fd_sc_hd__and4_1)
                                         _078_ (net)
                  0.24    0.00    2.42 v _181_/D (sky130_fd_sc_hd__or4_2)
     1    0.03    0.36    1.68    4.10 v _181_/X (sky130_fd_sc_hd__or4_2)
                                         _079_ (net)
                  0.36    0.00    4.10 v _184_/A3 (sky130_fd_sc_hd__o31a_1)
     1    0.03    0.27    0.80    4.90 v _184_/X (sky130_fd_sc_hd__o31a_1)
                                         _082_ (net)
                  0.27    0.00    4.91 v _186_/A2 (sky130_fd_sc_hd__o211ai_2)
     2    0.02    0.50    0.57    5.47 ^ _186_/Y (sky130_fd_sc_hd__o211ai_2)
                                         _084_ (net)
                  0.50    0.00    5.48 ^ _187_/A2 (sky130_fd_sc_hd__a21bo_2)
     9    0.06    0.50    0.78    6.26 ^ _187_/X (sky130_fd_sc_hd__a21bo_2)
                                         _085_ (net)
                  0.50    0.01    6.26 ^ _202_/A (sky130_fd_sc_hd__clkbuf_4)
    10    0.07    0.35    0.67    6.93 ^ _202_/X (sky130_fd_sc_hd__clkbuf_4)
                                         _095_ (net)
                  0.35    0.01    6.94 ^ _232_/A (sky130_fd_sc_hd__and3_1)
     1    0.02    0.38    0.65    7.59 ^ _232_/X (sky130_fd_sc_hd__and3_1)
                                         _117_ (net)
                  0.38    0.00    7.59 ^ _233_/A (sky130_fd_sc_hd__buf_1)
     1    0.02    0.33    0.47    8.06 ^ _233_/X (sky130_fd_sc_hd__buf_1)
                                         _003_ (net)
                  0.33    0.00    8.06 ^ _342_/D (sky130_fd_sc_hd__dfrtp_2)
                                  8.06   data arrival time

                         10.00   10.00   clock clk (rise edge)
                          0.00   10.00   clock source latency
     1    0.03    0.19    0.13   10.13 ^ clk (in)
                                         clk (net)
                  0.19    0.00   10.13 ^ clkbuf_0_clk/A (sky130_fd_sc_hd__clkbuf_16)
     4    0.05    0.11    0.30   10.43 ^ clkbuf_0_clk/X (sky130_fd_sc_hd__clkbuf_16)
                                         clknet_0_clk (net)
                  0.11    0.00   10.43 ^ clkbuf_2_1__f_clk/A (sky130_fd_sc_hd__clkbuf_16)
    11    0.04    0.09    0.25   10.68 ^ clkbuf_2_1__f_clk/X (sky130_fd_sc_hd__clkbuf_16)
                                         clknet_2_1__leaf_clk (net)
                  0.09    0.00   10.69 ^ _342_/CLK (sky130_fd_sc_hd__dfrtp_2)
                         -0.25   10.44   clock uncertainty
                          0.05   10.48   clock reconvergence pessimism
                         -0.20   10.28   library setup time
                                 10.28   data required time
-----------------------------------------------------------------------------
                                 10.28   data required time
                                 -8.06   data arrival time
-----------------------------------------------------------------------------
                                  2.22   slack (MET)


Startpoint: _342_ (rising edge-triggered flip-flop clocked by clk)
Endpoint: _354_ (rising edge-triggered flip-flop clocked by clk)
Path Group: clk
Path Type: max
Corner: Slowest

Fanout     Cap    Slew   Delay    Time   Description
-----------------------------------------------------------------------------
                          0.00    0.00   clock clk (rise edge)
                          0.00    0.00   clock source latency
     1    0.03    0.19    0.14    0.14 ^ clk (in)
                                         clk (net)
                  0.19    0.00    0.14 ^ clkbuf_0_clk/A (sky130_fd_sc_hd__clkbuf_16)
     4    0.05    0.11    0.33    0.47 ^ clkbuf_0_clk/X (sky130_fd_sc_hd__clkbuf_16)
                                         clknet_0_clk (net)
                  0.11    0.00    0.48 ^ clkbuf_2_1__f_clk/A (sky130_fd_sc_hd__clkbuf_16)
    11    0.04    0.09    0.28    0.76 ^ clkbuf_2_1__f_clk/X (sky130_fd_sc_hd__clkbuf_16)
                                         clknet_2_1__leaf_clk (net)
                  0.09    0.00    0.76 ^ _342_/CLK (sky130_fd_sc_hd__dfrtp_2)
     5    0.04    0.22    1.02    1.78 v _342_/Q (sky130_fd_sc_hd__dfrtp_2)
                                         one_second_counter[12] (net)
                  0.22    0.00    1.78 v _180_/C (sky130_fd_sc_hd__and4_1)
     2    0.03    0.24    0.65    2.43 v _180_/X (sky130_fd_sc_hd__and4_1)
                                         _078_ (net)
                  0.24    0.00    2.44 v _181_/D (sky130_fd_sc_hd__or4_2)
     1    0.03    0.36    1.68    4.12 v _181_/X (sky130_fd_sc_hd__or4_2)
                                         _079_ (net)
                  0.36    0.00    4.12 v _184_/A3 (sky130_fd_sc_hd__o31a_1)
     1    0.03    0.27    0.80    4.92 v _184_/X (sky130_fd_sc_hd__o31a_1)
                                         _082_ (net)
                  0.27    0.00    4.92 v _186_/A2 (sky130_fd_sc_hd__o211ai_2)
     2    0.02    0.50    0.57    5.49 ^ _186_/Y (sky130_fd_sc_hd__o211ai_2)
                                         _084_ (net)
                  0.50    0.00    5.50 ^ _187_/A2 (sky130_fd_sc_hd__a21bo_2)
     9    0.06    0.50    0.78    6.28 ^ _187_/X (sky130_fd_sc_hd__a21bo_2)
                                         _085_ (net)
                  0.50    0.00    6.28 ^ _188_/A (sky130_fd_sc_hd__inv_2)
     2    0.03    0.18    0.33    6.61 v _188_/Y (sky130_fd_sc_hd__inv_2)
                                         _086_ (net)
                  0.18    0.00    6.61 v _189_/A (sky130_fd_sc_hd__buf_4)
    10    0.08    0.20    0.45    7.06 v _189_/X (sky130_fd_sc_hd__buf_4)
                                         _027_ (net)
                  0.20    0.02    7.07 v _278_/A (sky130_fd_sc_hd__nor3_1)
     1    0.01    0.74    0.77    7.85 ^ _278_/Y (sky130_fd_sc_hd__nor3_1)
                                         _016_ (net)
                  0.74    0.00    7.85 ^ _354_/D (sky130_fd_sc_hd__dfrtp_4)
                                  7.85   data arrival time

                         10.00   10.00   clock clk (rise edge)
                          0.00   10.00   clock source latency
     1    0.03    0.19    0.13   10.13 ^ clk (in)
                                         clk (net)
                  0.19    0.00   10.13 ^ clkbuf_0_clk/A (sky130_fd_sc_hd__clkbuf_16)
     4    0.05    0.11    0.30   10.43 ^ clkbuf_0_clk/X (sky130_fd_sc_hd__clkbuf_16)
                                         clknet_0_clk (net)
                  0.11    0.00   10.43 ^ clkbuf_2_3__f_clk/A (sky130_fd_sc_hd__clkbuf_16)
     8    0.04    0.10    0.26   10.69 ^ clkbuf_2_3__f_clk/X (sky130_fd_sc_hd__clkbuf_16)
                                         clknet_2_3__leaf_clk (net)
                  0.10    0.00   10.69 ^ _354_/CLK (sky130_fd_sc_hd__dfrtp_4)
                         -0.25   10.44   clock uncertainty
                          0.05   10.49   clock reconvergence pessimism
                         -0.30   10.19   library setup time
                                 10.19   data required time
-----------------------------------------------------------------------------
                                 10.19   data required time
                                 -7.85   data arrival time
-----------------------------------------------------------------------------
                                  2.34   slack (MET)


Startpoint: _343_ (rising edge-triggered flip-flop clocked by clk)
Endpoint: _336_ (rising edge-triggered flip-flop clocked by clk)
Path Group: clk
Path Type: max
Corner: Slowest

Fanout     Cap    Slew   Delay    Time   Description
-----------------------------------------------------------------------------
                          0.00    0.00   clock clk (rise edge)
                          0.00    0.00   clock source latency
     1    0.03    0.19    0.14    0.14 ^ clk (in)
                                         clk (net)
                  0.19    0.00    0.14 ^ clkbuf_0_clk/A (sky130_fd_sc_hd__clkbuf_16)
     4    0.05    0.11    0.33    0.47 ^ clkbuf_0_clk/X (sky130_fd_sc_hd__clkbuf_16)
                                         clknet_0_clk (net)
                  0.11    0.00    0.48 ^ clkbuf_2_0__f_clk/A (sky130_fd_sc_hd__clkbuf_16)
     9    0.05    0.10    0.29    0.77 ^ clkbuf_2_0__f_clk/X (sky130_fd_sc_hd__clkbuf_16)
                                         clknet_2_0__leaf_clk (net)
                  0.10    0.00    0.77 ^ _343_/CLK (sky130_fd_sc_hd__dfrtp_1)
     4    0.02    0.24    0.96    1.73 v _343_/Q (sky130_fd_sc_hd__dfrtp_1)
                                         one_second_counter[13] (net)
                  0.24    0.00    1.73 v _180_/D (sky130_fd_sc_hd__and4_1)
     2    0.03    0.24    0.69    2.41 v _180_/X (sky130_fd_sc_hd__and4_1)
                                         _078_ (net)
                  0.24    0.00    2.42 v _181_/D (sky130_fd_sc_hd__or4_2)
     1    0.03    0.36    1.68    4.10 v _181_/X (sky130_fd_sc_hd__or4_2)
                                         _079_ (net)
                  0.36    0.00    4.10 v _184_/A3 (sky130_fd_sc_hd__o31a_1)
     1    0.03    0.27    0.80    4.90 v _184_/X (sky130_fd_sc_hd__o31a_1)
                                         _082_ (net)
                  0.27    0.00    4.91 v _186_/A2 (sky130_fd_sc_hd__o211ai_2)
     2    0.02    0.50    0.57    5.47 ^ _186_/Y (sky130_fd_sc_hd__o211ai_2)
                                         _084_ (net)
                  0.50    0.00    5.48 ^ _187_/A2 (sky130_fd_sc_hd__a21bo_2)
     9    0.06    0.50    0.78    6.26 ^ _187_/X (sky130_fd_sc_hd__a21bo_2)
                                         _085_ (net)
                  0.50    0.01    6.26 ^ _202_/A (sky130_fd_sc_hd__clkbuf_4)
    10    0.07    0.35    0.67    6.93 ^ _202_/X (sky130_fd_sc_hd__clkbuf_4)
                                         _095_ (net)
                  0.35    0.01    6.94 ^ _212_/A (sky130_fd_sc_hd__and3_1)
     1    0.01    0.15    0.46    7.40 ^ _212_/X (sky130_fd_sc_hd__and3_1)
                                         _103_ (net)
                  0.15    0.00    7.40 ^ _213_/A (sky130_fd_sc_hd__buf_1)
     1    0.02    0.45    0.48    7.88 ^ _213_/X (sky130_fd_sc_hd__buf_1)
                                         _023_ (net)
                  0.45    0.00    7.88 ^ _336_/D (sky130_fd_sc_hd__dfrtp_2)
                                  7.88   data arrival time

                         10.00   10.00   clock clk (rise edge)
                          0.00   10.00   clock source latency
     1    0.03    0.19    0.13   10.13 ^ clk (in)
                                         clk (net)
                  0.19    0.00   10.13 ^ clkbuf_0_clk/A (sky130_fd_sc_hd__clkbuf_16)
     4    0.05    0.11    0.30   10.43 ^ clkbuf_0_clk/X (sky130_fd_sc_hd__clkbuf_16)
                                         clknet_0_clk (net)
                  0.11    0.00   10.43 ^ clkbuf_2_1__f_clk/A (sky130_fd_sc_hd__clkbuf_16)
    11    0.04    0.09    0.25   10.68 ^ clkbuf_2_1__f_clk/X (sky130_fd_sc_hd__clkbuf_16)
                                         clknet_2_1__leaf_clk (net)
                  0.09    0.00   10.69 ^ _336_/CLK (sky130_fd_sc_hd__dfrtp_2)
                         -0.25   10.44   clock uncertainty
                          0.05   10.48   clock reconvergence pessimism
                         -0.23   10.25   library setup time
                                 10.25   data required time
-----------------------------------------------------------------------------
                                 10.25   data required time
                                 -7.88   data arrival time
-----------------------------------------------------------------------------
                                  2.37   slack (MET)


Startpoint: _343_ (rising edge-triggered flip-flop clocked by clk)
Endpoint: _337_ (rising edge-triggered flip-flop clocked by clk)
Path Group: clk
Path Type: max
Corner: Slowest

Fanout     Cap    Slew   Delay    Time   Description
-----------------------------------------------------------------------------
                          0.00    0.00   clock clk (rise edge)
                          0.00    0.00   clock source latency
     1    0.03    0.19    0.14    0.14 ^ clk (in)
                                         clk (net)
                  0.19    0.00    0.14 ^ clkbuf_0_clk/A (sky130_fd_sc_hd__clkbuf_16)
     4    0.05    0.11    0.33    0.47 ^ clkbuf_0_clk/X (sky130_fd_sc_hd__clkbuf_16)
                                         clknet_0_clk (net)
                  0.11    0.00    0.48 ^ clkbuf_2_0__f_clk/A (sky130_fd_sc_hd__clkbuf_16)
     9    0.05    0.10    0.29    0.77 ^ clkbuf_2_0__f_clk/X (sky130_fd_sc_hd__clkbuf_16)
                                         clknet_2_0__leaf_clk (net)
                  0.10    0.00    0.77 ^ _343_/CLK (sky130_fd_sc_hd__dfrtp_1)
     4    0.02    0.24    0.96    1.73 v _343_/Q (sky130_fd_sc_hd__dfrtp_1)
                                         one_second_counter[13] (net)
                  0.24    0.00    1.73 v _180_/D (sky130_fd_sc_hd__and4_1)
     2    0.03    0.24    0.69    2.41 v _180_/X (sky130_fd_sc_hd__and4_1)
                                         _078_ (net)
                  0.24    0.00    2.42 v _181_/D (sky130_fd_sc_hd__or4_2)
     1    0.03    0.36    1.68    4.10 v _181_/X (sky130_fd_sc_hd__or4_2)
                                         _079_ (net)
                  0.36    0.00    4.10 v _184_/A3 (sky130_fd_sc_hd__o31a_1)
     1    0.03    0.27    0.80    4.90 v _184_/X (sky130_fd_sc_hd__o31a_1)
                                         _082_ (net)
                  0.27    0.00    4.91 v _186_/A2 (sky130_fd_sc_hd__o211ai_2)
     2    0.02    0.50    0.57    5.47 ^ _186_/Y (sky130_fd_sc_hd__o211ai_2)
                                         _084_ (net)
                  0.50    0.00    5.48 ^ _187_/A2 (sky130_fd_sc_hd__a21bo_2)
     9    0.06    0.50    0.78    6.26 ^ _187_/X (sky130_fd_sc_hd__a21bo_2)
                                         _085_ (net)
                  0.50    0.00    6.26 ^ _188_/A (sky130_fd_sc_hd__inv_2)
     2    0.03    0.18    0.33    6.59 v _188_/Y (sky130_fd_sc_hd__inv_2)
                                         _086_ (net)
                  0.18    0.00    6.59 v _215_/B1 (sky130_fd_sc_hd__a211oi_1)
     1    0.02    1.10    1.06    7.65 ^ _215_/Y (sky130_fd_sc_hd__a211oi_1)
                                         _024_ (net)
                  1.10    0.00    7.65 ^ _337_/D (sky130_fd_sc_hd__dfrtp_2)
                                  7.65   data arrival time

                         10.00   10.00   clock clk (rise edge)
                          0.00   10.00   clock source latency
     1    0.03    0.19    0.13   10.13 ^ clk (in)
                                         clk (net)
                  0.19    0.00   10.13 ^ clkbuf_0_clk/A (sky130_fd_sc_hd__clkbuf_16)
     4    0.05    0.11    0.30   10.43 ^ clkbuf_0_clk/X (sky130_fd_sc_hd__clkbuf_16)
                                         clknet_0_clk (net)
                  0.11    0.00   10.43 ^ clkbuf_2_1__f_clk/A (sky130_fd_sc_hd__clkbuf_16)
    11    0.04    0.09    0.25   10.68 ^ clkbuf_2_1__f_clk/X (sky130_fd_sc_hd__clkbuf_16)
                                         clknet_2_1__leaf_clk (net)
                  0.09    0.00   10.69 ^ _337_/CLK (sky130_fd_sc_hd__dfrtp_2)
                         -0.25   10.44   clock uncertainty
                          0.05   10.48   clock reconvergence pessimism
                         -0.39   10.09   library setup time
                                 10.09   data required time
-----------------------------------------------------------------------------
                                 10.09   data required time
                                 -7.65   data arrival time
-----------------------------------------------------------------------------
                                  2.43   slack (MET)


Startpoint: _342_ (rising edge-triggered flip-flop clocked by clk)
Endpoint: _345_ (rising edge-triggered flip-flop clocked by clk)
Path Group: clk
Path Type: max
Corner: Slowest

Fanout     Cap    Slew   Delay    Time   Description
-----------------------------------------------------------------------------
                          0.00    0.00   clock clk (rise edge)
                          0.00    0.00   clock source latency
     1    0.03    0.19    0.14    0.14 ^ clk (in)
                                         clk (net)
                  0.19    0.00    0.14 ^ clkbuf_0_clk/A (sky130_fd_sc_hd__clkbuf_16)
     4    0.05    0.11    0.33    0.47 ^ clkbuf_0_clk/X (sky130_fd_sc_hd__clkbuf_16)
                                         clknet_0_clk (net)
                  0.11    0.00    0.48 ^ clkbuf_2_1__f_clk/A (sky130_fd_sc_hd__clkbuf_16)
    11    0.04    0.09    0.28    0.76 ^ clkbuf_2_1__f_clk/X (sky130_fd_sc_hd__clkbuf_16)
                                         clknet_2_1__leaf_clk (net)
                  0.09    0.00    0.76 ^ _342_/CLK (sky130_fd_sc_hd__dfrtp_2)
     5    0.04    0.22    1.02    1.78 v _342_/Q (sky130_fd_sc_hd__dfrtp_2)
                                         one_second_counter[12] (net)
                  0.22    0.00    1.78 v _180_/C (sky130_fd_sc_hd__and4_1)
     2    0.03    0.24    0.65    2.43 v _180_/X (sky130_fd_sc_hd__and4_1)
                                         _078_ (net)
                  0.24    0.00    2.44 v _181_/D (sky130_fd_sc_hd__or4_2)
     1    0.03    0.36    1.68    4.12 v _181_/X (sky130_fd_sc_hd__or4_2)
                                         _079_ (net)
                  0.36    0.00    4.12 v _184_/A3 (sky130_fd_sc_hd__o31a_1)
     1    0.03    0.27    0.80    4.92 v _184_/X (sky130_fd_sc_hd__o31a_1)
                                         _082_ (net)
                  0.27    0.00    4.92 v _186_/A2 (sky130_fd_sc_hd__o211ai_2)
     2    0.02    0.50    0.57    5.49 ^ _186_/Y (sky130_fd_sc_hd__o211ai_2)
                                         _084_ (net)
                  0.50    0.00    5.50 ^ _187_/A2 (sky130_fd_sc_hd__a21bo_2)
     9    0.06    0.50    0.78    6.28 ^ _187_/X (sky130_fd_sc_hd__a21bo_2)
                                         _085_ (net)
                  0.50    0.00    6.28 ^ _188_/A (sky130_fd_sc_hd__inv_2)
     2    0.03    0.18    0.33    6.61 v _188_/Y (sky130_fd_sc_hd__inv_2)
                                         _086_ (net)
                  0.18    0.00    6.61 v _189_/A (sky130_fd_sc_hd__buf_4)
    10    0.08    0.20    0.45    7.06 v _189_/X (sky130_fd_sc_hd__buf_4)
                                         _027_ (net)
                  0.20    0.01    7.07 v _246_/C1 (sky130_fd_sc_hd__a211oi_2)
     1    0.02    0.70    0.68    7.75 ^ _246_/Y (sky130_fd_sc_hd__a211oi_2)
                                         _006_ (net)
                  0.70    0.00    7.75 ^ _345_/D (sky130_fd_sc_hd__dfrtp_2)
                                  7.75   data arrival time

                         10.00   10.00   clock clk (rise edge)
                          0.00   10.00   clock source latency
     1    0.03    0.19    0.13   10.13 ^ clk (in)
                                         clk (net)
                  0.19    0.00   10.13 ^ clkbuf_0_clk/A (sky130_fd_sc_hd__clkbuf_16)
     4    0.05    0.11    0.30   10.43 ^ clkbuf_0_clk/X (sky130_fd_sc_hd__clkbuf_16)
                                         clknet_0_clk (net)
                  0.11    0.00   10.43 ^ clkbuf_2_3__f_clk/A (sky130_fd_sc_hd__clkbuf_16)
     8    0.04    0.10    0.26   10.69 ^ clkbuf_2_3__f_clk/X (sky130_fd_sc_hd__clkbuf_16)
                                         clknet_2_3__leaf_clk (net)
                  0.10    0.00   10.69 ^ _345_/CLK (sky130_fd_sc_hd__dfrtp_2)
                         -0.25   10.44   clock uncertainty
                          0.05   10.49   clock reconvergence pessimism
                         -0.29   10.19   library setup time
                                 10.19   data required time
-----------------------------------------------------------------------------
                                 10.19   data required time
                                 -7.75   data arrival time
-----------------------------------------------------------------------------
                                  2.44   slack (MET)


Startpoint: _343_ (rising edge-triggered flip-flop clocked by clk)
Endpoint: _353_ (rising edge-triggered flip-flop clocked by clk)
Path Group: clk
Path Type: max
Corner: Slowest

Fanout     Cap    Slew   Delay    Time   Description
-----------------------------------------------------------------------------
                          0.00    0.00   clock clk (rise edge)
                          0.00    0.00   clock source latency
     1    0.03    0.19    0.14    0.14 ^ clk (in)
                                         clk (net)
                  0.19    0.00    0.14 ^ clkbuf_0_clk/A (sky130_fd_sc_hd__clkbuf_16)
     4    0.05    0.11    0.33    0.47 ^ clkbuf_0_clk/X (sky130_fd_sc_hd__clkbuf_16)
                                         clknet_0_clk (net)
                  0.11    0.00    0.48 ^ clkbuf_2_0__f_clk/A (sky130_fd_sc_hd__clkbuf_16)
     9    0.05    0.10    0.29    0.77 ^ clkbuf_2_0__f_clk/X (sky130_fd_sc_hd__clkbuf_16)
                                         clknet_2_0__leaf_clk (net)
                  0.10    0.00    0.77 ^ _343_/CLK (sky130_fd_sc_hd__dfrtp_1)
     4    0.02    0.24    0.96    1.73 v _343_/Q (sky130_fd_sc_hd__dfrtp_1)
                                         one_second_counter[13] (net)
                  0.24    0.00    1.73 v _180_/D (sky130_fd_sc_hd__and4_1)
     2    0.03    0.24    0.69    2.41 v _180_/X (sky130_fd_sc_hd__and4_1)
                                         _078_ (net)
                  0.24    0.00    2.42 v _181_/D (sky130_fd_sc_hd__or4_2)
     1    0.03    0.36    1.68    4.10 v _181_/X (sky130_fd_sc_hd__or4_2)
                                         _079_ (net)
                  0.36    0.00    4.10 v _184_/A3 (sky130_fd_sc_hd__o31a_1)
     1    0.03    0.27    0.80    4.90 v _184_/X (sky130_fd_sc_hd__o31a_1)
                                         _082_ (net)
                  0.27    0.00    4.91 v _186_/A2 (sky130_fd_sc_hd__o211ai_2)
     2    0.02    0.50    0.57    5.47 ^ _186_/Y (sky130_fd_sc_hd__o211ai_2)
                                         _084_ (net)
                  0.50    0.00    5.48 ^ _187_/A2 (sky130_fd_sc_hd__a21bo_2)
     9    0.06    0.50    0.78    6.26 ^ _187_/X (sky130_fd_sc_hd__a21bo_2)
                                         _085_ (net)
                  0.50    0.00    6.26 ^ _188_/A (sky130_fd_sc_hd__inv_2)
     2    0.03    0.18    0.33    6.59 v _188_/Y (sky130_fd_sc_hd__inv_2)
                                         _086_ (net)
                  0.18    0.00    6.59 v _189_/A (sky130_fd_sc_hd__buf_4)
    10    0.08    0.20    0.45    7.04 v _189_/X (sky130_fd_sc_hd__buf_4)
                                         _027_ (net)
                  0.20    0.02    7.05 v _275_/C1 (sky130_fd_sc_hd__a221oi_2)
     1    0.02    0.70    0.68    7.73 ^ _275_/Y (sky130_fd_sc_hd__a221oi_2)
                                         _015_ (net)
                  0.70    0.00    7.73 ^ _353_/D (sky130_fd_sc_hd__dfrtp_1)
                                  7.73   data arrival time

                         10.00   10.00   clock clk (rise edge)
                          0.00   10.00   clock source latency
     1    0.03    0.19    0.13   10.13 ^ clk (in)
                                         clk (net)
                  0.19    0.00   10.13 ^ clkbuf_0_clk/A (sky130_fd_sc_hd__clkbuf_16)
     4    0.05    0.11    0.30   10.43 ^ clkbuf_0_clk/X (sky130_fd_sc_hd__clkbuf_16)
                                         clknet_0_clk (net)
                  0.11    0.00   10.43 ^ clkbuf_2_1__f_clk/A (sky130_fd_sc_hd__clkbuf_16)
    11    0.04    0.09    0.25   10.68 ^ clkbuf_2_1__f_clk/X (sky130_fd_sc_hd__clkbuf_16)
                                         clknet_2_1__leaf_clk (net)
                  0.09    0.00   10.69 ^ _353_/CLK (sky130_fd_sc_hd__dfrtp_1)
                         -0.25   10.44   clock uncertainty
                          0.05   10.48   clock reconvergence pessimism
                         -0.29   10.19   library setup time
                                 10.19   data required time
-----------------------------------------------------------------------------
                                 10.19   data required time
                                 -7.73   data arrival time
-----------------------------------------------------------------------------
                                  2.46   slack (MET)


Startpoint: _342_ (rising edge-triggered flip-flop clocked by clk)
Endpoint: _346_ (rising edge-triggered flip-flop clocked by clk)
Path Group: clk
Path Type: max
Corner: Slowest

Fanout     Cap    Slew   Delay    Time   Description
-----------------------------------------------------------------------------
                          0.00    0.00   clock clk (rise edge)
                          0.00    0.00   clock source latency
     1    0.03    0.19    0.14    0.14 ^ clk (in)
                                         clk (net)
                  0.19    0.00    0.14 ^ clkbuf_0_clk/A (sky130_fd_sc_hd__clkbuf_16)
     4    0.05    0.11    0.33    0.47 ^ clkbuf_0_clk/X (sky130_fd_sc_hd__clkbuf_16)
                                         clknet_0_clk (net)
                  0.11    0.00    0.48 ^ clkbuf_2_1__f_clk/A (sky130_fd_sc_hd__clkbuf_16)
    11    0.04    0.09    0.28    0.76 ^ clkbuf_2_1__f_clk/X (sky130_fd_sc_hd__clkbuf_16)
                                         clknet_2_1__leaf_clk (net)
                  0.09    0.00    0.76 ^ _342_/CLK (sky130_fd_sc_hd__dfrtp_2)
     5    0.04    0.22    1.02    1.78 v _342_/Q (sky130_fd_sc_hd__dfrtp_2)
                                         one_second_counter[12] (net)
                  0.22    0.00    1.78 v _180_/C (sky130_fd_sc_hd__and4_1)
     2    0.03    0.24    0.65    2.43 v _180_/X (sky130_fd_sc_hd__and4_1)
                                         _078_ (net)
                  0.24    0.00    2.44 v _181_/D (sky130_fd_sc_hd__or4_2)
     1    0.03    0.36    1.68    4.12 v _181_/X (sky130_fd_sc_hd__or4_2)
                                         _079_ (net)
                  0.36    0.00    4.12 v _184_/A3 (sky130_fd_sc_hd__o31a_1)
     1    0.03    0.27    0.80    4.92 v _184_/X (sky130_fd_sc_hd__o31a_1)
                                         _082_ (net)
                  0.27    0.00    4.92 v _186_/A2 (sky130_fd_sc_hd__o211ai_2)
     2    0.02    0.50    0.57    5.49 ^ _186_/Y (sky130_fd_sc_hd__o211ai_2)
                                         _084_ (net)
                  0.50    0.00    5.50 ^ _187_/A2 (sky130_fd_sc_hd__a21bo_2)
     9    0.06    0.50    0.78    6.28 ^ _187_/X (sky130_fd_sc_hd__a21bo_2)
                                         _085_ (net)
                  0.50    0.01    6.28 ^ _202_/A (sky130_fd_sc_hd__clkbuf_4)
    10    0.07    0.35    0.67    6.95 ^ _202_/X (sky130_fd_sc_hd__clkbuf_4)
                                         _095_ (net)
                  0.35    0.01    6.96 ^ _249_/A (sky130_fd_sc_hd__and3_1)
     1    0.01    0.21    0.52    7.48 ^ _249_/X (sky130_fd_sc_hd__and3_1)
                                         _130_ (net)
                  0.21    0.00    7.48 ^ _250_/A (sky130_fd_sc_hd__clkbuf_1)
     1    0.01    0.26    0.36    7.84 ^ _250_/X (sky130_fd_sc_hd__clkbuf_1)
                                         _007_ (net)
                  0.26    0.00    7.84 ^ _346_/D (sky130_fd_sc_hd__dfrtp_4)
                                  7.84   data arrival time

                         10.00   10.00   clock clk (rise edge)
                          0.00   10.00   clock source latency
     1    0.03    0.19    0.13   10.13 ^ clk (in)
                                         clk (net)
                  0.19    0.00   10.13 ^ clkbuf_0_clk/A (sky130_fd_sc_hd__clkbuf_16)
     4    0.05    0.11    0.30   10.43 ^ clkbuf_0_clk/X (sky130_fd_sc_hd__clkbuf_16)
                                         clknet_0_clk (net)
                  0.11    0.00   10.43 ^ clkbuf_2_2__f_clk/A (sky130_fd_sc_hd__clkbuf_16)
     7    0.05    0.11    0.27   10.70 ^ clkbuf_2_2__f_clk/X (sky130_fd_sc_hd__clkbuf_16)
                                         clknet_2_2__leaf_clk (net)
                  0.11    0.01   10.71 ^ _346_/CLK (sky130_fd_sc_hd__dfrtp_4)
                         -0.25   10.46   clock uncertainty
                          0.05   10.50   clock reconvergence pessimism
                         -0.18   10.33   library setup time
                                 10.33   data required time
-----------------------------------------------------------------------------
                                 10.33   data required time
                                 -7.84   data arrival time
-----------------------------------------------------------------------------
                                  2.48   slack (MET)


Startpoint: _343_ (rising edge-triggered flip-flop clocked by clk)
Endpoint: _344_ (rising edge-triggered flip-flop clocked by clk)
Path Group: clk
Path Type: max
Corner: Slowest

Fanout     Cap    Slew   Delay    Time   Description
-----------------------------------------------------------------------------
                          0.00    0.00   clock clk (rise edge)
                          0.00    0.00   clock source latency
     1    0.03    0.19    0.14    0.14 ^ clk (in)
                                         clk (net)
                  0.19    0.00    0.14 ^ clkbuf_0_clk/A (sky130_fd_sc_hd__clkbuf_16)
     4    0.05    0.11    0.33    0.47 ^ clkbuf_0_clk/X (sky130_fd_sc_hd__clkbuf_16)
                                         clknet_0_clk (net)
                  0.11    0.00    0.48 ^ clkbuf_2_0__f_clk/A (sky130_fd_sc_hd__clkbuf_16)
     9    0.05    0.10    0.29    0.77 ^ clkbuf_2_0__f_clk/X (sky130_fd_sc_hd__clkbuf_16)
                                         clknet_2_0__leaf_clk (net)
                  0.10    0.00    0.77 ^ _343_/CLK (sky130_fd_sc_hd__dfrtp_1)
     4    0.02    0.24    0.96    1.73 v _343_/Q (sky130_fd_sc_hd__dfrtp_1)
                                         one_second_counter[13] (net)
                  0.24    0.00    1.73 v _180_/D (sky130_fd_sc_hd__and4_1)
     2    0.03    0.24    0.69    2.41 v _180_/X (sky130_fd_sc_hd__and4_1)
                                         _078_ (net)
                  0.24    0.00    2.42 v _181_/D (sky130_fd_sc_hd__or4_2)
     1    0.03    0.36    1.68    4.10 v _181_/X (sky130_fd_sc_hd__or4_2)
                                         _079_ (net)
                  0.36    0.00    4.10 v _184_/A3 (sky130_fd_sc_hd__o31a_1)
     1    0.03    0.27    0.80    4.90 v _184_/X (sky130_fd_sc_hd__o31a_1)
                                         _082_ (net)
                  0.27    0.00    4.91 v _186_/A2 (sky130_fd_sc_hd__o211ai_2)
     2    0.02    0.50    0.57    5.47 ^ _186_/Y (sky130_fd_sc_hd__o211ai_2)
                                         _084_ (net)
                  0.50    0.00    5.48 ^ _187_/A2 (sky130_fd_sc_hd__a21bo_2)
     9    0.06    0.50    0.78    6.26 ^ _187_/X (sky130_fd_sc_hd__a21bo_2)
                                         _085_ (net)
                  0.50    0.01    6.26 ^ _202_/A (sky130_fd_sc_hd__clkbuf_4)
    10    0.07    0.35    0.67    6.93 ^ _202_/X (sky130_fd_sc_hd__clkbuf_4)
                                         _095_ (net)
                  0.35    0.01    6.94 ^ _241_/A (sky130_fd_sc_hd__and3_1)
     1    0.01    0.20    0.50    7.44 ^ _241_/X (sky130_fd_sc_hd__and3_1)
                                         _124_ (net)
                  0.20    0.00    7.44 ^ _242_/A (sky130_fd_sc_hd__clkbuf_1)
     1    0.01    0.26    0.35    7.80 ^ _242_/X (sky130_fd_sc_hd__clkbuf_1)
                                         _005_ (net)
                  0.26    0.00    7.80 ^ _344_/D (sky130_fd_sc_hd__dfrtp_1)
                                  7.80   data arrival time

                         10.00   10.00   clock clk (rise edge)
                          0.00   10.00   clock source latency
     1    0.03    0.19    0.13   10.13 ^ clk (in)
                                         clk (net)
                  0.19    0.00   10.13 ^ clkbuf_0_clk/A (sky130_fd_sc_hd__clkbuf_16)
     4    0.05    0.11    0.30   10.43 ^ clkbuf_0_clk/X (sky130_fd_sc_hd__clkbuf_16)
                                         clknet_0_clk (net)
                  0.11    0.00   10.43 ^ clkbuf_2_1__f_clk/A (sky130_fd_sc_hd__clkbuf_16)
    11    0.04    0.09    0.25   10.68 ^ clkbuf_2_1__f_clk/X (sky130_fd_sc_hd__clkbuf_16)
                                         clknet_2_1__leaf_clk (net)
                  0.09    0.00   10.69 ^ _344_/CLK (sky130_fd_sc_hd__dfrtp_1)
                         -0.25   10.44   clock uncertainty
                          0.05   10.48   clock reconvergence pessimism
                         -0.18   10.30   library setup time
                                 10.30   data required time
-----------------------------------------------------------------------------
                                 10.30   data required time
                                 -7.80   data arrival time
-----------------------------------------------------------------------------
                                  2.51   slack (MET)


Startpoint: _343_ (rising edge-triggered flip-flop clocked by clk)
Endpoint: _334_ (rising edge-triggered flip-flop clocked by clk)
Path Group: clk
Path Type: max
Corner: Slowest

Fanout     Cap    Slew   Delay    Time   Description
-----------------------------------------------------------------------------
                          0.00    0.00   clock clk (rise edge)
                          0.00    0.00   clock source latency
     1    0.03    0.19    0.14    0.14 ^ clk (in)
                                         clk (net)
                  0.19    0.00    0.14 ^ clkbuf_0_clk/A (sky130_fd_sc_hd__clkbuf_16)
     4    0.05    0.11    0.33    0.47 ^ clkbuf_0_clk/X (sky130_fd_sc_hd__clkbuf_16)
                                         clknet_0_clk (net)
                  0.11    0.00    0.48 ^ clkbuf_2_0__f_clk/A (sky130_fd_sc_hd__clkbuf_16)
     9    0.05    0.10    0.29    0.77 ^ clkbuf_2_0__f_clk/X (sky130_fd_sc_hd__clkbuf_16)
                                         clknet_2_0__leaf_clk (net)
                  0.10    0.00    0.77 ^ _343_/CLK (sky130_fd_sc_hd__dfrtp_1)
     4    0.02    0.24    0.96    1.73 v _343_/Q (sky130_fd_sc_hd__dfrtp_1)
                                         one_second_counter[13] (net)
                  0.24    0.00    1.73 v _180_/D (sky130_fd_sc_hd__and4_1)
     2    0.03    0.24    0.69    2.41 v _180_/X (sky130_fd_sc_hd__and4_1)
                                         _078_ (net)
                  0.24    0.00    2.42 v _181_/D (sky130_fd_sc_hd__or4_2)
     1    0.03    0.36    1.68    4.10 v _181_/X (sky130_fd_sc_hd__or4_2)
                                         _079_ (net)
                  0.36    0.00    4.10 v _184_/A3 (sky130_fd_sc_hd__o31a_1)
     1    0.03    0.27    0.80    4.90 v _184_/X (sky130_fd_sc_hd__o31a_1)
                                         _082_ (net)
                  0.27    0.00    4.91 v _186_/A2 (sky130_fd_sc_hd__o211ai_2)
     2    0.02    0.50    0.57    5.47 ^ _186_/Y (sky130_fd_sc_hd__o211ai_2)
                                         _084_ (net)
                  0.50    0.00    5.48 ^ _187_/A2 (sky130_fd_sc_hd__a21bo_2)
     9    0.06    0.50    0.78    6.26 ^ _187_/X (sky130_fd_sc_hd__a21bo_2)
                                         _085_ (net)
                  0.50    0.01    6.26 ^ _202_/A (sky130_fd_sc_hd__clkbuf_4)
    10    0.07    0.35    0.67    6.93 ^ _202_/X (sky130_fd_sc_hd__clkbuf_4)
                                         _095_ (net)
                  0.35    0.01    6.94 ^ _205_/A (sky130_fd_sc_hd__and3_1)
     1    0.01    0.17    0.48    7.42 ^ _205_/X (sky130_fd_sc_hd__and3_1)
                                         _098_ (net)
                  0.17    0.00    7.42 ^ _206_/A (sky130_fd_sc_hd__clkbuf_1)
     1    0.01    0.28    0.36    7.78 ^ _206_/X (sky130_fd_sc_hd__clkbuf_1)
                                         _021_ (net)
                  0.28    0.00    7.79 ^ _334_/D (sky130_fd_sc_hd__dfrtp_4)
                                  7.79   data arrival time

                         10.00   10.00   clock clk (rise edge)
                          0.00   10.00   clock source latency
     1    0.03    0.19    0.13   10.13 ^ clk (in)
                                         clk (net)
                  0.19    0.00   10.13 ^ clkbuf_0_clk/A (sky130_fd_sc_hd__clkbuf_16)
     4    0.05    0.11    0.30   10.43 ^ clkbuf_0_clk/X (sky130_fd_sc_hd__clkbuf_16)
                                         clknet_0_clk (net)
                  0.11    0.00   10.43 ^ clkbuf_2_1__f_clk/A (sky130_fd_sc_hd__clkbuf_16)
    11    0.04    0.09    0.25   10.68 ^ clkbuf_2_1__f_clk/X (sky130_fd_sc_hd__clkbuf_16)
                                         clknet_2_1__leaf_clk (net)
                  0.09    0.00   10.69 ^ _334_/CLK (sky130_fd_sc_hd__dfrtp_4)
                         -0.25   10.44   clock uncertainty
                          0.05   10.48   clock reconvergence pessimism
                         -0.19   10.29   library setup time
                                 10.29   data required time
-----------------------------------------------------------------------------
                                 10.29   data required time
                                 -7.79   data arrival time
-----------------------------------------------------------------------------
                                  2.51   slack (MET)


Startpoint: _342_ (rising edge-triggered flip-flop clocked by clk)
Endpoint: _351_ (rising edge-triggered flip-flop clocked by clk)
Path Group: clk
Path Type: max
Corner: Slowest

Fanout     Cap    Slew   Delay    Time   Description
-----------------------------------------------------------------------------
                          0.00    0.00   clock clk (rise edge)
                          0.00    0.00   clock source latency
     1    0.03    0.19    0.14    0.14 ^ clk (in)
                                         clk (net)
                  0.19    0.00    0.14 ^ clkbuf_0_clk/A (sky130_fd_sc_hd__clkbuf_16)
     4    0.05    0.11    0.33    0.47 ^ clkbuf_0_clk/X (sky130_fd_sc_hd__clkbuf_16)
                                         clknet_0_clk (net)
                  0.11    0.00    0.48 ^ clkbuf_2_1__f_clk/A (sky130_fd_sc_hd__clkbuf_16)
    11    0.04    0.09    0.28    0.76 ^ clkbuf_2_1__f_clk/X (sky130_fd_sc_hd__clkbuf_16)
                                         clknet_2_1__leaf_clk (net)
                  0.09    0.00    0.76 ^ _342_/CLK (sky130_fd_sc_hd__dfrtp_2)
     5    0.04    0.22    1.02    1.78 v _342_/Q (sky130_fd_sc_hd__dfrtp_2)
                                         one_second_counter[12] (net)
                  0.22    0.00    1.78 v _180_/C (sky130_fd_sc_hd__and4_1)
     2    0.03    0.24    0.65    2.43 v _180_/X (sky130_fd_sc_hd__and4_1)
                                         _078_ (net)
                  0.24    0.00    2.44 v _181_/D (sky130_fd_sc_hd__or4_2)
     1    0.03    0.36    1.68    4.12 v _181_/X (sky130_fd_sc_hd__or4_2)
                                         _079_ (net)
                  0.36    0.00    4.12 v _184_/A3 (sky130_fd_sc_hd__o31a_1)
     1    0.03    0.27    0.80    4.92 v _184_/X (sky130_fd_sc_hd__o31a_1)
                                         _082_ (net)
                  0.27    0.00    4.92 v _186_/A2 (sky130_fd_sc_hd__o211ai_2)
     2    0.02    0.50    0.57    5.49 ^ _186_/Y (sky130_fd_sc_hd__o211ai_2)
                                         _084_ (net)
                  0.50    0.00    5.50 ^ _187_/A2 (sky130_fd_sc_hd__a21bo_2)
     9    0.06    0.50    0.78    6.28 ^ _187_/X (sky130_fd_sc_hd__a21bo_2)
                                         _085_ (net)
                  0.50    0.00    6.28 ^ _188_/A (sky130_fd_sc_hd__inv_2)
     2    0.03    0.18    0.33    6.61 v _188_/Y (sky130_fd_sc_hd__inv_2)
                                         _086_ (net)
                  0.18    0.00    6.61 v _189_/A (sky130_fd_sc_hd__buf_4)
    10    0.08    0.20    0.45    7.06 v _189_/X (sky130_fd_sc_hd__buf_4)
                                         _027_ (net)
                  0.20    0.00    7.06 v _268_/C1 (sky130_fd_sc_hd__a211oi_2)
     1    0.02    0.62    0.61    7.67 ^ _268_/Y (sky130_fd_sc_hd__a211oi_2)
                                         _013_ (net)
                  0.62    0.00    7.67 ^ _351_/D (sky130_fd_sc_hd__dfrtp_2)
                                  7.67   data arrival time

                         10.00   10.00   clock clk (rise edge)
                          0.00   10.00   clock source latency
     1    0.03    0.19    0.13   10.13 ^ clk (in)
                                         clk (net)
                  0.19    0.00   10.13 ^ clkbuf_0_clk/A (sky130_fd_sc_hd__clkbuf_16)
     4    0.05    0.11    0.30   10.43 ^ clkbuf_0_clk/X (sky130_fd_sc_hd__clkbuf_16)
                                         clknet_0_clk (net)
                  0.11    0.00   10.43 ^ clkbuf_2_2__f_clk/A (sky130_fd_sc_hd__clkbuf_16)
     7    0.05    0.11    0.27   10.70 ^ clkbuf_2_2__f_clk/X (sky130_fd_sc_hd__clkbuf_16)
                                         clknet_2_2__leaf_clk (net)
                  0.11    0.01   10.70 ^ _351_/CLK (sky130_fd_sc_hd__dfrtp_2)
                         -0.25   10.45   clock uncertainty
                          0.05   10.50   clock reconvergence pessimism
                         -0.27   10.23   library setup time
                                 10.23   data required time
-----------------------------------------------------------------------------
                                 10.23   data required time
                                 -7.67   data arrival time
-----------------------------------------------------------------------------
                                  2.55   slack (MET)


Startpoint: _342_ (rising edge-triggered flip-flop clocked by clk)
Endpoint: _343_ (rising edge-triggered flip-flop clocked by clk)
Path Group: clk
Path Type: max
Corner: Slowest

Fanout     Cap    Slew   Delay    Time   Description
-----------------------------------------------------------------------------
                          0.00    0.00   clock clk (rise edge)
                          0.00    0.00   clock source latency
     1    0.03    0.19    0.14    0.14 ^ clk (in)
                                         clk (net)
                  0.19    0.00    0.14 ^ clkbuf_0_clk/A (sky130_fd_sc_hd__clkbuf_16)
     4    0.05    0.11    0.33    0.47 ^ clkbuf_0_clk/X (sky130_fd_sc_hd__clkbuf_16)
                                         clknet_0_clk (net)
                  0.11    0.00    0.48 ^ clkbuf_2_1__f_clk/A (sky130_fd_sc_hd__clkbuf_16)
    11    0.04    0.09    0.28    0.76 ^ clkbuf_2_1__f_clk/X (sky130_fd_sc_hd__clkbuf_16)
                                         clknet_2_1__leaf_clk (net)
                  0.09    0.00    0.76 ^ _342_/CLK (sky130_fd_sc_hd__dfrtp_2)
     5    0.04    0.22    1.02    1.78 v _342_/Q (sky130_fd_sc_hd__dfrtp_2)
                                         one_second_counter[12] (net)
                  0.22    0.00    1.78 v _180_/C (sky130_fd_sc_hd__and4_1)
     2    0.03    0.24    0.65    2.43 v _180_/X (sky130_fd_sc_hd__and4_1)
                                         _078_ (net)
                  0.24    0.00    2.44 v _181_/D (sky130_fd_sc_hd__or4_2)
     1    0.03    0.36    1.68    4.12 v _181_/X (sky130_fd_sc_hd__or4_2)
                                         _079_ (net)
                  0.36    0.00    4.12 v _184_/A3 (sky130_fd_sc_hd__o31a_1)
     1    0.03    0.27    0.80    4.92 v _184_/X (sky130_fd_sc_hd__o31a_1)
                                         _082_ (net)
                  0.27    0.00    4.92 v _186_/A2 (sky130_fd_sc_hd__o211ai_2)
     2    0.02    0.50    0.57    5.49 ^ _186_/Y (sky130_fd_sc_hd__o211ai_2)
                                         _084_ (net)
                  0.50    0.00    5.50 ^ _187_/A2 (sky130_fd_sc_hd__a21bo_2)
     9    0.06    0.50    0.78    6.28 ^ _187_/X (sky130_fd_sc_hd__a21bo_2)
                                         _085_ (net)
                  0.50    0.01    6.28 ^ _202_/A (sky130_fd_sc_hd__clkbuf_4)
    10    0.07    0.35    0.67    6.95 ^ _202_/X (sky130_fd_sc_hd__clkbuf_4)
                                         _095_ (net)
                  0.35    0.01    6.96 ^ _236_/A (sky130_fd_sc_hd__and3_1)
     1    0.01    0.20    0.51    7.47 ^ _236_/X (sky130_fd_sc_hd__and3_1)
                                         _120_ (net)
                  0.20    0.00    7.47 ^ _237_/A (sky130_fd_sc_hd__clkbuf_1)
     1    0.01    0.14    0.27    7.74 ^ _237_/X (sky130_fd_sc_hd__clkbuf_1)
                                         _004_ (net)
                  0.14    0.00    7.74 ^ _343_/D (sky130_fd_sc_hd__dfrtp_1)
                                  7.74   data arrival time

                         10.00   10.00   clock clk (rise edge)
                          0.00   10.00   clock source latency
     1    0.03    0.19    0.13   10.13 ^ clk (in)
                                         clk (net)
                  0.19    0.00   10.13 ^ clkbuf_0_clk/A (sky130_fd_sc_hd__clkbuf_16)
     4    0.05    0.11    0.30   10.43 ^ clkbuf_0_clk/X (sky130_fd_sc_hd__clkbuf_16)
                                         clknet_0_clk (net)
                  0.11    0.00   10.43 ^ clkbuf_2_0__f_clk/A (sky130_fd_sc_hd__clkbuf_16)
     9    0.05    0.10    0.26   10.69 ^ clkbuf_2_0__f_clk/X (sky130_fd_sc_hd__clkbuf_16)
                                         clknet_2_0__leaf_clk (net)
                  0.10    0.00   10.70 ^ _343_/CLK (sky130_fd_sc_hd__dfrtp_1)
                         -0.25   10.45   clock uncertainty
                          0.05   10.49   clock reconvergence pessimism
                         -0.15   10.35   library setup time
                                 10.35   data required time
-----------------------------------------------------------------------------
                                 10.35   data required time
                                 -7.74   data arrival time
-----------------------------------------------------------------------------
                                  2.61   slack (MET)


Startpoint: _342_ (rising edge-triggered flip-flop clocked by clk)
Endpoint: _341_ (rising edge-triggered flip-flop clocked by clk)
Path Group: clk
Path Type: max
Corner: Slowest

Fanout     Cap    Slew   Delay    Time   Description
-----------------------------------------------------------------------------
                          0.00    0.00   clock clk (rise edge)
                          0.00    0.00   clock source latency
     1    0.03    0.19    0.14    0.14 ^ clk (in)
                                         clk (net)
                  0.19    0.00    0.14 ^ clkbuf_0_clk/A (sky130_fd_sc_hd__clkbuf_16)
     4    0.05    0.11    0.33    0.47 ^ clkbuf_0_clk/X (sky130_fd_sc_hd__clkbuf_16)
                                         clknet_0_clk (net)
                  0.11    0.00    0.48 ^ clkbuf_2_1__f_clk/A (sky130_fd_sc_hd__clkbuf_16)
    11    0.04    0.09    0.28    0.76 ^ clkbuf_2_1__f_clk/X (sky130_fd_sc_hd__clkbuf_16)
                                         clknet_2_1__leaf_clk (net)
                  0.09    0.00    0.76 ^ _342_/CLK (sky130_fd_sc_hd__dfrtp_2)
     5    0.04    0.22    1.02    1.78 v _342_/Q (sky130_fd_sc_hd__dfrtp_2)
                                         one_second_counter[12] (net)
                  0.22    0.00    1.78 v _180_/C (sky130_fd_sc_hd__and4_1)
     2    0.03    0.24    0.65    2.43 v _180_/X (sky130_fd_sc_hd__and4_1)
                                         _078_ (net)
                  0.24    0.00    2.44 v _181_/D (sky130_fd_sc_hd__or4_2)
     1    0.03    0.36    1.68    4.12 v _181_/X (sky130_fd_sc_hd__or4_2)
                                         _079_ (net)
                  0.36    0.00    4.12 v _184_/A3 (sky130_fd_sc_hd__o31a_1)
     1    0.03    0.27    0.80    4.92 v _184_/X (sky130_fd_sc_hd__o31a_1)
                                         _082_ (net)
                  0.27    0.00    4.92 v _186_/A2 (sky130_fd_sc_hd__o211ai_2)
     2    0.02    0.50    0.57    5.49 ^ _186_/Y (sky130_fd_sc_hd__o211ai_2)
                                         _084_ (net)
                  0.50    0.00    5.50 ^ _187_/A2 (sky130_fd_sc_hd__a21bo_2)
     9    0.06    0.50    0.78    6.28 ^ _187_/X (sky130_fd_sc_hd__a21bo_2)
                                         _085_ (net)
                  0.50    0.00    6.28 ^ _188_/A (sky130_fd_sc_hd__inv_2)
     2    0.03    0.18    0.33    6.61 v _188_/Y (sky130_fd_sc_hd__inv_2)
                                         _086_ (net)
                  0.18    0.00    6.61 v _189_/A (sky130_fd_sc_hd__buf_4)
    10    0.08    0.20    0.45    7.06 v _189_/X (sky130_fd_sc_hd__buf_4)
                                         _027_ (net)
                  0.20    0.00    7.06 v _229_/A (sky130_fd_sc_hd__nor3_1)
     1    0.01    0.47    0.56    7.62 ^ _229_/Y (sky130_fd_sc_hd__nor3_1)
                                         _002_ (net)
                  0.47    0.00    7.62 ^ _341_/D (sky130_fd_sc_hd__dfrtp_4)
                                  7.62   data arrival time

                         10.00   10.00   clock clk (rise edge)
                          0.00   10.00   clock source latency
     1    0.03    0.19    0.13   10.13 ^ clk (in)
                                         clk (net)
                  0.19    0.00   10.13 ^ clkbuf_0_clk/A (sky130_fd_sc_hd__clkbuf_16)
     4    0.05    0.11    0.30   10.43 ^ clkbuf_0_clk/X (sky130_fd_sc_hd__clkbuf_16)
                                         clknet_0_clk (net)
                  0.11    0.00   10.43 ^ clkbuf_2_0__f_clk/A (sky130_fd_sc_hd__clkbuf_16)
     9    0.05    0.10    0.26   10.69 ^ clkbuf_2_0__f_clk/X (sky130_fd_sc_hd__clkbuf_16)
                                         clknet_2_0__leaf_clk (net)
                  0.10    0.00   10.70 ^ _341_/CLK (sky130_fd_sc_hd__dfrtp_4)
                         -0.25   10.45   clock uncertainty
                          0.05   10.49   clock reconvergence pessimism
                         -0.23   10.26   library setup time
                                 10.26   data required time
-----------------------------------------------------------------------------
                                 10.26   data required time
                                 -7.62   data arrival time
-----------------------------------------------------------------------------
                                  2.64   slack (MET)


Startpoint: _361_ (rising edge-triggered flip-flop clocked by clk)
Endpoint: seg[3] (output port clocked by clk)
Path Group: clk
Path Type: max
Corner: Slowest

Fanout     Cap    Slew   Delay    Time   Description
-----------------------------------------------------------------------------
                          0.00    0.00   clock clk (rise edge)
                          0.00    0.00   clock source latency
     1    0.03    0.19    0.14    0.14 ^ clk (in)
                                         clk (net)
                  0.19    0.00    0.14 ^ clkbuf_0_clk/A (sky130_fd_sc_hd__clkbuf_16)
     4    0.05    0.11    0.33    0.47 ^ clkbuf_0_clk/X (sky130_fd_sc_hd__clkbuf_16)
                                         clknet_0_clk (net)
                  0.11    0.00    0.48 ^ clkbuf_2_0__f_clk/A (sky130_fd_sc_hd__clkbuf_16)
     9    0.05    0.10    0.29    0.77 ^ clkbuf_2_0__f_clk/X (sky130_fd_sc_hd__clkbuf_16)
                                         clknet_2_0__leaf_clk (net)
                  0.10    0.00    0.77 ^ _361_/CLK (sky130_fd_sc_hd__dfrtp_4)
     6    0.05    0.22    1.21    1.98 v _361_/Q (sky130_fd_sc_hd__dfrtp_4)
                                         decoder.digit[3] (net)
                  0.22    0.01    1.99 v _165_/A (sky130_fd_sc_hd__nor2_2)
     2    0.04    0.64    0.65    2.64 ^ _165_/Y (sky130_fd_sc_hd__nor2_2)
                                         _066_ (net)
                  0.64    0.00    2.64 ^ _166_/B (sky130_fd_sc_hd__nand2_2)
     3    0.05    0.42    0.59    3.24 v _166_/Y (sky130_fd_sc_hd__nand2_2)
                                         _067_ (net)
                  0.42    0.01    3.24 v _167_/B (sky130_fd_sc_hd__nor2_2)
     3    0.04    0.65    0.71    3.95 ^ _167_/Y (sky130_fd_sc_hd__nor2_2)
                                         _068_ (net)
                  0.65    0.01    3.96 ^ _287_/B1 (sky130_fd_sc_hd__a2111o_1)
     2    0.02    0.34    0.62    4.58 ^ _287_/X (sky130_fd_sc_hd__a2111o_1)
                                         net5 (net)
                  0.34    0.00    4.58 ^ output5/A (sky130_fd_sc_hd__buf_2)
     1    0.03    0.27    0.48    5.06 ^ output5/X (sky130_fd_sc_hd__buf_2)
                                         seg[3] (net)
                  0.27    0.00    5.07 ^ seg[3] (out)
                                  5.07   data arrival time

                         10.00   10.00   clock clk (rise edge)
                          0.00   10.00   clock network delay (propagated)
                         -0.25    9.75   clock uncertainty
                          0.00    9.75   clock reconvergence pessimism
                         -2.00    7.75   output external delay
                                  7.75   data required time
-----------------------------------------------------------------------------
                                  7.75   data required time
                                 -5.07   data arrival time
-----------------------------------------------------------------------------
                                  2.68   slack (MET)


Startpoint: _342_ (rising edge-triggered flip-flop clocked by clk)
Endpoint: _352_ (rising edge-triggered flip-flop clocked by clk)
Path Group: clk
Path Type: max
Corner: Slowest

Fanout     Cap    Slew   Delay    Time   Description
-----------------------------------------------------------------------------
                          0.00    0.00   clock clk (rise edge)
                          0.00    0.00   clock source latency
     1    0.03    0.19    0.14    0.14 ^ clk (in)
                                         clk (net)
                  0.19    0.00    0.14 ^ clkbuf_0_clk/A (sky130_fd_sc_hd__clkbuf_16)
     4    0.05    0.11    0.33    0.47 ^ clkbuf_0_clk/X (sky130_fd_sc_hd__clkbuf_16)
                                         clknet_0_clk (net)
                  0.11    0.00    0.48 ^ clkbuf_2_1__f_clk/A (sky130_fd_sc_hd__clkbuf_16)
    11    0.04    0.09    0.28    0.76 ^ clkbuf_2_1__f_clk/X (sky130_fd_sc_hd__clkbuf_16)
                                         clknet_2_1__leaf_clk (net)
                  0.09    0.00    0.76 ^ _342_/CLK (sky130_fd_sc_hd__dfrtp_2)
     5    0.04    0.22    1.02    1.78 v _342_/Q (sky130_fd_sc_hd__dfrtp_2)
                                         one_second_counter[12] (net)
                  0.22    0.00    1.78 v _180_/C (sky130_fd_sc_hd__and4_1)
     2    0.03    0.24    0.65    2.43 v _180_/X (sky130_fd_sc_hd__and4_1)
                                         _078_ (net)
                  0.24    0.00    2.44 v _181_/D (sky130_fd_sc_hd__or4_2)
     1    0.03    0.36    1.68    4.12 v _181_/X (sky130_fd_sc_hd__or4_2)
                                         _079_ (net)
                  0.36    0.00    4.12 v _184_/A3 (sky130_fd_sc_hd__o31a_1)
     1    0.03    0.27    0.80    4.92 v _184_/X (sky130_fd_sc_hd__o31a_1)
                                         _082_ (net)
                  0.27    0.00    4.92 v _186_/A2 (sky130_fd_sc_hd__o211ai_2)
     2    0.02    0.50    0.57    5.49 ^ _186_/Y (sky130_fd_sc_hd__o211ai_2)
                                         _084_ (net)
                  0.50    0.00    5.50 ^ _187_/A2 (sky130_fd_sc_hd__a21bo_2)
     9    0.06    0.50    0.78    6.28 ^ _187_/X (sky130_fd_sc_hd__a21bo_2)
                                         _085_ (net)
                  0.50    0.00    6.28 ^ _271_/A (sky130_fd_sc_hd__and3_1)
     1    0.02    0.36    0.69    6.97 ^ _271_/X (sky130_fd_sc_hd__and3_1)
                                         _146_ (net)
                  0.36    0.00    6.98 ^ _272_/A (sky130_fd_sc_hd__buf_1)
     1    0.02    0.46    0.55    7.53 ^ _272_/X (sky130_fd_sc_hd__buf_1)
                                         _014_ (net)
                  0.46    0.00    7.53 ^ _352_/D (sky130_fd_sc_hd__dfrtp_1)
                                  7.53   data arrival time

                         10.00   10.00   clock clk (rise edge)
                          0.00   10.00   clock source latency
     1    0.03    0.19    0.13   10.13 ^ clk (in)
                                         clk (net)
                  0.19    0.00   10.13 ^ clkbuf_0_clk/A (sky130_fd_sc_hd__clkbuf_16)
     4    0.05    0.11    0.30   10.43 ^ clkbuf_0_clk/X (sky130_fd_sc_hd__clkbuf_16)
                                         clknet_0_clk (net)
                  0.11    0.00   10.43 ^ clkbuf_2_0__f_clk/A (sky130_fd_sc_hd__clkbuf_16)
     9    0.05    0.10    0.26   10.69 ^ clkbuf_2_0__f_clk/X (sky130_fd_sc_hd__clkbuf_16)
                                         clknet_2_0__leaf_clk (net)
                  0.10    0.00   10.70 ^ _352_/CLK (sky130_fd_sc_hd__dfrtp_1)
                         -0.25   10.45   clock uncertainty
                          0.05   10.49   clock reconvergence pessimism
                         -0.22   10.27   library setup time
                                 10.27   data required time
-----------------------------------------------------------------------------
                                 10.27   data required time
                                 -7.53   data arrival time
-----------------------------------------------------------------------------
                                  2.73   slack (MET)


Startpoint: _342_ (rising edge-triggered flip-flop clocked by clk)
Endpoint: _348_ (rising edge-triggered flip-flop clocked by clk)
Path Group: clk
Path Type: max
Corner: Slowest

Fanout     Cap    Slew   Delay    Time   Description
-----------------------------------------------------------------------------
                          0.00    0.00   clock clk (rise edge)
                          0.00    0.00   clock source latency
     1    0.03    0.19    0.14    0.14 ^ clk (in)
                                         clk (net)
                  0.19    0.00    0.14 ^ clkbuf_0_clk/A (sky130_fd_sc_hd__clkbuf_16)
     4    0.05    0.11    0.33    0.47 ^ clkbuf_0_clk/X (sky130_fd_sc_hd__clkbuf_16)
                                         clknet_0_clk (net)
                  0.11    0.00    0.48 ^ clkbuf_2_1__f_clk/A (sky130_fd_sc_hd__clkbuf_16)
    11    0.04    0.09    0.28    0.76 ^ clkbuf_2_1__f_clk/X (sky130_fd_sc_hd__clkbuf_16)
                                         clknet_2_1__leaf_clk (net)
                  0.09    0.00    0.76 ^ _342_/CLK (sky130_fd_sc_hd__dfrtp_2)
     5    0.04    0.22    1.02    1.78 v _342_/Q (sky130_fd_sc_hd__dfrtp_2)
                                         one_second_counter[12] (net)
                  0.22    0.00    1.78 v _180_/C (sky130_fd_sc_hd__and4_1)
     2    0.03    0.24    0.65    2.43 v _180_/X (sky130_fd_sc_hd__and4_1)
                                         _078_ (net)
                  0.24    0.00    2.44 v _181_/D (sky130_fd_sc_hd__or4_2)
     1    0.03    0.36    1.68    4.12 v _181_/X (sky130_fd_sc_hd__or4_2)
                                         _079_ (net)
                  0.36    0.00    4.12 v _184_/A3 (sky130_fd_sc_hd__o31a_1)
     1    0.03    0.27    0.80    4.92 v _184_/X (sky130_fd_sc_hd__o31a_1)
                                         _082_ (net)
                  0.27    0.00    4.92 v _186_/A2 (sky130_fd_sc_hd__o211ai_2)
     2    0.02    0.50    0.57    5.49 ^ _186_/Y (sky130_fd_sc_hd__o211ai_2)
                                         _084_ (net)
                  0.50    0.00    5.50 ^ _187_/A2 (sky130_fd_sc_hd__a21bo_2)
     9    0.06    0.50    0.78    6.28 ^ _187_/X (sky130_fd_sc_hd__a21bo_2)
                                         _085_ (net)
                  0.50    0.01    6.28 ^ _202_/A (sky130_fd_sc_hd__clkbuf_4)
    10    0.07    0.35    0.67    6.95 ^ _202_/X (sky130_fd_sc_hd__clkbuf_4)
                                         _095_ (net)
                  0.35    0.01    6.96 ^ _255_/C1 (sky130_fd_sc_hd__o211a_1)
     1    0.02    0.22    0.54    7.50 ^ _255_/X (sky130_fd_sc_hd__o211a_1)
                                         _009_ (net)
                  0.22    0.00    7.50 ^ _348_/D (sky130_fd_sc_hd__dfrtp_4)
                                  7.50   data arrival time

                         10.00   10.00   clock clk (rise edge)
                          0.00   10.00   clock source latency
     1    0.03    0.19    0.13   10.13 ^ clk (in)
                                         clk (net)
                  0.19    0.00   10.13 ^ clkbuf_0_clk/A (sky130_fd_sc_hd__clkbuf_16)
     4    0.05    0.11    0.30   10.43 ^ clkbuf_0_clk/X (sky130_fd_sc_hd__clkbuf_16)
                                         clknet_0_clk (net)
                  0.11    0.00   10.43 ^ clkbuf_2_0__f_clk/A (sky130_fd_sc_hd__clkbuf_16)
     9    0.05    0.10    0.26   10.69 ^ clkbuf_2_0__f_clk/X (sky130_fd_sc_hd__clkbuf_16)
                                         clknet_2_0__leaf_clk (net)
                  0.10    0.00   10.70 ^ _348_/CLK (sky130_fd_sc_hd__dfrtp_4)
                         -0.25   10.45   clock uncertainty
                          0.05   10.49   clock reconvergence pessimism
                         -0.17   10.32   library setup time
                                 10.32   data required time
-----------------------------------------------------------------------------
                                 10.32   data required time
                                 -7.50   data arrival time
-----------------------------------------------------------------------------
                                  2.82   slack (MET)


Startpoint: _361_ (rising edge-triggered flip-flop clocked by clk)
Endpoint: seg[1] (output port clocked by clk)
Path Group: clk
Path Type: max
Corner: Slowest

Fanout     Cap    Slew   Delay    Time   Description
-----------------------------------------------------------------------------
                          0.00    0.00   clock clk (rise edge)
                          0.00    0.00   clock source latency
     1    0.03    0.19    0.14    0.14 ^ clk (in)
                                         clk (net)
                  0.19    0.00    0.14 ^ clkbuf_0_clk/A (sky130_fd_sc_hd__clkbuf_16)
     4    0.05    0.11    0.33    0.47 ^ clkbuf_0_clk/X (sky130_fd_sc_hd__clkbuf_16)
                                         clknet_0_clk (net)
                  0.11    0.00    0.48 ^ clkbuf_2_0__f_clk/A (sky130_fd_sc_hd__clkbuf_16)
     9    0.05    0.10    0.29    0.77 ^ clkbuf_2_0__f_clk/X (sky130_fd_sc_hd__clkbuf_16)
                                         clknet_2_0__leaf_clk (net)
                  0.10    0.00    0.77 ^ _361_/CLK (sky130_fd_sc_hd__dfrtp_4)
     6    0.05    0.22    1.21    1.98 v _361_/Q (sky130_fd_sc_hd__dfrtp_4)
                                         decoder.digit[3] (net)
                  0.22    0.01    1.99 v _165_/A (sky130_fd_sc_hd__nor2_2)
     2    0.04    0.64    0.65    2.64 ^ _165_/Y (sky130_fd_sc_hd__nor2_2)
                                         _066_ (net)
                  0.64    0.00    2.64 ^ _166_/B (sky130_fd_sc_hd__nand2_2)
     3    0.05    0.42    0.59    3.24 v _166_/Y (sky130_fd_sc_hd__nand2_2)
                                         _067_ (net)
                  0.42    0.01    3.24 v _167_/B (sky130_fd_sc_hd__nor2_2)
     3    0.04    0.65    0.71    3.95 ^ _167_/Y (sky130_fd_sc_hd__nor2_2)
                                         _068_ (net)
                  0.65    0.00    3.96 ^ _288_/A (sky130_fd_sc_hd__nor2_1)
     1    0.02    0.30    0.48    4.44 v _288_/Y (sky130_fd_sc_hd__nor2_1)
                                         net3 (net)
                  0.30    0.00    4.44 v output3/A (sky130_fd_sc_hd__buf_2)
     1    0.03    0.17    0.48    4.92 v output3/X (sky130_fd_sc_hd__buf_2)
                                         seg[1] (net)
                  0.17    0.00    4.92 v seg[1] (out)
                                  4.92   data arrival time

                         10.00   10.00   clock clk (rise edge)
                          0.00   10.00   clock network delay (propagated)
                         -0.25    9.75   clock uncertainty
                          0.00    9.75   clock reconvergence pessimism
                         -2.00    7.75   output external delay
                                  7.75   data required time
-----------------------------------------------------------------------------
                                  7.75   data required time
                                 -4.92   data arrival time
-----------------------------------------------------------------------------
                                  2.83   slack (MET)


Startpoint: _343_ (rising edge-triggered flip-flop clocked by clk)
Endpoint: _330_ (rising edge-triggered flip-flop clocked by clk)
Path Group: clk
Path Type: max
Corner: Slowest

Fanout     Cap    Slew   Delay    Time   Description
-----------------------------------------------------------------------------
                          0.00    0.00   clock clk (rise edge)
                          0.00    0.00   clock source latency
     1    0.03    0.19    0.14    0.14 ^ clk (in)
                                         clk (net)
                  0.19    0.00    0.14 ^ clkbuf_0_clk/A (sky130_fd_sc_hd__clkbuf_16)
     4    0.05    0.11    0.33    0.47 ^ clkbuf_0_clk/X (sky130_fd_sc_hd__clkbuf_16)
                                         clknet_0_clk (net)
                  0.11    0.00    0.48 ^ clkbuf_2_0__f_clk/A (sky130_fd_sc_hd__clkbuf_16)
     9    0.05    0.10    0.29    0.77 ^ clkbuf_2_0__f_clk/X (sky130_fd_sc_hd__clkbuf_16)
                                         clknet_2_0__leaf_clk (net)
                  0.10    0.00    0.77 ^ _343_/CLK (sky130_fd_sc_hd__dfrtp_1)
     4    0.02    0.24    0.96    1.73 v _343_/Q (sky130_fd_sc_hd__dfrtp_1)
                                         one_second_counter[13] (net)
                  0.24    0.00    1.73 v _180_/D (sky130_fd_sc_hd__and4_1)
     2    0.03    0.24    0.69    2.41 v _180_/X (sky130_fd_sc_hd__and4_1)
                                         _078_ (net)
                  0.24    0.00    2.42 v _181_/D (sky130_fd_sc_hd__or4_2)
     1    0.03    0.36    1.68    4.10 v _181_/X (sky130_fd_sc_hd__or4_2)
                                         _079_ (net)
                  0.36    0.00    4.10 v _184_/A3 (sky130_fd_sc_hd__o31a_1)
     1    0.03    0.27    0.80    4.90 v _184_/X (sky130_fd_sc_hd__o31a_1)
                                         _082_ (net)
                  0.27    0.00    4.91 v _186_/A2 (sky130_fd_sc_hd__o211ai_2)
     2    0.02    0.50    0.57    5.47 ^ _186_/Y (sky130_fd_sc_hd__o211ai_2)
                                         _084_ (net)
                  0.50    0.00    5.48 ^ _187_/A2 (sky130_fd_sc_hd__a21bo_2)
     9    0.06    0.50    0.78    6.26 ^ _187_/X (sky130_fd_sc_hd__a21bo_2)
                                         _085_ (net)
                  0.50    0.00    6.26 ^ _188_/A (sky130_fd_sc_hd__inv_2)
     2    0.03    0.18    0.33    6.59 v _188_/Y (sky130_fd_sc_hd__inv_2)
                                         _086_ (net)
                  0.18    0.00    6.59 v _189_/A (sky130_fd_sc_hd__buf_4)
    10    0.08    0.20    0.45    7.04 v _189_/X (sky130_fd_sc_hd__buf_4)
                                         _027_ (net)
                  0.20    0.01    7.05 v _190_/B (sky130_fd_sc_hd__nor2_1)
     1    0.01    0.33    0.36    7.40 ^ _190_/Y (sky130_fd_sc_hd__nor2_1)
                                         _000_ (net)
                  0.33    0.00    7.41 ^ _330_/D (sky130_fd_sc_hd__dfrtp_4)
                                  7.41   data arrival time

                         10.00   10.00   clock clk (rise edge)
                          0.00   10.00   clock source latency
     1    0.03    0.19    0.13   10.13 ^ clk (in)
                                         clk (net)
                  0.19    0.00   10.13 ^ clkbuf_0_clk/A (sky130_fd_sc_hd__clkbuf_16)
     4    0.05    0.11    0.30   10.43 ^ clkbuf_0_clk/X (sky130_fd_sc_hd__clkbuf_16)
                                         clknet_0_clk (net)
                  0.11    0.00   10.43 ^ clkbuf_2_1__f_clk/A (sky130_fd_sc_hd__clkbuf_16)
    11    0.04    0.09    0.25   10.68 ^ clkbuf_2_1__f_clk/X (sky130_fd_sc_hd__clkbuf_16)
                                         clknet_2_1__leaf_clk (net)
                  0.09    0.00   10.69 ^ _330_/CLK (sky130_fd_sc_hd__dfrtp_4)
                         -0.25   10.44   clock uncertainty
                          0.05   10.48   clock reconvergence pessimism
                         -0.20   10.28   library setup time
                                 10.28   data required time
-----------------------------------------------------------------------------
                                 10.28   data required time
                                 -7.41   data arrival time
-----------------------------------------------------------------------------
                                  2.88   slack (MET)


Startpoint: _342_ (rising edge-triggered flip-flop clocked by clk)
Endpoint: _350_ (rising edge-triggered flip-flop clocked by clk)
Path Group: clk
Path Type: max
Corner: Slowest

Fanout     Cap    Slew   Delay    Time   Description
-----------------------------------------------------------------------------
                          0.00    0.00   clock clk (rise edge)
                          0.00    0.00   clock source latency
     1    0.03    0.19    0.14    0.14 ^ clk (in)
                                         clk (net)
                  0.19    0.00    0.14 ^ clkbuf_0_clk/A (sky130_fd_sc_hd__clkbuf_16)
     4    0.05    0.11    0.33    0.47 ^ clkbuf_0_clk/X (sky130_fd_sc_hd__clkbuf_16)
                                         clknet_0_clk (net)
                  0.11    0.00    0.48 ^ clkbuf_2_1__f_clk/A (sky130_fd_sc_hd__clkbuf_16)
    11    0.04    0.09    0.28    0.76 ^ clkbuf_2_1__f_clk/X (sky130_fd_sc_hd__clkbuf_16)
                                         clknet_2_1__leaf_clk (net)
                  0.09    0.00    0.76 ^ _342_/CLK (sky130_fd_sc_hd__dfrtp_2)
     5    0.04    0.22    1.02    1.78 v _342_/Q (sky130_fd_sc_hd__dfrtp_2)
                                         one_second_counter[12] (net)
                  0.22    0.00    1.78 v _180_/C (sky130_fd_sc_hd__and4_1)
     2    0.03    0.24    0.65    2.43 v _180_/X (sky130_fd_sc_hd__and4_1)
                                         _078_ (net)
                  0.24    0.00    2.44 v _181_/D (sky130_fd_sc_hd__or4_2)
     1    0.03    0.36    1.68    4.12 v _181_/X (sky130_fd_sc_hd__or4_2)
                                         _079_ (net)
                  0.36    0.00    4.12 v _184_/A3 (sky130_fd_sc_hd__o31a_1)
     1    0.03    0.27    0.80    4.92 v _184_/X (sky130_fd_sc_hd__o31a_1)
                                         _082_ (net)
                  0.27    0.00    4.92 v _186_/A2 (sky130_fd_sc_hd__o211ai_2)
     2    0.02    0.50    0.57    5.49 ^ _186_/Y (sky130_fd_sc_hd__o211ai_2)
                                         _084_ (net)
                  0.50    0.00    5.50 ^ _187_/A2 (sky130_fd_sc_hd__a21bo_2)
     9    0.06    0.50    0.78    6.28 ^ _187_/X (sky130_fd_sc_hd__a21bo_2)
                                         _085_ (net)
                  0.50    0.00    6.28 ^ _264_/A (sky130_fd_sc_hd__and3_1)
     1    0.03    0.42    0.74    7.02 ^ _264_/X (sky130_fd_sc_hd__and3_1)
                                         _141_ (net)
                  0.42    0.00    7.02 ^ _265_/A (sky130_fd_sc_hd__clkbuf_1)
     1    0.01    0.21    0.39    7.41 ^ _265_/X (sky130_fd_sc_hd__clkbuf_1)
                                         _012_ (net)
                  0.21    0.00    7.41 ^ _350_/D (sky130_fd_sc_hd__dfrtp_2)
                                  7.41   data arrival time

                         10.00   10.00   clock clk (rise edge)
                          0.00   10.00   clock source latency
     1    0.03    0.19    0.13   10.13 ^ clk (in)
                                         clk (net)
                  0.19    0.00   10.13 ^ clkbuf_0_clk/A (sky130_fd_sc_hd__clkbuf_16)
     4    0.05    0.11    0.30   10.43 ^ clkbuf_0_clk/X (sky130_fd_sc_hd__clkbuf_16)
                                         clknet_0_clk (net)
                  0.11    0.00   10.43 ^ clkbuf_2_3__f_clk/A (sky130_fd_sc_hd__clkbuf_16)
     8    0.04    0.10    0.26   10.69 ^ clkbuf_2_3__f_clk/X (sky130_fd_sc_hd__clkbuf_16)
                                         clknet_2_3__leaf_clk (net)
                  0.10    0.00   10.69 ^ _350_/CLK (sky130_fd_sc_hd__dfrtp_2)
                         -0.25   10.44   clock uncertainty
                          0.05   10.49   clock reconvergence pessimism
                         -0.17   10.32   library setup time
                                 10.32   data required time
-----------------------------------------------------------------------------
                                 10.32   data required time
                                 -7.41   data arrival time
-----------------------------------------------------------------------------
                                  2.91   slack (MET)


Startpoint: _343_ (rising edge-triggered flip-flop clocked by clk)
Endpoint: _356_ (rising edge-triggered flip-flop clocked by clk)
Path Group: clk
Path Type: max
Corner: Slowest

Fanout     Cap    Slew   Delay    Time   Description
-----------------------------------------------------------------------------
                          0.00    0.00   clock clk (rise edge)
                          0.00    0.00   clock source latency
     1    0.03    0.19    0.14    0.14 ^ clk (in)
                                         clk (net)
                  0.19    0.00    0.14 ^ clkbuf_0_clk/A (sky130_fd_sc_hd__clkbuf_16)
     4    0.05    0.11    0.33    0.47 ^ clkbuf_0_clk/X (sky130_fd_sc_hd__clkbuf_16)
                                         clknet_0_clk (net)
                  0.11    0.00    0.48 ^ clkbuf_2_0__f_clk/A (sky130_fd_sc_hd__clkbuf_16)
     9    0.05    0.10    0.29    0.77 ^ clkbuf_2_0__f_clk/X (sky130_fd_sc_hd__clkbuf_16)
                                         clknet_2_0__leaf_clk (net)
                  0.10    0.00    0.77 ^ _343_/CLK (sky130_fd_sc_hd__dfrtp_1)
     4    0.02    0.24    0.96    1.73 v _343_/Q (sky130_fd_sc_hd__dfrtp_1)
                                         one_second_counter[13] (net)
                  0.24    0.00    1.73 v _180_/D (sky130_fd_sc_hd__and4_1)
     2    0.03    0.24    0.69    2.41 v _180_/X (sky130_fd_sc_hd__and4_1)
                                         _078_ (net)
                  0.24    0.00    2.42 v _181_/D (sky130_fd_sc_hd__or4_2)
     1    0.03    0.36    1.68    4.10 v _181_/X (sky130_fd_sc_hd__or4_2)
                                         _079_ (net)
                  0.36    0.00    4.10 v _184_/A3 (sky130_fd_sc_hd__o31a_1)
     1    0.03    0.27    0.80    4.90 v _184_/X (sky130_fd_sc_hd__o31a_1)
                                         _082_ (net)
                  0.27    0.00    4.91 v _186_/A2 (sky130_fd_sc_hd__o211ai_2)
     2    0.02    0.50    0.57    5.47 ^ _186_/Y (sky130_fd_sc_hd__o211ai_2)
                                         _084_ (net)
                  0.50    0.00    5.48 ^ _187_/A2 (sky130_fd_sc_hd__a21bo_2)
     9    0.06    0.50    0.78    6.26 ^ _187_/X (sky130_fd_sc_hd__a21bo_2)
                                         _085_ (net)
                  0.50    0.01    6.26 ^ _202_/A (sky130_fd_sc_hd__clkbuf_4)
    10    0.07    0.35    0.67    6.93 ^ _202_/X (sky130_fd_sc_hd__clkbuf_4)
                                         _095_ (net)
                  0.35    0.01    6.94 ^ _284_/B1 (sky130_fd_sc_hd__o211a_1)
     1    0.00    0.10    0.44    7.38 ^ _284_/X (sky130_fd_sc_hd__o211a_1)
                                         _018_ (net)
                  0.10    0.00    7.38 ^ _356_/D (sky130_fd_sc_hd__dfrtp_1)
                                  7.38   data arrival time

                         10.00   10.00   clock clk (rise edge)
                          0.00   10.00   clock source latency
     1    0.03    0.19    0.13   10.13 ^ clk (in)
                                         clk (net)
                  0.19    0.00   10.13 ^ clkbuf_0_clk/A (sky130_fd_sc_hd__clkbuf_16)
     4    0.05    0.11    0.30   10.43 ^ clkbuf_0_clk/X (sky130_fd_sc_hd__clkbuf_16)
                                         clknet_0_clk (net)
                  0.11    0.00   10.43 ^ clkbuf_2_1__f_clk/A (sky130_fd_sc_hd__clkbuf_16)
    11    0.04    0.09    0.25   10.68 ^ clkbuf_2_1__f_clk/X (sky130_fd_sc_hd__clkbuf_16)
                                         clknet_2_1__leaf_clk (net)
                  0.09    0.00   10.69 ^ _356_/CLK (sky130_fd_sc_hd__dfrtp_1)
                         -0.25   10.44   clock uncertainty
                          0.05   10.48   clock reconvergence pessimism
                         -0.14   10.34   library setup time
                                 10.34   data required time
-----------------------------------------------------------------------------
                                 10.34   data required time
                                 -7.38   data arrival time
-----------------------------------------------------------------------------
                                  2.97   slack (MET)


Startpoint: _343_ (rising edge-triggered flip-flop clocked by clk)
Endpoint: _347_ (rising edge-triggered flip-flop clocked by clk)
Path Group: clk
Path Type: max
Corner: Slowest

Fanout     Cap    Slew   Delay    Time   Description
-----------------------------------------------------------------------------
                          0.00    0.00   clock clk (rise edge)
                          0.00    0.00   clock source latency
     1    0.03    0.19    0.14    0.14 ^ clk (in)
                                         clk (net)
                  0.19    0.00    0.14 ^ clkbuf_0_clk/A (sky130_fd_sc_hd__clkbuf_16)
     4    0.05    0.11    0.33    0.47 ^ clkbuf_0_clk/X (sky130_fd_sc_hd__clkbuf_16)
                                         clknet_0_clk (net)
                  0.11    0.00    0.48 ^ clkbuf_2_0__f_clk/A (sky130_fd_sc_hd__clkbuf_16)
     9    0.05    0.10    0.29    0.77 ^ clkbuf_2_0__f_clk/X (sky130_fd_sc_hd__clkbuf_16)
                                         clknet_2_0__leaf_clk (net)
                  0.10    0.00    0.77 ^ _343_/CLK (sky130_fd_sc_hd__dfrtp_1)
     4    0.02    0.24    0.96    1.73 v _343_/Q (sky130_fd_sc_hd__dfrtp_1)
                                         one_second_counter[13] (net)
                  0.24    0.00    1.73 v _180_/D (sky130_fd_sc_hd__and4_1)
     2    0.03    0.24    0.69    2.41 v _180_/X (sky130_fd_sc_hd__and4_1)
                                         _078_ (net)
                  0.24    0.00    2.42 v _181_/D (sky130_fd_sc_hd__or4_2)
     1    0.03    0.36    1.68    4.10 v _181_/X (sky130_fd_sc_hd__or4_2)
                                         _079_ (net)
                  0.36    0.00    4.10 v _184_/A3 (sky130_fd_sc_hd__o31a_1)
     1    0.03    0.27    0.80    4.90 v _184_/X (sky130_fd_sc_hd__o31a_1)
                                         _082_ (net)
                  0.27    0.00    4.91 v _186_/A2 (sky130_fd_sc_hd__o211ai_2)
     2    0.02    0.50    0.57    5.47 ^ _186_/Y (sky130_fd_sc_hd__o211ai_2)
                                         _084_ (net)
                  0.50    0.00    5.48 ^ _187_/A2 (sky130_fd_sc_hd__a21bo_2)
     9    0.06    0.50    0.78    6.26 ^ _187_/X (sky130_fd_sc_hd__a21bo_2)
                                         _085_ (net)
                  0.50    0.00    6.26 ^ _188_/A (sky130_fd_sc_hd__inv_2)
     2    0.03    0.18    0.33    6.59 v _188_/Y (sky130_fd_sc_hd__inv_2)
                                         _086_ (net)
                  0.18    0.00    6.59 v _189_/A (sky130_fd_sc_hd__buf_4)
    10    0.08    0.20    0.45    7.04 v _189_/X (sky130_fd_sc_hd__buf_4)
                                         _027_ (net)
                  0.20    0.01    7.05 v _252_/A (sky130_fd_sc_hd__nor2_1)
     1    0.01    0.21    0.28    7.33 ^ _252_/Y (sky130_fd_sc_hd__nor2_1)
                                         _008_ (net)
                  0.21    0.00    7.33 ^ _347_/D (sky130_fd_sc_hd__dfrtp_4)
                                  7.33   data arrival time

                         10.00   10.00   clock clk (rise edge)
                          0.00   10.00   clock source latency
     1    0.03    0.19    0.13   10.13 ^ clk (in)
                                         clk (net)
                  0.19    0.00   10.13 ^ clkbuf_0_clk/A (sky130_fd_sc_hd__clkbuf_16)
     4    0.05    0.11    0.30   10.43 ^ clkbuf_0_clk/X (sky130_fd_sc_hd__clkbuf_16)
                                         clknet_0_clk (net)
                  0.11    0.00   10.43 ^ clkbuf_2_1__f_clk/A (sky130_fd_sc_hd__clkbuf_16)
    11    0.04    0.09    0.25   10.68 ^ clkbuf_2_1__f_clk/X (sky130_fd_sc_hd__clkbuf_16)
                                         clknet_2_1__leaf_clk (net)
                  0.09    0.00   10.69 ^ _347_/CLK (sky130_fd_sc_hd__dfrtp_4)
                         -0.25   10.44   clock uncertainty
                          0.05   10.48   clock reconvergence pessimism
                         -0.17   10.31   library setup time
                                 10.31   data required time
-----------------------------------------------------------------------------
                                 10.31   data required time
                                 -7.33   data arrival time
-----------------------------------------------------------------------------
                                  2.98   slack (MET)


Startpoint: _342_ (rising edge-triggered flip-flop clocked by clk)
Endpoint: _338_ (rising edge-triggered flip-flop clocked by clk)
Path Group: clk
Path Type: max
Corner: Slowest

Fanout     Cap    Slew   Delay    Time   Description
-----------------------------------------------------------------------------
                          0.00    0.00   clock clk (rise edge)
                          0.00    0.00   clock source latency
     1    0.03    0.19    0.14    0.14 ^ clk (in)
                                         clk (net)
                  0.19    0.00    0.14 ^ clkbuf_0_clk/A (sky130_fd_sc_hd__clkbuf_16)
     4    0.05    0.11    0.33    0.47 ^ clkbuf_0_clk/X (sky130_fd_sc_hd__clkbuf_16)
                                         clknet_0_clk (net)
                  0.11    0.00    0.48 ^ clkbuf_2_1__f_clk/A (sky130_fd_sc_hd__clkbuf_16)
    11    0.04    0.09    0.28    0.76 ^ clkbuf_2_1__f_clk/X (sky130_fd_sc_hd__clkbuf_16)
                                         clknet_2_1__leaf_clk (net)
                  0.09    0.00    0.76 ^ _342_/CLK (sky130_fd_sc_hd__dfrtp_2)
     5    0.04    0.22    1.02    1.78 v _342_/Q (sky130_fd_sc_hd__dfrtp_2)
                                         one_second_counter[12] (net)
                  0.22    0.00    1.78 v _180_/C (sky130_fd_sc_hd__and4_1)
     2    0.03    0.24    0.65    2.43 v _180_/X (sky130_fd_sc_hd__and4_1)
                                         _078_ (net)
                  0.24    0.00    2.44 v _181_/D (sky130_fd_sc_hd__or4_2)
     1    0.03    0.36    1.68    4.12 v _181_/X (sky130_fd_sc_hd__or4_2)
                                         _079_ (net)
                  0.36    0.00    4.12 v _184_/A3 (sky130_fd_sc_hd__o31a_1)
     1    0.03    0.27    0.80    4.92 v _184_/X (sky130_fd_sc_hd__o31a_1)
                                         _082_ (net)
                  0.27    0.00    4.92 v _186_/A2 (sky130_fd_sc_hd__o211ai_2)
     2    0.02    0.50    0.57    5.49 ^ _186_/Y (sky130_fd_sc_hd__o211ai_2)
                                         _084_ (net)
                  0.50    0.00    5.50 ^ _187_/A2 (sky130_fd_sc_hd__a21bo_2)
     9    0.06    0.50    0.78    6.28 ^ _187_/X (sky130_fd_sc_hd__a21bo_2)
                                         _085_ (net)
                  0.50    0.00    6.28 ^ _218_/B (sky130_fd_sc_hd__and3_1)
     1    0.02    0.30    0.65    6.92 ^ _218_/X (sky130_fd_sc_hd__and3_1)
                                         _107_ (net)
                  0.30    0.00    6.93 ^ _219_/A (sky130_fd_sc_hd__clkbuf_1)
     1    0.01    0.25    0.38    7.31 ^ _219_/X (sky130_fd_sc_hd__clkbuf_1)
                                         _025_ (net)
                  0.25    0.00    7.31 ^ _338_/D (sky130_fd_sc_hd__dfrtp_4)
                                  7.31   data arrival time

                         10.00   10.00   clock clk (rise edge)
                          0.00   10.00   clock source latency
     1    0.03    0.19    0.13   10.13 ^ clk (in)
                                         clk (net)
                  0.19    0.00   10.13 ^ clkbuf_0_clk/A (sky130_fd_sc_hd__clkbuf_16)
     4    0.05    0.11    0.30   10.43 ^ clkbuf_0_clk/X (sky130_fd_sc_hd__clkbuf_16)
                                         clknet_0_clk (net)
                  0.11    0.00   10.43 ^ clkbuf_2_3__f_clk/A (sky130_fd_sc_hd__clkbuf_16)
     8    0.04    0.10    0.26   10.69 ^ clkbuf_2_3__f_clk/X (sky130_fd_sc_hd__clkbuf_16)
                                         clknet_2_3__leaf_clk (net)
                  0.10    0.00   10.69 ^ _338_/CLK (sky130_fd_sc_hd__dfrtp_4)
                         -0.25   10.44   clock uncertainty
                          0.05   10.49   clock reconvergence pessimism
                         -0.18   10.31   library setup time
                                 10.31   data required time
-----------------------------------------------------------------------------
                                 10.31   data required time
                                 -7.31   data arrival time
-----------------------------------------------------------------------------
                                  3.00   slack (MET)


Startpoint: _342_ (rising edge-triggered flip-flop clocked by clk)
Endpoint: _333_ (rising edge-triggered flip-flop clocked by clk)
Path Group: clk
Path Type: max
Corner: Slowest

Fanout     Cap    Slew   Delay    Time   Description
-----------------------------------------------------------------------------
                          0.00    0.00   clock clk (rise edge)
                          0.00    0.00   clock source latency
     1    0.03    0.19    0.14    0.14 ^ clk (in)
                                         clk (net)
                  0.19    0.00    0.14 ^ clkbuf_0_clk/A (sky130_fd_sc_hd__clkbuf_16)
     4    0.05    0.11    0.33    0.47 ^ clkbuf_0_clk/X (sky130_fd_sc_hd__clkbuf_16)
                                         clknet_0_clk (net)
                  0.11    0.00    0.48 ^ clkbuf_2_1__f_clk/A (sky130_fd_sc_hd__clkbuf_16)
    11    0.04    0.09    0.28    0.76 ^ clkbuf_2_1__f_clk/X (sky130_fd_sc_hd__clkbuf_16)
                                         clknet_2_1__leaf_clk (net)
                  0.09    0.00    0.76 ^ _342_/CLK (sky130_fd_sc_hd__dfrtp_2)
     5    0.04    0.22    1.02    1.78 v _342_/Q (sky130_fd_sc_hd__dfrtp_2)
                                         one_second_counter[12] (net)
                  0.22    0.00    1.78 v _180_/C (sky130_fd_sc_hd__and4_1)
     2    0.03    0.24    0.65    2.43 v _180_/X (sky130_fd_sc_hd__and4_1)
                                         _078_ (net)
                  0.24    0.00    2.44 v _181_/D (sky130_fd_sc_hd__or4_2)
     1    0.03    0.36    1.68    4.12 v _181_/X (sky130_fd_sc_hd__or4_2)
                                         _079_ (net)
                  0.36    0.00    4.12 v _184_/A3 (sky130_fd_sc_hd__o31a_1)
     1    0.03    0.27    0.80    4.92 v _184_/X (sky130_fd_sc_hd__o31a_1)
                                         _082_ (net)
                  0.27    0.00    4.92 v _186_/A2 (sky130_fd_sc_hd__o211ai_2)
     2    0.02    0.50    0.57    5.49 ^ _186_/Y (sky130_fd_sc_hd__o211ai_2)
                                         _084_ (net)
                  0.50    0.00    5.50 ^ _187_/A2 (sky130_fd_sc_hd__a21bo_2)
     9    0.06    0.50    0.78    6.28 ^ _187_/X (sky130_fd_sc_hd__a21bo_2)
                                         _085_ (net)
                  0.50    0.00    6.28 ^ _200_/B (sky130_fd_sc_hd__and3b_1)
     1    0.02    0.26    0.62    6.90 ^ _200_/X (sky130_fd_sc_hd__and3b_1)
                                         _094_ (net)
                  0.26    0.00    6.90 ^ _201_/A (sky130_fd_sc_hd__clkbuf_1)
     1    0.01    0.18    0.32    7.22 ^ _201_/X (sky130_fd_sc_hd__clkbuf_1)
                                         _020_ (net)
                  0.18    0.00    7.22 ^ _333_/D (sky130_fd_sc_hd__dfrtp_1)
                                  7.22   data arrival time

                         10.00   10.00   clock clk (rise edge)
                          0.00   10.00   clock source latency
     1    0.03    0.19    0.13   10.13 ^ clk (in)
                                         clk (net)
                  0.19    0.00   10.13 ^ clkbuf_0_clk/A (sky130_fd_sc_hd__clkbuf_16)
     4    0.05    0.11    0.30   10.43 ^ clkbuf_0_clk/X (sky130_fd_sc_hd__clkbuf_16)
                                         clknet_0_clk (net)
                  0.11    0.00   10.43 ^ clkbuf_2_3__f_clk/A (sky130_fd_sc_hd__clkbuf_16)
     8    0.04    0.10    0.26   10.69 ^ clkbuf_2_3__f_clk/X (sky130_fd_sc_hd__clkbuf_16)
                                         clknet_2_3__leaf_clk (net)
                  0.10    0.00   10.69 ^ _333_/CLK (sky130_fd_sc_hd__dfrtp_1)
                         -0.25   10.44   clock uncertainty
                          0.05   10.49   clock reconvergence pessimism
                         -0.15   10.33   library setup time
                                 10.33   data required time
-----------------------------------------------------------------------------
                                 10.33   data required time
                                 -7.22   data arrival time
-----------------------------------------------------------------------------
                                  3.11   slack (MET)


Startpoint: _342_ (rising edge-triggered flip-flop clocked by clk)
Endpoint: _357_ (rising edge-triggered flip-flop clocked by clk)
Path Group: clk
Path Type: max
Corner: Slowest

Fanout     Cap    Slew   Delay    Time   Description
-----------------------------------------------------------------------------
                          0.00    0.00   clock clk (rise edge)
                          0.00    0.00   clock source latency
     1    0.03    0.19    0.14    0.14 ^ clk (in)
                                         clk (net)
                  0.19    0.00    0.14 ^ clkbuf_0_clk/A (sky130_fd_sc_hd__clkbuf_16)
     4    0.05    0.11    0.33    0.47 ^ clkbuf_0_clk/X (sky130_fd_sc_hd__clkbuf_16)
                                         clknet_0_clk (net)
                  0.11    0.00    0.48 ^ clkbuf_2_1__f_clk/A (sky130_fd_sc_hd__clkbuf_16)
    11    0.04    0.09    0.28    0.76 ^ clkbuf_2_1__f_clk/X (sky130_fd_sc_hd__clkbuf_16)
                                         clknet_2_1__leaf_clk (net)
                  0.09    0.00    0.76 ^ _342_/CLK (sky130_fd_sc_hd__dfrtp_2)
     5    0.04    0.22    1.02    1.78 v _342_/Q (sky130_fd_sc_hd__dfrtp_2)
                                         one_second_counter[12] (net)
                  0.22    0.00    1.78 v _180_/C (sky130_fd_sc_hd__and4_1)
     2    0.03    0.24    0.65    2.43 v _180_/X (sky130_fd_sc_hd__and4_1)
                                         _078_ (net)
                  0.24    0.00    2.44 v _181_/D (sky130_fd_sc_hd__or4_2)
     1    0.03    0.36    1.68    4.12 v _181_/X (sky130_fd_sc_hd__or4_2)
                                         _079_ (net)
                  0.36    0.00    4.12 v _184_/A3 (sky130_fd_sc_hd__o31a_1)
     1    0.03    0.27    0.80    4.92 v _184_/X (sky130_fd_sc_hd__o31a_1)
                                         _082_ (net)
                  0.27    0.00    4.92 v _186_/A2 (sky130_fd_sc_hd__o211ai_2)
     2    0.02    0.50    0.57    5.49 ^ _186_/Y (sky130_fd_sc_hd__o211ai_2)
                                         _084_ (net)
                  0.50    0.00    5.50 ^ _187_/A2 (sky130_fd_sc_hd__a21bo_2)
     9    0.06    0.50    0.78    6.28 ^ _187_/X (sky130_fd_sc_hd__a21bo_2)
                                         _085_ (net)
                  0.50    0.00    6.28 ^ _188_/A (sky130_fd_sc_hd__inv_2)
     2    0.03    0.18    0.33    6.61 v _188_/Y (sky130_fd_sc_hd__inv_2)
                                         _086_ (net)
                  0.18    0.00    6.61 v _189_/A (sky130_fd_sc_hd__buf_4)
    10    0.08    0.20    0.45    7.06 v _189_/X (sky130_fd_sc_hd__buf_4)
                                         _027_ (net)
                  0.20    0.02    7.07 v _357_/D (sky130_fd_sc_hd__dfrtp_4)
                                  7.07   data arrival time

                         10.00   10.00   clock clk (rise edge)
                          0.00   10.00   clock source latency
     1    0.03    0.19    0.13   10.13 ^ clk (in)
                                         clk (net)
                  0.19    0.00   10.13 ^ clkbuf_0_clk/A (sky130_fd_sc_hd__clkbuf_16)
     4    0.05    0.11    0.30   10.43 ^ clkbuf_0_clk/X (sky130_fd_sc_hd__clkbuf_16)
                                         clknet_0_clk (net)
                  0.11    0.00   10.43 ^ clkbuf_2_2__f_clk/A (sky130_fd_sc_hd__clkbuf_16)
     7    0.05    0.11    0.27   10.70 ^ clkbuf_2_2__f_clk/X (sky130_fd_sc_hd__clkbuf_16)
                                         clknet_2_2__leaf_clk (net)
                  0.11    0.01   10.71 ^ _357_/CLK (sky130_fd_sc_hd__dfrtp_4)
                         -0.25   10.46   clock uncertainty
                          0.05   10.50   clock reconvergence pessimism
                         -0.32   10.19   library setup time
                                 10.19   data required time
-----------------------------------------------------------------------------
                                 10.19   data required time
                                 -7.07   data arrival time
-----------------------------------------------------------------------------
                                  3.12   slack (MET)


Startpoint: _343_ (rising edge-triggered flip-flop clocked by clk)
Endpoint: _355_ (rising edge-triggered flip-flop clocked by clk)
Path Group: clk
Path Type: max
Corner: Slowest

Fanout     Cap    Slew   Delay    Time   Description
-----------------------------------------------------------------------------
                          0.00    0.00   clock clk (rise edge)
                          0.00    0.00   clock source latency
     1    0.03    0.19    0.14    0.14 ^ clk (in)
                                         clk (net)
                  0.19    0.00    0.14 ^ clkbuf_0_clk/A (sky130_fd_sc_hd__clkbuf_16)
     4    0.05    0.11    0.33    0.47 ^ clkbuf_0_clk/X (sky130_fd_sc_hd__clkbuf_16)
                                         clknet_0_clk (net)
                  0.11    0.00    0.48 ^ clkbuf_2_0__f_clk/A (sky130_fd_sc_hd__clkbuf_16)
     9    0.05    0.10    0.29    0.77 ^ clkbuf_2_0__f_clk/X (sky130_fd_sc_hd__clkbuf_16)
                                         clknet_2_0__leaf_clk (net)
                  0.10    0.00    0.77 ^ _343_/CLK (sky130_fd_sc_hd__dfrtp_1)
     4    0.02    0.24    0.96    1.73 v _343_/Q (sky130_fd_sc_hd__dfrtp_1)
                                         one_second_counter[13] (net)
                  0.24    0.00    1.73 v _180_/D (sky130_fd_sc_hd__and4_1)
     2    0.03    0.24    0.69    2.41 v _180_/X (sky130_fd_sc_hd__and4_1)
                                         _078_ (net)
                  0.24    0.00    2.42 v _181_/D (sky130_fd_sc_hd__or4_2)
     1    0.03    0.36    1.68    4.10 v _181_/X (sky130_fd_sc_hd__or4_2)
                                         _079_ (net)
                  0.36    0.00    4.10 v _184_/A3 (sky130_fd_sc_hd__o31a_1)
     1    0.03    0.27    0.80    4.90 v _184_/X (sky130_fd_sc_hd__o31a_1)
                                         _082_ (net)
                  0.27    0.00    4.91 v _186_/A2 (sky130_fd_sc_hd__o211ai_2)
     2    0.02    0.50    0.57    5.47 ^ _186_/Y (sky130_fd_sc_hd__o211ai_2)
                                         _084_ (net)
                  0.50    0.00    5.48 ^ _187_/A2 (sky130_fd_sc_hd__a21bo_2)
     9    0.06    0.50    0.78    6.26 ^ _187_/X (sky130_fd_sc_hd__a21bo_2)
                                         _085_ (net)
                  0.50    0.00    6.26 ^ _281_/A (sky130_fd_sc_hd__and3_1)
     1    0.01    0.23    0.59    6.85 ^ _281_/X (sky130_fd_sc_hd__and3_1)
                                         _153_ (net)
                  0.23    0.00    6.85 ^ _282_/A (sky130_fd_sc_hd__clkbuf_1)
     1    0.01    0.18    0.31    7.16 ^ _282_/X (sky130_fd_sc_hd__clkbuf_1)
                                         _017_ (net)
                  0.18    0.00    7.16 ^ _355_/D (sky130_fd_sc_hd__dfrtp_4)
                                  7.16   data arrival time

                         10.00   10.00   clock clk (rise edge)
                          0.00   10.00   clock source latency
     1    0.03    0.19    0.13   10.13 ^ clk (in)
                                         clk (net)
                  0.19    0.00   10.13 ^ clkbuf_0_clk/A (sky130_fd_sc_hd__clkbuf_16)
     4    0.05    0.11    0.30   10.43 ^ clkbuf_0_clk/X (sky130_fd_sc_hd__clkbuf_16)
                                         clknet_0_clk (net)
                  0.11    0.00   10.43 ^ clkbuf_2_1__f_clk/A (sky130_fd_sc_hd__clkbuf_16)
    11    0.04    0.09    0.25   10.68 ^ clkbuf_2_1__f_clk/X (sky130_fd_sc_hd__clkbuf_16)
                                         clknet_2_1__leaf_clk (net)
                  0.09    0.00   10.69 ^ _355_/CLK (sky130_fd_sc_hd__dfrtp_4)
                         -0.25   10.44   clock uncertainty
                          0.05   10.48   clock reconvergence pessimism
                         -0.16   10.32   library setup time
                                 10.32   data required time
-----------------------------------------------------------------------------
                                 10.32   data required time
                                 -7.16   data arrival time
-----------------------------------------------------------------------------
                                  3.16   slack (MET)


Startpoint: _343_ (rising edge-triggered flip-flop clocked by clk)
Endpoint: _332_ (rising edge-triggered flip-flop clocked by clk)
Path Group: clk
Path Type: max
Corner: Slowest

Fanout     Cap    Slew   Delay    Time   Description
-----------------------------------------------------------------------------
                          0.00    0.00   clock clk (rise edge)
                          0.00    0.00   clock source latency
     1    0.03    0.19    0.14    0.14 ^ clk (in)
                                         clk (net)
                  0.19    0.00    0.14 ^ clkbuf_0_clk/A (sky130_fd_sc_hd__clkbuf_16)
     4    0.05    0.11    0.33    0.47 ^ clkbuf_0_clk/X (sky130_fd_sc_hd__clkbuf_16)
                                         clknet_0_clk (net)
                  0.11    0.00    0.48 ^ clkbuf_2_0__f_clk/A (sky130_fd_sc_hd__clkbuf_16)
     9    0.05    0.10    0.29    0.77 ^ clkbuf_2_0__f_clk/X (sky130_fd_sc_hd__clkbuf_16)
                                         clknet_2_0__leaf_clk (net)
                  0.10    0.00    0.77 ^ _343_/CLK (sky130_fd_sc_hd__dfrtp_1)
     4    0.02    0.24    0.96    1.73 v _343_/Q (sky130_fd_sc_hd__dfrtp_1)
                                         one_second_counter[13] (net)
                  0.24    0.00    1.73 v _180_/D (sky130_fd_sc_hd__and4_1)
     2    0.03    0.24    0.69    2.41 v _180_/X (sky130_fd_sc_hd__and4_1)
                                         _078_ (net)
                  0.24    0.00    2.42 v _181_/D (sky130_fd_sc_hd__or4_2)
     1    0.03    0.36    1.68    4.10 v _181_/X (sky130_fd_sc_hd__or4_2)
                                         _079_ (net)
                  0.36    0.00    4.10 v _184_/A3 (sky130_fd_sc_hd__o31a_1)
     1    0.03    0.27    0.80    4.90 v _184_/X (sky130_fd_sc_hd__o31a_1)
                                         _082_ (net)
                  0.27    0.00    4.91 v _186_/A2 (sky130_fd_sc_hd__o211ai_2)
     2    0.02    0.50    0.57    5.47 ^ _186_/Y (sky130_fd_sc_hd__o211ai_2)
                                         _084_ (net)
                  0.50    0.00    5.48 ^ _187_/A2 (sky130_fd_sc_hd__a21bo_2)
     9    0.06    0.50    0.78    6.26 ^ _187_/X (sky130_fd_sc_hd__a21bo_2)
                                         _085_ (net)
                  0.50    0.00    6.26 ^ _197_/B (sky130_fd_sc_hd__and3_1)
     1    0.01    0.14    0.51    6.77 ^ _197_/X (sky130_fd_sc_hd__and3_1)
                                         _092_ (net)
                  0.14    0.00    6.77 ^ _198_/A (sky130_fd_sc_hd__buf_1)
     1    0.02    0.30    0.36    7.13 ^ _198_/X (sky130_fd_sc_hd__buf_1)
                                         _019_ (net)
                  0.30    0.00    7.13 ^ _332_/D (sky130_fd_sc_hd__dfrtp_4)
                                  7.13   data arrival time

                         10.00   10.00   clock clk (rise edge)
                          0.00   10.00   clock source latency
     1    0.03    0.19    0.13   10.13 ^ clk (in)
                                         clk (net)
                  0.19    0.00   10.13 ^ clkbuf_0_clk/A (sky130_fd_sc_hd__clkbuf_16)
     4    0.05    0.11    0.30   10.43 ^ clkbuf_0_clk/X (sky130_fd_sc_hd__clkbuf_16)
                                         clknet_0_clk (net)
                  0.11    0.00   10.43 ^ clkbuf_2_1__f_clk/A (sky130_fd_sc_hd__clkbuf_16)
    11    0.04    0.09    0.25   10.68 ^ clkbuf_2_1__f_clk/X (sky130_fd_sc_hd__clkbuf_16)
                                         clknet_2_1__leaf_clk (net)
                  0.09    0.00   10.69 ^ _332_/CLK (sky130_fd_sc_hd__dfrtp_4)
                         -0.25   10.44   clock uncertainty
                          0.05   10.48   clock reconvergence pessimism
                         -0.19   10.29   library setup time
                                 10.29   data required time
-----------------------------------------------------------------------------
                                 10.29   data required time
                                 -7.13   data arrival time
-----------------------------------------------------------------------------
                                  3.16   slack (MET)


Startpoint: _342_ (rising edge-triggered flip-flop clocked by clk)
Endpoint: _331_ (rising edge-triggered flip-flop clocked by clk)
Path Group: clk
Path Type: max
Corner: Slowest

Fanout     Cap    Slew   Delay    Time   Description
-----------------------------------------------------------------------------
                          0.00    0.00   clock clk (rise edge)
                          0.00    0.00   clock source latency
     1    0.03    0.19    0.14    0.14 ^ clk (in)
                                         clk (net)
                  0.19    0.00    0.14 ^ clkbuf_0_clk/A (sky130_fd_sc_hd__clkbuf_16)
     4    0.05    0.11    0.33    0.47 ^ clkbuf_0_clk/X (sky130_fd_sc_hd__clkbuf_16)
                                         clknet_0_clk (net)
                  0.11    0.00    0.48 ^ clkbuf_2_1__f_clk/A (sky130_fd_sc_hd__clkbuf_16)
    11    0.04    0.09    0.28    0.76 ^ clkbuf_2_1__f_clk/X (sky130_fd_sc_hd__clkbuf_16)
                                         clknet_2_1__leaf_clk (net)
                  0.09    0.00    0.76 ^ _342_/CLK (sky130_fd_sc_hd__dfrtp_2)
     5    0.04    0.22    1.02    1.78 v _342_/Q (sky130_fd_sc_hd__dfrtp_2)
                                         one_second_counter[12] (net)
                  0.22    0.00    1.78 v _180_/C (sky130_fd_sc_hd__and4_1)
     2    0.03    0.24    0.65    2.43 v _180_/X (sky130_fd_sc_hd__and4_1)
                                         _078_ (net)
                  0.24    0.00    2.44 v _181_/D (sky130_fd_sc_hd__or4_2)
     1    0.03    0.36    1.68    4.12 v _181_/X (sky130_fd_sc_hd__or4_2)
                                         _079_ (net)
                  0.36    0.00    4.12 v _184_/A3 (sky130_fd_sc_hd__o31a_1)
     1    0.03    0.27    0.80    4.92 v _184_/X (sky130_fd_sc_hd__o31a_1)
                                         _082_ (net)
                  0.27    0.00    4.92 v _186_/A2 (sky130_fd_sc_hd__o211ai_2)
     2    0.02    0.50    0.57    5.49 ^ _186_/Y (sky130_fd_sc_hd__o211ai_2)
                                         _084_ (net)
                  0.50    0.00    5.50 ^ _187_/A2 (sky130_fd_sc_hd__a21bo_2)
     9    0.06    0.50    0.78    6.28 ^ _187_/X (sky130_fd_sc_hd__a21bo_2)
                                         _085_ (net)
                  0.50    0.00    6.28 ^ _193_/B (sky130_fd_sc_hd__and3_1)
     1    0.01    0.21    0.57    6.85 ^ _193_/X (sky130_fd_sc_hd__and3_1)
                                         _089_ (net)
                  0.21    0.00    6.85 ^ _194_/A (sky130_fd_sc_hd__clkbuf_1)
     1    0.01    0.20    0.32    7.17 ^ _194_/X (sky130_fd_sc_hd__clkbuf_1)
                                         _011_ (net)
                  0.20    0.00    7.17 ^ _331_/D (sky130_fd_sc_hd__dfrtp_4)
                                  7.17   data arrival time

                         10.00   10.00   clock clk (rise edge)
                          0.00   10.00   clock source latency
     1    0.03    0.19    0.13   10.13 ^ clk (in)
                                         clk (net)
                  0.19    0.00   10.13 ^ clkbuf_0_clk/A (sky130_fd_sc_hd__clkbuf_16)
     4    0.05    0.11    0.30   10.43 ^ clkbuf_0_clk/X (sky130_fd_sc_hd__clkbuf_16)
                                         clknet_0_clk (net)
                  0.11    0.00   10.43 ^ clkbuf_2_2__f_clk/A (sky130_fd_sc_hd__clkbuf_16)
     7    0.05    0.11    0.27   10.70 ^ clkbuf_2_2__f_clk/X (sky130_fd_sc_hd__clkbuf_16)
                                         clknet_2_2__leaf_clk (net)
                  0.11    0.01   10.71 ^ _331_/CLK (sky130_fd_sc_hd__dfrtp_4)
                         -0.25   10.46   clock uncertainty
                          0.05   10.50   clock reconvergence pessimism
                         -0.16   10.34   library setup time
                                 10.34   data required time
-----------------------------------------------------------------------------
                                 10.34   data required time
                                 -7.17   data arrival time
-----------------------------------------------------------------------------
                                  3.17   slack (MET)


Startpoint: _360_ (rising edge-triggered flip-flop clocked by clk)
Endpoint: seg[5] (output port clocked by clk)
Path Group: clk
Path Type: max
Corner: Slowest

Fanout     Cap    Slew   Delay    Time   Description
-----------------------------------------------------------------------------
                          0.00    0.00   clock clk (rise edge)
                          0.00    0.00   clock source latency
     1    0.03    0.19    0.14    0.14 ^ clk (in)
                                         clk (net)
                  0.19    0.00    0.14 ^ clkbuf_0_clk/A (sky130_fd_sc_hd__clkbuf_16)
     4    0.05    0.11    0.33    0.47 ^ clkbuf_0_clk/X (sky130_fd_sc_hd__clkbuf_16)
                                         clknet_0_clk (net)
                  0.11    0.00    0.48 ^ clkbuf_2_3__f_clk/A (sky130_fd_sc_hd__clkbuf_16)
     8    0.04    0.10    0.29    0.76 ^ clkbuf_2_3__f_clk/X (sky130_fd_sc_hd__clkbuf_16)
                                         clknet_2_3__leaf_clk (net)
                  0.10    0.00    0.77 ^ _360_/CLK (sky130_fd_sc_hd__dfrtp_4)
     6    0.06    0.26    1.23    2.00 v _360_/Q (sky130_fd_sc_hd__dfrtp_4)
                                         decoder.digit[2] (net)
                  0.26    0.02    2.01 v _285_/B (sky130_fd_sc_hd__nor2_2)
     4    0.04    0.79    0.74    2.76 ^ _285_/Y (sky130_fd_sc_hd__nor2_2)
                                         _155_ (net)
                  0.79    0.00    2.76 ^ _286_/C (sky130_fd_sc_hd__and3b_1)
     2    0.02    0.33    0.75    3.51 ^ _286_/X (sky130_fd_sc_hd__and3b_1)
                                         _156_ (net)
                  0.33    0.00    3.51 ^ _292_/C (sky130_fd_sc_hd__or3_1)
     1    0.01    0.17    0.37    3.88 ^ _292_/X (sky130_fd_sc_hd__or3_1)
                                         _158_ (net)
                  0.17    0.00    3.88 ^ _293_/A (sky130_fd_sc_hd__clkbuf_1)
     1    0.00    0.09    0.21    4.10 ^ _293_/X (sky130_fd_sc_hd__clkbuf_1)
                                         net7 (net)
                  0.09    0.00    4.10 ^ output7/A (sky130_fd_sc_hd__buf_2)
     1    0.03    0.27    0.37    4.47 ^ output7/X (sky130_fd_sc_hd__buf_2)
                                         seg[5] (net)
                  0.27    0.00    4.47 ^ seg[5] (out)
                                  4.47   data arrival time

                         10.00   10.00   clock clk (rise edge)
                          0.00   10.00   clock network delay (propagated)
                         -0.25    9.75   clock uncertainty
                          0.00    9.75   clock reconvergence pessimism
                         -2.00    7.75   output external delay
                                  7.75   data required time
-----------------------------------------------------------------------------
                                  7.75   data required time
                                 -4.47   data arrival time
-----------------------------------------------------------------------------
                                  3.28   slack (MET)


Startpoint: _361_ (rising edge-triggered flip-flop clocked by clk)
Endpoint: seg[6] (output port clocked by clk)
Path Group: clk
Path Type: max
Corner: Slowest

Fanout     Cap    Slew   Delay    Time   Description
-----------------------------------------------------------------------------
                          0.00    0.00   clock clk (rise edge)
                          0.00    0.00   clock source latency
     1    0.03    0.19    0.14    0.14 ^ clk (in)
                                         clk (net)
                  0.19    0.00    0.14 ^ clkbuf_0_clk/A (sky130_fd_sc_hd__clkbuf_16)
     4    0.05    0.11    0.33    0.47 ^ clkbuf_0_clk/X (sky130_fd_sc_hd__clkbuf_16)
                                         clknet_0_clk (net)
                  0.11    0.00    0.48 ^ clkbuf_2_0__f_clk/A (sky130_fd_sc_hd__clkbuf_16)
     9    0.05    0.10    0.29    0.77 ^ clkbuf_2_0__f_clk/X (sky130_fd_sc_hd__clkbuf_16)
                                         clknet_2_0__leaf_clk (net)
                  0.10    0.00    0.77 ^ _361_/CLK (sky130_fd_sc_hd__dfrtp_4)
     6    0.05    0.22    1.21    1.98 v _361_/Q (sky130_fd_sc_hd__dfrtp_4)
                                         decoder.digit[3] (net)
                  0.22    0.01    1.99 v _165_/A (sky130_fd_sc_hd__nor2_2)
     2    0.04    0.64    0.65    2.64 ^ _165_/Y (sky130_fd_sc_hd__nor2_2)
                                         _066_ (net)
                  0.64    0.00    2.64 ^ _166_/B (sky130_fd_sc_hd__nand2_2)
     3    0.05    0.42    0.59    3.24 v _166_/Y (sky130_fd_sc_hd__nand2_2)
                                         _067_ (net)
                  0.42    0.01    3.24 v _294_/B1_N (sky130_fd_sc_hd__a21boi_2)
     2    0.02    0.23    0.58    3.82 v _294_/Y (sky130_fd_sc_hd__a21boi_2)
                                         net8 (net)
                  0.23    0.00    3.83 v output8/A (sky130_fd_sc_hd__buf_2)
     1    0.03    0.17    0.44    4.27 v output8/X (sky130_fd_sc_hd__buf_2)
                                         seg[6] (net)
                  0.17    0.00    4.27 v seg[6] (out)
                                  4.27   data arrival time

                         10.00   10.00   clock clk (rise edge)
                          0.00   10.00   clock network delay (propagated)
                         -0.25    9.75   clock uncertainty
                          0.00    9.75   clock reconvergence pessimism
                         -2.00    7.75   output external delay
                                  7.75   data required time
-----------------------------------------------------------------------------
                                  7.75   data required time
                                 -4.27   data arrival time
-----------------------------------------------------------------------------
                                  3.48   slack (MET)


Startpoint: _360_ (rising edge-triggered flip-flop clocked by clk)
Endpoint: seg[2] (output port clocked by clk)
Path Group: clk
Path Type: max
Corner: Slowest

Fanout     Cap    Slew   Delay    Time   Description
-----------------------------------------------------------------------------
                          0.00    0.00   clock clk (rise edge)
                          0.00    0.00   clock source latency
     1    0.03    0.19    0.14    0.14 ^ clk (in)
                                         clk (net)
                  0.19    0.00    0.14 ^ clkbuf_0_clk/A (sky130_fd_sc_hd__clkbuf_16)
     4    0.05    0.11    0.33    0.47 ^ clkbuf_0_clk/X (sky130_fd_sc_hd__clkbuf_16)
                                         clknet_0_clk (net)
                  0.11    0.00    0.48 ^ clkbuf_2_3__f_clk/A (sky130_fd_sc_hd__clkbuf_16)
     8    0.04    0.10    0.29    0.76 ^ clkbuf_2_3__f_clk/X (sky130_fd_sc_hd__clkbuf_16)
                                         clknet_2_3__leaf_clk (net)
                  0.10    0.00    0.77 ^ _360_/CLK (sky130_fd_sc_hd__dfrtp_4)
     6    0.06    0.26    1.23    2.00 v _360_/Q (sky130_fd_sc_hd__dfrtp_4)
                                         decoder.digit[2] (net)
                  0.26    0.02    2.01 v _285_/B (sky130_fd_sc_hd__nor2_2)
     4    0.04    0.79    0.74    2.76 ^ _285_/Y (sky130_fd_sc_hd__nor2_2)
                                         _155_ (net)
                  0.79    0.01    2.76 ^ _289_/A2 (sky130_fd_sc_hd__a21oi_1)
     1    0.02    0.36    0.61    3.37 v _289_/Y (sky130_fd_sc_hd__a21oi_1)
                                         net4 (net)
                  0.36    0.00    3.37 v output4/A (sky130_fd_sc_hd__buf_2)
     1    0.03    0.17    0.51    3.88 v output4/X (sky130_fd_sc_hd__buf_2)
                                         seg[2] (net)
                  0.17    0.00    3.88 v seg[2] (out)
                                  3.88   data arrival time

                         10.00   10.00   clock clk (rise edge)
                          0.00   10.00   clock network delay (propagated)
                         -0.25    9.75   clock uncertainty
                          0.00    9.75   clock reconvergence pessimism
                         -2.00    7.75   output external delay
                                  7.75   data required time
-----------------------------------------------------------------------------
                                  7.75   data required time
                                 -3.88   data arrival time
-----------------------------------------------------------------------------
                                  3.87   slack (MET)


Startpoint: _361_ (rising edge-triggered flip-flop clocked by clk)
Endpoint: seg[4] (output port clocked by clk)
Path Group: clk
Path Type: max
Corner: Slowest

Fanout     Cap    Slew   Delay    Time   Description
-----------------------------------------------------------------------------
                          0.00    0.00   clock clk (rise edge)
                          0.00    0.00   clock source latency
     1    0.03    0.19    0.14    0.14 ^ clk (in)
                                         clk (net)
                  0.19    0.00    0.14 ^ clkbuf_0_clk/A (sky130_fd_sc_hd__clkbuf_16)
     4    0.05    0.11    0.33    0.47 ^ clkbuf_0_clk/X (sky130_fd_sc_hd__clkbuf_16)
                                         clknet_0_clk (net)
                  0.11    0.00    0.48 ^ clkbuf_2_0__f_clk/A (sky130_fd_sc_hd__clkbuf_16)
     9    0.05    0.10    0.29    0.77 ^ clkbuf_2_0__f_clk/X (sky130_fd_sc_hd__clkbuf_16)
                                         clknet_2_0__leaf_clk (net)
                  0.10    0.00    0.77 ^ _361_/CLK (sky130_fd_sc_hd__dfrtp_4)
     6    0.05    0.22    1.21    1.98 v _361_/Q (sky130_fd_sc_hd__dfrtp_4)
                                         decoder.digit[3] (net)
                  0.22    0.00    1.98 v _290_/A (sky130_fd_sc_hd__or3_1)
     1    0.01    0.18    1.01    2.99 v _290_/X (sky130_fd_sc_hd__or3_1)
                                         _157_ (net)
                  0.18    0.00    2.99 v _291_/A (sky130_fd_sc_hd__buf_1)
     1    0.01    0.17    0.32    3.31 v _291_/X (sky130_fd_sc_hd__buf_1)
                                         net6 (net)
                  0.17    0.00    3.31 v output6/A (sky130_fd_sc_hd__buf_2)
     1    0.04    0.17    0.42    3.73 v output6/X (sky130_fd_sc_hd__buf_2)
                                         seg[4] (net)
                  0.17    0.00    3.73 v seg[4] (out)
                                  3.73   data arrival time

                         10.00   10.00   clock clk (rise edge)
                          0.00   10.00   clock network delay (propagated)
                         -0.25    9.75   clock uncertainty
                          0.00    9.75   clock reconvergence pessimism
                         -2.00    7.75   output external delay
                                  7.75   data required time
-----------------------------------------------------------------------------
                                  7.75   data required time
                                 -3.73   data arrival time
-----------------------------------------------------------------------------
                                  4.02   slack (MET)


Startpoint: _361_ (rising edge-triggered flip-flop clocked by clk)
Endpoint: _360_ (rising edge-triggered flip-flop clocked by clk)
Path Group: clk
Path Type: max
Corner: Slowest

Fanout     Cap    Slew   Delay    Time   Description
-----------------------------------------------------------------------------
                          0.00    0.00   clock clk (rise edge)
                          0.00    0.00   clock source latency
     1    0.03    0.19    0.14    0.14 ^ clk (in)
                                         clk (net)
                  0.19    0.00    0.14 ^ clkbuf_0_clk/A (sky130_fd_sc_hd__clkbuf_16)
     4    0.05    0.11    0.33    0.47 ^ clkbuf_0_clk/X (sky130_fd_sc_hd__clkbuf_16)
                                         clknet_0_clk (net)
                  0.11    0.00    0.48 ^ clkbuf_2_0__f_clk/A (sky130_fd_sc_hd__clkbuf_16)
     9    0.05    0.10    0.29    0.77 ^ clkbuf_2_0__f_clk/X (sky130_fd_sc_hd__clkbuf_16)
                                         clknet_2_0__leaf_clk (net)
                  0.10    0.00    0.77 ^ _361_/CLK (sky130_fd_sc_hd__dfrtp_4)
     6    0.05    0.22    1.21    1.98 v _361_/Q (sky130_fd_sc_hd__dfrtp_4)
                                         decoder.digit[3] (net)
                  0.22    0.01    1.99 v _165_/A (sky130_fd_sc_hd__nor2_2)
     2    0.04    0.64    0.65    2.64 ^ _165_/Y (sky130_fd_sc_hd__nor2_2)
                                         _066_ (net)
                  0.64    0.00    2.64 ^ _166_/B (sky130_fd_sc_hd__nand2_2)
     3    0.05    0.42    0.59    3.24 v _166_/Y (sky130_fd_sc_hd__nand2_2)
                                         _067_ (net)
                  0.42    0.01    3.24 v _167_/B (sky130_fd_sc_hd__nor2_2)
     3    0.04    0.65    0.71    3.95 ^ _167_/Y (sky130_fd_sc_hd__nor2_2)
                                         _068_ (net)
                  0.65    0.01    3.96 ^ _168_/A2_N (sky130_fd_sc_hd__o2bb2a_1)
     1    0.02    0.27    0.84    4.80 v _168_/X (sky130_fd_sc_hd__o2bb2a_1)
                                         _069_ (net)
                  0.27    0.00    4.81 v _169_/B (sky130_fd_sc_hd__and2_1)
     1    0.01    0.11    0.49    5.29 v _169_/X (sky130_fd_sc_hd__and2_1)
                                         _070_ (net)
                  0.11    0.00    5.29 v _170_/A (sky130_fd_sc_hd__clkbuf_1)
     1    0.01    0.14    0.26    5.56 v _170_/X (sky130_fd_sc_hd__clkbuf_1)
                                         _062_ (net)
                  0.14    0.00    5.56 v _360_/D (sky130_fd_sc_hd__dfrtp_4)
                                  5.56   data arrival time

                         10.00   10.00   clock clk (rise edge)
                          0.00   10.00   clock source latency
     1    0.03    0.19    0.13   10.13 ^ clk (in)
                                         clk (net)
                  0.19    0.00   10.13 ^ clkbuf_0_clk/A (sky130_fd_sc_hd__clkbuf_16)
     4    0.05    0.11    0.30   10.43 ^ clkbuf_0_clk/X (sky130_fd_sc_hd__clkbuf_16)
                                         clknet_0_clk (net)
                  0.11    0.00   10.43 ^ clkbuf_2_3__f_clk/A (sky130_fd_sc_hd__clkbuf_16)
     8    0.04    0.10    0.26   10.69 ^ clkbuf_2_3__f_clk/X (sky130_fd_sc_hd__clkbuf_16)
                                         clknet_2_3__leaf_clk (net)
                  0.10    0.00   10.69 ^ _360_/CLK (sky130_fd_sc_hd__dfrtp_4)
                         -0.25   10.44   clock uncertainty
                          0.05   10.49   clock reconvergence pessimism
                         -0.30   10.19   library setup time
                                 10.19   data required time
-----------------------------------------------------------------------------
                                 10.19   data required time
                                 -5.56   data arrival time
-----------------------------------------------------------------------------
                                  4.64   slack (MET)


Startpoint: _361_ (rising edge-triggered flip-flop clocked by clk)
Endpoint: _358_ (rising edge-triggered flip-flop clocked by clk)
Path Group: clk
Path Type: max
Corner: Slowest

Fanout     Cap    Slew   Delay    Time   Description
-----------------------------------------------------------------------------
                          0.00    0.00   clock clk (rise edge)
                          0.00    0.00   clock source latency
     1    0.03    0.19    0.14    0.14 ^ clk (in)
                                         clk (net)
                  0.19    0.00    0.14 ^ clkbuf_0_clk/A (sky130_fd_sc_hd__clkbuf_16)
     4    0.05    0.11    0.33    0.47 ^ clkbuf_0_clk/X (sky130_fd_sc_hd__clkbuf_16)
                                         clknet_0_clk (net)
                  0.11    0.00    0.48 ^ clkbuf_2_0__f_clk/A (sky130_fd_sc_hd__clkbuf_16)
     9    0.05    0.10    0.29    0.77 ^ clkbuf_2_0__f_clk/X (sky130_fd_sc_hd__clkbuf_16)
                                         clknet_2_0__leaf_clk (net)
                  0.10    0.00    0.77 ^ _361_/CLK (sky130_fd_sc_hd__dfrtp_4)
     6    0.05    0.22    1.21    1.98 v _361_/Q (sky130_fd_sc_hd__dfrtp_4)
                                         decoder.digit[3] (net)
                  0.22    0.01    1.99 v _165_/A (sky130_fd_sc_hd__nor2_2)
     2    0.04    0.64    0.65    2.64 ^ _165_/Y (sky130_fd_sc_hd__nor2_2)
                                         _066_ (net)
                  0.64    0.00    2.64 ^ _166_/B (sky130_fd_sc_hd__nand2_2)
     3    0.05    0.42    0.59    3.24 v _166_/Y (sky130_fd_sc_hd__nand2_2)
                                         _067_ (net)
                  0.42    0.01    3.24 v _173_/A2 (sky130_fd_sc_hd__a21oi_1)
     1    0.02    0.69    0.80    4.04 ^ _173_/Y (sky130_fd_sc_hd__a21oi_1)
                                         _072_ (net)
                  0.69    0.00    4.04 ^ _174_/B1 (sky130_fd_sc_hd__a21oi_1)
     1    0.02    0.30    0.43    4.47 v _174_/Y (sky130_fd_sc_hd__a21oi_1)
                                         _060_ (net)
                  0.30    0.00    4.47 v _358_/D (sky130_fd_sc_hd__dfrtp_4)
                                  4.47   data arrival time

                         10.00   10.00   clock clk (rise edge)
                          0.00   10.00   clock source latency
     1    0.03    0.19    0.13   10.13 ^ clk (in)
                                         clk (net)
                  0.19    0.00   10.13 ^ clkbuf_0_clk/A (sky130_fd_sc_hd__clkbuf_16)
     4    0.05    0.11    0.30   10.43 ^ clkbuf_0_clk/X (sky130_fd_sc_hd__clkbuf_16)
                                         clknet_0_clk (net)
                  0.11    0.00   10.43 ^ clkbuf_2_2__f_clk/A (sky130_fd_sc_hd__clkbuf_16)
     7    0.05    0.11    0.27   10.70 ^ clkbuf_2_2__f_clk/X (sky130_fd_sc_hd__clkbuf_16)
                                         clknet_2_2__leaf_clk (net)
                  0.11    0.01   10.71 ^ _358_/CLK (sky130_fd_sc_hd__dfrtp_4)
                         -0.25   10.46   clock uncertainty
                          0.05   10.50   clock reconvergence pessimism
                         -0.36   10.14   library setup time
                                 10.14   data required time
-----------------------------------------------------------------------------
                                 10.14   data required time
                                 -4.47   data arrival time
-----------------------------------------------------------------------------
                                  5.67   slack (MET)


Startpoint: _358_ (rising edge-triggered flip-flop clocked by clk)
Endpoint: _361_ (rising edge-triggered flip-flop clocked by clk)
Path Group: clk
Path Type: max
Corner: Slowest

Fanout     Cap    Slew   Delay    Time   Description
-----------------------------------------------------------------------------
                          0.00    0.00   clock clk (rise edge)
                          0.00    0.00   clock source latency
     1    0.03    0.19    0.14    0.14 ^ clk (in)
                                         clk (net)
                  0.19    0.00    0.14 ^ clkbuf_0_clk/A (sky130_fd_sc_hd__clkbuf_16)
     4    0.05    0.11    0.33    0.47 ^ clkbuf_0_clk/X (sky130_fd_sc_hd__clkbuf_16)
                                         clknet_0_clk (net)
                  0.11    0.00    0.48 ^ clkbuf_2_2__f_clk/A (sky130_fd_sc_hd__clkbuf_16)
     7    0.05    0.11    0.29    0.77 ^ clkbuf_2_2__f_clk/X (sky130_fd_sc_hd__clkbuf_16)
                                         clknet_2_2__leaf_clk (net)
                  0.11    0.01    0.78 ^ _358_/CLK (sky130_fd_sc_hd__dfrtp_4)
     8    0.06    0.33    1.10    1.88 ^ _358_/Q (sky130_fd_sc_hd__dfrtp_4)
                                         decoder.digit[0] (net)
                  0.33    0.01    1.89 ^ _162_/C (sky130_fd_sc_hd__and3_2)
     3    0.04    0.33    0.71    2.60 ^ _162_/X (sky130_fd_sc_hd__and3_2)
                                         _064_ (net)
                  0.33    0.01    2.61 ^ _163_/B (sky130_fd_sc_hd__nand2_1)
     2    0.02    0.31    0.40    3.01 v _163_/Y (sky130_fd_sc_hd__nand2_1)
                                         _065_ (net)
                  0.31    0.00    3.01 v _164_/B (sky130_fd_sc_hd__xnor2_1)
     1    0.01    0.46    0.55    3.55 ^ _164_/Y (sky130_fd_sc_hd__xnor2_1)
                                         _063_ (net)
                  0.46    0.00    3.56 ^ _361_/D (sky130_fd_sc_hd__dfrtp_4)
                                  3.56   data arrival time

                         10.00   10.00   clock clk (rise edge)
                          0.00   10.00   clock source latency
     1    0.03    0.19    0.13   10.13 ^ clk (in)
                                         clk (net)
                  0.19    0.00   10.13 ^ clkbuf_0_clk/A (sky130_fd_sc_hd__clkbuf_16)
     4    0.05    0.11    0.30   10.43 ^ clkbuf_0_clk/X (sky130_fd_sc_hd__clkbuf_16)
                                         clknet_0_clk (net)
                  0.11    0.00   10.43 ^ clkbuf_2_0__f_clk/A (sky130_fd_sc_hd__clkbuf_16)
     9    0.05    0.10    0.26   10.69 ^ clkbuf_2_0__f_clk/X (sky130_fd_sc_hd__clkbuf_16)
                                         clknet_2_0__leaf_clk (net)
                  0.10    0.00   10.70 ^ _361_/CLK (sky130_fd_sc_hd__dfrtp_4)
                         -0.25   10.45   clock uncertainty
                          0.05   10.49   clock reconvergence pessimism
                         -0.23   10.26   library setup time
                                 10.26   data required time
-----------------------------------------------------------------------------
                                 10.26   data required time
                                 -3.56   data arrival time
-----------------------------------------------------------------------------
                                  6.71   slack (MET)


Startpoint: _358_ (rising edge-triggered flip-flop clocked by clk)
Endpoint: _359_ (rising edge-triggered flip-flop clocked by clk)
Path Group: clk
Path Type: max
Corner: Slowest

Fanout     Cap    Slew   Delay    Time   Description
-----------------------------------------------------------------------------
                          0.00    0.00   clock clk (rise edge)
                          0.00    0.00   clock source latency
     1    0.03    0.19    0.14    0.14 ^ clk (in)
                                         clk (net)
                  0.19    0.00    0.14 ^ clkbuf_0_clk/A (sky130_fd_sc_hd__clkbuf_16)
     4    0.05    0.11    0.33    0.47 ^ clkbuf_0_clk/X (sky130_fd_sc_hd__clkbuf_16)
                                         clknet_0_clk (net)
                  0.11    0.00    0.48 ^ clkbuf_2_2__f_clk/A (sky130_fd_sc_hd__clkbuf_16)
     7    0.05    0.11    0.29    0.77 ^ clkbuf_2_2__f_clk/X (sky130_fd_sc_hd__clkbuf_16)
                                         clknet_2_2__leaf_clk (net)
                  0.11    0.01    0.78 ^ _358_/CLK (sky130_fd_sc_hd__dfrtp_4)
     8    0.06    0.25    1.24    2.02 v _358_/Q (sky130_fd_sc_hd__dfrtp_4)
                                         decoder.digit[0] (net)
                  0.25    0.01    2.03 v _162_/C (sky130_fd_sc_hd__and3_2)
     3    0.04    0.21    0.72    2.75 v _162_/X (sky130_fd_sc_hd__and3_2)
                                         _064_ (net)
                  0.21    0.01    2.76 v _172_/A (sky130_fd_sc_hd__nor2_1)
     1    0.02    0.64    0.63    3.39 ^ _172_/Y (sky130_fd_sc_hd__nor2_1)
                                         _061_ (net)
                  0.64    0.00    3.39 ^ _359_/D (sky130_fd_sc_hd__dfrtp_4)
                                  3.39   data arrival time

                         10.00   10.00   clock clk (rise edge)
                          0.00   10.00   clock source latency
     1    0.03    0.19    0.13   10.13 ^ clk (in)
                                         clk (net)
                  0.19    0.00   10.13 ^ clkbuf_0_clk/A (sky130_fd_sc_hd__clkbuf_16)
     4    0.05    0.11    0.30   10.43 ^ clkbuf_0_clk/X (sky130_fd_sc_hd__clkbuf_16)
                                         clknet_0_clk (net)
                  0.11    0.00   10.43 ^ clkbuf_2_0__f_clk/A (sky130_fd_sc_hd__clkbuf_16)
     9    0.05    0.10    0.26   10.69 ^ clkbuf_2_0__f_clk/X (sky130_fd_sc_hd__clkbuf_16)
                                         clknet_2_0__leaf_clk (net)
                  0.10    0.00   10.70 ^ _359_/CLK (sky130_fd_sc_hd__dfrtp_4)
                         -0.25   10.45   clock uncertainty
                          0.05   10.49   clock reconvergence pessimism
                         -0.27   10.22   library setup time
                                 10.22   data required time
-----------------------------------------------------------------------------
                                 10.22   data required time
                                 -3.39   data arrival time
-----------------------------------------------------------------------------
                                  6.83   slack (MET)


Startpoint: rst (input port clocked by clk)
Endpoint: _340_ (recovery check against rising-edge clock clk)
Path Group: asynchronous
Path Type: max
Corner: Slowest

Fanout     Cap    Slew   Delay    Time   Description
-----------------------------------------------------------------------------
                          0.00    0.00   clock clk (rise edge)
                          0.00    0.00   clock network delay (propagated)
                          2.00    2.00 v input external delay
     1    0.00    0.02    0.01    2.01 v rst (in)
                                         rst (net)
                  0.02    0.00    2.01 v input1/A (sky130_fd_sc_hd__clkbuf_4)
     5    0.08    0.28    0.42    2.43 v input1/X (sky130_fd_sc_hd__clkbuf_4)
                                         net1 (net)
                  0.28    0.01    2.45 v _306_/A (sky130_fd_sc_hd__clkbuf_8)
    10    0.09    0.18    0.47    2.91 v _306_/X (sky130_fd_sc_hd__clkbuf_8)
                                         _160_ (net)
                  0.18    0.02    2.93 v _307_/A (sky130_fd_sc_hd__inv_2)
     1    0.04    0.27    0.30    3.23 ^ _307_/Y (sky130_fd_sc_hd__inv_2)
                                         _038_ (net)
                  0.27    0.00    3.24 ^ _340_/RESET_B (sky130_fd_sc_hd__dfrtp_4)
                                  3.24   data arrival time

                         10.00   10.00   clock clk (rise edge)
                          0.00   10.00   clock source latency
     1    0.03    0.19    0.13   10.13 ^ clk (in)
                                         clk (net)
                  0.19    0.00   10.13 ^ clkbuf_0_clk/A (sky130_fd_sc_hd__clkbuf_16)
     4    0.05    0.11    0.30   10.43 ^ clkbuf_0_clk/X (sky130_fd_sc_hd__clkbuf_16)
                                         clknet_0_clk (net)
                  0.11    0.00   10.43 ^ clkbuf_2_0__f_clk/A (sky130_fd_sc_hd__clkbuf_16)
     9    0.05    0.10    0.26   10.69 ^ clkbuf_2_0__f_clk/X (sky130_fd_sc_hd__clkbuf_16)
                                         clknet_2_0__leaf_clk (net)
                  0.10    0.00   10.70 ^ _340_/CLK (sky130_fd_sc_hd__dfrtp_4)
                         -0.25   10.45   clock uncertainty
                          0.00   10.45   clock reconvergence pessimism
                          0.36   10.81   library recovery time
                                 10.81   data required time
-----------------------------------------------------------------------------
                                 10.81   data required time
                                 -3.24   data arrival time
-----------------------------------------------------------------------------
                                  7.57   slack (MET)


Startpoint: rst (input port clocked by clk)
Endpoint: _336_ (recovery check against rising-edge clock clk)
Path Group: asynchronous
Path Type: max
Corner: Slowest

Fanout     Cap    Slew   Delay    Time   Description
-----------------------------------------------------------------------------
                          0.00    0.00   clock clk (rise edge)
                          0.00    0.00   clock network delay (propagated)
                          2.00    2.00 v input external delay
     1    0.00    0.02    0.01    2.01 v rst (in)
                                         rst (net)
                  0.02    0.00    2.01 v input1/A (sky130_fd_sc_hd__clkbuf_4)
     5    0.08    0.28    0.42    2.43 v input1/X (sky130_fd_sc_hd__clkbuf_4)
                                         net1 (net)
                  0.28    0.01    2.44 v _295_/A (sky130_fd_sc_hd__buf_4)
    10    0.09    0.21    0.51    2.96 v _295_/X (sky130_fd_sc_hd__buf_4)
                                         _159_ (net)
                  0.21    0.01    2.97 v _302_/A (sky130_fd_sc_hd__inv_2)
     1    0.03    0.21    0.27    3.24 ^ _302_/Y (sky130_fd_sc_hd__inv_2)
                                         _034_ (net)
                  0.21    0.00    3.24 ^ _336_/RESET_B (sky130_fd_sc_hd__dfrtp_2)
                                  3.24   data arrival time

                         10.00   10.00   clock clk (rise edge)
                          0.00   10.00   clock source latency
     1    0.03    0.19    0.13   10.13 ^ clk (in)
                                         clk (net)
                  0.19    0.00   10.13 ^ clkbuf_0_clk/A (sky130_fd_sc_hd__clkbuf_16)
     4    0.05    0.11    0.30   10.43 ^ clkbuf_0_clk/X (sky130_fd_sc_hd__clkbuf_16)
                                         clknet_0_clk (net)
                  0.11    0.00   10.43 ^ clkbuf_2_1__f_clk/A (sky130_fd_sc_hd__clkbuf_16)
    11    0.04    0.09    0.25   10.68 ^ clkbuf_2_1__f_clk/X (sky130_fd_sc_hd__clkbuf_16)
                                         clknet_2_1__leaf_clk (net)
                  0.09    0.00   10.69 ^ _336_/CLK (sky130_fd_sc_hd__dfrtp_2)
                         -0.25   10.44   clock uncertainty
                          0.00   10.44   clock reconvergence pessimism
                          0.39   10.83   library recovery time
                                 10.83   data required time
-----------------------------------------------------------------------------
                                 10.83   data required time
                                 -3.24   data arrival time
-----------------------------------------------------------------------------
                                  7.59   slack (MET)


Startpoint: rst (input port clocked by clk)
Endpoint: _330_ (recovery check against rising-edge clock clk)
Path Group: asynchronous
Path Type: max
Corner: Slowest

Fanout     Cap    Slew   Delay    Time   Description
-----------------------------------------------------------------------------
                          0.00    0.00   clock clk (rise edge)
                          0.00    0.00   clock network delay (propagated)
                          2.00    2.00 v input external delay
     1    0.00    0.02    0.01    2.01 v rst (in)
                                         rst (net)
                  0.02    0.00    2.01 v input1/A (sky130_fd_sc_hd__clkbuf_4)
     5    0.08    0.28    0.42    2.43 v input1/X (sky130_fd_sc_hd__clkbuf_4)
                                         net1 (net)
                  0.28    0.01    2.44 v _295_/A (sky130_fd_sc_hd__buf_4)
    10    0.09    0.21    0.51    2.96 v _295_/X (sky130_fd_sc_hd__buf_4)
                                         _159_ (net)
                  0.21    0.00    2.96 v _296_/A (sky130_fd_sc_hd__inv_2)
     1    0.02    0.18    0.25    3.21 ^ _296_/Y (sky130_fd_sc_hd__inv_2)
                                         _028_ (net)
                  0.18    0.00    3.22 ^ _330_/RESET_B (sky130_fd_sc_hd__dfrtp_4)
                                  3.22   data arrival time

                         10.00   10.00   clock clk (rise edge)
                          0.00   10.00   clock source latency
     1    0.03    0.19    0.13   10.13 ^ clk (in)
                                         clk (net)
                  0.19    0.00   10.13 ^ clkbuf_0_clk/A (sky130_fd_sc_hd__clkbuf_16)
     4    0.05    0.11    0.30   10.43 ^ clkbuf_0_clk/X (sky130_fd_sc_hd__clkbuf_16)
                                         clknet_0_clk (net)
                  0.11    0.00   10.43 ^ clkbuf_2_1__f_clk/A (sky130_fd_sc_hd__clkbuf_16)
    11    0.04    0.09    0.25   10.68 ^ clkbuf_2_1__f_clk/X (sky130_fd_sc_hd__clkbuf_16)
                                         clknet_2_1__leaf_clk (net)
                  0.09    0.00   10.69 ^ _330_/CLK (sky130_fd_sc_hd__dfrtp_4)
                         -0.25   10.44   clock uncertainty
                          0.00   10.44   clock reconvergence pessimism
                          0.40   10.84   library recovery time
                                 10.84   data required time
-----------------------------------------------------------------------------
                                 10.84   data required time
                                 -3.22   data arrival time
-----------------------------------------------------------------------------
                                  7.62   slack (MET)


Startpoint: rst (input port clocked by clk)
Endpoint: _339_ (recovery check against rising-edge clock clk)
Path Group: asynchronous
Path Type: max
Corner: Slowest

Fanout     Cap    Slew   Delay    Time   Description
-----------------------------------------------------------------------------
                          0.00    0.00   clock clk (rise edge)
                          0.00    0.00   clock network delay (propagated)
                          2.00    2.00 v input external delay
     1    0.00    0.02    0.01    2.01 v rst (in)
                                         rst (net)
                  0.02    0.00    2.01 v input1/A (sky130_fd_sc_hd__clkbuf_4)
     5    0.08    0.28    0.42    2.43 v input1/X (sky130_fd_sc_hd__clkbuf_4)
                                         net1 (net)
                  0.28    0.01    2.44 v _295_/A (sky130_fd_sc_hd__buf_4)
    10    0.09    0.21    0.51    2.96 v _295_/X (sky130_fd_sc_hd__buf_4)
                                         _159_ (net)
                  0.21    0.01    2.97 v _305_/A (sky130_fd_sc_hd__inv_2)
     1    0.02    0.18    0.25    3.22 ^ _305_/Y (sky130_fd_sc_hd__inv_2)
                                         _037_ (net)
                  0.18    0.00    3.23 ^ _339_/RESET_B (sky130_fd_sc_hd__dfrtp_2)
                                  3.23   data arrival time

                         10.00   10.00   clock clk (rise edge)
                          0.00   10.00   clock source latency
     1    0.03    0.19    0.13   10.13 ^ clk (in)
                                         clk (net)
                  0.19    0.00   10.13 ^ clkbuf_0_clk/A (sky130_fd_sc_hd__clkbuf_16)
     4    0.05    0.11    0.30   10.43 ^ clkbuf_0_clk/X (sky130_fd_sc_hd__clkbuf_16)
                                         clknet_0_clk (net)
                  0.11    0.00   10.43 ^ clkbuf_2_0__f_clk/A (sky130_fd_sc_hd__clkbuf_16)
     9    0.05    0.10    0.26   10.69 ^ clkbuf_2_0__f_clk/X (sky130_fd_sc_hd__clkbuf_16)
                                         clknet_2_0__leaf_clk (net)
                  0.10    0.00   10.70 ^ _339_/CLK (sky130_fd_sc_hd__dfrtp_2)
                         -0.25   10.45   clock uncertainty
                          0.00   10.45   clock reconvergence pessimism
                          0.41   10.85   library recovery time
                                 10.85   data required time
-----------------------------------------------------------------------------
                                 10.85   data required time
                                 -3.23   data arrival time
-----------------------------------------------------------------------------
                                  7.63   slack (MET)


Startpoint: rst (input port clocked by clk)
Endpoint: _332_ (recovery check against rising-edge clock clk)
Path Group: asynchronous
Path Type: max
Corner: Slowest

Fanout     Cap    Slew   Delay    Time   Description
-----------------------------------------------------------------------------
                          0.00    0.00   clock clk (rise edge)
                          0.00    0.00   clock network delay (propagated)
                          2.00    2.00 v input external delay
     1    0.00    0.02    0.01    2.01 v rst (in)
                                         rst (net)
                  0.02    0.00    2.01 v input1/A (sky130_fd_sc_hd__clkbuf_4)
     5    0.08    0.28    0.42    2.43 v input1/X (sky130_fd_sc_hd__clkbuf_4)
                                         net1 (net)
                  0.28    0.01    2.44 v _295_/A (sky130_fd_sc_hd__buf_4)
    10    0.09    0.21    0.51    2.96 v _295_/X (sky130_fd_sc_hd__buf_4)
                                         _159_ (net)
                  0.21    0.01    2.97 v _298_/A (sky130_fd_sc_hd__inv_2)
     1    0.02    0.17    0.24    3.21 ^ _298_/Y (sky130_fd_sc_hd__inv_2)
                                         _030_ (net)
                  0.17    0.00    3.21 ^ _332_/RESET_B (sky130_fd_sc_hd__dfrtp_4)
                                  3.21   data arrival time

                         10.00   10.00   clock clk (rise edge)
                          0.00   10.00   clock source latency
     1    0.03    0.19    0.13   10.13 ^ clk (in)
                                         clk (net)
                  0.19    0.00   10.13 ^ clkbuf_0_clk/A (sky130_fd_sc_hd__clkbuf_16)
     4    0.05    0.11    0.30   10.43 ^ clkbuf_0_clk/X (sky130_fd_sc_hd__clkbuf_16)
                                         clknet_0_clk (net)
                  0.11    0.00   10.43 ^ clkbuf_2_1__f_clk/A (sky130_fd_sc_hd__clkbuf_16)
    11    0.04    0.09    0.25   10.68 ^ clkbuf_2_1__f_clk/X (sky130_fd_sc_hd__clkbuf_16)
                                         clknet_2_1__leaf_clk (net)
                  0.09    0.00   10.69 ^ _332_/CLK (sky130_fd_sc_hd__dfrtp_4)
                         -0.25   10.44   clock uncertainty
                          0.00   10.44   clock reconvergence pessimism
                          0.41   10.84   library recovery time
                                 10.84   data required time
-----------------------------------------------------------------------------
                                 10.84   data required time
                                 -3.21   data arrival time
-----------------------------------------------------------------------------
                                  7.63   slack (MET)


Startpoint: rst (input port clocked by clk)
Endpoint: _348_ (recovery check against rising-edge clock clk)
Path Group: asynchronous
Path Type: max
Corner: Slowest

Fanout     Cap    Slew   Delay    Time   Description
-----------------------------------------------------------------------------
                          0.00    0.00   clock clk (rise edge)
                          0.00    0.00   clock network delay (propagated)
                          2.00    2.00 v input external delay
     1    0.00    0.02    0.01    2.01 v rst (in)
                                         rst (net)
                  0.02    0.00    2.01 v input1/A (sky130_fd_sc_hd__clkbuf_4)
     5    0.08    0.28    0.42    2.43 v input1/X (sky130_fd_sc_hd__clkbuf_4)
                                         net1 (net)
                  0.28    0.01    2.45 v _306_/A (sky130_fd_sc_hd__clkbuf_8)
    10    0.09    0.18    0.47    2.91 v _306_/X (sky130_fd_sc_hd__clkbuf_8)
                                         _160_ (net)
                  0.18    0.02    2.93 v _315_/A (sky130_fd_sc_hd__inv_2)
     1    0.03    0.20    0.25    3.18 ^ _315_/Y (sky130_fd_sc_hd__inv_2)
                                         _046_ (net)
                  0.20    0.00    3.19 ^ _348_/RESET_B (sky130_fd_sc_hd__dfrtp_4)
                                  3.19   data arrival time

                         10.00   10.00   clock clk (rise edge)
                          0.00   10.00   clock source latency
     1    0.03    0.19    0.13   10.13 ^ clk (in)
                                         clk (net)
                  0.19    0.00   10.13 ^ clkbuf_0_clk/A (sky130_fd_sc_hd__clkbuf_16)
     4    0.05    0.11    0.30   10.43 ^ clkbuf_0_clk/X (sky130_fd_sc_hd__clkbuf_16)
                                         clknet_0_clk (net)
                  0.11    0.00   10.43 ^ clkbuf_2_0__f_clk/A (sky130_fd_sc_hd__clkbuf_16)
     9    0.05    0.10    0.26   10.69 ^ clkbuf_2_0__f_clk/X (sky130_fd_sc_hd__clkbuf_16)
                                         clknet_2_0__leaf_clk (net)
                  0.10    0.00   10.70 ^ _348_/CLK (sky130_fd_sc_hd__dfrtp_4)
                         -0.25   10.45   clock uncertainty
                          0.00   10.45   clock reconvergence pessimism
                          0.39   10.84   library recovery time
                                 10.84   data required time
-----------------------------------------------------------------------------
                                 10.84   data required time
                                 -3.19   data arrival time
-----------------------------------------------------------------------------
                                  7.65   slack (MET)


Startpoint: rst (input port clocked by clk)
Endpoint: _338_ (recovery check against rising-edge clock clk)
Path Group: asynchronous
Path Type: max
Corner: Slowest

Fanout     Cap    Slew   Delay    Time   Description
-----------------------------------------------------------------------------
                          0.00    0.00   clock clk (rise edge)
                          0.00    0.00   clock network delay (propagated)
                          2.00    2.00 v input external delay
     1    0.00    0.02    0.01    2.01 v rst (in)
                                         rst (net)
                  0.02    0.00    2.01 v input1/A (sky130_fd_sc_hd__clkbuf_4)
     5    0.08    0.28    0.42    2.43 v input1/X (sky130_fd_sc_hd__clkbuf_4)
                                         net1 (net)
                  0.28    0.01    2.44 v _295_/A (sky130_fd_sc_hd__buf_4)
    10    0.09    0.21    0.51    2.96 v _295_/X (sky130_fd_sc_hd__buf_4)
                                         _159_ (net)
                  0.21    0.01    2.97 v _304_/A (sky130_fd_sc_hd__inv_2)
     1    0.02    0.15    0.23    3.20 ^ _304_/Y (sky130_fd_sc_hd__inv_2)
                                         _036_ (net)
                  0.15    0.00    3.20 ^ _338_/RESET_B (sky130_fd_sc_hd__dfrtp_4)
                                  3.20   data arrival time

                         10.00   10.00   clock clk (rise edge)
                          0.00   10.00   clock source latency
     1    0.03    0.19    0.13   10.13 ^ clk (in)
                                         clk (net)
                  0.19    0.00   10.13 ^ clkbuf_0_clk/A (sky130_fd_sc_hd__clkbuf_16)
     4    0.05    0.11    0.30   10.43 ^ clkbuf_0_clk/X (sky130_fd_sc_hd__clkbuf_16)
                                         clknet_0_clk (net)
                  0.11    0.00   10.43 ^ clkbuf_2_3__f_clk/A (sky130_fd_sc_hd__clkbuf_16)
     8    0.04    0.10    0.26   10.69 ^ clkbuf_2_3__f_clk/X (sky130_fd_sc_hd__clkbuf_16)
                                         clknet_2_3__leaf_clk (net)
                  0.10    0.00   10.69 ^ _338_/CLK (sky130_fd_sc_hd__dfrtp_4)
                         -0.25   10.44   clock uncertainty
                          0.00   10.44   clock reconvergence pessimism
                          0.41   10.86   library recovery time
                                 10.86   data required time
-----------------------------------------------------------------------------
                                 10.86   data required time
                                 -3.20   data arrival time
-----------------------------------------------------------------------------
                                  7.66   slack (MET)


Startpoint: rst (input port clocked by clk)
Endpoint: _347_ (recovery check against rising-edge clock clk)
Path Group: asynchronous
Path Type: max
Corner: Slowest

Fanout     Cap    Slew   Delay    Time   Description
-----------------------------------------------------------------------------
                          0.00    0.00   clock clk (rise edge)
                          0.00    0.00   clock network delay (propagated)
                          2.00    2.00 v input external delay
     1    0.00    0.02    0.01    2.01 v rst (in)
                                         rst (net)
                  0.02    0.00    2.01 v input1/A (sky130_fd_sc_hd__clkbuf_4)
     5    0.08    0.28    0.42    2.43 v input1/X (sky130_fd_sc_hd__clkbuf_4)
                                         net1 (net)
                  0.28    0.01    2.45 v _306_/A (sky130_fd_sc_hd__clkbuf_8)
    10    0.09    0.18    0.47    2.91 v _306_/X (sky130_fd_sc_hd__clkbuf_8)
                                         _160_ (net)
                  0.18    0.02    2.93 v _314_/A (sky130_fd_sc_hd__inv_2)
     1    0.02    0.16    0.22    3.15 ^ _314_/Y (sky130_fd_sc_hd__inv_2)
                                         _045_ (net)
                  0.16    0.00    3.15 ^ _347_/RESET_B (sky130_fd_sc_hd__dfrtp_4)
                                  3.15   data arrival time

                         10.00   10.00   clock clk (rise edge)
                          0.00   10.00   clock source latency
     1    0.03    0.19    0.13   10.13 ^ clk (in)
                                         clk (net)
                  0.19    0.00   10.13 ^ clkbuf_0_clk/A (sky130_fd_sc_hd__clkbuf_16)
     4    0.05    0.11    0.30   10.43 ^ clkbuf_0_clk/X (sky130_fd_sc_hd__clkbuf_16)
                                         clknet_0_clk (net)
                  0.11    0.00   10.43 ^ clkbuf_2_1__f_clk/A (sky130_fd_sc_hd__clkbuf_16)
    11    0.04    0.09    0.25   10.68 ^ clkbuf_2_1__f_clk/X (sky130_fd_sc_hd__clkbuf_16)
                                         clknet_2_1__leaf_clk (net)
                  0.09    0.00   10.69 ^ _347_/CLK (sky130_fd_sc_hd__dfrtp_4)
                         -0.25   10.44   clock uncertainty
                          0.00   10.44   clock reconvergence pessimism
                          0.41   10.85   library recovery time
                                 10.85   data required time
-----------------------------------------------------------------------------
                                 10.85   data required time
                                 -3.15   data arrival time
-----------------------------------------------------------------------------
                                  7.70   slack (MET)


Startpoint: rst (input port clocked by clk)
Endpoint: _344_ (recovery check against rising-edge clock clk)
Path Group: asynchronous
Path Type: max
Corner: Slowest

Fanout     Cap    Slew   Delay    Time   Description
-----------------------------------------------------------------------------
                          0.00    0.00   clock clk (rise edge)
                          0.00    0.00   clock network delay (propagated)
                          2.00    2.00 v input external delay
     1    0.00    0.02    0.01    2.01 v rst (in)
                                         rst (net)
                  0.02    0.00    2.01 v input1/A (sky130_fd_sc_hd__clkbuf_4)
     5    0.08    0.28    0.42    2.43 v input1/X (sky130_fd_sc_hd__clkbuf_4)
                                         net1 (net)
                  0.28    0.01    2.45 v _306_/A (sky130_fd_sc_hd__clkbuf_8)
    10    0.09    0.18    0.47    2.91 v _306_/X (sky130_fd_sc_hd__clkbuf_8)
                                         _160_ (net)
                  0.18    0.02    2.93 v _311_/A (sky130_fd_sc_hd__inv_2)
     1    0.02    0.17    0.22    3.16 ^ _311_/Y (sky130_fd_sc_hd__inv_2)
                                         _042_ (net)
                  0.17    0.00    3.16 ^ _344_/RESET_B (sky130_fd_sc_hd__dfrtp_1)
                                  3.16   data arrival time

                         10.00   10.00   clock clk (rise edge)
                          0.00   10.00   clock source latency
     1    0.03    0.19    0.13   10.13 ^ clk (in)
                                         clk (net)
                  0.19    0.00   10.13 ^ clkbuf_0_clk/A (sky130_fd_sc_hd__clkbuf_16)
     4    0.05    0.11    0.30   10.43 ^ clkbuf_0_clk/X (sky130_fd_sc_hd__clkbuf_16)
                                         clknet_0_clk (net)
                  0.11    0.00   10.43 ^ clkbuf_2_1__f_clk/A (sky130_fd_sc_hd__clkbuf_16)
    11    0.04    0.09    0.25   10.68 ^ clkbuf_2_1__f_clk/X (sky130_fd_sc_hd__clkbuf_16)
                                         clknet_2_1__leaf_clk (net)
                  0.09    0.00   10.69 ^ _344_/CLK (sky130_fd_sc_hd__dfrtp_1)
                         -0.25   10.44   clock uncertainty
                          0.00   10.44   clock reconvergence pessimism
                          0.43   10.87   library recovery time
                                 10.87   data required time
-----------------------------------------------------------------------------
                                 10.87   data required time
                                 -3.16   data arrival time
-----------------------------------------------------------------------------
                                  7.71   slack (MET)


Startpoint: rst (input port clocked by clk)
Endpoint: _343_ (recovery check against rising-edge clock clk)
Path Group: asynchronous
Path Type: max
Corner: Slowest

Fanout     Cap    Slew   Delay    Time   Description
-----------------------------------------------------------------------------
                          0.00    0.00   clock clk (rise edge)
                          0.00    0.00   clock network delay (propagated)
                          2.00    2.00 v input external delay
     1    0.00    0.02    0.01    2.01 v rst (in)
                                         rst (net)
                  0.02    0.00    2.01 v input1/A (sky130_fd_sc_hd__clkbuf_4)
     5    0.08    0.28    0.42    2.43 v input1/X (sky130_fd_sc_hd__clkbuf_4)
                                         net1 (net)
                  0.28    0.01    2.45 v _306_/A (sky130_fd_sc_hd__clkbuf_8)
    10    0.09    0.18    0.47    2.91 v _306_/X (sky130_fd_sc_hd__clkbuf_8)
                                         _160_ (net)
                  0.18    0.02    2.93 v _310_/A (sky130_fd_sc_hd__inv_2)
     1    0.02    0.18    0.23    3.17 ^ _310_/Y (sky130_fd_sc_hd__inv_2)
                                         _041_ (net)
                  0.18    0.00    3.17 ^ _343_/RESET_B (sky130_fd_sc_hd__dfrtp_1)
                                  3.17   data arrival time

                         10.00   10.00   clock clk (rise edge)
                          0.00   10.00   clock source latency
     1    0.03    0.19    0.13   10.13 ^ clk (in)
                                         clk (net)
                  0.19    0.00   10.13 ^ clkbuf_0_clk/A (sky130_fd_sc_hd__clkbuf_16)
     4    0.05    0.11    0.30   10.43 ^ clkbuf_0_clk/X (sky130_fd_sc_hd__clkbuf_16)
                                         clknet_0_clk (net)
                  0.11    0.00   10.43 ^ clkbuf_2_0__f_clk/A (sky130_fd_sc_hd__clkbuf_16)
     9    0.05    0.10    0.26   10.69 ^ clkbuf_2_0__f_clk/X (sky130_fd_sc_hd__clkbuf_16)
                                         clknet_2_0__leaf_clk (net)
                  0.10    0.00   10.70 ^ _343_/CLK (sky130_fd_sc_hd__dfrtp_1)
                         -0.25   10.45   clock uncertainty
                          0.00   10.45   clock reconvergence pessimism
                          0.43   10.88   library recovery time
                                 10.88   data required time
-----------------------------------------------------------------------------
                                 10.88   data required time
                                 -3.17   data arrival time
-----------------------------------------------------------------------------
                                  7.71   slack (MET)


Startpoint: rst (input port clocked by clk)
Endpoint: _333_ (recovery check against rising-edge clock clk)
Path Group: asynchronous
Path Type: max
Corner: Slowest

Fanout     Cap    Slew   Delay    Time   Description
-----------------------------------------------------------------------------
                          0.00    0.00   clock clk (rise edge)
                          0.00    0.00   clock network delay (propagated)
                          2.00    2.00 v input external delay
     1    0.00    0.02    0.01    2.01 v rst (in)
                                         rst (net)
                  0.02    0.00    2.01 v input1/A (sky130_fd_sc_hd__clkbuf_4)
     5    0.08    0.28    0.42    2.43 v input1/X (sky130_fd_sc_hd__clkbuf_4)
                                         net1 (net)
                  0.28    0.01    2.44 v _295_/A (sky130_fd_sc_hd__buf_4)
    10    0.09    0.21    0.51    2.96 v _295_/X (sky130_fd_sc_hd__buf_4)
                                         _159_ (net)
                  0.21    0.01    2.97 v _299_/A (sky130_fd_sc_hd__inv_2)
     1    0.02    0.13    0.21    3.18 ^ _299_/Y (sky130_fd_sc_hd__inv_2)
                                         _031_ (net)
                  0.13    0.00    3.18 ^ _333_/RESET_B (sky130_fd_sc_hd__dfrtp_1)
                                  3.18   data arrival time

                         10.00   10.00   clock clk (rise edge)
                          0.00   10.00   clock source latency
     1    0.03    0.19    0.13   10.13 ^ clk (in)
                                         clk (net)
                  0.19    0.00   10.13 ^ clkbuf_0_clk/A (sky130_fd_sc_hd__clkbuf_16)
     4    0.05    0.11    0.30   10.43 ^ clkbuf_0_clk/X (sky130_fd_sc_hd__clkbuf_16)
                                         clknet_0_clk (net)
                  0.11    0.00   10.43 ^ clkbuf_2_3__f_clk/A (sky130_fd_sc_hd__clkbuf_16)
     8    0.04    0.10    0.26   10.69 ^ clkbuf_2_3__f_clk/X (sky130_fd_sc_hd__clkbuf_16)
                                         clknet_2_3__leaf_clk (net)
                  0.10    0.00   10.69 ^ _333_/CLK (sky130_fd_sc_hd__dfrtp_1)
                         -0.25   10.44   clock uncertainty
                          0.00   10.44   clock reconvergence pessimism
                          0.45   10.89   library recovery time
                                 10.89   data required time
-----------------------------------------------------------------------------
                                 10.89   data required time
                                 -3.18   data arrival time
-----------------------------------------------------------------------------
                                  7.71   slack (MET)


Startpoint: rst (input port clocked by clk)
Endpoint: _356_ (recovery check against rising-edge clock clk)
Path Group: asynchronous
Path Type: max
Corner: Slowest

Fanout     Cap    Slew   Delay    Time   Description
-----------------------------------------------------------------------------
                          0.00    0.00   clock clk (rise edge)
                          0.00    0.00   clock network delay (propagated)
                          2.00    2.00 v input external delay
     1    0.00    0.02    0.01    2.01 v rst (in)
                                         rst (net)
                  0.02    0.00    2.01 v input1/A (sky130_fd_sc_hd__clkbuf_4)
     5    0.08    0.28    0.42    2.43 v input1/X (sky130_fd_sc_hd__clkbuf_4)
                                         net1 (net)
                  0.28    0.01    2.44 v _317_/A (sky130_fd_sc_hd__clkbuf_8)
    10    0.08    0.17    0.46    2.90 v _317_/X (sky130_fd_sc_hd__clkbuf_8)
                                         _161_ (net)
                  0.17    0.01    2.91 v _324_/A (sky130_fd_sc_hd__inv_2)
     1    0.02    0.18    0.23    3.14 ^ _324_/Y (sky130_fd_sc_hd__inv_2)
                                         _054_ (net)
                  0.18    0.00    3.14 ^ _356_/RESET_B (sky130_fd_sc_hd__dfrtp_1)
                                  3.14   data arrival time

                         10.00   10.00   clock clk (rise edge)
                          0.00   10.00   clock source latency
     1    0.03    0.19    0.13   10.13 ^ clk (in)
                                         clk (net)
                  0.19    0.00   10.13 ^ clkbuf_0_clk/A (sky130_fd_sc_hd__clkbuf_16)
     4    0.05    0.11    0.30   10.43 ^ clkbuf_0_clk/X (sky130_fd_sc_hd__clkbuf_16)
                                         clknet_0_clk (net)
                  0.11    0.00   10.43 ^ clkbuf_2_1__f_clk/A (sky130_fd_sc_hd__clkbuf_16)
    11    0.04    0.09    0.25   10.68 ^ clkbuf_2_1__f_clk/X (sky130_fd_sc_hd__clkbuf_16)
                                         clknet_2_1__leaf_clk (net)
                  0.09    0.00   10.69 ^ _356_/CLK (sky130_fd_sc_hd__dfrtp_1)
                         -0.25   10.44   clock uncertainty
                          0.00   10.44   clock reconvergence pessimism
                          0.43   10.86   library recovery time
                                 10.86   data required time
-----------------------------------------------------------------------------
                                 10.86   data required time
                                 -3.14   data arrival time
-----------------------------------------------------------------------------
                                  7.72   slack (MET)


Startpoint: rst (input port clocked by clk)
Endpoint: _337_ (recovery check against rising-edge clock clk)
Path Group: asynchronous
Path Type: max
Corner: Slowest

Fanout     Cap    Slew   Delay    Time   Description
-----------------------------------------------------------------------------
                          0.00    0.00   clock clk (rise edge)
                          0.00    0.00   clock network delay (propagated)
                          2.00    2.00 v input external delay
     1    0.00    0.02    0.01    2.01 v rst (in)
                                         rst (net)
                  0.02    0.00    2.01 v input1/A (sky130_fd_sc_hd__clkbuf_4)
     5    0.08    0.28    0.42    2.43 v input1/X (sky130_fd_sc_hd__clkbuf_4)
                                         net1 (net)
                  0.28    0.01    2.44 v _295_/A (sky130_fd_sc_hd__buf_4)
    10    0.09    0.21    0.51    2.96 v _295_/X (sky130_fd_sc_hd__buf_4)
                                         _159_ (net)
                  0.21    0.01    2.96 v _303_/A (sky130_fd_sc_hd__inv_2)
     1    0.01    0.11    0.18    3.15 ^ _303_/Y (sky130_fd_sc_hd__inv_2)
                                         _035_ (net)
                  0.11    0.00    3.15 ^ _337_/RESET_B (sky130_fd_sc_hd__dfrtp_2)
                                  3.15   data arrival time

                         10.00   10.00   clock clk (rise edge)
                          0.00   10.00   clock source latency
     1    0.03    0.19    0.13   10.13 ^ clk (in)
                                         clk (net)
                  0.19    0.00   10.13 ^ clkbuf_0_clk/A (sky130_fd_sc_hd__clkbuf_16)
     4    0.05    0.11    0.30   10.43 ^ clkbuf_0_clk/X (sky130_fd_sc_hd__clkbuf_16)
                                         clknet_0_clk (net)
                  0.11    0.00   10.43 ^ clkbuf_2_1__f_clk/A (sky130_fd_sc_hd__clkbuf_16)
    11    0.04    0.09    0.25   10.68 ^ clkbuf_2_1__f_clk/X (sky130_fd_sc_hd__clkbuf_16)
                                         clknet_2_1__leaf_clk (net)
                  0.09    0.00   10.69 ^ _337_/CLK (sky130_fd_sc_hd__dfrtp_2)
                         -0.25   10.44   clock uncertainty
                          0.00   10.44   clock reconvergence pessimism
                          0.43   10.87   library recovery time
                                 10.87   data required time
-----------------------------------------------------------------------------
                                 10.87   data required time
                                 -3.15   data arrival time
-----------------------------------------------------------------------------
                                  7.72   slack (MET)


Startpoint: rst (input port clocked by clk)
Endpoint: _334_ (recovery check against rising-edge clock clk)
Path Group: asynchronous
Path Type: max
Corner: Slowest

Fanout     Cap    Slew   Delay    Time   Description
-----------------------------------------------------------------------------
                          0.00    0.00   clock clk (rise edge)
                          0.00    0.00   clock network delay (propagated)
                          2.00    2.00 v input external delay
     1    0.00    0.02    0.01    2.01 v rst (in)
                                         rst (net)
                  0.02    0.00    2.01 v input1/A (sky130_fd_sc_hd__clkbuf_4)
     5    0.08    0.28    0.42    2.43 v input1/X (sky130_fd_sc_hd__clkbuf_4)
                                         net1 (net)
                  0.28    0.01    2.44 v _295_/A (sky130_fd_sc_hd__buf_4)
    10    0.09    0.21    0.51    2.96 v _295_/X (sky130_fd_sc_hd__buf_4)
                                         _159_ (net)
                  0.21    0.01    2.97 v _300_/A (sky130_fd_sc_hd__inv_2)
     1    0.01    0.10    0.17    3.14 ^ _300_/Y (sky130_fd_sc_hd__inv_2)
                                         _032_ (net)
                  0.10    0.00    3.14 ^ _334_/RESET_B (sky130_fd_sc_hd__dfrtp_4)
                                  3.14   data arrival time

                         10.00   10.00   clock clk (rise edge)
                          0.00   10.00   clock source latency
     1    0.03    0.19    0.13   10.13 ^ clk (in)
                                         clk (net)
                  0.19    0.00   10.13 ^ clkbuf_0_clk/A (sky130_fd_sc_hd__clkbuf_16)
     4    0.05    0.11    0.30   10.43 ^ clkbuf_0_clk/X (sky130_fd_sc_hd__clkbuf_16)
                                         clknet_0_clk (net)
                  0.11    0.00   10.43 ^ clkbuf_2_1__f_clk/A (sky130_fd_sc_hd__clkbuf_16)
    11    0.04    0.09    0.25   10.68 ^ clkbuf_2_1__f_clk/X (sky130_fd_sc_hd__clkbuf_16)
                                         clknet_2_1__leaf_clk (net)
                  0.09    0.00   10.69 ^ _334_/CLK (sky130_fd_sc_hd__dfrtp_4)
                         -0.25   10.44   clock uncertainty
                          0.00   10.44   clock reconvergence pessimism
                          0.44   10.87   library recovery time
                                 10.87   data required time
-----------------------------------------------------------------------------
                                 10.87   data required time
                                 -3.14   data arrival time
-----------------------------------------------------------------------------
                                  7.73   slack (MET)


Startpoint: rst (input port clocked by clk)
Endpoint: _350_ (recovery check against rising-edge clock clk)
Path Group: asynchronous
Path Type: max
Corner: Slowest

Fanout     Cap    Slew   Delay    Time   Description
-----------------------------------------------------------------------------
                          0.00    0.00   clock clk (rise edge)
                          0.00    0.00   clock network delay (propagated)
                          2.00    2.00 v input external delay
     1    0.00    0.02    0.01    2.01 v rst (in)
                                         rst (net)
                  0.02    0.00    2.01 v input1/A (sky130_fd_sc_hd__clkbuf_4)
     5    0.08    0.28    0.42    2.43 v input1/X (sky130_fd_sc_hd__clkbuf_4)
                                         net1 (net)
                  0.28    0.01    2.44 v _317_/A (sky130_fd_sc_hd__clkbuf_8)
    10    0.08    0.17    0.46    2.90 v _317_/X (sky130_fd_sc_hd__clkbuf_8)
                                         _161_ (net)
                  0.17    0.01    2.91 v _318_/A (sky130_fd_sc_hd__inv_2)
     1    0.02    0.16    0.21    3.12 ^ _318_/Y (sky130_fd_sc_hd__inv_2)
                                         _048_ (net)
                  0.16    0.00    3.12 ^ _350_/RESET_B (sky130_fd_sc_hd__dfrtp_2)
                                  3.12   data arrival time

                         10.00   10.00   clock clk (rise edge)
                          0.00   10.00   clock source latency
     1    0.03    0.19    0.13   10.13 ^ clk (in)
                                         clk (net)
                  0.19    0.00   10.13 ^ clkbuf_0_clk/A (sky130_fd_sc_hd__clkbuf_16)
     4    0.05    0.11    0.30   10.43 ^ clkbuf_0_clk/X (sky130_fd_sc_hd__clkbuf_16)
                                         clknet_0_clk (net)
                  0.11    0.00   10.43 ^ clkbuf_2_3__f_clk/A (sky130_fd_sc_hd__clkbuf_16)
     8    0.04    0.10    0.26   10.69 ^ clkbuf_2_3__f_clk/X (sky130_fd_sc_hd__clkbuf_16)
                                         clknet_2_3__leaf_clk (net)
                  0.10    0.00   10.69 ^ _350_/CLK (sky130_fd_sc_hd__dfrtp_2)
                         -0.25   10.44   clock uncertainty
                          0.00   10.44   clock reconvergence pessimism
                          0.42   10.86   library recovery time
                                 10.86   data required time
-----------------------------------------------------------------------------
                                 10.86   data required time
                                 -3.12   data arrival time
-----------------------------------------------------------------------------
                                  7.73   slack (MET)


Startpoint: rst (input port clocked by clk)
Endpoint: _358_ (recovery check against rising-edge clock clk)
Path Group: asynchronous
Path Type: max
Corner: Slowest

Fanout     Cap    Slew   Delay    Time   Description
-----------------------------------------------------------------------------
                          0.00    0.00   clock clk (rise edge)
                          0.00    0.00   clock network delay (propagated)
                          2.00    2.00 v input external delay
     1    0.00    0.02    0.01    2.01 v rst (in)
                                         rst (net)
                  0.02    0.00    2.01 v input1/A (sky130_fd_sc_hd__clkbuf_4)
     5    0.08    0.28    0.42    2.43 v input1/X (sky130_fd_sc_hd__clkbuf_4)
                                         net1 (net)
                  0.28    0.01    2.44 v _317_/A (sky130_fd_sc_hd__clkbuf_8)
    10    0.08    0.17    0.46    2.90 v _317_/X (sky130_fd_sc_hd__clkbuf_8)
                                         _161_ (net)
                  0.17    0.01    2.91 v _326_/A (sky130_fd_sc_hd__inv_2)
     1    0.02    0.15    0.21    3.12 ^ _326_/Y (sky130_fd_sc_hd__inv_2)
                                         _056_ (net)
                  0.15    0.00    3.12 ^ _358_/RESET_B (sky130_fd_sc_hd__dfrtp_4)
                                  3.12   data arrival time

                         10.00   10.00   clock clk (rise edge)
                          0.00   10.00   clock source latency
     1    0.03    0.19    0.13   10.13 ^ clk (in)
                                         clk (net)
                  0.19    0.00   10.13 ^ clkbuf_0_clk/A (sky130_fd_sc_hd__clkbuf_16)
     4    0.05    0.11    0.30   10.43 ^ clkbuf_0_clk/X (sky130_fd_sc_hd__clkbuf_16)
                                         clknet_0_clk (net)
                  0.11    0.00   10.43 ^ clkbuf_2_2__f_clk/A (sky130_fd_sc_hd__clkbuf_16)
     7    0.05    0.11    0.27   10.70 ^ clkbuf_2_2__f_clk/X (sky130_fd_sc_hd__clkbuf_16)
                                         clknet_2_2__leaf_clk (net)
                  0.11    0.01   10.71 ^ _358_/CLK (sky130_fd_sc_hd__dfrtp_4)
                         -0.25   10.46   clock uncertainty
                          0.00   10.46   clock reconvergence pessimism
                          0.42   10.88   library recovery time
                                 10.88   data required time
-----------------------------------------------------------------------------
                                 10.88   data required time
                                 -3.12   data arrival time
-----------------------------------------------------------------------------
                                  7.75   slack (MET)


Startpoint: rst (input port clocked by clk)
Endpoint: _349_ (recovery check against rising-edge clock clk)
Path Group: asynchronous
Path Type: max
Corner: Slowest

Fanout     Cap    Slew   Delay    Time   Description
-----------------------------------------------------------------------------
                          0.00    0.00   clock clk (rise edge)
                          0.00    0.00   clock network delay (propagated)
                          2.00    2.00 v input external delay
     1    0.00    0.02    0.01    2.01 v rst (in)
                                         rst (net)
                  0.02    0.00    2.01 v input1/A (sky130_fd_sc_hd__clkbuf_4)
     5    0.08    0.28    0.42    2.43 v input1/X (sky130_fd_sc_hd__clkbuf_4)
                                         net1 (net)
                  0.28    0.01    2.45 v _306_/A (sky130_fd_sc_hd__clkbuf_8)
    10    0.09    0.18    0.47    2.91 v _306_/X (sky130_fd_sc_hd__clkbuf_8)
                                         _160_ (net)
                  0.18    0.01    2.92 v _316_/A (sky130_fd_sc_hd__inv_2)
     1    0.02    0.13    0.19    3.12 ^ _316_/Y (sky130_fd_sc_hd__inv_2)
                                         _047_ (net)
                  0.13    0.00    3.12 ^ _349_/RESET_B (sky130_fd_sc_hd__dfrtp_2)
                                  3.12   data arrival time

                         10.00   10.00   clock clk (rise edge)
                          0.00   10.00   clock source latency
     1    0.03    0.19    0.13   10.13 ^ clk (in)
                                         clk (net)
                  0.19    0.00   10.13 ^ clkbuf_0_clk/A (sky130_fd_sc_hd__clkbuf_16)
     4    0.05    0.11    0.30   10.43 ^ clkbuf_0_clk/X (sky130_fd_sc_hd__clkbuf_16)
                                         clknet_0_clk (net)
                  0.11    0.00   10.43 ^ clkbuf_2_3__f_clk/A (sky130_fd_sc_hd__clkbuf_16)
     8    0.04    0.10    0.26   10.69 ^ clkbuf_2_3__f_clk/X (sky130_fd_sc_hd__clkbuf_16)
                                         clknet_2_3__leaf_clk (net)
                  0.10    0.00   10.69 ^ _349_/CLK (sky130_fd_sc_hd__dfrtp_2)
                         -0.25   10.44   clock uncertainty
                          0.00   10.44   clock reconvergence pessimism
                          0.43   10.87   library recovery time
                                 10.87   data required time
-----------------------------------------------------------------------------
                                 10.87   data required time
                                 -3.12   data arrival time
-----------------------------------------------------------------------------
                                  7.75   slack (MET)


Startpoint: rst (input port clocked by clk)
Endpoint: _354_ (recovery check against rising-edge clock clk)
Path Group: asynchronous
Path Type: max
Corner: Slowest

Fanout     Cap    Slew   Delay    Time   Description
-----------------------------------------------------------------------------
                          0.00    0.00   clock clk (rise edge)
                          0.00    0.00   clock network delay (propagated)
                          2.00    2.00 v input external delay
     1    0.00    0.02    0.01    2.01 v rst (in)
                                         rst (net)
                  0.02    0.00    2.01 v input1/A (sky130_fd_sc_hd__clkbuf_4)
     5    0.08    0.28    0.42    2.43 v input1/X (sky130_fd_sc_hd__clkbuf_4)
                                         net1 (net)
                  0.28    0.01    2.44 v _317_/A (sky130_fd_sc_hd__clkbuf_8)
    10    0.08    0.17    0.46    2.90 v _317_/X (sky130_fd_sc_hd__clkbuf_8)
                                         _161_ (net)
                  0.17    0.01    2.91 v _322_/A (sky130_fd_sc_hd__inv_2)
     1    0.02    0.14    0.19    3.11 ^ _322_/Y (sky130_fd_sc_hd__inv_2)
                                         _052_ (net)
                  0.14    0.00    3.11 ^ _354_/RESET_B (sky130_fd_sc_hd__dfrtp_4)
                                  3.11   data arrival time

                         10.00   10.00   clock clk (rise edge)
                          0.00   10.00   clock source latency
     1    0.03    0.19    0.13   10.13 ^ clk (in)
                                         clk (net)
                  0.19    0.00   10.13 ^ clkbuf_0_clk/A (sky130_fd_sc_hd__clkbuf_16)
     4    0.05    0.11    0.30   10.43 ^ clkbuf_0_clk/X (sky130_fd_sc_hd__clkbuf_16)
                                         clknet_0_clk (net)
                  0.11    0.00   10.43 ^ clkbuf_2_3__f_clk/A (sky130_fd_sc_hd__clkbuf_16)
     8    0.04    0.10    0.26   10.69 ^ clkbuf_2_3__f_clk/X (sky130_fd_sc_hd__clkbuf_16)
                                         clknet_2_3__leaf_clk (net)
                  0.10    0.00   10.69 ^ _354_/CLK (sky130_fd_sc_hd__dfrtp_4)
                         -0.25   10.44   clock uncertainty
                          0.00   10.44   clock reconvergence pessimism
                          0.42   10.86   library recovery time
                                 10.86   data required time
-----------------------------------------------------------------------------
                                 10.86   data required time
                                 -3.11   data arrival time
-----------------------------------------------------------------------------
                                  7.76   slack (MET)


Startpoint: rst (input port clocked by clk)
Endpoint: _359_ (recovery check against rising-edge clock clk)
Path Group: asynchronous
Path Type: max
Corner: Slowest

Fanout     Cap    Slew   Delay    Time   Description
-----------------------------------------------------------------------------
                          0.00    0.00   clock clk (rise edge)
                          0.00    0.00   clock network delay (propagated)
                          2.00    2.00 v input external delay
     1    0.00    0.02    0.01    2.01 v rst (in)
                                         rst (net)
                  0.02    0.00    2.01 v input1/A (sky130_fd_sc_hd__clkbuf_4)
     5    0.08    0.28    0.42    2.43 v input1/X (sky130_fd_sc_hd__clkbuf_4)
                                         net1 (net)
                  0.28    0.01    2.44 v _317_/A (sky130_fd_sc_hd__clkbuf_8)
    10    0.08    0.17    0.46    2.90 v _317_/X (sky130_fd_sc_hd__clkbuf_8)
                                         _161_ (net)
                  0.17    0.01    2.91 v _327_/A (sky130_fd_sc_hd__inv_2)
     1    0.02    0.13    0.19    3.10 ^ _327_/Y (sky130_fd_sc_hd__inv_2)
                                         _057_ (net)
                  0.13    0.00    3.10 ^ _359_/RESET_B (sky130_fd_sc_hd__dfrtp_4)
                                  3.10   data arrival time

                         10.00   10.00   clock clk (rise edge)
                          0.00   10.00   clock source latency
     1    0.03    0.19    0.13   10.13 ^ clk (in)
                                         clk (net)
                  0.19    0.00   10.13 ^ clkbuf_0_clk/A (sky130_fd_sc_hd__clkbuf_16)
     4    0.05    0.11    0.30   10.43 ^ clkbuf_0_clk/X (sky130_fd_sc_hd__clkbuf_16)
                                         clknet_0_clk (net)
                  0.11    0.00   10.43 ^ clkbuf_2_0__f_clk/A (sky130_fd_sc_hd__clkbuf_16)
     9    0.05    0.10    0.26   10.69 ^ clkbuf_2_0__f_clk/X (sky130_fd_sc_hd__clkbuf_16)
                                         clknet_2_0__leaf_clk (net)
                  0.10    0.00   10.70 ^ _359_/CLK (sky130_fd_sc_hd__dfrtp_4)
                         -0.25   10.45   clock uncertainty
                          0.00   10.45   clock reconvergence pessimism
                          0.43   10.87   library recovery time
                                 10.87   data required time
-----------------------------------------------------------------------------
                                 10.87   data required time
                                 -3.10   data arrival time
-----------------------------------------------------------------------------
                                  7.77   slack (MET)


Startpoint: rst (input port clocked by clk)
Endpoint: _331_ (recovery check against rising-edge clock clk)
Path Group: asynchronous
Path Type: max
Corner: Slowest

Fanout     Cap    Slew   Delay    Time   Description
-----------------------------------------------------------------------------
                          0.00    0.00   clock clk (rise edge)
                          0.00    0.00   clock network delay (propagated)
                          2.00    2.00 v input external delay
     1    0.00    0.02    0.01    2.01 v rst (in)
                                         rst (net)
                  0.02    0.00    2.01 v input1/A (sky130_fd_sc_hd__clkbuf_4)
     5    0.08    0.28    0.42    2.43 v input1/X (sky130_fd_sc_hd__clkbuf_4)
                                         net1 (net)
                  0.28    0.01    2.44 v _295_/A (sky130_fd_sc_hd__buf_4)
    10    0.09    0.21    0.51    2.96 v _295_/X (sky130_fd_sc_hd__buf_4)
                                         _159_ (net)
                  0.21    0.00    2.96 v _297_/A (sky130_fd_sc_hd__inv_2)
     1    0.01    0.10    0.17    3.13 ^ _297_/Y (sky130_fd_sc_hd__inv_2)
                                         _029_ (net)
                  0.10    0.00    3.13 ^ _331_/RESET_B (sky130_fd_sc_hd__dfrtp_4)
                                  3.13   data arrival time

                         10.00   10.00   clock clk (rise edge)
                          0.00   10.00   clock source latency
     1    0.03    0.19    0.13   10.13 ^ clk (in)
                                         clk (net)
                  0.19    0.00   10.13 ^ clkbuf_0_clk/A (sky130_fd_sc_hd__clkbuf_16)
     4    0.05    0.11    0.30   10.43 ^ clkbuf_0_clk/X (sky130_fd_sc_hd__clkbuf_16)
                                         clknet_0_clk (net)
                  0.11    0.00   10.43 ^ clkbuf_2_2__f_clk/A (sky130_fd_sc_hd__clkbuf_16)
     7    0.05    0.11    0.27   10.70 ^ clkbuf_2_2__f_clk/X (sky130_fd_sc_hd__clkbuf_16)
                                         clknet_2_2__leaf_clk (net)
                  0.11    0.01   10.71 ^ _331_/CLK (sky130_fd_sc_hd__dfrtp_4)
                         -0.25   10.46   clock uncertainty
                          0.00   10.46   clock reconvergence pessimism
                          0.44   10.90   library recovery time
                                 10.90   data required time
-----------------------------------------------------------------------------
                                 10.90   data required time
                                 -3.13   data arrival time
-----------------------------------------------------------------------------
                                  7.77   slack (MET)


Startpoint: rst (input port clocked by clk)
Endpoint: _355_ (recovery check against rising-edge clock clk)
Path Group: asynchronous
Path Type: max
Corner: Slowest

Fanout     Cap    Slew   Delay    Time   Description
-----------------------------------------------------------------------------
                          0.00    0.00   clock clk (rise edge)
                          0.00    0.00   clock network delay (propagated)
                          2.00    2.00 v input external delay
     1    0.00    0.02    0.01    2.01 v rst (in)
                                         rst (net)
                  0.02    0.00    2.01 v input1/A (sky130_fd_sc_hd__clkbuf_4)
     5    0.08    0.28    0.42    2.43 v input1/X (sky130_fd_sc_hd__clkbuf_4)
                                         net1 (net)
                  0.28    0.01    2.44 v _317_/A (sky130_fd_sc_hd__clkbuf_8)
    10    0.08    0.17    0.46    2.90 v _317_/X (sky130_fd_sc_hd__clkbuf_8)
                                         _161_ (net)
                  0.17    0.01    2.91 v _323_/A (sky130_fd_sc_hd__inv_2)
     1    0.01    0.12    0.18    3.09 ^ _323_/Y (sky130_fd_sc_hd__inv_2)
                                         _053_ (net)
                  0.12    0.00    3.09 ^ _355_/RESET_B (sky130_fd_sc_hd__dfrtp_4)
                                  3.09   data arrival time

                         10.00   10.00   clock clk (rise edge)
                          0.00   10.00   clock source latency
     1    0.03    0.19    0.13   10.13 ^ clk (in)
                                         clk (net)
                  0.19    0.00   10.13 ^ clkbuf_0_clk/A (sky130_fd_sc_hd__clkbuf_16)
     4    0.05    0.11    0.30   10.43 ^ clkbuf_0_clk/X (sky130_fd_sc_hd__clkbuf_16)
                                         clknet_0_clk (net)
                  0.11    0.00   10.43 ^ clkbuf_2_1__f_clk/A (sky130_fd_sc_hd__clkbuf_16)
    11    0.04    0.09    0.25   10.68 ^ clkbuf_2_1__f_clk/X (sky130_fd_sc_hd__clkbuf_16)
                                         clknet_2_1__leaf_clk (net)
                  0.09    0.00   10.69 ^ _355_/CLK (sky130_fd_sc_hd__dfrtp_4)
                         -0.25   10.44   clock uncertainty
                          0.00   10.44   clock reconvergence pessimism
                          0.43   10.86   library recovery time
                                 10.86   data required time
-----------------------------------------------------------------------------
                                 10.86   data required time
                                 -3.09   data arrival time
-----------------------------------------------------------------------------
                                  7.77   slack (MET)


Startpoint: rst (input port clocked by clk)
Endpoint: _335_ (recovery check against rising-edge clock clk)
Path Group: asynchronous
Path Type: max
Corner: Slowest

Fanout     Cap    Slew   Delay    Time   Description
-----------------------------------------------------------------------------
                          0.00    0.00   clock clk (rise edge)
                          0.00    0.00   clock network delay (propagated)
                          2.00    2.00 v input external delay
     1    0.00    0.02    0.01    2.01 v rst (in)
                                         rst (net)
                  0.02    0.00    2.01 v input1/A (sky130_fd_sc_hd__clkbuf_4)
     5    0.08    0.28    0.42    2.43 v input1/X (sky130_fd_sc_hd__clkbuf_4)
                                         net1 (net)
                  0.28    0.01    2.44 v _295_/A (sky130_fd_sc_hd__buf_4)
    10    0.09    0.21    0.51    2.96 v _295_/X (sky130_fd_sc_hd__buf_4)
                                         _159_ (net)
                  0.21    0.00    2.96 v _301_/A (sky130_fd_sc_hd__inv_2)
     1    0.01    0.10    0.17    3.13 ^ _301_/Y (sky130_fd_sc_hd__inv_2)
                                         _033_ (net)
                  0.10    0.00    3.13 ^ _335_/RESET_B (sky130_fd_sc_hd__dfrtp_2)
                                  3.13   data arrival time

                         10.00   10.00   clock clk (rise edge)
                          0.00   10.00   clock source latency
     1    0.03    0.19    0.13   10.13 ^ clk (in)
                                         clk (net)
                  0.19    0.00   10.13 ^ clkbuf_0_clk/A (sky130_fd_sc_hd__clkbuf_16)
     4    0.05    0.11    0.30   10.43 ^ clkbuf_0_clk/X (sky130_fd_sc_hd__clkbuf_16)
                                         clknet_0_clk (net)
                  0.11    0.00   10.43 ^ clkbuf_2_2__f_clk/A (sky130_fd_sc_hd__clkbuf_16)
     7    0.05    0.11    0.27   10.70 ^ clkbuf_2_2__f_clk/X (sky130_fd_sc_hd__clkbuf_16)
                                         clknet_2_2__leaf_clk (net)
                  0.11    0.00   10.70 ^ _335_/CLK (sky130_fd_sc_hd__dfrtp_2)
                         -0.25   10.45   clock uncertainty
                          0.00   10.45   clock reconvergence pessimism
                          0.45   10.90   library recovery time
                                 10.90   data required time
-----------------------------------------------------------------------------
                                 10.90   data required time
                                 -3.13   data arrival time
-----------------------------------------------------------------------------
                                  7.77   slack (MET)


Startpoint: rst (input port clocked by clk)
Endpoint: _341_ (recovery check against rising-edge clock clk)
Path Group: asynchronous
Path Type: max
Corner: Slowest

Fanout     Cap    Slew   Delay    Time   Description
-----------------------------------------------------------------------------
                          0.00    0.00   clock clk (rise edge)
                          0.00    0.00   clock network delay (propagated)
                          2.00    2.00 v input external delay
     1    0.00    0.02    0.01    2.01 v rst (in)
                                         rst (net)
                  0.02    0.00    2.01 v input1/A (sky130_fd_sc_hd__clkbuf_4)
     5    0.08    0.28    0.42    2.43 v input1/X (sky130_fd_sc_hd__clkbuf_4)
                                         net1 (net)
                  0.28    0.01    2.45 v _306_/A (sky130_fd_sc_hd__clkbuf_8)
    10    0.09    0.18    0.47    2.91 v _306_/X (sky130_fd_sc_hd__clkbuf_8)
                                         _160_ (net)
                  0.18    0.01    2.93 v _308_/A (sky130_fd_sc_hd__inv_2)
     1    0.01    0.11    0.18    3.11 ^ _308_/Y (sky130_fd_sc_hd__inv_2)
                                         _039_ (net)
                  0.11    0.00    3.11 ^ _341_/RESET_B (sky130_fd_sc_hd__dfrtp_4)
                                  3.11   data arrival time

                         10.00   10.00   clock clk (rise edge)
                          0.00   10.00   clock source latency
     1    0.03    0.19    0.13   10.13 ^ clk (in)
                                         clk (net)
                  0.19    0.00   10.13 ^ clkbuf_0_clk/A (sky130_fd_sc_hd__clkbuf_16)
     4    0.05    0.11    0.30   10.43 ^ clkbuf_0_clk/X (sky130_fd_sc_hd__clkbuf_16)
                                         clknet_0_clk (net)
                  0.11    0.00   10.43 ^ clkbuf_2_0__f_clk/A (sky130_fd_sc_hd__clkbuf_16)
     9    0.05    0.10    0.26   10.69 ^ clkbuf_2_0__f_clk/X (sky130_fd_sc_hd__clkbuf_16)
                                         clknet_2_0__leaf_clk (net)
                  0.10    0.00   10.70 ^ _341_/CLK (sky130_fd_sc_hd__dfrtp_4)
                         -0.25   10.45   clock uncertainty
                          0.00   10.45   clock reconvergence pessimism
                          0.43   10.88   library recovery time
                                 10.88   data required time
-----------------------------------------------------------------------------
                                 10.88   data required time
                                 -3.11   data arrival time
-----------------------------------------------------------------------------
                                  7.77   slack (MET)


Startpoint: rst (input port clocked by clk)
Endpoint: _352_ (recovery check against rising-edge clock clk)
Path Group: asynchronous
Path Type: max
Corner: Slowest

Fanout     Cap    Slew   Delay    Time   Description
-----------------------------------------------------------------------------
                          0.00    0.00   clock clk (rise edge)
                          0.00    0.00   clock network delay (propagated)
                          2.00    2.00 v input external delay
     1    0.00    0.02    0.01    2.01 v rst (in)
                                         rst (net)
                  0.02    0.00    2.01 v input1/A (sky130_fd_sc_hd__clkbuf_4)
     5    0.08    0.28    0.42    2.43 v input1/X (sky130_fd_sc_hd__clkbuf_4)
                                         net1 (net)
                  0.28    0.01    2.44 v _317_/A (sky130_fd_sc_hd__clkbuf_8)
    10    0.08    0.17    0.46    2.90 v _317_/X (sky130_fd_sc_hd__clkbuf_8)
                                         _161_ (net)
                  0.17    0.00    2.91 v _320_/A (sky130_fd_sc_hd__inv_2)
     1    0.02    0.14    0.19    3.10 ^ _320_/Y (sky130_fd_sc_hd__inv_2)
                                         _050_ (net)
                  0.14    0.00    3.10 ^ _352_/RESET_B (sky130_fd_sc_hd__dfrtp_1)
                                  3.10   data arrival time

                         10.00   10.00   clock clk (rise edge)
                          0.00   10.00   clock source latency
     1    0.03    0.19    0.13   10.13 ^ clk (in)
                                         clk (net)
                  0.19    0.00   10.13 ^ clkbuf_0_clk/A (sky130_fd_sc_hd__clkbuf_16)
     4    0.05    0.11    0.30   10.43 ^ clkbuf_0_clk/X (sky130_fd_sc_hd__clkbuf_16)
                                         clknet_0_clk (net)
                  0.11    0.00   10.43 ^ clkbuf_2_0__f_clk/A (sky130_fd_sc_hd__clkbuf_16)
     9    0.05    0.10    0.26   10.69 ^ clkbuf_2_0__f_clk/X (sky130_fd_sc_hd__clkbuf_16)
                                         clknet_2_0__leaf_clk (net)
                  0.10    0.00   10.70 ^ _352_/CLK (sky130_fd_sc_hd__dfrtp_1)
                         -0.25   10.45   clock uncertainty
                          0.00   10.45   clock reconvergence pessimism
                          0.45   10.90   library recovery time
                                 10.90   data required time
-----------------------------------------------------------------------------
                                 10.90   data required time
                                 -3.10   data arrival time
-----------------------------------------------------------------------------
                                  7.79   slack (MET)


Startpoint: rst (input port clocked by clk)
Endpoint: _342_ (recovery check against rising-edge clock clk)
Path Group: asynchronous
Path Type: max
Corner: Slowest

Fanout     Cap    Slew   Delay    Time   Description
-----------------------------------------------------------------------------
                          0.00    0.00   clock clk (rise edge)
                          0.00    0.00   clock network delay (propagated)
                          2.00    2.00 v input external delay
     1    0.00    0.02    0.01    2.01 v rst (in)
                                         rst (net)
                  0.02    0.00    2.01 v input1/A (sky130_fd_sc_hd__clkbuf_4)
     5    0.08    0.28    0.42    2.43 v input1/X (sky130_fd_sc_hd__clkbuf_4)
                                         net1 (net)
                  0.28    0.01    2.45 v _306_/A (sky130_fd_sc_hd__clkbuf_8)
    10    0.09    0.18    0.47    2.91 v _306_/X (sky130_fd_sc_hd__clkbuf_8)
                                         _160_ (net)
                  0.18    0.02    2.93 v _309_/A (sky130_fd_sc_hd__inv_2)
     1    0.01    0.09    0.15    3.08 ^ _309_/Y (sky130_fd_sc_hd__inv_2)
                                         _040_ (net)
                  0.09    0.00    3.08 ^ _342_/RESET_B (sky130_fd_sc_hd__dfrtp_2)
                                  3.08   data arrival time

                         10.00   10.00   clock clk (rise edge)
                          0.00   10.00   clock source latency
     1    0.03    0.19    0.13   10.13 ^ clk (in)
                                         clk (net)
                  0.19    0.00   10.13 ^ clkbuf_0_clk/A (sky130_fd_sc_hd__clkbuf_16)
     4    0.05    0.11    0.30   10.43 ^ clkbuf_0_clk/X (sky130_fd_sc_hd__clkbuf_16)
                                         clknet_0_clk (net)
                  0.11    0.00   10.43 ^ clkbuf_2_1__f_clk/A (sky130_fd_sc_hd__clkbuf_16)
    11    0.04    0.09    0.25   10.68 ^ clkbuf_2_1__f_clk/X (sky130_fd_sc_hd__clkbuf_16)
                                         clknet_2_1__leaf_clk (net)
                  0.09    0.00   10.69 ^ _342_/CLK (sky130_fd_sc_hd__dfrtp_2)
                         -0.25   10.44   clock uncertainty
                          0.00   10.44   clock reconvergence pessimism
                          0.44   10.88   library recovery time
                                 10.88   data required time
-----------------------------------------------------------------------------
                                 10.88   data required time
                                 -3.08   data arrival time
-----------------------------------------------------------------------------
                                  7.80   slack (MET)


Startpoint: rst (input port clocked by clk)
Endpoint: _357_ (recovery check against rising-edge clock clk)
Path Group: asynchronous
Path Type: max
Corner: Slowest

Fanout     Cap    Slew   Delay    Time   Description
-----------------------------------------------------------------------------
                          0.00    0.00   clock clk (rise edge)
                          0.00    0.00   clock network delay (propagated)
                          2.00    2.00 v input external delay
     1    0.00    0.02    0.01    2.01 v rst (in)
                                         rst (net)
                  0.02    0.00    2.01 v input1/A (sky130_fd_sc_hd__clkbuf_4)
     5    0.08    0.28    0.42    2.43 v input1/X (sky130_fd_sc_hd__clkbuf_4)
                                         net1 (net)
                  0.28    0.01    2.44 v _317_/A (sky130_fd_sc_hd__clkbuf_8)
    10    0.08    0.17    0.46    2.90 v _317_/X (sky130_fd_sc_hd__clkbuf_8)
                                         _161_ (net)
                  0.17    0.01    2.91 v _325_/A (sky130_fd_sc_hd__inv_2)
     1    0.01    0.10    0.16    3.07 ^ _325_/Y (sky130_fd_sc_hd__inv_2)
                                         _055_ (net)
                  0.10    0.00    3.07 ^ _357_/RESET_B (sky130_fd_sc_hd__dfrtp_4)
                                  3.07   data arrival time

                         10.00   10.00   clock clk (rise edge)
                          0.00   10.00   clock source latency
     1    0.03    0.19    0.13   10.13 ^ clk (in)
                                         clk (net)
                  0.19    0.00   10.13 ^ clkbuf_0_clk/A (sky130_fd_sc_hd__clkbuf_16)
     4    0.05    0.11    0.30   10.43 ^ clkbuf_0_clk/X (sky130_fd_sc_hd__clkbuf_16)
                                         clknet_0_clk (net)
                  0.11    0.00   10.43 ^ clkbuf_2_2__f_clk/A (sky130_fd_sc_hd__clkbuf_16)
     7    0.05    0.11    0.27   10.70 ^ clkbuf_2_2__f_clk/X (sky130_fd_sc_hd__clkbuf_16)
                                         clknet_2_2__leaf_clk (net)
                  0.11    0.01   10.71 ^ _357_/CLK (sky130_fd_sc_hd__dfrtp_4)
                         -0.25   10.46   clock uncertainty
                          0.00   10.46   clock reconvergence pessimism
                          0.44   10.90   library recovery time
                                 10.90   data required time
-----------------------------------------------------------------------------
                                 10.90   data required time
                                 -3.07   data arrival time
-----------------------------------------------------------------------------
                                  7.83   slack (MET)


Startpoint: rst (input port clocked by clk)
Endpoint: _353_ (recovery check against rising-edge clock clk)
Path Group: asynchronous
Path Type: max
Corner: Slowest

Fanout     Cap    Slew   Delay    Time   Description
-----------------------------------------------------------------------------
                          0.00    0.00   clock clk (rise edge)
                          0.00    0.00   clock network delay (propagated)
                          2.00    2.00 v input external delay
     1    0.00    0.02    0.01    2.01 v rst (in)
                                         rst (net)
                  0.02    0.00    2.01 v input1/A (sky130_fd_sc_hd__clkbuf_4)
     5    0.08    0.28    0.42    2.43 v input1/X (sky130_fd_sc_hd__clkbuf_4)
                                         net1 (net)
                  0.28    0.01    2.44 v _317_/A (sky130_fd_sc_hd__clkbuf_8)
    10    0.08    0.17    0.46    2.90 v _317_/X (sky130_fd_sc_hd__clkbuf_8)
                                         _161_ (net)
                  0.17    0.01    2.91 v _321_/A (sky130_fd_sc_hd__inv_2)
     1    0.01    0.09    0.15    3.06 ^ _321_/Y (sky130_fd_sc_hd__inv_2)
                                         _051_ (net)
                  0.09    0.00    3.06 ^ _353_/RESET_B (sky130_fd_sc_hd__dfrtp_1)
                                  3.06   data arrival time

                         10.00   10.00   clock clk (rise edge)
                          0.00   10.00   clock source latency
     1    0.03    0.19    0.13   10.13 ^ clk (in)
                                         clk (net)
                  0.19    0.00   10.13 ^ clkbuf_0_clk/A (sky130_fd_sc_hd__clkbuf_16)
     4    0.05    0.11    0.30   10.43 ^ clkbuf_0_clk/X (sky130_fd_sc_hd__clkbuf_16)
                                         clknet_0_clk (net)
                  0.11    0.00   10.43 ^ clkbuf_2_1__f_clk/A (sky130_fd_sc_hd__clkbuf_16)
    11    0.04    0.09    0.25   10.68 ^ clkbuf_2_1__f_clk/X (sky130_fd_sc_hd__clkbuf_16)
                                         clknet_2_1__leaf_clk (net)
                  0.09    0.00   10.69 ^ _353_/CLK (sky130_fd_sc_hd__dfrtp_1)
                         -0.25   10.44   clock uncertainty
                          0.00   10.44   clock reconvergence pessimism
                          0.46   10.90   library recovery time
                                 10.90   data required time
-----------------------------------------------------------------------------
                                 10.90   data required time
                                 -3.06   data arrival time
-----------------------------------------------------------------------------
                                  7.84   slack (MET)


Startpoint: rst (input port clocked by clk)
Endpoint: _345_ (recovery check against rising-edge clock clk)
Path Group: asynchronous
Path Type: max
Corner: Slowest

Fanout     Cap    Slew   Delay    Time   Description
-----------------------------------------------------------------------------
                          0.00    0.00   clock clk (rise edge)
                          0.00    0.00   clock network delay (propagated)
                          2.00    2.00 v input external delay
     1    0.00    0.02    0.01    2.01 v rst (in)
                                         rst (net)
                  0.02    0.00    2.01 v input1/A (sky130_fd_sc_hd__clkbuf_4)
     5    0.08    0.28    0.42    2.43 v input1/X (sky130_fd_sc_hd__clkbuf_4)
                                         net1 (net)
                  0.28    0.01    2.45 v _306_/A (sky130_fd_sc_hd__clkbuf_8)
    10    0.09    0.18    0.47    2.91 v _306_/X (sky130_fd_sc_hd__clkbuf_8)
                                         _160_ (net)
                  0.18    0.02    2.93 v _312_/A (sky130_fd_sc_hd__inv_2)
     1    0.00    0.06    0.12    3.06 ^ _312_/Y (sky130_fd_sc_hd__inv_2)
                                         _043_ (net)
                  0.06    0.00    3.06 ^ _345_/RESET_B (sky130_fd_sc_hd__dfrtp_2)
                                  3.06   data arrival time

                         10.00   10.00   clock clk (rise edge)
                          0.00   10.00   clock source latency
     1    0.03    0.19    0.13   10.13 ^ clk (in)
                                         clk (net)
                  0.19    0.00   10.13 ^ clkbuf_0_clk/A (sky130_fd_sc_hd__clkbuf_16)
     4    0.05    0.11    0.30   10.43 ^ clkbuf_0_clk/X (sky130_fd_sc_hd__clkbuf_16)
                                         clknet_0_clk (net)
                  0.11    0.00   10.43 ^ clkbuf_2_3__f_clk/A (sky130_fd_sc_hd__clkbuf_16)
     8    0.04    0.10    0.26   10.69 ^ clkbuf_2_3__f_clk/X (sky130_fd_sc_hd__clkbuf_16)
                                         clknet_2_3__leaf_clk (net)
                  0.10    0.00   10.69 ^ _345_/CLK (sky130_fd_sc_hd__dfrtp_2)
                         -0.25   10.44   clock uncertainty
                          0.00   10.44   clock reconvergence pessimism
                          0.46   10.90   library recovery time
                                 10.90   data required time
-----------------------------------------------------------------------------
                                 10.90   data required time
                                 -3.06   data arrival time
-----------------------------------------------------------------------------
                                  7.84   slack (MET)


Startpoint: rst (input port clocked by clk)
Endpoint: _346_ (recovery check against rising-edge clock clk)
Path Group: asynchronous
Path Type: max
Corner: Slowest

Fanout     Cap    Slew   Delay    Time   Description
-----------------------------------------------------------------------------
                          0.00    0.00   clock clk (rise edge)
                          0.00    0.00   clock network delay (propagated)
                          2.00    2.00 v input external delay
     1    0.00    0.02    0.01    2.01 v rst (in)
                                         rst (net)
                  0.02    0.00    2.01 v input1/A (sky130_fd_sc_hd__clkbuf_4)
     5    0.08    0.28    0.42    2.43 v input1/X (sky130_fd_sc_hd__clkbuf_4)
                                         net1 (net)
                  0.28    0.01    2.45 v _306_/A (sky130_fd_sc_hd__clkbuf_8)
    10    0.09    0.18    0.47    2.91 v _306_/X (sky130_fd_sc_hd__clkbuf_8)
                                         _160_ (net)
                  0.18    0.01    2.93 v _313_/A (sky130_fd_sc_hd__inv_2)
     1    0.01    0.07    0.14    3.06 ^ _313_/Y (sky130_fd_sc_hd__inv_2)
                                         _044_ (net)
                  0.07    0.00    3.06 ^ _346_/RESET_B (sky130_fd_sc_hd__dfrtp_4)
                                  3.06   data arrival time

                         10.00   10.00   clock clk (rise edge)
                          0.00   10.00   clock source latency
     1    0.03    0.19    0.13   10.13 ^ clk (in)
                                         clk (net)
                  0.19    0.00   10.13 ^ clkbuf_0_clk/A (sky130_fd_sc_hd__clkbuf_16)
     4    0.05    0.11    0.30   10.43 ^ clkbuf_0_clk/X (sky130_fd_sc_hd__clkbuf_16)
                                         clknet_0_clk (net)
                  0.11    0.00   10.43 ^ clkbuf_2_2__f_clk/A (sky130_fd_sc_hd__clkbuf_16)
     7    0.05    0.11    0.27   10.70 ^ clkbuf_2_2__f_clk/X (sky130_fd_sc_hd__clkbuf_16)
                                         clknet_2_2__leaf_clk (net)
                  0.11    0.01   10.71 ^ _346_/CLK (sky130_fd_sc_hd__dfrtp_4)
                         -0.25   10.46   clock uncertainty
                          0.00   10.46   clock reconvergence pessimism
                          0.46   10.91   library recovery time
                                 10.91   data required time
-----------------------------------------------------------------------------
                                 10.91   data required time
                                 -3.06   data arrival time
-----------------------------------------------------------------------------
                                  7.85   slack (MET)


Startpoint: rst (input port clocked by clk)
Endpoint: _351_ (recovery check against rising-edge clock clk)
Path Group: asynchronous
Path Type: max
Corner: Slowest

Fanout     Cap    Slew   Delay    Time   Description
-----------------------------------------------------------------------------
                          0.00    0.00   clock clk (rise edge)
                          0.00    0.00   clock network delay (propagated)
                          2.00    2.00 v input external delay
     1    0.00    0.02    0.01    2.01 v rst (in)
                                         rst (net)
                  0.02    0.00    2.01 v input1/A (sky130_fd_sc_hd__clkbuf_4)
     5    0.08    0.28    0.42    2.43 v input1/X (sky130_fd_sc_hd__clkbuf_4)
                                         net1 (net)
                  0.28    0.01    2.44 v _317_/A (sky130_fd_sc_hd__clkbuf_8)
    10    0.08    0.17    0.46    2.90 v _317_/X (sky130_fd_sc_hd__clkbuf_8)
                                         _161_ (net)
                  0.17    0.00    2.91 v _319_/A (sky130_fd_sc_hd__inv_2)
     1    0.01    0.08    0.14    3.04 ^ _319_/Y (sky130_fd_sc_hd__inv_2)
                                         _049_ (net)
                  0.08    0.00    3.04 ^ _351_/RESET_B (sky130_fd_sc_hd__dfrtp_2)
                                  3.04   data arrival time

                         10.00   10.00   clock clk (rise edge)
                          0.00   10.00   clock source latency
     1    0.03    0.19    0.13   10.13 ^ clk (in)
                                         clk (net)
                  0.19    0.00   10.13 ^ clkbuf_0_clk/A (sky130_fd_sc_hd__clkbuf_16)
     4    0.05    0.11    0.30   10.43 ^ clkbuf_0_clk/X (sky130_fd_sc_hd__clkbuf_16)
                                         clknet_0_clk (net)
                  0.11    0.00   10.43 ^ clkbuf_2_2__f_clk/A (sky130_fd_sc_hd__clkbuf_16)
     7    0.05    0.11    0.27   10.70 ^ clkbuf_2_2__f_clk/X (sky130_fd_sc_hd__clkbuf_16)
                                         clknet_2_2__leaf_clk (net)
                  0.11    0.01   10.70 ^ _351_/CLK (sky130_fd_sc_hd__dfrtp_2)
                         -0.25   10.45   clock uncertainty
                          0.00   10.45   clock reconvergence pessimism
                          0.46   10.91   library recovery time
                                 10.91   data required time
-----------------------------------------------------------------------------
                                 10.91   data required time
                                 -3.04   data arrival time
-----------------------------------------------------------------------------
                                  7.87   slack (MET)


Startpoint: rst (input port clocked by clk)
Endpoint: _361_ (recovery check against rising-edge clock clk)
Path Group: asynchronous
Path Type: max
Corner: Slowest

Fanout     Cap    Slew   Delay    Time   Description
-----------------------------------------------------------------------------
                          0.00    0.00   clock clk (rise edge)
                          0.00    0.00   clock network delay (propagated)
                          2.00    2.00 v input external delay
     1    0.00    0.02    0.01    2.01 v rst (in)
                                         rst (net)
                  0.02    0.00    2.01 v input1/A (sky130_fd_sc_hd__clkbuf_4)
     5    0.08    0.28    0.42    2.43 v input1/X (sky130_fd_sc_hd__clkbuf_4)
                                         net1 (net)
                  0.28    0.01    2.45 v _329_/A (sky130_fd_sc_hd__inv_2)
     1    0.02    0.19    0.28    2.72 ^ _329_/Y (sky130_fd_sc_hd__inv_2)
                                         _059_ (net)
                  0.19    0.00    2.73 ^ _361_/RESET_B (sky130_fd_sc_hd__dfrtp_4)
                                  2.73   data arrival time

                         10.00   10.00   clock clk (rise edge)
                          0.00   10.00   clock source latency
     1    0.03    0.19    0.13   10.13 ^ clk (in)
                                         clk (net)
                  0.19    0.00   10.13 ^ clkbuf_0_clk/A (sky130_fd_sc_hd__clkbuf_16)
     4    0.05    0.11    0.30   10.43 ^ clkbuf_0_clk/X (sky130_fd_sc_hd__clkbuf_16)
                                         clknet_0_clk (net)
                  0.11    0.00   10.43 ^ clkbuf_2_0__f_clk/A (sky130_fd_sc_hd__clkbuf_16)
     9    0.05    0.10    0.26   10.69 ^ clkbuf_2_0__f_clk/X (sky130_fd_sc_hd__clkbuf_16)
                                         clknet_2_0__leaf_clk (net)
                  0.10    0.00   10.70 ^ _361_/CLK (sky130_fd_sc_hd__dfrtp_4)
                         -0.25   10.45   clock uncertainty
                          0.00   10.45   clock reconvergence pessimism
                          0.40   10.84   library recovery time
                                 10.84   data required time
-----------------------------------------------------------------------------
                                 10.84   data required time
                                 -2.73   data arrival time
-----------------------------------------------------------------------------
                                  8.12   slack (MET)


Startpoint: rst (input port clocked by clk)
Endpoint: _360_ (recovery check against rising-edge clock clk)
Path Group: asynchronous
Path Type: max
Corner: Slowest

Fanout     Cap    Slew   Delay    Time   Description
-----------------------------------------------------------------------------
                          0.00    0.00   clock clk (rise edge)
                          0.00    0.00   clock network delay (propagated)
                          2.00    2.00 v input external delay
     1    0.00    0.02    0.01    2.01 v rst (in)
                                         rst (net)
                  0.02    0.00    2.01 v input1/A (sky130_fd_sc_hd__clkbuf_4)
     5    0.08    0.28    0.42    2.43 v input1/X (sky130_fd_sc_hd__clkbuf_4)
                                         net1 (net)
                  0.28    0.01    2.44 v _328_/A (sky130_fd_sc_hd__inv_2)
     1    0.02    0.16    0.25    2.69 ^ _328_/Y (sky130_fd_sc_hd__inv_2)
                                         _058_ (net)
                  0.16    0.00    2.69 ^ _360_/RESET_B (sky130_fd_sc_hd__dfrtp_4)
                                  2.69   data arrival time

                         10.00   10.00   clock clk (rise edge)
                          0.00   10.00   clock source latency
     1    0.03    0.19    0.13   10.13 ^ clk (in)
                                         clk (net)
                  0.19    0.00   10.13 ^ clkbuf_0_clk/A (sky130_fd_sc_hd__clkbuf_16)
     4    0.05    0.11    0.30   10.43 ^ clkbuf_0_clk/X (sky130_fd_sc_hd__clkbuf_16)
                                         clknet_0_clk (net)
                  0.11    0.00   10.43 ^ clkbuf_2_3__f_clk/A (sky130_fd_sc_hd__clkbuf_16)
     8    0.04    0.10    0.26   10.69 ^ clkbuf_2_3__f_clk/X (sky130_fd_sc_hd__clkbuf_16)
                                         clknet_2_3__leaf_clk (net)
                  0.10    0.00   10.69 ^ _360_/CLK (sky130_fd_sc_hd__dfrtp_4)
                         -0.25   10.44   clock uncertainty
                          0.00   10.44   clock reconvergence pessimism
                          0.41   10.85   library recovery time
                                 10.85   data required time
-----------------------------------------------------------------------------
                                 10.85   data required time
                                 -2.69   data arrival time
-----------------------------------------------------------------------------
                                  8.16   slack (MET)



worst slack corner Slowest: 2.0551
======================= Typical Corner ===================================

Startpoint: _361_ (rising edge-triggered flip-flop clocked by clk)
Endpoint: seg[0] (output port clocked by clk)
Path Group: clk
Path Type: max
Corner: Typical

Fanout     Cap    Slew   Delay    Time   Description
-----------------------------------------------------------------------------
                          0.00    0.00   clock clk (rise edge)
                          0.00    0.00   clock source latency
     1    0.03    0.12    0.09    0.09 ^ clk (in)
                                         clk (net)
                  0.12    0.00    0.09 ^ clkbuf_0_clk/A (sky130_fd_sc_hd__clkbuf_16)
     4    0.05    0.07    0.19    0.28 ^ clkbuf_0_clk/X (sky130_fd_sc_hd__clkbuf_16)
                                         clknet_0_clk (net)
                  0.07    0.00    0.28 ^ clkbuf_2_0__f_clk/A (sky130_fd_sc_hd__clkbuf_16)
     9    0.05    0.07    0.16    0.44 ^ clkbuf_2_0__f_clk/X (sky130_fd_sc_hd__clkbuf_16)
                                         clknet_2_0__leaf_clk (net)
                  0.07    0.00    0.45 ^ _361_/CLK (sky130_fd_sc_hd__dfrtp_4)
     6    0.05    0.13    0.58    1.03 v _361_/Q (sky130_fd_sc_hd__dfrtp_4)
                                         decoder.digit[3] (net)
                  0.13    0.01    1.04 v _165_/A (sky130_fd_sc_hd__nor2_2)
     2    0.04    0.39    0.39    1.42 ^ _165_/Y (sky130_fd_sc_hd__nor2_2)
                                         _066_ (net)
                  0.39    0.00    1.43 ^ _166_/B (sky130_fd_sc_hd__nand2_2)
     3    0.05    0.22    0.27    1.70 v _166_/Y (sky130_fd_sc_hd__nand2_2)
                                         _067_ (net)
                  0.22    0.01    1.71 v _167_/B (sky130_fd_sc_hd__nor2_2)
     3    0.04    0.40    0.40    2.11 ^ _167_/Y (sky130_fd_sc_hd__nor2_2)
                                         _068_ (net)
                  0.40    0.01    2.12 ^ _287_/B1 (sky130_fd_sc_hd__a2111o_1)
     2    0.02    0.22    0.31    2.43 ^ _287_/X (sky130_fd_sc_hd__a2111o_1)
                                         net5 (net)
                  0.22    0.00    2.43 ^ _370_/A (sky130_fd_sc_hd__buf_1)
     1    0.02    0.24    0.26    2.69 ^ _370_/X (sky130_fd_sc_hd__buf_1)
                                         net2 (net)
                  0.24    0.00    2.69 ^ output2/A (sky130_fd_sc_hd__buf_2)
     1    0.03    0.17    0.27    2.96 ^ output2/X (sky130_fd_sc_hd__buf_2)
                                         seg[0] (net)
                  0.17    0.00    2.96 ^ seg[0] (out)
                                  2.96   data arrival time

                         10.00   10.00   clock clk (rise edge)
                          0.00   10.00   clock network delay (propagated)
                         -0.25    9.75   clock uncertainty
                          0.00    9.75   clock reconvergence pessimism
                         -2.00    7.75   output external delay
                                  7.75   data required time
-----------------------------------------------------------------------------
                                  7.75   data required time
                                 -2.96   data arrival time
-----------------------------------------------------------------------------
                                  4.79   slack (MET)


Startpoint: _361_ (rising edge-triggered flip-flop clocked by clk)
Endpoint: seg[3] (output port clocked by clk)
Path Group: clk
Path Type: max
Corner: Typical

Fanout     Cap    Slew   Delay    Time   Description
-----------------------------------------------------------------------------
                          0.00    0.00   clock clk (rise edge)
                          0.00    0.00   clock source latency
     1    0.03    0.12    0.09    0.09 ^ clk (in)
                                         clk (net)
                  0.12    0.00    0.09 ^ clkbuf_0_clk/A (sky130_fd_sc_hd__clkbuf_16)
     4    0.05    0.07    0.19    0.28 ^ clkbuf_0_clk/X (sky130_fd_sc_hd__clkbuf_16)
                                         clknet_0_clk (net)
                  0.07    0.00    0.28 ^ clkbuf_2_0__f_clk/A (sky130_fd_sc_hd__clkbuf_16)
     9    0.05    0.07    0.16    0.44 ^ clkbuf_2_0__f_clk/X (sky130_fd_sc_hd__clkbuf_16)
                                         clknet_2_0__leaf_clk (net)
                  0.07    0.00    0.45 ^ _361_/CLK (sky130_fd_sc_hd__dfrtp_4)
     6    0.05    0.13    0.58    1.03 v _361_/Q (sky130_fd_sc_hd__dfrtp_4)
                                         decoder.digit[3] (net)
                  0.13    0.01    1.04 v _165_/A (sky130_fd_sc_hd__nor2_2)
     2    0.04    0.39    0.39    1.42 ^ _165_/Y (sky130_fd_sc_hd__nor2_2)
                                         _066_ (net)
                  0.39    0.00    1.43 ^ _166_/B (sky130_fd_sc_hd__nand2_2)
     3    0.05    0.22    0.27    1.70 v _166_/Y (sky130_fd_sc_hd__nand2_2)
                                         _067_ (net)
                  0.22    0.01    1.71 v _167_/B (sky130_fd_sc_hd__nor2_2)
     3    0.04    0.40    0.40    2.11 ^ _167_/Y (sky130_fd_sc_hd__nor2_2)
                                         _068_ (net)
                  0.40    0.01    2.12 ^ _287_/B1 (sky130_fd_sc_hd__a2111o_1)
     2    0.02    0.22    0.31    2.43 ^ _287_/X (sky130_fd_sc_hd__a2111o_1)
                                         net5 (net)
                  0.22    0.00    2.43 ^ output5/A (sky130_fd_sc_hd__buf_2)
     1    0.03    0.17    0.26    2.69 ^ output5/X (sky130_fd_sc_hd__buf_2)
                                         seg[3] (net)
                  0.17    0.00    2.69 ^ seg[3] (out)
                                  2.69   data arrival time

                         10.00   10.00   clock clk (rise edge)
                          0.00   10.00   clock network delay (propagated)
                         -0.25    9.75   clock uncertainty
                          0.00    9.75   clock reconvergence pessimism
                         -2.00    7.75   output external delay
                                  7.75   data required time
-----------------------------------------------------------------------------
                                  7.75   data required time
                                 -2.69   data arrival time
-----------------------------------------------------------------------------
                                  5.06   slack (MET)


Startpoint: _361_ (rising edge-triggered flip-flop clocked by clk)
Endpoint: seg[1] (output port clocked by clk)
Path Group: clk
Path Type: max
Corner: Typical

Fanout     Cap    Slew   Delay    Time   Description
-----------------------------------------------------------------------------
                          0.00    0.00   clock clk (rise edge)
                          0.00    0.00   clock source latency
     1    0.03    0.12    0.09    0.09 ^ clk (in)
                                         clk (net)
                  0.12    0.00    0.09 ^ clkbuf_0_clk/A (sky130_fd_sc_hd__clkbuf_16)
     4    0.05    0.07    0.19    0.28 ^ clkbuf_0_clk/X (sky130_fd_sc_hd__clkbuf_16)
                                         clknet_0_clk (net)
                  0.07    0.00    0.28 ^ clkbuf_2_0__f_clk/A (sky130_fd_sc_hd__clkbuf_16)
     9    0.05    0.07    0.16    0.44 ^ clkbuf_2_0__f_clk/X (sky130_fd_sc_hd__clkbuf_16)
                                         clknet_2_0__leaf_clk (net)
                  0.07    0.00    0.45 ^ _361_/CLK (sky130_fd_sc_hd__dfrtp_4)
     6    0.05    0.13    0.58    1.03 v _361_/Q (sky130_fd_sc_hd__dfrtp_4)
                                         decoder.digit[3] (net)
                  0.13    0.01    1.04 v _165_/A (sky130_fd_sc_hd__nor2_2)
     2    0.04    0.39    0.39    1.42 ^ _165_/Y (sky130_fd_sc_hd__nor2_2)
                                         _066_ (net)
                  0.39    0.00    1.43 ^ _166_/B (sky130_fd_sc_hd__nand2_2)
     3    0.05    0.22    0.27    1.70 v _166_/Y (sky130_fd_sc_hd__nand2_2)
                                         _067_ (net)
                  0.22    0.01    1.71 v _167_/B (sky130_fd_sc_hd__nor2_2)
     3    0.04    0.40    0.40    2.11 ^ _167_/Y (sky130_fd_sc_hd__nor2_2)
                                         _068_ (net)
                  0.40    0.00    2.11 ^ _288_/A (sky130_fd_sc_hd__nor2_1)
     1    0.02    0.18    0.22    2.34 v _288_/Y (sky130_fd_sc_hd__nor2_1)
                                         net3 (net)
                  0.18    0.00    2.34 v output3/A (sky130_fd_sc_hd__buf_2)
     1    0.03    0.09    0.25    2.59 v output3/X (sky130_fd_sc_hd__buf_2)
                                         seg[1] (net)
                  0.09    0.00    2.59 v seg[1] (out)
                                  2.59   data arrival time

                         10.00   10.00   clock clk (rise edge)
                          0.00   10.00   clock network delay (propagated)
                         -0.25    9.75   clock uncertainty
                          0.00    9.75   clock reconvergence pessimism
                         -2.00    7.75   output external delay
                                  7.75   data required time
-----------------------------------------------------------------------------
                                  7.75   data required time
                                 -2.59   data arrival time
-----------------------------------------------------------------------------
                                  5.16   slack (MET)


Startpoint: _360_ (rising edge-triggered flip-flop clocked by clk)
Endpoint: seg[5] (output port clocked by clk)
Path Group: clk
Path Type: max
Corner: Typical

Fanout     Cap    Slew   Delay    Time   Description
-----------------------------------------------------------------------------
                          0.00    0.00   clock clk (rise edge)
                          0.00    0.00   clock source latency
     1    0.03    0.12    0.09    0.09 ^ clk (in)
                                         clk (net)
                  0.12    0.00    0.09 ^ clkbuf_0_clk/A (sky130_fd_sc_hd__clkbuf_16)
     4    0.05    0.07    0.19    0.28 ^ clkbuf_0_clk/X (sky130_fd_sc_hd__clkbuf_16)
                                         clknet_0_clk (net)
                  0.07    0.00    0.28 ^ clkbuf_2_3__f_clk/A (sky130_fd_sc_hd__clkbuf_16)
     8    0.04    0.06    0.16    0.44 ^ clkbuf_2_3__f_clk/X (sky130_fd_sc_hd__clkbuf_16)
                                         clknet_2_3__leaf_clk (net)
                  0.06    0.00    0.44 ^ _360_/CLK (sky130_fd_sc_hd__dfrtp_4)
     6    0.06    0.13    0.60    1.04 v _360_/Q (sky130_fd_sc_hd__dfrtp_4)
                                         decoder.digit[2] (net)
                  0.14    0.02    1.06 v _285_/B (sky130_fd_sc_hd__nor2_2)
     4    0.04    0.49    0.44    1.49 ^ _285_/Y (sky130_fd_sc_hd__nor2_2)
                                         _155_ (net)
                  0.49    0.00    1.50 ^ _286_/C (sky130_fd_sc_hd__and3b_1)
     2    0.02    0.21    0.37    1.86 ^ _286_/X (sky130_fd_sc_hd__and3b_1)
                                         _156_ (net)
                  0.21    0.00    1.87 ^ _292_/C (sky130_fd_sc_hd__or3_1)
     1    0.01    0.11    0.20    2.06 ^ _292_/X (sky130_fd_sc_hd__or3_1)
                                         _158_ (net)
                  0.11    0.00    2.06 ^ _293_/A (sky130_fd_sc_hd__clkbuf_1)
     1    0.00    0.06    0.11    2.17 ^ _293_/X (sky130_fd_sc_hd__clkbuf_1)
                                         net7 (net)
                  0.06    0.00    2.17 ^ output7/A (sky130_fd_sc_hd__buf_2)
     1    0.03    0.17    0.21    2.38 ^ output7/X (sky130_fd_sc_hd__buf_2)
                                         seg[5] (net)
                  0.17    0.00    2.39 ^ seg[5] (out)
                                  2.39   data arrival time

                         10.00   10.00   clock clk (rise edge)
                          0.00   10.00   clock network delay (propagated)
                         -0.25    9.75   clock uncertainty
                          0.00    9.75   clock reconvergence pessimism
                         -2.00    7.75   output external delay
                                  7.75   data required time
-----------------------------------------------------------------------------
                                  7.75   data required time
                                 -2.39   data arrival time
-----------------------------------------------------------------------------
                                  5.36   slack (MET)


Startpoint: _361_ (rising edge-triggered flip-flop clocked by clk)
Endpoint: seg[6] (output port clocked by clk)
Path Group: clk
Path Type: max
Corner: Typical

Fanout     Cap    Slew   Delay    Time   Description
-----------------------------------------------------------------------------
                          0.00    0.00   clock clk (rise edge)
                          0.00    0.00   clock source latency
     1    0.03    0.12    0.09    0.09 ^ clk (in)
                                         clk (net)
                  0.12    0.00    0.09 ^ clkbuf_0_clk/A (sky130_fd_sc_hd__clkbuf_16)
     4    0.05    0.07    0.19    0.28 ^ clkbuf_0_clk/X (sky130_fd_sc_hd__clkbuf_16)
                                         clknet_0_clk (net)
                  0.07    0.00    0.28 ^ clkbuf_2_0__f_clk/A (sky130_fd_sc_hd__clkbuf_16)
     9    0.05    0.07    0.16    0.44 ^ clkbuf_2_0__f_clk/X (sky130_fd_sc_hd__clkbuf_16)
                                         clknet_2_0__leaf_clk (net)
                  0.07    0.00    0.45 ^ _361_/CLK (sky130_fd_sc_hd__dfrtp_4)
     6    0.05    0.13    0.58    1.03 v _361_/Q (sky130_fd_sc_hd__dfrtp_4)
                                         decoder.digit[3] (net)
                  0.13    0.01    1.04 v _165_/A (sky130_fd_sc_hd__nor2_2)
     2    0.04    0.39    0.39    1.42 ^ _165_/Y (sky130_fd_sc_hd__nor2_2)
                                         _066_ (net)
                  0.39    0.00    1.43 ^ _166_/B (sky130_fd_sc_hd__nand2_2)
     3    0.05    0.22    0.27    1.70 v _166_/Y (sky130_fd_sc_hd__nand2_2)
                                         _067_ (net)
                  0.22    0.01    1.71 v _294_/B1_N (sky130_fd_sc_hd__a21boi_2)
     2    0.02    0.13    0.28    1.98 v _294_/Y (sky130_fd_sc_hd__a21boi_2)
                                         net8 (net)
                  0.13    0.00    1.99 v output8/A (sky130_fd_sc_hd__buf_2)
     1    0.03    0.09    0.23    2.22 v output8/X (sky130_fd_sc_hd__buf_2)
                                         seg[6] (net)
                  0.09    0.00    2.22 v seg[6] (out)
                                  2.22   data arrival time

                         10.00   10.00   clock clk (rise edge)
                          0.00   10.00   clock network delay (propagated)
                         -0.25    9.75   clock uncertainty
                          0.00    9.75   clock reconvergence pessimism
                         -2.00    7.75   output external delay
                                  7.75   data required time
-----------------------------------------------------------------------------
                                  7.75   data required time
                                 -2.22   data arrival time
-----------------------------------------------------------------------------
                                  5.53   slack (MET)


Startpoint: _360_ (rising edge-triggered flip-flop clocked by clk)
Endpoint: seg[2] (output port clocked by clk)
Path Group: clk
Path Type: max
Corner: Typical

Fanout     Cap    Slew   Delay    Time   Description
-----------------------------------------------------------------------------
                          0.00    0.00   clock clk (rise edge)
                          0.00    0.00   clock source latency
     1    0.03    0.12    0.09    0.09 ^ clk (in)
                                         clk (net)
                  0.12    0.00    0.09 ^ clkbuf_0_clk/A (sky130_fd_sc_hd__clkbuf_16)
     4    0.05    0.07    0.19    0.28 ^ clkbuf_0_clk/X (sky130_fd_sc_hd__clkbuf_16)
                                         clknet_0_clk (net)
                  0.07    0.00    0.28 ^ clkbuf_2_3__f_clk/A (sky130_fd_sc_hd__clkbuf_16)
     8    0.04    0.06    0.16    0.44 ^ clkbuf_2_3__f_clk/X (sky130_fd_sc_hd__clkbuf_16)
                                         clknet_2_3__leaf_clk (net)
                  0.06    0.00    0.44 ^ _360_/CLK (sky130_fd_sc_hd__dfrtp_4)
     6    0.06    0.13    0.60    1.04 v _360_/Q (sky130_fd_sc_hd__dfrtp_4)
                                         decoder.digit[2] (net)
                  0.14    0.02    1.06 v _285_/B (sky130_fd_sc_hd__nor2_2)
     4    0.04    0.49    0.44    1.49 ^ _285_/Y (sky130_fd_sc_hd__nor2_2)
                                         _155_ (net)
                  0.49    0.01    1.50 ^ _289_/A2 (sky130_fd_sc_hd__a21oi_1)
     1    0.02    0.19    0.27    1.77 v _289_/Y (sky130_fd_sc_hd__a21oi_1)
                                         net4 (net)
                  0.19    0.00    1.77 v output4/A (sky130_fd_sc_hd__buf_2)
     1    0.03    0.09    0.26    2.03 v output4/X (sky130_fd_sc_hd__buf_2)
                                         seg[2] (net)
                  0.09    0.00    2.03 v seg[2] (out)
                                  2.03   data arrival time

                         10.00   10.00   clock clk (rise edge)
                          0.00   10.00   clock network delay (propagated)
                         -0.25    9.75   clock uncertainty
                          0.00    9.75   clock reconvergence pessimism
                         -2.00    7.75   output external delay
                                  7.75   data required time
-----------------------------------------------------------------------------
                                  7.75   data required time
                                 -2.03   data arrival time
-----------------------------------------------------------------------------
                                  5.72   slack (MET)


Startpoint: _342_ (rising edge-triggered flip-flop clocked by clk)
Endpoint: _339_ (rising edge-triggered flip-flop clocked by clk)
Path Group: clk
Path Type: max
Corner: Typical

Fanout     Cap    Slew   Delay    Time   Description
-----------------------------------------------------------------------------
                          0.00    0.00   clock clk (rise edge)
                          0.00    0.00   clock source latency
     1    0.03    0.12    0.09    0.09 ^ clk (in)
                                         clk (net)
                  0.12    0.00    0.09 ^ clkbuf_0_clk/A (sky130_fd_sc_hd__clkbuf_16)
     4    0.05    0.07    0.19    0.28 ^ clkbuf_0_clk/X (sky130_fd_sc_hd__clkbuf_16)
                                         clknet_0_clk (net)
                  0.07    0.00    0.28 ^ clkbuf_2_1__f_clk/A (sky130_fd_sc_hd__clkbuf_16)
    11    0.04    0.06    0.16    0.44 ^ clkbuf_2_1__f_clk/X (sky130_fd_sc_hd__clkbuf_16)
                                         clknet_2_1__leaf_clk (net)
                  0.06    0.00    0.44 ^ _342_/CLK (sky130_fd_sc_hd__dfrtp_2)
     5    0.04    0.12    0.50    0.94 v _342_/Q (sky130_fd_sc_hd__dfrtp_2)
                                         one_second_counter[12] (net)
                  0.12    0.00    0.94 v _180_/C (sky130_fd_sc_hd__and4_1)
     2    0.03    0.13    0.32    1.26 v _180_/X (sky130_fd_sc_hd__and4_1)
                                         _078_ (net)
                  0.13    0.00    1.27 v _181_/D (sky130_fd_sc_hd__or4_2)
     1    0.03    0.17    0.71    1.97 v _181_/X (sky130_fd_sc_hd__or4_2)
                                         _079_ (net)
                  0.17    0.00    1.98 v _184_/A3 (sky130_fd_sc_hd__o31a_1)
     1    0.03    0.14    0.41    2.38 v _184_/X (sky130_fd_sc_hd__o31a_1)
                                         _082_ (net)
                  0.14    0.00    2.39 v _186_/A2 (sky130_fd_sc_hd__o211ai_2)
     2    0.02    0.31    0.33    2.72 ^ _186_/Y (sky130_fd_sc_hd__o211ai_2)
                                         _084_ (net)
                  0.31    0.00    2.72 ^ _187_/A2 (sky130_fd_sc_hd__a21bo_2)
     9    0.06    0.32    0.42    3.14 ^ _187_/X (sky130_fd_sc_hd__a21bo_2)
                                         _085_ (net)
                  0.32    0.00    3.14 ^ _188_/A (sky130_fd_sc_hd__inv_2)
     2    0.03    0.12    0.15    3.30 v _188_/Y (sky130_fd_sc_hd__inv_2)
                                         _086_ (net)
                  0.12    0.00    3.30 v _189_/A (sky130_fd_sc_hd__buf_4)
    10    0.08    0.11    0.25    3.55 v _189_/X (sky130_fd_sc_hd__buf_4)
                                         _027_ (net)
                  0.11    0.01    3.55 v _222_/A (sky130_fd_sc_hd__nor3_1)
     1    0.02    0.61    0.57    4.12 ^ _222_/Y (sky130_fd_sc_hd__nor3_1)
                                         _026_ (net)
                  0.61    0.00    4.13 ^ _339_/D (sky130_fd_sc_hd__dfrtp_2)
                                  4.13   data arrival time

                         10.00   10.00   clock clk (rise edge)
                          0.00   10.00   clock source latency
     1    0.03    0.12    0.08   10.08 ^ clk (in)
                                         clk (net)
                  0.12    0.00   10.08 ^ clkbuf_0_clk/A (sky130_fd_sc_hd__clkbuf_16)
     4    0.05    0.07    0.17   10.25 ^ clkbuf_0_clk/X (sky130_fd_sc_hd__clkbuf_16)
                                         clknet_0_clk (net)
                  0.07    0.00   10.25 ^ clkbuf_2_0__f_clk/A (sky130_fd_sc_hd__clkbuf_16)
     9    0.05    0.07    0.15   10.40 ^ clkbuf_2_0__f_clk/X (sky130_fd_sc_hd__clkbuf_16)
                                         clknet_2_0__leaf_clk (net)
                  0.07    0.00   10.40 ^ _339_/CLK (sky130_fd_sc_hd__dfrtp_2)
                         -0.25   10.15   clock uncertainty
                          0.03   10.18   clock reconvergence pessimism
                         -0.17   10.01   library setup time
                                 10.01   data required time
-----------------------------------------------------------------------------
                                 10.01   data required time
                                 -4.13   data arrival time
-----------------------------------------------------------------------------
                                  5.88   slack (MET)


Startpoint: _360_ (rising edge-triggered flip-flop clocked by clk)
Endpoint: seg[4] (output port clocked by clk)
Path Group: clk
Path Type: max
Corner: Typical

Fanout     Cap    Slew   Delay    Time   Description
-----------------------------------------------------------------------------
                          0.00    0.00   clock clk (rise edge)
                          0.00    0.00   clock source latency
     1    0.03    0.12    0.09    0.09 ^ clk (in)
                                         clk (net)
                  0.12    0.00    0.09 ^ clkbuf_0_clk/A (sky130_fd_sc_hd__clkbuf_16)
     4    0.05    0.07    0.19    0.28 ^ clkbuf_0_clk/X (sky130_fd_sc_hd__clkbuf_16)
                                         clknet_0_clk (net)
                  0.07    0.00    0.28 ^ clkbuf_2_3__f_clk/A (sky130_fd_sc_hd__clkbuf_16)
     8    0.04    0.06    0.16    0.44 ^ clkbuf_2_3__f_clk/X (sky130_fd_sc_hd__clkbuf_16)
                                         clknet_2_3__leaf_clk (net)
                  0.06    0.00    0.44 ^ _360_/CLK (sky130_fd_sc_hd__dfrtp_4)
     6    0.06    0.13    0.60    1.04 v _360_/Q (sky130_fd_sc_hd__dfrtp_4)
                                         decoder.digit[2] (net)
                  0.14    0.02    1.06 v _290_/B (sky130_fd_sc_hd__or3_1)
     1    0.01    0.09    0.42    1.48 v _290_/X (sky130_fd_sc_hd__or3_1)
                                         _157_ (net)
                  0.09    0.00    1.48 v _291_/A (sky130_fd_sc_hd__buf_1)
     1    0.01    0.09    0.16    1.64 v _291_/X (sky130_fd_sc_hd__buf_1)
                                         net6 (net)
                  0.09    0.00    1.65 v output6/A (sky130_fd_sc_hd__buf_2)
     1    0.04    0.09    0.21    1.86 v output6/X (sky130_fd_sc_hd__buf_2)
                                         seg[4] (net)
                  0.09    0.00    1.86 v seg[4] (out)
                                  1.86   data arrival time

                         10.00   10.00   clock clk (rise edge)
                          0.00   10.00   clock network delay (propagated)
                         -0.25    9.75   clock uncertainty
                          0.00    9.75   clock reconvergence pessimism
                         -2.00    7.75   output external delay
                                  7.75   data required time
-----------------------------------------------------------------------------
                                  7.75   data required time
                                 -1.86   data arrival time
-----------------------------------------------------------------------------
                                  5.89   slack (MET)


Startpoint: _342_ (rising edge-triggered flip-flop clocked by clk)
Endpoint: _340_ (rising edge-triggered flip-flop clocked by clk)
Path Group: clk
Path Type: max
Corner: Typical

Fanout     Cap    Slew   Delay    Time   Description
-----------------------------------------------------------------------------
                          0.00    0.00   clock clk (rise edge)
                          0.00    0.00   clock source latency
     1    0.03    0.12    0.09    0.09 ^ clk (in)
                                         clk (net)
                  0.12    0.00    0.09 ^ clkbuf_0_clk/A (sky130_fd_sc_hd__clkbuf_16)
     4    0.05    0.07    0.19    0.28 ^ clkbuf_0_clk/X (sky130_fd_sc_hd__clkbuf_16)
                                         clknet_0_clk (net)
                  0.07    0.00    0.28 ^ clkbuf_2_1__f_clk/A (sky130_fd_sc_hd__clkbuf_16)
    11    0.04    0.06    0.16    0.44 ^ clkbuf_2_1__f_clk/X (sky130_fd_sc_hd__clkbuf_16)
                                         clknet_2_1__leaf_clk (net)
                  0.06    0.00    0.44 ^ _342_/CLK (sky130_fd_sc_hd__dfrtp_2)
     5    0.04    0.12    0.50    0.94 v _342_/Q (sky130_fd_sc_hd__dfrtp_2)
                                         one_second_counter[12] (net)
                  0.12    0.00    0.94 v _180_/C (sky130_fd_sc_hd__and4_1)
     2    0.03    0.13    0.32    1.26 v _180_/X (sky130_fd_sc_hd__and4_1)
                                         _078_ (net)
                  0.13    0.00    1.27 v _181_/D (sky130_fd_sc_hd__or4_2)
     1    0.03    0.17    0.71    1.97 v _181_/X (sky130_fd_sc_hd__or4_2)
                                         _079_ (net)
                  0.17    0.00    1.98 v _184_/A3 (sky130_fd_sc_hd__o31a_1)
     1    0.03    0.14    0.41    2.38 v _184_/X (sky130_fd_sc_hd__o31a_1)
                                         _082_ (net)
                  0.14    0.00    2.39 v _186_/A2 (sky130_fd_sc_hd__o211ai_2)
     2    0.02    0.31    0.33    2.72 ^ _186_/Y (sky130_fd_sc_hd__o211ai_2)
                                         _084_ (net)
                  0.31    0.00    2.72 ^ _187_/A2 (sky130_fd_sc_hd__a21bo_2)
     9    0.06    0.32    0.42    3.14 ^ _187_/X (sky130_fd_sc_hd__a21bo_2)
                                         _085_ (net)
                  0.32    0.01    3.14 ^ _202_/A (sky130_fd_sc_hd__clkbuf_4)
    10    0.07    0.22    0.37    3.51 ^ _202_/X (sky130_fd_sc_hd__clkbuf_4)
                                         _095_ (net)
                  0.22    0.01    3.52 ^ _225_/A (sky130_fd_sc_hd__and3_1)
     1    0.03    0.32    0.41    3.93 ^ _225_/X (sky130_fd_sc_hd__and3_1)
                                         _112_ (net)
                  0.32    0.01    3.93 ^ _226_/A (sky130_fd_sc_hd__buf_1)
     1    0.02    0.21    0.25    4.19 ^ _226_/X (sky130_fd_sc_hd__buf_1)
                                         _001_ (net)
                  0.21    0.00    4.19 ^ _340_/D (sky130_fd_sc_hd__dfrtp_4)
                                  4.19   data arrival time

                         10.00   10.00   clock clk (rise edge)
                          0.00   10.00   clock source latency
     1    0.03    0.12    0.08   10.08 ^ clk (in)
                                         clk (net)
                  0.12    0.00   10.08 ^ clkbuf_0_clk/A (sky130_fd_sc_hd__clkbuf_16)
     4    0.05    0.07    0.17   10.25 ^ clkbuf_0_clk/X (sky130_fd_sc_hd__clkbuf_16)
                                         clknet_0_clk (net)
                  0.07    0.00   10.25 ^ clkbuf_2_0__f_clk/A (sky130_fd_sc_hd__clkbuf_16)
     9    0.05    0.07    0.15   10.40 ^ clkbuf_2_0__f_clk/X (sky130_fd_sc_hd__clkbuf_16)
                                         clknet_2_0__leaf_clk (net)
                  0.07    0.00   10.40 ^ _340_/CLK (sky130_fd_sc_hd__dfrtp_4)
                         -0.25   10.15   clock uncertainty
                          0.03   10.18   clock reconvergence pessimism
                         -0.10   10.08   library setup time
                                 10.08   data required time
-----------------------------------------------------------------------------
                                 10.08   data required time
                                 -4.19   data arrival time
-----------------------------------------------------------------------------
                                  5.89   slack (MET)


Startpoint: _342_ (rising edge-triggered flip-flop clocked by clk)
Endpoint: _335_ (rising edge-triggered flip-flop clocked by clk)
Path Group: clk
Path Type: max
Corner: Typical

Fanout     Cap    Slew   Delay    Time   Description
-----------------------------------------------------------------------------
                          0.00    0.00   clock clk (rise edge)
                          0.00    0.00   clock source latency
     1    0.03    0.12    0.09    0.09 ^ clk (in)
                                         clk (net)
                  0.12    0.00    0.09 ^ clkbuf_0_clk/A (sky130_fd_sc_hd__clkbuf_16)
     4    0.05    0.07    0.19    0.28 ^ clkbuf_0_clk/X (sky130_fd_sc_hd__clkbuf_16)
                                         clknet_0_clk (net)
                  0.07    0.00    0.28 ^ clkbuf_2_1__f_clk/A (sky130_fd_sc_hd__clkbuf_16)
    11    0.04    0.06    0.16    0.44 ^ clkbuf_2_1__f_clk/X (sky130_fd_sc_hd__clkbuf_16)
                                         clknet_2_1__leaf_clk (net)
                  0.06    0.00    0.44 ^ _342_/CLK (sky130_fd_sc_hd__dfrtp_2)
     5    0.04    0.12    0.50    0.94 v _342_/Q (sky130_fd_sc_hd__dfrtp_2)
                                         one_second_counter[12] (net)
                  0.12    0.00    0.94 v _180_/C (sky130_fd_sc_hd__and4_1)
     2    0.03    0.13    0.32    1.26 v _180_/X (sky130_fd_sc_hd__and4_1)
                                         _078_ (net)
                  0.13    0.00    1.27 v _181_/D (sky130_fd_sc_hd__or4_2)
     1    0.03    0.17    0.71    1.97 v _181_/X (sky130_fd_sc_hd__or4_2)
                                         _079_ (net)
                  0.17    0.00    1.98 v _184_/A3 (sky130_fd_sc_hd__o31a_1)
     1    0.03    0.14    0.41    2.38 v _184_/X (sky130_fd_sc_hd__o31a_1)
                                         _082_ (net)
                  0.14    0.00    2.39 v _186_/A2 (sky130_fd_sc_hd__o211ai_2)
     2    0.02    0.31    0.33    2.72 ^ _186_/Y (sky130_fd_sc_hd__o211ai_2)
                                         _084_ (net)
                  0.31    0.00    2.72 ^ _187_/A2 (sky130_fd_sc_hd__a21bo_2)
     9    0.06    0.32    0.42    3.14 ^ _187_/X (sky130_fd_sc_hd__a21bo_2)
                                         _085_ (net)
                  0.32    0.00    3.14 ^ _188_/A (sky130_fd_sc_hd__inv_2)
     2    0.03    0.12    0.15    3.30 v _188_/Y (sky130_fd_sc_hd__inv_2)
                                         _086_ (net)
                  0.12    0.00    3.30 v _189_/A (sky130_fd_sc_hd__buf_4)
    10    0.08    0.11    0.25    3.55 v _189_/X (sky130_fd_sc_hd__buf_4)
                                         _027_ (net)
                  0.11    0.01    3.56 v _209_/A (sky130_fd_sc_hd__nor3_1)
     1    0.02    0.56    0.54    4.10 ^ _209_/Y (sky130_fd_sc_hd__nor3_1)
                                         _022_ (net)
                  0.56    0.00    4.10 ^ _335_/D (sky130_fd_sc_hd__dfrtp_2)
                                  4.10   data arrival time

                         10.00   10.00   clock clk (rise edge)
                          0.00   10.00   clock source latency
     1    0.03    0.12    0.08   10.08 ^ clk (in)
                                         clk (net)
                  0.12    0.00   10.08 ^ clkbuf_0_clk/A (sky130_fd_sc_hd__clkbuf_16)
     4    0.05    0.07    0.17   10.25 ^ clkbuf_0_clk/X (sky130_fd_sc_hd__clkbuf_16)
                                         clknet_0_clk (net)
                  0.07    0.00   10.25 ^ clkbuf_2_2__f_clk/A (sky130_fd_sc_hd__clkbuf_16)
     7    0.05    0.07    0.15   10.40 ^ clkbuf_2_2__f_clk/X (sky130_fd_sc_hd__clkbuf_16)
                                         clknet_2_2__leaf_clk (net)
                  0.07    0.00   10.41 ^ _335_/CLK (sky130_fd_sc_hd__dfrtp_2)
                         -0.25   10.16   clock uncertainty
                          0.03   10.18   clock reconvergence pessimism
                         -0.17   10.01   library setup time
                                 10.01   data required time
-----------------------------------------------------------------------------
                                 10.01   data required time
                                 -4.10   data arrival time
-----------------------------------------------------------------------------
                                  5.92   slack (MET)


Startpoint: _342_ (rising edge-triggered flip-flop clocked by clk)
Endpoint: _349_ (rising edge-triggered flip-flop clocked by clk)
Path Group: clk
Path Type: max
Corner: Typical

Fanout     Cap    Slew   Delay    Time   Description
-----------------------------------------------------------------------------
                          0.00    0.00   clock clk (rise edge)
                          0.00    0.00   clock source latency
     1    0.03    0.12    0.09    0.09 ^ clk (in)
                                         clk (net)
                  0.12    0.00    0.09 ^ clkbuf_0_clk/A (sky130_fd_sc_hd__clkbuf_16)
     4    0.05    0.07    0.19    0.28 ^ clkbuf_0_clk/X (sky130_fd_sc_hd__clkbuf_16)
                                         clknet_0_clk (net)
                  0.07    0.00    0.28 ^ clkbuf_2_1__f_clk/A (sky130_fd_sc_hd__clkbuf_16)
    11    0.04    0.06    0.16    0.44 ^ clkbuf_2_1__f_clk/X (sky130_fd_sc_hd__clkbuf_16)
                                         clknet_2_1__leaf_clk (net)
                  0.06    0.00    0.44 ^ _342_/CLK (sky130_fd_sc_hd__dfrtp_2)
     5    0.04    0.12    0.50    0.94 v _342_/Q (sky130_fd_sc_hd__dfrtp_2)
                                         one_second_counter[12] (net)
                  0.12    0.00    0.94 v _180_/C (sky130_fd_sc_hd__and4_1)
     2    0.03    0.13    0.32    1.26 v _180_/X (sky130_fd_sc_hd__and4_1)
                                         _078_ (net)
                  0.13    0.00    1.27 v _181_/D (sky130_fd_sc_hd__or4_2)
     1    0.03    0.17    0.71    1.97 v _181_/X (sky130_fd_sc_hd__or4_2)
                                         _079_ (net)
                  0.17    0.00    1.98 v _184_/A3 (sky130_fd_sc_hd__o31a_1)
     1    0.03    0.14    0.41    2.38 v _184_/X (sky130_fd_sc_hd__o31a_1)
                                         _082_ (net)
                  0.14    0.00    2.39 v _186_/A2 (sky130_fd_sc_hd__o211ai_2)
     2    0.02    0.31    0.33    2.72 ^ _186_/Y (sky130_fd_sc_hd__o211ai_2)
                                         _084_ (net)
                  0.31    0.00    2.72 ^ _187_/A2 (sky130_fd_sc_hd__a21bo_2)
     9    0.06    0.32    0.42    3.14 ^ _187_/X (sky130_fd_sc_hd__a21bo_2)
                                         _085_ (net)
                  0.32    0.01    3.14 ^ _202_/A (sky130_fd_sc_hd__clkbuf_4)
    10    0.07    0.22    0.37    3.51 ^ _202_/X (sky130_fd_sc_hd__clkbuf_4)
                                         _095_ (net)
                  0.22    0.01    3.52 ^ _260_/A (sky130_fd_sc_hd__and3_1)
     1    0.02    0.23    0.34    3.86 ^ _260_/X (sky130_fd_sc_hd__and3_1)
                                         _138_ (net)
                  0.23    0.00    3.86 ^ _261_/A (sky130_fd_sc_hd__buf_1)
     1    0.02    0.24    0.27    4.13 ^ _261_/X (sky130_fd_sc_hd__buf_1)
                                         _010_ (net)
                  0.24    0.00    4.13 ^ _349_/D (sky130_fd_sc_hd__dfrtp_2)
                                  4.13   data arrival time

                         10.00   10.00   clock clk (rise edge)
                          0.00   10.00   clock source latency
     1    0.03    0.12    0.08   10.08 ^ clk (in)
                                         clk (net)
                  0.12    0.00   10.08 ^ clkbuf_0_clk/A (sky130_fd_sc_hd__clkbuf_16)
     4    0.05    0.07    0.17   10.25 ^ clkbuf_0_clk/X (sky130_fd_sc_hd__clkbuf_16)
                                         clknet_0_clk (net)
                  0.07    0.00   10.25 ^ clkbuf_2_3__f_clk/A (sky130_fd_sc_hd__clkbuf_16)
     8    0.04    0.06    0.15   10.40 ^ clkbuf_2_3__f_clk/X (sky130_fd_sc_hd__clkbuf_16)
                                         clknet_2_3__leaf_clk (net)
                  0.06    0.00   10.40 ^ _349_/CLK (sky130_fd_sc_hd__dfrtp_2)
                         -0.25   10.15   clock uncertainty
                          0.03   10.18   clock reconvergence pessimism
                         -0.11   10.07   library setup time
                                 10.07   data required time
-----------------------------------------------------------------------------
                                 10.07   data required time
                                 -4.13   data arrival time
-----------------------------------------------------------------------------
                                  5.94   slack (MET)


Startpoint: _343_ (rising edge-triggered flip-flop clocked by clk)
Endpoint: _342_ (rising edge-triggered flip-flop clocked by clk)
Path Group: clk
Path Type: max
Corner: Typical

Fanout     Cap    Slew   Delay    Time   Description
-----------------------------------------------------------------------------
                          0.00    0.00   clock clk (rise edge)
                          0.00    0.00   clock source latency
     1    0.03    0.12    0.09    0.09 ^ clk (in)
                                         clk (net)
                  0.12    0.00    0.09 ^ clkbuf_0_clk/A (sky130_fd_sc_hd__clkbuf_16)
     4    0.05    0.07    0.19    0.28 ^ clkbuf_0_clk/X (sky130_fd_sc_hd__clkbuf_16)
                                         clknet_0_clk (net)
                  0.07    0.00    0.28 ^ clkbuf_2_0__f_clk/A (sky130_fd_sc_hd__clkbuf_16)
     9    0.05    0.07    0.16    0.44 ^ clkbuf_2_0__f_clk/X (sky130_fd_sc_hd__clkbuf_16)
                                         clknet_2_0__leaf_clk (net)
                  0.07    0.00    0.45 ^ _343_/CLK (sky130_fd_sc_hd__dfrtp_1)
     4    0.02    0.13    0.47    0.92 v _343_/Q (sky130_fd_sc_hd__dfrtp_1)
                                         one_second_counter[13] (net)
                  0.13    0.00    0.92 v _180_/D (sky130_fd_sc_hd__and4_1)
     2    0.03    0.13    0.34    1.26 v _180_/X (sky130_fd_sc_hd__and4_1)
                                         _078_ (net)
                  0.13    0.00    1.26 v _181_/D (sky130_fd_sc_hd__or4_2)
     1    0.03    0.17    0.71    1.96 v _181_/X (sky130_fd_sc_hd__or4_2)
                                         _079_ (net)
                  0.17    0.00    1.97 v _184_/A3 (sky130_fd_sc_hd__o31a_1)
     1    0.03    0.14    0.41    2.38 v _184_/X (sky130_fd_sc_hd__o31a_1)
                                         _082_ (net)
                  0.14    0.00    2.38 v _186_/A2 (sky130_fd_sc_hd__o211ai_2)
     2    0.02    0.31    0.33    2.71 ^ _186_/Y (sky130_fd_sc_hd__o211ai_2)
                                         _084_ (net)
                  0.31    0.00    2.71 ^ _187_/A2 (sky130_fd_sc_hd__a21bo_2)
     9    0.06    0.32    0.42    3.13 ^ _187_/X (sky130_fd_sc_hd__a21bo_2)
                                         _085_ (net)
                  0.32    0.01    3.14 ^ _202_/A (sky130_fd_sc_hd__clkbuf_4)
    10    0.07    0.22    0.37    3.50 ^ _202_/X (sky130_fd_sc_hd__clkbuf_4)
                                         _095_ (net)
                  0.22    0.01    3.51 ^ _232_/A (sky130_fd_sc_hd__and3_1)
     1    0.02    0.24    0.35    3.86 ^ _232_/X (sky130_fd_sc_hd__and3_1)
                                         _117_ (net)
                  0.24    0.00    3.86 ^ _233_/A (sky130_fd_sc_hd__buf_1)
     1    0.02    0.21    0.25    4.11 ^ _233_/X (sky130_fd_sc_hd__buf_1)
                                         _003_ (net)
                  0.21    0.00    4.11 ^ _342_/D (sky130_fd_sc_hd__dfrtp_2)
                                  4.11   data arrival time

                         10.00   10.00   clock clk (rise edge)
                          0.00   10.00   clock source latency
     1    0.03    0.12    0.08   10.08 ^ clk (in)
                                         clk (net)
                  0.12    0.00   10.08 ^ clkbuf_0_clk/A (sky130_fd_sc_hd__clkbuf_16)
     4    0.05    0.07    0.17   10.25 ^ clkbuf_0_clk/X (sky130_fd_sc_hd__clkbuf_16)
                                         clknet_0_clk (net)
                  0.07    0.00   10.25 ^ clkbuf_2_1__f_clk/A (sky130_fd_sc_hd__clkbuf_16)
    11    0.04    0.06    0.14   10.40 ^ clkbuf_2_1__f_clk/X (sky130_fd_sc_hd__clkbuf_16)
                                         clknet_2_1__leaf_clk (net)
                  0.06    0.00   10.40 ^ _342_/CLK (sky130_fd_sc_hd__dfrtp_2)
                         -0.25   10.15   clock uncertainty
                          0.03   10.17   clock reconvergence pessimism
                         -0.10   10.07   library setup time
                                 10.07   data required time
-----------------------------------------------------------------------------
                                 10.07   data required time
                                 -4.11   data arrival time
-----------------------------------------------------------------------------
                                  5.96   slack (MET)


Startpoint: _342_ (rising edge-triggered flip-flop clocked by clk)
Endpoint: _354_ (rising edge-triggered flip-flop clocked by clk)
Path Group: clk
Path Type: max
Corner: Typical

Fanout     Cap    Slew   Delay    Time   Description
-----------------------------------------------------------------------------
                          0.00    0.00   clock clk (rise edge)
                          0.00    0.00   clock source latency
     1    0.03    0.12    0.09    0.09 ^ clk (in)
                                         clk (net)
                  0.12    0.00    0.09 ^ clkbuf_0_clk/A (sky130_fd_sc_hd__clkbuf_16)
     4    0.05    0.07    0.19    0.28 ^ clkbuf_0_clk/X (sky130_fd_sc_hd__clkbuf_16)
                                         clknet_0_clk (net)
                  0.07    0.00    0.28 ^ clkbuf_2_1__f_clk/A (sky130_fd_sc_hd__clkbuf_16)
    11    0.04    0.06    0.16    0.44 ^ clkbuf_2_1__f_clk/X (sky130_fd_sc_hd__clkbuf_16)
                                         clknet_2_1__leaf_clk (net)
                  0.06    0.00    0.44 ^ _342_/CLK (sky130_fd_sc_hd__dfrtp_2)
     5    0.04    0.12    0.50    0.94 v _342_/Q (sky130_fd_sc_hd__dfrtp_2)
                                         one_second_counter[12] (net)
                  0.12    0.00    0.94 v _180_/C (sky130_fd_sc_hd__and4_1)
     2    0.03    0.13    0.32    1.26 v _180_/X (sky130_fd_sc_hd__and4_1)
                                         _078_ (net)
                  0.13    0.00    1.27 v _181_/D (sky130_fd_sc_hd__or4_2)
     1    0.03    0.17    0.71    1.97 v _181_/X (sky130_fd_sc_hd__or4_2)
                                         _079_ (net)
                  0.17    0.00    1.98 v _184_/A3 (sky130_fd_sc_hd__o31a_1)
     1    0.03    0.14    0.41    2.38 v _184_/X (sky130_fd_sc_hd__o31a_1)
                                         _082_ (net)
                  0.14    0.00    2.39 v _186_/A2 (sky130_fd_sc_hd__o211ai_2)
     2    0.02    0.31    0.33    2.72 ^ _186_/Y (sky130_fd_sc_hd__o211ai_2)
                                         _084_ (net)
                  0.31    0.00    2.72 ^ _187_/A2 (sky130_fd_sc_hd__a21bo_2)
     9    0.06    0.32    0.42    3.14 ^ _187_/X (sky130_fd_sc_hd__a21bo_2)
                                         _085_ (net)
                  0.32    0.00    3.14 ^ _188_/A (sky130_fd_sc_hd__inv_2)
     2    0.03    0.12    0.15    3.30 v _188_/Y (sky130_fd_sc_hd__inv_2)
                                         _086_ (net)
                  0.12    0.00    3.30 v _189_/A (sky130_fd_sc_hd__buf_4)
    10    0.08    0.11    0.25    3.55 v _189_/X (sky130_fd_sc_hd__buf_4)
                                         _027_ (net)
                  0.11    0.02    3.56 v _278_/A (sky130_fd_sc_hd__nor3_1)
     1    0.01    0.44    0.44    4.00 ^ _278_/Y (sky130_fd_sc_hd__nor3_1)
                                         _016_ (net)
                  0.44    0.00    4.01 ^ _354_/D (sky130_fd_sc_hd__dfrtp_4)
                                  4.01   data arrival time

                         10.00   10.00   clock clk (rise edge)
                          0.00   10.00   clock source latency
     1    0.03    0.12    0.08   10.08 ^ clk (in)
                                         clk (net)
                  0.12    0.00   10.08 ^ clkbuf_0_clk/A (sky130_fd_sc_hd__clkbuf_16)
     4    0.05    0.07    0.17   10.25 ^ clkbuf_0_clk/X (sky130_fd_sc_hd__clkbuf_16)
                                         clknet_0_clk (net)
                  0.07    0.00   10.25 ^ clkbuf_2_3__f_clk/A (sky130_fd_sc_hd__clkbuf_16)
     8    0.04    0.06    0.15   10.40 ^ clkbuf_2_3__f_clk/X (sky130_fd_sc_hd__clkbuf_16)
                                         clknet_2_3__leaf_clk (net)
                  0.06    0.00   10.40 ^ _354_/CLK (sky130_fd_sc_hd__dfrtp_4)
                         -0.25   10.15   clock uncertainty
                          0.03   10.18   clock reconvergence pessimism
                         -0.15   10.03   library setup time
                                 10.03   data required time
-----------------------------------------------------------------------------
                                 10.03   data required time
                                 -4.01   data arrival time
-----------------------------------------------------------------------------
                                  6.02   slack (MET)


Startpoint: _343_ (rising edge-triggered flip-flop clocked by clk)
Endpoint: _336_ (rising edge-triggered flip-flop clocked by clk)
Path Group: clk
Path Type: max
Corner: Typical

Fanout     Cap    Slew   Delay    Time   Description
-----------------------------------------------------------------------------
                          0.00    0.00   clock clk (rise edge)
                          0.00    0.00   clock source latency
     1    0.03    0.12    0.09    0.09 ^ clk (in)
                                         clk (net)
                  0.12    0.00    0.09 ^ clkbuf_0_clk/A (sky130_fd_sc_hd__clkbuf_16)
     4    0.05    0.07    0.19    0.28 ^ clkbuf_0_clk/X (sky130_fd_sc_hd__clkbuf_16)
                                         clknet_0_clk (net)
                  0.07    0.00    0.28 ^ clkbuf_2_0__f_clk/A (sky130_fd_sc_hd__clkbuf_16)
     9    0.05    0.07    0.16    0.44 ^ clkbuf_2_0__f_clk/X (sky130_fd_sc_hd__clkbuf_16)
                                         clknet_2_0__leaf_clk (net)
                  0.07    0.00    0.45 ^ _343_/CLK (sky130_fd_sc_hd__dfrtp_1)
     4    0.02    0.13    0.47    0.92 v _343_/Q (sky130_fd_sc_hd__dfrtp_1)
                                         one_second_counter[13] (net)
                  0.13    0.00    0.92 v _180_/D (sky130_fd_sc_hd__and4_1)
     2    0.03    0.13    0.34    1.26 v _180_/X (sky130_fd_sc_hd__and4_1)
                                         _078_ (net)
                  0.13    0.00    1.26 v _181_/D (sky130_fd_sc_hd__or4_2)
     1    0.03    0.17    0.71    1.96 v _181_/X (sky130_fd_sc_hd__or4_2)
                                         _079_ (net)
                  0.17    0.00    1.97 v _184_/A3 (sky130_fd_sc_hd__o31a_1)
     1    0.03    0.14    0.41    2.38 v _184_/X (sky130_fd_sc_hd__o31a_1)
                                         _082_ (net)
                  0.14    0.00    2.38 v _186_/A2 (sky130_fd_sc_hd__o211ai_2)
     2    0.02    0.31    0.33    2.71 ^ _186_/Y (sky130_fd_sc_hd__o211ai_2)
                                         _084_ (net)
                  0.31    0.00    2.71 ^ _187_/A2 (sky130_fd_sc_hd__a21bo_2)
     9    0.06    0.32    0.42    3.13 ^ _187_/X (sky130_fd_sc_hd__a21bo_2)
                                         _085_ (net)
                  0.32    0.01    3.14 ^ _202_/A (sky130_fd_sc_hd__clkbuf_4)
    10    0.07    0.22    0.37    3.50 ^ _202_/X (sky130_fd_sc_hd__clkbuf_4)
                                         _095_ (net)
                  0.22    0.01    3.51 ^ _212_/A (sky130_fd_sc_hd__and3_1)
     1    0.01    0.09    0.23    3.74 ^ _212_/X (sky130_fd_sc_hd__and3_1)
                                         _103_ (net)
                  0.09    0.00    3.74 ^ _213_/A (sky130_fd_sc_hd__buf_1)
     1    0.02    0.28    0.27    4.02 ^ _213_/X (sky130_fd_sc_hd__buf_1)
                                         _023_ (net)
                  0.28    0.00    4.02 ^ _336_/D (sky130_fd_sc_hd__dfrtp_2)
                                  4.02   data arrival time

                         10.00   10.00   clock clk (rise edge)
                          0.00   10.00   clock source latency
     1    0.03    0.12    0.08   10.08 ^ clk (in)
                                         clk (net)
                  0.12    0.00   10.08 ^ clkbuf_0_clk/A (sky130_fd_sc_hd__clkbuf_16)
     4    0.05    0.07    0.17   10.25 ^ clkbuf_0_clk/X (sky130_fd_sc_hd__clkbuf_16)
                                         clknet_0_clk (net)
                  0.07    0.00   10.25 ^ clkbuf_2_1__f_clk/A (sky130_fd_sc_hd__clkbuf_16)
    11    0.04    0.06    0.14   10.40 ^ clkbuf_2_1__f_clk/X (sky130_fd_sc_hd__clkbuf_16)
                                         clknet_2_1__leaf_clk (net)
                  0.06    0.00   10.40 ^ _336_/CLK (sky130_fd_sc_hd__dfrtp_2)
                         -0.25   10.15   clock uncertainty
                          0.03   10.17   clock reconvergence pessimism
                         -0.12   10.06   library setup time
                                 10.06   data required time
-----------------------------------------------------------------------------
                                 10.06   data required time
                                 -4.02   data arrival time
-----------------------------------------------------------------------------
                                  6.04   slack (MET)


Startpoint: _342_ (rising edge-triggered flip-flop clocked by clk)
Endpoint: _345_ (rising edge-triggered flip-flop clocked by clk)
Path Group: clk
Path Type: max
Corner: Typical

Fanout     Cap    Slew   Delay    Time   Description
-----------------------------------------------------------------------------
                          0.00    0.00   clock clk (rise edge)
                          0.00    0.00   clock source latency
     1    0.03    0.12    0.09    0.09 ^ clk (in)
                                         clk (net)
                  0.12    0.00    0.09 ^ clkbuf_0_clk/A (sky130_fd_sc_hd__clkbuf_16)
     4    0.05    0.07    0.19    0.28 ^ clkbuf_0_clk/X (sky130_fd_sc_hd__clkbuf_16)
                                         clknet_0_clk (net)
                  0.07    0.00    0.28 ^ clkbuf_2_1__f_clk/A (sky130_fd_sc_hd__clkbuf_16)
    11    0.04    0.06    0.16    0.44 ^ clkbuf_2_1__f_clk/X (sky130_fd_sc_hd__clkbuf_16)
                                         clknet_2_1__leaf_clk (net)
                  0.06    0.00    0.44 ^ _342_/CLK (sky130_fd_sc_hd__dfrtp_2)
     5    0.04    0.12    0.50    0.94 v _342_/Q (sky130_fd_sc_hd__dfrtp_2)
                                         one_second_counter[12] (net)
                  0.12    0.00    0.94 v _180_/C (sky130_fd_sc_hd__and4_1)
     2    0.03    0.13    0.32    1.26 v _180_/X (sky130_fd_sc_hd__and4_1)
                                         _078_ (net)
                  0.13    0.00    1.27 v _181_/D (sky130_fd_sc_hd__or4_2)
     1    0.03    0.17    0.71    1.97 v _181_/X (sky130_fd_sc_hd__or4_2)
                                         _079_ (net)
                  0.17    0.00    1.98 v _184_/A3 (sky130_fd_sc_hd__o31a_1)
     1    0.03    0.14    0.41    2.38 v _184_/X (sky130_fd_sc_hd__o31a_1)
                                         _082_ (net)
                  0.14    0.00    2.39 v _186_/A2 (sky130_fd_sc_hd__o211ai_2)
     2    0.02    0.31    0.33    2.72 ^ _186_/Y (sky130_fd_sc_hd__o211ai_2)
                                         _084_ (net)
                  0.31    0.00    2.72 ^ _187_/A2 (sky130_fd_sc_hd__a21bo_2)
     9    0.06    0.32    0.42    3.14 ^ _187_/X (sky130_fd_sc_hd__a21bo_2)
                                         _085_ (net)
                  0.32    0.00    3.14 ^ _188_/A (sky130_fd_sc_hd__inv_2)
     2    0.03    0.12    0.15    3.30 v _188_/Y (sky130_fd_sc_hd__inv_2)
                                         _086_ (net)
                  0.12    0.00    3.30 v _189_/A (sky130_fd_sc_hd__buf_4)
    10    0.08    0.11    0.25    3.55 v _189_/X (sky130_fd_sc_hd__buf_4)
                                         _027_ (net)
                  0.11    0.01    3.56 v _246_/C1 (sky130_fd_sc_hd__a211oi_2)
     1    0.02    0.43    0.40    3.96 ^ _246_/Y (sky130_fd_sc_hd__a211oi_2)
                                         _006_ (net)
                  0.43    0.00    3.96 ^ _345_/D (sky130_fd_sc_hd__dfrtp_2)
                                  3.96   data arrival time

                         10.00   10.00   clock clk (rise edge)
                          0.00   10.00   clock source latency
     1    0.03    0.12    0.08   10.08 ^ clk (in)
                                         clk (net)
                  0.12    0.00   10.08 ^ clkbuf_0_clk/A (sky130_fd_sc_hd__clkbuf_16)
     4    0.05    0.07    0.17   10.25 ^ clkbuf_0_clk/X (sky130_fd_sc_hd__clkbuf_16)
                                         clknet_0_clk (net)
                  0.07    0.00   10.25 ^ clkbuf_2_3__f_clk/A (sky130_fd_sc_hd__clkbuf_16)
     8    0.04    0.06    0.15   10.40 ^ clkbuf_2_3__f_clk/X (sky130_fd_sc_hd__clkbuf_16)
                                         clknet_2_3__leaf_clk (net)
                  0.06    0.00   10.40 ^ _345_/CLK (sky130_fd_sc_hd__dfrtp_2)
                         -0.25   10.15   clock uncertainty
                          0.03   10.18   clock reconvergence pessimism
                         -0.15   10.03   library setup time
                                 10.03   data required time
-----------------------------------------------------------------------------
                                 10.03   data required time
                                 -3.96   data arrival time
-----------------------------------------------------------------------------
                                  6.07   slack (MET)


Startpoint: _343_ (rising edge-triggered flip-flop clocked by clk)
Endpoint: _353_ (rising edge-triggered flip-flop clocked by clk)
Path Group: clk
Path Type: max
Corner: Typical

Fanout     Cap    Slew   Delay    Time   Description
-----------------------------------------------------------------------------
                          0.00    0.00   clock clk (rise edge)
                          0.00    0.00   clock source latency
     1    0.03    0.12    0.09    0.09 ^ clk (in)
                                         clk (net)
                  0.12    0.00    0.09 ^ clkbuf_0_clk/A (sky130_fd_sc_hd__clkbuf_16)
     4    0.05    0.07    0.19    0.28 ^ clkbuf_0_clk/X (sky130_fd_sc_hd__clkbuf_16)
                                         clknet_0_clk (net)
                  0.07    0.00    0.28 ^ clkbuf_2_0__f_clk/A (sky130_fd_sc_hd__clkbuf_16)
     9    0.05    0.07    0.16    0.44 ^ clkbuf_2_0__f_clk/X (sky130_fd_sc_hd__clkbuf_16)
                                         clknet_2_0__leaf_clk (net)
                  0.07    0.00    0.45 ^ _343_/CLK (sky130_fd_sc_hd__dfrtp_1)
     4    0.02    0.13    0.47    0.92 v _343_/Q (sky130_fd_sc_hd__dfrtp_1)
                                         one_second_counter[13] (net)
                  0.13    0.00    0.92 v _180_/D (sky130_fd_sc_hd__and4_1)
     2    0.03    0.13    0.34    1.26 v _180_/X (sky130_fd_sc_hd__and4_1)
                                         _078_ (net)
                  0.13    0.00    1.26 v _181_/D (sky130_fd_sc_hd__or4_2)
     1    0.03    0.17    0.71    1.96 v _181_/X (sky130_fd_sc_hd__or4_2)
                                         _079_ (net)
                  0.17    0.00    1.97 v _184_/A3 (sky130_fd_sc_hd__o31a_1)
     1    0.03    0.14    0.41    2.38 v _184_/X (sky130_fd_sc_hd__o31a_1)
                                         _082_ (net)
                  0.14    0.00    2.38 v _186_/A2 (sky130_fd_sc_hd__o211ai_2)
     2    0.02    0.31    0.33    2.71 ^ _186_/Y (sky130_fd_sc_hd__o211ai_2)
                                         _084_ (net)
                  0.31    0.00    2.71 ^ _187_/A2 (sky130_fd_sc_hd__a21bo_2)
     9    0.06    0.32    0.42    3.13 ^ _187_/X (sky130_fd_sc_hd__a21bo_2)
                                         _085_ (net)
                  0.32    0.00    3.13 ^ _188_/A (sky130_fd_sc_hd__inv_2)
     2    0.03    0.12    0.15    3.29 v _188_/Y (sky130_fd_sc_hd__inv_2)
                                         _086_ (net)
                  0.12    0.00    3.29 v _189_/A (sky130_fd_sc_hd__buf_4)
    10    0.08    0.11    0.25    3.54 v _189_/X (sky130_fd_sc_hd__buf_4)
                                         _027_ (net)
                  0.11    0.02    3.55 v _275_/C1 (sky130_fd_sc_hd__a221oi_2)
     1    0.02    0.44    0.40    3.95 ^ _275_/Y (sky130_fd_sc_hd__a221oi_2)
                                         _015_ (net)
                  0.44    0.00    3.96 ^ _353_/D (sky130_fd_sc_hd__dfrtp_1)
                                  3.96   data arrival time

                         10.00   10.00   clock clk (rise edge)
                          0.00   10.00   clock source latency
     1    0.03    0.12    0.08   10.08 ^ clk (in)
                                         clk (net)
                  0.12    0.00   10.08 ^ clkbuf_0_clk/A (sky130_fd_sc_hd__clkbuf_16)
     4    0.05    0.07    0.17   10.25 ^ clkbuf_0_clk/X (sky130_fd_sc_hd__clkbuf_16)
                                         clknet_0_clk (net)
                  0.07    0.00   10.25 ^ clkbuf_2_1__f_clk/A (sky130_fd_sc_hd__clkbuf_16)
    11    0.04    0.06    0.14   10.40 ^ clkbuf_2_1__f_clk/X (sky130_fd_sc_hd__clkbuf_16)
                                         clknet_2_1__leaf_clk (net)
                  0.06    0.00   10.40 ^ _353_/CLK (sky130_fd_sc_hd__dfrtp_1)
                         -0.25   10.15   clock uncertainty
                          0.03   10.17   clock reconvergence pessimism
                         -0.15   10.03   library setup time
                                 10.03   data required time
-----------------------------------------------------------------------------
                                 10.03   data required time
                                 -3.96   data arrival time
-----------------------------------------------------------------------------
                                  6.07   slack (MET)


Startpoint: _343_ (rising edge-triggered flip-flop clocked by clk)
Endpoint: _337_ (rising edge-triggered flip-flop clocked by clk)
Path Group: clk
Path Type: max
Corner: Typical

Fanout     Cap    Slew   Delay    Time   Description
-----------------------------------------------------------------------------
                          0.00    0.00   clock clk (rise edge)
                          0.00    0.00   clock source latency
     1    0.03    0.12    0.09    0.09 ^ clk (in)
                                         clk (net)
                  0.12    0.00    0.09 ^ clkbuf_0_clk/A (sky130_fd_sc_hd__clkbuf_16)
     4    0.05    0.07    0.19    0.28 ^ clkbuf_0_clk/X (sky130_fd_sc_hd__clkbuf_16)
                                         clknet_0_clk (net)
                  0.07    0.00    0.28 ^ clkbuf_2_0__f_clk/A (sky130_fd_sc_hd__clkbuf_16)
     9    0.05    0.07    0.16    0.44 ^ clkbuf_2_0__f_clk/X (sky130_fd_sc_hd__clkbuf_16)
                                         clknet_2_0__leaf_clk (net)
                  0.07    0.00    0.45 ^ _343_/CLK (sky130_fd_sc_hd__dfrtp_1)
     4    0.02    0.13    0.47    0.92 v _343_/Q (sky130_fd_sc_hd__dfrtp_1)
                                         one_second_counter[13] (net)
                  0.13    0.00    0.92 v _180_/D (sky130_fd_sc_hd__and4_1)
     2    0.03    0.13    0.34    1.26 v _180_/X (sky130_fd_sc_hd__and4_1)
                                         _078_ (net)
                  0.13    0.00    1.26 v _181_/D (sky130_fd_sc_hd__or4_2)
     1    0.03    0.17    0.71    1.96 v _181_/X (sky130_fd_sc_hd__or4_2)
                                         _079_ (net)
                  0.17    0.00    1.97 v _184_/A3 (sky130_fd_sc_hd__o31a_1)
     1    0.03    0.14    0.41    2.38 v _184_/X (sky130_fd_sc_hd__o31a_1)
                                         _082_ (net)
                  0.14    0.00    2.38 v _186_/A2 (sky130_fd_sc_hd__o211ai_2)
     2    0.02    0.31    0.33    2.71 ^ _186_/Y (sky130_fd_sc_hd__o211ai_2)
                                         _084_ (net)
                  0.31    0.00    2.71 ^ _187_/A2 (sky130_fd_sc_hd__a21bo_2)
     9    0.06    0.32    0.42    3.13 ^ _187_/X (sky130_fd_sc_hd__a21bo_2)
                                         _085_ (net)
                  0.32    0.00    3.13 ^ _188_/A (sky130_fd_sc_hd__inv_2)
     2    0.03    0.12    0.15    3.29 v _188_/Y (sky130_fd_sc_hd__inv_2)
                                         _086_ (net)
                  0.12    0.00    3.29 v _215_/B1 (sky130_fd_sc_hd__a211oi_1)
     1    0.02    0.66    0.62    3.91 ^ _215_/Y (sky130_fd_sc_hd__a211oi_1)
                                         _024_ (net)
                  0.66    0.00    3.91 ^ _337_/D (sky130_fd_sc_hd__dfrtp_2)
                                  3.91   data arrival time

                         10.00   10.00   clock clk (rise edge)
                          0.00   10.00   clock source latency
     1    0.03    0.12    0.08   10.08 ^ clk (in)
                                         clk (net)
                  0.12    0.00   10.08 ^ clkbuf_0_clk/A (sky130_fd_sc_hd__clkbuf_16)
     4    0.05    0.07    0.17   10.25 ^ clkbuf_0_clk/X (sky130_fd_sc_hd__clkbuf_16)
                                         clknet_0_clk (net)
                  0.07    0.00   10.25 ^ clkbuf_2_1__f_clk/A (sky130_fd_sc_hd__clkbuf_16)
    11    0.04    0.06    0.14   10.40 ^ clkbuf_2_1__f_clk/X (sky130_fd_sc_hd__clkbuf_16)
                                         clknet_2_1__leaf_clk (net)
                  0.06    0.00   10.40 ^ _337_/CLK (sky130_fd_sc_hd__dfrtp_2)
                         -0.25   10.15   clock uncertainty
                          0.03   10.17   clock reconvergence pessimism
                         -0.18   10.00   library setup time
                                 10.00   data required time
-----------------------------------------------------------------------------
                                 10.00   data required time
                                 -3.91   data arrival time
-----------------------------------------------------------------------------
                                  6.08   slack (MET)


Startpoint: _342_ (rising edge-triggered flip-flop clocked by clk)
Endpoint: _346_ (rising edge-triggered flip-flop clocked by clk)
Path Group: clk
Path Type: max
Corner: Typical

Fanout     Cap    Slew   Delay    Time   Description
-----------------------------------------------------------------------------
                          0.00    0.00   clock clk (rise edge)
                          0.00    0.00   clock source latency
     1    0.03    0.12    0.09    0.09 ^ clk (in)
                                         clk (net)
                  0.12    0.00    0.09 ^ clkbuf_0_clk/A (sky130_fd_sc_hd__clkbuf_16)
     4    0.05    0.07    0.19    0.28 ^ clkbuf_0_clk/X (sky130_fd_sc_hd__clkbuf_16)
                                         clknet_0_clk (net)
                  0.07    0.00    0.28 ^ clkbuf_2_1__f_clk/A (sky130_fd_sc_hd__clkbuf_16)
    11    0.04    0.06    0.16    0.44 ^ clkbuf_2_1__f_clk/X (sky130_fd_sc_hd__clkbuf_16)
                                         clknet_2_1__leaf_clk (net)
                  0.06    0.00    0.44 ^ _342_/CLK (sky130_fd_sc_hd__dfrtp_2)
     5    0.04    0.12    0.50    0.94 v _342_/Q (sky130_fd_sc_hd__dfrtp_2)
                                         one_second_counter[12] (net)
                  0.12    0.00    0.94 v _180_/C (sky130_fd_sc_hd__and4_1)
     2    0.03    0.13    0.32    1.26 v _180_/X (sky130_fd_sc_hd__and4_1)
                                         _078_ (net)
                  0.13    0.00    1.27 v _181_/D (sky130_fd_sc_hd__or4_2)
     1    0.03    0.17    0.71    1.97 v _181_/X (sky130_fd_sc_hd__or4_2)
                                         _079_ (net)
                  0.17    0.00    1.98 v _184_/A3 (sky130_fd_sc_hd__o31a_1)
     1    0.03    0.14    0.41    2.38 v _184_/X (sky130_fd_sc_hd__o31a_1)
                                         _082_ (net)
                  0.14    0.00    2.39 v _186_/A2 (sky130_fd_sc_hd__o211ai_2)
     2    0.02    0.31    0.33    2.72 ^ _186_/Y (sky130_fd_sc_hd__o211ai_2)
                                         _084_ (net)
                  0.31    0.00    2.72 ^ _187_/A2 (sky130_fd_sc_hd__a21bo_2)
     9    0.06    0.32    0.42    3.14 ^ _187_/X (sky130_fd_sc_hd__a21bo_2)
                                         _085_ (net)
                  0.32    0.01    3.14 ^ _202_/A (sky130_fd_sc_hd__clkbuf_4)
    10    0.07    0.22    0.37    3.51 ^ _202_/X (sky130_fd_sc_hd__clkbuf_4)
                                         _095_ (net)
                  0.22    0.01    3.52 ^ _249_/A (sky130_fd_sc_hd__and3_1)
     1    0.01    0.13    0.27    3.79 ^ _249_/X (sky130_fd_sc_hd__and3_1)
                                         _130_ (net)
                  0.13    0.00    3.79 ^ _250_/A (sky130_fd_sc_hd__clkbuf_1)
     1    0.01    0.16    0.20    3.98 ^ _250_/X (sky130_fd_sc_hd__clkbuf_1)
                                         _007_ (net)
                  0.16    0.00    3.99 ^ _346_/D (sky130_fd_sc_hd__dfrtp_4)
                                  3.99   data arrival time

                         10.00   10.00   clock clk (rise edge)
                          0.00   10.00   clock source latency
     1    0.03    0.12    0.08   10.08 ^ clk (in)
                                         clk (net)
                  0.12    0.00   10.08 ^ clkbuf_0_clk/A (sky130_fd_sc_hd__clkbuf_16)
     4    0.05    0.07    0.17   10.25 ^ clkbuf_0_clk/X (sky130_fd_sc_hd__clkbuf_16)
                                         clknet_0_clk (net)
                  0.07    0.00   10.25 ^ clkbuf_2_2__f_clk/A (sky130_fd_sc_hd__clkbuf_16)
     7    0.05    0.07    0.15   10.40 ^ clkbuf_2_2__f_clk/X (sky130_fd_sc_hd__clkbuf_16)
                                         clknet_2_2__leaf_clk (net)
                  0.07    0.01   10.41 ^ _346_/CLK (sky130_fd_sc_hd__dfrtp_4)
                         -0.25   10.16   clock uncertainty
                          0.03   10.19   clock reconvergence pessimism
                         -0.09   10.10   library setup time
                                 10.10   data required time
-----------------------------------------------------------------------------
                                 10.10   data required time
                                 -3.99   data arrival time
-----------------------------------------------------------------------------
                                  6.12   slack (MET)


Startpoint: _343_ (rising edge-triggered flip-flop clocked by clk)
Endpoint: _334_ (rising edge-triggered flip-flop clocked by clk)
Path Group: clk
Path Type: max
Corner: Typical

Fanout     Cap    Slew   Delay    Time   Description
-----------------------------------------------------------------------------
                          0.00    0.00   clock clk (rise edge)
                          0.00    0.00   clock source latency
     1    0.03    0.12    0.09    0.09 ^ clk (in)
                                         clk (net)
                  0.12    0.00    0.09 ^ clkbuf_0_clk/A (sky130_fd_sc_hd__clkbuf_16)
     4    0.05    0.07    0.19    0.28 ^ clkbuf_0_clk/X (sky130_fd_sc_hd__clkbuf_16)
                                         clknet_0_clk (net)
                  0.07    0.00    0.28 ^ clkbuf_2_0__f_clk/A (sky130_fd_sc_hd__clkbuf_16)
     9    0.05    0.07    0.16    0.44 ^ clkbuf_2_0__f_clk/X (sky130_fd_sc_hd__clkbuf_16)
                                         clknet_2_0__leaf_clk (net)
                  0.07    0.00    0.45 ^ _343_/CLK (sky130_fd_sc_hd__dfrtp_1)
     4    0.02    0.13    0.47    0.92 v _343_/Q (sky130_fd_sc_hd__dfrtp_1)
                                         one_second_counter[13] (net)
                  0.13    0.00    0.92 v _180_/D (sky130_fd_sc_hd__and4_1)
     2    0.03    0.13    0.34    1.26 v _180_/X (sky130_fd_sc_hd__and4_1)
                                         _078_ (net)
                  0.13    0.00    1.26 v _181_/D (sky130_fd_sc_hd__or4_2)
     1    0.03    0.17    0.71    1.96 v _181_/X (sky130_fd_sc_hd__or4_2)
                                         _079_ (net)
                  0.17    0.00    1.97 v _184_/A3 (sky130_fd_sc_hd__o31a_1)
     1    0.03    0.14    0.41    2.38 v _184_/X (sky130_fd_sc_hd__o31a_1)
                                         _082_ (net)
                  0.14    0.00    2.38 v _186_/A2 (sky130_fd_sc_hd__o211ai_2)
     2    0.02    0.31    0.33    2.71 ^ _186_/Y (sky130_fd_sc_hd__o211ai_2)
                                         _084_ (net)
                  0.31    0.00    2.71 ^ _187_/A2 (sky130_fd_sc_hd__a21bo_2)
     9    0.06    0.32    0.42    3.13 ^ _187_/X (sky130_fd_sc_hd__a21bo_2)
                                         _085_ (net)
                  0.32    0.01    3.14 ^ _202_/A (sky130_fd_sc_hd__clkbuf_4)
    10    0.07    0.22    0.37    3.50 ^ _202_/X (sky130_fd_sc_hd__clkbuf_4)
                                         _095_ (net)
                  0.22    0.01    3.51 ^ _205_/A (sky130_fd_sc_hd__and3_1)
     1    0.01    0.11    0.24    3.76 ^ _205_/X (sky130_fd_sc_hd__and3_1)
                                         _098_ (net)
                  0.11    0.00    3.76 ^ _206_/A (sky130_fd_sc_hd__clkbuf_1)
     1    0.01    0.18    0.20    3.96 ^ _206_/X (sky130_fd_sc_hd__clkbuf_1)
                                         _021_ (net)
                  0.18    0.00    3.96 ^ _334_/D (sky130_fd_sc_hd__dfrtp_4)
                                  3.96   data arrival time

                         10.00   10.00   clock clk (rise edge)
                          0.00   10.00   clock source latency
     1    0.03    0.12    0.08   10.08 ^ clk (in)
                                         clk (net)
                  0.12    0.00   10.08 ^ clkbuf_0_clk/A (sky130_fd_sc_hd__clkbuf_16)
     4    0.05    0.07    0.17   10.25 ^ clkbuf_0_clk/X (sky130_fd_sc_hd__clkbuf_16)
                                         clknet_0_clk (net)
                  0.07    0.00   10.25 ^ clkbuf_2_1__f_clk/A (sky130_fd_sc_hd__clkbuf_16)
    11    0.04    0.06    0.14   10.40 ^ clkbuf_2_1__f_clk/X (sky130_fd_sc_hd__clkbuf_16)
                                         clknet_2_1__leaf_clk (net)
                  0.06    0.00   10.40 ^ _334_/CLK (sky130_fd_sc_hd__dfrtp_4)
                         -0.25   10.15   clock uncertainty
                          0.03   10.17   clock reconvergence pessimism
                         -0.09   10.08   library setup time
                                 10.08   data required time
-----------------------------------------------------------------------------
                                 10.08   data required time
                                 -3.96   data arrival time
-----------------------------------------------------------------------------
                                  6.12   slack (MET)


Startpoint: _343_ (rising edge-triggered flip-flop clocked by clk)
Endpoint: _344_ (rising edge-triggered flip-flop clocked by clk)
Path Group: clk
Path Type: max
Corner: Typical

Fanout     Cap    Slew   Delay    Time   Description
-----------------------------------------------------------------------------
                          0.00    0.00   clock clk (rise edge)
                          0.00    0.00   clock source latency
     1    0.03    0.12    0.09    0.09 ^ clk (in)
                                         clk (net)
                  0.12    0.00    0.09 ^ clkbuf_0_clk/A (sky130_fd_sc_hd__clkbuf_16)
     4    0.05    0.07    0.19    0.28 ^ clkbuf_0_clk/X (sky130_fd_sc_hd__clkbuf_16)
                                         clknet_0_clk (net)
                  0.07    0.00    0.28 ^ clkbuf_2_0__f_clk/A (sky130_fd_sc_hd__clkbuf_16)
     9    0.05    0.07    0.16    0.44 ^ clkbuf_2_0__f_clk/X (sky130_fd_sc_hd__clkbuf_16)
                                         clknet_2_0__leaf_clk (net)
                  0.07    0.00    0.45 ^ _343_/CLK (sky130_fd_sc_hd__dfrtp_1)
     4    0.02    0.13    0.47    0.92 v _343_/Q (sky130_fd_sc_hd__dfrtp_1)
                                         one_second_counter[13] (net)
                  0.13    0.00    0.92 v _180_/D (sky130_fd_sc_hd__and4_1)
     2    0.03    0.13    0.34    1.26 v _180_/X (sky130_fd_sc_hd__and4_1)
                                         _078_ (net)
                  0.13    0.00    1.26 v _181_/D (sky130_fd_sc_hd__or4_2)
     1    0.03    0.17    0.71    1.96 v _181_/X (sky130_fd_sc_hd__or4_2)
                                         _079_ (net)
                  0.17    0.00    1.97 v _184_/A3 (sky130_fd_sc_hd__o31a_1)
     1    0.03    0.14    0.41    2.38 v _184_/X (sky130_fd_sc_hd__o31a_1)
                                         _082_ (net)
                  0.14    0.00    2.38 v _186_/A2 (sky130_fd_sc_hd__o211ai_2)
     2    0.02    0.31    0.33    2.71 ^ _186_/Y (sky130_fd_sc_hd__o211ai_2)
                                         _084_ (net)
                  0.31    0.00    2.71 ^ _187_/A2 (sky130_fd_sc_hd__a21bo_2)
     9    0.06    0.32    0.42    3.13 ^ _187_/X (sky130_fd_sc_hd__a21bo_2)
                                         _085_ (net)
                  0.32    0.01    3.14 ^ _202_/A (sky130_fd_sc_hd__clkbuf_4)
    10    0.07    0.22    0.37    3.50 ^ _202_/X (sky130_fd_sc_hd__clkbuf_4)
                                         _095_ (net)
                  0.22    0.01    3.51 ^ _241_/A (sky130_fd_sc_hd__and3_1)
     1    0.01    0.12    0.26    3.77 ^ _241_/X (sky130_fd_sc_hd__and3_1)
                                         _124_ (net)
                  0.12    0.00    3.77 ^ _242_/A (sky130_fd_sc_hd__clkbuf_1)
     1    0.01    0.16    0.19    3.96 ^ _242_/X (sky130_fd_sc_hd__clkbuf_1)
                                         _005_ (net)
                  0.16    0.00    3.96 ^ _344_/D (sky130_fd_sc_hd__dfrtp_1)
                                  3.96   data arrival time

                         10.00   10.00   clock clk (rise edge)
                          0.00   10.00   clock source latency
     1    0.03    0.12    0.08   10.08 ^ clk (in)
                                         clk (net)
                  0.12    0.00   10.08 ^ clkbuf_0_clk/A (sky130_fd_sc_hd__clkbuf_16)
     4    0.05    0.07    0.17   10.25 ^ clkbuf_0_clk/X (sky130_fd_sc_hd__clkbuf_16)
                                         clknet_0_clk (net)
                  0.07    0.00   10.25 ^ clkbuf_2_1__f_clk/A (sky130_fd_sc_hd__clkbuf_16)
    11    0.04    0.06    0.14   10.40 ^ clkbuf_2_1__f_clk/X (sky130_fd_sc_hd__clkbuf_16)
                                         clknet_2_1__leaf_clk (net)
                  0.06    0.00   10.40 ^ _344_/CLK (sky130_fd_sc_hd__dfrtp_1)
                         -0.25   10.15   clock uncertainty
                          0.03   10.17   clock reconvergence pessimism
                         -0.08   10.09   library setup time
                                 10.09   data required time
-----------------------------------------------------------------------------
                                 10.09   data required time
                                 -3.96   data arrival time
-----------------------------------------------------------------------------
                                  6.13   slack (MET)


Startpoint: _342_ (rising edge-triggered flip-flop clocked by clk)
Endpoint: _351_ (rising edge-triggered flip-flop clocked by clk)
Path Group: clk
Path Type: max
Corner: Typical

Fanout     Cap    Slew   Delay    Time   Description
-----------------------------------------------------------------------------
                          0.00    0.00   clock clk (rise edge)
                          0.00    0.00   clock source latency
     1    0.03    0.12    0.09    0.09 ^ clk (in)
                                         clk (net)
                  0.12    0.00    0.09 ^ clkbuf_0_clk/A (sky130_fd_sc_hd__clkbuf_16)
     4    0.05    0.07    0.19    0.28 ^ clkbuf_0_clk/X (sky130_fd_sc_hd__clkbuf_16)
                                         clknet_0_clk (net)
                  0.07    0.00    0.28 ^ clkbuf_2_1__f_clk/A (sky130_fd_sc_hd__clkbuf_16)
    11    0.04    0.06    0.16    0.44 ^ clkbuf_2_1__f_clk/X (sky130_fd_sc_hd__clkbuf_16)
                                         clknet_2_1__leaf_clk (net)
                  0.06    0.00    0.44 ^ _342_/CLK (sky130_fd_sc_hd__dfrtp_2)
     5    0.04    0.12    0.50    0.94 v _342_/Q (sky130_fd_sc_hd__dfrtp_2)
                                         one_second_counter[12] (net)
                  0.12    0.00    0.94 v _180_/C (sky130_fd_sc_hd__and4_1)
     2    0.03    0.13    0.32    1.26 v _180_/X (sky130_fd_sc_hd__and4_1)
                                         _078_ (net)
                  0.13    0.00    1.27 v _181_/D (sky130_fd_sc_hd__or4_2)
     1    0.03    0.17    0.71    1.97 v _181_/X (sky130_fd_sc_hd__or4_2)
                                         _079_ (net)
                  0.17    0.00    1.98 v _184_/A3 (sky130_fd_sc_hd__o31a_1)
     1    0.03    0.14    0.41    2.38 v _184_/X (sky130_fd_sc_hd__o31a_1)
                                         _082_ (net)
                  0.14    0.00    2.39 v _186_/A2 (sky130_fd_sc_hd__o211ai_2)
     2    0.02    0.31    0.33    2.72 ^ _186_/Y (sky130_fd_sc_hd__o211ai_2)
                                         _084_ (net)
                  0.31    0.00    2.72 ^ _187_/A2 (sky130_fd_sc_hd__a21bo_2)
     9    0.06    0.32    0.42    3.14 ^ _187_/X (sky130_fd_sc_hd__a21bo_2)
                                         _085_ (net)
                  0.32    0.00    3.14 ^ _188_/A (sky130_fd_sc_hd__inv_2)
     2    0.03    0.12    0.15    3.30 v _188_/Y (sky130_fd_sc_hd__inv_2)
                                         _086_ (net)
                  0.12    0.00    3.30 v _189_/A (sky130_fd_sc_hd__buf_4)
    10    0.08    0.11    0.25    3.55 v _189_/X (sky130_fd_sc_hd__buf_4)
                                         _027_ (net)
                  0.11    0.00    3.55 v _268_/C1 (sky130_fd_sc_hd__a211oi_2)
     1    0.02    0.38    0.36    3.91 ^ _268_/Y (sky130_fd_sc_hd__a211oi_2)
                                         _013_ (net)
                  0.38    0.00    3.91 ^ _351_/D (sky130_fd_sc_hd__dfrtp_2)
                                  3.91   data arrival time

                         10.00   10.00   clock clk (rise edge)
                          0.00   10.00   clock source latency
     1    0.03    0.12    0.08   10.08 ^ clk (in)
                                         clk (net)
                  0.12    0.00   10.08 ^ clkbuf_0_clk/A (sky130_fd_sc_hd__clkbuf_16)
     4    0.05    0.07    0.17   10.25 ^ clkbuf_0_clk/X (sky130_fd_sc_hd__clkbuf_16)
                                         clknet_0_clk (net)
                  0.07    0.00   10.25 ^ clkbuf_2_2__f_clk/A (sky130_fd_sc_hd__clkbuf_16)
     7    0.05    0.07    0.15   10.40 ^ clkbuf_2_2__f_clk/X (sky130_fd_sc_hd__clkbuf_16)
                                         clknet_2_2__leaf_clk (net)
                  0.07    0.01   10.41 ^ _351_/CLK (sky130_fd_sc_hd__dfrtp_2)
                         -0.25   10.16   clock uncertainty
                          0.03   10.19   clock reconvergence pessimism
                         -0.14   10.05   library setup time
                                 10.05   data required time
-----------------------------------------------------------------------------
                                 10.05   data required time
                                 -3.91   data arrival time
-----------------------------------------------------------------------------
                                  6.14   slack (MET)


Startpoint: _342_ (rising edge-triggered flip-flop clocked by clk)
Endpoint: _343_ (rising edge-triggered flip-flop clocked by clk)
Path Group: clk
Path Type: max
Corner: Typical

Fanout     Cap    Slew   Delay    Time   Description
-----------------------------------------------------------------------------
                          0.00    0.00   clock clk (rise edge)
                          0.00    0.00   clock source latency
     1    0.03    0.12    0.09    0.09 ^ clk (in)
                                         clk (net)
                  0.12    0.00    0.09 ^ clkbuf_0_clk/A (sky130_fd_sc_hd__clkbuf_16)
     4    0.05    0.07    0.19    0.28 ^ clkbuf_0_clk/X (sky130_fd_sc_hd__clkbuf_16)
                                         clknet_0_clk (net)
                  0.07    0.00    0.28 ^ clkbuf_2_1__f_clk/A (sky130_fd_sc_hd__clkbuf_16)
    11    0.04    0.06    0.16    0.44 ^ clkbuf_2_1__f_clk/X (sky130_fd_sc_hd__clkbuf_16)
                                         clknet_2_1__leaf_clk (net)
                  0.06    0.00    0.44 ^ _342_/CLK (sky130_fd_sc_hd__dfrtp_2)
     5    0.04    0.12    0.50    0.94 v _342_/Q (sky130_fd_sc_hd__dfrtp_2)
                                         one_second_counter[12] (net)
                  0.12    0.00    0.94 v _180_/C (sky130_fd_sc_hd__and4_1)
     2    0.03    0.13    0.32    1.26 v _180_/X (sky130_fd_sc_hd__and4_1)
                                         _078_ (net)
                  0.13    0.00    1.27 v _181_/D (sky130_fd_sc_hd__or4_2)
     1    0.03    0.17    0.71    1.97 v _181_/X (sky130_fd_sc_hd__or4_2)
                                         _079_ (net)
                  0.17    0.00    1.98 v _184_/A3 (sky130_fd_sc_hd__o31a_1)
     1    0.03    0.14    0.41    2.38 v _184_/X (sky130_fd_sc_hd__o31a_1)
                                         _082_ (net)
                  0.14    0.00    2.39 v _186_/A2 (sky130_fd_sc_hd__o211ai_2)
     2    0.02    0.31    0.33    2.72 ^ _186_/Y (sky130_fd_sc_hd__o211ai_2)
                                         _084_ (net)
                  0.31    0.00    2.72 ^ _187_/A2 (sky130_fd_sc_hd__a21bo_2)
     9    0.06    0.32    0.42    3.14 ^ _187_/X (sky130_fd_sc_hd__a21bo_2)
                                         _085_ (net)
                  0.32    0.01    3.14 ^ _202_/A (sky130_fd_sc_hd__clkbuf_4)
    10    0.07    0.22    0.37    3.51 ^ _202_/X (sky130_fd_sc_hd__clkbuf_4)
                                         _095_ (net)
                  0.22    0.01    3.52 ^ _236_/A (sky130_fd_sc_hd__and3_1)
     1    0.01    0.12    0.26    3.78 ^ _236_/X (sky130_fd_sc_hd__and3_1)
                                         _120_ (net)
                  0.12    0.00    3.78 ^ _237_/A (sky130_fd_sc_hd__clkbuf_1)
     1    0.01    0.09    0.14    3.92 ^ _237_/X (sky130_fd_sc_hd__clkbuf_1)
                                         _004_ (net)
                  0.09    0.00    3.92 ^ _343_/D (sky130_fd_sc_hd__dfrtp_1)
                                  3.92   data arrival time

                         10.00   10.00   clock clk (rise edge)
                          0.00   10.00   clock source latency
     1    0.03    0.12    0.08   10.08 ^ clk (in)
                                         clk (net)
                  0.12    0.00   10.08 ^ clkbuf_0_clk/A (sky130_fd_sc_hd__clkbuf_16)
     4    0.05    0.07    0.17   10.25 ^ clkbuf_0_clk/X (sky130_fd_sc_hd__clkbuf_16)
                                         clknet_0_clk (net)
                  0.07    0.00   10.25 ^ clkbuf_2_0__f_clk/A (sky130_fd_sc_hd__clkbuf_16)
     9    0.05    0.07    0.15   10.40 ^ clkbuf_2_0__f_clk/X (sky130_fd_sc_hd__clkbuf_16)
                                         clknet_2_0__leaf_clk (net)
                  0.07    0.00   10.40 ^ _343_/CLK (sky130_fd_sc_hd__dfrtp_1)
                         -0.25   10.15   clock uncertainty
                          0.03   10.18   clock reconvergence pessimism
                         -0.07   10.11   library setup time
                                 10.11   data required time
-----------------------------------------------------------------------------
                                 10.11   data required time
                                 -3.92   data arrival time
-----------------------------------------------------------------------------
                                  6.19   slack (MET)


Startpoint: _342_ (rising edge-triggered flip-flop clocked by clk)
Endpoint: _341_ (rising edge-triggered flip-flop clocked by clk)
Path Group: clk
Path Type: max
Corner: Typical

Fanout     Cap    Slew   Delay    Time   Description
-----------------------------------------------------------------------------
                          0.00    0.00   clock clk (rise edge)
                          0.00    0.00   clock source latency
     1    0.03    0.12    0.09    0.09 ^ clk (in)
                                         clk (net)
                  0.12    0.00    0.09 ^ clkbuf_0_clk/A (sky130_fd_sc_hd__clkbuf_16)
     4    0.05    0.07    0.19    0.28 ^ clkbuf_0_clk/X (sky130_fd_sc_hd__clkbuf_16)
                                         clknet_0_clk (net)
                  0.07    0.00    0.28 ^ clkbuf_2_1__f_clk/A (sky130_fd_sc_hd__clkbuf_16)
    11    0.04    0.06    0.16    0.44 ^ clkbuf_2_1__f_clk/X (sky130_fd_sc_hd__clkbuf_16)
                                         clknet_2_1__leaf_clk (net)
                  0.06    0.00    0.44 ^ _342_/CLK (sky130_fd_sc_hd__dfrtp_2)
     5    0.04    0.12    0.50    0.94 v _342_/Q (sky130_fd_sc_hd__dfrtp_2)
                                         one_second_counter[12] (net)
                  0.12    0.00    0.94 v _180_/C (sky130_fd_sc_hd__and4_1)
     2    0.03    0.13    0.32    1.26 v _180_/X (sky130_fd_sc_hd__and4_1)
                                         _078_ (net)
                  0.13    0.00    1.27 v _181_/D (sky130_fd_sc_hd__or4_2)
     1    0.03    0.17    0.71    1.97 v _181_/X (sky130_fd_sc_hd__or4_2)
                                         _079_ (net)
                  0.17    0.00    1.98 v _184_/A3 (sky130_fd_sc_hd__o31a_1)
     1    0.03    0.14    0.41    2.38 v _184_/X (sky130_fd_sc_hd__o31a_1)
                                         _082_ (net)
                  0.14    0.00    2.39 v _186_/A2 (sky130_fd_sc_hd__o211ai_2)
     2    0.02    0.31    0.33    2.72 ^ _186_/Y (sky130_fd_sc_hd__o211ai_2)
                                         _084_ (net)
                  0.31    0.00    2.72 ^ _187_/A2 (sky130_fd_sc_hd__a21bo_2)
     9    0.06    0.32    0.42    3.14 ^ _187_/X (sky130_fd_sc_hd__a21bo_2)
                                         _085_ (net)
                  0.32    0.00    3.14 ^ _188_/A (sky130_fd_sc_hd__inv_2)
     2    0.03    0.12    0.15    3.30 v _188_/Y (sky130_fd_sc_hd__inv_2)
                                         _086_ (net)
                  0.12    0.00    3.30 v _189_/A (sky130_fd_sc_hd__buf_4)
    10    0.08    0.11    0.25    3.55 v _189_/X (sky130_fd_sc_hd__buf_4)
                                         _027_ (net)
                  0.11    0.00    3.55 v _229_/A (sky130_fd_sc_hd__nor3_1)
     1    0.01    0.28    0.32    3.87 ^ _229_/Y (sky130_fd_sc_hd__nor3_1)
                                         _002_ (net)
                  0.28    0.00    3.87 ^ _341_/D (sky130_fd_sc_hd__dfrtp_4)
                                  3.87   data arrival time

                         10.00   10.00   clock clk (rise edge)
                          0.00   10.00   clock source latency
     1    0.03    0.12    0.08   10.08 ^ clk (in)
                                         clk (net)
                  0.12    0.00   10.08 ^ clkbuf_0_clk/A (sky130_fd_sc_hd__clkbuf_16)
     4    0.05    0.07    0.17   10.25 ^ clkbuf_0_clk/X (sky130_fd_sc_hd__clkbuf_16)
                                         clknet_0_clk (net)
                  0.07    0.00   10.25 ^ clkbuf_2_0__f_clk/A (sky130_fd_sc_hd__clkbuf_16)
     9    0.05    0.07    0.15   10.40 ^ clkbuf_2_0__f_clk/X (sky130_fd_sc_hd__clkbuf_16)
                                         clknet_2_0__leaf_clk (net)
                  0.07    0.00   10.40 ^ _341_/CLK (sky130_fd_sc_hd__dfrtp_4)
                         -0.25   10.15   clock uncertainty
                          0.03   10.18   clock reconvergence pessimism
                         -0.12   10.07   library setup time
                                 10.07   data required time
-----------------------------------------------------------------------------
                                 10.07   data required time
                                 -3.87   data arrival time
-----------------------------------------------------------------------------
                                  6.20   slack (MET)


Startpoint: _342_ (rising edge-triggered flip-flop clocked by clk)
Endpoint: _352_ (rising edge-triggered flip-flop clocked by clk)
Path Group: clk
Path Type: max
Corner: Typical

Fanout     Cap    Slew   Delay    Time   Description
-----------------------------------------------------------------------------
                          0.00    0.00   clock clk (rise edge)
                          0.00    0.00   clock source latency
     1    0.03    0.12    0.09    0.09 ^ clk (in)
                                         clk (net)
                  0.12    0.00    0.09 ^ clkbuf_0_clk/A (sky130_fd_sc_hd__clkbuf_16)
     4    0.05    0.07    0.19    0.28 ^ clkbuf_0_clk/X (sky130_fd_sc_hd__clkbuf_16)
                                         clknet_0_clk (net)
                  0.07    0.00    0.28 ^ clkbuf_2_1__f_clk/A (sky130_fd_sc_hd__clkbuf_16)
    11    0.04    0.06    0.16    0.44 ^ clkbuf_2_1__f_clk/X (sky130_fd_sc_hd__clkbuf_16)
                                         clknet_2_1__leaf_clk (net)
                  0.06    0.00    0.44 ^ _342_/CLK (sky130_fd_sc_hd__dfrtp_2)
     5    0.04    0.12    0.50    0.94 v _342_/Q (sky130_fd_sc_hd__dfrtp_2)
                                         one_second_counter[12] (net)
                  0.12    0.00    0.94 v _180_/C (sky130_fd_sc_hd__and4_1)
     2    0.03    0.13    0.32    1.26 v _180_/X (sky130_fd_sc_hd__and4_1)
                                         _078_ (net)
                  0.13    0.00    1.27 v _181_/D (sky130_fd_sc_hd__or4_2)
     1    0.03    0.17    0.71    1.97 v _181_/X (sky130_fd_sc_hd__or4_2)
                                         _079_ (net)
                  0.17    0.00    1.98 v _184_/A3 (sky130_fd_sc_hd__o31a_1)
     1    0.03    0.14    0.41    2.38 v _184_/X (sky130_fd_sc_hd__o31a_1)
                                         _082_ (net)
                  0.14    0.00    2.39 v _186_/A2 (sky130_fd_sc_hd__o211ai_2)
     2    0.02    0.31    0.33    2.72 ^ _186_/Y (sky130_fd_sc_hd__o211ai_2)
                                         _084_ (net)
                  0.31    0.00    2.72 ^ _187_/A2 (sky130_fd_sc_hd__a21bo_2)
     9    0.06    0.32    0.42    3.14 ^ _187_/X (sky130_fd_sc_hd__a21bo_2)
                                         _085_ (net)
                  0.32    0.00    3.14 ^ _271_/A (sky130_fd_sc_hd__and3_1)
     1    0.02    0.23    0.36    3.51 ^ _271_/X (sky130_fd_sc_hd__and3_1)
                                         _146_ (net)
                  0.23    0.00    3.51 ^ _272_/A (sky130_fd_sc_hd__buf_1)
     1    0.02    0.29    0.30    3.81 ^ _272_/X (sky130_fd_sc_hd__buf_1)
                                         _014_ (net)
                  0.29    0.00    3.81 ^ _352_/D (sky130_fd_sc_hd__dfrtp_1)
                                  3.81   data arrival time

                         10.00   10.00   clock clk (rise edge)
                          0.00   10.00   clock source latency
     1    0.03    0.12    0.08   10.08 ^ clk (in)
                                         clk (net)
                  0.12    0.00   10.08 ^ clkbuf_0_clk/A (sky130_fd_sc_hd__clkbuf_16)
     4    0.05    0.07    0.17   10.25 ^ clkbuf_0_clk/X (sky130_fd_sc_hd__clkbuf_16)
                                         clknet_0_clk (net)
                  0.07    0.00   10.25 ^ clkbuf_2_0__f_clk/A (sky130_fd_sc_hd__clkbuf_16)
     9    0.05    0.07    0.15   10.40 ^ clkbuf_2_0__f_clk/X (sky130_fd_sc_hd__clkbuf_16)
                                         clknet_2_0__leaf_clk (net)
                  0.07    0.00   10.40 ^ _352_/CLK (sky130_fd_sc_hd__dfrtp_1)
                         -0.25   10.15   clock uncertainty
                          0.03   10.18   clock reconvergence pessimism
                         -0.11   10.07   library setup time
                                 10.07   data required time
-----------------------------------------------------------------------------
                                 10.07   data required time
                                 -3.81   data arrival time
-----------------------------------------------------------------------------
                                  6.26   slack (MET)


Startpoint: _342_ (rising edge-triggered flip-flop clocked by clk)
Endpoint: _348_ (rising edge-triggered flip-flop clocked by clk)
Path Group: clk
Path Type: max
Corner: Typical

Fanout     Cap    Slew   Delay    Time   Description
-----------------------------------------------------------------------------
                          0.00    0.00   clock clk (rise edge)
                          0.00    0.00   clock source latency
     1    0.03    0.12    0.09    0.09 ^ clk (in)
                                         clk (net)
                  0.12    0.00    0.09 ^ clkbuf_0_clk/A (sky130_fd_sc_hd__clkbuf_16)
     4    0.05    0.07    0.19    0.28 ^ clkbuf_0_clk/X (sky130_fd_sc_hd__clkbuf_16)
                                         clknet_0_clk (net)
                  0.07    0.00    0.28 ^ clkbuf_2_1__f_clk/A (sky130_fd_sc_hd__clkbuf_16)
    11    0.04    0.06    0.16    0.44 ^ clkbuf_2_1__f_clk/X (sky130_fd_sc_hd__clkbuf_16)
                                         clknet_2_1__leaf_clk (net)
                  0.06    0.00    0.44 ^ _342_/CLK (sky130_fd_sc_hd__dfrtp_2)
     5    0.04    0.12    0.50    0.94 v _342_/Q (sky130_fd_sc_hd__dfrtp_2)
                                         one_second_counter[12] (net)
                  0.12    0.00    0.94 v _180_/C (sky130_fd_sc_hd__and4_1)
     2    0.03    0.13    0.32    1.26 v _180_/X (sky130_fd_sc_hd__and4_1)
                                         _078_ (net)
                  0.13    0.00    1.27 v _181_/D (sky130_fd_sc_hd__or4_2)
     1    0.03    0.17    0.71    1.97 v _181_/X (sky130_fd_sc_hd__or4_2)
                                         _079_ (net)
                  0.17    0.00    1.98 v _184_/A3 (sky130_fd_sc_hd__o31a_1)
     1    0.03    0.14    0.41    2.38 v _184_/X (sky130_fd_sc_hd__o31a_1)
                                         _082_ (net)
                  0.14    0.00    2.39 v _186_/A2 (sky130_fd_sc_hd__o211ai_2)
     2    0.02    0.31    0.33    2.72 ^ _186_/Y (sky130_fd_sc_hd__o211ai_2)
                                         _084_ (net)
                  0.31    0.00    2.72 ^ _187_/A2 (sky130_fd_sc_hd__a21bo_2)
     9    0.06    0.32    0.42    3.14 ^ _187_/X (sky130_fd_sc_hd__a21bo_2)
                                         _085_ (net)
                  0.32    0.01    3.14 ^ _202_/A (sky130_fd_sc_hd__clkbuf_4)
    10    0.07    0.22    0.37    3.51 ^ _202_/X (sky130_fd_sc_hd__clkbuf_4)
                                         _095_ (net)
                  0.22    0.01    3.52 ^ _255_/C1 (sky130_fd_sc_hd__o211a_1)
     1    0.02    0.14    0.27    3.79 ^ _255_/X (sky130_fd_sc_hd__o211a_1)
                                         _009_ (net)
                  0.14    0.00    3.79 ^ _348_/D (sky130_fd_sc_hd__dfrtp_4)
                                  3.79   data arrival time

                         10.00   10.00   clock clk (rise edge)
                          0.00   10.00   clock source latency
     1    0.03    0.12    0.08   10.08 ^ clk (in)
                                         clk (net)
                  0.12    0.00   10.08 ^ clkbuf_0_clk/A (sky130_fd_sc_hd__clkbuf_16)
     4    0.05    0.07    0.17   10.25 ^ clkbuf_0_clk/X (sky130_fd_sc_hd__clkbuf_16)
                                         clknet_0_clk (net)
                  0.07    0.00   10.25 ^ clkbuf_2_0__f_clk/A (sky130_fd_sc_hd__clkbuf_16)
     9    0.05    0.07    0.15   10.40 ^ clkbuf_2_0__f_clk/X (sky130_fd_sc_hd__clkbuf_16)
                                         clknet_2_0__leaf_clk (net)
                  0.07    0.00   10.40 ^ _348_/CLK (sky130_fd_sc_hd__dfrtp_4)
                         -0.25   10.15   clock uncertainty
                          0.03   10.18   clock reconvergence pessimism
                         -0.08   10.10   library setup time
                                 10.10   data required time
-----------------------------------------------------------------------------
                                 10.10   data required time
                                 -3.79   data arrival time
-----------------------------------------------------------------------------
                                  6.31   slack (MET)


Startpoint: _343_ (rising edge-triggered flip-flop clocked by clk)
Endpoint: _330_ (rising edge-triggered flip-flop clocked by clk)
Path Group: clk
Path Type: max
Corner: Typical

Fanout     Cap    Slew   Delay    Time   Description
-----------------------------------------------------------------------------
                          0.00    0.00   clock clk (rise edge)
                          0.00    0.00   clock source latency
     1    0.03    0.12    0.09    0.09 ^ clk (in)
                                         clk (net)
                  0.12    0.00    0.09 ^ clkbuf_0_clk/A (sky130_fd_sc_hd__clkbuf_16)
     4    0.05    0.07    0.19    0.28 ^ clkbuf_0_clk/X (sky130_fd_sc_hd__clkbuf_16)
                                         clknet_0_clk (net)
                  0.07    0.00    0.28 ^ clkbuf_2_0__f_clk/A (sky130_fd_sc_hd__clkbuf_16)
     9    0.05    0.07    0.16    0.44 ^ clkbuf_2_0__f_clk/X (sky130_fd_sc_hd__clkbuf_16)
                                         clknet_2_0__leaf_clk (net)
                  0.07    0.00    0.45 ^ _343_/CLK (sky130_fd_sc_hd__dfrtp_1)
     4    0.02    0.13    0.47    0.92 v _343_/Q (sky130_fd_sc_hd__dfrtp_1)
                                         one_second_counter[13] (net)
                  0.13    0.00    0.92 v _180_/D (sky130_fd_sc_hd__and4_1)
     2    0.03    0.13    0.34    1.26 v _180_/X (sky130_fd_sc_hd__and4_1)
                                         _078_ (net)
                  0.13    0.00    1.26 v _181_/D (sky130_fd_sc_hd__or4_2)
     1    0.03    0.17    0.71    1.96 v _181_/X (sky130_fd_sc_hd__or4_2)
                                         _079_ (net)
                  0.17    0.00    1.97 v _184_/A3 (sky130_fd_sc_hd__o31a_1)
     1    0.03    0.14    0.41    2.38 v _184_/X (sky130_fd_sc_hd__o31a_1)
                                         _082_ (net)
                  0.14    0.00    2.38 v _186_/A2 (sky130_fd_sc_hd__o211ai_2)
     2    0.02    0.31    0.33    2.71 ^ _186_/Y (sky130_fd_sc_hd__o211ai_2)
                                         _084_ (net)
                  0.31    0.00    2.71 ^ _187_/A2 (sky130_fd_sc_hd__a21bo_2)
     9    0.06    0.32    0.42    3.13 ^ _187_/X (sky130_fd_sc_hd__a21bo_2)
                                         _085_ (net)
                  0.32    0.00    3.13 ^ _188_/A (sky130_fd_sc_hd__inv_2)
     2    0.03    0.12    0.15    3.29 v _188_/Y (sky130_fd_sc_hd__inv_2)
                                         _086_ (net)
                  0.12    0.00    3.29 v _189_/A (sky130_fd_sc_hd__buf_4)
    10    0.08    0.11    0.25    3.54 v _189_/X (sky130_fd_sc_hd__buf_4)
                                         _027_ (net)
                  0.11    0.01    3.55 v _190_/B (sky130_fd_sc_hd__nor2_1)
     1    0.01    0.20    0.21    3.75 ^ _190_/Y (sky130_fd_sc_hd__nor2_1)
                                         _000_ (net)
                  0.20    0.00    3.75 ^ _330_/D (sky130_fd_sc_hd__dfrtp_4)
                                  3.75   data arrival time

                         10.00   10.00   clock clk (rise edge)
                          0.00   10.00   clock source latency
     1    0.03    0.12    0.08   10.08 ^ clk (in)
                                         clk (net)
                  0.12    0.00   10.08 ^ clkbuf_0_clk/A (sky130_fd_sc_hd__clkbuf_16)
     4    0.05    0.07    0.17   10.25 ^ clkbuf_0_clk/X (sky130_fd_sc_hd__clkbuf_16)
                                         clknet_0_clk (net)
                  0.07    0.00   10.25 ^ clkbuf_2_1__f_clk/A (sky130_fd_sc_hd__clkbuf_16)
    11    0.04    0.06    0.14   10.40 ^ clkbuf_2_1__f_clk/X (sky130_fd_sc_hd__clkbuf_16)
                                         clknet_2_1__leaf_clk (net)
                  0.06    0.00   10.40 ^ _330_/CLK (sky130_fd_sc_hd__dfrtp_4)
                         -0.25   10.15   clock uncertainty
                          0.03   10.17   clock reconvergence pessimism
                         -0.10   10.08   library setup time
                                 10.08   data required time
-----------------------------------------------------------------------------
                                 10.08   data required time
                                 -3.75   data arrival time
-----------------------------------------------------------------------------
                                  6.32   slack (MET)


Startpoint: _342_ (rising edge-triggered flip-flop clocked by clk)
Endpoint: _350_ (rising edge-triggered flip-flop clocked by clk)
Path Group: clk
Path Type: max
Corner: Typical

Fanout     Cap    Slew   Delay    Time   Description
-----------------------------------------------------------------------------
                          0.00    0.00   clock clk (rise edge)
                          0.00    0.00   clock source latency
     1    0.03    0.12    0.09    0.09 ^ clk (in)
                                         clk (net)
                  0.12    0.00    0.09 ^ clkbuf_0_clk/A (sky130_fd_sc_hd__clkbuf_16)
     4    0.05    0.07    0.19    0.28 ^ clkbuf_0_clk/X (sky130_fd_sc_hd__clkbuf_16)
                                         clknet_0_clk (net)
                  0.07    0.00    0.28 ^ clkbuf_2_1__f_clk/A (sky130_fd_sc_hd__clkbuf_16)
    11    0.04    0.06    0.16    0.44 ^ clkbuf_2_1__f_clk/X (sky130_fd_sc_hd__clkbuf_16)
                                         clknet_2_1__leaf_clk (net)
                  0.06    0.00    0.44 ^ _342_/CLK (sky130_fd_sc_hd__dfrtp_2)
     5    0.04    0.12    0.50    0.94 v _342_/Q (sky130_fd_sc_hd__dfrtp_2)
                                         one_second_counter[12] (net)
                  0.12    0.00    0.94 v _180_/C (sky130_fd_sc_hd__and4_1)
     2    0.03    0.13    0.32    1.26 v _180_/X (sky130_fd_sc_hd__and4_1)
                                         _078_ (net)
                  0.13    0.00    1.27 v _181_/D (sky130_fd_sc_hd__or4_2)
     1    0.03    0.17    0.71    1.97 v _181_/X (sky130_fd_sc_hd__or4_2)
                                         _079_ (net)
                  0.17    0.00    1.98 v _184_/A3 (sky130_fd_sc_hd__o31a_1)
     1    0.03    0.14    0.41    2.38 v _184_/X (sky130_fd_sc_hd__o31a_1)
                                         _082_ (net)
                  0.14    0.00    2.39 v _186_/A2 (sky130_fd_sc_hd__o211ai_2)
     2    0.02    0.31    0.33    2.72 ^ _186_/Y (sky130_fd_sc_hd__o211ai_2)
                                         _084_ (net)
                  0.31    0.00    2.72 ^ _187_/A2 (sky130_fd_sc_hd__a21bo_2)
     9    0.06    0.32    0.42    3.14 ^ _187_/X (sky130_fd_sc_hd__a21bo_2)
                                         _085_ (net)
                  0.32    0.00    3.14 ^ _264_/A (sky130_fd_sc_hd__and3_1)
     1    0.03    0.27    0.39    3.54 ^ _264_/X (sky130_fd_sc_hd__and3_1)
                                         _141_ (net)
                  0.27    0.00    3.54 ^ _265_/A (sky130_fd_sc_hd__clkbuf_1)
     1    0.01    0.13    0.19    3.73 ^ _265_/X (sky130_fd_sc_hd__clkbuf_1)
                                         _012_ (net)
                  0.13    0.00    3.73 ^ _350_/D (sky130_fd_sc_hd__dfrtp_2)
                                  3.73   data arrival time

                         10.00   10.00   clock clk (rise edge)
                          0.00   10.00   clock source latency
     1    0.03    0.12    0.08   10.08 ^ clk (in)
                                         clk (net)
                  0.12    0.00   10.08 ^ clkbuf_0_clk/A (sky130_fd_sc_hd__clkbuf_16)
     4    0.05    0.07    0.17   10.25 ^ clkbuf_0_clk/X (sky130_fd_sc_hd__clkbuf_16)
                                         clknet_0_clk (net)
                  0.07    0.00   10.25 ^ clkbuf_2_3__f_clk/A (sky130_fd_sc_hd__clkbuf_16)
     8    0.04    0.06    0.15   10.40 ^ clkbuf_2_3__f_clk/X (sky130_fd_sc_hd__clkbuf_16)
                                         clknet_2_3__leaf_clk (net)
                  0.06    0.00   10.40 ^ _350_/CLK (sky130_fd_sc_hd__dfrtp_2)
                         -0.25   10.15   clock uncertainty
                          0.03   10.18   clock reconvergence pessimism
                         -0.08   10.10   library setup time
                                 10.10   data required time
-----------------------------------------------------------------------------
                                 10.10   data required time
                                 -3.73   data arrival time
-----------------------------------------------------------------------------
                                  6.37   slack (MET)


Startpoint: _343_ (rising edge-triggered flip-flop clocked by clk)
Endpoint: _347_ (rising edge-triggered flip-flop clocked by clk)
Path Group: clk
Path Type: max
Corner: Typical

Fanout     Cap    Slew   Delay    Time   Description
-----------------------------------------------------------------------------
                          0.00    0.00   clock clk (rise edge)
                          0.00    0.00   clock source latency
     1    0.03    0.12    0.09    0.09 ^ clk (in)
                                         clk (net)
                  0.12    0.00    0.09 ^ clkbuf_0_clk/A (sky130_fd_sc_hd__clkbuf_16)
     4    0.05    0.07    0.19    0.28 ^ clkbuf_0_clk/X (sky130_fd_sc_hd__clkbuf_16)
                                         clknet_0_clk (net)
                  0.07    0.00    0.28 ^ clkbuf_2_0__f_clk/A (sky130_fd_sc_hd__clkbuf_16)
     9    0.05    0.07    0.16    0.44 ^ clkbuf_2_0__f_clk/X (sky130_fd_sc_hd__clkbuf_16)
                                         clknet_2_0__leaf_clk (net)
                  0.07    0.00    0.45 ^ _343_/CLK (sky130_fd_sc_hd__dfrtp_1)
     4    0.02    0.13    0.47    0.92 v _343_/Q (sky130_fd_sc_hd__dfrtp_1)
                                         one_second_counter[13] (net)
                  0.13    0.00    0.92 v _180_/D (sky130_fd_sc_hd__and4_1)
     2    0.03    0.13    0.34    1.26 v _180_/X (sky130_fd_sc_hd__and4_1)
                                         _078_ (net)
                  0.13    0.00    1.26 v _181_/D (sky130_fd_sc_hd__or4_2)
     1    0.03    0.17    0.71    1.96 v _181_/X (sky130_fd_sc_hd__or4_2)
                                         _079_ (net)
                  0.17    0.00    1.97 v _184_/A3 (sky130_fd_sc_hd__o31a_1)
     1    0.03    0.14    0.41    2.38 v _184_/X (sky130_fd_sc_hd__o31a_1)
                                         _082_ (net)
                  0.14    0.00    2.38 v _186_/A2 (sky130_fd_sc_hd__o211ai_2)
     2    0.02    0.31    0.33    2.71 ^ _186_/Y (sky130_fd_sc_hd__o211ai_2)
                                         _084_ (net)
                  0.31    0.00    2.71 ^ _187_/A2 (sky130_fd_sc_hd__a21bo_2)
     9    0.06    0.32    0.42    3.13 ^ _187_/X (sky130_fd_sc_hd__a21bo_2)
                                         _085_ (net)
                  0.32    0.00    3.13 ^ _188_/A (sky130_fd_sc_hd__inv_2)
     2    0.03    0.12    0.15    3.29 v _188_/Y (sky130_fd_sc_hd__inv_2)
                                         _086_ (net)
                  0.12    0.00    3.29 v _189_/A (sky130_fd_sc_hd__buf_4)
    10    0.08    0.11    0.25    3.54 v _189_/X (sky130_fd_sc_hd__buf_4)
                                         _027_ (net)
                  0.11    0.01    3.55 v _252_/A (sky130_fd_sc_hd__nor2_1)
     1    0.01    0.12    0.16    3.71 ^ _252_/Y (sky130_fd_sc_hd__nor2_1)
                                         _008_ (net)
                  0.12    0.00    3.71 ^ _347_/D (sky130_fd_sc_hd__dfrtp_4)
                                  3.71   data arrival time

                         10.00   10.00   clock clk (rise edge)
                          0.00   10.00   clock source latency
     1    0.03    0.12    0.08   10.08 ^ clk (in)
                                         clk (net)
                  0.12    0.00   10.08 ^ clkbuf_0_clk/A (sky130_fd_sc_hd__clkbuf_16)
     4    0.05    0.07    0.17   10.25 ^ clkbuf_0_clk/X (sky130_fd_sc_hd__clkbuf_16)
                                         clknet_0_clk (net)
                  0.07    0.00   10.25 ^ clkbuf_2_1__f_clk/A (sky130_fd_sc_hd__clkbuf_16)
    11    0.04    0.06    0.14   10.40 ^ clkbuf_2_1__f_clk/X (sky130_fd_sc_hd__clkbuf_16)
                                         clknet_2_1__leaf_clk (net)
                  0.06    0.00   10.40 ^ _347_/CLK (sky130_fd_sc_hd__dfrtp_4)
                         -0.25   10.15   clock uncertainty
                          0.03   10.17   clock reconvergence pessimism
                         -0.08   10.09   library setup time
                                 10.09   data required time
-----------------------------------------------------------------------------
                                 10.09   data required time
                                 -3.71   data arrival time
-----------------------------------------------------------------------------
                                  6.39   slack (MET)


Startpoint: _343_ (rising edge-triggered flip-flop clocked by clk)
Endpoint: _356_ (rising edge-triggered flip-flop clocked by clk)
Path Group: clk
Path Type: max
Corner: Typical

Fanout     Cap    Slew   Delay    Time   Description
-----------------------------------------------------------------------------
                          0.00    0.00   clock clk (rise edge)
                          0.00    0.00   clock source latency
     1    0.03    0.12    0.09    0.09 ^ clk (in)
                                         clk (net)
                  0.12    0.00    0.09 ^ clkbuf_0_clk/A (sky130_fd_sc_hd__clkbuf_16)
     4    0.05    0.07    0.19    0.28 ^ clkbuf_0_clk/X (sky130_fd_sc_hd__clkbuf_16)
                                         clknet_0_clk (net)
                  0.07    0.00    0.28 ^ clkbuf_2_0__f_clk/A (sky130_fd_sc_hd__clkbuf_16)
     9    0.05    0.07    0.16    0.44 ^ clkbuf_2_0__f_clk/X (sky130_fd_sc_hd__clkbuf_16)
                                         clknet_2_0__leaf_clk (net)
                  0.07    0.00    0.45 ^ _343_/CLK (sky130_fd_sc_hd__dfrtp_1)
     4    0.02    0.13    0.47    0.92 v _343_/Q (sky130_fd_sc_hd__dfrtp_1)
                                         one_second_counter[13] (net)
                  0.13    0.00    0.92 v _180_/D (sky130_fd_sc_hd__and4_1)
     2    0.03    0.13    0.34    1.26 v _180_/X (sky130_fd_sc_hd__and4_1)
                                         _078_ (net)
                  0.13    0.00    1.26 v _181_/D (sky130_fd_sc_hd__or4_2)
     1    0.03    0.17    0.71    1.96 v _181_/X (sky130_fd_sc_hd__or4_2)
                                         _079_ (net)
                  0.17    0.00    1.97 v _184_/A3 (sky130_fd_sc_hd__o31a_1)
     1    0.03    0.14    0.41    2.38 v _184_/X (sky130_fd_sc_hd__o31a_1)
                                         _082_ (net)
                  0.14    0.00    2.38 v _186_/A2 (sky130_fd_sc_hd__o211ai_2)
     2    0.02    0.31    0.33    2.71 ^ _186_/Y (sky130_fd_sc_hd__o211ai_2)
                                         _084_ (net)
                  0.31    0.00    2.71 ^ _187_/A2 (sky130_fd_sc_hd__a21bo_2)
     9    0.06    0.32    0.42    3.13 ^ _187_/X (sky130_fd_sc_hd__a21bo_2)
                                         _085_ (net)
                  0.32    0.01    3.14 ^ _202_/A (sky130_fd_sc_hd__clkbuf_4)
    10    0.07    0.22    0.37    3.50 ^ _202_/X (sky130_fd_sc_hd__clkbuf_4)
                                         _095_ (net)
                  0.22    0.01    3.51 ^ _284_/B1 (sky130_fd_sc_hd__o211a_1)
     1    0.00    0.06    0.20    3.72 ^ _284_/X (sky130_fd_sc_hd__o211a_1)
                                         _018_ (net)
                  0.06    0.00    3.72 ^ _356_/D (sky130_fd_sc_hd__dfrtp_1)
                                  3.72   data arrival time

                         10.00   10.00   clock clk (rise edge)
                          0.00   10.00   clock source latency
     1    0.03    0.12    0.08   10.08 ^ clk (in)
                                         clk (net)
                  0.12    0.00   10.08 ^ clkbuf_0_clk/A (sky130_fd_sc_hd__clkbuf_16)
     4    0.05    0.07    0.17   10.25 ^ clkbuf_0_clk/X (sky130_fd_sc_hd__clkbuf_16)
                                         clknet_0_clk (net)
                  0.07    0.00   10.25 ^ clkbuf_2_1__f_clk/A (sky130_fd_sc_hd__clkbuf_16)
    11    0.04    0.06    0.14   10.40 ^ clkbuf_2_1__f_clk/X (sky130_fd_sc_hd__clkbuf_16)
                                         clknet_2_1__leaf_clk (net)
                  0.06    0.00   10.40 ^ _356_/CLK (sky130_fd_sc_hd__dfrtp_1)
                         -0.25   10.15   clock uncertainty
                          0.03   10.17   clock reconvergence pessimism
                         -0.06   10.11   library setup time
                                 10.11   data required time
-----------------------------------------------------------------------------
                                 10.11   data required time
                                 -3.72   data arrival time
-----------------------------------------------------------------------------
                                  6.40   slack (MET)


Startpoint: _342_ (rising edge-triggered flip-flop clocked by clk)
Endpoint: _338_ (rising edge-triggered flip-flop clocked by clk)
Path Group: clk
Path Type: max
Corner: Typical

Fanout     Cap    Slew   Delay    Time   Description
-----------------------------------------------------------------------------
                          0.00    0.00   clock clk (rise edge)
                          0.00    0.00   clock source latency
     1    0.03    0.12    0.09    0.09 ^ clk (in)
                                         clk (net)
                  0.12    0.00    0.09 ^ clkbuf_0_clk/A (sky130_fd_sc_hd__clkbuf_16)
     4    0.05    0.07    0.19    0.28 ^ clkbuf_0_clk/X (sky130_fd_sc_hd__clkbuf_16)
                                         clknet_0_clk (net)
                  0.07    0.00    0.28 ^ clkbuf_2_1__f_clk/A (sky130_fd_sc_hd__clkbuf_16)
    11    0.04    0.06    0.16    0.44 ^ clkbuf_2_1__f_clk/X (sky130_fd_sc_hd__clkbuf_16)
                                         clknet_2_1__leaf_clk (net)
                  0.06    0.00    0.44 ^ _342_/CLK (sky130_fd_sc_hd__dfrtp_2)
     5    0.04    0.12    0.50    0.94 v _342_/Q (sky130_fd_sc_hd__dfrtp_2)
                                         one_second_counter[12] (net)
                  0.12    0.00    0.94 v _180_/C (sky130_fd_sc_hd__and4_1)
     2    0.03    0.13    0.32    1.26 v _180_/X (sky130_fd_sc_hd__and4_1)
                                         _078_ (net)
                  0.13    0.00    1.27 v _181_/D (sky130_fd_sc_hd__or4_2)
     1    0.03    0.17    0.71    1.97 v _181_/X (sky130_fd_sc_hd__or4_2)
                                         _079_ (net)
                  0.17    0.00    1.98 v _184_/A3 (sky130_fd_sc_hd__o31a_1)
     1    0.03    0.14    0.41    2.38 v _184_/X (sky130_fd_sc_hd__o31a_1)
                                         _082_ (net)
                  0.14    0.00    2.39 v _186_/A2 (sky130_fd_sc_hd__o211ai_2)
     2    0.02    0.31    0.33    2.72 ^ _186_/Y (sky130_fd_sc_hd__o211ai_2)
                                         _084_ (net)
                  0.31    0.00    2.72 ^ _187_/A2 (sky130_fd_sc_hd__a21bo_2)
     9    0.06    0.32    0.42    3.14 ^ _187_/X (sky130_fd_sc_hd__a21bo_2)
                                         _085_ (net)
                  0.32    0.00    3.14 ^ _218_/B (sky130_fd_sc_hd__and3_1)
     1    0.02    0.19    0.33    3.47 ^ _218_/X (sky130_fd_sc_hd__and3_1)
                                         _107_ (net)
                  0.19    0.00    3.48 ^ _219_/A (sky130_fd_sc_hd__clkbuf_1)
     1    0.01    0.16    0.20    3.68 ^ _219_/X (sky130_fd_sc_hd__clkbuf_1)
                                         _025_ (net)
                  0.16    0.00    3.68 ^ _338_/D (sky130_fd_sc_hd__dfrtp_4)
                                  3.68   data arrival time

                         10.00   10.00   clock clk (rise edge)
                          0.00   10.00   clock source latency
     1    0.03    0.12    0.08   10.08 ^ clk (in)
                                         clk (net)
                  0.12    0.00   10.08 ^ clkbuf_0_clk/A (sky130_fd_sc_hd__clkbuf_16)
     4    0.05    0.07    0.17   10.25 ^ clkbuf_0_clk/X (sky130_fd_sc_hd__clkbuf_16)
                                         clknet_0_clk (net)
                  0.07    0.00   10.25 ^ clkbuf_2_3__f_clk/A (sky130_fd_sc_hd__clkbuf_16)
     8    0.04    0.06    0.15   10.40 ^ clkbuf_2_3__f_clk/X (sky130_fd_sc_hd__clkbuf_16)
                                         clknet_2_3__leaf_clk (net)
                  0.06    0.00   10.40 ^ _338_/CLK (sky130_fd_sc_hd__dfrtp_4)
                         -0.25   10.15   clock uncertainty
                          0.03   10.18   clock reconvergence pessimism
                         -0.09   10.09   library setup time
                                 10.09   data required time
-----------------------------------------------------------------------------
                                 10.09   data required time
                                 -3.68   data arrival time
-----------------------------------------------------------------------------
                                  6.41   slack (MET)


Startpoint: _342_ (rising edge-triggered flip-flop clocked by clk)
Endpoint: _333_ (rising edge-triggered flip-flop clocked by clk)
Path Group: clk
Path Type: max
Corner: Typical

Fanout     Cap    Slew   Delay    Time   Description
-----------------------------------------------------------------------------
                          0.00    0.00   clock clk (rise edge)
                          0.00    0.00   clock source latency
     1    0.03    0.12    0.09    0.09 ^ clk (in)
                                         clk (net)
                  0.12    0.00    0.09 ^ clkbuf_0_clk/A (sky130_fd_sc_hd__clkbuf_16)
     4    0.05    0.07    0.19    0.28 ^ clkbuf_0_clk/X (sky130_fd_sc_hd__clkbuf_16)
                                         clknet_0_clk (net)
                  0.07    0.00    0.28 ^ clkbuf_2_1__f_clk/A (sky130_fd_sc_hd__clkbuf_16)
    11    0.04    0.06    0.16    0.44 ^ clkbuf_2_1__f_clk/X (sky130_fd_sc_hd__clkbuf_16)
                                         clknet_2_1__leaf_clk (net)
                  0.06    0.00    0.44 ^ _342_/CLK (sky130_fd_sc_hd__dfrtp_2)
     5    0.04    0.12    0.50    0.94 v _342_/Q (sky130_fd_sc_hd__dfrtp_2)
                                         one_second_counter[12] (net)
                  0.12    0.00    0.94 v _180_/C (sky130_fd_sc_hd__and4_1)
     2    0.03    0.13    0.32    1.26 v _180_/X (sky130_fd_sc_hd__and4_1)
                                         _078_ (net)
                  0.13    0.00    1.27 v _181_/D (sky130_fd_sc_hd__or4_2)
     1    0.03    0.17    0.71    1.97 v _181_/X (sky130_fd_sc_hd__or4_2)
                                         _079_ (net)
                  0.17    0.00    1.98 v _184_/A3 (sky130_fd_sc_hd__o31a_1)
     1    0.03    0.14    0.41    2.38 v _184_/X (sky130_fd_sc_hd__o31a_1)
                                         _082_ (net)
                  0.14    0.00    2.39 v _186_/A2 (sky130_fd_sc_hd__o211ai_2)
     2    0.02    0.31    0.33    2.72 ^ _186_/Y (sky130_fd_sc_hd__o211ai_2)
                                         _084_ (net)
                  0.31    0.00    2.72 ^ _187_/A2 (sky130_fd_sc_hd__a21bo_2)
     9    0.06    0.32    0.42    3.14 ^ _187_/X (sky130_fd_sc_hd__a21bo_2)
                                         _085_ (net)
                  0.32    0.00    3.14 ^ _200_/B (sky130_fd_sc_hd__and3b_1)
     1    0.02    0.17    0.32    3.46 ^ _200_/X (sky130_fd_sc_hd__and3b_1)
                                         _094_ (net)
                  0.17    0.00    3.46 ^ _201_/A (sky130_fd_sc_hd__clkbuf_1)
     1    0.01    0.11    0.16    3.62 ^ _201_/X (sky130_fd_sc_hd__clkbuf_1)
                                         _020_ (net)
                  0.11    0.00    3.62 ^ _333_/D (sky130_fd_sc_hd__dfrtp_1)
                                  3.62   data arrival time

                         10.00   10.00   clock clk (rise edge)
                          0.00   10.00   clock source latency
     1    0.03    0.12    0.08   10.08 ^ clk (in)
                                         clk (net)
                  0.12    0.00   10.08 ^ clkbuf_0_clk/A (sky130_fd_sc_hd__clkbuf_16)
     4    0.05    0.07    0.17   10.25 ^ clkbuf_0_clk/X (sky130_fd_sc_hd__clkbuf_16)
                                         clknet_0_clk (net)
                  0.07    0.00   10.25 ^ clkbuf_2_3__f_clk/A (sky130_fd_sc_hd__clkbuf_16)
     8    0.04    0.06    0.15   10.40 ^ clkbuf_2_3__f_clk/X (sky130_fd_sc_hd__clkbuf_16)
                                         clknet_2_3__leaf_clk (net)
                  0.06    0.00   10.40 ^ _333_/CLK (sky130_fd_sc_hd__dfrtp_1)
                         -0.25   10.15   clock uncertainty
                          0.03   10.18   clock reconvergence pessimism
                         -0.07   10.11   library setup time
                                 10.11   data required time
-----------------------------------------------------------------------------
                                 10.11   data required time
                                 -3.62   data arrival time
-----------------------------------------------------------------------------
                                  6.48   slack (MET)


Startpoint: _342_ (rising edge-triggered flip-flop clocked by clk)
Endpoint: _357_ (rising edge-triggered flip-flop clocked by clk)
Path Group: clk
Path Type: max
Corner: Typical

Fanout     Cap    Slew   Delay    Time   Description
-----------------------------------------------------------------------------
                          0.00    0.00   clock clk (rise edge)
                          0.00    0.00   clock source latency
     1    0.03    0.12    0.09    0.09 ^ clk (in)
                                         clk (net)
                  0.12    0.00    0.09 ^ clkbuf_0_clk/A (sky130_fd_sc_hd__clkbuf_16)
     4    0.05    0.07    0.19    0.28 ^ clkbuf_0_clk/X (sky130_fd_sc_hd__clkbuf_16)
                                         clknet_0_clk (net)
                  0.07    0.00    0.28 ^ clkbuf_2_1__f_clk/A (sky130_fd_sc_hd__clkbuf_16)
    11    0.04    0.06    0.16    0.44 ^ clkbuf_2_1__f_clk/X (sky130_fd_sc_hd__clkbuf_16)
                                         clknet_2_1__leaf_clk (net)
                  0.06    0.00    0.44 ^ _342_/CLK (sky130_fd_sc_hd__dfrtp_2)
     5    0.04    0.12    0.50    0.94 v _342_/Q (sky130_fd_sc_hd__dfrtp_2)
                                         one_second_counter[12] (net)
                  0.12    0.00    0.94 v _180_/C (sky130_fd_sc_hd__and4_1)
     2    0.03    0.13    0.32    1.26 v _180_/X (sky130_fd_sc_hd__and4_1)
                                         _078_ (net)
                  0.13    0.00    1.27 v _181_/D (sky130_fd_sc_hd__or4_2)
     1    0.03    0.17    0.71    1.97 v _181_/X (sky130_fd_sc_hd__or4_2)
                                         _079_ (net)
                  0.17    0.00    1.98 v _184_/A3 (sky130_fd_sc_hd__o31a_1)
     1    0.03    0.14    0.41    2.38 v _184_/X (sky130_fd_sc_hd__o31a_1)
                                         _082_ (net)
                  0.14    0.00    2.39 v _186_/A2 (sky130_fd_sc_hd__o211ai_2)
     2    0.02    0.31    0.33    2.72 ^ _186_/Y (sky130_fd_sc_hd__o211ai_2)
                                         _084_ (net)
                  0.31    0.00    2.72 ^ _187_/A2 (sky130_fd_sc_hd__a21bo_2)
     9    0.06    0.32    0.42    3.14 ^ _187_/X (sky130_fd_sc_hd__a21bo_2)
                                         _085_ (net)
                  0.32    0.00    3.14 ^ _188_/A (sky130_fd_sc_hd__inv_2)
     2    0.03    0.12    0.15    3.30 v _188_/Y (sky130_fd_sc_hd__inv_2)
                                         _086_ (net)
                  0.12    0.00    3.30 v _189_/A (sky130_fd_sc_hd__buf_4)
    10    0.08    0.11    0.25    3.55 v _189_/X (sky130_fd_sc_hd__buf_4)
                                         _027_ (net)
                  0.11    0.02    3.56 v _357_/D (sky130_fd_sc_hd__dfrtp_4)
                                  3.56   data arrival time

                         10.00   10.00   clock clk (rise edge)
                          0.00   10.00   clock source latency
     1    0.03    0.12    0.08   10.08 ^ clk (in)
                                         clk (net)
                  0.12    0.00   10.08 ^ clkbuf_0_clk/A (sky130_fd_sc_hd__clkbuf_16)
     4    0.05    0.07    0.17   10.25 ^ clkbuf_0_clk/X (sky130_fd_sc_hd__clkbuf_16)
                                         clknet_0_clk (net)
                  0.07    0.00   10.25 ^ clkbuf_2_2__f_clk/A (sky130_fd_sc_hd__clkbuf_16)
     7    0.05    0.07    0.15   10.40 ^ clkbuf_2_2__f_clk/X (sky130_fd_sc_hd__clkbuf_16)
                                         clknet_2_2__leaf_clk (net)
                  0.08    0.01   10.41 ^ _357_/CLK (sky130_fd_sc_hd__dfrtp_4)
                         -0.25   10.16   clock uncertainty
                          0.03   10.19   clock reconvergence pessimism
                         -0.14   10.05   library setup time
                                 10.05   data required time
-----------------------------------------------------------------------------
                                 10.05   data required time
                                 -3.56   data arrival time
-----------------------------------------------------------------------------
                                  6.49   slack (MET)


Startpoint: _343_ (rising edge-triggered flip-flop clocked by clk)
Endpoint: _332_ (rising edge-triggered flip-flop clocked by clk)
Path Group: clk
Path Type: max
Corner: Typical

Fanout     Cap    Slew   Delay    Time   Description
-----------------------------------------------------------------------------
                          0.00    0.00   clock clk (rise edge)
                          0.00    0.00   clock source latency
     1    0.03    0.12    0.09    0.09 ^ clk (in)
                                         clk (net)
                  0.12    0.00    0.09 ^ clkbuf_0_clk/A (sky130_fd_sc_hd__clkbuf_16)
     4    0.05    0.07    0.19    0.28 ^ clkbuf_0_clk/X (sky130_fd_sc_hd__clkbuf_16)
                                         clknet_0_clk (net)
                  0.07    0.00    0.28 ^ clkbuf_2_0__f_clk/A (sky130_fd_sc_hd__clkbuf_16)
     9    0.05    0.07    0.16    0.44 ^ clkbuf_2_0__f_clk/X (sky130_fd_sc_hd__clkbuf_16)
                                         clknet_2_0__leaf_clk (net)
                  0.07    0.00    0.45 ^ _343_/CLK (sky130_fd_sc_hd__dfrtp_1)
     4    0.02    0.13    0.47    0.92 v _343_/Q (sky130_fd_sc_hd__dfrtp_1)
                                         one_second_counter[13] (net)
                  0.13    0.00    0.92 v _180_/D (sky130_fd_sc_hd__and4_1)
     2    0.03    0.13    0.34    1.26 v _180_/X (sky130_fd_sc_hd__and4_1)
                                         _078_ (net)
                  0.13    0.00    1.26 v _181_/D (sky130_fd_sc_hd__or4_2)
     1    0.03    0.17    0.71    1.96 v _181_/X (sky130_fd_sc_hd__or4_2)
                                         _079_ (net)
                  0.17    0.00    1.97 v _184_/A3 (sky130_fd_sc_hd__o31a_1)
     1    0.03    0.14    0.41    2.38 v _184_/X (sky130_fd_sc_hd__o31a_1)
                                         _082_ (net)
                  0.14    0.00    2.38 v _186_/A2 (sky130_fd_sc_hd__o211ai_2)
     2    0.02    0.31    0.33    2.71 ^ _186_/Y (sky130_fd_sc_hd__o211ai_2)
                                         _084_ (net)
                  0.31    0.00    2.71 ^ _187_/A2 (sky130_fd_sc_hd__a21bo_2)
     9    0.06    0.32    0.42    3.13 ^ _187_/X (sky130_fd_sc_hd__a21bo_2)
                                         _085_ (net)
                  0.32    0.00    3.13 ^ _197_/B (sky130_fd_sc_hd__and3_1)
     1    0.01    0.08    0.25    3.38 ^ _197_/X (sky130_fd_sc_hd__and3_1)
                                         _092_ (net)
                  0.08    0.00    3.38 ^ _198_/A (sky130_fd_sc_hd__buf_1)
     1    0.02    0.19    0.20    3.58 ^ _198_/X (sky130_fd_sc_hd__buf_1)
                                         _019_ (net)
                  0.19    0.00    3.58 ^ _332_/D (sky130_fd_sc_hd__dfrtp_4)
                                  3.58   data arrival time

                         10.00   10.00   clock clk (rise edge)
                          0.00   10.00   clock source latency
     1    0.03    0.12    0.08   10.08 ^ clk (in)
                                         clk (net)
                  0.12    0.00   10.08 ^ clkbuf_0_clk/A (sky130_fd_sc_hd__clkbuf_16)
     4    0.05    0.07    0.17   10.25 ^ clkbuf_0_clk/X (sky130_fd_sc_hd__clkbuf_16)
                                         clknet_0_clk (net)
                  0.07    0.00   10.25 ^ clkbuf_2_1__f_clk/A (sky130_fd_sc_hd__clkbuf_16)
    11    0.04    0.06    0.14   10.40 ^ clkbuf_2_1__f_clk/X (sky130_fd_sc_hd__clkbuf_16)
                                         clknet_2_1__leaf_clk (net)
                  0.06    0.00   10.40 ^ _332_/CLK (sky130_fd_sc_hd__dfrtp_4)
                         -0.25   10.15   clock uncertainty
                          0.03   10.17   clock reconvergence pessimism
                         -0.09   10.08   library setup time
                                 10.08   data required time
-----------------------------------------------------------------------------
                                 10.08   data required time
                                 -3.58   data arrival time
-----------------------------------------------------------------------------
                                  6.49   slack (MET)


Startpoint: _331_ (rising edge-triggered flip-flop clocked by clk)
Endpoint: _355_ (rising edge-triggered flip-flop clocked by clk)
Path Group: clk
Path Type: max
Corner: Typical

Fanout     Cap    Slew   Delay    Time   Description
-----------------------------------------------------------------------------
                          0.00    0.00   clock clk (rise edge)
                          0.00    0.00   clock source latency
     1    0.03    0.12    0.09    0.09 ^ clk (in)
                                         clk (net)
                  0.12    0.00    0.09 ^ clkbuf_0_clk/A (sky130_fd_sc_hd__clkbuf_16)
     4    0.05    0.07    0.19    0.28 ^ clkbuf_0_clk/X (sky130_fd_sc_hd__clkbuf_16)
                                         clknet_0_clk (net)
                  0.07    0.00    0.28 ^ clkbuf_2_2__f_clk/A (sky130_fd_sc_hd__clkbuf_16)
     7    0.05    0.07    0.17    0.45 ^ clkbuf_2_2__f_clk/X (sky130_fd_sc_hd__clkbuf_16)
                                         clknet_2_2__leaf_clk (net)
                  0.07    0.01    0.46 ^ _331_/CLK (sky130_fd_sc_hd__dfrtp_4)
     6    0.06    0.20    0.56    1.02 ^ _331_/Q (sky130_fd_sc_hd__dfrtp_4)
                                         one_second_counter[1] (net)
                  0.20    0.01    1.03 ^ _177_/C (sky130_fd_sc_hd__and4_2)
     7    0.06    0.31    0.49    1.51 ^ _177_/X (sky130_fd_sc_hd__and4_2)
                                         _075_ (net)
                  0.31    0.00    1.52 ^ _221_/C (sky130_fd_sc_hd__and4_4)
     6    0.06    0.19    0.42    1.93 ^ _221_/X (sky130_fd_sc_hd__and4_4)
                                         _109_ (net)
                  0.19    0.01    1.95 ^ _244_/D (sky130_fd_sc_hd__and4_1)
     1    0.01    0.16    0.32    2.27 ^ _244_/X (sky130_fd_sc_hd__and4_1)
                                         _126_ (net)
                  0.16    0.00    2.27 ^ _245_/A (sky130_fd_sc_hd__buf_4)
    10    0.08    0.23    0.29    2.56 ^ _245_/X (sky130_fd_sc_hd__buf_4)
                                         _127_ (net)
                  0.23    0.01    2.56 ^ _277_/B (sky130_fd_sc_hd__and3_2)
     4    0.04    0.23    0.39    2.95 ^ _277_/X (sky130_fd_sc_hd__and3_2)
                                         _150_ (net)
                  0.23    0.01    2.96 ^ _279_/B (sky130_fd_sc_hd__or2_1)
     1    0.01    0.14    0.22    3.18 ^ _279_/X (sky130_fd_sc_hd__or2_1)
                                         _151_ (net)
                  0.14    0.00    3.18 ^ _281_/B (sky130_fd_sc_hd__and3_1)
     1    0.01    0.14    0.25    3.43 ^ _281_/X (sky130_fd_sc_hd__and3_1)
                                         _153_ (net)
                  0.14    0.00    3.44 ^ _282_/A (sky130_fd_sc_hd__clkbuf_1)
     1    0.01    0.11    0.16    3.60 ^ _282_/X (sky130_fd_sc_hd__clkbuf_1)
                                         _017_ (net)
                  0.11    0.00    3.60 ^ _355_/D (sky130_fd_sc_hd__dfrtp_4)
                                  3.60   data arrival time

                         10.00   10.00   clock clk (rise edge)
                          0.00   10.00   clock source latency
     1    0.03    0.12    0.08   10.08 ^ clk (in)
                                         clk (net)
                  0.12    0.00   10.08 ^ clkbuf_0_clk/A (sky130_fd_sc_hd__clkbuf_16)
     4    0.05    0.07    0.17   10.25 ^ clkbuf_0_clk/X (sky130_fd_sc_hd__clkbuf_16)
                                         clknet_0_clk (net)
                  0.07    0.00   10.25 ^ clkbuf_2_1__f_clk/A (sky130_fd_sc_hd__clkbuf_16)
    11    0.04    0.06    0.14   10.40 ^ clkbuf_2_1__f_clk/X (sky130_fd_sc_hd__clkbuf_16)
                                         clknet_2_1__leaf_clk (net)
                  0.06    0.00   10.40 ^ _355_/CLK (sky130_fd_sc_hd__dfrtp_4)
                         -0.25   10.15   clock uncertainty
                          0.03   10.17   clock reconvergence pessimism
                         -0.08   10.10   library setup time
                                 10.10   data required time
-----------------------------------------------------------------------------
                                 10.10   data required time
                                 -3.60   data arrival time
-----------------------------------------------------------------------------
                                  6.50   slack (MET)


Startpoint: _342_ (rising edge-triggered flip-flop clocked by clk)
Endpoint: _331_ (rising edge-triggered flip-flop clocked by clk)
Path Group: clk
Path Type: max
Corner: Typical

Fanout     Cap    Slew   Delay    Time   Description
-----------------------------------------------------------------------------
                          0.00    0.00   clock clk (rise edge)
                          0.00    0.00   clock source latency
     1    0.03    0.12    0.09    0.09 ^ clk (in)
                                         clk (net)
                  0.12    0.00    0.09 ^ clkbuf_0_clk/A (sky130_fd_sc_hd__clkbuf_16)
     4    0.05    0.07    0.19    0.28 ^ clkbuf_0_clk/X (sky130_fd_sc_hd__clkbuf_16)
                                         clknet_0_clk (net)
                  0.07    0.00    0.28 ^ clkbuf_2_1__f_clk/A (sky130_fd_sc_hd__clkbuf_16)
    11    0.04    0.06    0.16    0.44 ^ clkbuf_2_1__f_clk/X (sky130_fd_sc_hd__clkbuf_16)
                                         clknet_2_1__leaf_clk (net)
                  0.06    0.00    0.44 ^ _342_/CLK (sky130_fd_sc_hd__dfrtp_2)
     5    0.04    0.12    0.50    0.94 v _342_/Q (sky130_fd_sc_hd__dfrtp_2)
                                         one_second_counter[12] (net)
                  0.12    0.00    0.94 v _180_/C (sky130_fd_sc_hd__and4_1)
     2    0.03    0.13    0.32    1.26 v _180_/X (sky130_fd_sc_hd__and4_1)
                                         _078_ (net)
                  0.13    0.00    1.27 v _181_/D (sky130_fd_sc_hd__or4_2)
     1    0.03    0.17    0.71    1.97 v _181_/X (sky130_fd_sc_hd__or4_2)
                                         _079_ (net)
                  0.17    0.00    1.98 v _184_/A3 (sky130_fd_sc_hd__o31a_1)
     1    0.03    0.14    0.41    2.38 v _184_/X (sky130_fd_sc_hd__o31a_1)
                                         _082_ (net)
                  0.14    0.00    2.39 v _186_/A2 (sky130_fd_sc_hd__o211ai_2)
     2    0.02    0.31    0.33    2.72 ^ _186_/Y (sky130_fd_sc_hd__o211ai_2)
                                         _084_ (net)
                  0.31    0.00    2.72 ^ _187_/A2 (sky130_fd_sc_hd__a21bo_2)
     9    0.06    0.32    0.42    3.14 ^ _187_/X (sky130_fd_sc_hd__a21bo_2)
                                         _085_ (net)
                  0.32    0.00    3.14 ^ _193_/B (sky130_fd_sc_hd__and3_1)
     1    0.01    0.13    0.29    3.43 ^ _193_/X (sky130_fd_sc_hd__and3_1)
                                         _089_ (net)
                  0.13    0.00    3.43 ^ _194_/A (sky130_fd_sc_hd__clkbuf_1)
     1    0.01    0.13    0.17    3.60 ^ _194_/X (sky130_fd_sc_hd__clkbuf_1)
                                         _011_ (net)
                  0.13    0.00    3.60 ^ _331_/D (sky130_fd_sc_hd__dfrtp_4)
                                  3.60   data arrival time

                         10.00   10.00   clock clk (rise edge)
                          0.00   10.00   clock source latency
     1    0.03    0.12    0.08   10.08 ^ clk (in)
                                         clk (net)
                  0.12    0.00   10.08 ^ clkbuf_0_clk/A (sky130_fd_sc_hd__clkbuf_16)
     4    0.05    0.07    0.17   10.25 ^ clkbuf_0_clk/X (sky130_fd_sc_hd__clkbuf_16)
                                         clknet_0_clk (net)
                  0.07    0.00   10.25 ^ clkbuf_2_2__f_clk/A (sky130_fd_sc_hd__clkbuf_16)
     7    0.05    0.07    0.15   10.40 ^ clkbuf_2_2__f_clk/X (sky130_fd_sc_hd__clkbuf_16)
                                         clknet_2_2__leaf_clk (net)
                  0.07    0.01   10.41 ^ _331_/CLK (sky130_fd_sc_hd__dfrtp_4)
                         -0.25   10.16   clock uncertainty
                          0.03   10.19   clock reconvergence pessimism
                         -0.08   10.11   library setup time
                                 10.11   data required time
-----------------------------------------------------------------------------
                                 10.11   data required time
                                 -3.60   data arrival time
-----------------------------------------------------------------------------
                                  6.51   slack (MET)


Startpoint: _361_ (rising edge-triggered flip-flop clocked by clk)
Endpoint: _360_ (rising edge-triggered flip-flop clocked by clk)
Path Group: clk
Path Type: max
Corner: Typical

Fanout     Cap    Slew   Delay    Time   Description
-----------------------------------------------------------------------------
                          0.00    0.00   clock clk (rise edge)
                          0.00    0.00   clock source latency
     1    0.03    0.12    0.09    0.09 ^ clk (in)
                                         clk (net)
                  0.12    0.00    0.09 ^ clkbuf_0_clk/A (sky130_fd_sc_hd__clkbuf_16)
     4    0.05    0.07    0.19    0.28 ^ clkbuf_0_clk/X (sky130_fd_sc_hd__clkbuf_16)
                                         clknet_0_clk (net)
                  0.07    0.00    0.28 ^ clkbuf_2_0__f_clk/A (sky130_fd_sc_hd__clkbuf_16)
     9    0.05    0.07    0.16    0.44 ^ clkbuf_2_0__f_clk/X (sky130_fd_sc_hd__clkbuf_16)
                                         clknet_2_0__leaf_clk (net)
                  0.07    0.00    0.45 ^ _361_/CLK (sky130_fd_sc_hd__dfrtp_4)
     6    0.05    0.13    0.58    1.03 v _361_/Q (sky130_fd_sc_hd__dfrtp_4)
                                         decoder.digit[3] (net)
                  0.13    0.01    1.04 v _165_/A (sky130_fd_sc_hd__nor2_2)
     2    0.04    0.39    0.39    1.42 ^ _165_/Y (sky130_fd_sc_hd__nor2_2)
                                         _066_ (net)
                  0.39    0.00    1.43 ^ _166_/B (sky130_fd_sc_hd__nand2_2)
     3    0.05    0.22    0.27    1.70 v _166_/Y (sky130_fd_sc_hd__nand2_2)
                                         _067_ (net)
                  0.22    0.01    1.71 v _167_/B (sky130_fd_sc_hd__nor2_2)
     3    0.04    0.40    0.40    2.11 ^ _167_/Y (sky130_fd_sc_hd__nor2_2)
                                         _068_ (net)
                  0.40    0.01    2.12 ^ _168_/A2_N (sky130_fd_sc_hd__o2bb2a_1)
     1    0.02    0.14    0.38    2.49 v _168_/X (sky130_fd_sc_hd__o2bb2a_1)
                                         _069_ (net)
                  0.14    0.00    2.50 v _169_/B (sky130_fd_sc_hd__and2_1)
     1    0.01    0.06    0.23    2.73 v _169_/X (sky130_fd_sc_hd__and2_1)
                                         _070_ (net)
                  0.06    0.00    2.73 v _170_/A (sky130_fd_sc_hd__clkbuf_1)
     1    0.01    0.07    0.14    2.87 v _170_/X (sky130_fd_sc_hd__clkbuf_1)
                                         _062_ (net)
                  0.07    0.00    2.87 v _360_/D (sky130_fd_sc_hd__dfrtp_4)
                                  2.87   data arrival time

                         10.00   10.00   clock clk (rise edge)
                          0.00   10.00   clock source latency
     1    0.03    0.12    0.08   10.08 ^ clk (in)
                                         clk (net)
                  0.12    0.00   10.08 ^ clkbuf_0_clk/A (sky130_fd_sc_hd__clkbuf_16)
     4    0.05    0.07    0.17   10.25 ^ clkbuf_0_clk/X (sky130_fd_sc_hd__clkbuf_16)
                                         clknet_0_clk (net)
                  0.07    0.00   10.25 ^ clkbuf_2_3__f_clk/A (sky130_fd_sc_hd__clkbuf_16)
     8    0.04    0.06    0.15   10.40 ^ clkbuf_2_3__f_clk/X (sky130_fd_sc_hd__clkbuf_16)
                                         clknet_2_3__leaf_clk (net)
                  0.06    0.00   10.40 ^ _360_/CLK (sky130_fd_sc_hd__dfrtp_4)
                         -0.25   10.15   clock uncertainty
                          0.03   10.18   clock reconvergence pessimism
                         -0.12   10.06   library setup time
                                 10.06   data required time
-----------------------------------------------------------------------------
                                 10.06   data required time
                                 -2.87   data arrival time
-----------------------------------------------------------------------------
                                  7.19   slack (MET)


Startpoint: rst (input port clocked by clk)
Endpoint: _340_ (recovery check against rising-edge clock clk)
Path Group: asynchronous
Path Type: max
Corner: Typical

Fanout     Cap    Slew   Delay    Time   Description
-----------------------------------------------------------------------------
                          0.00    0.00   clock clk (rise edge)
                          0.00    0.00   clock network delay (propagated)
                          2.00    2.00 v input external delay
     1    0.00    0.01    0.01    2.01 v rst (in)
                                         rst (net)
                  0.01    0.00    2.01 v input1/A (sky130_fd_sc_hd__clkbuf_4)
     5    0.08    0.15    0.23    2.24 v input1/X (sky130_fd_sc_hd__clkbuf_4)
                                         net1 (net)
                  0.16    0.01    2.25 v _306_/A (sky130_fd_sc_hd__clkbuf_8)
    10    0.09    0.10    0.26    2.51 v _306_/X (sky130_fd_sc_hd__clkbuf_8)
                                         _160_ (net)
                  0.11    0.02    2.53 v _307_/A (sky130_fd_sc_hd__inv_2)
     1    0.04    0.17    0.18    2.71 ^ _307_/Y (sky130_fd_sc_hd__inv_2)
                                         _038_ (net)
                  0.17    0.00    2.71 ^ _340_/RESET_B (sky130_fd_sc_hd__dfrtp_4)
                                  2.71   data arrival time

                         10.00   10.00   clock clk (rise edge)
                          0.00   10.00   clock source latency
     1    0.03    0.12    0.08   10.08 ^ clk (in)
                                         clk (net)
                  0.12    0.00   10.08 ^ clkbuf_0_clk/A (sky130_fd_sc_hd__clkbuf_16)
     4    0.05    0.07    0.17   10.25 ^ clkbuf_0_clk/X (sky130_fd_sc_hd__clkbuf_16)
                                         clknet_0_clk (net)
                  0.07    0.00   10.25 ^ clkbuf_2_0__f_clk/A (sky130_fd_sc_hd__clkbuf_16)
     9    0.05    0.07    0.15   10.40 ^ clkbuf_2_0__f_clk/X (sky130_fd_sc_hd__clkbuf_16)
                                         clknet_2_0__leaf_clk (net)
                  0.07    0.00   10.40 ^ _340_/CLK (sky130_fd_sc_hd__dfrtp_4)
                         -0.25   10.15   clock uncertainty
                          0.00   10.15   clock reconvergence pessimism
                          0.18   10.34   library recovery time
                                 10.34   data required time
-----------------------------------------------------------------------------
                                 10.34   data required time
                                 -2.71   data arrival time
-----------------------------------------------------------------------------
                                  7.63   slack (MET)


Startpoint: rst (input port clocked by clk)
Endpoint: _336_ (recovery check against rising-edge clock clk)
Path Group: asynchronous
Path Type: max
Corner: Typical

Fanout     Cap    Slew   Delay    Time   Description
-----------------------------------------------------------------------------
                          0.00    0.00   clock clk (rise edge)
                          0.00    0.00   clock network delay (propagated)
                          2.00    2.00 v input external delay
     1    0.00    0.01    0.01    2.01 v rst (in)
                                         rst (net)
                  0.01    0.00    2.01 v input1/A (sky130_fd_sc_hd__clkbuf_4)
     5    0.08    0.15    0.23    2.24 v input1/X (sky130_fd_sc_hd__clkbuf_4)
                                         net1 (net)
                  0.16    0.01    2.25 v _295_/A (sky130_fd_sc_hd__buf_4)
    10    0.09    0.12    0.28    2.53 v _295_/X (sky130_fd_sc_hd__buf_4)
                                         _159_ (net)
                  0.12    0.01    2.54 v _302_/A (sky130_fd_sc_hd__inv_2)
     1    0.03    0.13    0.16    2.69 ^ _302_/Y (sky130_fd_sc_hd__inv_2)
                                         _034_ (net)
                  0.13    0.00    2.70 ^ _336_/RESET_B (sky130_fd_sc_hd__dfrtp_2)
                                  2.70   data arrival time

                         10.00   10.00   clock clk (rise edge)
                          0.00   10.00   clock source latency
     1    0.03    0.12    0.08   10.08 ^ clk (in)
                                         clk (net)
                  0.12    0.00   10.08 ^ clkbuf_0_clk/A (sky130_fd_sc_hd__clkbuf_16)
     4    0.05    0.07    0.17   10.25 ^ clkbuf_0_clk/X (sky130_fd_sc_hd__clkbuf_16)
                                         clknet_0_clk (net)
                  0.07    0.00   10.25 ^ clkbuf_2_1__f_clk/A (sky130_fd_sc_hd__clkbuf_16)
    11    0.04    0.06    0.14   10.40 ^ clkbuf_2_1__f_clk/X (sky130_fd_sc_hd__clkbuf_16)
                                         clknet_2_1__leaf_clk (net)
                  0.06    0.00   10.40 ^ _336_/CLK (sky130_fd_sc_hd__dfrtp_2)
                         -0.25   10.15   clock uncertainty
                          0.00   10.15   clock reconvergence pessimism
                          0.20   10.35   library recovery time
                                 10.35   data required time
-----------------------------------------------------------------------------
                                 10.35   data required time
                                 -2.70   data arrival time
-----------------------------------------------------------------------------
                                  7.65   slack (MET)


Startpoint: rst (input port clocked by clk)
Endpoint: _330_ (recovery check against rising-edge clock clk)
Path Group: asynchronous
Path Type: max
Corner: Typical

Fanout     Cap    Slew   Delay    Time   Description
-----------------------------------------------------------------------------
                          0.00    0.00   clock clk (rise edge)
                          0.00    0.00   clock network delay (propagated)
                          2.00    2.00 v input external delay
     1    0.00    0.01    0.01    2.01 v rst (in)
                                         rst (net)
                  0.01    0.00    2.01 v input1/A (sky130_fd_sc_hd__clkbuf_4)
     5    0.08    0.15    0.23    2.24 v input1/X (sky130_fd_sc_hd__clkbuf_4)
                                         net1 (net)
                  0.16    0.01    2.25 v _295_/A (sky130_fd_sc_hd__buf_4)
    10    0.09    0.12    0.28    2.53 v _295_/X (sky130_fd_sc_hd__buf_4)
                                         _159_ (net)
                  0.12    0.00    2.53 v _296_/A (sky130_fd_sc_hd__inv_2)
     1    0.02    0.12    0.14    2.68 ^ _296_/Y (sky130_fd_sc_hd__inv_2)
                                         _028_ (net)
                  0.12    0.00    2.68 ^ _330_/RESET_B (sky130_fd_sc_hd__dfrtp_4)
                                  2.68   data arrival time

                         10.00   10.00   clock clk (rise edge)
                          0.00   10.00   clock source latency
     1    0.03    0.12    0.08   10.08 ^ clk (in)
                                         clk (net)
                  0.12    0.00   10.08 ^ clkbuf_0_clk/A (sky130_fd_sc_hd__clkbuf_16)
     4    0.05    0.07    0.17   10.25 ^ clkbuf_0_clk/X (sky130_fd_sc_hd__clkbuf_16)
                                         clknet_0_clk (net)
                  0.07    0.00   10.25 ^ clkbuf_2_1__f_clk/A (sky130_fd_sc_hd__clkbuf_16)
    11    0.04    0.06    0.14   10.40 ^ clkbuf_2_1__f_clk/X (sky130_fd_sc_hd__clkbuf_16)
                                         clknet_2_1__leaf_clk (net)
                  0.06    0.00   10.40 ^ _330_/CLK (sky130_fd_sc_hd__dfrtp_4)
                         -0.25   10.15   clock uncertainty
                          0.00   10.15   clock reconvergence pessimism
                          0.20   10.35   library recovery time
                                 10.35   data required time
-----------------------------------------------------------------------------
                                 10.35   data required time
                                 -2.68   data arrival time
-----------------------------------------------------------------------------
                                  7.67   slack (MET)


Startpoint: rst (input port clocked by clk)
Endpoint: _339_ (recovery check against rising-edge clock clk)
Path Group: asynchronous
Path Type: max
Corner: Typical

Fanout     Cap    Slew   Delay    Time   Description
-----------------------------------------------------------------------------
                          0.00    0.00   clock clk (rise edge)
                          0.00    0.00   clock network delay (propagated)
                          2.00    2.00 v input external delay
     1    0.00    0.01    0.01    2.01 v rst (in)
                                         rst (net)
                  0.01    0.00    2.01 v input1/A (sky130_fd_sc_hd__clkbuf_4)
     5    0.08    0.15    0.23    2.24 v input1/X (sky130_fd_sc_hd__clkbuf_4)
                                         net1 (net)
                  0.16    0.01    2.25 v _295_/A (sky130_fd_sc_hd__buf_4)
    10    0.09    0.12    0.28    2.53 v _295_/X (sky130_fd_sc_hd__buf_4)
                                         _159_ (net)
                  0.12    0.01    2.54 v _305_/A (sky130_fd_sc_hd__inv_2)
     1    0.02    0.12    0.15    2.69 ^ _305_/Y (sky130_fd_sc_hd__inv_2)
                                         _037_ (net)
                  0.12    0.00    2.69 ^ _339_/RESET_B (sky130_fd_sc_hd__dfrtp_2)
                                  2.69   data arrival time

                         10.00   10.00   clock clk (rise edge)
                          0.00   10.00   clock source latency
     1    0.03    0.12    0.08   10.08 ^ clk (in)
                                         clk (net)
                  0.12    0.00   10.08 ^ clkbuf_0_clk/A (sky130_fd_sc_hd__clkbuf_16)
     4    0.05    0.07    0.17   10.25 ^ clkbuf_0_clk/X (sky130_fd_sc_hd__clkbuf_16)
                                         clknet_0_clk (net)
                  0.07    0.00   10.25 ^ clkbuf_2_0__f_clk/A (sky130_fd_sc_hd__clkbuf_16)
     9    0.05    0.07    0.15   10.40 ^ clkbuf_2_0__f_clk/X (sky130_fd_sc_hd__clkbuf_16)
                                         clknet_2_0__leaf_clk (net)
                  0.07    0.00   10.40 ^ _339_/CLK (sky130_fd_sc_hd__dfrtp_2)
                         -0.25   10.15   clock uncertainty
                          0.00   10.15   clock reconvergence pessimism
                          0.20   10.36   library recovery time
                                 10.36   data required time
-----------------------------------------------------------------------------
                                 10.36   data required time
                                 -2.69   data arrival time
-----------------------------------------------------------------------------
                                  7.67   slack (MET)


Startpoint: rst (input port clocked by clk)
Endpoint: _348_ (recovery check against rising-edge clock clk)
Path Group: asynchronous
Path Type: max
Corner: Typical

Fanout     Cap    Slew   Delay    Time   Description
-----------------------------------------------------------------------------
                          0.00    0.00   clock clk (rise edge)
                          0.00    0.00   clock network delay (propagated)
                          2.00    2.00 v input external delay
     1    0.00    0.01    0.01    2.01 v rst (in)
                                         rst (net)
                  0.01    0.00    2.01 v input1/A (sky130_fd_sc_hd__clkbuf_4)
     5    0.08    0.15    0.23    2.24 v input1/X (sky130_fd_sc_hd__clkbuf_4)
                                         net1 (net)
                  0.16    0.01    2.25 v _306_/A (sky130_fd_sc_hd__clkbuf_8)
    10    0.09    0.10    0.26    2.51 v _306_/X (sky130_fd_sc_hd__clkbuf_8)
                                         _160_ (net)
                  0.11    0.02    2.53 v _315_/A (sky130_fd_sc_hd__inv_2)
     1    0.03    0.13    0.15    2.68 ^ _315_/Y (sky130_fd_sc_hd__inv_2)
                                         _046_ (net)
                  0.13    0.00    2.68 ^ _348_/RESET_B (sky130_fd_sc_hd__dfrtp_4)
                                  2.68   data arrival time

                         10.00   10.00   clock clk (rise edge)
                          0.00   10.00   clock source latency
     1    0.03    0.12    0.08   10.08 ^ clk (in)
                                         clk (net)
                  0.12    0.00   10.08 ^ clkbuf_0_clk/A (sky130_fd_sc_hd__clkbuf_16)
     4    0.05    0.07    0.17   10.25 ^ clkbuf_0_clk/X (sky130_fd_sc_hd__clkbuf_16)
                                         clknet_0_clk (net)
                  0.07    0.00   10.25 ^ clkbuf_2_0__f_clk/A (sky130_fd_sc_hd__clkbuf_16)
     9    0.05    0.07    0.15   10.40 ^ clkbuf_2_0__f_clk/X (sky130_fd_sc_hd__clkbuf_16)
                                         clknet_2_0__leaf_clk (net)
                  0.07    0.00   10.40 ^ _348_/CLK (sky130_fd_sc_hd__dfrtp_4)
                         -0.25   10.15   clock uncertainty
                          0.00   10.15   clock reconvergence pessimism
                          0.20   10.35   library recovery time
                                 10.35   data required time
-----------------------------------------------------------------------------
                                 10.35   data required time
                                 -2.68   data arrival time
-----------------------------------------------------------------------------
                                  7.67   slack (MET)


Startpoint: rst (input port clocked by clk)
Endpoint: _332_ (recovery check against rising-edge clock clk)
Path Group: asynchronous
Path Type: max
Corner: Typical

Fanout     Cap    Slew   Delay    Time   Description
-----------------------------------------------------------------------------
                          0.00    0.00   clock clk (rise edge)
                          0.00    0.00   clock network delay (propagated)
                          2.00    2.00 v input external delay
     1    0.00    0.01    0.01    2.01 v rst (in)
                                         rst (net)
                  0.01    0.00    2.01 v input1/A (sky130_fd_sc_hd__clkbuf_4)
     5    0.08    0.15    0.23    2.24 v input1/X (sky130_fd_sc_hd__clkbuf_4)
                                         net1 (net)
                  0.16    0.01    2.25 v _295_/A (sky130_fd_sc_hd__buf_4)
    10    0.09    0.12    0.28    2.53 v _295_/X (sky130_fd_sc_hd__buf_4)
                                         _159_ (net)
                  0.12    0.01    2.54 v _298_/A (sky130_fd_sc_hd__inv_2)
     1    0.02    0.11    0.14    2.68 ^ _298_/Y (sky130_fd_sc_hd__inv_2)
                                         _030_ (net)
                  0.11    0.00    2.68 ^ _332_/RESET_B (sky130_fd_sc_hd__dfrtp_4)
                                  2.68   data arrival time

                         10.00   10.00   clock clk (rise edge)
                          0.00   10.00   clock source latency
     1    0.03    0.12    0.08   10.08 ^ clk (in)
                                         clk (net)
                  0.12    0.00   10.08 ^ clkbuf_0_clk/A (sky130_fd_sc_hd__clkbuf_16)
     4    0.05    0.07    0.17   10.25 ^ clkbuf_0_clk/X (sky130_fd_sc_hd__clkbuf_16)
                                         clknet_0_clk (net)
                  0.07    0.00   10.25 ^ clkbuf_2_1__f_clk/A (sky130_fd_sc_hd__clkbuf_16)
    11    0.04    0.06    0.14   10.40 ^ clkbuf_2_1__f_clk/X (sky130_fd_sc_hd__clkbuf_16)
                                         clknet_2_1__leaf_clk (net)
                  0.06    0.00   10.40 ^ _332_/CLK (sky130_fd_sc_hd__dfrtp_4)
                         -0.25   10.15   clock uncertainty
                          0.00   10.15   clock reconvergence pessimism
                          0.20   10.35   library recovery time
                                 10.35   data required time
-----------------------------------------------------------------------------
                                 10.35   data required time
                                 -2.68   data arrival time
-----------------------------------------------------------------------------
                                  7.67   slack (MET)


Startpoint: _361_ (rising edge-triggered flip-flop clocked by clk)
Endpoint: _358_ (rising edge-triggered flip-flop clocked by clk)
Path Group: clk
Path Type: max
Corner: Typical

Fanout     Cap    Slew   Delay    Time   Description
-----------------------------------------------------------------------------
                          0.00    0.00   clock clk (rise edge)
                          0.00    0.00   clock source latency
     1    0.03    0.12    0.09    0.09 ^ clk (in)
                                         clk (net)
                  0.12    0.00    0.09 ^ clkbuf_0_clk/A (sky130_fd_sc_hd__clkbuf_16)
     4    0.05    0.07    0.19    0.28 ^ clkbuf_0_clk/X (sky130_fd_sc_hd__clkbuf_16)
                                         clknet_0_clk (net)
                  0.07    0.00    0.28 ^ clkbuf_2_0__f_clk/A (sky130_fd_sc_hd__clkbuf_16)
     9    0.05    0.07    0.16    0.44 ^ clkbuf_2_0__f_clk/X (sky130_fd_sc_hd__clkbuf_16)
                                         clknet_2_0__leaf_clk (net)
                  0.07    0.00    0.45 ^ _361_/CLK (sky130_fd_sc_hd__dfrtp_4)
     6    0.05    0.13    0.58    1.03 v _361_/Q (sky130_fd_sc_hd__dfrtp_4)
                                         decoder.digit[3] (net)
                  0.13    0.01    1.04 v _165_/A (sky130_fd_sc_hd__nor2_2)
     2    0.04    0.39    0.39    1.42 ^ _165_/Y (sky130_fd_sc_hd__nor2_2)
                                         _066_ (net)
                  0.39    0.00    1.43 ^ _166_/B (sky130_fd_sc_hd__nand2_2)
     3    0.05    0.22    0.27    1.70 v _166_/Y (sky130_fd_sc_hd__nand2_2)
                                         _067_ (net)
                  0.22    0.01    1.71 v _173_/A2 (sky130_fd_sc_hd__a21oi_1)
     1    0.02    0.42    0.46    2.16 ^ _173_/Y (sky130_fd_sc_hd__a21oi_1)
                                         _072_ (net)
                  0.42    0.00    2.17 ^ _174_/B1 (sky130_fd_sc_hd__a21oi_1)
     1    0.02    0.15    0.19    2.36 v _174_/Y (sky130_fd_sc_hd__a21oi_1)
                                         _060_ (net)
                  0.15    0.00    2.36 v _358_/D (sky130_fd_sc_hd__dfrtp_4)
                                  2.36   data arrival time

                         10.00   10.00   clock clk (rise edge)
                          0.00   10.00   clock source latency
     1    0.03    0.12    0.08   10.08 ^ clk (in)
                                         clk (net)
                  0.12    0.00   10.08 ^ clkbuf_0_clk/A (sky130_fd_sc_hd__clkbuf_16)
     4    0.05    0.07    0.17   10.25 ^ clkbuf_0_clk/X (sky130_fd_sc_hd__clkbuf_16)
                                         clknet_0_clk (net)
                  0.07    0.00   10.25 ^ clkbuf_2_2__f_clk/A (sky130_fd_sc_hd__clkbuf_16)
     7    0.05    0.07    0.15   10.40 ^ clkbuf_2_2__f_clk/X (sky130_fd_sc_hd__clkbuf_16)
                                         clknet_2_2__leaf_clk (net)
                  0.07    0.01   10.41 ^ _358_/CLK (sky130_fd_sc_hd__dfrtp_4)
                         -0.25   10.16   clock uncertainty
                          0.03   10.19   clock reconvergence pessimism
                         -0.15   10.03   library setup time
                                 10.03   data required time
-----------------------------------------------------------------------------
                                 10.03   data required time
                                 -2.36   data arrival time
-----------------------------------------------------------------------------
                                  7.67   slack (MET)


Startpoint: rst (input port clocked by clk)
Endpoint: _338_ (recovery check against rising-edge clock clk)
Path Group: asynchronous
Path Type: max
Corner: Typical

Fanout     Cap    Slew   Delay    Time   Description
-----------------------------------------------------------------------------
                          0.00    0.00   clock clk (rise edge)
                          0.00    0.00   clock network delay (propagated)
                          2.00    2.00 v input external delay
     1    0.00    0.01    0.01    2.01 v rst (in)
                                         rst (net)
                  0.01    0.00    2.01 v input1/A (sky130_fd_sc_hd__clkbuf_4)
     5    0.08    0.15    0.23    2.24 v input1/X (sky130_fd_sc_hd__clkbuf_4)
                                         net1 (net)
                  0.16    0.01    2.25 v _295_/A (sky130_fd_sc_hd__buf_4)
    10    0.09    0.12    0.28    2.53 v _295_/X (sky130_fd_sc_hd__buf_4)
                                         _159_ (net)
                  0.12    0.01    2.54 v _304_/A (sky130_fd_sc_hd__inv_2)
     1    0.02    0.10    0.13    2.67 ^ _304_/Y (sky130_fd_sc_hd__inv_2)
                                         _036_ (net)
                  0.10    0.00    2.67 ^ _338_/RESET_B (sky130_fd_sc_hd__dfrtp_4)
                                  2.67   data arrival time

                         10.00   10.00   clock clk (rise edge)
                          0.00   10.00   clock source latency
     1    0.03    0.12    0.08   10.08 ^ clk (in)
                                         clk (net)
                  0.12    0.00   10.08 ^ clkbuf_0_clk/A (sky130_fd_sc_hd__clkbuf_16)
     4    0.05    0.07    0.17   10.25 ^ clkbuf_0_clk/X (sky130_fd_sc_hd__clkbuf_16)
                                         clknet_0_clk (net)
                  0.07    0.00   10.25 ^ clkbuf_2_3__f_clk/A (sky130_fd_sc_hd__clkbuf_16)
     8    0.04    0.06    0.15   10.40 ^ clkbuf_2_3__f_clk/X (sky130_fd_sc_hd__clkbuf_16)
                                         clknet_2_3__leaf_clk (net)
                  0.06    0.00   10.40 ^ _338_/CLK (sky130_fd_sc_hd__dfrtp_4)
                         -0.25   10.15   clock uncertainty
                          0.00   10.15   clock reconvergence pessimism
                          0.21   10.36   library recovery time
                                 10.36   data required time
-----------------------------------------------------------------------------
                                 10.36   data required time
                                 -2.67   data arrival time
-----------------------------------------------------------------------------
                                  7.68   slack (MET)


Startpoint: rst (input port clocked by clk)
Endpoint: _347_ (recovery check against rising-edge clock clk)
Path Group: asynchronous
Path Type: max
Corner: Typical

Fanout     Cap    Slew   Delay    Time   Description
-----------------------------------------------------------------------------
                          0.00    0.00   clock clk (rise edge)
                          0.00    0.00   clock network delay (propagated)
                          2.00    2.00 v input external delay
     1    0.00    0.01    0.01    2.01 v rst (in)
                                         rst (net)
                  0.01    0.00    2.01 v input1/A (sky130_fd_sc_hd__clkbuf_4)
     5    0.08    0.15    0.23    2.24 v input1/X (sky130_fd_sc_hd__clkbuf_4)
                                         net1 (net)
                  0.16    0.01    2.25 v _306_/A (sky130_fd_sc_hd__clkbuf_8)
    10    0.09    0.10    0.26    2.51 v _306_/X (sky130_fd_sc_hd__clkbuf_8)
                                         _160_ (net)
                  0.11    0.01    2.53 v _314_/A (sky130_fd_sc_hd__inv_2)
     1    0.02    0.10    0.13    2.65 ^ _314_/Y (sky130_fd_sc_hd__inv_2)
                                         _045_ (net)
                  0.10    0.00    2.66 ^ _347_/RESET_B (sky130_fd_sc_hd__dfrtp_4)
                                  2.66   data arrival time

                         10.00   10.00   clock clk (rise edge)
                          0.00   10.00   clock source latency
     1    0.03    0.12    0.08   10.08 ^ clk (in)
                                         clk (net)
                  0.12    0.00   10.08 ^ clkbuf_0_clk/A (sky130_fd_sc_hd__clkbuf_16)
     4    0.05    0.07    0.17   10.25 ^ clkbuf_0_clk/X (sky130_fd_sc_hd__clkbuf_16)
                                         clknet_0_clk (net)
                  0.07    0.00   10.25 ^ clkbuf_2_1__f_clk/A (sky130_fd_sc_hd__clkbuf_16)
    11    0.04    0.06    0.14   10.40 ^ clkbuf_2_1__f_clk/X (sky130_fd_sc_hd__clkbuf_16)
                                         clknet_2_1__leaf_clk (net)
                  0.06    0.00   10.40 ^ _347_/CLK (sky130_fd_sc_hd__dfrtp_4)
                         -0.25   10.15   clock uncertainty
                          0.00   10.15   clock reconvergence pessimism
                          0.20   10.35   library recovery time
                                 10.35   data required time
-----------------------------------------------------------------------------
                                 10.35   data required time
                                 -2.66   data arrival time
-----------------------------------------------------------------------------
                                  7.69   slack (MET)


Startpoint: rst (input port clocked by clk)
Endpoint: _344_ (recovery check against rising-edge clock clk)
Path Group: asynchronous
Path Type: max
Corner: Typical

Fanout     Cap    Slew   Delay    Time   Description
-----------------------------------------------------------------------------
                          0.00    0.00   clock clk (rise edge)
                          0.00    0.00   clock network delay (propagated)
                          2.00    2.00 v input external delay
     1    0.00    0.01    0.01    2.01 v rst (in)
                                         rst (net)
                  0.01    0.00    2.01 v input1/A (sky130_fd_sc_hd__clkbuf_4)
     5    0.08    0.15    0.23    2.24 v input1/X (sky130_fd_sc_hd__clkbuf_4)
                                         net1 (net)
                  0.16    0.01    2.25 v _306_/A (sky130_fd_sc_hd__clkbuf_8)
    10    0.09    0.10    0.26    2.51 v _306_/X (sky130_fd_sc_hd__clkbuf_8)
                                         _160_ (net)
                  0.11    0.02    2.53 v _311_/A (sky130_fd_sc_hd__inv_2)
     1    0.02    0.11    0.13    2.66 ^ _311_/Y (sky130_fd_sc_hd__inv_2)
                                         _042_ (net)
                  0.11    0.00    2.67 ^ _344_/RESET_B (sky130_fd_sc_hd__dfrtp_1)
                                  2.67   data arrival time

                         10.00   10.00   clock clk (rise edge)
                          0.00   10.00   clock source latency
     1    0.03    0.12    0.08   10.08 ^ clk (in)
                                         clk (net)
                  0.12    0.00   10.08 ^ clkbuf_0_clk/A (sky130_fd_sc_hd__clkbuf_16)
     4    0.05    0.07    0.17   10.25 ^ clkbuf_0_clk/X (sky130_fd_sc_hd__clkbuf_16)
                                         clknet_0_clk (net)
                  0.07    0.00   10.25 ^ clkbuf_2_1__f_clk/A (sky130_fd_sc_hd__clkbuf_16)
    11    0.04    0.06    0.14   10.40 ^ clkbuf_2_1__f_clk/X (sky130_fd_sc_hd__clkbuf_16)
                                         clknet_2_1__leaf_clk (net)
                  0.06    0.00   10.40 ^ _344_/CLK (sky130_fd_sc_hd__dfrtp_1)
                         -0.25   10.15   clock uncertainty
                          0.00   10.15   clock reconvergence pessimism
                          0.22   10.37   library recovery time
                                 10.37   data required time
-----------------------------------------------------------------------------
                                 10.37   data required time
                                 -2.67   data arrival time
-----------------------------------------------------------------------------
                                  7.70   slack (MET)


Startpoint: rst (input port clocked by clk)
Endpoint: _343_ (recovery check against rising-edge clock clk)
Path Group: asynchronous
Path Type: max
Corner: Typical

Fanout     Cap    Slew   Delay    Time   Description
-----------------------------------------------------------------------------
                          0.00    0.00   clock clk (rise edge)
                          0.00    0.00   clock network delay (propagated)
                          2.00    2.00 v input external delay
     1    0.00    0.01    0.01    2.01 v rst (in)
                                         rst (net)
                  0.01    0.00    2.01 v input1/A (sky130_fd_sc_hd__clkbuf_4)
     5    0.08    0.15    0.23    2.24 v input1/X (sky130_fd_sc_hd__clkbuf_4)
                                         net1 (net)
                  0.16    0.01    2.25 v _306_/A (sky130_fd_sc_hd__clkbuf_8)
    10    0.09    0.10    0.26    2.51 v _306_/X (sky130_fd_sc_hd__clkbuf_8)
                                         _160_ (net)
                  0.11    0.02    2.53 v _310_/A (sky130_fd_sc_hd__inv_2)
     1    0.02    0.11    0.14    2.67 ^ _310_/Y (sky130_fd_sc_hd__inv_2)
                                         _041_ (net)
                  0.11    0.00    2.67 ^ _343_/RESET_B (sky130_fd_sc_hd__dfrtp_1)
                                  2.67   data arrival time

                         10.00   10.00   clock clk (rise edge)
                          0.00   10.00   clock source latency
     1    0.03    0.12    0.08   10.08 ^ clk (in)
                                         clk (net)
                  0.12    0.00   10.08 ^ clkbuf_0_clk/A (sky130_fd_sc_hd__clkbuf_16)
     4    0.05    0.07    0.17   10.25 ^ clkbuf_0_clk/X (sky130_fd_sc_hd__clkbuf_16)
                                         clknet_0_clk (net)
                  0.07    0.00   10.25 ^ clkbuf_2_0__f_clk/A (sky130_fd_sc_hd__clkbuf_16)
     9    0.05    0.07    0.15   10.40 ^ clkbuf_2_0__f_clk/X (sky130_fd_sc_hd__clkbuf_16)
                                         clknet_2_0__leaf_clk (net)
                  0.07    0.00   10.40 ^ _343_/CLK (sky130_fd_sc_hd__dfrtp_1)
                         -0.25   10.15   clock uncertainty
                          0.00   10.15   clock reconvergence pessimism
                          0.22   10.37   library recovery time
                                 10.37   data required time
-----------------------------------------------------------------------------
                                 10.37   data required time
                                 -2.67   data arrival time
-----------------------------------------------------------------------------
                                  7.70   slack (MET)


Startpoint: rst (input port clocked by clk)
Endpoint: _356_ (recovery check against rising-edge clock clk)
Path Group: asynchronous
Path Type: max
Corner: Typical

Fanout     Cap    Slew   Delay    Time   Description
-----------------------------------------------------------------------------
                          0.00    0.00   clock clk (rise edge)
                          0.00    0.00   clock network delay (propagated)
                          2.00    2.00 v input external delay
     1    0.00    0.01    0.01    2.01 v rst (in)
                                         rst (net)
                  0.01    0.00    2.01 v input1/A (sky130_fd_sc_hd__clkbuf_4)
     5    0.08    0.15    0.23    2.24 v input1/X (sky130_fd_sc_hd__clkbuf_4)
                                         net1 (net)
                  0.16    0.01    2.25 v _317_/A (sky130_fd_sc_hd__clkbuf_8)
    10    0.08    0.10    0.26    2.50 v _317_/X (sky130_fd_sc_hd__clkbuf_8)
                                         _161_ (net)
                  0.10    0.01    2.51 v _324_/A (sky130_fd_sc_hd__inv_2)
     1    0.02    0.12    0.14    2.65 ^ _324_/Y (sky130_fd_sc_hd__inv_2)
                                         _054_ (net)
                  0.12    0.00    2.65 ^ _356_/RESET_B (sky130_fd_sc_hd__dfrtp_1)
                                  2.65   data arrival time

                         10.00   10.00   clock clk (rise edge)
                          0.00   10.00   clock source latency
     1    0.03    0.12    0.08   10.08 ^ clk (in)
                                         clk (net)
                  0.12    0.00   10.08 ^ clkbuf_0_clk/A (sky130_fd_sc_hd__clkbuf_16)
     4    0.05    0.07    0.17   10.25 ^ clkbuf_0_clk/X (sky130_fd_sc_hd__clkbuf_16)
                                         clknet_0_clk (net)
                  0.07    0.00   10.25 ^ clkbuf_2_1__f_clk/A (sky130_fd_sc_hd__clkbuf_16)
    11    0.04    0.06    0.14   10.40 ^ clkbuf_2_1__f_clk/X (sky130_fd_sc_hd__clkbuf_16)
                                         clknet_2_1__leaf_clk (net)
                  0.06    0.00   10.40 ^ _356_/CLK (sky130_fd_sc_hd__dfrtp_1)
                         -0.25   10.15   clock uncertainty
                          0.00   10.15   clock reconvergence pessimism
                          0.22   10.36   library recovery time
                                 10.36   data required time
-----------------------------------------------------------------------------
                                 10.36   data required time
                                 -2.65   data arrival time
-----------------------------------------------------------------------------
                                  7.72   slack (MET)


Startpoint: rst (input port clocked by clk)
Endpoint: _333_ (recovery check against rising-edge clock clk)
Path Group: asynchronous
Path Type: max
Corner: Typical

Fanout     Cap    Slew   Delay    Time   Description
-----------------------------------------------------------------------------
                          0.00    0.00   clock clk (rise edge)
                          0.00    0.00   clock network delay (propagated)
                          2.00    2.00 v input external delay
     1    0.00    0.01    0.01    2.01 v rst (in)
                                         rst (net)
                  0.01    0.00    2.01 v input1/A (sky130_fd_sc_hd__clkbuf_4)
     5    0.08    0.15    0.23    2.24 v input1/X (sky130_fd_sc_hd__clkbuf_4)
                                         net1 (net)
                  0.16    0.01    2.25 v _295_/A (sky130_fd_sc_hd__buf_4)
    10    0.09    0.12    0.28    2.53 v _295_/X (sky130_fd_sc_hd__buf_4)
                                         _159_ (net)
                  0.12    0.01    2.54 v _299_/A (sky130_fd_sc_hd__inv_2)
     1    0.02    0.08    0.12    2.66 ^ _299_/Y (sky130_fd_sc_hd__inv_2)
                                         _031_ (net)
                  0.08    0.00    2.66 ^ _333_/RESET_B (sky130_fd_sc_hd__dfrtp_1)
                                  2.66   data arrival time

                         10.00   10.00   clock clk (rise edge)
                          0.00   10.00   clock source latency
     1    0.03    0.12    0.08   10.08 ^ clk (in)
                                         clk (net)
                  0.12    0.00   10.08 ^ clkbuf_0_clk/A (sky130_fd_sc_hd__clkbuf_16)
     4    0.05    0.07    0.17   10.25 ^ clkbuf_0_clk/X (sky130_fd_sc_hd__clkbuf_16)
                                         clknet_0_clk (net)
                  0.07    0.00   10.25 ^ clkbuf_2_3__f_clk/A (sky130_fd_sc_hd__clkbuf_16)
     8    0.04    0.06    0.15   10.40 ^ clkbuf_2_3__f_clk/X (sky130_fd_sc_hd__clkbuf_16)
                                         clknet_2_3__leaf_clk (net)
                  0.06    0.00   10.40 ^ _333_/CLK (sky130_fd_sc_hd__dfrtp_1)
                         -0.25   10.15   clock uncertainty
                          0.00   10.15   clock reconvergence pessimism
                          0.23   10.38   library recovery time
                                 10.38   data required time
-----------------------------------------------------------------------------
                                 10.38   data required time
                                 -2.66   data arrival time
-----------------------------------------------------------------------------
                                  7.72   slack (MET)


Startpoint: rst (input port clocked by clk)
Endpoint: _350_ (recovery check against rising-edge clock clk)
Path Group: asynchronous
Path Type: max
Corner: Typical

Fanout     Cap    Slew   Delay    Time   Description
-----------------------------------------------------------------------------
                          0.00    0.00   clock clk (rise edge)
                          0.00    0.00   clock network delay (propagated)
                          2.00    2.00 v input external delay
     1    0.00    0.01    0.01    2.01 v rst (in)
                                         rst (net)
                  0.01    0.00    2.01 v input1/A (sky130_fd_sc_hd__clkbuf_4)
     5    0.08    0.15    0.23    2.24 v input1/X (sky130_fd_sc_hd__clkbuf_4)
                                         net1 (net)
                  0.16    0.01    2.25 v _317_/A (sky130_fd_sc_hd__clkbuf_8)
    10    0.08    0.10    0.26    2.50 v _317_/X (sky130_fd_sc_hd__clkbuf_8)
                                         _161_ (net)
                  0.10    0.01    2.51 v _318_/A (sky130_fd_sc_hd__inv_2)
     1    0.02    0.10    0.13    2.64 ^ _318_/Y (sky130_fd_sc_hd__inv_2)
                                         _048_ (net)
                  0.10    0.00    2.64 ^ _350_/RESET_B (sky130_fd_sc_hd__dfrtp_2)
                                  2.64   data arrival time

                         10.00   10.00   clock clk (rise edge)
                          0.00   10.00   clock source latency
     1    0.03    0.12    0.08   10.08 ^ clk (in)
                                         clk (net)
                  0.12    0.00   10.08 ^ clkbuf_0_clk/A (sky130_fd_sc_hd__clkbuf_16)
     4    0.05    0.07    0.17   10.25 ^ clkbuf_0_clk/X (sky130_fd_sc_hd__clkbuf_16)
                                         clknet_0_clk (net)
                  0.07    0.00   10.25 ^ clkbuf_2_3__f_clk/A (sky130_fd_sc_hd__clkbuf_16)
     8    0.04    0.06    0.15   10.40 ^ clkbuf_2_3__f_clk/X (sky130_fd_sc_hd__clkbuf_16)
                                         clknet_2_3__leaf_clk (net)
                  0.06    0.00   10.40 ^ _350_/CLK (sky130_fd_sc_hd__dfrtp_2)
                         -0.25   10.15   clock uncertainty
                          0.00   10.15   clock reconvergence pessimism
                          0.21   10.36   library recovery time
                                 10.36   data required time
-----------------------------------------------------------------------------
                                 10.36   data required time
                                 -2.64   data arrival time
-----------------------------------------------------------------------------
                                  7.72   slack (MET)


Startpoint: rst (input port clocked by clk)
Endpoint: _337_ (recovery check against rising-edge clock clk)
Path Group: asynchronous
Path Type: max
Corner: Typical

Fanout     Cap    Slew   Delay    Time   Description
-----------------------------------------------------------------------------
                          0.00    0.00   clock clk (rise edge)
                          0.00    0.00   clock network delay (propagated)
                          2.00    2.00 v input external delay
     1    0.00    0.01    0.01    2.01 v rst (in)
                                         rst (net)
                  0.01    0.00    2.01 v input1/A (sky130_fd_sc_hd__clkbuf_4)
     5    0.08    0.15    0.23    2.24 v input1/X (sky130_fd_sc_hd__clkbuf_4)
                                         net1 (net)
                  0.16    0.01    2.25 v _295_/A (sky130_fd_sc_hd__buf_4)
    10    0.09    0.12    0.28    2.53 v _295_/X (sky130_fd_sc_hd__buf_4)
                                         _159_ (net)
                  0.12    0.01    2.53 v _303_/A (sky130_fd_sc_hd__inv_2)
     1    0.01    0.07    0.11    2.64 ^ _303_/Y (sky130_fd_sc_hd__inv_2)
                                         _035_ (net)
                  0.07    0.00    2.64 ^ _337_/RESET_B (sky130_fd_sc_hd__dfrtp_2)
                                  2.64   data arrival time

                         10.00   10.00   clock clk (rise edge)
                          0.00   10.00   clock source latency
     1    0.03    0.12    0.08   10.08 ^ clk (in)
                                         clk (net)
                  0.12    0.00   10.08 ^ clkbuf_0_clk/A (sky130_fd_sc_hd__clkbuf_16)
     4    0.05    0.07    0.17   10.25 ^ clkbuf_0_clk/X (sky130_fd_sc_hd__clkbuf_16)
                                         clknet_0_clk (net)
                  0.07    0.00   10.25 ^ clkbuf_2_1__f_clk/A (sky130_fd_sc_hd__clkbuf_16)
    11    0.04    0.06    0.14   10.40 ^ clkbuf_2_1__f_clk/X (sky130_fd_sc_hd__clkbuf_16)
                                         clknet_2_1__leaf_clk (net)
                  0.06    0.00   10.40 ^ _337_/CLK (sky130_fd_sc_hd__dfrtp_2)
                         -0.25   10.15   clock uncertainty
                          0.00   10.15   clock reconvergence pessimism
                          0.22   10.36   library recovery time
                                 10.36   data required time
-----------------------------------------------------------------------------
                                 10.36   data required time
                                 -2.64   data arrival time
-----------------------------------------------------------------------------
                                  7.73   slack (MET)


Startpoint: rst (input port clocked by clk)
Endpoint: _334_ (recovery check against rising-edge clock clk)
Path Group: asynchronous
Path Type: max
Corner: Typical

Fanout     Cap    Slew   Delay    Time   Description
-----------------------------------------------------------------------------
                          0.00    0.00   clock clk (rise edge)
                          0.00    0.00   clock network delay (propagated)
                          2.00    2.00 v input external delay
     1    0.00    0.01    0.01    2.01 v rst (in)
                                         rst (net)
                  0.01    0.00    2.01 v input1/A (sky130_fd_sc_hd__clkbuf_4)
     5    0.08    0.15    0.23    2.24 v input1/X (sky130_fd_sc_hd__clkbuf_4)
                                         net1 (net)
                  0.16    0.01    2.25 v _295_/A (sky130_fd_sc_hd__buf_4)
    10    0.09    0.12    0.28    2.53 v _295_/X (sky130_fd_sc_hd__buf_4)
                                         _159_ (net)
                  0.12    0.01    2.54 v _300_/A (sky130_fd_sc_hd__inv_2)
     1    0.01    0.06    0.10    2.64 ^ _300_/Y (sky130_fd_sc_hd__inv_2)
                                         _032_ (net)
                  0.06    0.00    2.64 ^ _334_/RESET_B (sky130_fd_sc_hd__dfrtp_4)
                                  2.64   data arrival time

                         10.00   10.00   clock clk (rise edge)
                          0.00   10.00   clock source latency
     1    0.03    0.12    0.08   10.08 ^ clk (in)
                                         clk (net)
                  0.12    0.00   10.08 ^ clkbuf_0_clk/A (sky130_fd_sc_hd__clkbuf_16)
     4    0.05    0.07    0.17   10.25 ^ clkbuf_0_clk/X (sky130_fd_sc_hd__clkbuf_16)
                                         clknet_0_clk (net)
                  0.07    0.00   10.25 ^ clkbuf_2_1__f_clk/A (sky130_fd_sc_hd__clkbuf_16)
    11    0.04    0.06    0.14   10.40 ^ clkbuf_2_1__f_clk/X (sky130_fd_sc_hd__clkbuf_16)
                                         clknet_2_1__leaf_clk (net)
                  0.06    0.00   10.40 ^ _334_/CLK (sky130_fd_sc_hd__dfrtp_4)
                         -0.25   10.15   clock uncertainty
                          0.00   10.15   clock reconvergence pessimism
                          0.22   10.36   library recovery time
                                 10.36   data required time
-----------------------------------------------------------------------------
                                 10.36   data required time
                                 -2.64   data arrival time
-----------------------------------------------------------------------------
                                  7.73   slack (MET)


Startpoint: rst (input port clocked by clk)
Endpoint: _349_ (recovery check against rising-edge clock clk)
Path Group: asynchronous
Path Type: max
Corner: Typical

Fanout     Cap    Slew   Delay    Time   Description
-----------------------------------------------------------------------------
                          0.00    0.00   clock clk (rise edge)
                          0.00    0.00   clock network delay (propagated)
                          2.00    2.00 v input external delay
     1    0.00    0.01    0.01    2.01 v rst (in)
                                         rst (net)
                  0.01    0.00    2.01 v input1/A (sky130_fd_sc_hd__clkbuf_4)
     5    0.08    0.15    0.23    2.24 v input1/X (sky130_fd_sc_hd__clkbuf_4)
                                         net1 (net)
                  0.16    0.01    2.25 v _306_/A (sky130_fd_sc_hd__clkbuf_8)
    10    0.09    0.10    0.26    2.51 v _306_/X (sky130_fd_sc_hd__clkbuf_8)
                                         _160_ (net)
                  0.10    0.01    2.52 v _316_/A (sky130_fd_sc_hd__inv_2)
     1    0.02    0.08    0.11    2.63 ^ _316_/Y (sky130_fd_sc_hd__inv_2)
                                         _047_ (net)
                  0.08    0.00    2.64 ^ _349_/RESET_B (sky130_fd_sc_hd__dfrtp_2)
                                  2.64   data arrival time

                         10.00   10.00   clock clk (rise edge)
                          0.00   10.00   clock source latency
     1    0.03    0.12    0.08   10.08 ^ clk (in)
                                         clk (net)
                  0.12    0.00   10.08 ^ clkbuf_0_clk/A (sky130_fd_sc_hd__clkbuf_16)
     4    0.05    0.07    0.17   10.25 ^ clkbuf_0_clk/X (sky130_fd_sc_hd__clkbuf_16)
                                         clknet_0_clk (net)
                  0.07    0.00   10.25 ^ clkbuf_2_3__f_clk/A (sky130_fd_sc_hd__clkbuf_16)
     8    0.04    0.06    0.15   10.40 ^ clkbuf_2_3__f_clk/X (sky130_fd_sc_hd__clkbuf_16)
                                         clknet_2_3__leaf_clk (net)
                  0.06    0.00   10.40 ^ _349_/CLK (sky130_fd_sc_hd__dfrtp_2)
                         -0.25   10.15   clock uncertainty
                          0.00   10.15   clock reconvergence pessimism
                          0.21   10.37   library recovery time
                                 10.37   data required time
-----------------------------------------------------------------------------
                                 10.37   data required time
                                 -2.64   data arrival time
-----------------------------------------------------------------------------
                                  7.73   slack (MET)


Startpoint: rst (input port clocked by clk)
Endpoint: _358_ (recovery check against rising-edge clock clk)
Path Group: asynchronous
Path Type: max
Corner: Typical

Fanout     Cap    Slew   Delay    Time   Description
-----------------------------------------------------------------------------
                          0.00    0.00   clock clk (rise edge)
                          0.00    0.00   clock network delay (propagated)
                          2.00    2.00 v input external delay
     1    0.00    0.01    0.01    2.01 v rst (in)
                                         rst (net)
                  0.01    0.00    2.01 v input1/A (sky130_fd_sc_hd__clkbuf_4)
     5    0.08    0.15    0.23    2.24 v input1/X (sky130_fd_sc_hd__clkbuf_4)
                                         net1 (net)
                  0.16    0.01    2.25 v _317_/A (sky130_fd_sc_hd__clkbuf_8)
    10    0.08    0.10    0.26    2.50 v _317_/X (sky130_fd_sc_hd__clkbuf_8)
                                         _161_ (net)
                  0.10    0.01    2.51 v _326_/A (sky130_fd_sc_hd__inv_2)
     1    0.02    0.10    0.12    2.64 ^ _326_/Y (sky130_fd_sc_hd__inv_2)
                                         _056_ (net)
                  0.10    0.00    2.64 ^ _358_/RESET_B (sky130_fd_sc_hd__dfrtp_4)
                                  2.64   data arrival time

                         10.00   10.00   clock clk (rise edge)
                          0.00   10.00   clock source latency
     1    0.03    0.12    0.08   10.08 ^ clk (in)
                                         clk (net)
                  0.12    0.00   10.08 ^ clkbuf_0_clk/A (sky130_fd_sc_hd__clkbuf_16)
     4    0.05    0.07    0.17   10.25 ^ clkbuf_0_clk/X (sky130_fd_sc_hd__clkbuf_16)
                                         clknet_0_clk (net)
                  0.07    0.00   10.25 ^ clkbuf_2_2__f_clk/A (sky130_fd_sc_hd__clkbuf_16)
     7    0.05    0.07    0.15   10.40 ^ clkbuf_2_2__f_clk/X (sky130_fd_sc_hd__clkbuf_16)
                                         clknet_2_2__leaf_clk (net)
                  0.07    0.01   10.41 ^ _358_/CLK (sky130_fd_sc_hd__dfrtp_4)
                         -0.25   10.16   clock uncertainty
                          0.00   10.16   clock reconvergence pessimism
                          0.21   10.37   library recovery time
                                 10.37   data required time
-----------------------------------------------------------------------------
                                 10.37   data required time
                                 -2.64   data arrival time
-----------------------------------------------------------------------------
                                  7.73   slack (MET)


Startpoint: rst (input port clocked by clk)
Endpoint: _354_ (recovery check against rising-edge clock clk)
Path Group: asynchronous
Path Type: max
Corner: Typical

Fanout     Cap    Slew   Delay    Time   Description
-----------------------------------------------------------------------------
                          0.00    0.00   clock clk (rise edge)
                          0.00    0.00   clock network delay (propagated)
                          2.00    2.00 v input external delay
     1    0.00    0.01    0.01    2.01 v rst (in)
                                         rst (net)
                  0.01    0.00    2.01 v input1/A (sky130_fd_sc_hd__clkbuf_4)
     5    0.08    0.15    0.23    2.24 v input1/X (sky130_fd_sc_hd__clkbuf_4)
                                         net1 (net)
                  0.16    0.01    2.25 v _317_/A (sky130_fd_sc_hd__clkbuf_8)
    10    0.08    0.10    0.26    2.50 v _317_/X (sky130_fd_sc_hd__clkbuf_8)
                                         _161_ (net)
                  0.10    0.01    2.51 v _322_/A (sky130_fd_sc_hd__inv_2)
     1    0.02    0.09    0.11    2.63 ^ _322_/Y (sky130_fd_sc_hd__inv_2)
                                         _052_ (net)
                  0.09    0.00    2.63 ^ _354_/RESET_B (sky130_fd_sc_hd__dfrtp_4)
                                  2.63   data arrival time

                         10.00   10.00   clock clk (rise edge)
                          0.00   10.00   clock source latency
     1    0.03    0.12    0.08   10.08 ^ clk (in)
                                         clk (net)
                  0.12    0.00   10.08 ^ clkbuf_0_clk/A (sky130_fd_sc_hd__clkbuf_16)
     4    0.05    0.07    0.17   10.25 ^ clkbuf_0_clk/X (sky130_fd_sc_hd__clkbuf_16)
                                         clknet_0_clk (net)
                  0.07    0.00   10.25 ^ clkbuf_2_3__f_clk/A (sky130_fd_sc_hd__clkbuf_16)
     8    0.04    0.06    0.15   10.40 ^ clkbuf_2_3__f_clk/X (sky130_fd_sc_hd__clkbuf_16)
                                         clknet_2_3__leaf_clk (net)
                  0.06    0.00   10.40 ^ _354_/CLK (sky130_fd_sc_hd__dfrtp_4)
                         -0.25   10.15   clock uncertainty
                          0.00   10.15   clock reconvergence pessimism
                          0.21   10.36   library recovery time
                                 10.36   data required time
-----------------------------------------------------------------------------
                                 10.36   data required time
                                 -2.63   data arrival time
-----------------------------------------------------------------------------
                                  7.73   slack (MET)


Startpoint: rst (input port clocked by clk)
Endpoint: _359_ (recovery check against rising-edge clock clk)
Path Group: asynchronous
Path Type: max
Corner: Typical

Fanout     Cap    Slew   Delay    Time   Description
-----------------------------------------------------------------------------
                          0.00    0.00   clock clk (rise edge)
                          0.00    0.00   clock network delay (propagated)
                          2.00    2.00 v input external delay
     1    0.00    0.01    0.01    2.01 v rst (in)
                                         rst (net)
                  0.01    0.00    2.01 v input1/A (sky130_fd_sc_hd__clkbuf_4)
     5    0.08    0.15    0.23    2.24 v input1/X (sky130_fd_sc_hd__clkbuf_4)
                                         net1 (net)
                  0.16    0.01    2.25 v _317_/A (sky130_fd_sc_hd__clkbuf_8)
    10    0.08    0.10    0.26    2.50 v _317_/X (sky130_fd_sc_hd__clkbuf_8)
                                         _161_ (net)
                  0.10    0.01    2.51 v _327_/A (sky130_fd_sc_hd__inv_2)
     1    0.02    0.08    0.11    2.63 ^ _327_/Y (sky130_fd_sc_hd__inv_2)
                                         _057_ (net)
                  0.08    0.00    2.63 ^ _359_/RESET_B (sky130_fd_sc_hd__dfrtp_4)
                                  2.63   data arrival time

                         10.00   10.00   clock clk (rise edge)
                          0.00   10.00   clock source latency
     1    0.03    0.12    0.08   10.08 ^ clk (in)
                                         clk (net)
                  0.12    0.00   10.08 ^ clkbuf_0_clk/A (sky130_fd_sc_hd__clkbuf_16)
     4    0.05    0.07    0.17   10.25 ^ clkbuf_0_clk/X (sky130_fd_sc_hd__clkbuf_16)
                                         clknet_0_clk (net)
                  0.07    0.00   10.25 ^ clkbuf_2_0__f_clk/A (sky130_fd_sc_hd__clkbuf_16)
     9    0.05    0.07    0.15   10.40 ^ clkbuf_2_0__f_clk/X (sky130_fd_sc_hd__clkbuf_16)
                                         clknet_2_0__leaf_clk (net)
                  0.07    0.00   10.40 ^ _359_/CLK (sky130_fd_sc_hd__dfrtp_4)
                         -0.25   10.15   clock uncertainty
                          0.00   10.15   clock reconvergence pessimism
                          0.21   10.37   library recovery time
                                 10.37   data required time
-----------------------------------------------------------------------------
                                 10.37   data required time
                                 -2.63   data arrival time
-----------------------------------------------------------------------------
                                  7.74   slack (MET)


Startpoint: rst (input port clocked by clk)
Endpoint: _341_ (recovery check against rising-edge clock clk)
Path Group: asynchronous
Path Type: max
Corner: Typical

Fanout     Cap    Slew   Delay    Time   Description
-----------------------------------------------------------------------------
                          0.00    0.00   clock clk (rise edge)
                          0.00    0.00   clock network delay (propagated)
                          2.00    2.00 v input external delay
     1    0.00    0.01    0.01    2.01 v rst (in)
                                         rst (net)
                  0.01    0.00    2.01 v input1/A (sky130_fd_sc_hd__clkbuf_4)
     5    0.08    0.15    0.23    2.24 v input1/X (sky130_fd_sc_hd__clkbuf_4)
                                         net1 (net)
                  0.16    0.01    2.25 v _306_/A (sky130_fd_sc_hd__clkbuf_8)
    10    0.09    0.10    0.26    2.51 v _306_/X (sky130_fd_sc_hd__clkbuf_8)
                                         _160_ (net)
                  0.11    0.01    2.53 v _308_/A (sky130_fd_sc_hd__inv_2)
     1    0.01    0.07    0.11    2.63 ^ _308_/Y (sky130_fd_sc_hd__inv_2)
                                         _039_ (net)
                  0.07    0.00    2.63 ^ _341_/RESET_B (sky130_fd_sc_hd__dfrtp_4)
                                  2.63   data arrival time

                         10.00   10.00   clock clk (rise edge)
                          0.00   10.00   clock source latency
     1    0.03    0.12    0.08   10.08 ^ clk (in)
                                         clk (net)
                  0.12    0.00   10.08 ^ clkbuf_0_clk/A (sky130_fd_sc_hd__clkbuf_16)
     4    0.05    0.07    0.17   10.25 ^ clkbuf_0_clk/X (sky130_fd_sc_hd__clkbuf_16)
                                         clknet_0_clk (net)
                  0.07    0.00   10.25 ^ clkbuf_2_0__f_clk/A (sky130_fd_sc_hd__clkbuf_16)
     9    0.05    0.07    0.15   10.40 ^ clkbuf_2_0__f_clk/X (sky130_fd_sc_hd__clkbuf_16)
                                         clknet_2_0__leaf_clk (net)
                  0.07    0.00   10.40 ^ _341_/CLK (sky130_fd_sc_hd__dfrtp_4)
                         -0.25   10.15   clock uncertainty
                          0.00   10.15   clock reconvergence pessimism
                          0.22   10.37   library recovery time
                                 10.37   data required time
-----------------------------------------------------------------------------
                                 10.37   data required time
                                 -2.63   data arrival time
-----------------------------------------------------------------------------
                                  7.74   slack (MET)


Startpoint: rst (input port clocked by clk)
Endpoint: _355_ (recovery check against rising-edge clock clk)
Path Group: asynchronous
Path Type: max
Corner: Typical

Fanout     Cap    Slew   Delay    Time   Description
-----------------------------------------------------------------------------
                          0.00    0.00   clock clk (rise edge)
                          0.00    0.00   clock network delay (propagated)
                          2.00    2.00 v input external delay
     1    0.00    0.01    0.01    2.01 v rst (in)
                                         rst (net)
                  0.01    0.00    2.01 v input1/A (sky130_fd_sc_hd__clkbuf_4)
     5    0.08    0.15    0.23    2.24 v input1/X (sky130_fd_sc_hd__clkbuf_4)
                                         net1 (net)
                  0.16    0.01    2.25 v _317_/A (sky130_fd_sc_hd__clkbuf_8)
    10    0.08    0.10    0.26    2.50 v _317_/X (sky130_fd_sc_hd__clkbuf_8)
                                         _161_ (net)
                  0.10    0.01    2.51 v _323_/A (sky130_fd_sc_hd__inv_2)
     1    0.02    0.08    0.11    2.62 ^ _323_/Y (sky130_fd_sc_hd__inv_2)
                                         _053_ (net)
                  0.08    0.00    2.62 ^ _355_/RESET_B (sky130_fd_sc_hd__dfrtp_4)
                                  2.62   data arrival time

                         10.00   10.00   clock clk (rise edge)
                          0.00   10.00   clock source latency
     1    0.03    0.12    0.08   10.08 ^ clk (in)
                                         clk (net)
                  0.12    0.00   10.08 ^ clkbuf_0_clk/A (sky130_fd_sc_hd__clkbuf_16)
     4    0.05    0.07    0.17   10.25 ^ clkbuf_0_clk/X (sky130_fd_sc_hd__clkbuf_16)
                                         clknet_0_clk (net)
                  0.07    0.00   10.25 ^ clkbuf_2_1__f_clk/A (sky130_fd_sc_hd__clkbuf_16)
    11    0.04    0.06    0.14   10.40 ^ clkbuf_2_1__f_clk/X (sky130_fd_sc_hd__clkbuf_16)
                                         clknet_2_1__leaf_clk (net)
                  0.06    0.00   10.40 ^ _355_/CLK (sky130_fd_sc_hd__dfrtp_4)
                         -0.25   10.15   clock uncertainty
                          0.00   10.15   clock reconvergence pessimism
                          0.21   10.36   library recovery time
                                 10.36   data required time
-----------------------------------------------------------------------------
                                 10.36   data required time
                                 -2.62   data arrival time
-----------------------------------------------------------------------------
                                  7.74   slack (MET)


Startpoint: rst (input port clocked by clk)
Endpoint: _335_ (recovery check against rising-edge clock clk)
Path Group: asynchronous
Path Type: max
Corner: Typical

Fanout     Cap    Slew   Delay    Time   Description
-----------------------------------------------------------------------------
                          0.00    0.00   clock clk (rise edge)
                          0.00    0.00   clock network delay (propagated)
                          2.00    2.00 v input external delay
     1    0.00    0.01    0.01    2.01 v rst (in)
                                         rst (net)
                  0.01    0.00    2.01 v input1/A (sky130_fd_sc_hd__clkbuf_4)
     5    0.08    0.15    0.23    2.24 v input1/X (sky130_fd_sc_hd__clkbuf_4)
                                         net1 (net)
                  0.16    0.01    2.25 v _295_/A (sky130_fd_sc_hd__buf_4)
    10    0.09    0.12    0.28    2.53 v _295_/X (sky130_fd_sc_hd__buf_4)
                                         _159_ (net)
                  0.12    0.00    2.53 v _301_/A (sky130_fd_sc_hd__inv_2)
     1    0.01    0.06    0.09    2.63 ^ _301_/Y (sky130_fd_sc_hd__inv_2)
                                         _033_ (net)
                  0.06    0.00    2.63 ^ _335_/RESET_B (sky130_fd_sc_hd__dfrtp_2)
                                  2.63   data arrival time

                         10.00   10.00   clock clk (rise edge)
                          0.00   10.00   clock source latency
     1    0.03    0.12    0.08   10.08 ^ clk (in)
                                         clk (net)
                  0.12    0.00   10.08 ^ clkbuf_0_clk/A (sky130_fd_sc_hd__clkbuf_16)
     4    0.05    0.07    0.17   10.25 ^ clkbuf_0_clk/X (sky130_fd_sc_hd__clkbuf_16)
                                         clknet_0_clk (net)
                  0.07    0.00   10.25 ^ clkbuf_2_2__f_clk/A (sky130_fd_sc_hd__clkbuf_16)
     7    0.05    0.07    0.15   10.40 ^ clkbuf_2_2__f_clk/X (sky130_fd_sc_hd__clkbuf_16)
                                         clknet_2_2__leaf_clk (net)
                  0.07    0.00   10.41 ^ _335_/CLK (sky130_fd_sc_hd__dfrtp_2)
                         -0.25   10.16   clock uncertainty
                          0.00   10.16   clock reconvergence pessimism
                          0.22   10.38   library recovery time
                                 10.38   data required time
-----------------------------------------------------------------------------
                                 10.38   data required time
                                 -2.63   data arrival time
-----------------------------------------------------------------------------
                                  7.75   slack (MET)


Startpoint: rst (input port clocked by clk)
Endpoint: _331_ (recovery check against rising-edge clock clk)
Path Group: asynchronous
Path Type: max
Corner: Typical

Fanout     Cap    Slew   Delay    Time   Description
-----------------------------------------------------------------------------
                          0.00    0.00   clock clk (rise edge)
                          0.00    0.00   clock network delay (propagated)
                          2.00    2.00 v input external delay
     1    0.00    0.01    0.01    2.01 v rst (in)
                                         rst (net)
                  0.01    0.00    2.01 v input1/A (sky130_fd_sc_hd__clkbuf_4)
     5    0.08    0.15    0.23    2.24 v input1/X (sky130_fd_sc_hd__clkbuf_4)
                                         net1 (net)
                  0.16    0.01    2.25 v _295_/A (sky130_fd_sc_hd__buf_4)
    10    0.09    0.12    0.28    2.53 v _295_/X (sky130_fd_sc_hd__buf_4)
                                         _159_ (net)
                  0.12    0.00    2.53 v _297_/A (sky130_fd_sc_hd__inv_2)
     1    0.01    0.06    0.10    2.63 ^ _297_/Y (sky130_fd_sc_hd__inv_2)
                                         _029_ (net)
                  0.06    0.00    2.63 ^ _331_/RESET_B (sky130_fd_sc_hd__dfrtp_4)
                                  2.63   data arrival time

                         10.00   10.00   clock clk (rise edge)
                          0.00   10.00   clock source latency
     1    0.03    0.12    0.08   10.08 ^ clk (in)
                                         clk (net)
                  0.12    0.00   10.08 ^ clkbuf_0_clk/A (sky130_fd_sc_hd__clkbuf_16)
     4    0.05    0.07    0.17   10.25 ^ clkbuf_0_clk/X (sky130_fd_sc_hd__clkbuf_16)
                                         clknet_0_clk (net)
                  0.07    0.00   10.25 ^ clkbuf_2_2__f_clk/A (sky130_fd_sc_hd__clkbuf_16)
     7    0.05    0.07    0.15   10.40 ^ clkbuf_2_2__f_clk/X (sky130_fd_sc_hd__clkbuf_16)
                                         clknet_2_2__leaf_clk (net)
                  0.07    0.01   10.41 ^ _331_/CLK (sky130_fd_sc_hd__dfrtp_4)
                         -0.25   10.16   clock uncertainty
                          0.00   10.16   clock reconvergence pessimism
                          0.22   10.38   library recovery time
                                 10.38   data required time
-----------------------------------------------------------------------------
                                 10.38   data required time
                                 -2.63   data arrival time
-----------------------------------------------------------------------------
                                  7.76   slack (MET)


Startpoint: rst (input port clocked by clk)
Endpoint: _342_ (recovery check against rising-edge clock clk)
Path Group: asynchronous
Path Type: max
Corner: Typical

Fanout     Cap    Slew   Delay    Time   Description
-----------------------------------------------------------------------------
                          0.00    0.00   clock clk (rise edge)
                          0.00    0.00   clock network delay (propagated)
                          2.00    2.00 v input external delay
     1    0.00    0.01    0.01    2.01 v rst (in)
                                         rst (net)
                  0.01    0.00    2.01 v input1/A (sky130_fd_sc_hd__clkbuf_4)
     5    0.08    0.15    0.23    2.24 v input1/X (sky130_fd_sc_hd__clkbuf_4)
                                         net1 (net)
                  0.16    0.01    2.25 v _306_/A (sky130_fd_sc_hd__clkbuf_8)
    10    0.09    0.10    0.26    2.51 v _306_/X (sky130_fd_sc_hd__clkbuf_8)
                                         _160_ (net)
                  0.11    0.02    2.53 v _309_/A (sky130_fd_sc_hd__inv_2)
     1    0.01    0.05    0.09    2.61 ^ _309_/Y (sky130_fd_sc_hd__inv_2)
                                         _040_ (net)
                  0.05    0.00    2.61 ^ _342_/RESET_B (sky130_fd_sc_hd__dfrtp_2)
                                  2.61   data arrival time

                         10.00   10.00   clock clk (rise edge)
                          0.00   10.00   clock source latency
     1    0.03    0.12    0.08   10.08 ^ clk (in)
                                         clk (net)
                  0.12    0.00   10.08 ^ clkbuf_0_clk/A (sky130_fd_sc_hd__clkbuf_16)
     4    0.05    0.07    0.17   10.25 ^ clkbuf_0_clk/X (sky130_fd_sc_hd__clkbuf_16)
                                         clknet_0_clk (net)
                  0.07    0.00   10.25 ^ clkbuf_2_1__f_clk/A (sky130_fd_sc_hd__clkbuf_16)
    11    0.04    0.06    0.14   10.40 ^ clkbuf_2_1__f_clk/X (sky130_fd_sc_hd__clkbuf_16)
                                         clknet_2_1__leaf_clk (net)
                  0.06    0.00   10.40 ^ _342_/CLK (sky130_fd_sc_hd__dfrtp_2)
                         -0.25   10.15   clock uncertainty
                          0.00   10.15   clock reconvergence pessimism
                          0.22   10.37   library recovery time
                                 10.37   data required time
-----------------------------------------------------------------------------
                                 10.37   data required time
                                 -2.61   data arrival time
-----------------------------------------------------------------------------
                                  7.76   slack (MET)


Startpoint: rst (input port clocked by clk)
Endpoint: _352_ (recovery check against rising-edge clock clk)
Path Group: asynchronous
Path Type: max
Corner: Typical

Fanout     Cap    Slew   Delay    Time   Description
-----------------------------------------------------------------------------
                          0.00    0.00   clock clk (rise edge)
                          0.00    0.00   clock network delay (propagated)
                          2.00    2.00 v input external delay
     1    0.00    0.01    0.01    2.01 v rst (in)
                                         rst (net)
                  0.01    0.00    2.01 v input1/A (sky130_fd_sc_hd__clkbuf_4)
     5    0.08    0.15    0.23    2.24 v input1/X (sky130_fd_sc_hd__clkbuf_4)
                                         net1 (net)
                  0.16    0.01    2.25 v _317_/A (sky130_fd_sc_hd__clkbuf_8)
    10    0.08    0.10    0.26    2.50 v _317_/X (sky130_fd_sc_hd__clkbuf_8)
                                         _161_ (net)
                  0.10    0.00    2.51 v _320_/A (sky130_fd_sc_hd__inv_2)
     1    0.02    0.09    0.11    2.62 ^ _320_/Y (sky130_fd_sc_hd__inv_2)
                                         _050_ (net)
                  0.09    0.00    2.62 ^ _352_/RESET_B (sky130_fd_sc_hd__dfrtp_1)
                                  2.62   data arrival time

                         10.00   10.00   clock clk (rise edge)
                          0.00   10.00   clock source latency
     1    0.03    0.12    0.08   10.08 ^ clk (in)
                                         clk (net)
                  0.12    0.00   10.08 ^ clkbuf_0_clk/A (sky130_fd_sc_hd__clkbuf_16)
     4    0.05    0.07    0.17   10.25 ^ clkbuf_0_clk/X (sky130_fd_sc_hd__clkbuf_16)
                                         clknet_0_clk (net)
                  0.07    0.00   10.25 ^ clkbuf_2_0__f_clk/A (sky130_fd_sc_hd__clkbuf_16)
     9    0.05    0.07    0.15   10.40 ^ clkbuf_2_0__f_clk/X (sky130_fd_sc_hd__clkbuf_16)
                                         clknet_2_0__leaf_clk (net)
                  0.07    0.00   10.40 ^ _352_/CLK (sky130_fd_sc_hd__dfrtp_1)
                         -0.25   10.15   clock uncertainty
                          0.00   10.15   clock reconvergence pessimism
                          0.23   10.38   library recovery time
                                 10.38   data required time
-----------------------------------------------------------------------------
                                 10.38   data required time
                                 -2.62   data arrival time
-----------------------------------------------------------------------------
                                  7.76   slack (MET)


Startpoint: rst (input port clocked by clk)
Endpoint: _345_ (recovery check against rising-edge clock clk)
Path Group: asynchronous
Path Type: max
Corner: Typical

Fanout     Cap    Slew   Delay    Time   Description
-----------------------------------------------------------------------------
                          0.00    0.00   clock clk (rise edge)
                          0.00    0.00   clock network delay (propagated)
                          2.00    2.00 v input external delay
     1    0.00    0.01    0.01    2.01 v rst (in)
                                         rst (net)
                  0.01    0.00    2.01 v input1/A (sky130_fd_sc_hd__clkbuf_4)
     5    0.08    0.15    0.23    2.24 v input1/X (sky130_fd_sc_hd__clkbuf_4)
                                         net1 (net)
                  0.16    0.01    2.25 v _306_/A (sky130_fd_sc_hd__clkbuf_8)
    10    0.09    0.10    0.26    2.51 v _306_/X (sky130_fd_sc_hd__clkbuf_8)
                                         _160_ (net)
                  0.11    0.02    2.53 v _312_/A (sky130_fd_sc_hd__inv_2)
     1    0.00    0.04    0.07    2.60 ^ _312_/Y (sky130_fd_sc_hd__inv_2)
                                         _043_ (net)
                  0.04    0.00    2.60 ^ _345_/RESET_B (sky130_fd_sc_hd__dfrtp_2)
                                  2.60   data arrival time

                         10.00   10.00   clock clk (rise edge)
                          0.00   10.00   clock source latency
     1    0.03    0.12    0.08   10.08 ^ clk (in)
                                         clk (net)
                  0.12    0.00   10.08 ^ clkbuf_0_clk/A (sky130_fd_sc_hd__clkbuf_16)
     4    0.05    0.07    0.17   10.25 ^ clkbuf_0_clk/X (sky130_fd_sc_hd__clkbuf_16)
                                         clknet_0_clk (net)
                  0.07    0.00   10.25 ^ clkbuf_2_3__f_clk/A (sky130_fd_sc_hd__clkbuf_16)
     8    0.04    0.06    0.15   10.40 ^ clkbuf_2_3__f_clk/X (sky130_fd_sc_hd__clkbuf_16)
                                         clknet_2_3__leaf_clk (net)
                  0.06    0.00   10.40 ^ _345_/CLK (sky130_fd_sc_hd__dfrtp_2)
                         -0.25   10.15   clock uncertainty
                          0.00   10.15   clock reconvergence pessimism
                          0.23   10.38   library recovery time
                                 10.38   data required time
-----------------------------------------------------------------------------
                                 10.38   data required time
                                 -2.60   data arrival time
-----------------------------------------------------------------------------
                                  7.78   slack (MET)


Startpoint: rst (input port clocked by clk)
Endpoint: _357_ (recovery check against rising-edge clock clk)
Path Group: asynchronous
Path Type: max
Corner: Typical

Fanout     Cap    Slew   Delay    Time   Description
-----------------------------------------------------------------------------
                          0.00    0.00   clock clk (rise edge)
                          0.00    0.00   clock network delay (propagated)
                          2.00    2.00 v input external delay
     1    0.00    0.01    0.01    2.01 v rst (in)
                                         rst (net)
                  0.01    0.00    2.01 v input1/A (sky130_fd_sc_hd__clkbuf_4)
     5    0.08    0.15    0.23    2.24 v input1/X (sky130_fd_sc_hd__clkbuf_4)
                                         net1 (net)
                  0.16    0.01    2.25 v _317_/A (sky130_fd_sc_hd__clkbuf_8)
    10    0.08    0.10    0.26    2.50 v _317_/X (sky130_fd_sc_hd__clkbuf_8)
                                         _161_ (net)
                  0.10    0.01    2.51 v _325_/A (sky130_fd_sc_hd__inv_2)
     1    0.01    0.06    0.09    2.61 ^ _325_/Y (sky130_fd_sc_hd__inv_2)
                                         _055_ (net)
                  0.06    0.00    2.61 ^ _357_/RESET_B (sky130_fd_sc_hd__dfrtp_4)
                                  2.61   data arrival time

                         10.00   10.00   clock clk (rise edge)
                          0.00   10.00   clock source latency
     1    0.03    0.12    0.08   10.08 ^ clk (in)
                                         clk (net)
                  0.12    0.00   10.08 ^ clkbuf_0_clk/A (sky130_fd_sc_hd__clkbuf_16)
     4    0.05    0.07    0.17   10.25 ^ clkbuf_0_clk/X (sky130_fd_sc_hd__clkbuf_16)
                                         clknet_0_clk (net)
                  0.07    0.00   10.25 ^ clkbuf_2_2__f_clk/A (sky130_fd_sc_hd__clkbuf_16)
     7    0.05    0.07    0.15   10.40 ^ clkbuf_2_2__f_clk/X (sky130_fd_sc_hd__clkbuf_16)
                                         clknet_2_2__leaf_clk (net)
                  0.08    0.01   10.41 ^ _357_/CLK (sky130_fd_sc_hd__dfrtp_4)
                         -0.25   10.16   clock uncertainty
                          0.00   10.16   clock reconvergence pessimism
                          0.22   10.38   library recovery time
                                 10.38   data required time
-----------------------------------------------------------------------------
                                 10.38   data required time
                                 -2.61   data arrival time
-----------------------------------------------------------------------------
                                  7.78   slack (MET)


Startpoint: rst (input port clocked by clk)
Endpoint: _353_ (recovery check against rising-edge clock clk)
Path Group: asynchronous
Path Type: max
Corner: Typical

Fanout     Cap    Slew   Delay    Time   Description
-----------------------------------------------------------------------------
                          0.00    0.00   clock clk (rise edge)
                          0.00    0.00   clock network delay (propagated)
                          2.00    2.00 v input external delay
     1    0.00    0.01    0.01    2.01 v rst (in)
                                         rst (net)
                  0.01    0.00    2.01 v input1/A (sky130_fd_sc_hd__clkbuf_4)
     5    0.08    0.15    0.23    2.24 v input1/X (sky130_fd_sc_hd__clkbuf_4)
                                         net1 (net)
                  0.16    0.01    2.25 v _317_/A (sky130_fd_sc_hd__clkbuf_8)
    10    0.08    0.10    0.26    2.50 v _317_/X (sky130_fd_sc_hd__clkbuf_8)
                                         _161_ (net)
                  0.10    0.01    2.51 v _321_/A (sky130_fd_sc_hd__inv_2)
     1    0.01    0.06    0.09    2.60 ^ _321_/Y (sky130_fd_sc_hd__inv_2)
                                         _051_ (net)
                  0.06    0.00    2.60 ^ _353_/RESET_B (sky130_fd_sc_hd__dfrtp_1)
                                  2.60   data arrival time

                         10.00   10.00   clock clk (rise edge)
                          0.00   10.00   clock source latency
     1    0.03    0.12    0.08   10.08 ^ clk (in)
                                         clk (net)
                  0.12    0.00   10.08 ^ clkbuf_0_clk/A (sky130_fd_sc_hd__clkbuf_16)
     4    0.05    0.07    0.17   10.25 ^ clkbuf_0_clk/X (sky130_fd_sc_hd__clkbuf_16)
                                         clknet_0_clk (net)
                  0.07    0.00   10.25 ^ clkbuf_2_1__f_clk/A (sky130_fd_sc_hd__clkbuf_16)
    11    0.04    0.06    0.14   10.40 ^ clkbuf_2_1__f_clk/X (sky130_fd_sc_hd__clkbuf_16)
                                         clknet_2_1__leaf_clk (net)
                  0.06    0.00   10.40 ^ _353_/CLK (sky130_fd_sc_hd__dfrtp_1)
                         -0.25   10.15   clock uncertainty
                          0.00   10.15   clock reconvergence pessimism
                          0.23   10.38   library recovery time
                                 10.38   data required time
-----------------------------------------------------------------------------
                                 10.38   data required time
                                 -2.60   data arrival time
-----------------------------------------------------------------------------
                                  7.78   slack (MET)


Startpoint: rst (input port clocked by clk)
Endpoint: _346_ (recovery check against rising-edge clock clk)
Path Group: asynchronous
Path Type: max
Corner: Typical

Fanout     Cap    Slew   Delay    Time   Description
-----------------------------------------------------------------------------
                          0.00    0.00   clock clk (rise edge)
                          0.00    0.00   clock network delay (propagated)
                          2.00    2.00 v input external delay
     1    0.00    0.01    0.01    2.01 v rst (in)
                                         rst (net)
                  0.01    0.00    2.01 v input1/A (sky130_fd_sc_hd__clkbuf_4)
     5    0.08    0.15    0.23    2.24 v input1/X (sky130_fd_sc_hd__clkbuf_4)
                                         net1 (net)
                  0.16    0.01    2.25 v _306_/A (sky130_fd_sc_hd__clkbuf_8)
    10    0.09    0.10    0.26    2.51 v _306_/X (sky130_fd_sc_hd__clkbuf_8)
                                         _160_ (net)
                  0.11    0.01    2.52 v _313_/A (sky130_fd_sc_hd__inv_2)
     1    0.01    0.05    0.08    2.60 ^ _313_/Y (sky130_fd_sc_hd__inv_2)
                                         _044_ (net)
                  0.05    0.00    2.60 ^ _346_/RESET_B (sky130_fd_sc_hd__dfrtp_4)
                                  2.60   data arrival time

                         10.00   10.00   clock clk (rise edge)
                          0.00   10.00   clock source latency
     1    0.03    0.12    0.08   10.08 ^ clk (in)
                                         clk (net)
                  0.12    0.00   10.08 ^ clkbuf_0_clk/A (sky130_fd_sc_hd__clkbuf_16)
     4    0.05    0.07    0.17   10.25 ^ clkbuf_0_clk/X (sky130_fd_sc_hd__clkbuf_16)
                                         clknet_0_clk (net)
                  0.07    0.00   10.25 ^ clkbuf_2_2__f_clk/A (sky130_fd_sc_hd__clkbuf_16)
     7    0.05    0.07    0.15   10.40 ^ clkbuf_2_2__f_clk/X (sky130_fd_sc_hd__clkbuf_16)
                                         clknet_2_2__leaf_clk (net)
                  0.07    0.01   10.41 ^ _346_/CLK (sky130_fd_sc_hd__dfrtp_4)
                         -0.25   10.16   clock uncertainty
                          0.00   10.16   clock reconvergence pessimism
                          0.23   10.39   library recovery time
                                 10.39   data required time
-----------------------------------------------------------------------------
                                 10.39   data required time
                                 -2.60   data arrival time
-----------------------------------------------------------------------------
                                  7.79   slack (MET)


Startpoint: rst (input port clocked by clk)
Endpoint: _351_ (recovery check against rising-edge clock clk)
Path Group: asynchronous
Path Type: max
Corner: Typical

Fanout     Cap    Slew   Delay    Time   Description
-----------------------------------------------------------------------------
                          0.00    0.00   clock clk (rise edge)
                          0.00    0.00   clock network delay (propagated)
                          2.00    2.00 v input external delay
     1    0.00    0.01    0.01    2.01 v rst (in)
                                         rst (net)
                  0.01    0.00    2.01 v input1/A (sky130_fd_sc_hd__clkbuf_4)
     5    0.08    0.15    0.23    2.24 v input1/X (sky130_fd_sc_hd__clkbuf_4)
                                         net1 (net)
                  0.16    0.01    2.25 v _317_/A (sky130_fd_sc_hd__clkbuf_8)
    10    0.08    0.10    0.26    2.50 v _317_/X (sky130_fd_sc_hd__clkbuf_8)
                                         _161_ (net)
                  0.10    0.00    2.51 v _319_/A (sky130_fd_sc_hd__inv_2)
     1    0.01    0.05    0.08    2.59 ^ _319_/Y (sky130_fd_sc_hd__inv_2)
                                         _049_ (net)
                  0.05    0.00    2.59 ^ _351_/RESET_B (sky130_fd_sc_hd__dfrtp_2)
                                  2.59   data arrival time

                         10.00   10.00   clock clk (rise edge)
                          0.00   10.00   clock source latency
     1    0.03    0.12    0.08   10.08 ^ clk (in)
                                         clk (net)
                  0.12    0.00   10.08 ^ clkbuf_0_clk/A (sky130_fd_sc_hd__clkbuf_16)
     4    0.05    0.07    0.17   10.25 ^ clkbuf_0_clk/X (sky130_fd_sc_hd__clkbuf_16)
                                         clknet_0_clk (net)
                  0.07    0.00   10.25 ^ clkbuf_2_2__f_clk/A (sky130_fd_sc_hd__clkbuf_16)
     7    0.05    0.07    0.15   10.40 ^ clkbuf_2_2__f_clk/X (sky130_fd_sc_hd__clkbuf_16)
                                         clknet_2_2__leaf_clk (net)
                  0.07    0.01   10.41 ^ _351_/CLK (sky130_fd_sc_hd__dfrtp_2)
                         -0.25   10.16   clock uncertainty
                          0.00   10.16   clock reconvergence pessimism
                          0.23   10.39   library recovery time
                                 10.39   data required time
-----------------------------------------------------------------------------
                                 10.39   data required time
                                 -2.59   data arrival time
-----------------------------------------------------------------------------
                                  7.80   slack (MET)


Startpoint: rst (input port clocked by clk)
Endpoint: _361_ (recovery check against rising-edge clock clk)
Path Group: asynchronous
Path Type: max
Corner: Typical

Fanout     Cap    Slew   Delay    Time   Description
-----------------------------------------------------------------------------
                          0.00    0.00   clock clk (rise edge)
                          0.00    0.00   clock network delay (propagated)
                          2.00    2.00 v input external delay
     1    0.00    0.01    0.01    2.01 v rst (in)
                                         rst (net)
                  0.01    0.00    2.01 v input1/A (sky130_fd_sc_hd__clkbuf_4)
     5    0.08    0.15    0.23    2.24 v input1/X (sky130_fd_sc_hd__clkbuf_4)
                                         net1 (net)
                  0.16    0.01    2.25 v _329_/A (sky130_fd_sc_hd__inv_2)
     1    0.02    0.12    0.16    2.41 ^ _329_/Y (sky130_fd_sc_hd__inv_2)
                                         _059_ (net)
                  0.12    0.00    2.42 ^ _361_/RESET_B (sky130_fd_sc_hd__dfrtp_4)
                                  2.42   data arrival time

                         10.00   10.00   clock clk (rise edge)
                          0.00   10.00   clock source latency
     1    0.03    0.12    0.08   10.08 ^ clk (in)
                                         clk (net)
                  0.12    0.00   10.08 ^ clkbuf_0_clk/A (sky130_fd_sc_hd__clkbuf_16)
     4    0.05    0.07    0.17   10.25 ^ clkbuf_0_clk/X (sky130_fd_sc_hd__clkbuf_16)
                                         clknet_0_clk (net)
                  0.07    0.00   10.25 ^ clkbuf_2_0__f_clk/A (sky130_fd_sc_hd__clkbuf_16)
     9    0.05    0.07    0.15   10.40 ^ clkbuf_2_0__f_clk/X (sky130_fd_sc_hd__clkbuf_16)
                                         clknet_2_0__leaf_clk (net)
                  0.07    0.00   10.40 ^ _361_/CLK (sky130_fd_sc_hd__dfrtp_4)
                         -0.25   10.15   clock uncertainty
                          0.00   10.15   clock reconvergence pessimism
                          0.20   10.35   library recovery time
                                 10.35   data required time
-----------------------------------------------------------------------------
                                 10.35   data required time
                                 -2.42   data arrival time
-----------------------------------------------------------------------------
                                  7.94   slack (MET)


Startpoint: rst (input port clocked by clk)
Endpoint: _360_ (recovery check against rising-edge clock clk)
Path Group: asynchronous
Path Type: max
Corner: Typical

Fanout     Cap    Slew   Delay    Time   Description
-----------------------------------------------------------------------------
                          0.00    0.00   clock clk (rise edge)
                          0.00    0.00   clock network delay (propagated)
                          2.00    2.00 v input external delay
     1    0.00    0.01    0.01    2.01 v rst (in)
                                         rst (net)
                  0.01    0.00    2.01 v input1/A (sky130_fd_sc_hd__clkbuf_4)
     5    0.08    0.15    0.23    2.24 v input1/X (sky130_fd_sc_hd__clkbuf_4)
                                         net1 (net)
                  0.15    0.01    2.24 v _328_/A (sky130_fd_sc_hd__inv_2)
     1    0.02    0.10    0.15    2.39 ^ _328_/Y (sky130_fd_sc_hd__inv_2)
                                         _058_ (net)
                  0.10    0.00    2.39 ^ _360_/RESET_B (sky130_fd_sc_hd__dfrtp_4)
                                  2.39   data arrival time

                         10.00   10.00   clock clk (rise edge)
                          0.00   10.00   clock source latency
     1    0.03    0.12    0.08   10.08 ^ clk (in)
                                         clk (net)
                  0.12    0.00   10.08 ^ clkbuf_0_clk/A (sky130_fd_sc_hd__clkbuf_16)
     4    0.05    0.07    0.17   10.25 ^ clkbuf_0_clk/X (sky130_fd_sc_hd__clkbuf_16)
                                         clknet_0_clk (net)
                  0.07    0.00   10.25 ^ clkbuf_2_3__f_clk/A (sky130_fd_sc_hd__clkbuf_16)
     8    0.04    0.06    0.15   10.40 ^ clkbuf_2_3__f_clk/X (sky130_fd_sc_hd__clkbuf_16)
                                         clknet_2_3__leaf_clk (net)
                  0.06    0.00   10.40 ^ _360_/CLK (sky130_fd_sc_hd__dfrtp_4)
                         -0.25   10.15   clock uncertainty
                          0.00   10.15   clock reconvergence pessimism
                          0.20   10.36   library recovery time
                                 10.36   data required time
-----------------------------------------------------------------------------
                                 10.36   data required time
                                 -2.39   data arrival time
-----------------------------------------------------------------------------
                                  7.96   slack (MET)


Startpoint: _358_ (rising edge-triggered flip-flop clocked by clk)
Endpoint: _361_ (rising edge-triggered flip-flop clocked by clk)
Path Group: clk
Path Type: max
Corner: Typical

Fanout     Cap    Slew   Delay    Time   Description
-----------------------------------------------------------------------------
                          0.00    0.00   clock clk (rise edge)
                          0.00    0.00   clock source latency
     1    0.03    0.12    0.09    0.09 ^ clk (in)
                                         clk (net)
                  0.12    0.00    0.09 ^ clkbuf_0_clk/A (sky130_fd_sc_hd__clkbuf_16)
     4    0.05    0.07    0.19    0.28 ^ clkbuf_0_clk/X (sky130_fd_sc_hd__clkbuf_16)
                                         clknet_0_clk (net)
                  0.07    0.00    0.28 ^ clkbuf_2_2__f_clk/A (sky130_fd_sc_hd__clkbuf_16)
     7    0.05    0.07    0.17    0.45 ^ clkbuf_2_2__f_clk/X (sky130_fd_sc_hd__clkbuf_16)
                                         clknet_2_2__leaf_clk (net)
                  0.07    0.01    0.45 ^ _358_/CLK (sky130_fd_sc_hd__dfrtp_4)
     8    0.07    0.20    0.57    1.02 ^ _358_/Q (sky130_fd_sc_hd__dfrtp_4)
                                         decoder.digit[0] (net)
                  0.20    0.01    1.03 ^ _162_/C (sky130_fd_sc_hd__and3_2)
     3    0.04    0.20    0.35    1.39 ^ _162_/X (sky130_fd_sc_hd__and3_2)
                                         _064_ (net)
                  0.20    0.01    1.39 ^ _163_/B (sky130_fd_sc_hd__nand2_1)
     2    0.02    0.15    0.18    1.57 v _163_/Y (sky130_fd_sc_hd__nand2_1)
                                         _065_ (net)
                  0.15    0.00    1.57 v _164_/B (sky130_fd_sc_hd__xnor2_1)
     1    0.01    0.28    0.31    1.88 ^ _164_/Y (sky130_fd_sc_hd__xnor2_1)
                                         _063_ (net)
                  0.28    0.00    1.88 ^ _361_/D (sky130_fd_sc_hd__dfrtp_4)
                                  1.88   data arrival time

                         10.00   10.00   clock clk (rise edge)
                          0.00   10.00   clock source latency
     1    0.03    0.12    0.08   10.08 ^ clk (in)
                                         clk (net)
                  0.12    0.00   10.08 ^ clkbuf_0_clk/A (sky130_fd_sc_hd__clkbuf_16)
     4    0.05    0.07    0.17   10.25 ^ clkbuf_0_clk/X (sky130_fd_sc_hd__clkbuf_16)
                                         clknet_0_clk (net)
                  0.07    0.00   10.25 ^ clkbuf_2_0__f_clk/A (sky130_fd_sc_hd__clkbuf_16)
     9    0.05    0.07    0.15   10.40 ^ clkbuf_2_0__f_clk/X (sky130_fd_sc_hd__clkbuf_16)
                                         clknet_2_0__leaf_clk (net)
                  0.07    0.00   10.40 ^ _361_/CLK (sky130_fd_sc_hd__dfrtp_4)
                         -0.25   10.15   clock uncertainty
                          0.03   10.18   clock reconvergence pessimism
                         -0.12   10.07   library setup time
                                 10.07   data required time
-----------------------------------------------------------------------------
                                 10.07   data required time
                                 -1.88   data arrival time
-----------------------------------------------------------------------------
                                  8.18   slack (MET)


Startpoint: _358_ (rising edge-triggered flip-flop clocked by clk)
Endpoint: _359_ (rising edge-triggered flip-flop clocked by clk)
Path Group: clk
Path Type: max
Corner: Typical

Fanout     Cap    Slew   Delay    Time   Description
-----------------------------------------------------------------------------
                          0.00    0.00   clock clk (rise edge)
                          0.00    0.00   clock source latency
     1    0.03    0.12    0.09    0.09 ^ clk (in)
                                         clk (net)
                  0.12    0.00    0.09 ^ clkbuf_0_clk/A (sky130_fd_sc_hd__clkbuf_16)
     4    0.05    0.07    0.19    0.28 ^ clkbuf_0_clk/X (sky130_fd_sc_hd__clkbuf_16)
                                         clknet_0_clk (net)
                  0.07    0.00    0.28 ^ clkbuf_2_2__f_clk/A (sky130_fd_sc_hd__clkbuf_16)
     7    0.05    0.07    0.17    0.45 ^ clkbuf_2_2__f_clk/X (sky130_fd_sc_hd__clkbuf_16)
                                         clknet_2_2__leaf_clk (net)
                  0.07    0.01    0.45 ^ _358_/CLK (sky130_fd_sc_hd__dfrtp_4)
     8    0.06    0.13    0.60    1.06 v _358_/Q (sky130_fd_sc_hd__dfrtp_4)
                                         decoder.digit[0] (net)
                  0.13    0.01    1.07 v _162_/C (sky130_fd_sc_hd__and3_2)
     3    0.04    0.11    0.35    1.42 v _162_/X (sky130_fd_sc_hd__and3_2)
                                         _064_ (net)
                  0.11    0.01    1.42 v _172_/A (sky130_fd_sc_hd__nor2_1)
     1    0.02    0.38    0.36    1.79 ^ _172_/Y (sky130_fd_sc_hd__nor2_1)
                                         _061_ (net)
                  0.38    0.00    1.79 ^ _359_/D (sky130_fd_sc_hd__dfrtp_4)
                                  1.79   data arrival time

                         10.00   10.00   clock clk (rise edge)
                          0.00   10.00   clock source latency
     1    0.03    0.12    0.08   10.08 ^ clk (in)
                                         clk (net)
                  0.12    0.00   10.08 ^ clkbuf_0_clk/A (sky130_fd_sc_hd__clkbuf_16)
     4    0.05    0.07    0.17   10.25 ^ clkbuf_0_clk/X (sky130_fd_sc_hd__clkbuf_16)
                                         clknet_0_clk (net)
                  0.07    0.00   10.25 ^ clkbuf_2_0__f_clk/A (sky130_fd_sc_hd__clkbuf_16)
     9    0.05    0.07    0.15   10.40 ^ clkbuf_2_0__f_clk/X (sky130_fd_sc_hd__clkbuf_16)
                                         clknet_2_0__leaf_clk (net)
                  0.07    0.00   10.40 ^ _359_/CLK (sky130_fd_sc_hd__dfrtp_4)
                         -0.25   10.15   clock uncertainty
                          0.03   10.18   clock reconvergence pessimism
                         -0.14   10.04   library setup time
                                 10.04   data required time
-----------------------------------------------------------------------------
                                 10.04   data required time
                                 -1.79   data arrival time
-----------------------------------------------------------------------------
                                  8.25   slack (MET)



worst slack corner Typical: 4.7859
