
===========================================================================
report_checks -path_delay min (Hold)
============================================================================
======================= Fastest Corner ===================================

Startpoint: _355_ (rising edge-triggered flip-flop clocked by clk)
Endpoint: _356_ (rising edge-triggered flip-flop clocked by clk)
Path Group: clk
Path Type: min
Corner: Fastest

Fanout     Cap    Slew   Delay    Time   Description
-----------------------------------------------------------------------------
                          0.00    0.00   clock clk (rise edge)
                          0.00    0.00   clock source latency
     1    0.03    0.09    0.06    0.06 ^ clk (in)
                                         clk (net)
                  0.09    0.00    0.06 ^ clkbuf_0_clk/A (sky130_fd_sc_hd__clkbuf_16)
     4    0.05    0.05    0.11    0.17 ^ clkbuf_0_clk/X (sky130_fd_sc_hd__clkbuf_16)
                                         clknet_0_clk (net)
                  0.06    0.00    0.18 ^ clkbuf_2_1__f_clk/A (sky130_fd_sc_hd__clkbuf_16)
    11    0.04    0.04    0.10    0.28 ^ clkbuf_2_1__f_clk/X (sky130_fd_sc_hd__clkbuf_16)
                                         clknet_2_1__leaf_clk (net)
                  0.05    0.00    0.28 ^ _355_/CLK (sky130_fd_sc_hd__dfrtp_4)
     4    0.05    0.11    0.30    0.58 ^ _355_/Q (sky130_fd_sc_hd__dfrtp_4)
                                         one_second_counter[25] (net)
                  0.11    0.00    0.58 ^ _284_/A2 (sky130_fd_sc_hd__o211a_1)
     1    0.00    0.04    0.09    0.67 ^ _284_/X (sky130_fd_sc_hd__o211a_1)
                                         _018_ (net)
                  0.04    0.00    0.67 ^ _356_/D (sky130_fd_sc_hd__dfrtp_1)
                                  0.67   data arrival time

                          0.00    0.00   clock clk (rise edge)
                          0.00    0.00   clock source latency
     1    0.03    0.09    0.07    0.07 ^ clk (in)
                                         clk (net)
                  0.09    0.00    0.07 ^ clkbuf_0_clk/A (sky130_fd_sc_hd__clkbuf_16)
     4    0.05    0.05    0.13    0.19 ^ clkbuf_0_clk/X (sky130_fd_sc_hd__clkbuf_16)
                                         clknet_0_clk (net)
                  0.06    0.00    0.20 ^ clkbuf_2_1__f_clk/A (sky130_fd_sc_hd__clkbuf_16)
    11    0.04    0.04    0.11    0.30 ^ clkbuf_2_1__f_clk/X (sky130_fd_sc_hd__clkbuf_16)
                                         clknet_2_1__leaf_clk (net)
                  0.05    0.00    0.31 ^ _356_/CLK (sky130_fd_sc_hd__dfrtp_1)
                          0.25    0.56   clock uncertainty
                         -0.03    0.53   clock reconvergence pessimism
                         -0.02    0.51   library hold time
                                  0.51   data required time
-----------------------------------------------------------------------------
                                  0.51   data required time
                                 -0.67   data arrival time
-----------------------------------------------------------------------------
                                  0.16   slack (MET)


Startpoint: _330_ (rising edge-triggered flip-flop clocked by clk)
Endpoint: _330_ (rising edge-triggered flip-flop clocked by clk)
Path Group: clk
Path Type: min
Corner: Fastest

Fanout     Cap    Slew   Delay    Time   Description
-----------------------------------------------------------------------------
                          0.00    0.00   clock clk (rise edge)
                          0.00    0.00   clock source latency
     1    0.03    0.09    0.06    0.06 ^ clk (in)
                                         clk (net)
                  0.09    0.00    0.06 ^ clkbuf_0_clk/A (sky130_fd_sc_hd__clkbuf_16)
     4    0.05    0.05    0.11    0.17 ^ clkbuf_0_clk/X (sky130_fd_sc_hd__clkbuf_16)
                                         clknet_0_clk (net)
                  0.06    0.00    0.18 ^ clkbuf_2_1__f_clk/A (sky130_fd_sc_hd__clkbuf_16)
    11    0.04    0.04    0.10    0.28 ^ clkbuf_2_1__f_clk/X (sky130_fd_sc_hd__clkbuf_16)
                                         clknet_2_1__leaf_clk (net)
                  0.05    0.00    0.28 ^ _330_/CLK (sky130_fd_sc_hd__dfrtp_4)
     7    0.06    0.15    0.32    0.60 ^ _330_/Q (sky130_fd_sc_hd__dfrtp_4)
                                         one_second_counter[0] (net)
                  0.15    0.01    0.61 ^ _190_/A (sky130_fd_sc_hd__nor2_1)
     1    0.01    0.06    0.06    0.67 v _190_/Y (sky130_fd_sc_hd__nor2_1)
                                         _000_ (net)
                  0.06    0.00    0.67 v _330_/D (sky130_fd_sc_hd__dfrtp_4)
                                  0.67   data arrival time

                          0.00    0.00   clock clk (rise edge)
                          0.00    0.00   clock source latency
     1    0.03    0.09    0.07    0.07 ^ clk (in)
                                         clk (net)
                  0.09    0.00    0.07 ^ clkbuf_0_clk/A (sky130_fd_sc_hd__clkbuf_16)
     4    0.05    0.05    0.13    0.19 ^ clkbuf_0_clk/X (sky130_fd_sc_hd__clkbuf_16)
                                         clknet_0_clk (net)
                  0.06    0.00    0.20 ^ clkbuf_2_1__f_clk/A (sky130_fd_sc_hd__clkbuf_16)
    11    0.04    0.04    0.11    0.30 ^ clkbuf_2_1__f_clk/X (sky130_fd_sc_hd__clkbuf_16)
                                         clknet_2_1__leaf_clk (net)
                  0.05    0.00    0.31 ^ _330_/CLK (sky130_fd_sc_hd__dfrtp_4)
                          0.25    0.56   clock uncertainty
                         -0.03    0.53   clock reconvergence pessimism
                         -0.04    0.49   library hold time
                                  0.49   data required time
-----------------------------------------------------------------------------
                                  0.49   data required time
                                 -0.67   data arrival time
-----------------------------------------------------------------------------
                                  0.17   slack (MET)


Startpoint: _361_ (rising edge-triggered flip-flop clocked by clk)
Endpoint: _361_ (rising edge-triggered flip-flop clocked by clk)
Path Group: clk
Path Type: min
Corner: Fastest

Fanout     Cap    Slew   Delay    Time   Description
-----------------------------------------------------------------------------
                          0.00    0.00   clock clk (rise edge)
                          0.00    0.00   clock source latency
     1    0.03    0.09    0.06    0.06 ^ clk (in)
                                         clk (net)
                  0.09    0.00    0.06 ^ clkbuf_0_clk/A (sky130_fd_sc_hd__clkbuf_16)
     4    0.05    0.05    0.11    0.17 ^ clkbuf_0_clk/X (sky130_fd_sc_hd__clkbuf_16)
                                         clknet_0_clk (net)
                  0.05    0.00    0.18 ^ clkbuf_2_0__f_clk/A (sky130_fd_sc_hd__clkbuf_16)
     9    0.05    0.05    0.10    0.28 ^ clkbuf_2_0__f_clk/X (sky130_fd_sc_hd__clkbuf_16)
                                         clknet_2_0__leaf_clk (net)
                  0.05    0.00    0.28 ^ _361_/CLK (sky130_fd_sc_hd__dfrtp_4)
     6    0.05    0.13    0.31    0.59 ^ _361_/Q (sky130_fd_sc_hd__dfrtp_4)
                                         decoder.digit[3] (net)
                  0.13    0.01    0.60 ^ _164_/A (sky130_fd_sc_hd__xnor2_1)
     1    0.01    0.06    0.08    0.68 v _164_/Y (sky130_fd_sc_hd__xnor2_1)
                                         _063_ (net)
                  0.06    0.00    0.68 v _361_/D (sky130_fd_sc_hd__dfrtp_4)
                                  0.68   data arrival time

                          0.00    0.00   clock clk (rise edge)
                          0.00    0.00   clock source latency
     1    0.03    0.09    0.07    0.07 ^ clk (in)
                                         clk (net)
                  0.09    0.00    0.07 ^ clkbuf_0_clk/A (sky130_fd_sc_hd__clkbuf_16)
     4    0.05    0.05    0.13    0.19 ^ clkbuf_0_clk/X (sky130_fd_sc_hd__clkbuf_16)
                                         clknet_0_clk (net)
                  0.05    0.00    0.20 ^ clkbuf_2_0__f_clk/A (sky130_fd_sc_hd__clkbuf_16)
     9    0.05    0.05    0.11    0.31 ^ clkbuf_2_0__f_clk/X (sky130_fd_sc_hd__clkbuf_16)
                                         clknet_2_0__leaf_clk (net)
                  0.05    0.00    0.31 ^ _361_/CLK (sky130_fd_sc_hd__dfrtp_4)
                          0.25    0.56   clock uncertainty
                         -0.03    0.53   clock reconvergence pessimism
                         -0.03    0.50   library hold time
                                  0.50   data required time
-----------------------------------------------------------------------------
                                  0.50   data required time
                                 -0.68   data arrival time
-----------------------------------------------------------------------------
                                  0.19   slack (MET)


Startpoint: _357_ (rising edge-triggered flip-flop clocked by clk)
Endpoint: _358_ (rising edge-triggered flip-flop clocked by clk)
Path Group: clk
Path Type: min
Corner: Fastest

Fanout     Cap    Slew   Delay    Time   Description
-----------------------------------------------------------------------------
                          0.00    0.00   clock clk (rise edge)
                          0.00    0.00   clock source latency
     1    0.03    0.09    0.06    0.06 ^ clk (in)
                                         clk (net)
                  0.09    0.00    0.06 ^ clkbuf_0_clk/A (sky130_fd_sc_hd__clkbuf_16)
     4    0.05    0.05    0.11    0.17 ^ clkbuf_0_clk/X (sky130_fd_sc_hd__clkbuf_16)
                                         clknet_0_clk (net)
                  0.06    0.00    0.18 ^ clkbuf_2_2__f_clk/A (sky130_fd_sc_hd__clkbuf_16)
     7    0.05    0.06    0.10    0.28 ^ clkbuf_2_2__f_clk/X (sky130_fd_sc_hd__clkbuf_16)
                                         clknet_2_2__leaf_clk (net)
                  0.06    0.01    0.29 ^ _357_/CLK (sky130_fd_sc_hd__dfrtp_4)
     5    0.05    0.12    0.31    0.60 ^ _357_/Q (sky130_fd_sc_hd__dfrtp_4)
                                         one_second_enable (net)
                  0.12    0.01    0.60 ^ _174_/A1 (sky130_fd_sc_hd__a21oi_1)
     1    0.02    0.09    0.09    0.70 v _174_/Y (sky130_fd_sc_hd__a21oi_1)
                                         _060_ (net)
                  0.09    0.00    0.70 v _358_/D (sky130_fd_sc_hd__dfrtp_4)
                                  0.70   data arrival time

                          0.00    0.00   clock clk (rise edge)
                          0.00    0.00   clock source latency
     1    0.03    0.09    0.07    0.07 ^ clk (in)
                                         clk (net)
                  0.09    0.00    0.07 ^ clkbuf_0_clk/A (sky130_fd_sc_hd__clkbuf_16)
     4    0.05    0.05    0.13    0.19 ^ clkbuf_0_clk/X (sky130_fd_sc_hd__clkbuf_16)
                                         clknet_0_clk (net)
                  0.06    0.00    0.20 ^ clkbuf_2_2__f_clk/A (sky130_fd_sc_hd__clkbuf_16)
     7    0.05    0.06    0.11    0.31 ^ clkbuf_2_2__f_clk/X (sky130_fd_sc_hd__clkbuf_16)
                                         clknet_2_2__leaf_clk (net)
                  0.06    0.01    0.32 ^ _358_/CLK (sky130_fd_sc_hd__dfrtp_4)
                          0.25    0.57   clock uncertainty
                         -0.03    0.54   clock reconvergence pessimism
                         -0.04    0.49   library hold time
                                  0.49   data required time
-----------------------------------------------------------------------------
                                  0.49   data required time
                                 -0.70   data arrival time
-----------------------------------------------------------------------------
                                  0.20   slack (MET)


Startpoint: _337_ (rising edge-triggered flip-flop clocked by clk)
Endpoint: _337_ (rising edge-triggered flip-flop clocked by clk)
Path Group: clk
Path Type: min
Corner: Fastest

Fanout     Cap    Slew   Delay    Time   Description
-----------------------------------------------------------------------------
                          0.00    0.00   clock clk (rise edge)
                          0.00    0.00   clock source latency
     1    0.03    0.09    0.06    0.06 ^ clk (in)
                                         clk (net)
                  0.09    0.00    0.06 ^ clkbuf_0_clk/A (sky130_fd_sc_hd__clkbuf_16)
     4    0.05    0.05    0.11    0.17 ^ clkbuf_0_clk/X (sky130_fd_sc_hd__clkbuf_16)
                                         clknet_0_clk (net)
                  0.06    0.00    0.18 ^ clkbuf_2_1__f_clk/A (sky130_fd_sc_hd__clkbuf_16)
    11    0.04    0.04    0.10    0.28 ^ clkbuf_2_1__f_clk/X (sky130_fd_sc_hd__clkbuf_16)
                                         clknet_2_1__leaf_clk (net)
                  0.05    0.00    0.28 ^ _337_/CLK (sky130_fd_sc_hd__dfrtp_2)
     2    0.03    0.08    0.28    0.56 v _337_/Q (sky130_fd_sc_hd__dfrtp_2)
                                         one_second_counter[7] (net)
                  0.08    0.00    0.56 v _214_/A (sky130_fd_sc_hd__inv_2)
     1    0.01    0.04    0.05    0.61 ^ _214_/Y (sky130_fd_sc_hd__inv_2)
                                         _104_ (net)
                  0.04    0.00    0.61 ^ _215_/A1 (sky130_fd_sc_hd__a211oi_1)
     1    0.02    0.08    0.09    0.70 v _215_/Y (sky130_fd_sc_hd__a211oi_1)
                                         _024_ (net)
                  0.08    0.00    0.70 v _337_/D (sky130_fd_sc_hd__dfrtp_2)
                                  0.70   data arrival time

                          0.00    0.00   clock clk (rise edge)
                          0.00    0.00   clock source latency
     1    0.03    0.09    0.07    0.07 ^ clk (in)
                                         clk (net)
                  0.09    0.00    0.07 ^ clkbuf_0_clk/A (sky130_fd_sc_hd__clkbuf_16)
     4    0.05    0.05    0.13    0.19 ^ clkbuf_0_clk/X (sky130_fd_sc_hd__clkbuf_16)
                                         clknet_0_clk (net)
                  0.06    0.00    0.20 ^ clkbuf_2_1__f_clk/A (sky130_fd_sc_hd__clkbuf_16)
    11    0.04    0.04    0.11    0.30 ^ clkbuf_2_1__f_clk/X (sky130_fd_sc_hd__clkbuf_16)
                                         clknet_2_1__leaf_clk (net)
                  0.05    0.00    0.31 ^ _337_/CLK (sky130_fd_sc_hd__dfrtp_2)
                          0.25    0.56   clock uncertainty
                         -0.03    0.53   clock reconvergence pessimism
                         -0.04    0.48   library hold time
                                  0.48   data required time
-----------------------------------------------------------------------------
                                  0.48   data required time
                                 -0.70   data arrival time
-----------------------------------------------------------------------------
                                  0.22   slack (MET)


Startpoint: _353_ (rising edge-triggered flip-flop clocked by clk)
Endpoint: _353_ (rising edge-triggered flip-flop clocked by clk)
Path Group: clk
Path Type: min
Corner: Fastest

Fanout     Cap    Slew   Delay    Time   Description
-----------------------------------------------------------------------------
                          0.00    0.00   clock clk (rise edge)
                          0.00    0.00   clock source latency
     1    0.03    0.09    0.06    0.06 ^ clk (in)
                                         clk (net)
                  0.09    0.00    0.06 ^ clkbuf_0_clk/A (sky130_fd_sc_hd__clkbuf_16)
     4    0.05    0.05    0.11    0.17 ^ clkbuf_0_clk/X (sky130_fd_sc_hd__clkbuf_16)
                                         clknet_0_clk (net)
                  0.06    0.00    0.18 ^ clkbuf_2_1__f_clk/A (sky130_fd_sc_hd__clkbuf_16)
    11    0.04    0.04    0.10    0.28 ^ clkbuf_2_1__f_clk/X (sky130_fd_sc_hd__clkbuf_16)
                                         clknet_2_1__leaf_clk (net)
                  0.04    0.00    0.28 ^ _353_/CLK (sky130_fd_sc_hd__dfrtp_1)
     2    0.02    0.07    0.26    0.54 v _353_/Q (sky130_fd_sc_hd__dfrtp_1)
                                         one_second_counter[23] (net)
                  0.07    0.00    0.54 v _273_/A (sky130_fd_sc_hd__inv_2)
     1    0.03    0.10    0.10    0.64 ^ _273_/Y (sky130_fd_sc_hd__inv_2)
                                         _147_ (net)
                  0.10    0.00    0.64 ^ _275_/A1 (sky130_fd_sc_hd__a221oi_2)
     1    0.02    0.06    0.07    0.71 v _275_/Y (sky130_fd_sc_hd__a221oi_2)
                                         _015_ (net)
                  0.06    0.00    0.71 v _353_/D (sky130_fd_sc_hd__dfrtp_1)
                                  0.71   data arrival time

                          0.00    0.00   clock clk (rise edge)
                          0.00    0.00   clock source latency
     1    0.03    0.09    0.07    0.07 ^ clk (in)
                                         clk (net)
                  0.09    0.00    0.07 ^ clkbuf_0_clk/A (sky130_fd_sc_hd__clkbuf_16)
     4    0.05    0.05    0.13    0.19 ^ clkbuf_0_clk/X (sky130_fd_sc_hd__clkbuf_16)
                                         clknet_0_clk (net)
                  0.06    0.00    0.20 ^ clkbuf_2_1__f_clk/A (sky130_fd_sc_hd__clkbuf_16)
    11    0.04    0.04    0.11    0.30 ^ clkbuf_2_1__f_clk/X (sky130_fd_sc_hd__clkbuf_16)
                                         clknet_2_1__leaf_clk (net)
                  0.04    0.00    0.31 ^ _353_/CLK (sky130_fd_sc_hd__dfrtp_1)
                          0.25    0.56   clock uncertainty
                         -0.03    0.53   clock reconvergence pessimism
                         -0.04    0.49   library hold time
                                  0.49   data required time
-----------------------------------------------------------------------------
                                  0.49   data required time
                                 -0.71   data arrival time
-----------------------------------------------------------------------------
                                  0.22   slack (MET)


Startpoint: _345_ (rising edge-triggered flip-flop clocked by clk)
Endpoint: _345_ (rising edge-triggered flip-flop clocked by clk)
Path Group: clk
Path Type: min
Corner: Fastest

Fanout     Cap    Slew   Delay    Time   Description
-----------------------------------------------------------------------------
                          0.00    0.00   clock clk (rise edge)
                          0.00    0.00   clock source latency
     1    0.03    0.09    0.06    0.06 ^ clk (in)
                                         clk (net)
                  0.09    0.00    0.06 ^ clkbuf_0_clk/A (sky130_fd_sc_hd__clkbuf_16)
     4    0.05    0.05    0.11    0.17 ^ clkbuf_0_clk/X (sky130_fd_sc_hd__clkbuf_16)
                                         clknet_0_clk (net)
                  0.06    0.00    0.18 ^ clkbuf_2_3__f_clk/A (sky130_fd_sc_hd__clkbuf_16)
     8    0.04    0.05    0.10    0.28 ^ clkbuf_2_3__f_clk/X (sky130_fd_sc_hd__clkbuf_16)
                                         clknet_2_3__leaf_clk (net)
                  0.05    0.00    0.28 ^ _345_/CLK (sky130_fd_sc_hd__dfrtp_2)
     3    0.03    0.08    0.28    0.56 v _345_/Q (sky130_fd_sc_hd__dfrtp_2)
                                         one_second_counter[15] (net)
                  0.08    0.00    0.57 v _243_/A (sky130_fd_sc_hd__inv_2)
     1    0.02    0.07    0.08    0.65 ^ _243_/Y (sky130_fd_sc_hd__inv_2)
                                         _125_ (net)
                  0.07    0.00    0.65 ^ _246_/A1 (sky130_fd_sc_hd__a211oi_2)
     1    0.02    0.07    0.07    0.72 v _246_/Y (sky130_fd_sc_hd__a211oi_2)
                                         _006_ (net)
                  0.07    0.00    0.73 v _345_/D (sky130_fd_sc_hd__dfrtp_2)
                                  0.73   data arrival time

                          0.00    0.00   clock clk (rise edge)
                          0.00    0.00   clock source latency
     1    0.03    0.09    0.07    0.07 ^ clk (in)
                                         clk (net)
                  0.09    0.00    0.07 ^ clkbuf_0_clk/A (sky130_fd_sc_hd__clkbuf_16)
     4    0.05    0.05    0.13    0.19 ^ clkbuf_0_clk/X (sky130_fd_sc_hd__clkbuf_16)
                                         clknet_0_clk (net)
                  0.06    0.00    0.20 ^ clkbuf_2_3__f_clk/A (sky130_fd_sc_hd__clkbuf_16)
     8    0.04    0.05    0.11    0.31 ^ clkbuf_2_3__f_clk/X (sky130_fd_sc_hd__clkbuf_16)
                                         clknet_2_3__leaf_clk (net)
                  0.05    0.00    0.31 ^ _345_/CLK (sky130_fd_sc_hd__dfrtp_2)
                          0.25    0.56   clock uncertainty
                         -0.03    0.53   clock reconvergence pessimism
                         -0.04    0.49   library hold time
                                  0.49   data required time
-----------------------------------------------------------------------------
                                  0.49   data required time
                                 -0.73   data arrival time
-----------------------------------------------------------------------------
                                  0.24   slack (MET)


Startpoint: _351_ (rising edge-triggered flip-flop clocked by clk)
Endpoint: _351_ (rising edge-triggered flip-flop clocked by clk)
Path Group: clk
Path Type: min
Corner: Fastest

Fanout     Cap    Slew   Delay    Time   Description
-----------------------------------------------------------------------------
                          0.00    0.00   clock clk (rise edge)
                          0.00    0.00   clock source latency
     1    0.03    0.09    0.06    0.06 ^ clk (in)
                                         clk (net)
                  0.09    0.00    0.06 ^ clkbuf_0_clk/A (sky130_fd_sc_hd__clkbuf_16)
     4    0.05    0.05    0.11    0.17 ^ clkbuf_0_clk/X (sky130_fd_sc_hd__clkbuf_16)
                                         clknet_0_clk (net)
                  0.06    0.00    0.18 ^ clkbuf_2_2__f_clk/A (sky130_fd_sc_hd__clkbuf_16)
     7    0.05    0.06    0.10    0.28 ^ clkbuf_2_2__f_clk/X (sky130_fd_sc_hd__clkbuf_16)
                                         clknet_2_2__leaf_clk (net)
                  0.06    0.01    0.29 ^ _351_/CLK (sky130_fd_sc_hd__dfrtp_2)
     3    0.04    0.09    0.30    0.58 v _351_/Q (sky130_fd_sc_hd__dfrtp_2)
                                         one_second_counter[21] (net)
                  0.09    0.00    0.58 v _266_/A (sky130_fd_sc_hd__inv_2)
     1    0.03    0.11    0.11    0.69 ^ _266_/Y (sky130_fd_sc_hd__inv_2)
                                         _142_ (net)
                  0.11    0.00    0.70 ^ _268_/A1 (sky130_fd_sc_hd__a211oi_2)
     1    0.02    0.07    0.08    0.77 v _268_/Y (sky130_fd_sc_hd__a211oi_2)
                                         _013_ (net)
                  0.07    0.00    0.77 v _351_/D (sky130_fd_sc_hd__dfrtp_2)
                                  0.77   data arrival time

                          0.00    0.00   clock clk (rise edge)
                          0.00    0.00   clock source latency
     1    0.03    0.09    0.07    0.07 ^ clk (in)
                                         clk (net)
                  0.09    0.00    0.07 ^ clkbuf_0_clk/A (sky130_fd_sc_hd__clkbuf_16)
     4    0.05    0.05    0.13    0.19 ^ clkbuf_0_clk/X (sky130_fd_sc_hd__clkbuf_16)
                                         clknet_0_clk (net)
                  0.06    0.00    0.20 ^ clkbuf_2_2__f_clk/A (sky130_fd_sc_hd__clkbuf_16)
     7    0.05    0.06    0.11    0.31 ^ clkbuf_2_2__f_clk/X (sky130_fd_sc_hd__clkbuf_16)
                                         clknet_2_2__leaf_clk (net)
                  0.06    0.01    0.32 ^ _351_/CLK (sky130_fd_sc_hd__dfrtp_2)
                          0.25    0.57   clock uncertainty
                         -0.03    0.54   clock reconvergence pessimism
                         -0.04    0.50   library hold time
                                  0.50   data required time
-----------------------------------------------------------------------------
                                  0.50   data required time
                                 -0.77   data arrival time
-----------------------------------------------------------------------------
                                  0.28   slack (MET)


Startpoint: _347_ (rising edge-triggered flip-flop clocked by clk)
Endpoint: _347_ (rising edge-triggered flip-flop clocked by clk)
Path Group: clk
Path Type: min
Corner: Fastest

Fanout     Cap    Slew   Delay    Time   Description
-----------------------------------------------------------------------------
                          0.00    0.00   clock clk (rise edge)
                          0.00    0.00   clock source latency
     1    0.03    0.09    0.06    0.06 ^ clk (in)
                                         clk (net)
                  0.09    0.00    0.06 ^ clkbuf_0_clk/A (sky130_fd_sc_hd__clkbuf_16)
     4    0.05    0.05    0.11    0.17 ^ clkbuf_0_clk/X (sky130_fd_sc_hd__clkbuf_16)
                                         clknet_0_clk (net)
                  0.06    0.00    0.18 ^ clkbuf_2_1__f_clk/A (sky130_fd_sc_hd__clkbuf_16)
    11    0.04    0.04    0.10    0.28 ^ clkbuf_2_1__f_clk/X (sky130_fd_sc_hd__clkbuf_16)
                                         clknet_2_1__leaf_clk (net)
                  0.04    0.00    0.28 ^ _347_/CLK (sky130_fd_sc_hd__dfrtp_4)
     7    0.06    0.14    0.32    0.60 ^ _347_/Q (sky130_fd_sc_hd__dfrtp_4)
                                         one_second_counter[17] (net)
                  0.14    0.00    0.60 ^ _251_/A (sky130_fd_sc_hd__xor2_1)
     1    0.02    0.07    0.10    0.70 v _251_/X (sky130_fd_sc_hd__xor2_1)
                                         _131_ (net)
                  0.07    0.00    0.71 v _252_/B (sky130_fd_sc_hd__nor2_1)
     1    0.01    0.08    0.09    0.79 ^ _252_/Y (sky130_fd_sc_hd__nor2_1)
                                         _008_ (net)
                  0.08    0.00    0.79 ^ _347_/D (sky130_fd_sc_hd__dfrtp_4)
                                  0.79   data arrival time

                          0.00    0.00   clock clk (rise edge)
                          0.00    0.00   clock source latency
     1    0.03    0.09    0.07    0.07 ^ clk (in)
                                         clk (net)
                  0.09    0.00    0.07 ^ clkbuf_0_clk/A (sky130_fd_sc_hd__clkbuf_16)
     4    0.05    0.05    0.13    0.19 ^ clkbuf_0_clk/X (sky130_fd_sc_hd__clkbuf_16)
                                         clknet_0_clk (net)
                  0.06    0.00    0.20 ^ clkbuf_2_1__f_clk/A (sky130_fd_sc_hd__clkbuf_16)
    11    0.04    0.04    0.11    0.30 ^ clkbuf_2_1__f_clk/X (sky130_fd_sc_hd__clkbuf_16)
                                         clknet_2_1__leaf_clk (net)
                  0.04    0.00    0.31 ^ _347_/CLK (sky130_fd_sc_hd__dfrtp_4)
                          0.25    0.56   clock uncertainty
                         -0.03    0.53   clock reconvergence pessimism
                         -0.02    0.50   library hold time
                                  0.50   data required time
-----------------------------------------------------------------------------
                                  0.50   data required time
                                 -0.79   data arrival time
-----------------------------------------------------------------------------
                                  0.29   slack (MET)


Startpoint: _348_ (rising edge-triggered flip-flop clocked by clk)
Endpoint: _348_ (rising edge-triggered flip-flop clocked by clk)
Path Group: clk
Path Type: min
Corner: Fastest

Fanout     Cap    Slew   Delay    Time   Description
-----------------------------------------------------------------------------
                          0.00    0.00   clock clk (rise edge)
                          0.00    0.00   clock source latency
     1    0.03    0.09    0.06    0.06 ^ clk (in)
                                         clk (net)
                  0.09    0.00    0.06 ^ clkbuf_0_clk/A (sky130_fd_sc_hd__clkbuf_16)
     4    0.05    0.05    0.11    0.17 ^ clkbuf_0_clk/X (sky130_fd_sc_hd__clkbuf_16)
                                         clknet_0_clk (net)
                  0.05    0.00    0.18 ^ clkbuf_2_0__f_clk/A (sky130_fd_sc_hd__clkbuf_16)
     9    0.05    0.05    0.10    0.28 ^ clkbuf_2_0__f_clk/X (sky130_fd_sc_hd__clkbuf_16)
                                         clknet_2_0__leaf_clk (net)
                  0.05    0.00    0.28 ^ _348_/CLK (sky130_fd_sc_hd__dfrtp_4)
     6    0.05    0.11    0.30    0.58 ^ _348_/Q (sky130_fd_sc_hd__dfrtp_4)
                                         one_second_counter[18] (net)
                  0.11    0.01    0.59 ^ _254_/B1 (sky130_fd_sc_hd__a31o_1)
     1    0.02    0.11    0.12    0.70 ^ _254_/X (sky130_fd_sc_hd__a31o_1)
                                         _133_ (net)
                  0.11    0.00    0.70 ^ _255_/B1 (sky130_fd_sc_hd__o211a_1)
     1    0.02    0.10    0.13    0.83 ^ _255_/X (sky130_fd_sc_hd__o211a_1)
                                         _009_ (net)
                  0.10    0.00    0.83 ^ _348_/D (sky130_fd_sc_hd__dfrtp_4)
                                  0.83   data arrival time

                          0.00    0.00   clock clk (rise edge)
                          0.00    0.00   clock source latency
     1    0.03    0.09    0.07    0.07 ^ clk (in)
                                         clk (net)
                  0.09    0.00    0.07 ^ clkbuf_0_clk/A (sky130_fd_sc_hd__clkbuf_16)
     4    0.05    0.05    0.13    0.19 ^ clkbuf_0_clk/X (sky130_fd_sc_hd__clkbuf_16)
                                         clknet_0_clk (net)
                  0.05    0.00    0.20 ^ clkbuf_2_0__f_clk/A (sky130_fd_sc_hd__clkbuf_16)
     9    0.05    0.05    0.11    0.31 ^ clkbuf_2_0__f_clk/X (sky130_fd_sc_hd__clkbuf_16)
                                         clknet_2_0__leaf_clk (net)
                  0.05    0.00    0.31 ^ _348_/CLK (sky130_fd_sc_hd__dfrtp_4)
                          0.25    0.56   clock uncertainty
                         -0.03    0.53   clock reconvergence pessimism
                         -0.02    0.51   library hold time
                                  0.51   data required time
-----------------------------------------------------------------------------
                                  0.51   data required time
                                 -0.83   data arrival time
-----------------------------------------------------------------------------
                                  0.33   slack (MET)


Startpoint: _333_ (rising edge-triggered flip-flop clocked by clk)
Endpoint: _333_ (rising edge-triggered flip-flop clocked by clk)
Path Group: clk
Path Type: min
Corner: Fastest

Fanout     Cap    Slew   Delay    Time   Description
-----------------------------------------------------------------------------
                          0.00    0.00   clock clk (rise edge)
                          0.00    0.00   clock source latency
     1    0.03    0.09    0.06    0.06 ^ clk (in)
                                         clk (net)
                  0.09    0.00    0.06 ^ clkbuf_0_clk/A (sky130_fd_sc_hd__clkbuf_16)
     4    0.05    0.05    0.11    0.17 ^ clkbuf_0_clk/X (sky130_fd_sc_hd__clkbuf_16)
                                         clknet_0_clk (net)
                  0.06    0.00    0.18 ^ clkbuf_2_3__f_clk/A (sky130_fd_sc_hd__clkbuf_16)
     8    0.04    0.05    0.10    0.28 ^ clkbuf_2_3__f_clk/X (sky130_fd_sc_hd__clkbuf_16)
                                         clknet_2_3__leaf_clk (net)
                  0.05    0.00    0.28 ^ _333_/CLK (sky130_fd_sc_hd__dfrtp_1)
     2    0.02    0.11    0.25    0.53 ^ _333_/Q (sky130_fd_sc_hd__dfrtp_1)
                                         one_second_counter[3] (net)
                  0.11    0.00    0.53 ^ _199_/B1 (sky130_fd_sc_hd__a31o_1)
     1    0.00    0.04    0.06    0.60 ^ _199_/X (sky130_fd_sc_hd__a31o_1)
                                         _093_ (net)
                  0.04    0.00    0.60 ^ _200_/C (sky130_fd_sc_hd__and3b_1)
     1    0.02    0.12    0.15    0.75 ^ _200_/X (sky130_fd_sc_hd__and3b_1)
                                         _094_ (net)
                  0.12    0.00    0.75 ^ _201_/A (sky130_fd_sc_hd__clkbuf_1)
     1    0.01    0.08    0.09    0.84 ^ _201_/X (sky130_fd_sc_hd__clkbuf_1)
                                         _020_ (net)
                  0.08    0.00    0.84 ^ _333_/D (sky130_fd_sc_hd__dfrtp_1)
                                  0.84   data arrival time

                          0.00    0.00   clock clk (rise edge)
                          0.00    0.00   clock source latency
     1    0.03    0.09    0.07    0.07 ^ clk (in)
                                         clk (net)
                  0.09    0.00    0.07 ^ clkbuf_0_clk/A (sky130_fd_sc_hd__clkbuf_16)
     4    0.05    0.05    0.13    0.19 ^ clkbuf_0_clk/X (sky130_fd_sc_hd__clkbuf_16)
                                         clknet_0_clk (net)
                  0.06    0.00    0.20 ^ clkbuf_2_3__f_clk/A (sky130_fd_sc_hd__clkbuf_16)
     8    0.04    0.05    0.11    0.31 ^ clkbuf_2_3__f_clk/X (sky130_fd_sc_hd__clkbuf_16)
                                         clknet_2_3__leaf_clk (net)
                  0.05    0.00    0.31 ^ _333_/CLK (sky130_fd_sc_hd__dfrtp_1)
                          0.25    0.56   clock uncertainty
                         -0.03    0.53   clock reconvergence pessimism
                         -0.02    0.51   library hold time
                                  0.51   data required time
-----------------------------------------------------------------------------
                                  0.51   data required time
                                 -0.84   data arrival time
-----------------------------------------------------------------------------
                                  0.33   slack (MET)


Startpoint: _341_ (rising edge-triggered flip-flop clocked by clk)
Endpoint: _341_ (rising edge-triggered flip-flop clocked by clk)
Path Group: clk
Path Type: min
Corner: Fastest

Fanout     Cap    Slew   Delay    Time   Description
-----------------------------------------------------------------------------
                          0.00    0.00   clock clk (rise edge)
                          0.00    0.00   clock source latency
     1    0.03    0.09    0.06    0.06 ^ clk (in)
                                         clk (net)
                  0.09    0.00    0.06 ^ clkbuf_0_clk/A (sky130_fd_sc_hd__clkbuf_16)
     4    0.05    0.05    0.11    0.17 ^ clkbuf_0_clk/X (sky130_fd_sc_hd__clkbuf_16)
                                         clknet_0_clk (net)
                  0.05    0.00    0.18 ^ clkbuf_2_0__f_clk/A (sky130_fd_sc_hd__clkbuf_16)
     9    0.05    0.05    0.10    0.28 ^ clkbuf_2_0__f_clk/X (sky130_fd_sc_hd__clkbuf_16)
                                         clknet_2_0__leaf_clk (net)
                  0.05    0.00    0.28 ^ _341_/CLK (sky130_fd_sc_hd__dfrtp_4)
     4    0.05    0.11    0.30    0.58 ^ _341_/Q (sky130_fd_sc_hd__dfrtp_4)
                                         one_second_counter[11] (net)
                  0.11    0.01    0.59 ^ _227_/B1 (sky130_fd_sc_hd__a21oi_2)
     1    0.03    0.06    0.06    0.65 v _227_/Y (sky130_fd_sc_hd__a21oi_2)
                                         _113_ (net)
                  0.06    0.00    0.65 v _229_/B (sky130_fd_sc_hd__nor3_1)
     1    0.01    0.19    0.18    0.84 ^ _229_/Y (sky130_fd_sc_hd__nor3_1)
                                         _002_ (net)
                  0.19    0.00    0.84 ^ _341_/D (sky130_fd_sc_hd__dfrtp_4)
                                  0.84   data arrival time

                          0.00    0.00   clock clk (rise edge)
                          0.00    0.00   clock source latency
     1    0.03    0.09    0.07    0.07 ^ clk (in)
                                         clk (net)
                  0.09    0.00    0.07 ^ clkbuf_0_clk/A (sky130_fd_sc_hd__clkbuf_16)
     4    0.05    0.05    0.13    0.19 ^ clkbuf_0_clk/X (sky130_fd_sc_hd__clkbuf_16)
                                         clknet_0_clk (net)
                  0.05    0.00    0.20 ^ clkbuf_2_0__f_clk/A (sky130_fd_sc_hd__clkbuf_16)
     9    0.05    0.05    0.11    0.31 ^ clkbuf_2_0__f_clk/X (sky130_fd_sc_hd__clkbuf_16)
                                         clknet_2_0__leaf_clk (net)
                  0.05    0.00    0.31 ^ _341_/CLK (sky130_fd_sc_hd__dfrtp_4)
                          0.25    0.56   clock uncertainty
                         -0.03    0.53   clock reconvergence pessimism
                         -0.03    0.50   library hold time
                                  0.50   data required time
-----------------------------------------------------------------------------
                                  0.50   data required time
                                 -0.84   data arrival time
-----------------------------------------------------------------------------
                                  0.34   slack (MET)


Startpoint: _339_ (rising edge-triggered flip-flop clocked by clk)
Endpoint: _339_ (rising edge-triggered flip-flop clocked by clk)
Path Group: clk
Path Type: min
Corner: Fastest

Fanout     Cap    Slew   Delay    Time   Description
-----------------------------------------------------------------------------
                          0.00    0.00   clock clk (rise edge)
                          0.00    0.00   clock source latency
     1    0.03    0.09    0.06    0.06 ^ clk (in)
                                         clk (net)
                  0.09    0.00    0.06 ^ clkbuf_0_clk/A (sky130_fd_sc_hd__clkbuf_16)
     4    0.05    0.05    0.11    0.17 ^ clkbuf_0_clk/X (sky130_fd_sc_hd__clkbuf_16)
                                         clknet_0_clk (net)
                  0.05    0.00    0.18 ^ clkbuf_2_0__f_clk/A (sky130_fd_sc_hd__clkbuf_16)
     9    0.05    0.05    0.10    0.28 ^ clkbuf_2_0__f_clk/X (sky130_fd_sc_hd__clkbuf_16)
                                         clknet_2_0__leaf_clk (net)
                  0.05    0.00    0.28 ^ _339_/CLK (sky130_fd_sc_hd__dfrtp_2)
     3    0.04    0.08    0.29    0.57 v _339_/Q (sky130_fd_sc_hd__dfrtp_2)
                                         one_second_counter[9] (net)
                  0.08    0.00    0.57 v _220_/B1 (sky130_fd_sc_hd__a21oi_2)
     1    0.03    0.18    0.16    0.73 ^ _220_/Y (sky130_fd_sc_hd__a21oi_2)
                                         _108_ (net)
                  0.18    0.00    0.73 ^ _222_/B (sky130_fd_sc_hd__nor3_1)
     1    0.02    0.09    0.09    0.82 v _222_/Y (sky130_fd_sc_hd__nor3_1)
                                         _026_ (net)
                  0.09    0.00    0.83 v _339_/D (sky130_fd_sc_hd__dfrtp_2)
                                  0.83   data arrival time

                          0.00    0.00   clock clk (rise edge)
                          0.00    0.00   clock source latency
     1    0.03    0.09    0.07    0.07 ^ clk (in)
                                         clk (net)
                  0.09    0.00    0.07 ^ clkbuf_0_clk/A (sky130_fd_sc_hd__clkbuf_16)
     4    0.05    0.05    0.13    0.19 ^ clkbuf_0_clk/X (sky130_fd_sc_hd__clkbuf_16)
                                         clknet_0_clk (net)
                  0.05    0.00    0.20 ^ clkbuf_2_0__f_clk/A (sky130_fd_sc_hd__clkbuf_16)
     9    0.05    0.05    0.11    0.31 ^ clkbuf_2_0__f_clk/X (sky130_fd_sc_hd__clkbuf_16)
                                         clknet_2_0__leaf_clk (net)
                  0.05    0.00    0.31 ^ _339_/CLK (sky130_fd_sc_hd__dfrtp_2)
                          0.25    0.56   clock uncertainty
                         -0.03    0.53   clock reconvergence pessimism
                         -0.05    0.49   library hold time
                                  0.49   data required time
-----------------------------------------------------------------------------
                                  0.49   data required time
                                 -0.83   data arrival time
-----------------------------------------------------------------------------
                                  0.34   slack (MET)


Startpoint: _354_ (rising edge-triggered flip-flop clocked by clk)
Endpoint: _354_ (rising edge-triggered flip-flop clocked by clk)
Path Group: clk
Path Type: min
Corner: Fastest

Fanout     Cap    Slew   Delay    Time   Description
-----------------------------------------------------------------------------
                          0.00    0.00   clock clk (rise edge)
                          0.00    0.00   clock source latency
     1    0.03    0.09    0.06    0.06 ^ clk (in)
                                         clk (net)
                  0.09    0.00    0.06 ^ clkbuf_0_clk/A (sky130_fd_sc_hd__clkbuf_16)
     4    0.05    0.05    0.11    0.17 ^ clkbuf_0_clk/X (sky130_fd_sc_hd__clkbuf_16)
                                         clknet_0_clk (net)
                  0.06    0.00    0.18 ^ clkbuf_2_3__f_clk/A (sky130_fd_sc_hd__clkbuf_16)
     8    0.04    0.05    0.10    0.28 ^ clkbuf_2_3__f_clk/X (sky130_fd_sc_hd__clkbuf_16)
                                         clknet_2_3__leaf_clk (net)
                  0.05    0.00    0.28 ^ _354_/CLK (sky130_fd_sc_hd__dfrtp_4)
     3    0.04    0.08    0.32    0.60 v _354_/Q (sky130_fd_sc_hd__dfrtp_4)
                                         one_second_counter[24] (net)
                  0.08    0.01    0.61 v _276_/B1 (sky130_fd_sc_hd__a21oi_1)
     1    0.01    0.16    0.14    0.75 ^ _276_/Y (sky130_fd_sc_hd__a21oi_1)
                                         _149_ (net)
                  0.16    0.00    0.75 ^ _278_/B (sky130_fd_sc_hd__nor3_1)
     1    0.01    0.07    0.08    0.83 v _278_/Y (sky130_fd_sc_hd__nor3_1)
                                         _016_ (net)
                  0.07    0.00    0.83 v _354_/D (sky130_fd_sc_hd__dfrtp_4)
                                  0.83   data arrival time

                          0.00    0.00   clock clk (rise edge)
                          0.00    0.00   clock source latency
     1    0.03    0.09    0.07    0.07 ^ clk (in)
                                         clk (net)
                  0.09    0.00    0.07 ^ clkbuf_0_clk/A (sky130_fd_sc_hd__clkbuf_16)
     4    0.05    0.05    0.13    0.19 ^ clkbuf_0_clk/X (sky130_fd_sc_hd__clkbuf_16)
                                         clknet_0_clk (net)
                  0.06    0.00    0.20 ^ clkbuf_2_3__f_clk/A (sky130_fd_sc_hd__clkbuf_16)
     8    0.04    0.05    0.11    0.31 ^ clkbuf_2_3__f_clk/X (sky130_fd_sc_hd__clkbuf_16)
                                         clknet_2_3__leaf_clk (net)
                  0.05    0.00    0.31 ^ _354_/CLK (sky130_fd_sc_hd__dfrtp_4)
                          0.25    0.56   clock uncertainty
                         -0.03    0.53   clock reconvergence pessimism
                         -0.04    0.49   library hold time
                                  0.49   data required time
-----------------------------------------------------------------------------
                                  0.49   data required time
                                 -0.83   data arrival time
-----------------------------------------------------------------------------
                                  0.34   slack (MET)


Startpoint: _335_ (rising edge-triggered flip-flop clocked by clk)
Endpoint: _335_ (rising edge-triggered flip-flop clocked by clk)
Path Group: clk
Path Type: min
Corner: Fastest

Fanout     Cap    Slew   Delay    Time   Description
-----------------------------------------------------------------------------
                          0.00    0.00   clock clk (rise edge)
                          0.00    0.00   clock source latency
     1    0.03    0.09    0.06    0.06 ^ clk (in)
                                         clk (net)
                  0.09    0.00    0.06 ^ clkbuf_0_clk/A (sky130_fd_sc_hd__clkbuf_16)
     4    0.05    0.05    0.11    0.17 ^ clkbuf_0_clk/X (sky130_fd_sc_hd__clkbuf_16)
                                         clknet_0_clk (net)
                  0.06    0.00    0.18 ^ clkbuf_2_2__f_clk/A (sky130_fd_sc_hd__clkbuf_16)
     7    0.05    0.06    0.10    0.28 ^ clkbuf_2_2__f_clk/X (sky130_fd_sc_hd__clkbuf_16)
                                         clknet_2_2__leaf_clk (net)
                  0.06    0.00    0.28 ^ _335_/CLK (sky130_fd_sc_hd__dfrtp_2)
     3    0.04    0.10    0.30    0.58 v _335_/Q (sky130_fd_sc_hd__dfrtp_2)
                                         one_second_counter[5] (net)
                  0.10    0.01    0.59 v _207_/B1 (sky130_fd_sc_hd__a21oi_1)
     1    0.01    0.17    0.15    0.74 ^ _207_/Y (sky130_fd_sc_hd__a21oi_1)
                                         _099_ (net)
                  0.17    0.00    0.75 ^ _209_/B (sky130_fd_sc_hd__nor3_1)
     1    0.02    0.09    0.09    0.83 v _209_/Y (sky130_fd_sc_hd__nor3_1)
                                         _022_ (net)
                  0.09    0.00    0.84 v _335_/D (sky130_fd_sc_hd__dfrtp_2)
                                  0.84   data arrival time

                          0.00    0.00   clock clk (rise edge)
                          0.00    0.00   clock source latency
     1    0.03    0.09    0.07    0.07 ^ clk (in)
                                         clk (net)
                  0.09    0.00    0.07 ^ clkbuf_0_clk/A (sky130_fd_sc_hd__clkbuf_16)
     4    0.05    0.05    0.13    0.19 ^ clkbuf_0_clk/X (sky130_fd_sc_hd__clkbuf_16)
                                         clknet_0_clk (net)
                  0.06    0.00    0.20 ^ clkbuf_2_2__f_clk/A (sky130_fd_sc_hd__clkbuf_16)
     7    0.05    0.06    0.11    0.31 ^ clkbuf_2_2__f_clk/X (sky130_fd_sc_hd__clkbuf_16)
                                         clknet_2_2__leaf_clk (net)
                  0.06    0.00    0.31 ^ _335_/CLK (sky130_fd_sc_hd__dfrtp_2)
                          0.25    0.56   clock uncertainty
                         -0.03    0.53   clock reconvergence pessimism
                         -0.05    0.49   library hold time
                                  0.49   data required time
-----------------------------------------------------------------------------
                                  0.49   data required time
                                 -0.84   data arrival time
-----------------------------------------------------------------------------
                                  0.35   slack (MET)


Startpoint: _355_ (rising edge-triggered flip-flop clocked by clk)
Endpoint: _355_ (rising edge-triggered flip-flop clocked by clk)
Path Group: clk
Path Type: min
Corner: Fastest

Fanout     Cap    Slew   Delay    Time   Description
-----------------------------------------------------------------------------
                          0.00    0.00   clock clk (rise edge)
                          0.00    0.00   clock source latency
     1    0.03    0.09    0.06    0.06 ^ clk (in)
                                         clk (net)
                  0.09    0.00    0.06 ^ clkbuf_0_clk/A (sky130_fd_sc_hd__clkbuf_16)
     4    0.05    0.05    0.11    0.17 ^ clkbuf_0_clk/X (sky130_fd_sc_hd__clkbuf_16)
                                         clknet_0_clk (net)
                  0.06    0.00    0.18 ^ clkbuf_2_1__f_clk/A (sky130_fd_sc_hd__clkbuf_16)
    11    0.04    0.04    0.10    0.28 ^ clkbuf_2_1__f_clk/X (sky130_fd_sc_hd__clkbuf_16)
                                         clknet_2_1__leaf_clk (net)
                  0.05    0.00    0.28 ^ _355_/CLK (sky130_fd_sc_hd__dfrtp_4)
     4    0.05    0.11    0.30    0.58 ^ _355_/Q (sky130_fd_sc_hd__dfrtp_4)
                                         one_second_counter[25] (net)
                  0.11    0.00    0.58 ^ _280_/A (sky130_fd_sc_hd__nand2_1)
     1    0.01    0.04    0.04    0.62 v _280_/Y (sky130_fd_sc_hd__nand2_1)
                                         _152_ (net)
                  0.04    0.00    0.62 v _281_/C (sky130_fd_sc_hd__and3_1)
     1    0.01    0.05    0.14    0.77 v _281_/X (sky130_fd_sc_hd__and3_1)
                                         _153_ (net)
                  0.05    0.00    0.77 v _282_/A (sky130_fd_sc_hd__clkbuf_1)
     1    0.01    0.04    0.08    0.85 v _282_/X (sky130_fd_sc_hd__clkbuf_1)
                                         _017_ (net)
                  0.04    0.00    0.85 v _355_/D (sky130_fd_sc_hd__dfrtp_4)
                                  0.85   data arrival time

                          0.00    0.00   clock clk (rise edge)
                          0.00    0.00   clock source latency
     1    0.03    0.09    0.07    0.07 ^ clk (in)
                                         clk (net)
                  0.09    0.00    0.07 ^ clkbuf_0_clk/A (sky130_fd_sc_hd__clkbuf_16)
     4    0.05    0.05    0.13    0.19 ^ clkbuf_0_clk/X (sky130_fd_sc_hd__clkbuf_16)
                                         clknet_0_clk (net)
                  0.06    0.00    0.20 ^ clkbuf_2_1__f_clk/A (sky130_fd_sc_hd__clkbuf_16)
    11    0.04    0.04    0.11    0.30 ^ clkbuf_2_1__f_clk/X (sky130_fd_sc_hd__clkbuf_16)
                                         clknet_2_1__leaf_clk (net)
                  0.05    0.00    0.31 ^ _355_/CLK (sky130_fd_sc_hd__dfrtp_4)
                          0.25    0.56   clock uncertainty
                         -0.03    0.53   clock reconvergence pessimism
                         -0.03    0.50   library hold time
                                  0.50   data required time
-----------------------------------------------------------------------------
                                  0.50   data required time
                                 -0.85   data arrival time
-----------------------------------------------------------------------------
                                  0.35   slack (MET)


Startpoint: _343_ (rising edge-triggered flip-flop clocked by clk)
Endpoint: _343_ (rising edge-triggered flip-flop clocked by clk)
Path Group: clk
Path Type: min
Corner: Fastest

Fanout     Cap    Slew   Delay    Time   Description
-----------------------------------------------------------------------------
                          0.00    0.00   clock clk (rise edge)
                          0.00    0.00   clock source latency
     1    0.03    0.09    0.06    0.06 ^ clk (in)
                                         clk (net)
                  0.09    0.00    0.06 ^ clkbuf_0_clk/A (sky130_fd_sc_hd__clkbuf_16)
     4    0.05    0.05    0.11    0.17 ^ clkbuf_0_clk/X (sky130_fd_sc_hd__clkbuf_16)
                                         clknet_0_clk (net)
                  0.05    0.00    0.18 ^ clkbuf_2_0__f_clk/A (sky130_fd_sc_hd__clkbuf_16)
     9    0.05    0.05    0.10    0.28 ^ clkbuf_2_0__f_clk/X (sky130_fd_sc_hd__clkbuf_16)
                                         clknet_2_0__leaf_clk (net)
                  0.05    0.00    0.28 ^ _343_/CLK (sky130_fd_sc_hd__dfrtp_1)
     4    0.02    0.16    0.28    0.56 ^ _343_/Q (sky130_fd_sc_hd__dfrtp_1)
                                         one_second_counter[13] (net)
                  0.16    0.00    0.56 ^ _234_/B1 (sky130_fd_sc_hd__a21o_1)
     1    0.01    0.10    0.10    0.66 ^ _234_/X (sky130_fd_sc_hd__a21o_1)
                                         _118_ (net)
                  0.10    0.00    0.66 ^ _236_/B (sky130_fd_sc_hd__and3_1)
     1    0.01    0.09    0.14    0.80 ^ _236_/X (sky130_fd_sc_hd__and3_1)
                                         _120_ (net)
                  0.09    0.00    0.80 ^ _237_/A (sky130_fd_sc_hd__clkbuf_1)
     1    0.01    0.07    0.08    0.88 ^ _237_/X (sky130_fd_sc_hd__clkbuf_1)
                                         _004_ (net)
                  0.07    0.00    0.88 ^ _343_/D (sky130_fd_sc_hd__dfrtp_1)
                                  0.88   data arrival time

                          0.00    0.00   clock clk (rise edge)
                          0.00    0.00   clock source latency
     1    0.03    0.09    0.07    0.07 ^ clk (in)
                                         clk (net)
                  0.09    0.00    0.07 ^ clkbuf_0_clk/A (sky130_fd_sc_hd__clkbuf_16)
     4    0.05    0.05    0.13    0.19 ^ clkbuf_0_clk/X (sky130_fd_sc_hd__clkbuf_16)
                                         clknet_0_clk (net)
                  0.05    0.00    0.20 ^ clkbuf_2_0__f_clk/A (sky130_fd_sc_hd__clkbuf_16)
     9    0.05    0.05    0.11    0.31 ^ clkbuf_2_0__f_clk/X (sky130_fd_sc_hd__clkbuf_16)
                                         clknet_2_0__leaf_clk (net)
                  0.05    0.00    0.31 ^ _343_/CLK (sky130_fd_sc_hd__dfrtp_1)
                          0.25    0.56   clock uncertainty
                         -0.03    0.53   clock reconvergence pessimism
                         -0.02    0.51   library hold time
                                  0.51   data required time
-----------------------------------------------------------------------------
                                  0.51   data required time
                                 -0.88   data arrival time
-----------------------------------------------------------------------------
                                  0.37   slack (MET)


Startpoint: _357_ (rising edge-triggered flip-flop clocked by clk)
Endpoint: _359_ (rising edge-triggered flip-flop clocked by clk)
Path Group: clk
Path Type: min
Corner: Fastest

Fanout     Cap    Slew   Delay    Time   Description
-----------------------------------------------------------------------------
                          0.00    0.00   clock clk (rise edge)
                          0.00    0.00   clock source latency
     1    0.03    0.09    0.06    0.06 ^ clk (in)
                                         clk (net)
                  0.09    0.00    0.06 ^ clkbuf_0_clk/A (sky130_fd_sc_hd__clkbuf_16)
     4    0.05    0.05    0.11    0.17 ^ clkbuf_0_clk/X (sky130_fd_sc_hd__clkbuf_16)
                                         clknet_0_clk (net)
                  0.06    0.00    0.18 ^ clkbuf_2_2__f_clk/A (sky130_fd_sc_hd__clkbuf_16)
     7    0.05    0.06    0.10    0.28 ^ clkbuf_2_2__f_clk/X (sky130_fd_sc_hd__clkbuf_16)
                                         clknet_2_2__leaf_clk (net)
                  0.06    0.01    0.29 ^ _357_/CLK (sky130_fd_sc_hd__dfrtp_4)
     5    0.05    0.12    0.31    0.60 ^ _357_/Q (sky130_fd_sc_hd__dfrtp_4)
                                         one_second_enable (net)
                  0.12    0.01    0.60 ^ _162_/A (sky130_fd_sc_hd__and3_2)
     3    0.04    0.15    0.20    0.80 ^ _162_/X (sky130_fd_sc_hd__and3_2)
                                         _064_ (net)
                  0.15    0.01    0.81 ^ _172_/A (sky130_fd_sc_hd__nor2_1)
     1    0.02    0.09    0.09    0.90 v _172_/Y (sky130_fd_sc_hd__nor2_1)
                                         _061_ (net)
                  0.09    0.00    0.90 v _359_/D (sky130_fd_sc_hd__dfrtp_4)
                                  0.90   data arrival time

                          0.00    0.00   clock clk (rise edge)
                          0.00    0.00   clock source latency
     1    0.03    0.09    0.07    0.07 ^ clk (in)
                                         clk (net)
                  0.09    0.00    0.07 ^ clkbuf_0_clk/A (sky130_fd_sc_hd__clkbuf_16)
     4    0.05    0.05    0.13    0.19 ^ clkbuf_0_clk/X (sky130_fd_sc_hd__clkbuf_16)
                                         clknet_0_clk (net)
                  0.05    0.00    0.20 ^ clkbuf_2_0__f_clk/A (sky130_fd_sc_hd__clkbuf_16)
     9    0.05    0.05    0.11    0.31 ^ clkbuf_2_0__f_clk/X (sky130_fd_sc_hd__clkbuf_16)
                                         clknet_2_0__leaf_clk (net)
                  0.05    0.00    0.31 ^ _359_/CLK (sky130_fd_sc_hd__dfrtp_4)
                          0.25    0.56   clock uncertainty
                         -0.02    0.54   clock reconvergence pessimism
                         -0.04    0.50   library hold time
                                  0.50   data required time
-----------------------------------------------------------------------------
                                  0.50   data required time
                                 -0.90   data arrival time
-----------------------------------------------------------------------------
                                  0.40   slack (MET)


Startpoint: _332_ (rising edge-triggered flip-flop clocked by clk)
Endpoint: _332_ (rising edge-triggered flip-flop clocked by clk)
Path Group: clk
Path Type: min
Corner: Fastest

Fanout     Cap    Slew   Delay    Time   Description
-----------------------------------------------------------------------------
                          0.00    0.00   clock clk (rise edge)
                          0.00    0.00   clock source latency
     1    0.03    0.09    0.06    0.06 ^ clk (in)
                                         clk (net)
                  0.09    0.00    0.06 ^ clkbuf_0_clk/A (sky130_fd_sc_hd__clkbuf_16)
     4    0.05    0.05    0.11    0.17 ^ clkbuf_0_clk/X (sky130_fd_sc_hd__clkbuf_16)
                                         clknet_0_clk (net)
                  0.06    0.00    0.18 ^ clkbuf_2_1__f_clk/A (sky130_fd_sc_hd__clkbuf_16)
    11    0.04    0.04    0.10    0.28 ^ clkbuf_2_1__f_clk/X (sky130_fd_sc_hd__clkbuf_16)
                                         clknet_2_1__leaf_clk (net)
                  0.04    0.00    0.28 ^ _332_/CLK (sky130_fd_sc_hd__dfrtp_4)
     4    0.04    0.10    0.29    0.57 ^ _332_/Q (sky130_fd_sc_hd__dfrtp_4)
                                         one_second_counter[2] (net)
                  0.10    0.00    0.57 ^ _196_/B1 (sky130_fd_sc_hd__a21o_1)
     1    0.01    0.09    0.09    0.67 ^ _196_/X (sky130_fd_sc_hd__a21o_1)
                                         _091_ (net)
                  0.09    0.00    0.67 ^ _197_/C (sky130_fd_sc_hd__and3_1)
     1    0.01    0.06    0.11    0.78 ^ _197_/X (sky130_fd_sc_hd__and3_1)
                                         _092_ (net)
                  0.06    0.00    0.78 ^ _198_/A (sky130_fd_sc_hd__buf_1)
     1    0.02    0.14    0.12    0.90 ^ _198_/X (sky130_fd_sc_hd__buf_1)
                                         _019_ (net)
                  0.14    0.00    0.91 ^ _332_/D (sky130_fd_sc_hd__dfrtp_4)
                                  0.91   data arrival time

                          0.00    0.00   clock clk (rise edge)
                          0.00    0.00   clock source latency
     1    0.03    0.09    0.07    0.07 ^ clk (in)
                                         clk (net)
                  0.09    0.00    0.07 ^ clkbuf_0_clk/A (sky130_fd_sc_hd__clkbuf_16)
     4    0.05    0.05    0.13    0.19 ^ clkbuf_0_clk/X (sky130_fd_sc_hd__clkbuf_16)
                                         clknet_0_clk (net)
                  0.06    0.00    0.20 ^ clkbuf_2_1__f_clk/A (sky130_fd_sc_hd__clkbuf_16)
    11    0.04    0.04    0.11    0.30 ^ clkbuf_2_1__f_clk/X (sky130_fd_sc_hd__clkbuf_16)
                                         clknet_2_1__leaf_clk (net)
                  0.04    0.00    0.31 ^ _332_/CLK (sky130_fd_sc_hd__dfrtp_4)
                          0.25    0.56   clock uncertainty
                         -0.03    0.53   clock reconvergence pessimism
                         -0.03    0.50   library hold time
                                  0.50   data required time
-----------------------------------------------------------------------------
                                  0.50   data required time
                                 -0.91   data arrival time
-----------------------------------------------------------------------------
                                  0.41   slack (MET)


Startpoint: _338_ (rising edge-triggered flip-flop clocked by clk)
Endpoint: _338_ (rising edge-triggered flip-flop clocked by clk)
Path Group: clk
Path Type: min
Corner: Fastest

Fanout     Cap    Slew   Delay    Time   Description
-----------------------------------------------------------------------------
                          0.00    0.00   clock clk (rise edge)
                          0.00    0.00   clock source latency
     1    0.03    0.09    0.06    0.06 ^ clk (in)
                                         clk (net)
                  0.09    0.00    0.06 ^ clkbuf_0_clk/A (sky130_fd_sc_hd__clkbuf_16)
     4    0.05    0.05    0.11    0.17 ^ clkbuf_0_clk/X (sky130_fd_sc_hd__clkbuf_16)
                                         clknet_0_clk (net)
                  0.06    0.00    0.18 ^ clkbuf_2_3__f_clk/A (sky130_fd_sc_hd__clkbuf_16)
     8    0.04    0.05    0.10    0.28 ^ clkbuf_2_3__f_clk/X (sky130_fd_sc_hd__clkbuf_16)
                                         clknet_2_3__leaf_clk (net)
                  0.05    0.00    0.28 ^ _338_/CLK (sky130_fd_sc_hd__dfrtp_4)
     5    0.05    0.11    0.30    0.58 ^ _338_/Q (sky130_fd_sc_hd__dfrtp_4)
                                         one_second_counter[8] (net)
                  0.11    0.00    0.58 ^ _217_/A (sky130_fd_sc_hd__nand2_1)
     1    0.01    0.06    0.06    0.65 v _217_/Y (sky130_fd_sc_hd__nand2_1)
                                         _106_ (net)
                  0.06    0.00    0.65 v _218_/C (sky130_fd_sc_hd__and3_1)
     1    0.02    0.07    0.16    0.81 v _218_/X (sky130_fd_sc_hd__and3_1)
                                         _107_ (net)
                  0.07    0.00    0.81 v _219_/A (sky130_fd_sc_hd__clkbuf_1)
     1    0.01    0.06    0.10    0.91 v _219_/X (sky130_fd_sc_hd__clkbuf_1)
                                         _025_ (net)
                  0.06    0.00    0.91 v _338_/D (sky130_fd_sc_hd__dfrtp_4)
                                  0.91   data arrival time

                          0.00    0.00   clock clk (rise edge)
                          0.00    0.00   clock source latency
     1    0.03    0.09    0.07    0.07 ^ clk (in)
                                         clk (net)
                  0.09    0.00    0.07 ^ clkbuf_0_clk/A (sky130_fd_sc_hd__clkbuf_16)
     4    0.05    0.05    0.13    0.19 ^ clkbuf_0_clk/X (sky130_fd_sc_hd__clkbuf_16)
                                         clknet_0_clk (net)
                  0.06    0.00    0.20 ^ clkbuf_2_3__f_clk/A (sky130_fd_sc_hd__clkbuf_16)
     8    0.04    0.05    0.11    0.31 ^ clkbuf_2_3__f_clk/X (sky130_fd_sc_hd__clkbuf_16)
                                         clknet_2_3__leaf_clk (net)
                  0.05    0.00    0.31 ^ _338_/CLK (sky130_fd_sc_hd__dfrtp_4)
                          0.25    0.56   clock uncertainty
                         -0.03    0.53   clock reconvergence pessimism
                         -0.03    0.50   library hold time
                                  0.50   data required time
-----------------------------------------------------------------------------
                                  0.50   data required time
                                 -0.91   data arrival time
-----------------------------------------------------------------------------
                                  0.41   slack (MET)


Startpoint: _360_ (rising edge-triggered flip-flop clocked by clk)
Endpoint: _360_ (rising edge-triggered flip-flop clocked by clk)
Path Group: clk
Path Type: min
Corner: Fastest

Fanout     Cap    Slew   Delay    Time   Description
-----------------------------------------------------------------------------
                          0.00    0.00   clock clk (rise edge)
                          0.00    0.00   clock source latency
     1    0.03    0.09    0.06    0.06 ^ clk (in)
                                         clk (net)
                  0.09    0.00    0.06 ^ clkbuf_0_clk/A (sky130_fd_sc_hd__clkbuf_16)
     4    0.05    0.05    0.11    0.17 ^ clkbuf_0_clk/X (sky130_fd_sc_hd__clkbuf_16)
                                         clknet_0_clk (net)
                  0.06    0.00    0.18 ^ clkbuf_2_3__f_clk/A (sky130_fd_sc_hd__clkbuf_16)
     8    0.04    0.05    0.10    0.28 ^ clkbuf_2_3__f_clk/X (sky130_fd_sc_hd__clkbuf_16)
                                         clknet_2_3__leaf_clk (net)
                  0.05    0.00    0.28 ^ _360_/CLK (sky130_fd_sc_hd__dfrtp_4)
     6    0.07    0.15    0.32    0.60 ^ _360_/Q (sky130_fd_sc_hd__dfrtp_4)
                                         decoder.digit[2] (net)
                  0.15    0.01    0.61 ^ _163_/A (sky130_fd_sc_hd__nand2_1)
     2    0.02    0.09    0.09    0.70 v _163_/Y (sky130_fd_sc_hd__nand2_1)
                                         _065_ (net)
                  0.09    0.00    0.71 v _169_/A (sky130_fd_sc_hd__and2_1)
     1    0.01    0.04    0.12    0.82 v _169_/X (sky130_fd_sc_hd__and2_1)
                                         _070_ (net)
                  0.04    0.00    0.83 v _170_/A (sky130_fd_sc_hd__clkbuf_1)
     1    0.01    0.05    0.08    0.91 v _170_/X (sky130_fd_sc_hd__clkbuf_1)
                                         _062_ (net)
                  0.05    0.00    0.91 v _360_/D (sky130_fd_sc_hd__dfrtp_4)
                                  0.91   data arrival time

                          0.00    0.00   clock clk (rise edge)
                          0.00    0.00   clock source latency
     1    0.03    0.09    0.07    0.07 ^ clk (in)
                                         clk (net)
                  0.09    0.00    0.07 ^ clkbuf_0_clk/A (sky130_fd_sc_hd__clkbuf_16)
     4    0.05    0.05    0.13    0.19 ^ clkbuf_0_clk/X (sky130_fd_sc_hd__clkbuf_16)
                                         clknet_0_clk (net)
                  0.06    0.00    0.20 ^ clkbuf_2_3__f_clk/A (sky130_fd_sc_hd__clkbuf_16)
     8    0.04    0.05    0.11    0.31 ^ clkbuf_2_3__f_clk/X (sky130_fd_sc_hd__clkbuf_16)
                                         clknet_2_3__leaf_clk (net)
                  0.05    0.00    0.31 ^ _360_/CLK (sky130_fd_sc_hd__dfrtp_4)
                          0.25    0.56   clock uncertainty
                         -0.03    0.53   clock reconvergence pessimism
                         -0.03    0.50   library hold time
                                  0.50   data required time
-----------------------------------------------------------------------------
                                  0.50   data required time
                                 -0.91   data arrival time
-----------------------------------------------------------------------------
                                  0.41   slack (MET)


Startpoint: _330_ (rising edge-triggered flip-flop clocked by clk)
Endpoint: _331_ (rising edge-triggered flip-flop clocked by clk)
Path Group: clk
Path Type: min
Corner: Fastest

Fanout     Cap    Slew   Delay    Time   Description
-----------------------------------------------------------------------------
                          0.00    0.00   clock clk (rise edge)
                          0.00    0.00   clock source latency
     1    0.03    0.09    0.06    0.06 ^ clk (in)
                                         clk (net)
                  0.09    0.00    0.06 ^ clkbuf_0_clk/A (sky130_fd_sc_hd__clkbuf_16)
     4    0.05    0.05    0.11    0.17 ^ clkbuf_0_clk/X (sky130_fd_sc_hd__clkbuf_16)
                                         clknet_0_clk (net)
                  0.06    0.00    0.18 ^ clkbuf_2_1__f_clk/A (sky130_fd_sc_hd__clkbuf_16)
    11    0.04    0.04    0.10    0.28 ^ clkbuf_2_1__f_clk/X (sky130_fd_sc_hd__clkbuf_16)
                                         clknet_2_1__leaf_clk (net)
                  0.05    0.00    0.28 ^ _330_/CLK (sky130_fd_sc_hd__dfrtp_4)
     7    0.06    0.15    0.32    0.60 ^ _330_/Q (sky130_fd_sc_hd__dfrtp_4)
                                         one_second_counter[0] (net)
                  0.15    0.01    0.61 ^ _191_/B (sky130_fd_sc_hd__nand2_1)
     1    0.02    0.10    0.11    0.72 v _191_/Y (sky130_fd_sc_hd__nand2_1)
                                         _087_ (net)
                  0.10    0.00    0.72 v _193_/A (sky130_fd_sc_hd__and3_1)
     1    0.01    0.05    0.14    0.85 v _193_/X (sky130_fd_sc_hd__and3_1)
                                         _089_ (net)
                  0.05    0.00    0.85 v _194_/A (sky130_fd_sc_hd__clkbuf_1)
     1    0.01    0.04    0.08    0.94 v _194_/X (sky130_fd_sc_hd__clkbuf_1)
                                         _011_ (net)
                  0.04    0.00    0.94 v _331_/D (sky130_fd_sc_hd__dfrtp_4)
                                  0.94   data arrival time

                          0.00    0.00   clock clk (rise edge)
                          0.00    0.00   clock source latency
     1    0.03    0.09    0.07    0.07 ^ clk (in)
                                         clk (net)
                  0.09    0.00    0.07 ^ clkbuf_0_clk/A (sky130_fd_sc_hd__clkbuf_16)
     4    0.05    0.05    0.13    0.19 ^ clkbuf_0_clk/X (sky130_fd_sc_hd__clkbuf_16)
                                         clknet_0_clk (net)
                  0.06    0.00    0.20 ^ clkbuf_2_2__f_clk/A (sky130_fd_sc_hd__clkbuf_16)
     7    0.05    0.06    0.11    0.31 ^ clkbuf_2_2__f_clk/X (sky130_fd_sc_hd__clkbuf_16)
                                         clknet_2_2__leaf_clk (net)
                  0.06    0.01    0.32 ^ _331_/CLK (sky130_fd_sc_hd__dfrtp_4)
                          0.25    0.57   clock uncertainty
                         -0.02    0.55   clock reconvergence pessimism
                         -0.03    0.52   library hold time
                                  0.52   data required time
-----------------------------------------------------------------------------
                                  0.52   data required time
                                 -0.94   data arrival time
-----------------------------------------------------------------------------
                                  0.42   slack (MET)


Startpoint: _336_ (rising edge-triggered flip-flop clocked by clk)
Endpoint: _336_ (rising edge-triggered flip-flop clocked by clk)
Path Group: clk
Path Type: min
Corner: Fastest

Fanout     Cap    Slew   Delay    Time   Description
-----------------------------------------------------------------------------
                          0.00    0.00   clock clk (rise edge)
                          0.00    0.00   clock source latency
     1    0.03    0.09    0.06    0.06 ^ clk (in)
                                         clk (net)
                  0.09    0.00    0.06 ^ clkbuf_0_clk/A (sky130_fd_sc_hd__clkbuf_16)
     4    0.05    0.05    0.11    0.17 ^ clkbuf_0_clk/X (sky130_fd_sc_hd__clkbuf_16)
                                         clknet_0_clk (net)
                  0.06    0.00    0.18 ^ clkbuf_2_1__f_clk/A (sky130_fd_sc_hd__clkbuf_16)
    11    0.04    0.04    0.10    0.28 ^ clkbuf_2_1__f_clk/X (sky130_fd_sc_hd__clkbuf_16)
                                         clknet_2_1__leaf_clk (net)
                  0.04    0.00    0.28 ^ _336_/CLK (sky130_fd_sc_hd__dfrtp_2)
     3    0.03    0.13    0.28    0.56 ^ _336_/Q (sky130_fd_sc_hd__dfrtp_2)
                                         one_second_counter[6] (net)
                  0.13    0.00    0.56 ^ _211_/A (sky130_fd_sc_hd__nand2_1)
     2    0.02    0.10    0.10    0.65 v _211_/Y (sky130_fd_sc_hd__nand2_1)
                                         _102_ (net)
                  0.10    0.00    0.66 v _212_/C (sky130_fd_sc_hd__and3_1)
     1    0.01    0.04    0.15    0.80 v _212_/X (sky130_fd_sc_hd__and3_1)
                                         _103_ (net)
                  0.04    0.00    0.80 v _213_/A (sky130_fd_sc_hd__buf_1)
     1    0.02    0.10    0.11    0.92 v _213_/X (sky130_fd_sc_hd__buf_1)
                                         _023_ (net)
                  0.10    0.00    0.92 v _336_/D (sky130_fd_sc_hd__dfrtp_2)
                                  0.92   data arrival time

                          0.00    0.00   clock clk (rise edge)
                          0.00    0.00   clock source latency
     1    0.03    0.09    0.07    0.07 ^ clk (in)
                                         clk (net)
                  0.09    0.00    0.07 ^ clkbuf_0_clk/A (sky130_fd_sc_hd__clkbuf_16)
     4    0.05    0.05    0.13    0.19 ^ clkbuf_0_clk/X (sky130_fd_sc_hd__clkbuf_16)
                                         clknet_0_clk (net)
                  0.06    0.00    0.20 ^ clkbuf_2_1__f_clk/A (sky130_fd_sc_hd__clkbuf_16)
    11    0.04    0.04    0.11    0.30 ^ clkbuf_2_1__f_clk/X (sky130_fd_sc_hd__clkbuf_16)
                                         clknet_2_1__leaf_clk (net)
                  0.04    0.00    0.31 ^ _336_/CLK (sky130_fd_sc_hd__dfrtp_2)
                          0.25    0.56   clock uncertainty
                         -0.03    0.53   clock reconvergence pessimism
                         -0.05    0.48   library hold time
                                  0.48   data required time
-----------------------------------------------------------------------------
                                  0.48   data required time
                                 -0.92   data arrival time
-----------------------------------------------------------------------------
                                  0.44   slack (MET)


Startpoint: _334_ (rising edge-triggered flip-flop clocked by clk)
Endpoint: _334_ (rising edge-triggered flip-flop clocked by clk)
Path Group: clk
Path Type: min
Corner: Fastest

Fanout     Cap    Slew   Delay    Time   Description
-----------------------------------------------------------------------------
                          0.00    0.00   clock clk (rise edge)
                          0.00    0.00   clock source latency
     1    0.03    0.09    0.06    0.06 ^ clk (in)
                                         clk (net)
                  0.09    0.00    0.06 ^ clkbuf_0_clk/A (sky130_fd_sc_hd__clkbuf_16)
     4    0.05    0.05    0.11    0.17 ^ clkbuf_0_clk/X (sky130_fd_sc_hd__clkbuf_16)
                                         clknet_0_clk (net)
                  0.06    0.00    0.18 ^ clkbuf_2_1__f_clk/A (sky130_fd_sc_hd__clkbuf_16)
    11    0.04    0.04    0.10    0.28 ^ clkbuf_2_1__f_clk/X (sky130_fd_sc_hd__clkbuf_16)
                                         clknet_2_1__leaf_clk (net)
                  0.04    0.00    0.28 ^ _334_/CLK (sky130_fd_sc_hd__dfrtp_4)
     5    0.05    0.12    0.31    0.58 ^ _334_/Q (sky130_fd_sc_hd__dfrtp_4)
                                         one_second_counter[4] (net)
                  0.12    0.01    0.59 ^ _203_/A (sky130_fd_sc_hd__nand2_1)
     1    0.02    0.11    0.11    0.70 v _203_/Y (sky130_fd_sc_hd__nand2_1)
                                         _096_ (net)
                  0.11    0.00    0.70 v _205_/B (sky130_fd_sc_hd__and3_1)
     1    0.01    0.04    0.15    0.85 v _205_/X (sky130_fd_sc_hd__and3_1)
                                         _098_ (net)
                  0.04    0.00    0.85 v _206_/A (sky130_fd_sc_hd__clkbuf_1)
     1    0.01    0.06    0.09    0.94 v _206_/X (sky130_fd_sc_hd__clkbuf_1)
                                         _021_ (net)
                  0.06    0.00    0.94 v _334_/D (sky130_fd_sc_hd__dfrtp_4)
                                  0.94   data arrival time

                          0.00    0.00   clock clk (rise edge)
                          0.00    0.00   clock source latency
     1    0.03    0.09    0.07    0.07 ^ clk (in)
                                         clk (net)
                  0.09    0.00    0.07 ^ clkbuf_0_clk/A (sky130_fd_sc_hd__clkbuf_16)
     4    0.05    0.05    0.13    0.19 ^ clkbuf_0_clk/X (sky130_fd_sc_hd__clkbuf_16)
                                         clknet_0_clk (net)
                  0.06    0.00    0.20 ^ clkbuf_2_1__f_clk/A (sky130_fd_sc_hd__clkbuf_16)
    11    0.04    0.04    0.11    0.30 ^ clkbuf_2_1__f_clk/X (sky130_fd_sc_hd__clkbuf_16)
                                         clknet_2_1__leaf_clk (net)
                  0.04    0.00    0.31 ^ _334_/CLK (sky130_fd_sc_hd__dfrtp_4)
                          0.25    0.56   clock uncertainty
                         -0.03    0.53   clock reconvergence pessimism
                         -0.04    0.49   library hold time
                                  0.49   data required time
-----------------------------------------------------------------------------
                                  0.49   data required time
                                 -0.94   data arrival time
-----------------------------------------------------------------------------
                                  0.45   slack (MET)


Startpoint: _346_ (rising edge-triggered flip-flop clocked by clk)
Endpoint: _346_ (rising edge-triggered flip-flop clocked by clk)
Path Group: clk
Path Type: min
Corner: Fastest

Fanout     Cap    Slew   Delay    Time   Description
-----------------------------------------------------------------------------
                          0.00    0.00   clock clk (rise edge)
                          0.00    0.00   clock source latency
     1    0.03    0.09    0.06    0.06 ^ clk (in)
                                         clk (net)
                  0.09    0.00    0.06 ^ clkbuf_0_clk/A (sky130_fd_sc_hd__clkbuf_16)
     4    0.05    0.05    0.11    0.17 ^ clkbuf_0_clk/X (sky130_fd_sc_hd__clkbuf_16)
                                         clknet_0_clk (net)
                  0.06    0.00    0.18 ^ clkbuf_2_2__f_clk/A (sky130_fd_sc_hd__clkbuf_16)
     7    0.05    0.06    0.10    0.28 ^ clkbuf_2_2__f_clk/X (sky130_fd_sc_hd__clkbuf_16)
                                         clknet_2_2__leaf_clk (net)
                  0.06    0.01    0.29 ^ _346_/CLK (sky130_fd_sc_hd__dfrtp_4)
     6    0.05    0.12    0.31    0.60 ^ _346_/Q (sky130_fd_sc_hd__dfrtp_4)
                                         one_second_counter[16] (net)
                  0.12    0.00    0.60 ^ _248_/A (sky130_fd_sc_hd__nand2_1)
     3    0.02    0.10    0.10    0.70 v _248_/Y (sky130_fd_sc_hd__nand2_1)
                                         _129_ (net)
                  0.10    0.00    0.70 v _249_/C (sky130_fd_sc_hd__and3_1)
     1    0.01    0.05    0.16    0.87 v _249_/X (sky130_fd_sc_hd__and3_1)
                                         _130_ (net)
                  0.05    0.00    0.87 v _250_/A (sky130_fd_sc_hd__clkbuf_1)
     1    0.01    0.06    0.09    0.96 v _250_/X (sky130_fd_sc_hd__clkbuf_1)
                                         _007_ (net)
                  0.06    0.00    0.96 v _346_/D (sky130_fd_sc_hd__dfrtp_4)
                                  0.96   data arrival time

                          0.00    0.00   clock clk (rise edge)
                          0.00    0.00   clock source latency
     1    0.03    0.09    0.07    0.07 ^ clk (in)
                                         clk (net)
                  0.09    0.00    0.07 ^ clkbuf_0_clk/A (sky130_fd_sc_hd__clkbuf_16)
     4    0.05    0.05    0.13    0.19 ^ clkbuf_0_clk/X (sky130_fd_sc_hd__clkbuf_16)
                                         clknet_0_clk (net)
                  0.06    0.00    0.20 ^ clkbuf_2_2__f_clk/A (sky130_fd_sc_hd__clkbuf_16)
     7    0.05    0.06    0.11    0.31 ^ clkbuf_2_2__f_clk/X (sky130_fd_sc_hd__clkbuf_16)
                                         clknet_2_2__leaf_clk (net)
                  0.06    0.01    0.32 ^ _346_/CLK (sky130_fd_sc_hd__dfrtp_4)
                          0.25    0.57   clock uncertainty
                         -0.03    0.54   clock reconvergence pessimism
                         -0.03    0.51   library hold time
                                  0.51   data required time
-----------------------------------------------------------------------------
                                  0.51   data required time
                                 -0.96   data arrival time
-----------------------------------------------------------------------------
                                  0.45   slack (MET)


Startpoint: _349_ (rising edge-triggered flip-flop clocked by clk)
Endpoint: _349_ (rising edge-triggered flip-flop clocked by clk)
Path Group: clk
Path Type: min
Corner: Fastest

Fanout     Cap    Slew   Delay    Time   Description
-----------------------------------------------------------------------------
                          0.00    0.00   clock clk (rise edge)
                          0.00    0.00   clock source latency
     1    0.03    0.09    0.06    0.06 ^ clk (in)
                                         clk (net)
                  0.09    0.00    0.06 ^ clkbuf_0_clk/A (sky130_fd_sc_hd__clkbuf_16)
     4    0.05    0.05    0.11    0.17 ^ clkbuf_0_clk/X (sky130_fd_sc_hd__clkbuf_16)
                                         clknet_0_clk (net)
                  0.06    0.00    0.18 ^ clkbuf_2_3__f_clk/A (sky130_fd_sc_hd__clkbuf_16)
     8    0.04    0.05    0.10    0.28 ^ clkbuf_2_3__f_clk/X (sky130_fd_sc_hd__clkbuf_16)
                                         clknet_2_3__leaf_clk (net)
                  0.05    0.00    0.28 ^ _349_/CLK (sky130_fd_sc_hd__dfrtp_2)
     4    0.04    0.09    0.29    0.57 v _349_/Q (sky130_fd_sc_hd__dfrtp_2)
                                         one_second_counter[19] (net)
                  0.09    0.01    0.57 v _256_/B1 (sky130_fd_sc_hd__a41o_1)
     1    0.01    0.05    0.11    0.69 v _256_/X (sky130_fd_sc_hd__a41o_1)
                                         _134_ (net)
                  0.05    0.00    0.69 v _260_/B (sky130_fd_sc_hd__and3_1)
     1    0.02    0.08    0.16    0.84 v _260_/X (sky130_fd_sc_hd__and3_1)
                                         _138_ (net)
                  0.08    0.00    0.85 v _261_/A (sky130_fd_sc_hd__buf_1)
     1    0.02    0.08    0.12    0.97 v _261_/X (sky130_fd_sc_hd__buf_1)
                                         _010_ (net)
                  0.08    0.00    0.97 v _349_/D (sky130_fd_sc_hd__dfrtp_2)
                                  0.97   data arrival time

                          0.00    0.00   clock clk (rise edge)
                          0.00    0.00   clock source latency
     1    0.03    0.09    0.07    0.07 ^ clk (in)
                                         clk (net)
                  0.09    0.00    0.07 ^ clkbuf_0_clk/A (sky130_fd_sc_hd__clkbuf_16)
     4    0.05    0.05    0.13    0.19 ^ clkbuf_0_clk/X (sky130_fd_sc_hd__clkbuf_16)
                                         clknet_0_clk (net)
                  0.06    0.00    0.20 ^ clkbuf_2_3__f_clk/A (sky130_fd_sc_hd__clkbuf_16)
     8    0.04    0.05    0.11    0.31 ^ clkbuf_2_3__f_clk/X (sky130_fd_sc_hd__clkbuf_16)
                                         clknet_2_3__leaf_clk (net)
                  0.05    0.00    0.31 ^ _349_/CLK (sky130_fd_sc_hd__dfrtp_2)
                          0.25    0.56   clock uncertainty
                         -0.03    0.53   clock reconvergence pessimism
                         -0.04    0.49   library hold time
                                  0.49   data required time
-----------------------------------------------------------------------------
                                  0.49   data required time
                                 -0.97   data arrival time
-----------------------------------------------------------------------------
                                  0.48   slack (MET)


Startpoint: _350_ (rising edge-triggered flip-flop clocked by clk)
Endpoint: _350_ (rising edge-triggered flip-flop clocked by clk)
Path Group: clk
Path Type: min
Corner: Fastest

Fanout     Cap    Slew   Delay    Time   Description
-----------------------------------------------------------------------------
                          0.00    0.00   clock clk (rise edge)
                          0.00    0.00   clock source latency
     1    0.03    0.09    0.06    0.06 ^ clk (in)
                                         clk (net)
                  0.09    0.00    0.06 ^ clkbuf_0_clk/A (sky130_fd_sc_hd__clkbuf_16)
     4    0.05    0.05    0.11    0.17 ^ clkbuf_0_clk/X (sky130_fd_sc_hd__clkbuf_16)
                                         clknet_0_clk (net)
                  0.06    0.00    0.18 ^ clkbuf_2_3__f_clk/A (sky130_fd_sc_hd__clkbuf_16)
     8    0.04    0.05    0.10    0.28 ^ clkbuf_2_3__f_clk/X (sky130_fd_sc_hd__clkbuf_16)
                                         clknet_2_3__leaf_clk (net)
                  0.05    0.00    0.28 ^ _350_/CLK (sky130_fd_sc_hd__dfrtp_2)
     4    0.04    0.16    0.30    0.58 ^ _350_/Q (sky130_fd_sc_hd__dfrtp_2)
                                         one_second_counter[20] (net)
                  0.16    0.01    0.58 ^ _263_/A (sky130_fd_sc_hd__nand2_1)
     2    0.02    0.10    0.10    0.69 v _263_/Y (sky130_fd_sc_hd__nand2_1)
                                         _140_ (net)
                  0.10    0.00    0.69 v _264_/C (sky130_fd_sc_hd__and3_1)
     1    0.03    0.10    0.20    0.89 v _264_/X (sky130_fd_sc_hd__and3_1)
                                         _141_ (net)
                  0.10    0.00    0.89 v _265_/A (sky130_fd_sc_hd__clkbuf_1)
     1    0.01    0.05    0.10    0.99 v _265_/X (sky130_fd_sc_hd__clkbuf_1)
                                         _012_ (net)
                  0.05    0.00    0.99 v _350_/D (sky130_fd_sc_hd__dfrtp_2)
                                  0.99   data arrival time

                          0.00    0.00   clock clk (rise edge)
                          0.00    0.00   clock source latency
     1    0.03    0.09    0.07    0.07 ^ clk (in)
                                         clk (net)
                  0.09    0.00    0.07 ^ clkbuf_0_clk/A (sky130_fd_sc_hd__clkbuf_16)
     4    0.05    0.05    0.13    0.19 ^ clkbuf_0_clk/X (sky130_fd_sc_hd__clkbuf_16)
                                         clknet_0_clk (net)
                  0.06    0.00    0.20 ^ clkbuf_2_3__f_clk/A (sky130_fd_sc_hd__clkbuf_16)
     8    0.04    0.05    0.11    0.31 ^ clkbuf_2_3__f_clk/X (sky130_fd_sc_hd__clkbuf_16)
                                         clknet_2_3__leaf_clk (net)
                  0.05    0.00    0.31 ^ _350_/CLK (sky130_fd_sc_hd__dfrtp_2)
                          0.25    0.56   clock uncertainty
                         -0.03    0.53   clock reconvergence pessimism
                         -0.03    0.50   library hold time
                                  0.50   data required time
-----------------------------------------------------------------------------
                                  0.50   data required time
                                 -0.99   data arrival time
-----------------------------------------------------------------------------
                                  0.49   slack (MET)


Startpoint: _342_ (rising edge-triggered flip-flop clocked by clk)
Endpoint: _342_ (rising edge-triggered flip-flop clocked by clk)
Path Group: clk
Path Type: min
Corner: Fastest

Fanout     Cap    Slew   Delay    Time   Description
-----------------------------------------------------------------------------
                          0.00    0.00   clock clk (rise edge)
                          0.00    0.00   clock source latency
     1    0.03    0.09    0.06    0.06 ^ clk (in)
                                         clk (net)
                  0.09    0.00    0.06 ^ clkbuf_0_clk/A (sky130_fd_sc_hd__clkbuf_16)
     4    0.05    0.05    0.11    0.17 ^ clkbuf_0_clk/X (sky130_fd_sc_hd__clkbuf_16)
                                         clknet_0_clk (net)
                  0.06    0.00    0.18 ^ clkbuf_2_1__f_clk/A (sky130_fd_sc_hd__clkbuf_16)
    11    0.04    0.04    0.10    0.28 ^ clkbuf_2_1__f_clk/X (sky130_fd_sc_hd__clkbuf_16)
                                         clknet_2_1__leaf_clk (net)
                  0.04    0.00    0.28 ^ _342_/CLK (sky130_fd_sc_hd__dfrtp_2)
     5    0.04    0.14    0.28    0.56 ^ _342_/Q (sky130_fd_sc_hd__dfrtp_2)
                                         one_second_counter[12] (net)
                  0.14    0.00    0.56 ^ _231_/A (sky130_fd_sc_hd__nand2_1)
     1    0.02    0.11    0.11    0.67 v _231_/Y (sky130_fd_sc_hd__nand2_1)
                                         _116_ (net)
                  0.11    0.00    0.67 v _232_/C (sky130_fd_sc_hd__and3_1)
     1    0.02    0.09    0.19    0.87 v _232_/X (sky130_fd_sc_hd__and3_1)
                                         _117_ (net)
                  0.09    0.00    0.87 v _233_/A (sky130_fd_sc_hd__buf_1)
     1    0.02    0.07    0.11    0.98 v _233_/X (sky130_fd_sc_hd__buf_1)
                                         _003_ (net)
                  0.07    0.00    0.98 v _342_/D (sky130_fd_sc_hd__dfrtp_2)
                                  0.98   data arrival time

                          0.00    0.00   clock clk (rise edge)
                          0.00    0.00   clock source latency
     1    0.03    0.09    0.07    0.07 ^ clk (in)
                                         clk (net)
                  0.09    0.00    0.07 ^ clkbuf_0_clk/A (sky130_fd_sc_hd__clkbuf_16)
     4    0.05    0.05    0.13    0.19 ^ clkbuf_0_clk/X (sky130_fd_sc_hd__clkbuf_16)
                                         clknet_0_clk (net)
                  0.06    0.00    0.20 ^ clkbuf_2_1__f_clk/A (sky130_fd_sc_hd__clkbuf_16)
    11    0.04    0.04    0.11    0.30 ^ clkbuf_2_1__f_clk/X (sky130_fd_sc_hd__clkbuf_16)
                                         clknet_2_1__leaf_clk (net)
                  0.04    0.00    0.31 ^ _342_/CLK (sky130_fd_sc_hd__dfrtp_2)
                          0.25    0.56   clock uncertainty
                         -0.03    0.53   clock reconvergence pessimism
                         -0.04    0.49   library hold time
                                  0.49   data required time
-----------------------------------------------------------------------------
                                  0.49   data required time
                                 -0.98   data arrival time
-----------------------------------------------------------------------------
                                  0.50   slack (MET)


Startpoint: _356_ (rising edge-triggered flip-flop clocked by clk)
Endpoint: _357_ (rising edge-triggered flip-flop clocked by clk)
Path Group: clk
Path Type: min
Corner: Fastest

Fanout     Cap    Slew   Delay    Time   Description
-----------------------------------------------------------------------------
                          0.00    0.00   clock clk (rise edge)
                          0.00    0.00   clock source latency
     1    0.03    0.09    0.06    0.06 ^ clk (in)
                                         clk (net)
                  0.09    0.00    0.06 ^ clkbuf_0_clk/A (sky130_fd_sc_hd__clkbuf_16)
     4    0.05    0.05    0.11    0.17 ^ clkbuf_0_clk/X (sky130_fd_sc_hd__clkbuf_16)
                                         clknet_0_clk (net)
                  0.06    0.00    0.18 ^ clkbuf_2_1__f_clk/A (sky130_fd_sc_hd__clkbuf_16)
    11    0.04    0.04    0.10    0.28 ^ clkbuf_2_1__f_clk/X (sky130_fd_sc_hd__clkbuf_16)
                                         clknet_2_1__leaf_clk (net)
                  0.05    0.00    0.28 ^ _356_/CLK (sky130_fd_sc_hd__dfrtp_1)
     2    0.02    0.13    0.26    0.54 ^ _356_/Q (sky130_fd_sc_hd__dfrtp_1)
                                         one_second_counter[26] (net)
                  0.13    0.00    0.54 ^ _187_/B1_N (sky130_fd_sc_hd__a21bo_2)
     9    0.06    0.10    0.18    0.73 v _187_/X (sky130_fd_sc_hd__a21bo_2)
                                         _085_ (net)
                  0.10    0.00    0.73 v _188_/A (sky130_fd_sc_hd__inv_2)
     2    0.03    0.11    0.11    0.84 ^ _188_/Y (sky130_fd_sc_hd__inv_2)
                                         _086_ (net)
                  0.11    0.00    0.85 ^ _189_/A (sky130_fd_sc_hd__buf_4)
    10    0.08    0.17    0.17    1.02 ^ _189_/X (sky130_fd_sc_hd__buf_4)
                                         _027_ (net)
                  0.18    0.01    1.03 ^ _357_/D (sky130_fd_sc_hd__dfrtp_4)
                                  1.03   data arrival time

                          0.00    0.00   clock clk (rise edge)
                          0.00    0.00   clock source latency
     1    0.03    0.09    0.07    0.07 ^ clk (in)
                                         clk (net)
                  0.09    0.00    0.07 ^ clkbuf_0_clk/A (sky130_fd_sc_hd__clkbuf_16)
     4    0.05    0.05    0.13    0.19 ^ clkbuf_0_clk/X (sky130_fd_sc_hd__clkbuf_16)
                                         clknet_0_clk (net)
                  0.06    0.00    0.20 ^ clkbuf_2_2__f_clk/A (sky130_fd_sc_hd__clkbuf_16)
     7    0.05    0.06    0.11    0.31 ^ clkbuf_2_2__f_clk/X (sky130_fd_sc_hd__clkbuf_16)
                                         clknet_2_2__leaf_clk (net)
                  0.06    0.01    0.32 ^ _357_/CLK (sky130_fd_sc_hd__dfrtp_4)
                          0.25    0.57   clock uncertainty
                         -0.02    0.55   clock reconvergence pessimism
                         -0.03    0.52   library hold time
                                  0.52   data required time
-----------------------------------------------------------------------------
                                  0.52   data required time
                                 -1.03   data arrival time
-----------------------------------------------------------------------------
                                  0.51   slack (MET)


Startpoint: _344_ (rising edge-triggered flip-flop clocked by clk)
Endpoint: _344_ (rising edge-triggered flip-flop clocked by clk)
Path Group: clk
Path Type: min
Corner: Fastest

Fanout     Cap    Slew   Delay    Time   Description
-----------------------------------------------------------------------------
                          0.00    0.00   clock clk (rise edge)
                          0.00    0.00   clock source latency
     1    0.03    0.09    0.06    0.06 ^ clk (in)
                                         clk (net)
                  0.09    0.00    0.06 ^ clkbuf_0_clk/A (sky130_fd_sc_hd__clkbuf_16)
     4    0.05    0.05    0.11    0.17 ^ clkbuf_0_clk/X (sky130_fd_sc_hd__clkbuf_16)
                                         clknet_0_clk (net)
                  0.06    0.00    0.18 ^ clkbuf_2_1__f_clk/A (sky130_fd_sc_hd__clkbuf_16)
    11    0.04    0.04    0.10    0.28 ^ clkbuf_2_1__f_clk/X (sky130_fd_sc_hd__clkbuf_16)
                                         clknet_2_1__leaf_clk (net)
                  0.04    0.00    0.28 ^ _344_/CLK (sky130_fd_sc_hd__dfrtp_1)
     3    0.03    0.10    0.28    0.56 v _344_/Q (sky130_fd_sc_hd__dfrtp_1)
                                         one_second_counter[14] (net)
                  0.10    0.00    0.56 v _238_/A (sky130_fd_sc_hd__inv_2)
     2    0.02    0.08    0.09    0.65 ^ _238_/Y (sky130_fd_sc_hd__inv_2)
                                         _121_ (net)
                  0.08    0.00    0.66 ^ _239_/A (sky130_fd_sc_hd__nand2_1)
     2    0.03    0.12    0.10    0.76 v _239_/Y (sky130_fd_sc_hd__nand2_1)
                                         _122_ (net)
                  0.12    0.00    0.76 v _241_/B (sky130_fd_sc_hd__and3_1)
     1    0.01    0.05    0.15    0.91 v _241_/X (sky130_fd_sc_hd__and3_1)
                                         _124_ (net)
                  0.05    0.00    0.92 v _242_/A (sky130_fd_sc_hd__clkbuf_1)
     1    0.01    0.06    0.09    1.01 v _242_/X (sky130_fd_sc_hd__clkbuf_1)
                                         _005_ (net)
                  0.06    0.00    1.01 v _344_/D (sky130_fd_sc_hd__dfrtp_1)
                                  1.01   data arrival time

                          0.00    0.00   clock clk (rise edge)
                          0.00    0.00   clock source latency
     1    0.03    0.09    0.07    0.07 ^ clk (in)
                                         clk (net)
                  0.09    0.00    0.07 ^ clkbuf_0_clk/A (sky130_fd_sc_hd__clkbuf_16)
     4    0.05    0.05    0.13    0.19 ^ clkbuf_0_clk/X (sky130_fd_sc_hd__clkbuf_16)
                                         clknet_0_clk (net)
                  0.06    0.00    0.20 ^ clkbuf_2_1__f_clk/A (sky130_fd_sc_hd__clkbuf_16)
    11    0.04    0.04    0.11    0.30 ^ clkbuf_2_1__f_clk/X (sky130_fd_sc_hd__clkbuf_16)
                                         clknet_2_1__leaf_clk (net)
                  0.04    0.00    0.31 ^ _344_/CLK (sky130_fd_sc_hd__dfrtp_1)
                          0.25    0.56   clock uncertainty
                         -0.03    0.53   clock reconvergence pessimism
                         -0.04    0.49   library hold time
                                  0.49   data required time
-----------------------------------------------------------------------------
                                  0.49   data required time
                                 -1.01   data arrival time
-----------------------------------------------------------------------------
                                  0.52   slack (MET)


Startpoint: _340_ (rising edge-triggered flip-flop clocked by clk)
Endpoint: _340_ (rising edge-triggered flip-flop clocked by clk)
Path Group: clk
Path Type: min
Corner: Fastest

Fanout     Cap    Slew   Delay    Time   Description
-----------------------------------------------------------------------------
                          0.00    0.00   clock clk (rise edge)
                          0.00    0.00   clock source latency
     1    0.03    0.09    0.06    0.06 ^ clk (in)
                                         clk (net)
                  0.09    0.00    0.06 ^ clkbuf_0_clk/A (sky130_fd_sc_hd__clkbuf_16)
     4    0.05    0.05    0.11    0.17 ^ clkbuf_0_clk/X (sky130_fd_sc_hd__clkbuf_16)
                                         clknet_0_clk (net)
                  0.05    0.00    0.18 ^ clkbuf_2_0__f_clk/A (sky130_fd_sc_hd__clkbuf_16)
     9    0.05    0.05    0.10    0.28 ^ clkbuf_2_0__f_clk/X (sky130_fd_sc_hd__clkbuf_16)
                                         clknet_2_0__leaf_clk (net)
                  0.05    0.00    0.28 ^ _340_/CLK (sky130_fd_sc_hd__dfrtp_4)
     6    0.06    0.15    0.32    0.60 ^ _340_/Q (sky130_fd_sc_hd__dfrtp_4)
                                         one_second_counter[10] (net)
                  0.15    0.00    0.61 ^ _224_/A (sky130_fd_sc_hd__nand2_1)
     1    0.01    0.07    0.08    0.69 v _224_/Y (sky130_fd_sc_hd__nand2_1)
                                         _111_ (net)
                  0.07    0.00    0.69 v _225_/C (sky130_fd_sc_hd__and3_1)
     1    0.03    0.11    0.20    0.88 v _225_/X (sky130_fd_sc_hd__and3_1)
                                         _112_ (net)
                  0.11    0.00    0.89 v _226_/A (sky130_fd_sc_hd__buf_1)
     1    0.02    0.07    0.12    1.01 v _226_/X (sky130_fd_sc_hd__buf_1)
                                         _001_ (net)
                  0.07    0.00    1.01 v _340_/D (sky130_fd_sc_hd__dfrtp_4)
                                  1.01   data arrival time

                          0.00    0.00   clock clk (rise edge)
                          0.00    0.00   clock source latency
     1    0.03    0.09    0.07    0.07 ^ clk (in)
                                         clk (net)
                  0.09    0.00    0.07 ^ clkbuf_0_clk/A (sky130_fd_sc_hd__clkbuf_16)
     4    0.05    0.05    0.13    0.19 ^ clkbuf_0_clk/X (sky130_fd_sc_hd__clkbuf_16)
                                         clknet_0_clk (net)
                  0.05    0.00    0.20 ^ clkbuf_2_0__f_clk/A (sky130_fd_sc_hd__clkbuf_16)
     9    0.05    0.05    0.11    0.31 ^ clkbuf_2_0__f_clk/X (sky130_fd_sc_hd__clkbuf_16)
                                         clknet_2_0__leaf_clk (net)
                  0.05    0.00    0.31 ^ _340_/CLK (sky130_fd_sc_hd__dfrtp_4)
                          0.25    0.56   clock uncertainty
                         -0.03    0.53   clock reconvergence pessimism
                         -0.04    0.49   library hold time
                                  0.49   data required time
-----------------------------------------------------------------------------
                                  0.49   data required time
                                 -1.01   data arrival time
-----------------------------------------------------------------------------
                                  0.52   slack (MET)


Startpoint: _352_ (rising edge-triggered flip-flop clocked by clk)
Endpoint: _352_ (rising edge-triggered flip-flop clocked by clk)
Path Group: clk
Path Type: min
Corner: Fastest

Fanout     Cap    Slew   Delay    Time   Description
-----------------------------------------------------------------------------
                          0.00    0.00   clock clk (rise edge)
                          0.00    0.00   clock source latency
     1    0.03    0.09    0.06    0.06 ^ clk (in)
                                         clk (net)
                  0.09    0.00    0.06 ^ clkbuf_0_clk/A (sky130_fd_sc_hd__clkbuf_16)
     4    0.05    0.05    0.11    0.17 ^ clkbuf_0_clk/X (sky130_fd_sc_hd__clkbuf_16)
                                         clknet_0_clk (net)
                  0.05    0.00    0.18 ^ clkbuf_2_0__f_clk/A (sky130_fd_sc_hd__clkbuf_16)
     9    0.05    0.05    0.10    0.28 ^ clkbuf_2_0__f_clk/X (sky130_fd_sc_hd__clkbuf_16)
                                         clknet_2_0__leaf_clk (net)
                  0.05    0.00    0.28 ^ _352_/CLK (sky130_fd_sc_hd__dfrtp_1)
     3    0.03    0.18    0.30    0.58 ^ _352_/Q (sky130_fd_sc_hd__dfrtp_1)
                                         one_second_counter[22] (net)
                  0.18    0.00    0.58 ^ _270_/A (sky130_fd_sc_hd__nand2_2)
     2    0.03    0.11    0.10    0.68 v _270_/Y (sky130_fd_sc_hd__nand2_2)
                                         _145_ (net)
                  0.11    0.00    0.68 v _271_/C (sky130_fd_sc_hd__and3_1)
     1    0.02    0.08    0.19    0.87 v _271_/X (sky130_fd_sc_hd__and3_1)
                                         _146_ (net)
                  0.08    0.00    0.88 v _272_/A (sky130_fd_sc_hd__buf_1)
     1    0.02    0.10    0.13    1.01 v _272_/X (sky130_fd_sc_hd__buf_1)
                                         _014_ (net)
                  0.10    0.00    1.01 v _352_/D (sky130_fd_sc_hd__dfrtp_1)
                                  1.01   data arrival time

                          0.00    0.00   clock clk (rise edge)
                          0.00    0.00   clock source latency
     1    0.03    0.09    0.07    0.07 ^ clk (in)
                                         clk (net)
                  0.09    0.00    0.07 ^ clkbuf_0_clk/A (sky130_fd_sc_hd__clkbuf_16)
     4    0.05    0.05    0.13    0.19 ^ clkbuf_0_clk/X (sky130_fd_sc_hd__clkbuf_16)
                                         clknet_0_clk (net)
                  0.05    0.00    0.20 ^ clkbuf_2_0__f_clk/A (sky130_fd_sc_hd__clkbuf_16)
     9    0.05    0.05    0.11    0.31 ^ clkbuf_2_0__f_clk/X (sky130_fd_sc_hd__clkbuf_16)
                                         clknet_2_0__leaf_clk (net)
                  0.05    0.00    0.31 ^ _352_/CLK (sky130_fd_sc_hd__dfrtp_1)
                          0.25    0.56   clock uncertainty
                         -0.03    0.53   clock reconvergence pessimism
                         -0.05    0.48   library hold time
                                  0.48   data required time
-----------------------------------------------------------------------------
                                  0.48   data required time
                                 -1.01   data arrival time
-----------------------------------------------------------------------------
                                  0.53   slack (MET)


Startpoint: rst (input port clocked by clk)
Endpoint: _360_ (removal check against rising-edge clock clk)
Path Group: asynchronous
Path Type: min
Corner: Fastest

Fanout     Cap    Slew   Delay    Time   Description
-----------------------------------------------------------------------------
                          0.00    0.00   clock clk (rise edge)
                          0.00    0.00   clock network delay (propagated)
                          2.00    2.00 v input external delay
     1    0.00    0.01    0.00    2.00 v rst (in)
                                         rst (net)
                  0.01    0.00    2.00 v input1/A (sky130_fd_sc_hd__clkbuf_4)
     5    0.08    0.11    0.14    2.15 v input1/X (sky130_fd_sc_hd__clkbuf_4)
                                         net1 (net)
                  0.11    0.00    2.15 v _328_/A (sky130_fd_sc_hd__inv_2)
     1    0.02    0.08    0.09    2.24 ^ _328_/Y (sky130_fd_sc_hd__inv_2)
                                         _058_ (net)
                  0.08    0.00    2.25 ^ _360_/RESET_B (sky130_fd_sc_hd__dfrtp_4)
                                  2.25   data arrival time

                          0.00    0.00   clock clk (rise edge)
                          0.00    0.00   clock source latency
     1    0.03    0.09    0.07    0.07 ^ clk (in)
                                         clk (net)
                  0.09    0.00    0.07 ^ clkbuf_0_clk/A (sky130_fd_sc_hd__clkbuf_16)
     4    0.05    0.05    0.13    0.19 ^ clkbuf_0_clk/X (sky130_fd_sc_hd__clkbuf_16)
                                         clknet_0_clk (net)
                  0.06    0.00    0.20 ^ clkbuf_2_3__f_clk/A (sky130_fd_sc_hd__clkbuf_16)
     8    0.04    0.05    0.11    0.31 ^ clkbuf_2_3__f_clk/X (sky130_fd_sc_hd__clkbuf_16)
                                         clknet_2_3__leaf_clk (net)
                  0.05    0.00    0.31 ^ _360_/CLK (sky130_fd_sc_hd__dfrtp_4)
                          0.25    0.56   clock uncertainty
                          0.00    0.56   clock reconvergence pessimism
                          0.21    0.77   library removal time
                                  0.77   data required time
-----------------------------------------------------------------------------
                                  0.77   data required time
                                 -2.25   data arrival time
-----------------------------------------------------------------------------
                                  1.47   slack (MET)


Startpoint: rst (input port clocked by clk)
Endpoint: _361_ (removal check against rising-edge clock clk)
Path Group: asynchronous
Path Type: min
Corner: Fastest

Fanout     Cap    Slew   Delay    Time   Description
-----------------------------------------------------------------------------
                          0.00    0.00   clock clk (rise edge)
                          0.00    0.00   clock network delay (propagated)
                          2.00    2.00 v input external delay
     1    0.00    0.01    0.00    2.00 v rst (in)
                                         rst (net)
                  0.01    0.00    2.00 v input1/A (sky130_fd_sc_hd__clkbuf_4)
     5    0.08    0.11    0.14    2.15 v input1/X (sky130_fd_sc_hd__clkbuf_4)
                                         net1 (net)
                  0.11    0.01    2.16 v _329_/A (sky130_fd_sc_hd__inv_2)
     1    0.02    0.09    0.10    2.26 ^ _329_/Y (sky130_fd_sc_hd__inv_2)
                                         _059_ (net)
                  0.09    0.00    2.26 ^ _361_/RESET_B (sky130_fd_sc_hd__dfrtp_4)
                                  2.26   data arrival time

                          0.00    0.00   clock clk (rise edge)
                          0.00    0.00   clock source latency
     1    0.03    0.09    0.07    0.07 ^ clk (in)
                                         clk (net)
                  0.09    0.00    0.07 ^ clkbuf_0_clk/A (sky130_fd_sc_hd__clkbuf_16)
     4    0.05    0.05    0.13    0.19 ^ clkbuf_0_clk/X (sky130_fd_sc_hd__clkbuf_16)
                                         clknet_0_clk (net)
                  0.05    0.00    0.20 ^ clkbuf_2_0__f_clk/A (sky130_fd_sc_hd__clkbuf_16)
     9    0.05    0.05    0.11    0.31 ^ clkbuf_2_0__f_clk/X (sky130_fd_sc_hd__clkbuf_16)
                                         clknet_2_0__leaf_clk (net)
                  0.05    0.00    0.31 ^ _361_/CLK (sky130_fd_sc_hd__dfrtp_4)
                          0.25    0.56   clock uncertainty
                          0.00    0.56   clock reconvergence pessimism
                          0.22    0.78   library removal time
                                  0.78   data required time
-----------------------------------------------------------------------------
                                  0.78   data required time
                                 -2.26   data arrival time
-----------------------------------------------------------------------------
                                  1.49   slack (MET)


Startpoint: rst (input port clocked by clk)
Endpoint: _351_ (removal check against rising-edge clock clk)
Path Group: asynchronous
Path Type: min
Corner: Fastest

Fanout     Cap    Slew   Delay    Time   Description
-----------------------------------------------------------------------------
                          0.00    0.00   clock clk (rise edge)
                          0.00    0.00   clock network delay (propagated)
                          2.00    2.00 v input external delay
     1    0.00    0.01    0.00    2.00 v rst (in)
                                         rst (net)
                  0.01    0.00    2.00 v input1/A (sky130_fd_sc_hd__clkbuf_4)
     5    0.08    0.11    0.14    2.15 v input1/X (sky130_fd_sc_hd__clkbuf_4)
                                         net1 (net)
                  0.11    0.01    2.15 v _317_/A (sky130_fd_sc_hd__clkbuf_8)
    10    0.08    0.07    0.15    2.31 v _317_/X (sky130_fd_sc_hd__clkbuf_8)
                                         _161_ (net)
                  0.07    0.00    2.31 v _319_/A (sky130_fd_sc_hd__inv_2)
     1    0.01    0.04    0.05    2.36 ^ _319_/Y (sky130_fd_sc_hd__inv_2)
                                         _049_ (net)
                  0.04    0.00    2.36 ^ _351_/RESET_B (sky130_fd_sc_hd__dfrtp_2)
                                  2.36   data arrival time

                          0.00    0.00   clock clk (rise edge)
                          0.00    0.00   clock source latency
     1    0.03    0.09    0.07    0.07 ^ clk (in)
                                         clk (net)
                  0.09    0.00    0.07 ^ clkbuf_0_clk/A (sky130_fd_sc_hd__clkbuf_16)
     4    0.05    0.05    0.13    0.19 ^ clkbuf_0_clk/X (sky130_fd_sc_hd__clkbuf_16)
                                         clknet_0_clk (net)
                  0.06    0.00    0.20 ^ clkbuf_2_2__f_clk/A (sky130_fd_sc_hd__clkbuf_16)
     7    0.05    0.06    0.11    0.31 ^ clkbuf_2_2__f_clk/X (sky130_fd_sc_hd__clkbuf_16)
                                         clknet_2_2__leaf_clk (net)
                  0.06    0.01    0.32 ^ _351_/CLK (sky130_fd_sc_hd__dfrtp_2)
                          0.25    0.57   clock uncertainty
                          0.00    0.57   clock reconvergence pessimism
                          0.20    0.77   library removal time
                                  0.77   data required time
-----------------------------------------------------------------------------
                                  0.77   data required time
                                 -2.36   data arrival time
-----------------------------------------------------------------------------
                                  1.59   slack (MET)


Startpoint: rst (input port clocked by clk)
Endpoint: _357_ (removal check against rising-edge clock clk)
Path Group: asynchronous
Path Type: min
Corner: Fastest

Fanout     Cap    Slew   Delay    Time   Description
-----------------------------------------------------------------------------
                          0.00    0.00   clock clk (rise edge)
                          0.00    0.00   clock network delay (propagated)
                          2.00    2.00 v input external delay
     1    0.00    0.01    0.00    2.00 v rst (in)
                                         rst (net)
                  0.01    0.00    2.00 v input1/A (sky130_fd_sc_hd__clkbuf_4)
     5    0.08    0.11    0.14    2.15 v input1/X (sky130_fd_sc_hd__clkbuf_4)
                                         net1 (net)
                  0.11    0.01    2.15 v _317_/A (sky130_fd_sc_hd__clkbuf_8)
    10    0.08    0.07    0.15    2.31 v _317_/X (sky130_fd_sc_hd__clkbuf_8)
                                         _161_ (net)
                  0.07    0.01    2.32 v _325_/A (sky130_fd_sc_hd__inv_2)
     1    0.01    0.05    0.06    2.38 ^ _325_/Y (sky130_fd_sc_hd__inv_2)
                                         _055_ (net)
                  0.05    0.00    2.38 ^ _357_/RESET_B (sky130_fd_sc_hd__dfrtp_4)
                                  2.38   data arrival time

                          0.00    0.00   clock clk (rise edge)
                          0.00    0.00   clock source latency
     1    0.03    0.09    0.07    0.07 ^ clk (in)
                                         clk (net)
                  0.09    0.00    0.07 ^ clkbuf_0_clk/A (sky130_fd_sc_hd__clkbuf_16)
     4    0.05    0.05    0.13    0.19 ^ clkbuf_0_clk/X (sky130_fd_sc_hd__clkbuf_16)
                                         clknet_0_clk (net)
                  0.06    0.00    0.20 ^ clkbuf_2_2__f_clk/A (sky130_fd_sc_hd__clkbuf_16)
     7    0.05    0.06    0.11    0.31 ^ clkbuf_2_2__f_clk/X (sky130_fd_sc_hd__clkbuf_16)
                                         clknet_2_2__leaf_clk (net)
                  0.06    0.01    0.32 ^ _357_/CLK (sky130_fd_sc_hd__dfrtp_4)
                          0.25    0.57   clock uncertainty
                          0.00    0.57   clock reconvergence pessimism
                          0.21    0.78   library removal time
                                  0.78   data required time
-----------------------------------------------------------------------------
                                  0.78   data required time
                                 -2.38   data arrival time
-----------------------------------------------------------------------------
                                  1.60   slack (MET)


Startpoint: rst (input port clocked by clk)
Endpoint: _346_ (removal check against rising-edge clock clk)
Path Group: asynchronous
Path Type: min
Corner: Fastest

Fanout     Cap    Slew   Delay    Time   Description
-----------------------------------------------------------------------------
                          0.00    0.00   clock clk (rise edge)
                          0.00    0.00   clock network delay (propagated)
                          2.00    2.00 v input external delay
     1    0.00    0.01    0.00    2.00 v rst (in)
                                         rst (net)
                  0.01    0.00    2.00 v input1/A (sky130_fd_sc_hd__clkbuf_4)
     5    0.08    0.11    0.14    2.15 v input1/X (sky130_fd_sc_hd__clkbuf_4)
                                         net1 (net)
                  0.11    0.01    2.16 v _306_/A (sky130_fd_sc_hd__clkbuf_8)
    10    0.09    0.07    0.16    2.31 v _306_/X (sky130_fd_sc_hd__clkbuf_8)
                                         _160_ (net)
                  0.08    0.01    2.33 v _313_/A (sky130_fd_sc_hd__inv_2)
     1    0.01    0.03    0.05    2.37 ^ _313_/Y (sky130_fd_sc_hd__inv_2)
                                         _044_ (net)
                  0.03    0.00    2.37 ^ _346_/RESET_B (sky130_fd_sc_hd__dfrtp_4)
                                  2.37   data arrival time

                          0.00    0.00   clock clk (rise edge)
                          0.00    0.00   clock source latency
     1    0.03    0.09    0.07    0.07 ^ clk (in)
                                         clk (net)
                  0.09    0.00    0.07 ^ clkbuf_0_clk/A (sky130_fd_sc_hd__clkbuf_16)
     4    0.05    0.05    0.13    0.19 ^ clkbuf_0_clk/X (sky130_fd_sc_hd__clkbuf_16)
                                         clknet_0_clk (net)
                  0.06    0.00    0.20 ^ clkbuf_2_2__f_clk/A (sky130_fd_sc_hd__clkbuf_16)
     7    0.05    0.06    0.11    0.31 ^ clkbuf_2_2__f_clk/X (sky130_fd_sc_hd__clkbuf_16)
                                         clknet_2_2__leaf_clk (net)
                  0.06    0.01    0.32 ^ _346_/CLK (sky130_fd_sc_hd__dfrtp_4)
                          0.25    0.57   clock uncertainty
                          0.00    0.57   clock reconvergence pessimism
                          0.20    0.77   library removal time
                                  0.77   data required time
-----------------------------------------------------------------------------
                                  0.77   data required time
                                 -2.37   data arrival time
-----------------------------------------------------------------------------
                                  1.60   slack (MET)


Startpoint: rst (input port clocked by clk)
Endpoint: _331_ (removal check against rising-edge clock clk)
Path Group: asynchronous
Path Type: min
Corner: Fastest

Fanout     Cap    Slew   Delay    Time   Description
-----------------------------------------------------------------------------
                          0.00    0.00   clock clk (rise edge)
                          0.00    0.00   clock network delay (propagated)
                          2.00    2.00 v input external delay
     1    0.00    0.01    0.00    2.00 v rst (in)
                                         rst (net)
                  0.01    0.00    2.00 v input1/A (sky130_fd_sc_hd__clkbuf_4)
     5    0.08    0.11    0.14    2.15 v input1/X (sky130_fd_sc_hd__clkbuf_4)
                                         net1 (net)
                  0.11    0.01    2.16 v _295_/A (sky130_fd_sc_hd__buf_4)
    10    0.09    0.08    0.17    2.32 v _295_/X (sky130_fd_sc_hd__buf_4)
                                         _159_ (net)
                  0.08    0.00    2.33 v _297_/A (sky130_fd_sc_hd__inv_2)
     1    0.01    0.05    0.06    2.39 ^ _297_/Y (sky130_fd_sc_hd__inv_2)
                                         _029_ (net)
                  0.05    0.00    2.39 ^ _331_/RESET_B (sky130_fd_sc_hd__dfrtp_4)
                                  2.39   data arrival time

                          0.00    0.00   clock clk (rise edge)
                          0.00    0.00   clock source latency
     1    0.03    0.09    0.07    0.07 ^ clk (in)
                                         clk (net)
                  0.09    0.00    0.07 ^ clkbuf_0_clk/A (sky130_fd_sc_hd__clkbuf_16)
     4    0.05    0.05    0.13    0.19 ^ clkbuf_0_clk/X (sky130_fd_sc_hd__clkbuf_16)
                                         clknet_0_clk (net)
                  0.06    0.00    0.20 ^ clkbuf_2_2__f_clk/A (sky130_fd_sc_hd__clkbuf_16)
     7    0.05    0.06    0.11    0.31 ^ clkbuf_2_2__f_clk/X (sky130_fd_sc_hd__clkbuf_16)
                                         clknet_2_2__leaf_clk (net)
                  0.06    0.01    0.32 ^ _331_/CLK (sky130_fd_sc_hd__dfrtp_4)
                          0.25    0.57   clock uncertainty
                          0.00    0.57   clock reconvergence pessimism
                          0.21    0.78   library removal time
                                  0.78   data required time
-----------------------------------------------------------------------------
                                  0.78   data required time
                                 -2.39   data arrival time
-----------------------------------------------------------------------------
                                  1.61   slack (MET)


Startpoint: rst (input port clocked by clk)
Endpoint: _353_ (removal check against rising-edge clock clk)
Path Group: asynchronous
Path Type: min
Corner: Fastest

Fanout     Cap    Slew   Delay    Time   Description
-----------------------------------------------------------------------------
                          0.00    0.00   clock clk (rise edge)
                          0.00    0.00   clock network delay (propagated)
                          2.00    2.00 v input external delay
     1    0.00    0.01    0.00    2.00 v rst (in)
                                         rst (net)
                  0.01    0.00    2.00 v input1/A (sky130_fd_sc_hd__clkbuf_4)
     5    0.08    0.11    0.14    2.15 v input1/X (sky130_fd_sc_hd__clkbuf_4)
                                         net1 (net)
                  0.11    0.01    2.15 v _317_/A (sky130_fd_sc_hd__clkbuf_8)
    10    0.08    0.07    0.15    2.31 v _317_/X (sky130_fd_sc_hd__clkbuf_8)
                                         _161_ (net)
                  0.08    0.01    2.32 v _321_/A (sky130_fd_sc_hd__inv_2)
     1    0.01    0.04    0.06    2.37 ^ _321_/Y (sky130_fd_sc_hd__inv_2)
                                         _051_ (net)
                  0.04    0.00    2.37 ^ _353_/RESET_B (sky130_fd_sc_hd__dfrtp_1)
                                  2.37   data arrival time

                          0.00    0.00   clock clk (rise edge)
                          0.00    0.00   clock source latency
     1    0.03    0.09    0.07    0.07 ^ clk (in)
                                         clk (net)
                  0.09    0.00    0.07 ^ clkbuf_0_clk/A (sky130_fd_sc_hd__clkbuf_16)
     4    0.05    0.05    0.13    0.19 ^ clkbuf_0_clk/X (sky130_fd_sc_hd__clkbuf_16)
                                         clknet_0_clk (net)
                  0.06    0.00    0.20 ^ clkbuf_2_1__f_clk/A (sky130_fd_sc_hd__clkbuf_16)
    11    0.04    0.04    0.11    0.30 ^ clkbuf_2_1__f_clk/X (sky130_fd_sc_hd__clkbuf_16)
                                         clknet_2_1__leaf_clk (net)
                  0.04    0.00    0.31 ^ _353_/CLK (sky130_fd_sc_hd__dfrtp_1)
                          0.25    0.56   clock uncertainty
                          0.00    0.56   clock reconvergence pessimism
                          0.20    0.76   library removal time
                                  0.76   data required time
-----------------------------------------------------------------------------
                                  0.76   data required time
                                 -2.37   data arrival time
-----------------------------------------------------------------------------
                                  1.62   slack (MET)


Startpoint: rst (input port clocked by clk)
Endpoint: _345_ (removal check against rising-edge clock clk)
Path Group: asynchronous
Path Type: min
Corner: Fastest

Fanout     Cap    Slew   Delay    Time   Description
-----------------------------------------------------------------------------
                          0.00    0.00   clock clk (rise edge)
                          0.00    0.00   clock network delay (propagated)
                          2.00    2.00 v input external delay
     1    0.00    0.01    0.00    2.00 v rst (in)
                                         rst (net)
                  0.01    0.00    2.00 v input1/A (sky130_fd_sc_hd__clkbuf_4)
     5    0.08    0.11    0.14    2.15 v input1/X (sky130_fd_sc_hd__clkbuf_4)
                                         net1 (net)
                  0.11    0.01    2.16 v _306_/A (sky130_fd_sc_hd__clkbuf_8)
    10    0.09    0.07    0.16    2.31 v _306_/X (sky130_fd_sc_hd__clkbuf_8)
                                         _160_ (net)
                  0.08    0.02    2.33 v _312_/A (sky130_fd_sc_hd__inv_2)
     1    0.00    0.03    0.05    2.38 ^ _312_/Y (sky130_fd_sc_hd__inv_2)
                                         _043_ (net)
                  0.03    0.00    2.38 ^ _345_/RESET_B (sky130_fd_sc_hd__dfrtp_2)
                                  2.38   data arrival time

                          0.00    0.00   clock clk (rise edge)
                          0.00    0.00   clock source latency
     1    0.03    0.09    0.07    0.07 ^ clk (in)
                                         clk (net)
                  0.09    0.00    0.07 ^ clkbuf_0_clk/A (sky130_fd_sc_hd__clkbuf_16)
     4    0.05    0.05    0.13    0.19 ^ clkbuf_0_clk/X (sky130_fd_sc_hd__clkbuf_16)
                                         clknet_0_clk (net)
                  0.06    0.00    0.20 ^ clkbuf_2_3__f_clk/A (sky130_fd_sc_hd__clkbuf_16)
     8    0.04    0.05    0.11    0.31 ^ clkbuf_2_3__f_clk/X (sky130_fd_sc_hd__clkbuf_16)
                                         clknet_2_3__leaf_clk (net)
                  0.05    0.00    0.31 ^ _345_/CLK (sky130_fd_sc_hd__dfrtp_2)
                          0.25    0.56   clock uncertainty
                          0.00    0.56   clock reconvergence pessimism
                          0.20    0.76   library removal time
                                  0.76   data required time
-----------------------------------------------------------------------------
                                  0.76   data required time
                                 -2.38   data arrival time
-----------------------------------------------------------------------------
                                  1.62   slack (MET)


Startpoint: rst (input port clocked by clk)
Endpoint: _352_ (removal check against rising-edge clock clk)
Path Group: asynchronous
Path Type: min
Corner: Fastest

Fanout     Cap    Slew   Delay    Time   Description
-----------------------------------------------------------------------------
                          0.00    0.00   clock clk (rise edge)
                          0.00    0.00   clock network delay (propagated)
                          2.00    2.00 v input external delay
     1    0.00    0.01    0.00    2.00 v rst (in)
                                         rst (net)
                  0.01    0.00    2.00 v input1/A (sky130_fd_sc_hd__clkbuf_4)
     5    0.08    0.11    0.14    2.15 v input1/X (sky130_fd_sc_hd__clkbuf_4)
                                         net1 (net)
                  0.11    0.01    2.15 v _317_/A (sky130_fd_sc_hd__clkbuf_8)
    10    0.08    0.07    0.15    2.31 v _317_/X (sky130_fd_sc_hd__clkbuf_8)
                                         _161_ (net)
                  0.07    0.00    2.31 v _320_/A (sky130_fd_sc_hd__inv_2)
     1    0.02    0.07    0.07    2.39 ^ _320_/Y (sky130_fd_sc_hd__inv_2)
                                         _050_ (net)
                  0.07    0.00    2.39 ^ _352_/RESET_B (sky130_fd_sc_hd__dfrtp_1)
                                  2.39   data arrival time

                          0.00    0.00   clock clk (rise edge)
                          0.00    0.00   clock source latency
     1    0.03    0.09    0.07    0.07 ^ clk (in)
                                         clk (net)
                  0.09    0.00    0.07 ^ clkbuf_0_clk/A (sky130_fd_sc_hd__clkbuf_16)
     4    0.05    0.05    0.13    0.19 ^ clkbuf_0_clk/X (sky130_fd_sc_hd__clkbuf_16)
                                         clknet_0_clk (net)
                  0.05    0.00    0.20 ^ clkbuf_2_0__f_clk/A (sky130_fd_sc_hd__clkbuf_16)
     9    0.05    0.05    0.11    0.31 ^ clkbuf_2_0__f_clk/X (sky130_fd_sc_hd__clkbuf_16)
                                         clknet_2_0__leaf_clk (net)
                  0.05    0.00    0.31 ^ _352_/CLK (sky130_fd_sc_hd__dfrtp_1)
                          0.25    0.56   clock uncertainty
                          0.00    0.56   clock reconvergence pessimism
                          0.21    0.77   library removal time
                                  0.77   data required time
-----------------------------------------------------------------------------
                                  0.77   data required time
                                 -2.39   data arrival time
-----------------------------------------------------------------------------
                                  1.62   slack (MET)


Startpoint: rst (input port clocked by clk)
Endpoint: _358_ (removal check against rising-edge clock clk)
Path Group: asynchronous
Path Type: min
Corner: Fastest

Fanout     Cap    Slew   Delay    Time   Description
-----------------------------------------------------------------------------
                          0.00    0.00   clock clk (rise edge)
                          0.00    0.00   clock network delay (propagated)
                          2.00    2.00 v input external delay
     1    0.00    0.01    0.00    2.00 v rst (in)
                                         rst (net)
                  0.01    0.00    2.00 v input1/A (sky130_fd_sc_hd__clkbuf_4)
     5    0.08    0.11    0.14    2.15 v input1/X (sky130_fd_sc_hd__clkbuf_4)
                                         net1 (net)
                  0.11    0.01    2.15 v _317_/A (sky130_fd_sc_hd__clkbuf_8)
    10    0.08    0.07    0.15    2.31 v _317_/X (sky130_fd_sc_hd__clkbuf_8)
                                         _161_ (net)
                  0.08    0.01    2.32 v _326_/A (sky130_fd_sc_hd__inv_2)
     1    0.02    0.07    0.08    2.40 ^ _326_/Y (sky130_fd_sc_hd__inv_2)
                                         _056_ (net)
                  0.07    0.00    2.40 ^ _358_/RESET_B (sky130_fd_sc_hd__dfrtp_4)
                                  2.40   data arrival time

                          0.00    0.00   clock clk (rise edge)
                          0.00    0.00   clock source latency
     1    0.03    0.09    0.07    0.07 ^ clk (in)
                                         clk (net)
                  0.09    0.00    0.07 ^ clkbuf_0_clk/A (sky130_fd_sc_hd__clkbuf_16)
     4    0.05    0.05    0.13    0.19 ^ clkbuf_0_clk/X (sky130_fd_sc_hd__clkbuf_16)
                                         clknet_0_clk (net)
                  0.06    0.00    0.20 ^ clkbuf_2_2__f_clk/A (sky130_fd_sc_hd__clkbuf_16)
     7    0.05    0.06    0.11    0.31 ^ clkbuf_2_2__f_clk/X (sky130_fd_sc_hd__clkbuf_16)
                                         clknet_2_2__leaf_clk (net)
                  0.06    0.01    0.32 ^ _358_/CLK (sky130_fd_sc_hd__dfrtp_4)
                          0.25    0.57   clock uncertainty
                          0.00    0.57   clock reconvergence pessimism
                          0.21    0.78   library removal time
                                  0.78   data required time
-----------------------------------------------------------------------------
                                  0.78   data required time
                                 -2.40   data arrival time
-----------------------------------------------------------------------------
                                  1.62   slack (MET)


Startpoint: rst (input port clocked by clk)
Endpoint: _335_ (removal check against rising-edge clock clk)
Path Group: asynchronous
Path Type: min
Corner: Fastest

Fanout     Cap    Slew   Delay    Time   Description
-----------------------------------------------------------------------------
                          0.00    0.00   clock clk (rise edge)
                          0.00    0.00   clock network delay (propagated)
                          2.00    2.00 v input external delay
     1    0.00    0.01    0.00    2.00 v rst (in)
                                         rst (net)
                  0.01    0.00    2.00 v input1/A (sky130_fd_sc_hd__clkbuf_4)
     5    0.08    0.11    0.14    2.15 v input1/X (sky130_fd_sc_hd__clkbuf_4)
                                         net1 (net)
                  0.11    0.01    2.16 v _295_/A (sky130_fd_sc_hd__buf_4)
    10    0.09    0.08    0.17    2.32 v _295_/X (sky130_fd_sc_hd__buf_4)
                                         _159_ (net)
                  0.08    0.00    2.33 v _301_/A (sky130_fd_sc_hd__inv_2)
     1    0.01    0.04    0.06    2.39 ^ _301_/Y (sky130_fd_sc_hd__inv_2)
                                         _033_ (net)
                  0.04    0.00    2.39 ^ _335_/RESET_B (sky130_fd_sc_hd__dfrtp_2)
                                  2.39   data arrival time

                          0.00    0.00   clock clk (rise edge)
                          0.00    0.00   clock source latency
     1    0.03    0.09    0.07    0.07 ^ clk (in)
                                         clk (net)
                  0.09    0.00    0.07 ^ clkbuf_0_clk/A (sky130_fd_sc_hd__clkbuf_16)
     4    0.05    0.05    0.13    0.19 ^ clkbuf_0_clk/X (sky130_fd_sc_hd__clkbuf_16)
                                         clknet_0_clk (net)
                  0.06    0.00    0.20 ^ clkbuf_2_2__f_clk/A (sky130_fd_sc_hd__clkbuf_16)
     7    0.05    0.06    0.11    0.31 ^ clkbuf_2_2__f_clk/X (sky130_fd_sc_hd__clkbuf_16)
                                         clknet_2_2__leaf_clk (net)
                  0.06    0.00    0.31 ^ _335_/CLK (sky130_fd_sc_hd__dfrtp_2)
                          0.25    0.56   clock uncertainty
                          0.00    0.56   clock reconvergence pessimism
                          0.20    0.77   library removal time
                                  0.77   data required time
-----------------------------------------------------------------------------
                                  0.77   data required time
                                 -2.39   data arrival time
-----------------------------------------------------------------------------
                                  1.62   slack (MET)


Startpoint: rst (input port clocked by clk)
Endpoint: _355_ (removal check against rising-edge clock clk)
Path Group: asynchronous
Path Type: min
Corner: Fastest

Fanout     Cap    Slew   Delay    Time   Description
-----------------------------------------------------------------------------
                          0.00    0.00   clock clk (rise edge)
                          0.00    0.00   clock network delay (propagated)
                          2.00    2.00 v input external delay
     1    0.00    0.01    0.00    2.00 v rst (in)
                                         rst (net)
                  0.01    0.00    2.00 v input1/A (sky130_fd_sc_hd__clkbuf_4)
     5    0.08    0.11    0.14    2.15 v input1/X (sky130_fd_sc_hd__clkbuf_4)
                                         net1 (net)
                  0.11    0.01    2.15 v _317_/A (sky130_fd_sc_hd__clkbuf_8)
    10    0.08    0.07    0.15    2.31 v _317_/X (sky130_fd_sc_hd__clkbuf_8)
                                         _161_ (net)
                  0.07    0.01    2.31 v _323_/A (sky130_fd_sc_hd__inv_2)
     1    0.02    0.06    0.07    2.38 ^ _323_/Y (sky130_fd_sc_hd__inv_2)
                                         _053_ (net)
                  0.06    0.00    2.39 ^ _355_/RESET_B (sky130_fd_sc_hd__dfrtp_4)
                                  2.39   data arrival time

                          0.00    0.00   clock clk (rise edge)
                          0.00    0.00   clock source latency
     1    0.03    0.09    0.07    0.07 ^ clk (in)
                                         clk (net)
                  0.09    0.00    0.07 ^ clkbuf_0_clk/A (sky130_fd_sc_hd__clkbuf_16)
     4    0.05    0.05    0.13    0.19 ^ clkbuf_0_clk/X (sky130_fd_sc_hd__clkbuf_16)
                                         clknet_0_clk (net)
                  0.06    0.00    0.20 ^ clkbuf_2_1__f_clk/A (sky130_fd_sc_hd__clkbuf_16)
    11    0.04    0.04    0.11    0.30 ^ clkbuf_2_1__f_clk/X (sky130_fd_sc_hd__clkbuf_16)
                                         clknet_2_1__leaf_clk (net)
                  0.05    0.00    0.31 ^ _355_/CLK (sky130_fd_sc_hd__dfrtp_4)
                          0.25    0.56   clock uncertainty
                          0.00    0.56   clock reconvergence pessimism
                          0.21    0.76   library removal time
                                  0.76   data required time
-----------------------------------------------------------------------------
                                  0.76   data required time
                                 -2.39   data arrival time
-----------------------------------------------------------------------------
                                  1.62   slack (MET)


Startpoint: rst (input port clocked by clk)
Endpoint: _359_ (removal check against rising-edge clock clk)
Path Group: asynchronous
Path Type: min
Corner: Fastest

Fanout     Cap    Slew   Delay    Time   Description
-----------------------------------------------------------------------------
                          0.00    0.00   clock clk (rise edge)
                          0.00    0.00   clock network delay (propagated)
                          2.00    2.00 v input external delay
     1    0.00    0.01    0.00    2.00 v rst (in)
                                         rst (net)
                  0.01    0.00    2.00 v input1/A (sky130_fd_sc_hd__clkbuf_4)
     5    0.08    0.11    0.14    2.15 v input1/X (sky130_fd_sc_hd__clkbuf_4)
                                         net1 (net)
                  0.11    0.01    2.15 v _317_/A (sky130_fd_sc_hd__clkbuf_8)
    10    0.08    0.07    0.15    2.31 v _317_/X (sky130_fd_sc_hd__clkbuf_8)
                                         _161_ (net)
                  0.08    0.01    2.32 v _327_/A (sky130_fd_sc_hd__inv_2)
     1    0.02    0.06    0.07    2.39 ^ _327_/Y (sky130_fd_sc_hd__inv_2)
                                         _057_ (net)
                  0.06    0.00    2.39 ^ _359_/RESET_B (sky130_fd_sc_hd__dfrtp_4)
                                  2.39   data arrival time

                          0.00    0.00   clock clk (rise edge)
                          0.00    0.00   clock source latency
     1    0.03    0.09    0.07    0.07 ^ clk (in)
                                         clk (net)
                  0.09    0.00    0.07 ^ clkbuf_0_clk/A (sky130_fd_sc_hd__clkbuf_16)
     4    0.05    0.05    0.13    0.19 ^ clkbuf_0_clk/X (sky130_fd_sc_hd__clkbuf_16)
                                         clknet_0_clk (net)
                  0.05    0.00    0.20 ^ clkbuf_2_0__f_clk/A (sky130_fd_sc_hd__clkbuf_16)
     9    0.05    0.05    0.11    0.31 ^ clkbuf_2_0__f_clk/X (sky130_fd_sc_hd__clkbuf_16)
                                         clknet_2_0__leaf_clk (net)
                  0.05    0.00    0.31 ^ _359_/CLK (sky130_fd_sc_hd__dfrtp_4)
                          0.25    0.56   clock uncertainty
                          0.00    0.56   clock reconvergence pessimism
                          0.21    0.77   library removal time
                                  0.77   data required time
-----------------------------------------------------------------------------
                                  0.77   data required time
                                 -2.39   data arrival time
-----------------------------------------------------------------------------
                                  1.62   slack (MET)


Startpoint: rst (input port clocked by clk)
Endpoint: _342_ (removal check against rising-edge clock clk)
Path Group: asynchronous
Path Type: min
Corner: Fastest

Fanout     Cap    Slew   Delay    Time   Description
-----------------------------------------------------------------------------
                          0.00    0.00   clock clk (rise edge)
                          0.00    0.00   clock network delay (propagated)
                          2.00    2.00 v input external delay
     1    0.00    0.01    0.00    2.00 v rst (in)
                                         rst (net)
                  0.01    0.00    2.00 v input1/A (sky130_fd_sc_hd__clkbuf_4)
     5    0.08    0.11    0.14    2.15 v input1/X (sky130_fd_sc_hd__clkbuf_4)
                                         net1 (net)
                  0.11    0.01    2.16 v _306_/A (sky130_fd_sc_hd__clkbuf_8)
    10    0.09    0.07    0.16    2.31 v _306_/X (sky130_fd_sc_hd__clkbuf_8)
                                         _160_ (net)
                  0.08    0.01    2.33 v _309_/A (sky130_fd_sc_hd__inv_2)
     1    0.01    0.04    0.06    2.38 ^ _309_/Y (sky130_fd_sc_hd__inv_2)
                                         _040_ (net)
                  0.04    0.00    2.38 ^ _342_/RESET_B (sky130_fd_sc_hd__dfrtp_2)
                                  2.38   data arrival time

                          0.00    0.00   clock clk (rise edge)
                          0.00    0.00   clock source latency
     1    0.03    0.09    0.07    0.07 ^ clk (in)
                                         clk (net)
                  0.09    0.00    0.07 ^ clkbuf_0_clk/A (sky130_fd_sc_hd__clkbuf_16)
     4    0.05    0.05    0.13    0.19 ^ clkbuf_0_clk/X (sky130_fd_sc_hd__clkbuf_16)
                                         clknet_0_clk (net)
                  0.06    0.00    0.20 ^ clkbuf_2_1__f_clk/A (sky130_fd_sc_hd__clkbuf_16)
    11    0.04    0.04    0.11    0.30 ^ clkbuf_2_1__f_clk/X (sky130_fd_sc_hd__clkbuf_16)
                                         clknet_2_1__leaf_clk (net)
                  0.04    0.00    0.31 ^ _342_/CLK (sky130_fd_sc_hd__dfrtp_2)
                          0.25    0.56   clock uncertainty
                          0.00    0.56   clock reconvergence pessimism
                          0.20    0.76   library removal time
                                  0.76   data required time
-----------------------------------------------------------------------------
                                  0.76   data required time
                                 -2.38   data arrival time
-----------------------------------------------------------------------------
                                  1.62   slack (MET)


Startpoint: rst (input port clocked by clk)
Endpoint: _354_ (removal check against rising-edge clock clk)
Path Group: asynchronous
Path Type: min
Corner: Fastest

Fanout     Cap    Slew   Delay    Time   Description
-----------------------------------------------------------------------------
                          0.00    0.00   clock clk (rise edge)
                          0.00    0.00   clock network delay (propagated)
                          2.00    2.00 v input external delay
     1    0.00    0.01    0.00    2.00 v rst (in)
                                         rst (net)
                  0.01    0.00    2.00 v input1/A (sky130_fd_sc_hd__clkbuf_4)
     5    0.08    0.11    0.14    2.15 v input1/X (sky130_fd_sc_hd__clkbuf_4)
                                         net1 (net)
                  0.11    0.01    2.15 v _317_/A (sky130_fd_sc_hd__clkbuf_8)
    10    0.08    0.07    0.15    2.31 v _317_/X (sky130_fd_sc_hd__clkbuf_8)
                                         _161_ (net)
                  0.08    0.01    2.32 v _322_/A (sky130_fd_sc_hd__inv_2)
     1    0.02    0.07    0.08    2.39 ^ _322_/Y (sky130_fd_sc_hd__inv_2)
                                         _052_ (net)
                  0.07    0.00    2.39 ^ _354_/RESET_B (sky130_fd_sc_hd__dfrtp_4)
                                  2.39   data arrival time

                          0.00    0.00   clock clk (rise edge)
                          0.00    0.00   clock source latency
     1    0.03    0.09    0.07    0.07 ^ clk (in)
                                         clk (net)
                  0.09    0.00    0.07 ^ clkbuf_0_clk/A (sky130_fd_sc_hd__clkbuf_16)
     4    0.05    0.05    0.13    0.19 ^ clkbuf_0_clk/X (sky130_fd_sc_hd__clkbuf_16)
                                         clknet_0_clk (net)
                  0.06    0.00    0.20 ^ clkbuf_2_3__f_clk/A (sky130_fd_sc_hd__clkbuf_16)
     8    0.04    0.05    0.11    0.31 ^ clkbuf_2_3__f_clk/X (sky130_fd_sc_hd__clkbuf_16)
                                         clknet_2_3__leaf_clk (net)
                  0.05    0.00    0.31 ^ _354_/CLK (sky130_fd_sc_hd__dfrtp_4)
                          0.25    0.56   clock uncertainty
                          0.00    0.56   clock reconvergence pessimism
                          0.21    0.77   library removal time
                                  0.77   data required time
-----------------------------------------------------------------------------
                                  0.77   data required time
                                 -2.39   data arrival time
-----------------------------------------------------------------------------
                                  1.62   slack (MET)


Startpoint: rst (input port clocked by clk)
Endpoint: _341_ (removal check against rising-edge clock clk)
Path Group: asynchronous
Path Type: min
Corner: Fastest

Fanout     Cap    Slew   Delay    Time   Description
-----------------------------------------------------------------------------
                          0.00    0.00   clock clk (rise edge)
                          0.00    0.00   clock network delay (propagated)
                          2.00    2.00 v input external delay
     1    0.00    0.01    0.00    2.00 v rst (in)
                                         rst (net)
                  0.01    0.00    2.00 v input1/A (sky130_fd_sc_hd__clkbuf_4)
     5    0.08    0.11    0.14    2.15 v input1/X (sky130_fd_sc_hd__clkbuf_4)
                                         net1 (net)
                  0.11    0.01    2.16 v _306_/A (sky130_fd_sc_hd__clkbuf_8)
    10    0.09    0.07    0.16    2.31 v _306_/X (sky130_fd_sc_hd__clkbuf_8)
                                         _160_ (net)
                  0.08    0.01    2.33 v _308_/A (sky130_fd_sc_hd__inv_2)
     1    0.01    0.05    0.07    2.39 ^ _308_/Y (sky130_fd_sc_hd__inv_2)
                                         _039_ (net)
                  0.05    0.00    2.39 ^ _341_/RESET_B (sky130_fd_sc_hd__dfrtp_4)
                                  2.39   data arrival time

                          0.00    0.00   clock clk (rise edge)
                          0.00    0.00   clock source latency
     1    0.03    0.09    0.07    0.07 ^ clk (in)
                                         clk (net)
                  0.09    0.00    0.07 ^ clkbuf_0_clk/A (sky130_fd_sc_hd__clkbuf_16)
     4    0.05    0.05    0.13    0.19 ^ clkbuf_0_clk/X (sky130_fd_sc_hd__clkbuf_16)
                                         clknet_0_clk (net)
                  0.05    0.00    0.20 ^ clkbuf_2_0__f_clk/A (sky130_fd_sc_hd__clkbuf_16)
     9    0.05    0.05    0.11    0.31 ^ clkbuf_2_0__f_clk/X (sky130_fd_sc_hd__clkbuf_16)
                                         clknet_2_0__leaf_clk (net)
                  0.05    0.00    0.31 ^ _341_/CLK (sky130_fd_sc_hd__dfrtp_4)
                          0.25    0.56   clock uncertainty
                          0.00    0.56   clock reconvergence pessimism
                          0.21    0.77   library removal time
                                  0.77   data required time
-----------------------------------------------------------------------------
                                  0.77   data required time
                                 -2.39   data arrival time
-----------------------------------------------------------------------------
                                  1.63   slack (MET)


Startpoint: rst (input port clocked by clk)
Endpoint: _350_ (removal check against rising-edge clock clk)
Path Group: asynchronous
Path Type: min
Corner: Fastest

Fanout     Cap    Slew   Delay    Time   Description
-----------------------------------------------------------------------------
                          0.00    0.00   clock clk (rise edge)
                          0.00    0.00   clock network delay (propagated)
                          2.00    2.00 v input external delay
     1    0.00    0.01    0.00    2.00 v rst (in)
                                         rst (net)
                  0.01    0.00    2.00 v input1/A (sky130_fd_sc_hd__clkbuf_4)
     5    0.08    0.11    0.14    2.15 v input1/X (sky130_fd_sc_hd__clkbuf_4)
                                         net1 (net)
                  0.11    0.01    2.15 v _317_/A (sky130_fd_sc_hd__clkbuf_8)
    10    0.08    0.07    0.15    2.31 v _317_/X (sky130_fd_sc_hd__clkbuf_8)
                                         _161_ (net)
                  0.07    0.01    2.31 v _318_/A (sky130_fd_sc_hd__inv_2)
     1    0.02    0.08    0.08    2.40 ^ _318_/Y (sky130_fd_sc_hd__inv_2)
                                         _048_ (net)
                  0.08    0.00    2.40 ^ _350_/RESET_B (sky130_fd_sc_hd__dfrtp_2)
                                  2.40   data arrival time

                          0.00    0.00   clock clk (rise edge)
                          0.00    0.00   clock source latency
     1    0.03    0.09    0.07    0.07 ^ clk (in)
                                         clk (net)
                  0.09    0.00    0.07 ^ clkbuf_0_clk/A (sky130_fd_sc_hd__clkbuf_16)
     4    0.05    0.05    0.13    0.19 ^ clkbuf_0_clk/X (sky130_fd_sc_hd__clkbuf_16)
                                         clknet_0_clk (net)
                  0.06    0.00    0.20 ^ clkbuf_2_3__f_clk/A (sky130_fd_sc_hd__clkbuf_16)
     8    0.04    0.05    0.11    0.31 ^ clkbuf_2_3__f_clk/X (sky130_fd_sc_hd__clkbuf_16)
                                         clknet_2_3__leaf_clk (net)
                  0.05    0.00    0.31 ^ _350_/CLK (sky130_fd_sc_hd__dfrtp_2)
                          0.25    0.56   clock uncertainty
                          0.00    0.56   clock reconvergence pessimism
                          0.21    0.77   library removal time
                                  0.77   data required time
-----------------------------------------------------------------------------
                                  0.77   data required time
                                 -2.40   data arrival time
-----------------------------------------------------------------------------
                                  1.63   slack (MET)


Startpoint: rst (input port clocked by clk)
Endpoint: _349_ (removal check against rising-edge clock clk)
Path Group: asynchronous
Path Type: min
Corner: Fastest

Fanout     Cap    Slew   Delay    Time   Description
-----------------------------------------------------------------------------
                          0.00    0.00   clock clk (rise edge)
                          0.00    0.00   clock network delay (propagated)
                          2.00    2.00 v input external delay
     1    0.00    0.01    0.00    2.00 v rst (in)
                                         rst (net)
                  0.01    0.00    2.00 v input1/A (sky130_fd_sc_hd__clkbuf_4)
     5    0.08    0.11    0.14    2.15 v input1/X (sky130_fd_sc_hd__clkbuf_4)
                                         net1 (net)
                  0.11    0.01    2.16 v _306_/A (sky130_fd_sc_hd__clkbuf_8)
    10    0.09    0.07    0.16    2.31 v _306_/X (sky130_fd_sc_hd__clkbuf_8)
                                         _160_ (net)
                  0.08    0.01    2.32 v _316_/A (sky130_fd_sc_hd__inv_2)
     1    0.02    0.06    0.07    2.39 ^ _316_/Y (sky130_fd_sc_hd__inv_2)
                                         _047_ (net)
                  0.06    0.00    2.40 ^ _349_/RESET_B (sky130_fd_sc_hd__dfrtp_2)
                                  2.40   data arrival time

                          0.00    0.00   clock clk (rise edge)
                          0.00    0.00   clock source latency
     1    0.03    0.09    0.07    0.07 ^ clk (in)
                                         clk (net)
                  0.09    0.00    0.07 ^ clkbuf_0_clk/A (sky130_fd_sc_hd__clkbuf_16)
     4    0.05    0.05    0.13    0.19 ^ clkbuf_0_clk/X (sky130_fd_sc_hd__clkbuf_16)
                                         clknet_0_clk (net)
                  0.06    0.00    0.20 ^ clkbuf_2_3__f_clk/A (sky130_fd_sc_hd__clkbuf_16)
     8    0.04    0.05    0.11    0.31 ^ clkbuf_2_3__f_clk/X (sky130_fd_sc_hd__clkbuf_16)
                                         clknet_2_3__leaf_clk (net)
                  0.05    0.00    0.31 ^ _349_/CLK (sky130_fd_sc_hd__dfrtp_2)
                          0.25    0.56   clock uncertainty
                          0.00    0.56   clock reconvergence pessimism
                          0.21    0.77   library removal time
                                  0.77   data required time
-----------------------------------------------------------------------------
                                  0.77   data required time
                                 -2.40   data arrival time
-----------------------------------------------------------------------------
                                  1.63   slack (MET)


Startpoint: rst (input port clocked by clk)
Endpoint: _356_ (removal check against rising-edge clock clk)
Path Group: asynchronous
Path Type: min
Corner: Fastest

Fanout     Cap    Slew   Delay    Time   Description
-----------------------------------------------------------------------------
                          0.00    0.00   clock clk (rise edge)
                          0.00    0.00   clock network delay (propagated)
                          2.00    2.00 v input external delay
     1    0.00    0.01    0.00    2.00 v rst (in)
                                         rst (net)
                  0.01    0.00    2.00 v input1/A (sky130_fd_sc_hd__clkbuf_4)
     5    0.08    0.11    0.14    2.15 v input1/X (sky130_fd_sc_hd__clkbuf_4)
                                         net1 (net)
                  0.11    0.01    2.15 v _317_/A (sky130_fd_sc_hd__clkbuf_8)
    10    0.08    0.07    0.15    2.31 v _317_/X (sky130_fd_sc_hd__clkbuf_8)
                                         _161_ (net)
                  0.07    0.01    2.31 v _324_/A (sky130_fd_sc_hd__inv_2)
     1    0.02    0.09    0.09    2.40 ^ _324_/Y (sky130_fd_sc_hd__inv_2)
                                         _054_ (net)
                  0.09    0.00    2.41 ^ _356_/RESET_B (sky130_fd_sc_hd__dfrtp_1)
                                  2.41   data arrival time

                          0.00    0.00   clock clk (rise edge)
                          0.00    0.00   clock source latency
     1    0.03    0.09    0.07    0.07 ^ clk (in)
                                         clk (net)
                  0.09    0.00    0.07 ^ clkbuf_0_clk/A (sky130_fd_sc_hd__clkbuf_16)
     4    0.05    0.05    0.13    0.19 ^ clkbuf_0_clk/X (sky130_fd_sc_hd__clkbuf_16)
                                         clknet_0_clk (net)
                  0.06    0.00    0.20 ^ clkbuf_2_1__f_clk/A (sky130_fd_sc_hd__clkbuf_16)
    11    0.04    0.04    0.11    0.30 ^ clkbuf_2_1__f_clk/X (sky130_fd_sc_hd__clkbuf_16)
                                         clknet_2_1__leaf_clk (net)
                  0.05    0.00    0.31 ^ _356_/CLK (sky130_fd_sc_hd__dfrtp_1)
                          0.25    0.56   clock uncertainty
                          0.00    0.56   clock reconvergence pessimism
                          0.21    0.77   library removal time
                                  0.77   data required time
-----------------------------------------------------------------------------
                                  0.77   data required time
                                 -2.41   data arrival time
-----------------------------------------------------------------------------
                                  1.63   slack (MET)


Startpoint: rst (input port clocked by clk)
Endpoint: _337_ (removal check against rising-edge clock clk)
Path Group: asynchronous
Path Type: min
Corner: Fastest

Fanout     Cap    Slew   Delay    Time   Description
-----------------------------------------------------------------------------
                          0.00    0.00   clock clk (rise edge)
                          0.00    0.00   clock network delay (propagated)
                          2.00    2.00 v input external delay
     1    0.00    0.01    0.00    2.00 v rst (in)
                                         rst (net)
                  0.01    0.00    2.00 v input1/A (sky130_fd_sc_hd__clkbuf_4)
     5    0.08    0.11    0.14    2.15 v input1/X (sky130_fd_sc_hd__clkbuf_4)
                                         net1 (net)
                  0.11    0.01    2.16 v _295_/A (sky130_fd_sc_hd__buf_4)
    10    0.09    0.08    0.17    2.32 v _295_/X (sky130_fd_sc_hd__buf_4)
                                         _159_ (net)
                  0.08    0.00    2.33 v _303_/A (sky130_fd_sc_hd__inv_2)
     1    0.01    0.05    0.07    2.40 ^ _303_/Y (sky130_fd_sc_hd__inv_2)
                                         _035_ (net)
                  0.05    0.00    2.40 ^ _337_/RESET_B (sky130_fd_sc_hd__dfrtp_2)
                                  2.40   data arrival time

                          0.00    0.00   clock clk (rise edge)
                          0.00    0.00   clock source latency
     1    0.03    0.09    0.07    0.07 ^ clk (in)
                                         clk (net)
                  0.09    0.00    0.07 ^ clkbuf_0_clk/A (sky130_fd_sc_hd__clkbuf_16)
     4    0.05    0.05    0.13    0.19 ^ clkbuf_0_clk/X (sky130_fd_sc_hd__clkbuf_16)
                                         clknet_0_clk (net)
                  0.06    0.00    0.20 ^ clkbuf_2_1__f_clk/A (sky130_fd_sc_hd__clkbuf_16)
    11    0.04    0.04    0.11    0.30 ^ clkbuf_2_1__f_clk/X (sky130_fd_sc_hd__clkbuf_16)
                                         clknet_2_1__leaf_clk (net)
                  0.05    0.00    0.31 ^ _337_/CLK (sky130_fd_sc_hd__dfrtp_2)
                          0.25    0.56   clock uncertainty
                          0.00    0.56   clock reconvergence pessimism
                          0.20    0.76   library removal time
                                  0.76   data required time
-----------------------------------------------------------------------------
                                  0.76   data required time
                                 -2.40   data arrival time
-----------------------------------------------------------------------------
                                  1.64   slack (MET)


Startpoint: rst (input port clocked by clk)
Endpoint: _334_ (removal check against rising-edge clock clk)
Path Group: asynchronous
Path Type: min
Corner: Fastest

Fanout     Cap    Slew   Delay    Time   Description
-----------------------------------------------------------------------------
                          0.00    0.00   clock clk (rise edge)
                          0.00    0.00   clock network delay (propagated)
                          2.00    2.00 v input external delay
     1    0.00    0.01    0.00    2.00 v rst (in)
                                         rst (net)
                  0.01    0.00    2.00 v input1/A (sky130_fd_sc_hd__clkbuf_4)
     5    0.08    0.11    0.14    2.15 v input1/X (sky130_fd_sc_hd__clkbuf_4)
                                         net1 (net)
                  0.11    0.01    2.16 v _295_/A (sky130_fd_sc_hd__buf_4)
    10    0.09    0.08    0.17    2.32 v _295_/X (sky130_fd_sc_hd__buf_4)
                                         _159_ (net)
                  0.09    0.01    2.33 v _300_/A (sky130_fd_sc_hd__inv_2)
     1    0.01    0.04    0.06    2.40 ^ _300_/Y (sky130_fd_sc_hd__inv_2)
                                         _032_ (net)
                  0.04    0.00    2.40 ^ _334_/RESET_B (sky130_fd_sc_hd__dfrtp_4)
                                  2.40   data arrival time

                          0.00    0.00   clock clk (rise edge)
                          0.00    0.00   clock source latency
     1    0.03    0.09    0.07    0.07 ^ clk (in)
                                         clk (net)
                  0.09    0.00    0.07 ^ clkbuf_0_clk/A (sky130_fd_sc_hd__clkbuf_16)
     4    0.05    0.05    0.13    0.19 ^ clkbuf_0_clk/X (sky130_fd_sc_hd__clkbuf_16)
                                         clknet_0_clk (net)
                  0.06    0.00    0.20 ^ clkbuf_2_1__f_clk/A (sky130_fd_sc_hd__clkbuf_16)
    11    0.04    0.04    0.11    0.30 ^ clkbuf_2_1__f_clk/X (sky130_fd_sc_hd__clkbuf_16)
                                         clknet_2_1__leaf_clk (net)
                  0.04    0.00    0.31 ^ _334_/CLK (sky130_fd_sc_hd__dfrtp_4)
                          0.25    0.56   clock uncertainty
                          0.00    0.56   clock reconvergence pessimism
                          0.20    0.76   library removal time
                                  0.76   data required time
-----------------------------------------------------------------------------
                                  0.76   data required time
                                 -2.40   data arrival time
-----------------------------------------------------------------------------
                                  1.64   slack (MET)


Startpoint: rst (input port clocked by clk)
Endpoint: _347_ (removal check against rising-edge clock clk)
Path Group: asynchronous
Path Type: min
Corner: Fastest

Fanout     Cap    Slew   Delay    Time   Description
-----------------------------------------------------------------------------
                          0.00    0.00   clock clk (rise edge)
                          0.00    0.00   clock network delay (propagated)
                          2.00    2.00 v input external delay
     1    0.00    0.01    0.00    2.00 v rst (in)
                                         rst (net)
                  0.01    0.00    2.00 v input1/A (sky130_fd_sc_hd__clkbuf_4)
     5    0.08    0.11    0.14    2.15 v input1/X (sky130_fd_sc_hd__clkbuf_4)
                                         net1 (net)
                  0.11    0.01    2.16 v _306_/A (sky130_fd_sc_hd__clkbuf_8)
    10    0.09    0.07    0.16    2.31 v _306_/X (sky130_fd_sc_hd__clkbuf_8)
                                         _160_ (net)
                  0.08    0.01    2.33 v _314_/A (sky130_fd_sc_hd__inv_2)
     1    0.02    0.08    0.08    2.41 ^ _314_/Y (sky130_fd_sc_hd__inv_2)
                                         _045_ (net)
                  0.08    0.00    2.41 ^ _347_/RESET_B (sky130_fd_sc_hd__dfrtp_4)
                                  2.41   data arrival time

                          0.00    0.00   clock clk (rise edge)
                          0.00    0.00   clock source latency
     1    0.03    0.09    0.07    0.07 ^ clk (in)
                                         clk (net)
                  0.09    0.00    0.07 ^ clkbuf_0_clk/A (sky130_fd_sc_hd__clkbuf_16)
     4    0.05    0.05    0.13    0.19 ^ clkbuf_0_clk/X (sky130_fd_sc_hd__clkbuf_16)
                                         clknet_0_clk (net)
                  0.06    0.00    0.20 ^ clkbuf_2_1__f_clk/A (sky130_fd_sc_hd__clkbuf_16)
    11    0.04    0.04    0.11    0.30 ^ clkbuf_2_1__f_clk/X (sky130_fd_sc_hd__clkbuf_16)
                                         clknet_2_1__leaf_clk (net)
                  0.04    0.00    0.31 ^ _347_/CLK (sky130_fd_sc_hd__dfrtp_4)
                          0.25    0.56   clock uncertainty
                          0.00    0.56   clock reconvergence pessimism
                          0.21    0.77   library removal time
                                  0.77   data required time
-----------------------------------------------------------------------------
                                  0.77   data required time
                                 -2.41   data arrival time
-----------------------------------------------------------------------------
                                  1.64   slack (MET)


Startpoint: rst (input port clocked by clk)
Endpoint: _333_ (removal check against rising-edge clock clk)
Path Group: asynchronous
Path Type: min
Corner: Fastest

Fanout     Cap    Slew   Delay    Time   Description
-----------------------------------------------------------------------------
                          0.00    0.00   clock clk (rise edge)
                          0.00    0.00   clock network delay (propagated)
                          2.00    2.00 v input external delay
     1    0.00    0.01    0.00    2.00 v rst (in)
                                         rst (net)
                  0.01    0.00    2.00 v input1/A (sky130_fd_sc_hd__clkbuf_4)
     5    0.08    0.11    0.14    2.15 v input1/X (sky130_fd_sc_hd__clkbuf_4)
                                         net1 (net)
                  0.11    0.01    2.16 v _295_/A (sky130_fd_sc_hd__buf_4)
    10    0.09    0.08    0.17    2.32 v _295_/X (sky130_fd_sc_hd__buf_4)
                                         _159_ (net)
                  0.09    0.01    2.33 v _299_/A (sky130_fd_sc_hd__inv_2)
     1    0.02    0.06    0.08    2.41 ^ _299_/Y (sky130_fd_sc_hd__inv_2)
                                         _031_ (net)
                  0.06    0.00    2.41 ^ _333_/RESET_B (sky130_fd_sc_hd__dfrtp_1)
                                  2.41   data arrival time

                          0.00    0.00   clock clk (rise edge)
                          0.00    0.00   clock source latency
     1    0.03    0.09    0.07    0.07 ^ clk (in)
                                         clk (net)
                  0.09    0.00    0.07 ^ clkbuf_0_clk/A (sky130_fd_sc_hd__clkbuf_16)
     4    0.05    0.05    0.13    0.19 ^ clkbuf_0_clk/X (sky130_fd_sc_hd__clkbuf_16)
                                         clknet_0_clk (net)
                  0.06    0.00    0.20 ^ clkbuf_2_3__f_clk/A (sky130_fd_sc_hd__clkbuf_16)
     8    0.04    0.05    0.11    0.31 ^ clkbuf_2_3__f_clk/X (sky130_fd_sc_hd__clkbuf_16)
                                         clknet_2_3__leaf_clk (net)
                  0.05    0.00    0.31 ^ _333_/CLK (sky130_fd_sc_hd__dfrtp_1)
                          0.25    0.56   clock uncertainty
                          0.00    0.56   clock reconvergence pessimism
                          0.21    0.77   library removal time
                                  0.77   data required time
-----------------------------------------------------------------------------
                                  0.77   data required time
                                 -2.41   data arrival time
-----------------------------------------------------------------------------
                                  1.64   slack (MET)


Startpoint: rst (input port clocked by clk)
Endpoint: _338_ (removal check against rising-edge clock clk)
Path Group: asynchronous
Path Type: min
Corner: Fastest

Fanout     Cap    Slew   Delay    Time   Description
-----------------------------------------------------------------------------
                          0.00    0.00   clock clk (rise edge)
                          0.00    0.00   clock network delay (propagated)
                          2.00    2.00 v input external delay
     1    0.00    0.01    0.00    2.00 v rst (in)
                                         rst (net)
                  0.01    0.00    2.00 v input1/A (sky130_fd_sc_hd__clkbuf_4)
     5    0.08    0.11    0.14    2.15 v input1/X (sky130_fd_sc_hd__clkbuf_4)
                                         net1 (net)
                  0.11    0.01    2.16 v _295_/A (sky130_fd_sc_hd__buf_4)
    10    0.09    0.08    0.17    2.32 v _295_/X (sky130_fd_sc_hd__buf_4)
                                         _159_ (net)
                  0.08    0.01    2.33 v _304_/A (sky130_fd_sc_hd__inv_2)
     1    0.02    0.08    0.09    2.42 ^ _304_/Y (sky130_fd_sc_hd__inv_2)
                                         _036_ (net)
                  0.08    0.00    2.42 ^ _338_/RESET_B (sky130_fd_sc_hd__dfrtp_4)
                                  2.42   data arrival time

                          0.00    0.00   clock clk (rise edge)
                          0.00    0.00   clock source latency
     1    0.03    0.09    0.07    0.07 ^ clk (in)
                                         clk (net)
                  0.09    0.00    0.07 ^ clkbuf_0_clk/A (sky130_fd_sc_hd__clkbuf_16)
     4    0.05    0.05    0.13    0.19 ^ clkbuf_0_clk/X (sky130_fd_sc_hd__clkbuf_16)
                                         clknet_0_clk (net)
                  0.06    0.00    0.20 ^ clkbuf_2_3__f_clk/A (sky130_fd_sc_hd__clkbuf_16)
     8    0.04    0.05    0.11    0.31 ^ clkbuf_2_3__f_clk/X (sky130_fd_sc_hd__clkbuf_16)
                                         clknet_2_3__leaf_clk (net)
                  0.05    0.00    0.31 ^ _338_/CLK (sky130_fd_sc_hd__dfrtp_4)
                          0.25    0.56   clock uncertainty
                          0.00    0.56   clock reconvergence pessimism
                          0.21    0.77   library removal time
                                  0.77   data required time
-----------------------------------------------------------------------------
                                  0.77   data required time
                                 -2.42   data arrival time
-----------------------------------------------------------------------------
                                  1.65   slack (MET)


Startpoint: rst (input port clocked by clk)
Endpoint: _343_ (removal check against rising-edge clock clk)
Path Group: asynchronous
Path Type: min
Corner: Fastest

Fanout     Cap    Slew   Delay    Time   Description
-----------------------------------------------------------------------------
                          0.00    0.00   clock clk (rise edge)
                          0.00    0.00   clock network delay (propagated)
                          2.00    2.00 v input external delay
     1    0.00    0.01    0.00    2.00 v rst (in)
                                         rst (net)
                  0.01    0.00    2.00 v input1/A (sky130_fd_sc_hd__clkbuf_4)
     5    0.08    0.11    0.14    2.15 v input1/X (sky130_fd_sc_hd__clkbuf_4)
                                         net1 (net)
                  0.11    0.01    2.16 v _306_/A (sky130_fd_sc_hd__clkbuf_8)
    10    0.09    0.07    0.16    2.31 v _306_/X (sky130_fd_sc_hd__clkbuf_8)
                                         _160_ (net)
                  0.08    0.02    2.33 v _310_/A (sky130_fd_sc_hd__inv_2)
     1    0.02    0.09    0.09    2.42 ^ _310_/Y (sky130_fd_sc_hd__inv_2)
                                         _041_ (net)
                  0.09    0.00    2.42 ^ _343_/RESET_B (sky130_fd_sc_hd__dfrtp_1)
                                  2.42   data arrival time

                          0.00    0.00   clock clk (rise edge)
                          0.00    0.00   clock source latency
     1    0.03    0.09    0.07    0.07 ^ clk (in)
                                         clk (net)
                  0.09    0.00    0.07 ^ clkbuf_0_clk/A (sky130_fd_sc_hd__clkbuf_16)
     4    0.05    0.05    0.13    0.19 ^ clkbuf_0_clk/X (sky130_fd_sc_hd__clkbuf_16)
                                         clknet_0_clk (net)
                  0.05    0.00    0.20 ^ clkbuf_2_0__f_clk/A (sky130_fd_sc_hd__clkbuf_16)
     9    0.05    0.05    0.11    0.31 ^ clkbuf_2_0__f_clk/X (sky130_fd_sc_hd__clkbuf_16)
                                         clknet_2_0__leaf_clk (net)
                  0.05    0.00    0.31 ^ _343_/CLK (sky130_fd_sc_hd__dfrtp_1)
                          0.25    0.56   clock uncertainty
                          0.00    0.56   clock reconvergence pessimism
                          0.21    0.78   library removal time
                                  0.78   data required time
-----------------------------------------------------------------------------
                                  0.78   data required time
                                 -2.42   data arrival time
-----------------------------------------------------------------------------
                                  1.65   slack (MET)


Startpoint: rst (input port clocked by clk)
Endpoint: _348_ (removal check against rising-edge clock clk)
Path Group: asynchronous
Path Type: min
Corner: Fastest

Fanout     Cap    Slew   Delay    Time   Description
-----------------------------------------------------------------------------
                          0.00    0.00   clock clk (rise edge)
                          0.00    0.00   clock network delay (propagated)
                          2.00    2.00 v input external delay
     1    0.00    0.01    0.00    2.00 v rst (in)
                                         rst (net)
                  0.01    0.00    2.00 v input1/A (sky130_fd_sc_hd__clkbuf_4)
     5    0.08    0.11    0.14    2.15 v input1/X (sky130_fd_sc_hd__clkbuf_4)
                                         net1 (net)
                  0.11    0.01    2.16 v _306_/A (sky130_fd_sc_hd__clkbuf_8)
    10    0.09    0.07    0.16    2.31 v _306_/X (sky130_fd_sc_hd__clkbuf_8)
                                         _160_ (net)
                  0.08    0.02    2.33 v _315_/A (sky130_fd_sc_hd__inv_2)
     1    0.03    0.10    0.10    2.43 ^ _315_/Y (sky130_fd_sc_hd__inv_2)
                                         _046_ (net)
                  0.10    0.00    2.43 ^ _348_/RESET_B (sky130_fd_sc_hd__dfrtp_4)
                                  2.43   data arrival time

                          0.00    0.00   clock clk (rise edge)
                          0.00    0.00   clock source latency
     1    0.03    0.09    0.07    0.07 ^ clk (in)
                                         clk (net)
                  0.09    0.00    0.07 ^ clkbuf_0_clk/A (sky130_fd_sc_hd__clkbuf_16)
     4    0.05    0.05    0.13    0.19 ^ clkbuf_0_clk/X (sky130_fd_sc_hd__clkbuf_16)
                                         clknet_0_clk (net)
                  0.05    0.00    0.20 ^ clkbuf_2_0__f_clk/A (sky130_fd_sc_hd__clkbuf_16)
     9    0.05    0.05    0.11    0.31 ^ clkbuf_2_0__f_clk/X (sky130_fd_sc_hd__clkbuf_16)
                                         clknet_2_0__leaf_clk (net)
                  0.05    0.00    0.31 ^ _348_/CLK (sky130_fd_sc_hd__dfrtp_4)
                          0.25    0.56   clock uncertainty
                          0.00    0.56   clock reconvergence pessimism
                          0.22    0.78   library removal time
                                  0.78   data required time
-----------------------------------------------------------------------------
                                  0.78   data required time
                                 -2.43   data arrival time
-----------------------------------------------------------------------------
                                  1.65   slack (MET)


Startpoint: rst (input port clocked by clk)
Endpoint: _344_ (removal check against rising-edge clock clk)
Path Group: asynchronous
Path Type: min
Corner: Fastest

Fanout     Cap    Slew   Delay    Time   Description
-----------------------------------------------------------------------------
                          0.00    0.00   clock clk (rise edge)
                          0.00    0.00   clock network delay (propagated)
                          2.00    2.00 v input external delay
     1    0.00    0.01    0.00    2.00 v rst (in)
                                         rst (net)
                  0.01    0.00    2.00 v input1/A (sky130_fd_sc_hd__clkbuf_4)
     5    0.08    0.11    0.14    2.15 v input1/X (sky130_fd_sc_hd__clkbuf_4)
                                         net1 (net)
                  0.11    0.01    2.16 v _306_/A (sky130_fd_sc_hd__clkbuf_8)
    10    0.09    0.07    0.16    2.31 v _306_/X (sky130_fd_sc_hd__clkbuf_8)
                                         _160_ (net)
                  0.08    0.02    2.33 v _311_/A (sky130_fd_sc_hd__inv_2)
     1    0.02    0.08    0.09    2.42 ^ _311_/Y (sky130_fd_sc_hd__inv_2)
                                         _042_ (net)
                  0.08    0.00    2.42 ^ _344_/RESET_B (sky130_fd_sc_hd__dfrtp_1)
                                  2.42   data arrival time

                          0.00    0.00   clock clk (rise edge)
                          0.00    0.00   clock source latency
     1    0.03    0.09    0.07    0.07 ^ clk (in)
                                         clk (net)
                  0.09    0.00    0.07 ^ clkbuf_0_clk/A (sky130_fd_sc_hd__clkbuf_16)
     4    0.05    0.05    0.13    0.19 ^ clkbuf_0_clk/X (sky130_fd_sc_hd__clkbuf_16)
                                         clknet_0_clk (net)
                  0.06    0.00    0.20 ^ clkbuf_2_1__f_clk/A (sky130_fd_sc_hd__clkbuf_16)
    11    0.04    0.04    0.11    0.30 ^ clkbuf_2_1__f_clk/X (sky130_fd_sc_hd__clkbuf_16)
                                         clknet_2_1__leaf_clk (net)
                  0.04    0.00    0.31 ^ _344_/CLK (sky130_fd_sc_hd__dfrtp_1)
                          0.25    0.56   clock uncertainty
                          0.00    0.56   clock reconvergence pessimism
                          0.21    0.77   library removal time
                                  0.77   data required time
-----------------------------------------------------------------------------
                                  0.77   data required time
                                 -2.42   data arrival time
-----------------------------------------------------------------------------
                                  1.65   slack (MET)


Startpoint: rst (input port clocked by clk)
Endpoint: _330_ (removal check against rising-edge clock clk)
Path Group: asynchronous
Path Type: min
Corner: Fastest

Fanout     Cap    Slew   Delay    Time   Description
-----------------------------------------------------------------------------
                          0.00    0.00   clock clk (rise edge)
                          0.00    0.00   clock network delay (propagated)
                          2.00    2.00 v input external delay
     1    0.00    0.01    0.00    2.00 v rst (in)
                                         rst (net)
                  0.01    0.00    2.00 v input1/A (sky130_fd_sc_hd__clkbuf_4)
     5    0.08    0.11    0.14    2.15 v input1/X (sky130_fd_sc_hd__clkbuf_4)
                                         net1 (net)
                  0.11    0.01    2.16 v _295_/A (sky130_fd_sc_hd__buf_4)
    10    0.09    0.08    0.17    2.32 v _295_/X (sky130_fd_sc_hd__buf_4)
                                         _159_ (net)
                  0.08    0.00    2.33 v _296_/A (sky130_fd_sc_hd__inv_2)
     1    0.02    0.09    0.09    2.42 ^ _296_/Y (sky130_fd_sc_hd__inv_2)
                                         _028_ (net)
                  0.09    0.00    2.42 ^ _330_/RESET_B (sky130_fd_sc_hd__dfrtp_4)
                                  2.42   data arrival time

                          0.00    0.00   clock clk (rise edge)
                          0.00    0.00   clock source latency
     1    0.03    0.09    0.07    0.07 ^ clk (in)
                                         clk (net)
                  0.09    0.00    0.07 ^ clkbuf_0_clk/A (sky130_fd_sc_hd__clkbuf_16)
     4    0.05    0.05    0.13    0.19 ^ clkbuf_0_clk/X (sky130_fd_sc_hd__clkbuf_16)
                                         clknet_0_clk (net)
                  0.06    0.00    0.20 ^ clkbuf_2_1__f_clk/A (sky130_fd_sc_hd__clkbuf_16)
    11    0.04    0.04    0.11    0.30 ^ clkbuf_2_1__f_clk/X (sky130_fd_sc_hd__clkbuf_16)
                                         clknet_2_1__leaf_clk (net)
                  0.05    0.00    0.31 ^ _330_/CLK (sky130_fd_sc_hd__dfrtp_4)
                          0.25    0.56   clock uncertainty
                          0.00    0.56   clock reconvergence pessimism
                          0.21    0.77   library removal time
                                  0.77   data required time
-----------------------------------------------------------------------------
                                  0.77   data required time
                                 -2.42   data arrival time
-----------------------------------------------------------------------------
                                  1.65   slack (MET)


Startpoint: rst (input port clocked by clk)
Endpoint: _332_ (removal check against rising-edge clock clk)
Path Group: asynchronous
Path Type: min
Corner: Fastest

Fanout     Cap    Slew   Delay    Time   Description
-----------------------------------------------------------------------------
                          0.00    0.00   clock clk (rise edge)
                          0.00    0.00   clock network delay (propagated)
                          2.00    2.00 v input external delay
     1    0.00    0.01    0.00    2.00 v rst (in)
                                         rst (net)
                  0.01    0.00    2.00 v input1/A (sky130_fd_sc_hd__clkbuf_4)
     5    0.08    0.11    0.14    2.15 v input1/X (sky130_fd_sc_hd__clkbuf_4)
                                         net1 (net)
                  0.11    0.01    2.16 v _295_/A (sky130_fd_sc_hd__buf_4)
    10    0.09    0.08    0.17    2.32 v _295_/X (sky130_fd_sc_hd__buf_4)
                                         _159_ (net)
                  0.09    0.01    2.33 v _298_/A (sky130_fd_sc_hd__inv_2)
     1    0.02    0.08    0.09    2.42 ^ _298_/Y (sky130_fd_sc_hd__inv_2)
                                         _030_ (net)
                  0.08    0.00    2.42 ^ _332_/RESET_B (sky130_fd_sc_hd__dfrtp_4)
                                  2.42   data arrival time

                          0.00    0.00   clock clk (rise edge)
                          0.00    0.00   clock source latency
     1    0.03    0.09    0.07    0.07 ^ clk (in)
                                         clk (net)
                  0.09    0.00    0.07 ^ clkbuf_0_clk/A (sky130_fd_sc_hd__clkbuf_16)
     4    0.05    0.05    0.13    0.19 ^ clkbuf_0_clk/X (sky130_fd_sc_hd__clkbuf_16)
                                         clknet_0_clk (net)
                  0.06    0.00    0.20 ^ clkbuf_2_1__f_clk/A (sky130_fd_sc_hd__clkbuf_16)
    11    0.04    0.04    0.11    0.30 ^ clkbuf_2_1__f_clk/X (sky130_fd_sc_hd__clkbuf_16)
                                         clknet_2_1__leaf_clk (net)
                  0.04    0.00    0.31 ^ _332_/CLK (sky130_fd_sc_hd__dfrtp_4)
                          0.25    0.56   clock uncertainty
                          0.00    0.56   clock reconvergence pessimism
                          0.21    0.77   library removal time
                                  0.77   data required time
-----------------------------------------------------------------------------
                                  0.77   data required time
                                 -2.42   data arrival time
-----------------------------------------------------------------------------
                                  1.65   slack (MET)


Startpoint: rst (input port clocked by clk)
Endpoint: _339_ (removal check against rising-edge clock clk)
Path Group: asynchronous
Path Type: min
Corner: Fastest

Fanout     Cap    Slew   Delay    Time   Description
-----------------------------------------------------------------------------
                          0.00    0.00   clock clk (rise edge)
                          0.00    0.00   clock network delay (propagated)
                          2.00    2.00 v input external delay
     1    0.00    0.01    0.00    2.00 v rst (in)
                                         rst (net)
                  0.01    0.00    2.00 v input1/A (sky130_fd_sc_hd__clkbuf_4)
     5    0.08    0.11    0.14    2.15 v input1/X (sky130_fd_sc_hd__clkbuf_4)
                                         net1 (net)
                  0.11    0.01    2.16 v _295_/A (sky130_fd_sc_hd__buf_4)
    10    0.09    0.08    0.17    2.32 v _295_/X (sky130_fd_sc_hd__buf_4)
                                         _159_ (net)
                  0.09    0.01    2.33 v _305_/A (sky130_fd_sc_hd__inv_2)
     1    0.02    0.09    0.09    2.43 ^ _305_/Y (sky130_fd_sc_hd__inv_2)
                                         _037_ (net)
                  0.09    0.00    2.43 ^ _339_/RESET_B (sky130_fd_sc_hd__dfrtp_2)
                                  2.43   data arrival time

                          0.00    0.00   clock clk (rise edge)
                          0.00    0.00   clock source latency
     1    0.03    0.09    0.07    0.07 ^ clk (in)
                                         clk (net)
                  0.09    0.00    0.07 ^ clkbuf_0_clk/A (sky130_fd_sc_hd__clkbuf_16)
     4    0.05    0.05    0.13    0.19 ^ clkbuf_0_clk/X (sky130_fd_sc_hd__clkbuf_16)
                                         clknet_0_clk (net)
                  0.05    0.00    0.20 ^ clkbuf_2_0__f_clk/A (sky130_fd_sc_hd__clkbuf_16)
     9    0.05    0.05    0.11    0.31 ^ clkbuf_2_0__f_clk/X (sky130_fd_sc_hd__clkbuf_16)
                                         clknet_2_0__leaf_clk (net)
                  0.05    0.00    0.31 ^ _339_/CLK (sky130_fd_sc_hd__dfrtp_2)
                          0.25    0.56   clock uncertainty
                          0.00    0.56   clock reconvergence pessimism
                          0.22    0.78   library removal time
                                  0.78   data required time
-----------------------------------------------------------------------------
                                  0.78   data required time
                                 -2.43   data arrival time
-----------------------------------------------------------------------------
                                  1.66   slack (MET)


Startpoint: rst (input port clocked by clk)
Endpoint: _336_ (removal check against rising-edge clock clk)
Path Group: asynchronous
Path Type: min
Corner: Fastest

Fanout     Cap    Slew   Delay    Time   Description
-----------------------------------------------------------------------------
                          0.00    0.00   clock clk (rise edge)
                          0.00    0.00   clock network delay (propagated)
                          2.00    2.00 v input external delay
     1    0.00    0.01    0.00    2.00 v rst (in)
                                         rst (net)
                  0.01    0.00    2.00 v input1/A (sky130_fd_sc_hd__clkbuf_4)
     5    0.08    0.11    0.14    2.15 v input1/X (sky130_fd_sc_hd__clkbuf_4)
                                         net1 (net)
                  0.11    0.01    2.16 v _295_/A (sky130_fd_sc_hd__buf_4)
    10    0.09    0.08    0.17    2.32 v _295_/X (sky130_fd_sc_hd__buf_4)
                                         _159_ (net)
                  0.08    0.01    2.33 v _302_/A (sky130_fd_sc_hd__inv_2)
     1    0.03    0.10    0.10    2.43 ^ _302_/Y (sky130_fd_sc_hd__inv_2)
                                         _034_ (net)
                  0.10    0.00    2.44 ^ _336_/RESET_B (sky130_fd_sc_hd__dfrtp_2)
                                  2.44   data arrival time

                          0.00    0.00   clock clk (rise edge)
                          0.00    0.00   clock source latency
     1    0.03    0.09    0.07    0.07 ^ clk (in)
                                         clk (net)
                  0.09    0.00    0.07 ^ clkbuf_0_clk/A (sky130_fd_sc_hd__clkbuf_16)
     4    0.05    0.05    0.13    0.19 ^ clkbuf_0_clk/X (sky130_fd_sc_hd__clkbuf_16)
                                         clknet_0_clk (net)
                  0.06    0.00    0.20 ^ clkbuf_2_1__f_clk/A (sky130_fd_sc_hd__clkbuf_16)
    11    0.04    0.04    0.11    0.30 ^ clkbuf_2_1__f_clk/X (sky130_fd_sc_hd__clkbuf_16)
                                         clknet_2_1__leaf_clk (net)
                  0.04    0.00    0.31 ^ _336_/CLK (sky130_fd_sc_hd__dfrtp_2)
                          0.25    0.56   clock uncertainty
                          0.00    0.56   clock reconvergence pessimism
                          0.22    0.77   library removal time
                                  0.77   data required time
-----------------------------------------------------------------------------
                                  0.77   data required time
                                 -2.44   data arrival time
-----------------------------------------------------------------------------
                                  1.66   slack (MET)


Startpoint: rst (input port clocked by clk)
Endpoint: _340_ (removal check against rising-edge clock clk)
Path Group: asynchronous
Path Type: min
Corner: Fastest

Fanout     Cap    Slew   Delay    Time   Description
-----------------------------------------------------------------------------
                          0.00    0.00   clock clk (rise edge)
                          0.00    0.00   clock network delay (propagated)
                          2.00    2.00 v input external delay
     1    0.00    0.01    0.00    2.00 v rst (in)
                                         rst (net)
                  0.01    0.00    2.00 v input1/A (sky130_fd_sc_hd__clkbuf_4)
     5    0.08    0.11    0.14    2.15 v input1/X (sky130_fd_sc_hd__clkbuf_4)
                                         net1 (net)
                  0.11    0.01    2.16 v _306_/A (sky130_fd_sc_hd__clkbuf_8)
    10    0.09    0.07    0.16    2.31 v _306_/X (sky130_fd_sc_hd__clkbuf_8)
                                         _160_ (net)
                  0.08    0.02    2.33 v _307_/A (sky130_fd_sc_hd__inv_2)
     1    0.04    0.13    0.12    2.45 ^ _307_/Y (sky130_fd_sc_hd__inv_2)
                                         _038_ (net)
                  0.13    0.00    2.45 ^ _340_/RESET_B (sky130_fd_sc_hd__dfrtp_4)
                                  2.45   data arrival time

                          0.00    0.00   clock clk (rise edge)
                          0.00    0.00   clock source latency
     1    0.03    0.09    0.07    0.07 ^ clk (in)
                                         clk (net)
                  0.09    0.00    0.07 ^ clkbuf_0_clk/A (sky130_fd_sc_hd__clkbuf_16)
     4    0.05    0.05    0.13    0.19 ^ clkbuf_0_clk/X (sky130_fd_sc_hd__clkbuf_16)
                                         clknet_0_clk (net)
                  0.05    0.00    0.20 ^ clkbuf_2_0__f_clk/A (sky130_fd_sc_hd__clkbuf_16)
     9    0.05    0.05    0.11    0.31 ^ clkbuf_2_0__f_clk/X (sky130_fd_sc_hd__clkbuf_16)
                                         clknet_2_0__leaf_clk (net)
                  0.05    0.00    0.31 ^ _340_/CLK (sky130_fd_sc_hd__dfrtp_4)
                          0.25    0.56   clock uncertainty
                          0.00    0.56   clock reconvergence pessimism
                          0.23    0.79   library removal time
                                  0.79   data required time
-----------------------------------------------------------------------------
                                  0.79   data required time
                                 -2.45   data arrival time
-----------------------------------------------------------------------------
                                  1.66   slack (MET)


Startpoint: _359_ (rising edge-triggered flip-flop clocked by clk)
Endpoint: seg[6] (output port clocked by clk)
Path Group: clk
Path Type: min
Corner: Fastest

Fanout     Cap    Slew   Delay    Time   Description
-----------------------------------------------------------------------------
                          0.00    0.00   clock clk (rise edge)
                          0.00    0.00   clock source latency
     1    0.03    0.09    0.06    0.06 ^ clk (in)
                                         clk (net)
                  0.09    0.00    0.06 ^ clkbuf_0_clk/A (sky130_fd_sc_hd__clkbuf_16)
     4    0.05    0.05    0.11    0.17 ^ clkbuf_0_clk/X (sky130_fd_sc_hd__clkbuf_16)
                                         clknet_0_clk (net)
                  0.05    0.00    0.18 ^ clkbuf_2_0__f_clk/A (sky130_fd_sc_hd__clkbuf_16)
     9    0.05    0.05    0.10    0.28 ^ clkbuf_2_0__f_clk/X (sky130_fd_sc_hd__clkbuf_16)
                                         clknet_2_0__leaf_clk (net)
                  0.05    0.00    0.28 ^ _359_/CLK (sky130_fd_sc_hd__dfrtp_4)
     7    0.06    0.14    0.32    0.60 ^ _359_/Q (sky130_fd_sc_hd__dfrtp_4)
                                         decoder.digit[1] (net)
                  0.15    0.01    0.61 ^ _294_/A1 (sky130_fd_sc_hd__a21boi_2)
     2    0.02    0.05    0.07    0.68 v _294_/Y (sky130_fd_sc_hd__a21boi_2)
                                         net8 (net)
                  0.05    0.00    0.68 v output8/A (sky130_fd_sc_hd__buf_2)
     1    0.03    0.06    0.12    0.80 v output8/X (sky130_fd_sc_hd__buf_2)
                                         seg[6] (net)
                  0.06    0.00    0.80 v seg[6] (out)
                                  0.80   data arrival time

                          0.00    0.00   clock clk (rise edge)
                          0.00    0.00   clock network delay (propagated)
                          0.25    0.25   clock uncertainty
                          0.00    0.25   clock reconvergence pessimism
                         -2.00   -1.75   output external delay
                                 -1.75   data required time
-----------------------------------------------------------------------------
                                 -1.75   data required time
                                 -0.80   data arrival time
-----------------------------------------------------------------------------
                                  2.55   slack (MET)


Startpoint: _358_ (rising edge-triggered flip-flop clocked by clk)
Endpoint: seg[2] (output port clocked by clk)
Path Group: clk
Path Type: min
Corner: Fastest

Fanout     Cap    Slew   Delay    Time   Description
-----------------------------------------------------------------------------
                          0.00    0.00   clock clk (rise edge)
                          0.00    0.00   clock source latency
     1    0.03    0.09    0.06    0.06 ^ clk (in)
                                         clk (net)
                  0.09    0.00    0.06 ^ clkbuf_0_clk/A (sky130_fd_sc_hd__clkbuf_16)
     4    0.05    0.05    0.11    0.17 ^ clkbuf_0_clk/X (sky130_fd_sc_hd__clkbuf_16)
                                         clknet_0_clk (net)
                  0.06    0.00    0.18 ^ clkbuf_2_2__f_clk/A (sky130_fd_sc_hd__clkbuf_16)
     7    0.05    0.06    0.10    0.28 ^ clkbuf_2_2__f_clk/X (sky130_fd_sc_hd__clkbuf_16)
                                         clknet_2_2__leaf_clk (net)
                  0.06    0.01    0.29 ^ _358_/CLK (sky130_fd_sc_hd__dfrtp_4)
     8    0.07    0.15    0.33    0.62 ^ _358_/Q (sky130_fd_sc_hd__dfrtp_4)
                                         decoder.digit[0] (net)
                  0.15    0.01    0.62 ^ _289_/A1 (sky130_fd_sc_hd__a21oi_1)
     1    0.02    0.10    0.10    0.73 v _289_/Y (sky130_fd_sc_hd__a21oi_1)
                                         net4 (net)
                  0.10    0.00    0.73 v output4/A (sky130_fd_sc_hd__buf_2)
     1    0.03    0.06    0.14    0.87 v output4/X (sky130_fd_sc_hd__buf_2)
                                         seg[2] (net)
                  0.06    0.00    0.87 v seg[2] (out)
                                  0.87   data arrival time

                          0.00    0.00   clock clk (rise edge)
                          0.00    0.00   clock network delay (propagated)
                          0.25    0.25   clock uncertainty
                          0.00    0.25   clock reconvergence pessimism
                         -2.00   -1.75   output external delay
                                 -1.75   data required time
-----------------------------------------------------------------------------
                                 -1.75   data required time
                                 -0.87   data arrival time
-----------------------------------------------------------------------------
                                  2.62   slack (MET)


Startpoint: _361_ (rising edge-triggered flip-flop clocked by clk)
Endpoint: seg[3] (output port clocked by clk)
Path Group: clk
Path Type: min
Corner: Fastest

Fanout     Cap    Slew   Delay    Time   Description
-----------------------------------------------------------------------------
                          0.00    0.00   clock clk (rise edge)
                          0.00    0.00   clock source latency
     1    0.03    0.09    0.06    0.06 ^ clk (in)
                                         clk (net)
                  0.09    0.00    0.06 ^ clkbuf_0_clk/A (sky130_fd_sc_hd__clkbuf_16)
     4    0.05    0.05    0.11    0.17 ^ clkbuf_0_clk/X (sky130_fd_sc_hd__clkbuf_16)
                                         clknet_0_clk (net)
                  0.05    0.00    0.18 ^ clkbuf_2_0__f_clk/A (sky130_fd_sc_hd__clkbuf_16)
     9    0.05    0.05    0.10    0.28 ^ clkbuf_2_0__f_clk/X (sky130_fd_sc_hd__clkbuf_16)
                                         clknet_2_0__leaf_clk (net)
                  0.05    0.00    0.28 ^ _361_/CLK (sky130_fd_sc_hd__dfrtp_4)
     6    0.05    0.13    0.31    0.59 ^ _361_/Q (sky130_fd_sc_hd__dfrtp_4)
                                         decoder.digit[3] (net)
                  0.13    0.01    0.60 ^ _287_/D1 (sky130_fd_sc_hd__a2111o_1)
     2    0.02    0.16    0.15    0.75 ^ _287_/X (sky130_fd_sc_hd__a2111o_1)
                                         net5 (net)
                  0.16    0.00    0.75 ^ output5/A (sky130_fd_sc_hd__buf_2)
     1    0.03    0.13    0.15    0.90 ^ output5/X (sky130_fd_sc_hd__buf_2)
                                         seg[3] (net)
                  0.13    0.00    0.90 ^ seg[3] (out)
                                  0.90   data arrival time

                          0.00    0.00   clock clk (rise edge)
                          0.00    0.00   clock network delay (propagated)
                          0.25    0.25   clock uncertainty
                          0.00    0.25   clock reconvergence pessimism
                         -2.00   -1.75   output external delay
                                 -1.75   data required time
-----------------------------------------------------------------------------
                                 -1.75   data required time
                                 -0.90   data arrival time
-----------------------------------------------------------------------------
                                  2.65   slack (MET)


Startpoint: _361_ (rising edge-triggered flip-flop clocked by clk)
Endpoint: seg[5] (output port clocked by clk)
Path Group: clk
Path Type: min
Corner: Fastest

Fanout     Cap    Slew   Delay    Time   Description
-----------------------------------------------------------------------------
                          0.00    0.00   clock clk (rise edge)
                          0.00    0.00   clock source latency
     1    0.03    0.09    0.06    0.06 ^ clk (in)
                                         clk (net)
                  0.09    0.00    0.06 ^ clkbuf_0_clk/A (sky130_fd_sc_hd__clkbuf_16)
     4    0.05    0.05    0.11    0.17 ^ clkbuf_0_clk/X (sky130_fd_sc_hd__clkbuf_16)
                                         clknet_0_clk (net)
                  0.05    0.00    0.18 ^ clkbuf_2_0__f_clk/A (sky130_fd_sc_hd__clkbuf_16)
     9    0.05    0.05    0.10    0.28 ^ clkbuf_2_0__f_clk/X (sky130_fd_sc_hd__clkbuf_16)
                                         clknet_2_0__leaf_clk (net)
                  0.05    0.00    0.28 ^ _361_/CLK (sky130_fd_sc_hd__dfrtp_4)
     6    0.05    0.13    0.31    0.59 ^ _361_/Q (sky130_fd_sc_hd__dfrtp_4)
                                         decoder.digit[3] (net)
                  0.13    0.01    0.60 ^ _292_/A (sky130_fd_sc_hd__or3_1)
     1    0.01    0.08    0.12    0.72 ^ _292_/X (sky130_fd_sc_hd__or3_1)
                                         _158_ (net)
                  0.08    0.00    0.72 ^ _293_/A (sky130_fd_sc_hd__clkbuf_1)
     1    0.00    0.04    0.06    0.78 ^ _293_/X (sky130_fd_sc_hd__clkbuf_1)
                                         net7 (net)
                  0.04    0.00    0.78 ^ output7/A (sky130_fd_sc_hd__buf_2)
     1    0.03    0.13    0.13    0.91 ^ output7/X (sky130_fd_sc_hd__buf_2)
                                         seg[5] (net)
                  0.13    0.00    0.91 ^ seg[5] (out)
                                  0.91   data arrival time

                          0.00    0.00   clock clk (rise edge)
                          0.00    0.00   clock network delay (propagated)
                          0.25    0.25   clock uncertainty
                          0.00    0.25   clock reconvergence pessimism
                         -2.00   -1.75   output external delay
                                 -1.75   data required time
-----------------------------------------------------------------------------
                                 -1.75   data required time
                                 -0.91   data arrival time
-----------------------------------------------------------------------------
                                  2.66   slack (MET)


Startpoint: _361_ (rising edge-triggered flip-flop clocked by clk)
Endpoint: seg[4] (output port clocked by clk)
Path Group: clk
Path Type: min
Corner: Fastest

Fanout     Cap    Slew   Delay    Time   Description
-----------------------------------------------------------------------------
                          0.00    0.00   clock clk (rise edge)
                          0.00    0.00   clock source latency
     1    0.03    0.09    0.06    0.06 ^ clk (in)
                                         clk (net)
                  0.09    0.00    0.06 ^ clkbuf_0_clk/A (sky130_fd_sc_hd__clkbuf_16)
     4    0.05    0.05    0.11    0.17 ^ clkbuf_0_clk/X (sky130_fd_sc_hd__clkbuf_16)
                                         clknet_0_clk (net)
                  0.05    0.00    0.18 ^ clkbuf_2_0__f_clk/A (sky130_fd_sc_hd__clkbuf_16)
     9    0.05    0.05    0.10    0.28 ^ clkbuf_2_0__f_clk/X (sky130_fd_sc_hd__clkbuf_16)
                                         clknet_2_0__leaf_clk (net)
                  0.05    0.00    0.28 ^ _361_/CLK (sky130_fd_sc_hd__dfrtp_4)
     6    0.05    0.13    0.31    0.59 ^ _361_/Q (sky130_fd_sc_hd__dfrtp_4)
                                         decoder.digit[3] (net)
                  0.13    0.00    0.60 ^ _290_/A (sky130_fd_sc_hd__or3_1)
     1    0.01    0.06    0.10    0.70 ^ _290_/X (sky130_fd_sc_hd__or3_1)
                                         _157_ (net)
                  0.06    0.00    0.70 ^ _291_/A (sky130_fd_sc_hd__buf_1)
     1    0.01    0.13    0.12    0.81 ^ _291_/X (sky130_fd_sc_hd__buf_1)
                                         net6 (net)
                  0.13    0.00    0.82 ^ output6/A (sky130_fd_sc_hd__buf_2)
     1    0.04    0.13    0.16    0.97 ^ output6/X (sky130_fd_sc_hd__buf_2)
                                         seg[4] (net)
                  0.13    0.00    0.97 ^ seg[4] (out)
                                  0.97   data arrival time

                          0.00    0.00   clock clk (rise edge)
                          0.00    0.00   clock network delay (propagated)
                          0.25    0.25   clock uncertainty
                          0.00    0.25   clock reconvergence pessimism
                         -2.00   -1.75   output external delay
                                 -1.75   data required time
-----------------------------------------------------------------------------
                                 -1.75   data required time
                                 -0.97   data arrival time
-----------------------------------------------------------------------------
                                  2.72   slack (MET)


Startpoint: _361_ (rising edge-triggered flip-flop clocked by clk)
Endpoint: seg[0] (output port clocked by clk)
Path Group: clk
Path Type: min
Corner: Fastest

Fanout     Cap    Slew   Delay    Time   Description
-----------------------------------------------------------------------------
                          0.00    0.00   clock clk (rise edge)
                          0.00    0.00   clock source latency
     1    0.03    0.09    0.06    0.06 ^ clk (in)
                                         clk (net)
                  0.09    0.00    0.06 ^ clkbuf_0_clk/A (sky130_fd_sc_hd__clkbuf_16)
     4    0.05    0.05    0.11    0.17 ^ clkbuf_0_clk/X (sky130_fd_sc_hd__clkbuf_16)
                                         clknet_0_clk (net)
                  0.05    0.00    0.18 ^ clkbuf_2_0__f_clk/A (sky130_fd_sc_hd__clkbuf_16)
     9    0.05    0.05    0.10    0.28 ^ clkbuf_2_0__f_clk/X (sky130_fd_sc_hd__clkbuf_16)
                                         clknet_2_0__leaf_clk (net)
                  0.05    0.00    0.28 ^ _361_/CLK (sky130_fd_sc_hd__dfrtp_4)
     6    0.05    0.13    0.31    0.59 ^ _361_/Q (sky130_fd_sc_hd__dfrtp_4)
                                         decoder.digit[3] (net)
                  0.13    0.01    0.60 ^ _287_/D1 (sky130_fd_sc_hd__a2111o_1)
     2    0.02    0.16    0.15    0.75 ^ _287_/X (sky130_fd_sc_hd__a2111o_1)
                                         net5 (net)
                  0.16    0.00    0.75 ^ _370_/A (sky130_fd_sc_hd__buf_1)
     1    0.02    0.18    0.15    0.90 ^ _370_/X (sky130_fd_sc_hd__buf_1)
                                         net2 (net)
                  0.18    0.00    0.90 ^ output2/A (sky130_fd_sc_hd__buf_2)
     1    0.03    0.13    0.16    1.06 ^ output2/X (sky130_fd_sc_hd__buf_2)
                                         seg[0] (net)
                  0.13    0.00    1.06 ^ seg[0] (out)
                                  1.06   data arrival time

                          0.00    0.00   clock clk (rise edge)
                          0.00    0.00   clock network delay (propagated)
                          0.25    0.25   clock uncertainty
                          0.00    0.25   clock reconvergence pessimism
                         -2.00   -1.75   output external delay
                                 -1.75   data required time
-----------------------------------------------------------------------------
                                 -1.75   data required time
                                 -1.06   data arrival time
-----------------------------------------------------------------------------
                                  2.81   slack (MET)


Startpoint: _361_ (rising edge-triggered flip-flop clocked by clk)
Endpoint: seg[1] (output port clocked by clk)
Path Group: clk
Path Type: min
Corner: Fastest

Fanout     Cap    Slew   Delay    Time   Description
-----------------------------------------------------------------------------
                          0.00    0.00   clock clk (rise edge)
                          0.00    0.00   clock source latency
     1    0.03    0.09    0.06    0.06 ^ clk (in)
                                         clk (net)
                  0.09    0.00    0.06 ^ clkbuf_0_clk/A (sky130_fd_sc_hd__clkbuf_16)
     4    0.05    0.05    0.11    0.17 ^ clkbuf_0_clk/X (sky130_fd_sc_hd__clkbuf_16)
                                         clknet_0_clk (net)
                  0.05    0.00    0.18 ^ clkbuf_2_0__f_clk/A (sky130_fd_sc_hd__clkbuf_16)
     9    0.05    0.05    0.10    0.28 ^ clkbuf_2_0__f_clk/X (sky130_fd_sc_hd__clkbuf_16)
                                         clknet_2_0__leaf_clk (net)
                  0.05    0.00    0.28 ^ _361_/CLK (sky130_fd_sc_hd__dfrtp_4)
     6    0.05    0.13    0.31    0.59 ^ _361_/Q (sky130_fd_sc_hd__dfrtp_4)
                                         decoder.digit[3] (net)
                  0.13    0.01    0.60 ^ _285_/A (sky130_fd_sc_hd__nor2_2)
     4    0.04    0.09    0.09    0.68 v _285_/Y (sky130_fd_sc_hd__nor2_2)
                                         _155_ (net)
                  0.09    0.00    0.69 v _288_/B (sky130_fd_sc_hd__nor2_1)
     1    0.02    0.28    0.23    0.92 ^ _288_/Y (sky130_fd_sc_hd__nor2_1)
                                         net3 (net)
                  0.28    0.00    0.92 ^ output3/A (sky130_fd_sc_hd__buf_2)
     1    0.03    0.13    0.17    1.09 ^ output3/X (sky130_fd_sc_hd__buf_2)
                                         seg[1] (net)
                  0.13    0.00    1.09 ^ seg[1] (out)
                                  1.09   data arrival time

                          0.00    0.00   clock clk (rise edge)
                          0.00    0.00   clock network delay (propagated)
                          0.25    0.25   clock uncertainty
                          0.00    0.25   clock reconvergence pessimism
                         -2.00   -1.75   output external delay
                                 -1.75   data required time
-----------------------------------------------------------------------------
                                 -1.75   data required time
                                 -1.09   data arrival time
-----------------------------------------------------------------------------
                                  2.84   slack (MET)



worst slack corner Fastest: 0.1650
======================= Slowest Corner ===================================

Startpoint: rst (input port clocked by clk)
Endpoint: _360_ (removal check against rising-edge clock clk)
Path Group: asynchronous
Path Type: min
Corner: Slowest

Fanout     Cap    Slew   Delay    Time   Description
-----------------------------------------------------------------------------
                          0.00    0.00   clock clk (rise edge)
                          0.00    0.00   clock network delay (propagated)
                          2.00    2.00 v input external delay
     1    0.00    0.02    0.01    2.01 v rst (in)
                                         rst (net)
                  0.02    0.00    2.01 v input1/A (sky130_fd_sc_hd__clkbuf_4)
     5    0.08    0.28    0.38    2.39 v input1/X (sky130_fd_sc_hd__clkbuf_4)
                                         net1 (net)
                  0.28    0.00    2.40 v _328_/A (sky130_fd_sc_hd__inv_2)
     1    0.02    0.16    0.23    2.63 ^ _328_/Y (sky130_fd_sc_hd__inv_2)
                                         _058_ (net)
                  0.16    0.00    2.63 ^ _360_/RESET_B (sky130_fd_sc_hd__dfrtp_4)
                                  2.63   data arrival time

                          0.00    0.00   clock clk (rise edge)
                          0.00    0.00   clock source latency
     1    0.03    0.19    0.14    0.14 ^ clk (in)
                                         clk (net)
                  0.19    0.00    0.14 ^ clkbuf_0_clk/A (sky130_fd_sc_hd__clkbuf_16)
     4    0.05    0.11    0.33    0.47 ^ clkbuf_0_clk/X (sky130_fd_sc_hd__clkbuf_16)
                                         clknet_0_clk (net)
                  0.11    0.00    0.48 ^ clkbuf_2_3__f_clk/A (sky130_fd_sc_hd__clkbuf_16)
     8    0.04    0.10    0.29    0.76 ^ clkbuf_2_3__f_clk/X (sky130_fd_sc_hd__clkbuf_16)
                                         clknet_2_3__leaf_clk (net)
                  0.10    0.00    0.77 ^ _360_/CLK (sky130_fd_sc_hd__dfrtp_4)
                          0.25    1.02   clock uncertainty
                          0.00    1.02   clock reconvergence pessimism
                          0.70    1.71   library removal time
                                  1.71   data required time
-----------------------------------------------------------------------------
                                  1.71   data required time
                                 -2.63   data arrival time
-----------------------------------------------------------------------------
                                  0.92   slack (MET)


Startpoint: rst (input port clocked by clk)
Endpoint: _361_ (removal check against rising-edge clock clk)
Path Group: asynchronous
Path Type: min
Corner: Slowest

Fanout     Cap    Slew   Delay    Time   Description
-----------------------------------------------------------------------------
                          0.00    0.00   clock clk (rise edge)
                          0.00    0.00   clock network delay (propagated)
                          2.00    2.00 v input external delay
     1    0.00    0.02    0.01    2.01 v rst (in)
                                         rst (net)
                  0.02    0.00    2.01 v input1/A (sky130_fd_sc_hd__clkbuf_4)
     5    0.08    0.28    0.38    2.39 v input1/X (sky130_fd_sc_hd__clkbuf_4)
                                         net1 (net)
                  0.28    0.01    2.40 v _329_/A (sky130_fd_sc_hd__inv_2)
     1    0.02    0.19    0.25    2.66 ^ _329_/Y (sky130_fd_sc_hd__inv_2)
                                         _059_ (net)
                  0.19    0.00    2.66 ^ _361_/RESET_B (sky130_fd_sc_hd__dfrtp_4)
                                  2.66   data arrival time

                          0.00    0.00   clock clk (rise edge)
                          0.00    0.00   clock source latency
     1    0.03    0.19    0.14    0.14 ^ clk (in)
                                         clk (net)
                  0.19    0.00    0.14 ^ clkbuf_0_clk/A (sky130_fd_sc_hd__clkbuf_16)
     4    0.05    0.11    0.33    0.47 ^ clkbuf_0_clk/X (sky130_fd_sc_hd__clkbuf_16)
                                         clknet_0_clk (net)
                  0.11    0.00    0.48 ^ clkbuf_2_0__f_clk/A (sky130_fd_sc_hd__clkbuf_16)
     9    0.05    0.10    0.29    0.77 ^ clkbuf_2_0__f_clk/X (sky130_fd_sc_hd__clkbuf_16)
                                         clknet_2_0__leaf_clk (net)
                  0.10    0.00    0.77 ^ _361_/CLK (sky130_fd_sc_hd__dfrtp_4)
                          0.25    1.02   clock uncertainty
                          0.00    1.02   clock reconvergence pessimism
                          0.71    1.73   library removal time
                                  1.73   data required time
-----------------------------------------------------------------------------
                                  1.73   data required time
                                 -2.66   data arrival time
-----------------------------------------------------------------------------
                                  0.93   slack (MET)


Startpoint: _330_ (rising edge-triggered flip-flop clocked by clk)
Endpoint: _330_ (rising edge-triggered flip-flop clocked by clk)
Path Group: clk
Path Type: min
Corner: Slowest

Fanout     Cap    Slew   Delay    Time   Description
-----------------------------------------------------------------------------
                          0.00    0.00   clock clk (rise edge)
                          0.00    0.00   clock source latency
     1    0.03    0.19    0.13    0.13 ^ clk (in)
                                         clk (net)
                  0.19    0.00    0.13 ^ clkbuf_0_clk/A (sky130_fd_sc_hd__clkbuf_16)
     4    0.05    0.11    0.30    0.43 ^ clkbuf_0_clk/X (sky130_fd_sc_hd__clkbuf_16)
                                         clknet_0_clk (net)
                  0.11    0.00    0.43 ^ clkbuf_2_1__f_clk/A (sky130_fd_sc_hd__clkbuf_16)
    11    0.04    0.09    0.25    0.68 ^ clkbuf_2_1__f_clk/X (sky130_fd_sc_hd__clkbuf_16)
                                         clknet_2_1__leaf_clk (net)
                  0.09    0.00    0.69 ^ _330_/CLK (sky130_fd_sc_hd__dfrtp_4)
     7    0.06    0.32    0.98    1.67 ^ _330_/Q (sky130_fd_sc_hd__dfrtp_4)
                                         one_second_counter[0] (net)
                  0.32    0.01    1.67 ^ _190_/A (sky130_fd_sc_hd__nor2_1)
     1    0.01    0.13    0.22    1.90 v _190_/Y (sky130_fd_sc_hd__nor2_1)
                                         _000_ (net)
                  0.13    0.00    1.90 v _330_/D (sky130_fd_sc_hd__dfrtp_4)
                                  1.90   data arrival time

                          0.00    0.00   clock clk (rise edge)
                          0.00    0.00   clock source latency
     1    0.03    0.19    0.14    0.14 ^ clk (in)
                                         clk (net)
                  0.19    0.00    0.14 ^ clkbuf_0_clk/A (sky130_fd_sc_hd__clkbuf_16)
     4    0.05    0.11    0.33    0.47 ^ clkbuf_0_clk/X (sky130_fd_sc_hd__clkbuf_16)
                                         clknet_0_clk (net)
                  0.11    0.00    0.48 ^ clkbuf_2_1__f_clk/A (sky130_fd_sc_hd__clkbuf_16)
    11    0.04    0.09    0.28    0.76 ^ clkbuf_2_1__f_clk/X (sky130_fd_sc_hd__clkbuf_16)
                                         clknet_2_1__leaf_clk (net)
                  0.09    0.00    0.76 ^ _330_/CLK (sky130_fd_sc_hd__dfrtp_4)
                          0.25    1.01   clock uncertainty
                         -0.07    0.94   clock reconvergence pessimism
                         -0.11    0.83   library hold time
                                  0.83   data required time
-----------------------------------------------------------------------------
                                  0.83   data required time
                                 -1.90   data arrival time
-----------------------------------------------------------------------------
                                  1.07   slack (MET)


Startpoint: _355_ (rising edge-triggered flip-flop clocked by clk)
Endpoint: _356_ (rising edge-triggered flip-flop clocked by clk)
Path Group: clk
Path Type: min
Corner: Slowest

Fanout     Cap    Slew   Delay    Time   Description
-----------------------------------------------------------------------------
                          0.00    0.00   clock clk (rise edge)
                          0.00    0.00   clock source latency
     1    0.03    0.19    0.13    0.13 ^ clk (in)
                                         clk (net)
                  0.19    0.00    0.13 ^ clkbuf_0_clk/A (sky130_fd_sc_hd__clkbuf_16)
     4    0.05    0.11    0.30    0.43 ^ clkbuf_0_clk/X (sky130_fd_sc_hd__clkbuf_16)
                                         clknet_0_clk (net)
                  0.11    0.00    0.43 ^ clkbuf_2_1__f_clk/A (sky130_fd_sc_hd__clkbuf_16)
    11    0.04    0.09    0.25    0.68 ^ clkbuf_2_1__f_clk/X (sky130_fd_sc_hd__clkbuf_16)
                                         clknet_2_1__leaf_clk (net)
                  0.09    0.00    0.69 ^ _355_/CLK (sky130_fd_sc_hd__dfrtp_4)
     4    0.05    0.26    0.93    1.62 ^ _355_/Q (sky130_fd_sc_hd__dfrtp_4)
                                         one_second_counter[25] (net)
                  0.26    0.00    1.62 ^ _284_/A2 (sky130_fd_sc_hd__o211a_1)
     1    0.00    0.10    0.34    1.96 ^ _284_/X (sky130_fd_sc_hd__o211a_1)
                                         _018_ (net)
                  0.10    0.00    1.96 ^ _356_/D (sky130_fd_sc_hd__dfrtp_1)
                                  1.96   data arrival time

                          0.00    0.00   clock clk (rise edge)
                          0.00    0.00   clock source latency
     1    0.03    0.19    0.14    0.14 ^ clk (in)
                                         clk (net)
                  0.19    0.00    0.14 ^ clkbuf_0_clk/A (sky130_fd_sc_hd__clkbuf_16)
     4    0.05    0.11    0.33    0.47 ^ clkbuf_0_clk/X (sky130_fd_sc_hd__clkbuf_16)
                                         clknet_0_clk (net)
                  0.11    0.00    0.48 ^ clkbuf_2_1__f_clk/A (sky130_fd_sc_hd__clkbuf_16)
    11    0.04    0.09    0.28    0.76 ^ clkbuf_2_1__f_clk/X (sky130_fd_sc_hd__clkbuf_16)
                                         clknet_2_1__leaf_clk (net)
                  0.09    0.00    0.76 ^ _356_/CLK (sky130_fd_sc_hd__dfrtp_1)
                          0.25    1.01   clock uncertainty
                         -0.07    0.94   clock reconvergence pessimism
                         -0.08    0.86   library hold time
                                  0.86   data required time
-----------------------------------------------------------------------------
                                  0.86   data required time
                                 -1.96   data arrival time
-----------------------------------------------------------------------------
                                  1.11   slack (MET)


Startpoint: _361_ (rising edge-triggered flip-flop clocked by clk)
Endpoint: _361_ (rising edge-triggered flip-flop clocked by clk)
Path Group: clk
Path Type: min
Corner: Slowest

Fanout     Cap    Slew   Delay    Time   Description
-----------------------------------------------------------------------------
                          0.00    0.00   clock clk (rise edge)
                          0.00    0.00   clock source latency
     1    0.03    0.19    0.13    0.13 ^ clk (in)
                                         clk (net)
                  0.19    0.00    0.13 ^ clkbuf_0_clk/A (sky130_fd_sc_hd__clkbuf_16)
     4    0.05    0.11    0.30    0.43 ^ clkbuf_0_clk/X (sky130_fd_sc_hd__clkbuf_16)
                                         clknet_0_clk (net)
                  0.11    0.00    0.43 ^ clkbuf_2_0__f_clk/A (sky130_fd_sc_hd__clkbuf_16)
     9    0.05    0.10    0.26    0.69 ^ clkbuf_2_0__f_clk/X (sky130_fd_sc_hd__clkbuf_16)
                                         clknet_2_0__leaf_clk (net)
                  0.10    0.00    0.70 ^ _361_/CLK (sky130_fd_sc_hd__dfrtp_4)
     6    0.05    0.29    0.96    1.65 ^ _361_/Q (sky130_fd_sc_hd__dfrtp_4)
                                         decoder.digit[3] (net)
                  0.29    0.01    1.66 ^ _164_/A (sky130_fd_sc_hd__xnor2_1)
     1    0.01    0.19    0.30    1.96 v _164_/Y (sky130_fd_sc_hd__xnor2_1)
                                         _063_ (net)
                  0.19    0.00    1.96 v _361_/D (sky130_fd_sc_hd__dfrtp_4)
                                  1.96   data arrival time

                          0.00    0.00   clock clk (rise edge)
                          0.00    0.00   clock source latency
     1    0.03    0.19    0.14    0.14 ^ clk (in)
                                         clk (net)
                  0.19    0.00    0.14 ^ clkbuf_0_clk/A (sky130_fd_sc_hd__clkbuf_16)
     4    0.05    0.11    0.33    0.47 ^ clkbuf_0_clk/X (sky130_fd_sc_hd__clkbuf_16)
                                         clknet_0_clk (net)
                  0.11    0.00    0.48 ^ clkbuf_2_0__f_clk/A (sky130_fd_sc_hd__clkbuf_16)
     9    0.05    0.10    0.29    0.77 ^ clkbuf_2_0__f_clk/X (sky130_fd_sc_hd__clkbuf_16)
                                         clknet_2_0__leaf_clk (net)
                  0.10    0.00    0.77 ^ _361_/CLK (sky130_fd_sc_hd__dfrtp_4)
                          0.25    1.02   clock uncertainty
                         -0.07    0.95   clock reconvergence pessimism
                         -0.13    0.82   library hold time
                                  0.82   data required time
-----------------------------------------------------------------------------
                                  0.82   data required time
                                 -1.96   data arrival time
-----------------------------------------------------------------------------
                                  1.14   slack (MET)


Startpoint: _357_ (rising edge-triggered flip-flop clocked by clk)
Endpoint: _358_ (rising edge-triggered flip-flop clocked by clk)
Path Group: clk
Path Type: min
Corner: Slowest

Fanout     Cap    Slew   Delay    Time   Description
-----------------------------------------------------------------------------
                          0.00    0.00   clock clk (rise edge)
                          0.00    0.00   clock source latency
     1    0.03    0.19    0.13    0.13 ^ clk (in)
                                         clk (net)
                  0.19    0.00    0.13 ^ clkbuf_0_clk/A (sky130_fd_sc_hd__clkbuf_16)
     4    0.05    0.11    0.30    0.43 ^ clkbuf_0_clk/X (sky130_fd_sc_hd__clkbuf_16)
                                         clknet_0_clk (net)
                  0.11    0.00    0.43 ^ clkbuf_2_2__f_clk/A (sky130_fd_sc_hd__clkbuf_16)
     7    0.05    0.11    0.27    0.70 ^ clkbuf_2_2__f_clk/X (sky130_fd_sc_hd__clkbuf_16)
                                         clknet_2_2__leaf_clk (net)
                  0.11    0.01    0.71 ^ _357_/CLK (sky130_fd_sc_hd__dfrtp_4)
     5    0.05    0.27    0.95    1.66 ^ _357_/Q (sky130_fd_sc_hd__dfrtp_4)
                                         one_second_enable (net)
                  0.27    0.01    1.66 ^ _174_/A1 (sky130_fd_sc_hd__a21oi_1)
     1    0.02    0.24    0.34    2.01 v _174_/Y (sky130_fd_sc_hd__a21oi_1)
                                         _060_ (net)
                  0.24    0.00    2.01 v _358_/D (sky130_fd_sc_hd__dfrtp_4)
                                  2.01   data arrival time

                          0.00    0.00   clock clk (rise edge)
                          0.00    0.00   clock source latency
     1    0.03    0.19    0.14    0.14 ^ clk (in)
                                         clk (net)
                  0.19    0.00    0.14 ^ clkbuf_0_clk/A (sky130_fd_sc_hd__clkbuf_16)
     4    0.05    0.11    0.33    0.47 ^ clkbuf_0_clk/X (sky130_fd_sc_hd__clkbuf_16)
                                         clknet_0_clk (net)
                  0.11    0.00    0.48 ^ clkbuf_2_2__f_clk/A (sky130_fd_sc_hd__clkbuf_16)
     7    0.05    0.11    0.29    0.77 ^ clkbuf_2_2__f_clk/X (sky130_fd_sc_hd__clkbuf_16)
                                         clknet_2_2__leaf_clk (net)
                  0.11    0.01    0.78 ^ _358_/CLK (sky130_fd_sc_hd__dfrtp_4)
                          0.25    1.03   clock uncertainty
                         -0.07    0.96   clock reconvergence pessimism
                         -0.14    0.81   library hold time
                                  0.81   data required time
-----------------------------------------------------------------------------
                                  0.81   data required time
                                 -2.01   data arrival time
-----------------------------------------------------------------------------
                                  1.20   slack (MET)


Startpoint: _353_ (rising edge-triggered flip-flop clocked by clk)
Endpoint: _353_ (rising edge-triggered flip-flop clocked by clk)
Path Group: clk
Path Type: min
Corner: Slowest

Fanout     Cap    Slew   Delay    Time   Description
-----------------------------------------------------------------------------
                          0.00    0.00   clock clk (rise edge)
                          0.00    0.00   clock source latency
     1    0.03    0.19    0.13    0.13 ^ clk (in)
                                         clk (net)
                  0.19    0.00    0.13 ^ clkbuf_0_clk/A (sky130_fd_sc_hd__clkbuf_16)
     4    0.05    0.11    0.30    0.43 ^ clkbuf_0_clk/X (sky130_fd_sc_hd__clkbuf_16)
                                         clknet_0_clk (net)
                  0.11    0.00    0.43 ^ clkbuf_2_1__f_clk/A (sky130_fd_sc_hd__clkbuf_16)
    11    0.04    0.09    0.25    0.68 ^ clkbuf_2_1__f_clk/X (sky130_fd_sc_hd__clkbuf_16)
                                         clknet_2_1__leaf_clk (net)
                  0.09    0.00    0.69 ^ _353_/CLK (sky130_fd_sc_hd__dfrtp_1)
     2    0.02    0.20    0.83    1.52 v _353_/Q (sky130_fd_sc_hd__dfrtp_1)
                                         one_second_counter[23] (net)
                  0.20    0.00    1.52 v _273_/A (sky130_fd_sc_hd__inv_2)
     1    0.03    0.20    0.24    1.76 ^ _273_/Y (sky130_fd_sc_hd__inv_2)
                                         _147_ (net)
                  0.20    0.00    1.76 ^ _275_/A1 (sky130_fd_sc_hd__a221oi_2)
     1    0.02    0.15    0.26    2.02 v _275_/Y (sky130_fd_sc_hd__a221oi_2)
                                         _015_ (net)
                  0.15    0.00    2.02 v _353_/D (sky130_fd_sc_hd__dfrtp_1)
                                  2.02   data arrival time

                          0.00    0.00   clock clk (rise edge)
                          0.00    0.00   clock source latency
     1    0.03    0.19    0.14    0.14 ^ clk (in)
                                         clk (net)
                  0.19    0.00    0.14 ^ clkbuf_0_clk/A (sky130_fd_sc_hd__clkbuf_16)
     4    0.05    0.11    0.33    0.47 ^ clkbuf_0_clk/X (sky130_fd_sc_hd__clkbuf_16)
                                         clknet_0_clk (net)
                  0.11    0.00    0.48 ^ clkbuf_2_1__f_clk/A (sky130_fd_sc_hd__clkbuf_16)
    11    0.04    0.09    0.28    0.76 ^ clkbuf_2_1__f_clk/X (sky130_fd_sc_hd__clkbuf_16)
                                         clknet_2_1__leaf_clk (net)
                  0.09    0.00    0.76 ^ _353_/CLK (sky130_fd_sc_hd__dfrtp_1)
                          0.25    1.01   clock uncertainty
                         -0.07    0.94   clock reconvergence pessimism
                         -0.12    0.81   library hold time
                                  0.81   data required time
-----------------------------------------------------------------------------
                                  0.81   data required time
                                 -2.02   data arrival time
-----------------------------------------------------------------------------
                                  1.21   slack (MET)


Startpoint: _337_ (rising edge-triggered flip-flop clocked by clk)
Endpoint: _337_ (rising edge-triggered flip-flop clocked by clk)
Path Group: clk
Path Type: min
Corner: Slowest

Fanout     Cap    Slew   Delay    Time   Description
-----------------------------------------------------------------------------
                          0.00    0.00   clock clk (rise edge)
                          0.00    0.00   clock source latency
     1    0.03    0.19    0.13    0.13 ^ clk (in)
                                         clk (net)
                  0.19    0.00    0.13 ^ clkbuf_0_clk/A (sky130_fd_sc_hd__clkbuf_16)
     4    0.05    0.11    0.30    0.43 ^ clkbuf_0_clk/X (sky130_fd_sc_hd__clkbuf_16)
                                         clknet_0_clk (net)
                  0.11    0.00    0.43 ^ clkbuf_2_1__f_clk/A (sky130_fd_sc_hd__clkbuf_16)
    11    0.04    0.09    0.25    0.68 ^ clkbuf_2_1__f_clk/X (sky130_fd_sc_hd__clkbuf_16)
                                         clknet_2_1__leaf_clk (net)
                  0.09    0.00    0.69 ^ _337_/CLK (sky130_fd_sc_hd__dfrtp_2)
     2    0.03    0.19    0.91    1.59 v _337_/Q (sky130_fd_sc_hd__dfrtp_2)
                                         one_second_counter[7] (net)
                  0.19    0.00    1.60 v _214_/A (sky130_fd_sc_hd__inv_2)
     1    0.01    0.09    0.14    1.73 ^ _214_/Y (sky130_fd_sc_hd__inv_2)
                                         _104_ (net)
                  0.09    0.00    1.73 ^ _215_/A1 (sky130_fd_sc_hd__a211oi_1)
     1    0.02    0.19    0.31    2.05 v _215_/Y (sky130_fd_sc_hd__a211oi_1)
                                         _024_ (net)
                  0.19    0.00    2.05 v _337_/D (sky130_fd_sc_hd__dfrtp_2)
                                  2.05   data arrival time

                          0.00    0.00   clock clk (rise edge)
                          0.00    0.00   clock source latency
     1    0.03    0.19    0.14    0.14 ^ clk (in)
                                         clk (net)
                  0.19    0.00    0.14 ^ clkbuf_0_clk/A (sky130_fd_sc_hd__clkbuf_16)
     4    0.05    0.11    0.33    0.47 ^ clkbuf_0_clk/X (sky130_fd_sc_hd__clkbuf_16)
                                         clknet_0_clk (net)
                  0.11    0.00    0.48 ^ clkbuf_2_1__f_clk/A (sky130_fd_sc_hd__clkbuf_16)
    11    0.04    0.09    0.28    0.76 ^ clkbuf_2_1__f_clk/X (sky130_fd_sc_hd__clkbuf_16)
                                         clknet_2_1__leaf_clk (net)
                  0.09    0.00    0.76 ^ _337_/CLK (sky130_fd_sc_hd__dfrtp_2)
                          0.25    1.01   clock uncertainty
                         -0.07    0.94   clock reconvergence pessimism
                         -0.13    0.81   library hold time
                                  0.81   data required time
-----------------------------------------------------------------------------
                                  0.81   data required time
                                 -2.05   data arrival time
-----------------------------------------------------------------------------
                                  1.24   slack (MET)


Startpoint: _345_ (rising edge-triggered flip-flop clocked by clk)
Endpoint: _345_ (rising edge-triggered flip-flop clocked by clk)
Path Group: clk
Path Type: min
Corner: Slowest

Fanout     Cap    Slew   Delay    Time   Description
-----------------------------------------------------------------------------
                          0.00    0.00   clock clk (rise edge)
                          0.00    0.00   clock source latency
     1    0.03    0.19    0.13    0.13 ^ clk (in)
                                         clk (net)
                  0.19    0.00    0.13 ^ clkbuf_0_clk/A (sky130_fd_sc_hd__clkbuf_16)
     4    0.05    0.11    0.30    0.43 ^ clkbuf_0_clk/X (sky130_fd_sc_hd__clkbuf_16)
                                         clknet_0_clk (net)
                  0.11    0.00    0.43 ^ clkbuf_2_3__f_clk/A (sky130_fd_sc_hd__clkbuf_16)
     8    0.04    0.10    0.26    0.69 ^ clkbuf_2_3__f_clk/X (sky130_fd_sc_hd__clkbuf_16)
                                         clknet_2_3__leaf_clk (net)
                  0.10    0.00    0.69 ^ _345_/CLK (sky130_fd_sc_hd__dfrtp_2)
     3    0.03    0.20    0.91    1.61 v _345_/Q (sky130_fd_sc_hd__dfrtp_2)
                                         one_second_counter[15] (net)
                  0.20    0.00    1.61 v _243_/A (sky130_fd_sc_hd__inv_2)
     1    0.02    0.15    0.20    1.81 ^ _243_/Y (sky130_fd_sc_hd__inv_2)
                                         _125_ (net)
                  0.15    0.00    1.81 ^ _246_/A1 (sky130_fd_sc_hd__a211oi_2)
     1    0.02    0.15    0.26    2.07 v _246_/Y (sky130_fd_sc_hd__a211oi_2)
                                         _006_ (net)
                  0.15    0.00    2.07 v _345_/D (sky130_fd_sc_hd__dfrtp_2)
                                  2.07   data arrival time

                          0.00    0.00   clock clk (rise edge)
                          0.00    0.00   clock source latency
     1    0.03    0.19    0.14    0.14 ^ clk (in)
                                         clk (net)
                  0.19    0.00    0.14 ^ clkbuf_0_clk/A (sky130_fd_sc_hd__clkbuf_16)
     4    0.05    0.11    0.33    0.47 ^ clkbuf_0_clk/X (sky130_fd_sc_hd__clkbuf_16)
                                         clknet_0_clk (net)
                  0.11    0.00    0.48 ^ clkbuf_2_3__f_clk/A (sky130_fd_sc_hd__clkbuf_16)
     8    0.04    0.10    0.29    0.76 ^ clkbuf_2_3__f_clk/X (sky130_fd_sc_hd__clkbuf_16)
                                         clknet_2_3__leaf_clk (net)
                  0.10    0.00    0.77 ^ _345_/CLK (sky130_fd_sc_hd__dfrtp_2)
                          0.25    1.02   clock uncertainty
                         -0.07    0.94   clock reconvergence pessimism
                         -0.11    0.83   library hold time
                                  0.83   data required time
-----------------------------------------------------------------------------
                                  0.83   data required time
                                 -2.07   data arrival time
-----------------------------------------------------------------------------
                                  1.24   slack (MET)


Startpoint: rst (input port clocked by clk)
Endpoint: _351_ (removal check against rising-edge clock clk)
Path Group: asynchronous
Path Type: min
Corner: Slowest

Fanout     Cap    Slew   Delay    Time   Description
-----------------------------------------------------------------------------
                          0.00    0.00   clock clk (rise edge)
                          0.00    0.00   clock network delay (propagated)
                          2.00    2.00 v input external delay
     1    0.00    0.02    0.01    2.01 v rst (in)
                                         rst (net)
                  0.02    0.00    2.01 v input1/A (sky130_fd_sc_hd__clkbuf_4)
     5    0.08    0.28    0.38    2.39 v input1/X (sky130_fd_sc_hd__clkbuf_4)
                                         net1 (net)
                  0.28    0.01    2.40 v _317_/A (sky130_fd_sc_hd__clkbuf_8)
    10    0.08    0.17    0.42    2.82 v _317_/X (sky130_fd_sc_hd__clkbuf_8)
                                         _161_ (net)
                  0.17    0.00    2.82 v _319_/A (sky130_fd_sc_hd__inv_2)
     1    0.01    0.08    0.12    2.94 ^ _319_/Y (sky130_fd_sc_hd__inv_2)
                                         _049_ (net)
                  0.08    0.00    2.94 ^ _351_/RESET_B (sky130_fd_sc_hd__dfrtp_2)
                                  2.94   data arrival time

                          0.00    0.00   clock clk (rise edge)
                          0.00    0.00   clock source latency
     1    0.03    0.19    0.14    0.14 ^ clk (in)
                                         clk (net)
                  0.19    0.00    0.14 ^ clkbuf_0_clk/A (sky130_fd_sc_hd__clkbuf_16)
     4    0.05    0.11    0.33    0.47 ^ clkbuf_0_clk/X (sky130_fd_sc_hd__clkbuf_16)
                                         clknet_0_clk (net)
                  0.11    0.00    0.48 ^ clkbuf_2_2__f_clk/A (sky130_fd_sc_hd__clkbuf_16)
     7    0.05    0.11    0.29    0.77 ^ clkbuf_2_2__f_clk/X (sky130_fd_sc_hd__clkbuf_16)
                                         clknet_2_2__leaf_clk (net)
                  0.11    0.01    0.78 ^ _351_/CLK (sky130_fd_sc_hd__dfrtp_2)
                          0.25    1.03   clock uncertainty
                          0.00    1.03   clock reconvergence pessimism
                          0.67    1.70   library removal time
                                  1.70   data required time
-----------------------------------------------------------------------------
                                  1.70   data required time
                                 -2.94   data arrival time
-----------------------------------------------------------------------------
                                  1.24   slack (MET)


Startpoint: rst (input port clocked by clk)
Endpoint: _357_ (removal check against rising-edge clock clk)
Path Group: asynchronous
Path Type: min
Corner: Slowest

Fanout     Cap    Slew   Delay    Time   Description
-----------------------------------------------------------------------------
                          0.00    0.00   clock clk (rise edge)
                          0.00    0.00   clock network delay (propagated)
                          2.00    2.00 v input external delay
     1    0.00    0.02    0.01    2.01 v rst (in)
                                         rst (net)
                  0.02    0.00    2.01 v input1/A (sky130_fd_sc_hd__clkbuf_4)
     5    0.08    0.28    0.38    2.39 v input1/X (sky130_fd_sc_hd__clkbuf_4)
                                         net1 (net)
                  0.28    0.01    2.40 v _317_/A (sky130_fd_sc_hd__clkbuf_8)
    10    0.08    0.17    0.42    2.82 v _317_/X (sky130_fd_sc_hd__clkbuf_8)
                                         _161_ (net)
                  0.17    0.01    2.83 v _325_/A (sky130_fd_sc_hd__inv_2)
     1    0.01    0.10    0.14    2.97 ^ _325_/Y (sky130_fd_sc_hd__inv_2)
                                         _055_ (net)
                  0.10    0.00    2.97 ^ _357_/RESET_B (sky130_fd_sc_hd__dfrtp_4)
                                  2.97   data arrival time

                          0.00    0.00   clock clk (rise edge)
                          0.00    0.00   clock source latency
     1    0.03    0.19    0.14    0.14 ^ clk (in)
                                         clk (net)
                  0.19    0.00    0.14 ^ clkbuf_0_clk/A (sky130_fd_sc_hd__clkbuf_16)
     4    0.05    0.11    0.33    0.47 ^ clkbuf_0_clk/X (sky130_fd_sc_hd__clkbuf_16)
                                         clknet_0_clk (net)
                  0.11    0.00    0.48 ^ clkbuf_2_2__f_clk/A (sky130_fd_sc_hd__clkbuf_16)
     7    0.05    0.11    0.29    0.77 ^ clkbuf_2_2__f_clk/X (sky130_fd_sc_hd__clkbuf_16)
                                         clknet_2_2__leaf_clk (net)
                  0.11    0.01    0.78 ^ _357_/CLK (sky130_fd_sc_hd__dfrtp_4)
                          0.25    1.03   clock uncertainty
                          0.00    1.03   clock reconvergence pessimism
                          0.68    1.71   library removal time
                                  1.71   data required time
-----------------------------------------------------------------------------
                                  1.71   data required time
                                 -2.97   data arrival time
-----------------------------------------------------------------------------
                                  1.26   slack (MET)


Startpoint: rst (input port clocked by clk)
Endpoint: _346_ (removal check against rising-edge clock clk)
Path Group: asynchronous
Path Type: min
Corner: Slowest

Fanout     Cap    Slew   Delay    Time   Description
-----------------------------------------------------------------------------
                          0.00    0.00   clock clk (rise edge)
                          0.00    0.00   clock network delay (propagated)
                          2.00    2.00 v input external delay
     1    0.00    0.02    0.01    2.01 v rst (in)
                                         rst (net)
                  0.02    0.00    2.01 v input1/A (sky130_fd_sc_hd__clkbuf_4)
     5    0.08    0.28    0.38    2.39 v input1/X (sky130_fd_sc_hd__clkbuf_4)
                                         net1 (net)
                  0.28    0.01    2.40 v _306_/A (sky130_fd_sc_hd__clkbuf_8)
    10    0.09    0.18    0.42    2.83 v _306_/X (sky130_fd_sc_hd__clkbuf_8)
                                         _160_ (net)
                  0.18    0.01    2.84 v _313_/A (sky130_fd_sc_hd__inv_2)
     1    0.01    0.07    0.12    2.96 ^ _313_/Y (sky130_fd_sc_hd__inv_2)
                                         _044_ (net)
                  0.07    0.00    2.96 ^ _346_/RESET_B (sky130_fd_sc_hd__dfrtp_4)
                                  2.96   data arrival time

                          0.00    0.00   clock clk (rise edge)
                          0.00    0.00   clock source latency
     1    0.03    0.19    0.14    0.14 ^ clk (in)
                                         clk (net)
                  0.19    0.00    0.14 ^ clkbuf_0_clk/A (sky130_fd_sc_hd__clkbuf_16)
     4    0.05    0.11    0.33    0.47 ^ clkbuf_0_clk/X (sky130_fd_sc_hd__clkbuf_16)
                                         clknet_0_clk (net)
                  0.11    0.00    0.48 ^ clkbuf_2_2__f_clk/A (sky130_fd_sc_hd__clkbuf_16)
     7    0.05    0.11    0.29    0.77 ^ clkbuf_2_2__f_clk/X (sky130_fd_sc_hd__clkbuf_16)
                                         clknet_2_2__leaf_clk (net)
                  0.11    0.01    0.78 ^ _346_/CLK (sky130_fd_sc_hd__dfrtp_4)
                          0.25    1.03   clock uncertainty
                          0.00    1.03   clock reconvergence pessimism
                          0.67    1.70   library removal time
                                  1.70   data required time
-----------------------------------------------------------------------------
                                  1.70   data required time
                                 -2.96   data arrival time
-----------------------------------------------------------------------------
                                  1.26   slack (MET)


Startpoint: rst (input port clocked by clk)
Endpoint: _345_ (removal check against rising-edge clock clk)
Path Group: asynchronous
Path Type: min
Corner: Slowest

Fanout     Cap    Slew   Delay    Time   Description
-----------------------------------------------------------------------------
                          0.00    0.00   clock clk (rise edge)
                          0.00    0.00   clock network delay (propagated)
                          2.00    2.00 v input external delay
     1    0.00    0.02    0.01    2.01 v rst (in)
                                         rst (net)
                  0.02    0.00    2.01 v input1/A (sky130_fd_sc_hd__clkbuf_4)
     5    0.08    0.28    0.38    2.39 v input1/X (sky130_fd_sc_hd__clkbuf_4)
                                         net1 (net)
                  0.28    0.01    2.40 v _306_/A (sky130_fd_sc_hd__clkbuf_8)
    10    0.09    0.18    0.42    2.83 v _306_/X (sky130_fd_sc_hd__clkbuf_8)
                                         _160_ (net)
                  0.18    0.02    2.84 v _312_/A (sky130_fd_sc_hd__inv_2)
     1    0.00    0.06    0.11    2.95 ^ _312_/Y (sky130_fd_sc_hd__inv_2)
                                         _043_ (net)
                  0.06    0.00    2.96 ^ _345_/RESET_B (sky130_fd_sc_hd__dfrtp_2)
                                  2.96   data arrival time

                          0.00    0.00   clock clk (rise edge)
                          0.00    0.00   clock source latency
     1    0.03    0.19    0.14    0.14 ^ clk (in)
                                         clk (net)
                  0.19    0.00    0.14 ^ clkbuf_0_clk/A (sky130_fd_sc_hd__clkbuf_16)
     4    0.05    0.11    0.33    0.47 ^ clkbuf_0_clk/X (sky130_fd_sc_hd__clkbuf_16)
                                         clknet_0_clk (net)
                  0.11    0.00    0.48 ^ clkbuf_2_3__f_clk/A (sky130_fd_sc_hd__clkbuf_16)
     8    0.04    0.10    0.29    0.76 ^ clkbuf_2_3__f_clk/X (sky130_fd_sc_hd__clkbuf_16)
                                         clknet_2_3__leaf_clk (net)
                  0.10    0.00    0.77 ^ _345_/CLK (sky130_fd_sc_hd__dfrtp_2)
                          0.25    1.02   clock uncertainty
                          0.00    1.02   clock reconvergence pessimism
                          0.66    1.68   library removal time
                                  1.68   data required time
-----------------------------------------------------------------------------
                                  1.68   data required time
                                 -2.96   data arrival time
-----------------------------------------------------------------------------
                                  1.28   slack (MET)


Startpoint: rst (input port clocked by clk)
Endpoint: _353_ (removal check against rising-edge clock clk)
Path Group: asynchronous
Path Type: min
Corner: Slowest

Fanout     Cap    Slew   Delay    Time   Description
-----------------------------------------------------------------------------
                          0.00    0.00   clock clk (rise edge)
                          0.00    0.00   clock network delay (propagated)
                          2.00    2.00 v input external delay
     1    0.00    0.02    0.01    2.01 v rst (in)
                                         rst (net)
                  0.02    0.00    2.01 v input1/A (sky130_fd_sc_hd__clkbuf_4)
     5    0.08    0.28    0.38    2.39 v input1/X (sky130_fd_sc_hd__clkbuf_4)
                                         net1 (net)
                  0.28    0.01    2.40 v _317_/A (sky130_fd_sc_hd__clkbuf_8)
    10    0.08    0.17    0.42    2.82 v _317_/X (sky130_fd_sc_hd__clkbuf_8)
                                         _161_ (net)
                  0.17    0.01    2.83 v _321_/A (sky130_fd_sc_hd__inv_2)
     1    0.01    0.09    0.13    2.96 ^ _321_/Y (sky130_fd_sc_hd__inv_2)
                                         _051_ (net)
                  0.09    0.00    2.96 ^ _353_/RESET_B (sky130_fd_sc_hd__dfrtp_1)
                                  2.96   data arrival time

                          0.00    0.00   clock clk (rise edge)
                          0.00    0.00   clock source latency
     1    0.03    0.19    0.14    0.14 ^ clk (in)
                                         clk (net)
                  0.19    0.00    0.14 ^ clkbuf_0_clk/A (sky130_fd_sc_hd__clkbuf_16)
     4    0.05    0.11    0.33    0.47 ^ clkbuf_0_clk/X (sky130_fd_sc_hd__clkbuf_16)
                                         clknet_0_clk (net)
                  0.11    0.00    0.48 ^ clkbuf_2_1__f_clk/A (sky130_fd_sc_hd__clkbuf_16)
    11    0.04    0.09    0.28    0.76 ^ clkbuf_2_1__f_clk/X (sky130_fd_sc_hd__clkbuf_16)
                                         clknet_2_1__leaf_clk (net)
                  0.09    0.00    0.76 ^ _353_/CLK (sky130_fd_sc_hd__dfrtp_1)
                          0.25    1.01   clock uncertainty
                          0.00    1.01   clock reconvergence pessimism
                          0.67    1.68   library removal time
                                  1.68   data required time
-----------------------------------------------------------------------------
                                  1.68   data required time
                                 -2.96   data arrival time
-----------------------------------------------------------------------------
                                  1.28   slack (MET)


Startpoint: rst (input port clocked by clk)
Endpoint: _352_ (removal check against rising-edge clock clk)
Path Group: asynchronous
Path Type: min
Corner: Slowest

Fanout     Cap    Slew   Delay    Time   Description
-----------------------------------------------------------------------------
                          0.00    0.00   clock clk (rise edge)
                          0.00    0.00   clock network delay (propagated)
                          2.00    2.00 v input external delay
     1    0.00    0.02    0.01    2.01 v rst (in)
                                         rst (net)
                  0.02    0.00    2.01 v input1/A (sky130_fd_sc_hd__clkbuf_4)
     5    0.08    0.28    0.38    2.39 v input1/X (sky130_fd_sc_hd__clkbuf_4)
                                         net1 (net)
                  0.28    0.01    2.40 v _317_/A (sky130_fd_sc_hd__clkbuf_8)
    10    0.08    0.17    0.42    2.82 v _317_/X (sky130_fd_sc_hd__clkbuf_8)
                                         _161_ (net)
                  0.17    0.00    2.82 v _320_/A (sky130_fd_sc_hd__inv_2)
     1    0.02    0.14    0.17    2.99 ^ _320_/Y (sky130_fd_sc_hd__inv_2)
                                         _050_ (net)
                  0.14    0.00    3.00 ^ _352_/RESET_B (sky130_fd_sc_hd__dfrtp_1)
                                  3.00   data arrival time

                          0.00    0.00   clock clk (rise edge)
                          0.00    0.00   clock source latency
     1    0.03    0.19    0.14    0.14 ^ clk (in)
                                         clk (net)
                  0.19    0.00    0.14 ^ clkbuf_0_clk/A (sky130_fd_sc_hd__clkbuf_16)
     4    0.05    0.11    0.33    0.47 ^ clkbuf_0_clk/X (sky130_fd_sc_hd__clkbuf_16)
                                         clknet_0_clk (net)
                  0.11    0.00    0.48 ^ clkbuf_2_0__f_clk/A (sky130_fd_sc_hd__clkbuf_16)
     9    0.05    0.10    0.29    0.77 ^ clkbuf_2_0__f_clk/X (sky130_fd_sc_hd__clkbuf_16)
                                         clknet_2_0__leaf_clk (net)
                  0.10    0.00    0.77 ^ _352_/CLK (sky130_fd_sc_hd__dfrtp_1)
                          0.25    1.02   clock uncertainty
                          0.00    1.02   clock reconvergence pessimism
                          0.69    1.71   library removal time
                                  1.71   data required time
-----------------------------------------------------------------------------
                                  1.71   data required time
                                 -3.00   data arrival time
-----------------------------------------------------------------------------
                                  1.29   slack (MET)


Startpoint: rst (input port clocked by clk)
Endpoint: _358_ (removal check against rising-edge clock clk)
Path Group: asynchronous
Path Type: min
Corner: Slowest

Fanout     Cap    Slew   Delay    Time   Description
-----------------------------------------------------------------------------
                          0.00    0.00   clock clk (rise edge)
                          0.00    0.00   clock network delay (propagated)
                          2.00    2.00 v input external delay
     1    0.00    0.02    0.01    2.01 v rst (in)
                                         rst (net)
                  0.02    0.00    2.01 v input1/A (sky130_fd_sc_hd__clkbuf_4)
     5    0.08    0.28    0.38    2.39 v input1/X (sky130_fd_sc_hd__clkbuf_4)
                                         net1 (net)
                  0.28    0.01    2.40 v _317_/A (sky130_fd_sc_hd__clkbuf_8)
    10    0.08    0.17    0.42    2.82 v _317_/X (sky130_fd_sc_hd__clkbuf_8)
                                         _161_ (net)
                  0.17    0.01    2.83 v _326_/A (sky130_fd_sc_hd__inv_2)
     1    0.02    0.15    0.19    3.01 ^ _326_/Y (sky130_fd_sc_hd__inv_2)
                                         _056_ (net)
                  0.15    0.00    3.02 ^ _358_/RESET_B (sky130_fd_sc_hd__dfrtp_4)
                                  3.02   data arrival time

                          0.00    0.00   clock clk (rise edge)
                          0.00    0.00   clock source latency
     1    0.03    0.19    0.14    0.14 ^ clk (in)
                                         clk (net)
                  0.19    0.00    0.14 ^ clkbuf_0_clk/A (sky130_fd_sc_hd__clkbuf_16)
     4    0.05    0.11    0.33    0.47 ^ clkbuf_0_clk/X (sky130_fd_sc_hd__clkbuf_16)
                                         clknet_0_clk (net)
                  0.11    0.00    0.48 ^ clkbuf_2_2__f_clk/A (sky130_fd_sc_hd__clkbuf_16)
     7    0.05    0.11    0.29    0.77 ^ clkbuf_2_2__f_clk/X (sky130_fd_sc_hd__clkbuf_16)
                                         clknet_2_2__leaf_clk (net)
                  0.11    0.01    0.78 ^ _358_/CLK (sky130_fd_sc_hd__dfrtp_4)
                          0.25    1.03   clock uncertainty
                          0.00    1.03   clock reconvergence pessimism
                          0.70    1.73   library removal time
                                  1.73   data required time
-----------------------------------------------------------------------------
                                  1.73   data required time
                                 -3.02   data arrival time
-----------------------------------------------------------------------------
                                  1.29   slack (MET)


Startpoint: rst (input port clocked by clk)
Endpoint: _359_ (removal check against rising-edge clock clk)
Path Group: asynchronous
Path Type: min
Corner: Slowest

Fanout     Cap    Slew   Delay    Time   Description
-----------------------------------------------------------------------------
                          0.00    0.00   clock clk (rise edge)
                          0.00    0.00   clock network delay (propagated)
                          2.00    2.00 v input external delay
     1    0.00    0.02    0.01    2.01 v rst (in)
                                         rst (net)
                  0.02    0.00    2.01 v input1/A (sky130_fd_sc_hd__clkbuf_4)
     5    0.08    0.28    0.38    2.39 v input1/X (sky130_fd_sc_hd__clkbuf_4)
                                         net1 (net)
                  0.28    0.01    2.40 v _317_/A (sky130_fd_sc_hd__clkbuf_8)
    10    0.08    0.17    0.42    2.82 v _317_/X (sky130_fd_sc_hd__clkbuf_8)
                                         _161_ (net)
                  0.17    0.01    2.83 v _327_/A (sky130_fd_sc_hd__inv_2)
     1    0.02    0.13    0.17    3.00 ^ _327_/Y (sky130_fd_sc_hd__inv_2)
                                         _057_ (net)
                  0.13    0.00    3.00 ^ _359_/RESET_B (sky130_fd_sc_hd__dfrtp_4)
                                  3.00   data arrival time

                          0.00    0.00   clock clk (rise edge)
                          0.00    0.00   clock source latency
     1    0.03    0.19    0.14    0.14 ^ clk (in)
                                         clk (net)
                  0.19    0.00    0.14 ^ clkbuf_0_clk/A (sky130_fd_sc_hd__clkbuf_16)
     4    0.05    0.11    0.33    0.47 ^ clkbuf_0_clk/X (sky130_fd_sc_hd__clkbuf_16)
                                         clknet_0_clk (net)
                  0.11    0.00    0.48 ^ clkbuf_2_0__f_clk/A (sky130_fd_sc_hd__clkbuf_16)
     9    0.05    0.10    0.29    0.77 ^ clkbuf_2_0__f_clk/X (sky130_fd_sc_hd__clkbuf_16)
                                         clknet_2_0__leaf_clk (net)
                  0.10    0.00    0.77 ^ _359_/CLK (sky130_fd_sc_hd__dfrtp_4)
                          0.25    1.02   clock uncertainty
                          0.00    1.02   clock reconvergence pessimism
                          0.69    1.71   library removal time
                                  1.71   data required time
-----------------------------------------------------------------------------
                                  1.71   data required time
                                 -3.00   data arrival time
-----------------------------------------------------------------------------
                                  1.29   slack (MET)


Startpoint: rst (input port clocked by clk)
Endpoint: _354_ (removal check against rising-edge clock clk)
Path Group: asynchronous
Path Type: min
Corner: Slowest

Fanout     Cap    Slew   Delay    Time   Description
-----------------------------------------------------------------------------
                          0.00    0.00   clock clk (rise edge)
                          0.00    0.00   clock network delay (propagated)
                          2.00    2.00 v input external delay
     1    0.00    0.02    0.01    2.01 v rst (in)
                                         rst (net)
                  0.02    0.00    2.01 v input1/A (sky130_fd_sc_hd__clkbuf_4)
     5    0.08    0.28    0.38    2.39 v input1/X (sky130_fd_sc_hd__clkbuf_4)
                                         net1 (net)
                  0.28    0.01    2.40 v _317_/A (sky130_fd_sc_hd__clkbuf_8)
    10    0.08    0.17    0.42    2.82 v _317_/X (sky130_fd_sc_hd__clkbuf_8)
                                         _161_ (net)
                  0.17    0.01    2.83 v _322_/A (sky130_fd_sc_hd__inv_2)
     1    0.02    0.14    0.17    3.00 ^ _322_/Y (sky130_fd_sc_hd__inv_2)
                                         _052_ (net)
                  0.14    0.00    3.00 ^ _354_/RESET_B (sky130_fd_sc_hd__dfrtp_4)
                                  3.00   data arrival time

                          0.00    0.00   clock clk (rise edge)
                          0.00    0.00   clock source latency
     1    0.03    0.19    0.14    0.14 ^ clk (in)
                                         clk (net)
                  0.19    0.00    0.14 ^ clkbuf_0_clk/A (sky130_fd_sc_hd__clkbuf_16)
     4    0.05    0.11    0.33    0.47 ^ clkbuf_0_clk/X (sky130_fd_sc_hd__clkbuf_16)
                                         clknet_0_clk (net)
                  0.11    0.00    0.48 ^ clkbuf_2_3__f_clk/A (sky130_fd_sc_hd__clkbuf_16)
     8    0.04    0.10    0.29    0.76 ^ clkbuf_2_3__f_clk/X (sky130_fd_sc_hd__clkbuf_16)
                                         clknet_2_3__leaf_clk (net)
                  0.10    0.00    0.77 ^ _354_/CLK (sky130_fd_sc_hd__dfrtp_4)
                          0.25    1.02   clock uncertainty
                          0.00    1.02   clock reconvergence pessimism
                          0.69    1.70   library removal time
                                  1.70   data required time
-----------------------------------------------------------------------------
                                  1.70   data required time
                                 -3.00   data arrival time
-----------------------------------------------------------------------------
                                  1.30   slack (MET)


Startpoint: rst (input port clocked by clk)
Endpoint: _355_ (removal check against rising-edge clock clk)
Path Group: asynchronous
Path Type: min
Corner: Slowest

Fanout     Cap    Slew   Delay    Time   Description
-----------------------------------------------------------------------------
                          0.00    0.00   clock clk (rise edge)
                          0.00    0.00   clock network delay (propagated)
                          2.00    2.00 v input external delay
     1    0.00    0.02    0.01    2.01 v rst (in)
                                         rst (net)
                  0.02    0.00    2.01 v input1/A (sky130_fd_sc_hd__clkbuf_4)
     5    0.08    0.28    0.38    2.39 v input1/X (sky130_fd_sc_hd__clkbuf_4)
                                         net1 (net)
                  0.28    0.01    2.40 v _317_/A (sky130_fd_sc_hd__clkbuf_8)
    10    0.08    0.17    0.42    2.82 v _317_/X (sky130_fd_sc_hd__clkbuf_8)
                                         _161_ (net)
                  0.17    0.01    2.82 v _323_/A (sky130_fd_sc_hd__inv_2)
     1    0.01    0.12    0.16    2.99 ^ _323_/Y (sky130_fd_sc_hd__inv_2)
                                         _053_ (net)
                  0.12    0.00    2.99 ^ _355_/RESET_B (sky130_fd_sc_hd__dfrtp_4)
                                  2.99   data arrival time

                          0.00    0.00   clock clk (rise edge)
                          0.00    0.00   clock source latency
     1    0.03    0.19    0.14    0.14 ^ clk (in)
                                         clk (net)
                  0.19    0.00    0.14 ^ clkbuf_0_clk/A (sky130_fd_sc_hd__clkbuf_16)
     4    0.05    0.11    0.33    0.47 ^ clkbuf_0_clk/X (sky130_fd_sc_hd__clkbuf_16)
                                         clknet_0_clk (net)
                  0.11    0.00    0.48 ^ clkbuf_2_1__f_clk/A (sky130_fd_sc_hd__clkbuf_16)
    11    0.04    0.09    0.28    0.76 ^ clkbuf_2_1__f_clk/X (sky130_fd_sc_hd__clkbuf_16)
                                         clknet_2_1__leaf_clk (net)
                  0.09    0.00    0.76 ^ _355_/CLK (sky130_fd_sc_hd__dfrtp_4)
                          0.25    1.01   clock uncertainty
                          0.00    1.01   clock reconvergence pessimism
                          0.68    1.69   library removal time
                                  1.69   data required time
-----------------------------------------------------------------------------
                                  1.69   data required time
                                 -2.99   data arrival time
-----------------------------------------------------------------------------
                                  1.30   slack (MET)


Startpoint: rst (input port clocked by clk)
Endpoint: _341_ (removal check against rising-edge clock clk)
Path Group: asynchronous
Path Type: min
Corner: Slowest

Fanout     Cap    Slew   Delay    Time   Description
-----------------------------------------------------------------------------
                          0.00    0.00   clock clk (rise edge)
                          0.00    0.00   clock network delay (propagated)
                          2.00    2.00 v input external delay
     1    0.00    0.02    0.01    2.01 v rst (in)
                                         rst (net)
                  0.02    0.00    2.01 v input1/A (sky130_fd_sc_hd__clkbuf_4)
     5    0.08    0.28    0.38    2.39 v input1/X (sky130_fd_sc_hd__clkbuf_4)
                                         net1 (net)
                  0.28    0.01    2.40 v _306_/A (sky130_fd_sc_hd__clkbuf_8)
    10    0.09    0.18    0.42    2.83 v _306_/X (sky130_fd_sc_hd__clkbuf_8)
                                         _160_ (net)
                  0.18    0.01    2.84 v _308_/A (sky130_fd_sc_hd__inv_2)
     1    0.01    0.11    0.16    3.00 ^ _308_/Y (sky130_fd_sc_hd__inv_2)
                                         _039_ (net)
                  0.11    0.00    3.00 ^ _341_/RESET_B (sky130_fd_sc_hd__dfrtp_4)
                                  3.00   data arrival time

                          0.00    0.00   clock clk (rise edge)
                          0.00    0.00   clock source latency
     1    0.03    0.19    0.14    0.14 ^ clk (in)
                                         clk (net)
                  0.19    0.00    0.14 ^ clkbuf_0_clk/A (sky130_fd_sc_hd__clkbuf_16)
     4    0.05    0.11    0.33    0.47 ^ clkbuf_0_clk/X (sky130_fd_sc_hd__clkbuf_16)
                                         clknet_0_clk (net)
                  0.11    0.00    0.48 ^ clkbuf_2_0__f_clk/A (sky130_fd_sc_hd__clkbuf_16)
     9    0.05    0.10    0.29    0.77 ^ clkbuf_2_0__f_clk/X (sky130_fd_sc_hd__clkbuf_16)
                                         clknet_2_0__leaf_clk (net)
                  0.10    0.00    0.77 ^ _341_/CLK (sky130_fd_sc_hd__dfrtp_4)
                          0.25    1.02   clock uncertainty
                          0.00    1.02   clock reconvergence pessimism
                          0.68    1.70   library removal time
                                  1.70   data required time
-----------------------------------------------------------------------------
                                  1.70   data required time
                                 -3.00   data arrival time
-----------------------------------------------------------------------------
                                  1.30   slack (MET)


Startpoint: rst (input port clocked by clk)
Endpoint: _342_ (removal check against rising-edge clock clk)
Path Group: asynchronous
Path Type: min
Corner: Slowest

Fanout     Cap    Slew   Delay    Time   Description
-----------------------------------------------------------------------------
                          0.00    0.00   clock clk (rise edge)
                          0.00    0.00   clock network delay (propagated)
                          2.00    2.00 v input external delay
     1    0.00    0.02    0.01    2.01 v rst (in)
                                         rst (net)
                  0.02    0.00    2.01 v input1/A (sky130_fd_sc_hd__clkbuf_4)
     5    0.08    0.28    0.38    2.39 v input1/X (sky130_fd_sc_hd__clkbuf_4)
                                         net1 (net)
                  0.28    0.01    2.40 v _306_/A (sky130_fd_sc_hd__clkbuf_8)
    10    0.09    0.18    0.42    2.83 v _306_/X (sky130_fd_sc_hd__clkbuf_8)
                                         _160_ (net)
                  0.18    0.01    2.84 v _309_/A (sky130_fd_sc_hd__inv_2)
     1    0.01    0.09    0.13    2.98 ^ _309_/Y (sky130_fd_sc_hd__inv_2)
                                         _040_ (net)
                  0.09    0.00    2.98 ^ _342_/RESET_B (sky130_fd_sc_hd__dfrtp_2)
                                  2.98   data arrival time

                          0.00    0.00   clock clk (rise edge)
                          0.00    0.00   clock source latency
     1    0.03    0.19    0.14    0.14 ^ clk (in)
                                         clk (net)
                  0.19    0.00    0.14 ^ clkbuf_0_clk/A (sky130_fd_sc_hd__clkbuf_16)
     4    0.05    0.11    0.33    0.47 ^ clkbuf_0_clk/X (sky130_fd_sc_hd__clkbuf_16)
                                         clknet_0_clk (net)
                  0.11    0.00    0.48 ^ clkbuf_2_1__f_clk/A (sky130_fd_sc_hd__clkbuf_16)
    11    0.04    0.09    0.28    0.76 ^ clkbuf_2_1__f_clk/X (sky130_fd_sc_hd__clkbuf_16)
                                         clknet_2_1__leaf_clk (net)
                  0.09    0.00    0.76 ^ _342_/CLK (sky130_fd_sc_hd__dfrtp_2)
                          0.25    1.01   clock uncertainty
                          0.00    1.01   clock reconvergence pessimism
                          0.67    1.68   library removal time
                                  1.68   data required time
-----------------------------------------------------------------------------
                                  1.68   data required time
                                 -2.98   data arrival time
-----------------------------------------------------------------------------
                                  1.30   slack (MET)


Startpoint: rst (input port clocked by clk)
Endpoint: _350_ (removal check against rising-edge clock clk)
Path Group: asynchronous
Path Type: min
Corner: Slowest

Fanout     Cap    Slew   Delay    Time   Description
-----------------------------------------------------------------------------
                          0.00    0.00   clock clk (rise edge)
                          0.00    0.00   clock network delay (propagated)
                          2.00    2.00 v input external delay
     1    0.00    0.02    0.01    2.01 v rst (in)
                                         rst (net)
                  0.02    0.00    2.01 v input1/A (sky130_fd_sc_hd__clkbuf_4)
     5    0.08    0.28    0.38    2.39 v input1/X (sky130_fd_sc_hd__clkbuf_4)
                                         net1 (net)
                  0.28    0.01    2.40 v _317_/A (sky130_fd_sc_hd__clkbuf_8)
    10    0.08    0.17    0.42    2.82 v _317_/X (sky130_fd_sc_hd__clkbuf_8)
                                         _161_ (net)
                  0.17    0.01    2.82 v _318_/A (sky130_fd_sc_hd__inv_2)
     1    0.02    0.16    0.19    3.02 ^ _318_/Y (sky130_fd_sc_hd__inv_2)
                                         _048_ (net)
                  0.16    0.00    3.02 ^ _350_/RESET_B (sky130_fd_sc_hd__dfrtp_2)
                                  3.02   data arrival time

                          0.00    0.00   clock clk (rise edge)
                          0.00    0.00   clock source latency
     1    0.03    0.19    0.14    0.14 ^ clk (in)
                                         clk (net)
                  0.19    0.00    0.14 ^ clkbuf_0_clk/A (sky130_fd_sc_hd__clkbuf_16)
     4    0.05    0.11    0.33    0.47 ^ clkbuf_0_clk/X (sky130_fd_sc_hd__clkbuf_16)
                                         clknet_0_clk (net)
                  0.11    0.00    0.48 ^ clkbuf_2_3__f_clk/A (sky130_fd_sc_hd__clkbuf_16)
     8    0.04    0.10    0.29    0.76 ^ clkbuf_2_3__f_clk/X (sky130_fd_sc_hd__clkbuf_16)
                                         clknet_2_3__leaf_clk (net)
                  0.10    0.00    0.77 ^ _350_/CLK (sky130_fd_sc_hd__dfrtp_2)
                          0.25    1.02   clock uncertainty
                          0.00    1.02   clock reconvergence pessimism
                          0.69    1.71   library removal time
                                  1.71   data required time
-----------------------------------------------------------------------------
                                  1.71   data required time
                                 -3.02   data arrival time
-----------------------------------------------------------------------------
                                  1.31   slack (MET)


Startpoint: rst (input port clocked by clk)
Endpoint: _349_ (removal check against rising-edge clock clk)
Path Group: asynchronous
Path Type: min
Corner: Slowest

Fanout     Cap    Slew   Delay    Time   Description
-----------------------------------------------------------------------------
                          0.00    0.00   clock clk (rise edge)
                          0.00    0.00   clock network delay (propagated)
                          2.00    2.00 v input external delay
     1    0.00    0.02    0.01    2.01 v rst (in)
                                         rst (net)
                  0.02    0.00    2.01 v input1/A (sky130_fd_sc_hd__clkbuf_4)
     5    0.08    0.28    0.38    2.39 v input1/X (sky130_fd_sc_hd__clkbuf_4)
                                         net1 (net)
                  0.28    0.01    2.40 v _306_/A (sky130_fd_sc_hd__clkbuf_8)
    10    0.09    0.18    0.42    2.83 v _306_/X (sky130_fd_sc_hd__clkbuf_8)
                                         _160_ (net)
                  0.18    0.01    2.84 v _316_/A (sky130_fd_sc_hd__inv_2)
     1    0.02    0.13    0.18    3.01 ^ _316_/Y (sky130_fd_sc_hd__inv_2)
                                         _047_ (net)
                  0.13    0.00    3.01 ^ _349_/RESET_B (sky130_fd_sc_hd__dfrtp_2)
                                  3.01   data arrival time

                          0.00    0.00   clock clk (rise edge)
                          0.00    0.00   clock source latency
     1    0.03    0.19    0.14    0.14 ^ clk (in)
                                         clk (net)
                  0.19    0.00    0.14 ^ clkbuf_0_clk/A (sky130_fd_sc_hd__clkbuf_16)
     4    0.05    0.11    0.33    0.47 ^ clkbuf_0_clk/X (sky130_fd_sc_hd__clkbuf_16)
                                         clknet_0_clk (net)
                  0.11    0.00    0.48 ^ clkbuf_2_3__f_clk/A (sky130_fd_sc_hd__clkbuf_16)
     8    0.04    0.10    0.29    0.76 ^ clkbuf_2_3__f_clk/X (sky130_fd_sc_hd__clkbuf_16)
                                         clknet_2_3__leaf_clk (net)
                  0.10    0.00    0.77 ^ _349_/CLK (sky130_fd_sc_hd__dfrtp_2)
                          0.25    1.02   clock uncertainty
                          0.00    1.02   clock reconvergence pessimism
                          0.68    1.70   library removal time
                                  1.70   data required time
-----------------------------------------------------------------------------
                                  1.70   data required time
                                 -3.01   data arrival time
-----------------------------------------------------------------------------
                                  1.31   slack (MET)


Startpoint: rst (input port clocked by clk)
Endpoint: _331_ (removal check against rising-edge clock clk)
Path Group: asynchronous
Path Type: min
Corner: Slowest

Fanout     Cap    Slew   Delay    Time   Description
-----------------------------------------------------------------------------
                          0.00    0.00   clock clk (rise edge)
                          0.00    0.00   clock network delay (propagated)
                          2.00    2.00 v input external delay
     1    0.00    0.02    0.01    2.01 v rst (in)
                                         rst (net)
                  0.02    0.00    2.01 v input1/A (sky130_fd_sc_hd__clkbuf_4)
     5    0.08    0.28    0.38    2.39 v input1/X (sky130_fd_sc_hd__clkbuf_4)
                                         net1 (net)
                  0.28    0.01    2.40 v _295_/A (sky130_fd_sc_hd__buf_4)
    10    0.09    0.21    0.47    2.87 v _295_/X (sky130_fd_sc_hd__buf_4)
                                         _159_ (net)
                  0.21    0.00    2.87 v _297_/A (sky130_fd_sc_hd__inv_2)
     1    0.01    0.10    0.15    3.03 ^ _297_/Y (sky130_fd_sc_hd__inv_2)
                                         _029_ (net)
                  0.10    0.00    3.03 ^ _331_/RESET_B (sky130_fd_sc_hd__dfrtp_4)
                                  3.03   data arrival time

                          0.00    0.00   clock clk (rise edge)
                          0.00    0.00   clock source latency
     1    0.03    0.19    0.14    0.14 ^ clk (in)
                                         clk (net)
                  0.19    0.00    0.14 ^ clkbuf_0_clk/A (sky130_fd_sc_hd__clkbuf_16)
     4    0.05    0.11    0.33    0.47 ^ clkbuf_0_clk/X (sky130_fd_sc_hd__clkbuf_16)
                                         clknet_0_clk (net)
                  0.11    0.00    0.48 ^ clkbuf_2_2__f_clk/A (sky130_fd_sc_hd__clkbuf_16)
     7    0.05    0.11    0.29    0.77 ^ clkbuf_2_2__f_clk/X (sky130_fd_sc_hd__clkbuf_16)
                                         clknet_2_2__leaf_clk (net)
                  0.11    0.01    0.78 ^ _331_/CLK (sky130_fd_sc_hd__dfrtp_4)
                          0.25    1.03   clock uncertainty
                          0.00    1.03   clock reconvergence pessimism
                          0.68    1.71   library removal time
                                  1.71   data required time
-----------------------------------------------------------------------------
                                  1.71   data required time
                                 -3.03   data arrival time
-----------------------------------------------------------------------------
                                  1.31   slack (MET)


Startpoint: rst (input port clocked by clk)
Endpoint: _335_ (removal check against rising-edge clock clk)
Path Group: asynchronous
Path Type: min
Corner: Slowest

Fanout     Cap    Slew   Delay    Time   Description
-----------------------------------------------------------------------------
                          0.00    0.00   clock clk (rise edge)
                          0.00    0.00   clock network delay (propagated)
                          2.00    2.00 v input external delay
     1    0.00    0.02    0.01    2.01 v rst (in)
                                         rst (net)
                  0.02    0.00    2.01 v input1/A (sky130_fd_sc_hd__clkbuf_4)
     5    0.08    0.28    0.38    2.39 v input1/X (sky130_fd_sc_hd__clkbuf_4)
                                         net1 (net)
                  0.28    0.01    2.40 v _295_/A (sky130_fd_sc_hd__buf_4)
    10    0.09    0.21    0.47    2.87 v _295_/X (sky130_fd_sc_hd__buf_4)
                                         _159_ (net)
                  0.21    0.00    2.87 v _301_/A (sky130_fd_sc_hd__inv_2)
     1    0.01    0.10    0.15    3.02 ^ _301_/Y (sky130_fd_sc_hd__inv_2)
                                         _033_ (net)
                  0.10    0.00    3.02 ^ _335_/RESET_B (sky130_fd_sc_hd__dfrtp_2)
                                  3.02   data arrival time

                          0.00    0.00   clock clk (rise edge)
                          0.00    0.00   clock source latency
     1    0.03    0.19    0.14    0.14 ^ clk (in)
                                         clk (net)
                  0.19    0.00    0.14 ^ clkbuf_0_clk/A (sky130_fd_sc_hd__clkbuf_16)
     4    0.05    0.11    0.33    0.47 ^ clkbuf_0_clk/X (sky130_fd_sc_hd__clkbuf_16)
                                         clknet_0_clk (net)
                  0.11    0.00    0.48 ^ clkbuf_2_2__f_clk/A (sky130_fd_sc_hd__clkbuf_16)
     7    0.05    0.11    0.29    0.77 ^ clkbuf_2_2__f_clk/X (sky130_fd_sc_hd__clkbuf_16)
                                         clknet_2_2__leaf_clk (net)
                  0.11    0.00    0.78 ^ _335_/CLK (sky130_fd_sc_hd__dfrtp_2)
                          0.25    1.03   clock uncertainty
                          0.00    1.03   clock reconvergence pessimism
                          0.68    1.70   library removal time
                                  1.70   data required time
-----------------------------------------------------------------------------
                                  1.70   data required time
                                 -3.02   data arrival time
-----------------------------------------------------------------------------
                                  1.32   slack (MET)


Startpoint: rst (input port clocked by clk)
Endpoint: _356_ (removal check against rising-edge clock clk)
Path Group: asynchronous
Path Type: min
Corner: Slowest

Fanout     Cap    Slew   Delay    Time   Description
-----------------------------------------------------------------------------
                          0.00    0.00   clock clk (rise edge)
                          0.00    0.00   clock network delay (propagated)
                          2.00    2.00 v input external delay
     1    0.00    0.02    0.01    2.01 v rst (in)
                                         rst (net)
                  0.02    0.00    2.01 v input1/A (sky130_fd_sc_hd__clkbuf_4)
     5    0.08    0.28    0.38    2.39 v input1/X (sky130_fd_sc_hd__clkbuf_4)
                                         net1 (net)
                  0.28    0.01    2.40 v _317_/A (sky130_fd_sc_hd__clkbuf_8)
    10    0.08    0.17    0.42    2.82 v _317_/X (sky130_fd_sc_hd__clkbuf_8)
                                         _161_ (net)
                  0.17    0.01    2.82 v _324_/A (sky130_fd_sc_hd__inv_2)
     1    0.02    0.18    0.21    3.03 ^ _324_/Y (sky130_fd_sc_hd__inv_2)
                                         _054_ (net)
                  0.18    0.00    3.03 ^ _356_/RESET_B (sky130_fd_sc_hd__dfrtp_1)
                                  3.03   data arrival time

                          0.00    0.00   clock clk (rise edge)
                          0.00    0.00   clock source latency
     1    0.03    0.19    0.14    0.14 ^ clk (in)
                                         clk (net)
                  0.19    0.00    0.14 ^ clkbuf_0_clk/A (sky130_fd_sc_hd__clkbuf_16)
     4    0.05    0.11    0.33    0.47 ^ clkbuf_0_clk/X (sky130_fd_sc_hd__clkbuf_16)
                                         clknet_0_clk (net)
                  0.11    0.00    0.48 ^ clkbuf_2_1__f_clk/A (sky130_fd_sc_hd__clkbuf_16)
    11    0.04    0.09    0.28    0.76 ^ clkbuf_2_1__f_clk/X (sky130_fd_sc_hd__clkbuf_16)
                                         clknet_2_1__leaf_clk (net)
                  0.09    0.00    0.76 ^ _356_/CLK (sky130_fd_sc_hd__dfrtp_1)
                          0.25    1.01   clock uncertainty
                          0.00    1.01   clock reconvergence pessimism
                          0.70    1.71   library removal time
                                  1.71   data required time
-----------------------------------------------------------------------------
                                  1.71   data required time
                                 -3.03   data arrival time
-----------------------------------------------------------------------------
                                  1.33   slack (MET)


Startpoint: rst (input port clocked by clk)
Endpoint: _343_ (removal check against rising-edge clock clk)
Path Group: asynchronous
Path Type: min
Corner: Slowest

Fanout     Cap    Slew   Delay    Time   Description
-----------------------------------------------------------------------------
                          0.00    0.00   clock clk (rise edge)
                          0.00    0.00   clock network delay (propagated)
                          2.00    2.00 v input external delay
     1    0.00    0.02    0.01    2.01 v rst (in)
                                         rst (net)
                  0.02    0.00    2.01 v input1/A (sky130_fd_sc_hd__clkbuf_4)
     5    0.08    0.28    0.38    2.39 v input1/X (sky130_fd_sc_hd__clkbuf_4)
                                         net1 (net)
                  0.28    0.01    2.40 v _306_/A (sky130_fd_sc_hd__clkbuf_8)
    10    0.09    0.18    0.42    2.83 v _306_/X (sky130_fd_sc_hd__clkbuf_8)
                                         _160_ (net)
                  0.18    0.02    2.85 v _310_/A (sky130_fd_sc_hd__inv_2)
     1    0.02    0.18    0.21    3.06 ^ _310_/Y (sky130_fd_sc_hd__inv_2)
                                         _041_ (net)
                  0.18    0.00    3.06 ^ _343_/RESET_B (sky130_fd_sc_hd__dfrtp_1)
                                  3.06   data arrival time

                          0.00    0.00   clock clk (rise edge)
                          0.00    0.00   clock source latency
     1    0.03    0.19    0.14    0.14 ^ clk (in)
                                         clk (net)
                  0.19    0.00    0.14 ^ clkbuf_0_clk/A (sky130_fd_sc_hd__clkbuf_16)
     4    0.05    0.11    0.33    0.47 ^ clkbuf_0_clk/X (sky130_fd_sc_hd__clkbuf_16)
                                         clknet_0_clk (net)
                  0.11    0.00    0.48 ^ clkbuf_2_0__f_clk/A (sky130_fd_sc_hd__clkbuf_16)
     9    0.05    0.10    0.29    0.77 ^ clkbuf_2_0__f_clk/X (sky130_fd_sc_hd__clkbuf_16)
                                         clknet_2_0__leaf_clk (net)
                  0.10    0.00    0.77 ^ _343_/CLK (sky130_fd_sc_hd__dfrtp_1)
                          0.25    1.02   clock uncertainty
                          0.00    1.02   clock reconvergence pessimism
                          0.70    1.72   library removal time
                                  1.72   data required time
-----------------------------------------------------------------------------
                                  1.72   data required time
                                 -3.06   data arrival time
-----------------------------------------------------------------------------
                                  1.34   slack (MET)


Startpoint: _351_ (rising edge-triggered flip-flop clocked by clk)
Endpoint: _351_ (rising edge-triggered flip-flop clocked by clk)
Path Group: clk
Path Type: min
Corner: Slowest

Fanout     Cap    Slew   Delay    Time   Description
-----------------------------------------------------------------------------
                          0.00    0.00   clock clk (rise edge)
                          0.00    0.00   clock source latency
     1    0.03    0.19    0.13    0.13 ^ clk (in)
                                         clk (net)
                  0.19    0.00    0.13 ^ clkbuf_0_clk/A (sky130_fd_sc_hd__clkbuf_16)
     4    0.05    0.11    0.30    0.43 ^ clkbuf_0_clk/X (sky130_fd_sc_hd__clkbuf_16)
                                         clknet_0_clk (net)
                  0.11    0.00    0.43 ^ clkbuf_2_2__f_clk/A (sky130_fd_sc_hd__clkbuf_16)
     7    0.05    0.11    0.27    0.70 ^ clkbuf_2_2__f_clk/X (sky130_fd_sc_hd__clkbuf_16)
                                         clknet_2_2__leaf_clk (net)
                  0.11    0.01    0.70 ^ _351_/CLK (sky130_fd_sc_hd__dfrtp_2)
     3    0.04    0.23    0.95    1.65 v _351_/Q (sky130_fd_sc_hd__dfrtp_2)
                                         one_second_counter[21] (net)
                  0.23    0.00    1.65 v _266_/A (sky130_fd_sc_hd__inv_2)
     1    0.03    0.23    0.26    1.92 ^ _266_/Y (sky130_fd_sc_hd__inv_2)
                                         _142_ (net)
                  0.23    0.00    1.92 ^ _268_/A1 (sky130_fd_sc_hd__a211oi_2)
     1    0.02    0.14    0.27    2.19 v _268_/Y (sky130_fd_sc_hd__a211oi_2)
                                         _013_ (net)
                  0.14    0.00    2.19 v _351_/D (sky130_fd_sc_hd__dfrtp_2)
                                  2.19   data arrival time

                          0.00    0.00   clock clk (rise edge)
                          0.00    0.00   clock source latency
     1    0.03    0.19    0.14    0.14 ^ clk (in)
                                         clk (net)
                  0.19    0.00    0.14 ^ clkbuf_0_clk/A (sky130_fd_sc_hd__clkbuf_16)
     4    0.05    0.11    0.33    0.47 ^ clkbuf_0_clk/X (sky130_fd_sc_hd__clkbuf_16)
                                         clknet_0_clk (net)
                  0.11    0.00    0.48 ^ clkbuf_2_2__f_clk/A (sky130_fd_sc_hd__clkbuf_16)
     7    0.05    0.11    0.29    0.77 ^ clkbuf_2_2__f_clk/X (sky130_fd_sc_hd__clkbuf_16)
                                         clknet_2_2__leaf_clk (net)
                  0.11    0.01    0.78 ^ _351_/CLK (sky130_fd_sc_hd__dfrtp_2)
                          0.25    1.03   clock uncertainty
                         -0.07    0.95   clock reconvergence pessimism
                         -0.11    0.85   library hold time
                                  0.85   data required time
-----------------------------------------------------------------------------
                                  0.85   data required time
                                 -2.19   data arrival time
-----------------------------------------------------------------------------
                                  1.34   slack (MET)


Startpoint: rst (input port clocked by clk)
Endpoint: _347_ (removal check against rising-edge clock clk)
Path Group: asynchronous
Path Type: min
Corner: Slowest

Fanout     Cap    Slew   Delay    Time   Description
-----------------------------------------------------------------------------
                          0.00    0.00   clock clk (rise edge)
                          0.00    0.00   clock network delay (propagated)
                          2.00    2.00 v input external delay
     1    0.00    0.02    0.01    2.01 v rst (in)
                                         rst (net)
                  0.02    0.00    2.01 v input1/A (sky130_fd_sc_hd__clkbuf_4)
     5    0.08    0.28    0.38    2.39 v input1/X (sky130_fd_sc_hd__clkbuf_4)
                                         net1 (net)
                  0.28    0.01    2.40 v _306_/A (sky130_fd_sc_hd__clkbuf_8)
    10    0.09    0.18    0.42    2.83 v _306_/X (sky130_fd_sc_hd__clkbuf_8)
                                         _160_ (net)
                  0.18    0.01    2.84 v _314_/A (sky130_fd_sc_hd__inv_2)
     1    0.02    0.16    0.20    3.04 ^ _314_/Y (sky130_fd_sc_hd__inv_2)
                                         _045_ (net)
                  0.16    0.00    3.04 ^ _347_/RESET_B (sky130_fd_sc_hd__dfrtp_4)
                                  3.04   data arrival time

                          0.00    0.00   clock clk (rise edge)
                          0.00    0.00   clock source latency
     1    0.03    0.19    0.14    0.14 ^ clk (in)
                                         clk (net)
                  0.19    0.00    0.14 ^ clkbuf_0_clk/A (sky130_fd_sc_hd__clkbuf_16)
     4    0.05    0.11    0.33    0.47 ^ clkbuf_0_clk/X (sky130_fd_sc_hd__clkbuf_16)
                                         clknet_0_clk (net)
                  0.11    0.00    0.48 ^ clkbuf_2_1__f_clk/A (sky130_fd_sc_hd__clkbuf_16)
    11    0.04    0.09    0.28    0.76 ^ clkbuf_2_1__f_clk/X (sky130_fd_sc_hd__clkbuf_16)
                                         clknet_2_1__leaf_clk (net)
                  0.09    0.00    0.76 ^ _347_/CLK (sky130_fd_sc_hd__dfrtp_4)
                          0.25    1.01   clock uncertainty
                          0.00    1.01   clock reconvergence pessimism
                          0.69    1.70   library removal time
                                  1.70   data required time
-----------------------------------------------------------------------------
                                  1.70   data required time
                                 -3.04   data arrival time
-----------------------------------------------------------------------------
                                  1.34   slack (MET)


Startpoint: rst (input port clocked by clk)
Endpoint: _348_ (removal check against rising-edge clock clk)
Path Group: asynchronous
Path Type: min
Corner: Slowest

Fanout     Cap    Slew   Delay    Time   Description
-----------------------------------------------------------------------------
                          0.00    0.00   clock clk (rise edge)
                          0.00    0.00   clock network delay (propagated)
                          2.00    2.00 v input external delay
     1    0.00    0.02    0.01    2.01 v rst (in)
                                         rst (net)
                  0.02    0.00    2.01 v input1/A (sky130_fd_sc_hd__clkbuf_4)
     5    0.08    0.28    0.38    2.39 v input1/X (sky130_fd_sc_hd__clkbuf_4)
                                         net1 (net)
                  0.28    0.01    2.40 v _306_/A (sky130_fd_sc_hd__clkbuf_8)
    10    0.09    0.18    0.42    2.83 v _306_/X (sky130_fd_sc_hd__clkbuf_8)
                                         _160_ (net)
                  0.18    0.02    2.84 v _315_/A (sky130_fd_sc_hd__inv_2)
     1    0.03    0.20    0.23    3.07 ^ _315_/Y (sky130_fd_sc_hd__inv_2)
                                         _046_ (net)
                  0.20    0.00    3.07 ^ _348_/RESET_B (sky130_fd_sc_hd__dfrtp_4)
                                  3.07   data arrival time

                          0.00    0.00   clock clk (rise edge)
                          0.00    0.00   clock source latency
     1    0.03    0.19    0.14    0.14 ^ clk (in)
                                         clk (net)
                  0.19    0.00    0.14 ^ clkbuf_0_clk/A (sky130_fd_sc_hd__clkbuf_16)
     4    0.05    0.11    0.33    0.47 ^ clkbuf_0_clk/X (sky130_fd_sc_hd__clkbuf_16)
                                         clknet_0_clk (net)
                  0.11    0.00    0.48 ^ clkbuf_2_0__f_clk/A (sky130_fd_sc_hd__clkbuf_16)
     9    0.05    0.10    0.29    0.77 ^ clkbuf_2_0__f_clk/X (sky130_fd_sc_hd__clkbuf_16)
                                         clknet_2_0__leaf_clk (net)
                  0.10    0.00    0.77 ^ _348_/CLK (sky130_fd_sc_hd__dfrtp_4)
                          0.25    1.02   clock uncertainty
                          0.00    1.02   clock reconvergence pessimism
                          0.71    1.73   library removal time
                                  1.73   data required time
-----------------------------------------------------------------------------
                                  1.73   data required time
                                 -3.07   data arrival time
-----------------------------------------------------------------------------
                                  1.34   slack (MET)


Startpoint: rst (input port clocked by clk)
Endpoint: _334_ (removal check against rising-edge clock clk)
Path Group: asynchronous
Path Type: min
Corner: Slowest

Fanout     Cap    Slew   Delay    Time   Description
-----------------------------------------------------------------------------
                          0.00    0.00   clock clk (rise edge)
                          0.00    0.00   clock network delay (propagated)
                          2.00    2.00 v input external delay
     1    0.00    0.02    0.01    2.01 v rst (in)
                                         rst (net)
                  0.02    0.00    2.01 v input1/A (sky130_fd_sc_hd__clkbuf_4)
     5    0.08    0.28    0.38    2.39 v input1/X (sky130_fd_sc_hd__clkbuf_4)
                                         net1 (net)
                  0.28    0.01    2.40 v _295_/A (sky130_fd_sc_hd__buf_4)
    10    0.09    0.21    0.47    2.87 v _295_/X (sky130_fd_sc_hd__buf_4)
                                         _159_ (net)
                  0.21    0.01    2.88 v _300_/A (sky130_fd_sc_hd__inv_2)
     1    0.01    0.10    0.15    3.03 ^ _300_/Y (sky130_fd_sc_hd__inv_2)
                                         _032_ (net)
                  0.10    0.00    3.03 ^ _334_/RESET_B (sky130_fd_sc_hd__dfrtp_4)
                                  3.03   data arrival time

                          0.00    0.00   clock clk (rise edge)
                          0.00    0.00   clock source latency
     1    0.03    0.19    0.14    0.14 ^ clk (in)
                                         clk (net)
                  0.19    0.00    0.14 ^ clkbuf_0_clk/A (sky130_fd_sc_hd__clkbuf_16)
     4    0.05    0.11    0.33    0.47 ^ clkbuf_0_clk/X (sky130_fd_sc_hd__clkbuf_16)
                                         clknet_0_clk (net)
                  0.11    0.00    0.48 ^ clkbuf_2_1__f_clk/A (sky130_fd_sc_hd__clkbuf_16)
    11    0.04    0.09    0.28    0.76 ^ clkbuf_2_1__f_clk/X (sky130_fd_sc_hd__clkbuf_16)
                                         clknet_2_1__leaf_clk (net)
                  0.09    0.00    0.76 ^ _334_/CLK (sky130_fd_sc_hd__dfrtp_4)
                          0.25    1.01   clock uncertainty
                          0.00    1.01   clock reconvergence pessimism
                          0.67    1.68   library removal time
                                  1.68   data required time
-----------------------------------------------------------------------------
                                  1.68   data required time
                                 -3.03   data arrival time
-----------------------------------------------------------------------------
                                  1.35   slack (MET)


Startpoint: rst (input port clocked by clk)
Endpoint: _344_ (removal check against rising-edge clock clk)
Path Group: asynchronous
Path Type: min
Corner: Slowest

Fanout     Cap    Slew   Delay    Time   Description
-----------------------------------------------------------------------------
                          0.00    0.00   clock clk (rise edge)
                          0.00    0.00   clock network delay (propagated)
                          2.00    2.00 v input external delay
     1    0.00    0.02    0.01    2.01 v rst (in)
                                         rst (net)
                  0.02    0.00    2.01 v input1/A (sky130_fd_sc_hd__clkbuf_4)
     5    0.08    0.28    0.38    2.39 v input1/X (sky130_fd_sc_hd__clkbuf_4)
                                         net1 (net)
                  0.28    0.01    2.40 v _306_/A (sky130_fd_sc_hd__clkbuf_8)
    10    0.09    0.18    0.42    2.83 v _306_/X (sky130_fd_sc_hd__clkbuf_8)
                                         _160_ (net)
                  0.18    0.02    2.85 v _311_/A (sky130_fd_sc_hd__inv_2)
     1    0.02    0.17    0.20    3.05 ^ _311_/Y (sky130_fd_sc_hd__inv_2)
                                         _042_ (net)
                  0.17    0.00    3.05 ^ _344_/RESET_B (sky130_fd_sc_hd__dfrtp_1)
                                  3.05   data arrival time

                          0.00    0.00   clock clk (rise edge)
                          0.00    0.00   clock source latency
     1    0.03    0.19    0.14    0.14 ^ clk (in)
                                         clk (net)
                  0.19    0.00    0.14 ^ clkbuf_0_clk/A (sky130_fd_sc_hd__clkbuf_16)
     4    0.05    0.11    0.33    0.47 ^ clkbuf_0_clk/X (sky130_fd_sc_hd__clkbuf_16)
                                         clknet_0_clk (net)
                  0.11    0.00    0.48 ^ clkbuf_2_1__f_clk/A (sky130_fd_sc_hd__clkbuf_16)
    11    0.04    0.09    0.28    0.76 ^ clkbuf_2_1__f_clk/X (sky130_fd_sc_hd__clkbuf_16)
                                         clknet_2_1__leaf_clk (net)
                  0.09    0.00    0.76 ^ _344_/CLK (sky130_fd_sc_hd__dfrtp_1)
                          0.25    1.01   clock uncertainty
                          0.00    1.01   clock reconvergence pessimism
                          0.69    1.70   library removal time
                                  1.70   data required time
-----------------------------------------------------------------------------
                                  1.70   data required time
                                 -3.05   data arrival time
-----------------------------------------------------------------------------
                                  1.35   slack (MET)


Startpoint: rst (input port clocked by clk)
Endpoint: _337_ (removal check against rising-edge clock clk)
Path Group: asynchronous
Path Type: min
Corner: Slowest

Fanout     Cap    Slew   Delay    Time   Description
-----------------------------------------------------------------------------
                          0.00    0.00   clock clk (rise edge)
                          0.00    0.00   clock network delay (propagated)
                          2.00    2.00 v input external delay
     1    0.00    0.02    0.01    2.01 v rst (in)
                                         rst (net)
                  0.02    0.00    2.01 v input1/A (sky130_fd_sc_hd__clkbuf_4)
     5    0.08    0.28    0.38    2.39 v input1/X (sky130_fd_sc_hd__clkbuf_4)
                                         net1 (net)
                  0.28    0.01    2.40 v _295_/A (sky130_fd_sc_hd__buf_4)
    10    0.09    0.21    0.47    2.87 v _295_/X (sky130_fd_sc_hd__buf_4)
                                         _159_ (net)
                  0.21    0.00    2.87 v _303_/A (sky130_fd_sc_hd__inv_2)
     1    0.01    0.11    0.17    3.04 ^ _303_/Y (sky130_fd_sc_hd__inv_2)
                                         _035_ (net)
                  0.11    0.00    3.04 ^ _337_/RESET_B (sky130_fd_sc_hd__dfrtp_2)
                                  3.04   data arrival time

                          0.00    0.00   clock clk (rise edge)
                          0.00    0.00   clock source latency
     1    0.03    0.19    0.14    0.14 ^ clk (in)
                                         clk (net)
                  0.19    0.00    0.14 ^ clkbuf_0_clk/A (sky130_fd_sc_hd__clkbuf_16)
     4    0.05    0.11    0.33    0.47 ^ clkbuf_0_clk/X (sky130_fd_sc_hd__clkbuf_16)
                                         clknet_0_clk (net)
                  0.11    0.00    0.48 ^ clkbuf_2_1__f_clk/A (sky130_fd_sc_hd__clkbuf_16)
    11    0.04    0.09    0.28    0.76 ^ clkbuf_2_1__f_clk/X (sky130_fd_sc_hd__clkbuf_16)
                                         clknet_2_1__leaf_clk (net)
                  0.09    0.00    0.76 ^ _337_/CLK (sky130_fd_sc_hd__dfrtp_2)
                          0.25    1.01   clock uncertainty
                          0.00    1.01   clock reconvergence pessimism
                          0.68    1.68   library removal time
                                  1.68   data required time
-----------------------------------------------------------------------------
                                  1.68   data required time
                                 -3.04   data arrival time
-----------------------------------------------------------------------------
                                  1.35   slack (MET)


Startpoint: rst (input port clocked by clk)
Endpoint: _333_ (removal check against rising-edge clock clk)
Path Group: asynchronous
Path Type: min
Corner: Slowest

Fanout     Cap    Slew   Delay    Time   Description
-----------------------------------------------------------------------------
                          0.00    0.00   clock clk (rise edge)
                          0.00    0.00   clock network delay (propagated)
                          2.00    2.00 v input external delay
     1    0.00    0.02    0.01    2.01 v rst (in)
                                         rst (net)
                  0.02    0.00    2.01 v input1/A (sky130_fd_sc_hd__clkbuf_4)
     5    0.08    0.28    0.38    2.39 v input1/X (sky130_fd_sc_hd__clkbuf_4)
                                         net1 (net)
                  0.28    0.01    2.40 v _295_/A (sky130_fd_sc_hd__buf_4)
    10    0.09    0.21    0.47    2.87 v _295_/X (sky130_fd_sc_hd__buf_4)
                                         _159_ (net)
                  0.21    0.01    2.88 v _299_/A (sky130_fd_sc_hd__inv_2)
     1    0.02    0.13    0.19    3.06 ^ _299_/Y (sky130_fd_sc_hd__inv_2)
                                         _031_ (net)
                  0.13    0.00    3.07 ^ _333_/RESET_B (sky130_fd_sc_hd__dfrtp_1)
                                  3.07   data arrival time

                          0.00    0.00   clock clk (rise edge)
                          0.00    0.00   clock source latency
     1    0.03    0.19    0.14    0.14 ^ clk (in)
                                         clk (net)
                  0.19    0.00    0.14 ^ clkbuf_0_clk/A (sky130_fd_sc_hd__clkbuf_16)
     4    0.05    0.11    0.33    0.47 ^ clkbuf_0_clk/X (sky130_fd_sc_hd__clkbuf_16)
                                         clknet_0_clk (net)
                  0.11    0.00    0.48 ^ clkbuf_2_3__f_clk/A (sky130_fd_sc_hd__clkbuf_16)
     8    0.04    0.10    0.29    0.76 ^ clkbuf_2_3__f_clk/X (sky130_fd_sc_hd__clkbuf_16)
                                         clknet_2_3__leaf_clk (net)
                  0.10    0.00    0.77 ^ _333_/CLK (sky130_fd_sc_hd__dfrtp_1)
                          0.25    1.02   clock uncertainty
                          0.00    1.02   clock reconvergence pessimism
                          0.69    1.70   library removal time
                                  1.70   data required time
-----------------------------------------------------------------------------
                                  1.70   data required time
                                 -3.07   data arrival time
-----------------------------------------------------------------------------
                                  1.36   slack (MET)


Startpoint: rst (input port clocked by clk)
Endpoint: _340_ (removal check against rising-edge clock clk)
Path Group: asynchronous
Path Type: min
Corner: Slowest

Fanout     Cap    Slew   Delay    Time   Description
-----------------------------------------------------------------------------
                          0.00    0.00   clock clk (rise edge)
                          0.00    0.00   clock network delay (propagated)
                          2.00    2.00 v input external delay
     1    0.00    0.02    0.01    2.01 v rst (in)
                                         rst (net)
                  0.02    0.00    2.01 v input1/A (sky130_fd_sc_hd__clkbuf_4)
     5    0.08    0.28    0.38    2.39 v input1/X (sky130_fd_sc_hd__clkbuf_4)
                                         net1 (net)
                  0.28    0.01    2.40 v _306_/A (sky130_fd_sc_hd__clkbuf_8)
    10    0.09    0.18    0.42    2.83 v _306_/X (sky130_fd_sc_hd__clkbuf_8)
                                         _160_ (net)
                  0.18    0.02    2.84 v _307_/A (sky130_fd_sc_hd__inv_2)
     1    0.04    0.27    0.27    3.11 ^ _307_/Y (sky130_fd_sc_hd__inv_2)
                                         _038_ (net)
                  0.27    0.00    3.12 ^ _340_/RESET_B (sky130_fd_sc_hd__dfrtp_4)
                                  3.12   data arrival time

                          0.00    0.00   clock clk (rise edge)
                          0.00    0.00   clock source latency
     1    0.03    0.19    0.14    0.14 ^ clk (in)
                                         clk (net)
                  0.19    0.00    0.14 ^ clkbuf_0_clk/A (sky130_fd_sc_hd__clkbuf_16)
     4    0.05    0.11    0.33    0.47 ^ clkbuf_0_clk/X (sky130_fd_sc_hd__clkbuf_16)
                                         clknet_0_clk (net)
                  0.11    0.00    0.48 ^ clkbuf_2_0__f_clk/A (sky130_fd_sc_hd__clkbuf_16)
     9    0.05    0.10    0.29    0.77 ^ clkbuf_2_0__f_clk/X (sky130_fd_sc_hd__clkbuf_16)
                                         clknet_2_0__leaf_clk (net)
                  0.10    0.00    0.77 ^ _340_/CLK (sky130_fd_sc_hd__dfrtp_4)
                          0.25    1.02   clock uncertainty
                          0.00    1.02   clock reconvergence pessimism
                          0.73    1.75   library removal time
                                  1.75   data required time
-----------------------------------------------------------------------------
                                  1.75   data required time
                                 -3.12   data arrival time
-----------------------------------------------------------------------------
                                  1.37   slack (MET)


Startpoint: rst (input port clocked by clk)
Endpoint: _338_ (removal check against rising-edge clock clk)
Path Group: asynchronous
Path Type: min
Corner: Slowest

Fanout     Cap    Slew   Delay    Time   Description
-----------------------------------------------------------------------------
                          0.00    0.00   clock clk (rise edge)
                          0.00    0.00   clock network delay (propagated)
                          2.00    2.00 v input external delay
     1    0.00    0.02    0.01    2.01 v rst (in)
                                         rst (net)
                  0.02    0.00    2.01 v input1/A (sky130_fd_sc_hd__clkbuf_4)
     5    0.08    0.28    0.38    2.39 v input1/X (sky130_fd_sc_hd__clkbuf_4)
                                         net1 (net)
                  0.28    0.01    2.40 v _295_/A (sky130_fd_sc_hd__buf_4)
    10    0.09    0.21    0.47    2.87 v _295_/X (sky130_fd_sc_hd__buf_4)
                                         _159_ (net)
                  0.21    0.01    2.88 v _304_/A (sky130_fd_sc_hd__inv_2)
     1    0.02    0.15    0.21    3.08 ^ _304_/Y (sky130_fd_sc_hd__inv_2)
                                         _036_ (net)
                  0.15    0.00    3.09 ^ _338_/RESET_B (sky130_fd_sc_hd__dfrtp_4)
                                  3.09   data arrival time

                          0.00    0.00   clock clk (rise edge)
                          0.00    0.00   clock source latency
     1    0.03    0.19    0.14    0.14 ^ clk (in)
                                         clk (net)
                  0.19    0.00    0.14 ^ clkbuf_0_clk/A (sky130_fd_sc_hd__clkbuf_16)
     4    0.05    0.11    0.33    0.47 ^ clkbuf_0_clk/X (sky130_fd_sc_hd__clkbuf_16)
                                         clknet_0_clk (net)
                  0.11    0.00    0.48 ^ clkbuf_2_3__f_clk/A (sky130_fd_sc_hd__clkbuf_16)
     8    0.04    0.10    0.29    0.76 ^ clkbuf_2_3__f_clk/X (sky130_fd_sc_hd__clkbuf_16)
                                         clknet_2_3__leaf_clk (net)
                  0.10    0.00    0.77 ^ _338_/CLK (sky130_fd_sc_hd__dfrtp_4)
                          0.25    1.02   clock uncertainty
                          0.00    1.02   clock reconvergence pessimism
                          0.69    1.71   library removal time
                                  1.71   data required time
-----------------------------------------------------------------------------
                                  1.71   data required time
                                 -3.09   data arrival time
-----------------------------------------------------------------------------
                                  1.38   slack (MET)


Startpoint: rst (input port clocked by clk)
Endpoint: _339_ (removal check against rising-edge clock clk)
Path Group: asynchronous
Path Type: min
Corner: Slowest

Fanout     Cap    Slew   Delay    Time   Description
-----------------------------------------------------------------------------
                          0.00    0.00   clock clk (rise edge)
                          0.00    0.00   clock network delay (propagated)
                          2.00    2.00 v input external delay
     1    0.00    0.02    0.01    2.01 v rst (in)
                                         rst (net)
                  0.02    0.00    2.01 v input1/A (sky130_fd_sc_hd__clkbuf_4)
     5    0.08    0.28    0.38    2.39 v input1/X (sky130_fd_sc_hd__clkbuf_4)
                                         net1 (net)
                  0.28    0.01    2.40 v _295_/A (sky130_fd_sc_hd__buf_4)
    10    0.09    0.21    0.47    2.87 v _295_/X (sky130_fd_sc_hd__buf_4)
                                         _159_ (net)
                  0.21    0.01    2.88 v _305_/A (sky130_fd_sc_hd__inv_2)
     1    0.02    0.18    0.23    3.11 ^ _305_/Y (sky130_fd_sc_hd__inv_2)
                                         _037_ (net)
                  0.18    0.00    3.11 ^ _339_/RESET_B (sky130_fd_sc_hd__dfrtp_2)
                                  3.11   data arrival time

                          0.00    0.00   clock clk (rise edge)
                          0.00    0.00   clock source latency
     1    0.03    0.19    0.14    0.14 ^ clk (in)
                                         clk (net)
                  0.19    0.00    0.14 ^ clkbuf_0_clk/A (sky130_fd_sc_hd__clkbuf_16)
     4    0.05    0.11    0.33    0.47 ^ clkbuf_0_clk/X (sky130_fd_sc_hd__clkbuf_16)
                                         clknet_0_clk (net)
                  0.11    0.00    0.48 ^ clkbuf_2_0__f_clk/A (sky130_fd_sc_hd__clkbuf_16)
     9    0.05    0.10    0.29    0.77 ^ clkbuf_2_0__f_clk/X (sky130_fd_sc_hd__clkbuf_16)
                                         clknet_2_0__leaf_clk (net)
                  0.10    0.00    0.77 ^ _339_/CLK (sky130_fd_sc_hd__dfrtp_2)
                          0.25    1.02   clock uncertainty
                          0.00    1.02   clock reconvergence pessimism
                          0.70    1.72   library removal time
                                  1.72   data required time
-----------------------------------------------------------------------------
                                  1.72   data required time
                                 -3.11   data arrival time
-----------------------------------------------------------------------------
                                  1.39   slack (MET)


Startpoint: rst (input port clocked by clk)
Endpoint: _332_ (removal check against rising-edge clock clk)
Path Group: asynchronous
Path Type: min
Corner: Slowest

Fanout     Cap    Slew   Delay    Time   Description
-----------------------------------------------------------------------------
                          0.00    0.00   clock clk (rise edge)
                          0.00    0.00   clock network delay (propagated)
                          2.00    2.00 v input external delay
     1    0.00    0.02    0.01    2.01 v rst (in)
                                         rst (net)
                  0.02    0.00    2.01 v input1/A (sky130_fd_sc_hd__clkbuf_4)
     5    0.08    0.28    0.38    2.39 v input1/X (sky130_fd_sc_hd__clkbuf_4)
                                         net1 (net)
                  0.28    0.01    2.40 v _295_/A (sky130_fd_sc_hd__buf_4)
    10    0.09    0.21    0.47    2.87 v _295_/X (sky130_fd_sc_hd__buf_4)
                                         _159_ (net)
                  0.21    0.01    2.88 v _298_/A (sky130_fd_sc_hd__inv_2)
     1    0.02    0.17    0.22    3.09 ^ _298_/Y (sky130_fd_sc_hd__inv_2)
                                         _030_ (net)
                  0.17    0.00    3.09 ^ _332_/RESET_B (sky130_fd_sc_hd__dfrtp_4)
                                  3.09   data arrival time

                          0.00    0.00   clock clk (rise edge)
                          0.00    0.00   clock source latency
     1    0.03    0.19    0.14    0.14 ^ clk (in)
                                         clk (net)
                  0.19    0.00    0.14 ^ clkbuf_0_clk/A (sky130_fd_sc_hd__clkbuf_16)
     4    0.05    0.11    0.33    0.47 ^ clkbuf_0_clk/X (sky130_fd_sc_hd__clkbuf_16)
                                         clknet_0_clk (net)
                  0.11    0.00    0.48 ^ clkbuf_2_1__f_clk/A (sky130_fd_sc_hd__clkbuf_16)
    11    0.04    0.09    0.28    0.76 ^ clkbuf_2_1__f_clk/X (sky130_fd_sc_hd__clkbuf_16)
                                         clknet_2_1__leaf_clk (net)
                  0.09    0.00    0.76 ^ _332_/CLK (sky130_fd_sc_hd__dfrtp_4)
                          0.25    1.01   clock uncertainty
                          0.00    1.01   clock reconvergence pessimism
                          0.70    1.70   library removal time
                                  1.70   data required time
-----------------------------------------------------------------------------
                                  1.70   data required time
                                 -3.09   data arrival time
-----------------------------------------------------------------------------
                                  1.39   slack (MET)


Startpoint: rst (input port clocked by clk)
Endpoint: _330_ (removal check against rising-edge clock clk)
Path Group: asynchronous
Path Type: min
Corner: Slowest

Fanout     Cap    Slew   Delay    Time   Description
-----------------------------------------------------------------------------
                          0.00    0.00   clock clk (rise edge)
                          0.00    0.00   clock network delay (propagated)
                          2.00    2.00 v input external delay
     1    0.00    0.02    0.01    2.01 v rst (in)
                                         rst (net)
                  0.02    0.00    2.01 v input1/A (sky130_fd_sc_hd__clkbuf_4)
     5    0.08    0.28    0.38    2.39 v input1/X (sky130_fd_sc_hd__clkbuf_4)
                                         net1 (net)
                  0.28    0.01    2.40 v _295_/A (sky130_fd_sc_hd__buf_4)
    10    0.09    0.21    0.47    2.87 v _295_/X (sky130_fd_sc_hd__buf_4)
                                         _159_ (net)
                  0.21    0.00    2.87 v _296_/A (sky130_fd_sc_hd__inv_2)
     1    0.02    0.18    0.23    3.10 ^ _296_/Y (sky130_fd_sc_hd__inv_2)
                                         _028_ (net)
                  0.18    0.00    3.10 ^ _330_/RESET_B (sky130_fd_sc_hd__dfrtp_4)
                                  3.10   data arrival time

                          0.00    0.00   clock clk (rise edge)
                          0.00    0.00   clock source latency
     1    0.03    0.19    0.14    0.14 ^ clk (in)
                                         clk (net)
                  0.19    0.00    0.14 ^ clkbuf_0_clk/A (sky130_fd_sc_hd__clkbuf_16)
     4    0.05    0.11    0.33    0.47 ^ clkbuf_0_clk/X (sky130_fd_sc_hd__clkbuf_16)
                                         clknet_0_clk (net)
                  0.11    0.00    0.48 ^ clkbuf_2_1__f_clk/A (sky130_fd_sc_hd__clkbuf_16)
    11    0.04    0.09    0.28    0.76 ^ clkbuf_2_1__f_clk/X (sky130_fd_sc_hd__clkbuf_16)
                                         clknet_2_1__leaf_clk (net)
                  0.09    0.00    0.76 ^ _330_/CLK (sky130_fd_sc_hd__dfrtp_4)
                          0.25    1.01   clock uncertainty
                          0.00    1.01   clock reconvergence pessimism
                          0.70    1.71   library removal time
                                  1.71   data required time
-----------------------------------------------------------------------------
                                  1.71   data required time
                                 -3.10   data arrival time
-----------------------------------------------------------------------------
                                  1.39   slack (MET)


Startpoint: rst (input port clocked by clk)
Endpoint: _336_ (removal check against rising-edge clock clk)
Path Group: asynchronous
Path Type: min
Corner: Slowest

Fanout     Cap    Slew   Delay    Time   Description
-----------------------------------------------------------------------------
                          0.00    0.00   clock clk (rise edge)
                          0.00    0.00   clock network delay (propagated)
                          2.00    2.00 v input external delay
     1    0.00    0.02    0.01    2.01 v rst (in)
                                         rst (net)
                  0.02    0.00    2.01 v input1/A (sky130_fd_sc_hd__clkbuf_4)
     5    0.08    0.28    0.38    2.39 v input1/X (sky130_fd_sc_hd__clkbuf_4)
                                         net1 (net)
                  0.28    0.01    2.40 v _295_/A (sky130_fd_sc_hd__buf_4)
    10    0.09    0.21    0.47    2.87 v _295_/X (sky130_fd_sc_hd__buf_4)
                                         _159_ (net)
                  0.21    0.01    2.87 v _302_/A (sky130_fd_sc_hd__inv_2)
     1    0.03    0.21    0.24    3.12 ^ _302_/Y (sky130_fd_sc_hd__inv_2)
                                         _034_ (net)
                  0.21    0.00    3.12 ^ _336_/RESET_B (sky130_fd_sc_hd__dfrtp_2)
                                  3.12   data arrival time

                          0.00    0.00   clock clk (rise edge)
                          0.00    0.00   clock source latency
     1    0.03    0.19    0.14    0.14 ^ clk (in)
                                         clk (net)
                  0.19    0.00    0.14 ^ clkbuf_0_clk/A (sky130_fd_sc_hd__clkbuf_16)
     4    0.05    0.11    0.33    0.47 ^ clkbuf_0_clk/X (sky130_fd_sc_hd__clkbuf_16)
                                         clknet_0_clk (net)
                  0.11    0.00    0.48 ^ clkbuf_2_1__f_clk/A (sky130_fd_sc_hd__clkbuf_16)
    11    0.04    0.09    0.28    0.76 ^ clkbuf_2_1__f_clk/X (sky130_fd_sc_hd__clkbuf_16)
                                         clknet_2_1__leaf_clk (net)
                  0.09    0.00    0.76 ^ _336_/CLK (sky130_fd_sc_hd__dfrtp_2)
                          0.25    1.01   clock uncertainty
                          0.00    1.01   clock reconvergence pessimism
                          0.71    1.71   library removal time
                                  1.71   data required time
-----------------------------------------------------------------------------
                                  1.71   data required time
                                 -3.12   data arrival time
-----------------------------------------------------------------------------
                                  1.41   slack (MET)


Startpoint: _347_ (rising edge-triggered flip-flop clocked by clk)
Endpoint: _347_ (rising edge-triggered flip-flop clocked by clk)
Path Group: clk
Path Type: min
Corner: Slowest

Fanout     Cap    Slew   Delay    Time   Description
-----------------------------------------------------------------------------
                          0.00    0.00   clock clk (rise edge)
                          0.00    0.00   clock source latency
     1    0.03    0.19    0.13    0.13 ^ clk (in)
                                         clk (net)
                  0.19    0.00    0.13 ^ clkbuf_0_clk/A (sky130_fd_sc_hd__clkbuf_16)
     4    0.05    0.11    0.30    0.43 ^ clkbuf_0_clk/X (sky130_fd_sc_hd__clkbuf_16)
                                         clknet_0_clk (net)
                  0.11    0.00    0.43 ^ clkbuf_2_1__f_clk/A (sky130_fd_sc_hd__clkbuf_16)
    11    0.04    0.09    0.25    0.68 ^ clkbuf_2_1__f_clk/X (sky130_fd_sc_hd__clkbuf_16)
                                         clknet_2_1__leaf_clk (net)
                  0.09    0.00    0.69 ^ _347_/CLK (sky130_fd_sc_hd__dfrtp_4)
     7    0.06    0.31    0.97    1.66 ^ _347_/Q (sky130_fd_sc_hd__dfrtp_4)
                                         one_second_counter[17] (net)
                  0.31    0.00    1.66 ^ _251_/A (sky130_fd_sc_hd__xor2_1)
     1    0.02    0.18    0.37    2.03 v _251_/X (sky130_fd_sc_hd__xor2_1)
                                         _131_ (net)
                  0.18    0.00    2.03 v _252_/B (sky130_fd_sc_hd__nor2_1)
     1    0.01    0.19    0.22    2.26 ^ _252_/Y (sky130_fd_sc_hd__nor2_1)
                                         _008_ (net)
                  0.19    0.00    2.26 ^ _347_/D (sky130_fd_sc_hd__dfrtp_4)
                                  2.26   data arrival time

                          0.00    0.00   clock clk (rise edge)
                          0.00    0.00   clock source latency
     1    0.03    0.19    0.14    0.14 ^ clk (in)
                                         clk (net)
                  0.19    0.00    0.14 ^ clkbuf_0_clk/A (sky130_fd_sc_hd__clkbuf_16)
     4    0.05    0.11    0.33    0.47 ^ clkbuf_0_clk/X (sky130_fd_sc_hd__clkbuf_16)
                                         clknet_0_clk (net)
                  0.11    0.00    0.48 ^ clkbuf_2_1__f_clk/A (sky130_fd_sc_hd__clkbuf_16)
    11    0.04    0.09    0.28    0.76 ^ clkbuf_2_1__f_clk/X (sky130_fd_sc_hd__clkbuf_16)
                                         clknet_2_1__leaf_clk (net)
                  0.09    0.00    0.76 ^ _347_/CLK (sky130_fd_sc_hd__dfrtp_4)
                          0.25    1.01   clock uncertainty
                         -0.07    0.94   clock reconvergence pessimism
                         -0.10    0.83   library hold time
                                  0.83   data required time
-----------------------------------------------------------------------------
                                  0.83   data required time
                                 -2.26   data arrival time
-----------------------------------------------------------------------------
                                  1.42   slack (MET)


Startpoint: _341_ (rising edge-triggered flip-flop clocked by clk)
Endpoint: _341_ (rising edge-triggered flip-flop clocked by clk)
Path Group: clk
Path Type: min
Corner: Slowest

Fanout     Cap    Slew   Delay    Time   Description
-----------------------------------------------------------------------------
                          0.00    0.00   clock clk (rise edge)
                          0.00    0.00   clock source latency
     1    0.03    0.19    0.13    0.13 ^ clk (in)
                                         clk (net)
                  0.19    0.00    0.13 ^ clkbuf_0_clk/A (sky130_fd_sc_hd__clkbuf_16)
     4    0.05    0.11    0.30    0.43 ^ clkbuf_0_clk/X (sky130_fd_sc_hd__clkbuf_16)
                                         clknet_0_clk (net)
                  0.11    0.00    0.43 ^ clkbuf_2_0__f_clk/A (sky130_fd_sc_hd__clkbuf_16)
     9    0.05    0.10    0.26    0.69 ^ clkbuf_2_0__f_clk/X (sky130_fd_sc_hd__clkbuf_16)
                                         clknet_2_0__leaf_clk (net)
                  0.10    0.00    0.70 ^ _341_/CLK (sky130_fd_sc_hd__dfrtp_4)
     4    0.05    0.25    0.93    1.63 ^ _341_/Q (sky130_fd_sc_hd__dfrtp_4)
                                         one_second_counter[11] (net)
                  0.25    0.01    1.63 ^ _227_/B1 (sky130_fd_sc_hd__a21oi_2)
     1    0.03    0.15    0.21    1.84 v _227_/Y (sky130_fd_sc_hd__a21oi_2)
                                         _113_ (net)
                  0.15    0.00    1.84 v _229_/B (sky130_fd_sc_hd__nor3_1)
     1    0.01    0.47    0.47    2.32 ^ _229_/Y (sky130_fd_sc_hd__nor3_1)
                                         _002_ (net)
                  0.47    0.00    2.32 ^ _341_/D (sky130_fd_sc_hd__dfrtp_4)
                                  2.32   data arrival time

                          0.00    0.00   clock clk (rise edge)
                          0.00    0.00   clock source latency
     1    0.03    0.19    0.14    0.14 ^ clk (in)
                                         clk (net)
                  0.19    0.00    0.14 ^ clkbuf_0_clk/A (sky130_fd_sc_hd__clkbuf_16)
     4    0.05    0.11    0.33    0.47 ^ clkbuf_0_clk/X (sky130_fd_sc_hd__clkbuf_16)
                                         clknet_0_clk (net)
                  0.11    0.00    0.48 ^ clkbuf_2_0__f_clk/A (sky130_fd_sc_hd__clkbuf_16)
     9    0.05    0.10    0.29    0.77 ^ clkbuf_2_0__f_clk/X (sky130_fd_sc_hd__clkbuf_16)
                                         clknet_2_0__leaf_clk (net)
                  0.10    0.00    0.77 ^ _341_/CLK (sky130_fd_sc_hd__dfrtp_4)
                          0.25    1.02   clock uncertainty
                         -0.07    0.95   clock reconvergence pessimism
                         -0.17    0.78   library hold time
                                  0.78   data required time
-----------------------------------------------------------------------------
                                  0.78   data required time
                                 -2.32   data arrival time
-----------------------------------------------------------------------------
                                  1.53   slack (MET)


Startpoint: _333_ (rising edge-triggered flip-flop clocked by clk)
Endpoint: _333_ (rising edge-triggered flip-flop clocked by clk)
Path Group: clk
Path Type: min
Corner: Slowest

Fanout     Cap    Slew   Delay    Time   Description
-----------------------------------------------------------------------------
                          0.00    0.00   clock clk (rise edge)
                          0.00    0.00   clock source latency
     1    0.03    0.19    0.13    0.13 ^ clk (in)
                                         clk (net)
                  0.19    0.00    0.13 ^ clkbuf_0_clk/A (sky130_fd_sc_hd__clkbuf_16)
     4    0.05    0.11    0.30    0.43 ^ clkbuf_0_clk/X (sky130_fd_sc_hd__clkbuf_16)
                                         clknet_0_clk (net)
                  0.11    0.00    0.43 ^ clkbuf_2_3__f_clk/A (sky130_fd_sc_hd__clkbuf_16)
     8    0.04    0.10    0.26    0.69 ^ clkbuf_2_3__f_clk/X (sky130_fd_sc_hd__clkbuf_16)
                                         clknet_2_3__leaf_clk (net)
                  0.10    0.00    0.69 ^ _333_/CLK (sky130_fd_sc_hd__dfrtp_1)
     2    0.02    0.23    0.75    1.44 ^ _333_/Q (sky130_fd_sc_hd__dfrtp_1)
                                         one_second_counter[3] (net)
                  0.23    0.00    1.44 ^ _199_/B1 (sky130_fd_sc_hd__a31o_1)
     1    0.00    0.09    0.23    1.68 ^ _199_/X (sky130_fd_sc_hd__a31o_1)
                                         _093_ (net)
                  0.09    0.00    1.68 ^ _200_/C (sky130_fd_sc_hd__and3b_1)
     1    0.02    0.26    0.45    2.12 ^ _200_/X (sky130_fd_sc_hd__and3b_1)
                                         _094_ (net)
                  0.26    0.00    2.13 ^ _201_/A (sky130_fd_sc_hd__clkbuf_1)
     1    0.01    0.18    0.28    2.41 ^ _201_/X (sky130_fd_sc_hd__clkbuf_1)
                                         _020_ (net)
                  0.18    0.00    2.41 ^ _333_/D (sky130_fd_sc_hd__dfrtp_1)
                                  2.41   data arrival time

                          0.00    0.00   clock clk (rise edge)
                          0.00    0.00   clock source latency
     1    0.03    0.19    0.14    0.14 ^ clk (in)
                                         clk (net)
                  0.19    0.00    0.14 ^ clkbuf_0_clk/A (sky130_fd_sc_hd__clkbuf_16)
     4    0.05    0.11    0.33    0.47 ^ clkbuf_0_clk/X (sky130_fd_sc_hd__clkbuf_16)
                                         clknet_0_clk (net)
                  0.11    0.00    0.48 ^ clkbuf_2_3__f_clk/A (sky130_fd_sc_hd__clkbuf_16)
     8    0.04    0.10    0.29    0.76 ^ clkbuf_2_3__f_clk/X (sky130_fd_sc_hd__clkbuf_16)
                                         clknet_2_3__leaf_clk (net)
                  0.10    0.00    0.77 ^ _333_/CLK (sky130_fd_sc_hd__dfrtp_1)
                          0.25    1.02   clock uncertainty
                         -0.07    0.94   clock reconvergence pessimism
                         -0.10    0.85   library hold time
                                  0.85   data required time
-----------------------------------------------------------------------------
                                  0.85   data required time
                                 -2.41   data arrival time
-----------------------------------------------------------------------------
                                  1.56   slack (MET)


Startpoint: _348_ (rising edge-triggered flip-flop clocked by clk)
Endpoint: _348_ (rising edge-triggered flip-flop clocked by clk)
Path Group: clk
Path Type: min
Corner: Slowest

Fanout     Cap    Slew   Delay    Time   Description
-----------------------------------------------------------------------------
                          0.00    0.00   clock clk (rise edge)
                          0.00    0.00   clock source latency
     1    0.03    0.19    0.13    0.13 ^ clk (in)
                                         clk (net)
                  0.19    0.00    0.13 ^ clkbuf_0_clk/A (sky130_fd_sc_hd__clkbuf_16)
     4    0.05    0.11    0.30    0.43 ^ clkbuf_0_clk/X (sky130_fd_sc_hd__clkbuf_16)
                                         clknet_0_clk (net)
                  0.11    0.00    0.43 ^ clkbuf_2_0__f_clk/A (sky130_fd_sc_hd__clkbuf_16)
     9    0.05    0.10    0.26    0.69 ^ clkbuf_2_0__f_clk/X (sky130_fd_sc_hd__clkbuf_16)
                                         clknet_2_0__leaf_clk (net)
                  0.10    0.00    0.70 ^ _348_/CLK (sky130_fd_sc_hd__dfrtp_4)
     6    0.05    0.25    0.93    1.63 ^ _348_/Q (sky130_fd_sc_hd__dfrtp_4)
                                         one_second_counter[18] (net)
                  0.25    0.01    1.63 ^ _253_/A (sky130_fd_sc_hd__nand2_1)
     1    0.01    0.17    0.23    1.87 v _253_/Y (sky130_fd_sc_hd__nand2_1)
                                         _132_ (net)
                  0.17    0.00    1.87 v _255_/A1 (sky130_fd_sc_hd__o211a_1)
     1    0.02    0.16    0.53    2.40 v _255_/X (sky130_fd_sc_hd__o211a_1)
                                         _009_ (net)
                  0.16    0.00    2.40 v _348_/D (sky130_fd_sc_hd__dfrtp_4)
                                  2.40   data arrival time

                          0.00    0.00   clock clk (rise edge)
                          0.00    0.00   clock source latency
     1    0.03    0.19    0.14    0.14 ^ clk (in)
                                         clk (net)
                  0.19    0.00    0.14 ^ clkbuf_0_clk/A (sky130_fd_sc_hd__clkbuf_16)
     4    0.05    0.11    0.33    0.47 ^ clkbuf_0_clk/X (sky130_fd_sc_hd__clkbuf_16)
                                         clknet_0_clk (net)
                  0.11    0.00    0.48 ^ clkbuf_2_0__f_clk/A (sky130_fd_sc_hd__clkbuf_16)
     9    0.05    0.10    0.29    0.77 ^ clkbuf_2_0__f_clk/X (sky130_fd_sc_hd__clkbuf_16)
                                         clknet_2_0__leaf_clk (net)
                  0.10    0.00    0.77 ^ _348_/CLK (sky130_fd_sc_hd__dfrtp_4)
                          0.25    1.02   clock uncertainty
                         -0.07    0.95   clock reconvergence pessimism
                         -0.12    0.83   library hold time
                                  0.83   data required time
-----------------------------------------------------------------------------
                                  0.83   data required time
                                 -2.40   data arrival time
-----------------------------------------------------------------------------
                                  1.57   slack (MET)


Startpoint: _343_ (rising edge-triggered flip-flop clocked by clk)
Endpoint: _343_ (rising edge-triggered flip-flop clocked by clk)
Path Group: clk
Path Type: min
Corner: Slowest

Fanout     Cap    Slew   Delay    Time   Description
-----------------------------------------------------------------------------
                          0.00    0.00   clock clk (rise edge)
                          0.00    0.00   clock source latency
     1    0.03    0.19    0.13    0.13 ^ clk (in)
                                         clk (net)
                  0.19    0.00    0.13 ^ clkbuf_0_clk/A (sky130_fd_sc_hd__clkbuf_16)
     4    0.05    0.11    0.30    0.43 ^ clkbuf_0_clk/X (sky130_fd_sc_hd__clkbuf_16)
                                         clknet_0_clk (net)
                  0.11    0.00    0.43 ^ clkbuf_2_0__f_clk/A (sky130_fd_sc_hd__clkbuf_16)
     9    0.05    0.10    0.26    0.69 ^ clkbuf_2_0__f_clk/X (sky130_fd_sc_hd__clkbuf_16)
                                         clknet_2_0__leaf_clk (net)
                  0.10    0.00    0.70 ^ _343_/CLK (sky130_fd_sc_hd__dfrtp_1)
     4    0.02    0.33    0.81    1.51 ^ _343_/Q (sky130_fd_sc_hd__dfrtp_1)
                                         one_second_counter[13] (net)
                  0.33    0.00    1.51 ^ _234_/B1 (sky130_fd_sc_hd__a21o_1)
     1    0.01    0.20    0.32    1.83 ^ _234_/X (sky130_fd_sc_hd__a21o_1)
                                         _118_ (net)
                  0.20    0.00    1.83 ^ _236_/B (sky130_fd_sc_hd__and3_1)
     1    0.01    0.20    0.42    2.25 ^ _236_/X (sky130_fd_sc_hd__and3_1)
                                         _120_ (net)
                  0.20    0.00    2.25 ^ _237_/A (sky130_fd_sc_hd__clkbuf_1)
     1    0.01    0.14    0.24    2.49 ^ _237_/X (sky130_fd_sc_hd__clkbuf_1)
                                         _004_ (net)
                  0.14    0.00    2.49 ^ _343_/D (sky130_fd_sc_hd__dfrtp_1)
                                  2.49   data arrival time

                          0.00    0.00   clock clk (rise edge)
                          0.00    0.00   clock source latency
     1    0.03    0.19    0.14    0.14 ^ clk (in)
                                         clk (net)
                  0.19    0.00    0.14 ^ clkbuf_0_clk/A (sky130_fd_sc_hd__clkbuf_16)
     4    0.05    0.11    0.33    0.47 ^ clkbuf_0_clk/X (sky130_fd_sc_hd__clkbuf_16)
                                         clknet_0_clk (net)
                  0.11    0.00    0.48 ^ clkbuf_2_0__f_clk/A (sky130_fd_sc_hd__clkbuf_16)
     9    0.05    0.10    0.29    0.77 ^ clkbuf_2_0__f_clk/X (sky130_fd_sc_hd__clkbuf_16)
                                         clknet_2_0__leaf_clk (net)
                  0.10    0.00    0.77 ^ _343_/CLK (sky130_fd_sc_hd__dfrtp_1)
                          0.25    1.02   clock uncertainty
                         -0.07    0.95   clock reconvergence pessimism
                         -0.09    0.86   library hold time
                                  0.86   data required time
-----------------------------------------------------------------------------
                                  0.86   data required time
                                 -2.49   data arrival time
-----------------------------------------------------------------------------
                                  1.63   slack (MET)


Startpoint: _355_ (rising edge-triggered flip-flop clocked by clk)
Endpoint: _355_ (rising edge-triggered flip-flop clocked by clk)
Path Group: clk
Path Type: min
Corner: Slowest

Fanout     Cap    Slew   Delay    Time   Description
-----------------------------------------------------------------------------
                          0.00    0.00   clock clk (rise edge)
                          0.00    0.00   clock source latency
     1    0.03    0.19    0.13    0.13 ^ clk (in)
                                         clk (net)
                  0.19    0.00    0.13 ^ clkbuf_0_clk/A (sky130_fd_sc_hd__clkbuf_16)
     4    0.05    0.11    0.30    0.43 ^ clkbuf_0_clk/X (sky130_fd_sc_hd__clkbuf_16)
                                         clknet_0_clk (net)
                  0.11    0.00    0.43 ^ clkbuf_2_1__f_clk/A (sky130_fd_sc_hd__clkbuf_16)
    11    0.04    0.09    0.25    0.68 ^ clkbuf_2_1__f_clk/X (sky130_fd_sc_hd__clkbuf_16)
                                         clknet_2_1__leaf_clk (net)
                  0.09    0.00    0.69 ^ _355_/CLK (sky130_fd_sc_hd__dfrtp_4)
     4    0.05    0.26    0.93    1.62 ^ _355_/Q (sky130_fd_sc_hd__dfrtp_4)
                                         one_second_counter[25] (net)
                  0.26    0.00    1.62 ^ _280_/A (sky130_fd_sc_hd__nand2_1)
     1    0.01    0.12    0.19    1.81 v _280_/Y (sky130_fd_sc_hd__nand2_1)
                                         _152_ (net)
                  0.12    0.00    1.81 v _281_/C (sky130_fd_sc_hd__and3_1)
     1    0.01    0.15    0.45    2.26 v _281_/X (sky130_fd_sc_hd__and3_1)
                                         _153_ (net)
                  0.15    0.00    2.26 v _282_/A (sky130_fd_sc_hd__clkbuf_1)
     1    0.01    0.11    0.24    2.50 v _282_/X (sky130_fd_sc_hd__clkbuf_1)
                                         _017_ (net)
                  0.11    0.00    2.50 v _355_/D (sky130_fd_sc_hd__dfrtp_4)
                                  2.50   data arrival time

                          0.00    0.00   clock clk (rise edge)
                          0.00    0.00   clock source latency
     1    0.03    0.19    0.14    0.14 ^ clk (in)
                                         clk (net)
                  0.19    0.00    0.14 ^ clkbuf_0_clk/A (sky130_fd_sc_hd__clkbuf_16)
     4    0.05    0.11    0.33    0.47 ^ clkbuf_0_clk/X (sky130_fd_sc_hd__clkbuf_16)
                                         clknet_0_clk (net)
                  0.11    0.00    0.48 ^ clkbuf_2_1__f_clk/A (sky130_fd_sc_hd__clkbuf_16)
    11    0.04    0.09    0.28    0.76 ^ clkbuf_2_1__f_clk/X (sky130_fd_sc_hd__clkbuf_16)
                                         clknet_2_1__leaf_clk (net)
                  0.09    0.00    0.76 ^ _355_/CLK (sky130_fd_sc_hd__dfrtp_4)
                          0.25    1.01   clock uncertainty
                         -0.07    0.94   clock reconvergence pessimism
                         -0.10    0.83   library hold time
                                  0.83   data required time
-----------------------------------------------------------------------------
                                  0.83   data required time
                                 -2.50   data arrival time
-----------------------------------------------------------------------------
                                  1.67   slack (MET)


Startpoint: _339_ (rising edge-triggered flip-flop clocked by clk)
Endpoint: _339_ (rising edge-triggered flip-flop clocked by clk)
Path Group: clk
Path Type: min
Corner: Slowest

Fanout     Cap    Slew   Delay    Time   Description
-----------------------------------------------------------------------------
                          0.00    0.00   clock clk (rise edge)
                          0.00    0.00   clock source latency
     1    0.03    0.19    0.13    0.13 ^ clk (in)
                                         clk (net)
                  0.19    0.00    0.13 ^ clkbuf_0_clk/A (sky130_fd_sc_hd__clkbuf_16)
     4    0.05    0.11    0.30    0.43 ^ clkbuf_0_clk/X (sky130_fd_sc_hd__clkbuf_16)
                                         clknet_0_clk (net)
                  0.11    0.00    0.43 ^ clkbuf_2_0__f_clk/A (sky130_fd_sc_hd__clkbuf_16)
     9    0.05    0.10    0.26    0.69 ^ clkbuf_2_0__f_clk/X (sky130_fd_sc_hd__clkbuf_16)
                                         clknet_2_0__leaf_clk (net)
                  0.10    0.00    0.70 ^ _339_/CLK (sky130_fd_sc_hd__dfrtp_2)
     3    0.04    0.21    0.93    1.63 v _339_/Q (sky130_fd_sc_hd__dfrtp_2)
                                         one_second_counter[9] (net)
                  0.21    0.00    1.63 v _220_/B1 (sky130_fd_sc_hd__a21oi_2)
     1    0.03    0.52    0.49    2.12 ^ _220_/Y (sky130_fd_sc_hd__a21oi_2)
                                         _108_ (net)
                  0.52    0.00    2.12 ^ _222_/B (sky130_fd_sc_hd__nor3_1)
     1    0.02    0.20    0.37    2.49 v _222_/Y (sky130_fd_sc_hd__nor3_1)
                                         _026_ (net)
                  0.20    0.00    2.49 v _339_/D (sky130_fd_sc_hd__dfrtp_2)
                                  2.49   data arrival time

                          0.00    0.00   clock clk (rise edge)
                          0.00    0.00   clock source latency
     1    0.03    0.19    0.14    0.14 ^ clk (in)
                                         clk (net)
                  0.19    0.00    0.14 ^ clkbuf_0_clk/A (sky130_fd_sc_hd__clkbuf_16)
     4    0.05    0.11    0.33    0.47 ^ clkbuf_0_clk/X (sky130_fd_sc_hd__clkbuf_16)
                                         clknet_0_clk (net)
                  0.11    0.00    0.48 ^ clkbuf_2_0__f_clk/A (sky130_fd_sc_hd__clkbuf_16)
     9    0.05    0.10    0.29    0.77 ^ clkbuf_2_0__f_clk/X (sky130_fd_sc_hd__clkbuf_16)
                                         clknet_2_0__leaf_clk (net)
                  0.10    0.00    0.77 ^ _339_/CLK (sky130_fd_sc_hd__dfrtp_2)
                          0.25    1.02   clock uncertainty
                         -0.07    0.95   clock reconvergence pessimism
                         -0.13    0.82   library hold time
                                  0.82   data required time
-----------------------------------------------------------------------------
                                  0.82   data required time
                                 -2.49   data arrival time
-----------------------------------------------------------------------------
                                  1.67   slack (MET)


Startpoint: _335_ (rising edge-triggered flip-flop clocked by clk)
Endpoint: _335_ (rising edge-triggered flip-flop clocked by clk)
Path Group: clk
Path Type: min
Corner: Slowest

Fanout     Cap    Slew   Delay    Time   Description
-----------------------------------------------------------------------------
                          0.00    0.00   clock clk (rise edge)
                          0.00    0.00   clock source latency
     1    0.03    0.19    0.13    0.13 ^ clk (in)
                                         clk (net)
                  0.19    0.00    0.13 ^ clkbuf_0_clk/A (sky130_fd_sc_hd__clkbuf_16)
     4    0.05    0.11    0.30    0.43 ^ clkbuf_0_clk/X (sky130_fd_sc_hd__clkbuf_16)
                                         clknet_0_clk (net)
                  0.11    0.00    0.43 ^ clkbuf_2_2__f_clk/A (sky130_fd_sc_hd__clkbuf_16)
     7    0.05    0.11    0.27    0.70 ^ clkbuf_2_2__f_clk/X (sky130_fd_sc_hd__clkbuf_16)
                                         clknet_2_2__leaf_clk (net)
                  0.11    0.00    0.70 ^ _335_/CLK (sky130_fd_sc_hd__dfrtp_2)
     3    0.04    0.25    0.96    1.66 v _335_/Q (sky130_fd_sc_hd__dfrtp_2)
                                         one_second_counter[5] (net)
                  0.25    0.01    1.67 v _207_/B1 (sky130_fd_sc_hd__a21oi_1)
     1    0.01    0.50    0.49    2.16 ^ _207_/Y (sky130_fd_sc_hd__a21oi_1)
                                         _099_ (net)
                  0.50    0.00    2.16 ^ _209_/B (sky130_fd_sc_hd__nor3_1)
     1    0.02    0.20    0.35    2.51 v _209_/Y (sky130_fd_sc_hd__nor3_1)
                                         _022_ (net)
                  0.20    0.00    2.51 v _335_/D (sky130_fd_sc_hd__dfrtp_2)
                                  2.51   data arrival time

                          0.00    0.00   clock clk (rise edge)
                          0.00    0.00   clock source latency
     1    0.03    0.19    0.14    0.14 ^ clk (in)
                                         clk (net)
                  0.19    0.00    0.14 ^ clkbuf_0_clk/A (sky130_fd_sc_hd__clkbuf_16)
     4    0.05    0.11    0.33    0.47 ^ clkbuf_0_clk/X (sky130_fd_sc_hd__clkbuf_16)
                                         clknet_0_clk (net)
                  0.11    0.00    0.48 ^ clkbuf_2_2__f_clk/A (sky130_fd_sc_hd__clkbuf_16)
     7    0.05    0.11    0.29    0.77 ^ clkbuf_2_2__f_clk/X (sky130_fd_sc_hd__clkbuf_16)
                                         clknet_2_2__leaf_clk (net)
                  0.11    0.00    0.78 ^ _335_/CLK (sky130_fd_sc_hd__dfrtp_2)
                          0.25    1.03   clock uncertainty
                         -0.07    0.95   clock reconvergence pessimism
                         -0.13    0.82   library hold time
                                  0.82   data required time
-----------------------------------------------------------------------------
                                  0.82   data required time
                                 -2.51   data arrival time
-----------------------------------------------------------------------------
                                  1.69   slack (MET)


Startpoint: _354_ (rising edge-triggered flip-flop clocked by clk)
Endpoint: _354_ (rising edge-triggered flip-flop clocked by clk)
Path Group: clk
Path Type: min
Corner: Slowest

Fanout     Cap    Slew   Delay    Time   Description
-----------------------------------------------------------------------------
                          0.00    0.00   clock clk (rise edge)
                          0.00    0.00   clock source latency
     1    0.03    0.19    0.13    0.13 ^ clk (in)
                                         clk (net)
                  0.19    0.00    0.13 ^ clkbuf_0_clk/A (sky130_fd_sc_hd__clkbuf_16)
     4    0.05    0.11    0.30    0.43 ^ clkbuf_0_clk/X (sky130_fd_sc_hd__clkbuf_16)
                                         clknet_0_clk (net)
                  0.11    0.00    0.43 ^ clkbuf_2_3__f_clk/A (sky130_fd_sc_hd__clkbuf_16)
     8    0.04    0.10    0.26    0.69 ^ clkbuf_2_3__f_clk/X (sky130_fd_sc_hd__clkbuf_16)
                                         clknet_2_3__leaf_clk (net)
                  0.10    0.00    0.69 ^ _354_/CLK (sky130_fd_sc_hd__dfrtp_4)
     3    0.04    0.25    0.92    1.61 ^ _354_/Q (sky130_fd_sc_hd__dfrtp_4)
                                         one_second_counter[24] (net)
                  0.25    0.01    1.62 ^ _277_/A (sky130_fd_sc_hd__and3_2)
     4    0.04    0.38    0.63    2.26 ^ _277_/X (sky130_fd_sc_hd__and3_2)
                                         _150_ (net)
                  0.38    0.00    2.26 ^ _278_/C (sky130_fd_sc_hd__nor3_1)
     1    0.01    0.17    0.26    2.52 v _278_/Y (sky130_fd_sc_hd__nor3_1)
                                         _016_ (net)
                  0.17    0.00    2.52 v _354_/D (sky130_fd_sc_hd__dfrtp_4)
                                  2.52   data arrival time

                          0.00    0.00   clock clk (rise edge)
                          0.00    0.00   clock source latency
     1    0.03    0.19    0.14    0.14 ^ clk (in)
                                         clk (net)
                  0.19    0.00    0.14 ^ clkbuf_0_clk/A (sky130_fd_sc_hd__clkbuf_16)
     4    0.05    0.11    0.33    0.47 ^ clkbuf_0_clk/X (sky130_fd_sc_hd__clkbuf_16)
                                         clknet_0_clk (net)
                  0.11    0.00    0.48 ^ clkbuf_2_3__f_clk/A (sky130_fd_sc_hd__clkbuf_16)
     8    0.04    0.10    0.29    0.76 ^ clkbuf_2_3__f_clk/X (sky130_fd_sc_hd__clkbuf_16)
                                         clknet_2_3__leaf_clk (net)
                  0.10    0.00    0.77 ^ _354_/CLK (sky130_fd_sc_hd__dfrtp_4)
                          0.25    1.02   clock uncertainty
                         -0.07    0.94   clock reconvergence pessimism
                         -0.12    0.82   library hold time
                                  0.82   data required time
-----------------------------------------------------------------------------
                                  0.82   data required time
                                 -2.52   data arrival time
-----------------------------------------------------------------------------
                                  1.70   slack (MET)


Startpoint: _357_ (rising edge-triggered flip-flop clocked by clk)
Endpoint: _359_ (rising edge-triggered flip-flop clocked by clk)
Path Group: clk
Path Type: min
Corner: Slowest

Fanout     Cap    Slew   Delay    Time   Description
-----------------------------------------------------------------------------
                          0.00    0.00   clock clk (rise edge)
                          0.00    0.00   clock source latency
     1    0.03    0.19    0.13    0.13 ^ clk (in)
                                         clk (net)
                  0.19    0.00    0.13 ^ clkbuf_0_clk/A (sky130_fd_sc_hd__clkbuf_16)
     4    0.05    0.11    0.30    0.43 ^ clkbuf_0_clk/X (sky130_fd_sc_hd__clkbuf_16)
                                         clknet_0_clk (net)
                  0.11    0.00    0.43 ^ clkbuf_2_2__f_clk/A (sky130_fd_sc_hd__clkbuf_16)
     7    0.05    0.11    0.27    0.70 ^ clkbuf_2_2__f_clk/X (sky130_fd_sc_hd__clkbuf_16)
                                         clknet_2_2__leaf_clk (net)
                  0.11    0.01    0.71 ^ _357_/CLK (sky130_fd_sc_hd__dfrtp_4)
     5    0.05    0.27    0.95    1.66 ^ _357_/Q (sky130_fd_sc_hd__dfrtp_4)
                                         one_second_enable (net)
                  0.27    0.01    1.66 ^ _162_/A (sky130_fd_sc_hd__and3_2)
     3    0.04    0.33    0.61    2.27 ^ _162_/X (sky130_fd_sc_hd__and3_2)
                                         _064_ (net)
                  0.33    0.01    2.28 ^ _172_/A (sky130_fd_sc_hd__nor2_1)
     1    0.02    0.21    0.30    2.57 v _172_/Y (sky130_fd_sc_hd__nor2_1)
                                         _061_ (net)
                  0.21    0.00    2.58 v _359_/D (sky130_fd_sc_hd__dfrtp_4)
                                  2.58   data arrival time

                          0.00    0.00   clock clk (rise edge)
                          0.00    0.00   clock source latency
     1    0.03    0.19    0.14    0.14 ^ clk (in)
                                         clk (net)
                  0.19    0.00    0.14 ^ clkbuf_0_clk/A (sky130_fd_sc_hd__clkbuf_16)
     4    0.05    0.11    0.33    0.47 ^ clkbuf_0_clk/X (sky130_fd_sc_hd__clkbuf_16)
                                         clknet_0_clk (net)
                  0.11    0.00    0.48 ^ clkbuf_2_0__f_clk/A (sky130_fd_sc_hd__clkbuf_16)
     9    0.05    0.10    0.29    0.77 ^ clkbuf_2_0__f_clk/X (sky130_fd_sc_hd__clkbuf_16)
                                         clknet_2_0__leaf_clk (net)
                  0.10    0.00    0.77 ^ _359_/CLK (sky130_fd_sc_hd__dfrtp_4)
                          0.25    1.02   clock uncertainty
                         -0.05    0.97   clock reconvergence pessimism
                         -0.13    0.84   library hold time
                                  0.84   data required time
-----------------------------------------------------------------------------
                                  0.84   data required time
                                 -2.58   data arrival time
-----------------------------------------------------------------------------
                                  1.74   slack (MET)


Startpoint: _332_ (rising edge-triggered flip-flop clocked by clk)
Endpoint: _332_ (rising edge-triggered flip-flop clocked by clk)
Path Group: clk
Path Type: min
Corner: Slowest

Fanout     Cap    Slew   Delay    Time   Description
-----------------------------------------------------------------------------
                          0.00    0.00   clock clk (rise edge)
                          0.00    0.00   clock source latency
     1    0.03    0.19    0.13    0.13 ^ clk (in)
                                         clk (net)
                  0.19    0.00    0.13 ^ clkbuf_0_clk/A (sky130_fd_sc_hd__clkbuf_16)
     4    0.05    0.11    0.30    0.43 ^ clkbuf_0_clk/X (sky130_fd_sc_hd__clkbuf_16)
                                         clknet_0_clk (net)
                  0.11    0.00    0.43 ^ clkbuf_2_1__f_clk/A (sky130_fd_sc_hd__clkbuf_16)
    11    0.04    0.09    0.25    0.68 ^ clkbuf_2_1__f_clk/X (sky130_fd_sc_hd__clkbuf_16)
                                         clknet_2_1__leaf_clk (net)
                  0.09    0.00    0.69 ^ _332_/CLK (sky130_fd_sc_hd__dfrtp_4)
     4    0.04    0.24    0.92    1.60 ^ _332_/Q (sky130_fd_sc_hd__dfrtp_4)
                                         one_second_counter[2] (net)
                  0.24    0.00    1.60 ^ _196_/B1 (sky130_fd_sc_hd__a21o_1)
     1    0.01    0.19    0.29    1.89 ^ _196_/X (sky130_fd_sc_hd__a21o_1)
                                         _091_ (net)
                  0.19    0.00    1.89 ^ _197_/C (sky130_fd_sc_hd__and3_1)
     1    0.01    0.13    0.37    2.26 ^ _197_/X (sky130_fd_sc_hd__and3_1)
                                         _092_ (net)
                  0.13    0.00    2.26 ^ _198_/A (sky130_fd_sc_hd__buf_1)
     1    0.02    0.30    0.32    2.58 ^ _198_/X (sky130_fd_sc_hd__buf_1)
                                         _019_ (net)
                  0.30    0.00    2.59 ^ _332_/D (sky130_fd_sc_hd__dfrtp_4)
                                  2.59   data arrival time

                          0.00    0.00   clock clk (rise edge)
                          0.00    0.00   clock source latency
     1    0.03    0.19    0.14    0.14 ^ clk (in)
                                         clk (net)
                  0.19    0.00    0.14 ^ clkbuf_0_clk/A (sky130_fd_sc_hd__clkbuf_16)
     4    0.05    0.11    0.33    0.47 ^ clkbuf_0_clk/X (sky130_fd_sc_hd__clkbuf_16)
                                         clknet_0_clk (net)
                  0.11    0.00    0.48 ^ clkbuf_2_1__f_clk/A (sky130_fd_sc_hd__clkbuf_16)
    11    0.04    0.09    0.28    0.76 ^ clkbuf_2_1__f_clk/X (sky130_fd_sc_hd__clkbuf_16)
                                         clknet_2_1__leaf_clk (net)
                  0.09    0.00    0.76 ^ _332_/CLK (sky130_fd_sc_hd__dfrtp_4)
                          0.25    1.01   clock uncertainty
                         -0.07    0.94   clock reconvergence pessimism
                         -0.13    0.81   library hold time
                                  0.81   data required time
-----------------------------------------------------------------------------
                                  0.81   data required time
                                 -2.59   data arrival time
-----------------------------------------------------------------------------
                                  1.78   slack (MET)


Startpoint: _336_ (rising edge-triggered flip-flop clocked by clk)
Endpoint: _336_ (rising edge-triggered flip-flop clocked by clk)
Path Group: clk
Path Type: min
Corner: Slowest

Fanout     Cap    Slew   Delay    Time   Description
-----------------------------------------------------------------------------
                          0.00    0.00   clock clk (rise edge)
                          0.00    0.00   clock source latency
     1    0.03    0.19    0.13    0.13 ^ clk (in)
                                         clk (net)
                  0.19    0.00    0.13 ^ clkbuf_0_clk/A (sky130_fd_sc_hd__clkbuf_16)
     4    0.05    0.11    0.30    0.43 ^ clkbuf_0_clk/X (sky130_fd_sc_hd__clkbuf_16)
                                         clknet_0_clk (net)
                  0.11    0.00    0.43 ^ clkbuf_2_1__f_clk/A (sky130_fd_sc_hd__clkbuf_16)
    11    0.04    0.09    0.25    0.68 ^ clkbuf_2_1__f_clk/X (sky130_fd_sc_hd__clkbuf_16)
                                         clknet_2_1__leaf_clk (net)
                  0.09    0.00    0.69 ^ _336_/CLK (sky130_fd_sc_hd__dfrtp_2)
     3    0.03    0.28    0.84    1.52 ^ _336_/Q (sky130_fd_sc_hd__dfrtp_2)
                                         one_second_counter[6] (net)
                  0.28    0.00    1.53 ^ _210_/A (sky130_fd_sc_hd__or2_1)
     1    0.01    0.14    0.29    1.82 ^ _210_/X (sky130_fd_sc_hd__or2_1)
                                         _101_ (net)
                  0.14    0.00    1.82 ^ _212_/B (sky130_fd_sc_hd__and3_1)
     1    0.01    0.15    0.35    2.17 ^ _212_/X (sky130_fd_sc_hd__and3_1)
                                         _103_ (net)
                  0.15    0.00    2.17 ^ _213_/A (sky130_fd_sc_hd__buf_1)
     1    0.02    0.45    0.43    2.60 ^ _213_/X (sky130_fd_sc_hd__buf_1)
                                         _023_ (net)
                  0.45    0.00    2.61 ^ _336_/D (sky130_fd_sc_hd__dfrtp_2)
                                  2.61   data arrival time

                          0.00    0.00   clock clk (rise edge)
                          0.00    0.00   clock source latency
     1    0.03    0.19    0.14    0.14 ^ clk (in)
                                         clk (net)
                  0.19    0.00    0.14 ^ clkbuf_0_clk/A (sky130_fd_sc_hd__clkbuf_16)
     4    0.05    0.11    0.33    0.47 ^ clkbuf_0_clk/X (sky130_fd_sc_hd__clkbuf_16)
                                         clknet_0_clk (net)
                  0.11    0.00    0.48 ^ clkbuf_2_1__f_clk/A (sky130_fd_sc_hd__clkbuf_16)
    11    0.04    0.09    0.28    0.76 ^ clkbuf_2_1__f_clk/X (sky130_fd_sc_hd__clkbuf_16)
                                         clknet_2_1__leaf_clk (net)
                  0.09    0.00    0.76 ^ _336_/CLK (sky130_fd_sc_hd__dfrtp_2)
                          0.25    1.01   clock uncertainty
                         -0.07    0.94   clock reconvergence pessimism
                         -0.16    0.78   library hold time
                                  0.78   data required time
-----------------------------------------------------------------------------
                                  0.78   data required time
                                 -2.61   data arrival time
-----------------------------------------------------------------------------
                                  1.83   slack (MET)


Startpoint: _338_ (rising edge-triggered flip-flop clocked by clk)
Endpoint: _338_ (rising edge-triggered flip-flop clocked by clk)
Path Group: clk
Path Type: min
Corner: Slowest

Fanout     Cap    Slew   Delay    Time   Description
-----------------------------------------------------------------------------
                          0.00    0.00   clock clk (rise edge)
                          0.00    0.00   clock source latency
     1    0.03    0.19    0.13    0.13 ^ clk (in)
                                         clk (net)
                  0.19    0.00    0.13 ^ clkbuf_0_clk/A (sky130_fd_sc_hd__clkbuf_16)
     4    0.05    0.11    0.30    0.43 ^ clkbuf_0_clk/X (sky130_fd_sc_hd__clkbuf_16)
                                         clknet_0_clk (net)
                  0.11    0.00    0.43 ^ clkbuf_2_3__f_clk/A (sky130_fd_sc_hd__clkbuf_16)
     8    0.04    0.10    0.26    0.69 ^ clkbuf_2_3__f_clk/X (sky130_fd_sc_hd__clkbuf_16)
                                         clknet_2_3__leaf_clk (net)
                  0.10    0.00    0.69 ^ _338_/CLK (sky130_fd_sc_hd__dfrtp_4)
     5    0.05    0.26    0.93    1.63 ^ _338_/Q (sky130_fd_sc_hd__dfrtp_4)
                                         one_second_counter[8] (net)
                  0.26    0.00    1.63 ^ _217_/A (sky130_fd_sc_hd__nand2_1)
     1    0.01    0.19    0.24    1.87 v _217_/Y (sky130_fd_sc_hd__nand2_1)
                                         _106_ (net)
                  0.19    0.00    1.87 v _218_/C (sky130_fd_sc_hd__and3_1)
     1    0.02    0.19    0.51    2.39 v _218_/X (sky130_fd_sc_hd__and3_1)
                                         _107_ (net)
                  0.19    0.00    2.39 v _219_/A (sky130_fd_sc_hd__clkbuf_1)
     1    0.01    0.15    0.28    2.67 v _219_/X (sky130_fd_sc_hd__clkbuf_1)
                                         _025_ (net)
                  0.15    0.00    2.67 v _338_/D (sky130_fd_sc_hd__dfrtp_4)
                                  2.67   data arrival time

                          0.00    0.00   clock clk (rise edge)
                          0.00    0.00   clock source latency
     1    0.03    0.19    0.14    0.14 ^ clk (in)
                                         clk (net)
                  0.19    0.00    0.14 ^ clkbuf_0_clk/A (sky130_fd_sc_hd__clkbuf_16)
     4    0.05    0.11    0.33    0.47 ^ clkbuf_0_clk/X (sky130_fd_sc_hd__clkbuf_16)
                                         clknet_0_clk (net)
                  0.11    0.00    0.48 ^ clkbuf_2_3__f_clk/A (sky130_fd_sc_hd__clkbuf_16)
     8    0.04    0.10    0.29    0.76 ^ clkbuf_2_3__f_clk/X (sky130_fd_sc_hd__clkbuf_16)
                                         clknet_2_3__leaf_clk (net)
                  0.10    0.00    0.77 ^ _338_/CLK (sky130_fd_sc_hd__dfrtp_4)
                          0.25    1.02   clock uncertainty
                         -0.07    0.94   clock reconvergence pessimism
                         -0.11    0.83   library hold time
                                  0.83   data required time
-----------------------------------------------------------------------------
                                  0.83   data required time
                                 -2.67   data arrival time
-----------------------------------------------------------------------------
                                  1.85   slack (MET)


Startpoint: _360_ (rising edge-triggered flip-flop clocked by clk)
Endpoint: _360_ (rising edge-triggered flip-flop clocked by clk)
Path Group: clk
Path Type: min
Corner: Slowest

Fanout     Cap    Slew   Delay    Time   Description
-----------------------------------------------------------------------------
                          0.00    0.00   clock clk (rise edge)
                          0.00    0.00   clock source latency
     1    0.03    0.19    0.13    0.13 ^ clk (in)
                                         clk (net)
                  0.19    0.00    0.13 ^ clkbuf_0_clk/A (sky130_fd_sc_hd__clkbuf_16)
     4    0.05    0.11    0.30    0.43 ^ clkbuf_0_clk/X (sky130_fd_sc_hd__clkbuf_16)
                                         clknet_0_clk (net)
                  0.11    0.00    0.43 ^ clkbuf_2_3__f_clk/A (sky130_fd_sc_hd__clkbuf_16)
     8    0.04    0.10    0.26    0.69 ^ clkbuf_2_3__f_clk/X (sky130_fd_sc_hd__clkbuf_16)
                                         clknet_2_3__leaf_clk (net)
                  0.10    0.00    0.69 ^ _360_/CLK (sky130_fd_sc_hd__dfrtp_4)
     6    0.06    0.33    0.99    1.68 ^ _360_/Q (sky130_fd_sc_hd__dfrtp_4)
                                         decoder.digit[2] (net)
                  0.34    0.01    1.69 ^ _163_/A (sky130_fd_sc_hd__nand2_1)
     2    0.02    0.30    0.36    2.05 v _163_/Y (sky130_fd_sc_hd__nand2_1)
                                         _065_ (net)
                  0.30    0.00    2.05 v _169_/A (sky130_fd_sc_hd__and2_1)
     1    0.01    0.11    0.41    2.47 v _169_/X (sky130_fd_sc_hd__and2_1)
                                         _070_ (net)
                  0.11    0.00    2.47 v _170_/A (sky130_fd_sc_hd__clkbuf_1)
     1    0.01    0.14    0.24    2.71 v _170_/X (sky130_fd_sc_hd__clkbuf_1)
                                         _062_ (net)
                  0.14    0.00    2.71 v _360_/D (sky130_fd_sc_hd__dfrtp_4)
                                  2.71   data arrival time

                          0.00    0.00   clock clk (rise edge)
                          0.00    0.00   clock source latency
     1    0.03    0.19    0.14    0.14 ^ clk (in)
                                         clk (net)
                  0.19    0.00    0.14 ^ clkbuf_0_clk/A (sky130_fd_sc_hd__clkbuf_16)
     4    0.05    0.11    0.33    0.47 ^ clkbuf_0_clk/X (sky130_fd_sc_hd__clkbuf_16)
                                         clknet_0_clk (net)
                  0.11    0.00    0.48 ^ clkbuf_2_3__f_clk/A (sky130_fd_sc_hd__clkbuf_16)
     8    0.04    0.10    0.29    0.76 ^ clkbuf_2_3__f_clk/X (sky130_fd_sc_hd__clkbuf_16)
                                         clknet_2_3__leaf_clk (net)
                  0.10    0.00    0.77 ^ _360_/CLK (sky130_fd_sc_hd__dfrtp_4)
                          0.25    1.02   clock uncertainty
                         -0.07    0.94   clock reconvergence pessimism
                         -0.11    0.83   library hold time
                                  0.83   data required time
-----------------------------------------------------------------------------
                                  0.83   data required time
                                 -2.71   data arrival time
-----------------------------------------------------------------------------
                                  1.88   slack (MET)


Startpoint: _330_ (rising edge-triggered flip-flop clocked by clk)
Endpoint: _331_ (rising edge-triggered flip-flop clocked by clk)
Path Group: clk
Path Type: min
Corner: Slowest

Fanout     Cap    Slew   Delay    Time   Description
-----------------------------------------------------------------------------
                          0.00    0.00   clock clk (rise edge)
                          0.00    0.00   clock source latency
     1    0.03    0.19    0.13    0.13 ^ clk (in)
                                         clk (net)
                  0.19    0.00    0.13 ^ clkbuf_0_clk/A (sky130_fd_sc_hd__clkbuf_16)
     4    0.05    0.11    0.30    0.43 ^ clkbuf_0_clk/X (sky130_fd_sc_hd__clkbuf_16)
                                         clknet_0_clk (net)
                  0.11    0.00    0.43 ^ clkbuf_2_1__f_clk/A (sky130_fd_sc_hd__clkbuf_16)
    11    0.04    0.09    0.25    0.68 ^ clkbuf_2_1__f_clk/X (sky130_fd_sc_hd__clkbuf_16)
                                         clknet_2_1__leaf_clk (net)
                  0.09    0.00    0.69 ^ _330_/CLK (sky130_fd_sc_hd__dfrtp_4)
     7    0.06    0.32    0.98    1.67 ^ _330_/Q (sky130_fd_sc_hd__dfrtp_4)
                                         one_second_counter[0] (net)
                  0.32    0.01    1.68 ^ _191_/B (sky130_fd_sc_hd__nand2_1)
     1    0.02    0.36    0.40    2.07 v _191_/Y (sky130_fd_sc_hd__nand2_1)
                                         _087_ (net)
                  0.36    0.00    2.08 v _193_/A (sky130_fd_sc_hd__and3_1)
     1    0.01    0.14    0.48    2.56 v _193_/X (sky130_fd_sc_hd__and3_1)
                                         _089_ (net)
                  0.14    0.00    2.56 v _194_/A (sky130_fd_sc_hd__clkbuf_1)
     1    0.01    0.12    0.24    2.80 v _194_/X (sky130_fd_sc_hd__clkbuf_1)
                                         _011_ (net)
                  0.12    0.00    2.80 v _331_/D (sky130_fd_sc_hd__dfrtp_4)
                                  2.80   data arrival time

                          0.00    0.00   clock clk (rise edge)
                          0.00    0.00   clock source latency
     1    0.03    0.19    0.14    0.14 ^ clk (in)
                                         clk (net)
                  0.19    0.00    0.14 ^ clkbuf_0_clk/A (sky130_fd_sc_hd__clkbuf_16)
     4    0.05    0.11    0.33    0.47 ^ clkbuf_0_clk/X (sky130_fd_sc_hd__clkbuf_16)
                                         clknet_0_clk (net)
                  0.11    0.00    0.48 ^ clkbuf_2_2__f_clk/A (sky130_fd_sc_hd__clkbuf_16)
     7    0.05    0.11    0.29    0.77 ^ clkbuf_2_2__f_clk/X (sky130_fd_sc_hd__clkbuf_16)
                                         clknet_2_2__leaf_clk (net)
                  0.11    0.01    0.78 ^ _331_/CLK (sky130_fd_sc_hd__dfrtp_4)
                          0.25    1.03   clock uncertainty
                         -0.05    0.99   clock reconvergence pessimism
                         -0.10    0.89   library hold time
                                  0.89   data required time
-----------------------------------------------------------------------------
                                  0.89   data required time
                                 -2.80   data arrival time
-----------------------------------------------------------------------------
                                  1.91   slack (MET)


Startpoint: _334_ (rising edge-triggered flip-flop clocked by clk)
Endpoint: _334_ (rising edge-triggered flip-flop clocked by clk)
Path Group: clk
Path Type: min
Corner: Slowest

Fanout     Cap    Slew   Delay    Time   Description
-----------------------------------------------------------------------------
                          0.00    0.00   clock clk (rise edge)
                          0.00    0.00   clock source latency
     1    0.03    0.19    0.13    0.13 ^ clk (in)
                                         clk (net)
                  0.19    0.00    0.13 ^ clkbuf_0_clk/A (sky130_fd_sc_hd__clkbuf_16)
     4    0.05    0.11    0.30    0.43 ^ clkbuf_0_clk/X (sky130_fd_sc_hd__clkbuf_16)
                                         clknet_0_clk (net)
                  0.11    0.00    0.43 ^ clkbuf_2_1__f_clk/A (sky130_fd_sc_hd__clkbuf_16)
    11    0.04    0.09    0.25    0.68 ^ clkbuf_2_1__f_clk/X (sky130_fd_sc_hd__clkbuf_16)
                                         clknet_2_1__leaf_clk (net)
                  0.09    0.00    0.69 ^ _334_/CLK (sky130_fd_sc_hd__dfrtp_4)
     5    0.05    0.27    0.94    1.63 ^ _334_/Q (sky130_fd_sc_hd__dfrtp_4)
                                         one_second_counter[4] (net)
                  0.27    0.01    1.63 ^ _204_/A (sky130_fd_sc_hd__or2_1)
     1    0.02    0.32    0.41    2.05 ^ _204_/X (sky130_fd_sc_hd__or2_1)
                                         _097_ (net)
                  0.32    0.00    2.05 ^ _205_/C (sky130_fd_sc_hd__and3_1)
     1    0.01    0.17    0.44    2.48 ^ _205_/X (sky130_fd_sc_hd__and3_1)
                                         _098_ (net)
                  0.17    0.00    2.48 ^ _206_/A (sky130_fd_sc_hd__clkbuf_1)
     1    0.01    0.28    0.33    2.81 ^ _206_/X (sky130_fd_sc_hd__clkbuf_1)
                                         _021_ (net)
                  0.28    0.00    2.81 ^ _334_/D (sky130_fd_sc_hd__dfrtp_4)
                                  2.81   data arrival time

                          0.00    0.00   clock clk (rise edge)
                          0.00    0.00   clock source latency
     1    0.03    0.19    0.14    0.14 ^ clk (in)
                                         clk (net)
                  0.19    0.00    0.14 ^ clkbuf_0_clk/A (sky130_fd_sc_hd__clkbuf_16)
     4    0.05    0.11    0.33    0.47 ^ clkbuf_0_clk/X (sky130_fd_sc_hd__clkbuf_16)
                                         clknet_0_clk (net)
                  0.11    0.00    0.48 ^ clkbuf_2_1__f_clk/A (sky130_fd_sc_hd__clkbuf_16)
    11    0.04    0.09    0.28    0.76 ^ clkbuf_2_1__f_clk/X (sky130_fd_sc_hd__clkbuf_16)
                                         clknet_2_1__leaf_clk (net)
                  0.09    0.00    0.76 ^ _334_/CLK (sky130_fd_sc_hd__dfrtp_4)
                          0.25    1.01   clock uncertainty
                         -0.07    0.94   clock reconvergence pessimism
                         -0.12    0.81   library hold time
                                  0.81   data required time
-----------------------------------------------------------------------------
                                  0.81   data required time
                                 -2.81   data arrival time
-----------------------------------------------------------------------------
                                  2.00   slack (MET)


Startpoint: _346_ (rising edge-triggered flip-flop clocked by clk)
Endpoint: _346_ (rising edge-triggered flip-flop clocked by clk)
Path Group: clk
Path Type: min
Corner: Slowest

Fanout     Cap    Slew   Delay    Time   Description
-----------------------------------------------------------------------------
                          0.00    0.00   clock clk (rise edge)
                          0.00    0.00   clock source latency
     1    0.03    0.19    0.13    0.13 ^ clk (in)
                                         clk (net)
                  0.19    0.00    0.13 ^ clkbuf_0_clk/A (sky130_fd_sc_hd__clkbuf_16)
     4    0.05    0.11    0.30    0.43 ^ clkbuf_0_clk/X (sky130_fd_sc_hd__clkbuf_16)
                                         clknet_0_clk (net)
                  0.11    0.00    0.43 ^ clkbuf_2_2__f_clk/A (sky130_fd_sc_hd__clkbuf_16)
     7    0.05    0.11    0.27    0.70 ^ clkbuf_2_2__f_clk/X (sky130_fd_sc_hd__clkbuf_16)
                                         clknet_2_2__leaf_clk (net)
                  0.11    0.01    0.71 ^ _346_/CLK (sky130_fd_sc_hd__dfrtp_4)
     6    0.05    0.27    0.95    1.66 ^ _346_/Q (sky130_fd_sc_hd__dfrtp_4)
                                         one_second_counter[16] (net)
                  0.27    0.00    1.66 ^ _247_/A (sky130_fd_sc_hd__or2_1)
     1    0.02    0.30    0.40    2.07 ^ _247_/X (sky130_fd_sc_hd__or2_1)
                                         _128_ (net)
                  0.30    0.00    2.07 ^ _249_/B (sky130_fd_sc_hd__and3_1)
     1    0.01    0.21    0.46    2.53 ^ _249_/X (sky130_fd_sc_hd__and3_1)
                                         _130_ (net)
                  0.21    0.00    2.53 ^ _250_/A (sky130_fd_sc_hd__clkbuf_1)
     1    0.01    0.26    0.33    2.86 ^ _250_/X (sky130_fd_sc_hd__clkbuf_1)
                                         _007_ (net)
                  0.26    0.00    2.86 ^ _346_/D (sky130_fd_sc_hd__dfrtp_4)
                                  2.86   data arrival time

                          0.00    0.00   clock clk (rise edge)
                          0.00    0.00   clock source latency
     1    0.03    0.19    0.14    0.14 ^ clk (in)
                                         clk (net)
                  0.19    0.00    0.14 ^ clkbuf_0_clk/A (sky130_fd_sc_hd__clkbuf_16)
     4    0.05    0.11    0.33    0.47 ^ clkbuf_0_clk/X (sky130_fd_sc_hd__clkbuf_16)
                                         clknet_0_clk (net)
                  0.11    0.00    0.48 ^ clkbuf_2_2__f_clk/A (sky130_fd_sc_hd__clkbuf_16)
     7    0.05    0.11    0.29    0.77 ^ clkbuf_2_2__f_clk/X (sky130_fd_sc_hd__clkbuf_16)
                                         clknet_2_2__leaf_clk (net)
                  0.11    0.01    0.78 ^ _346_/CLK (sky130_fd_sc_hd__dfrtp_4)
                          0.25    1.03   clock uncertainty
                         -0.07    0.96   clock reconvergence pessimism
                         -0.11    0.84   library hold time
                                  0.84   data required time
-----------------------------------------------------------------------------
                                  0.84   data required time
                                 -2.86   data arrival time
-----------------------------------------------------------------------------
                                  2.02   slack (MET)


Startpoint: _350_ (rising edge-triggered flip-flop clocked by clk)
Endpoint: _350_ (rising edge-triggered flip-flop clocked by clk)
Path Group: clk
Path Type: min
Corner: Slowest

Fanout     Cap    Slew   Delay    Time   Description
-----------------------------------------------------------------------------
                          0.00    0.00   clock clk (rise edge)
                          0.00    0.00   clock source latency
     1    0.03    0.19    0.13    0.13 ^ clk (in)
                                         clk (net)
                  0.19    0.00    0.13 ^ clkbuf_0_clk/A (sky130_fd_sc_hd__clkbuf_16)
     4    0.05    0.11    0.30    0.43 ^ clkbuf_0_clk/X (sky130_fd_sc_hd__clkbuf_16)
                                         clknet_0_clk (net)
                  0.11    0.00    0.43 ^ clkbuf_2_3__f_clk/A (sky130_fd_sc_hd__clkbuf_16)
     8    0.04    0.10    0.26    0.69 ^ clkbuf_2_3__f_clk/X (sky130_fd_sc_hd__clkbuf_16)
                                         clknet_2_3__leaf_clk (net)
                  0.10    0.00    0.69 ^ _350_/CLK (sky130_fd_sc_hd__dfrtp_2)
     4    0.04    0.34    0.88    1.58 ^ _350_/Q (sky130_fd_sc_hd__dfrtp_2)
                                         one_second_counter[20] (net)
                  0.34    0.01    1.58 ^ _262_/A (sky130_fd_sc_hd__or2_1)
     1    0.01    0.22    0.36    1.95 ^ _262_/X (sky130_fd_sc_hd__or2_1)
                                         _139_ (net)
                  0.22    0.00    1.95 ^ _264_/B (sky130_fd_sc_hd__and3_1)
     1    0.03    0.42    0.58    2.53 ^ _264_/X (sky130_fd_sc_hd__and3_1)
                                         _141_ (net)
                  0.42    0.00    2.53 ^ _265_/A (sky130_fd_sc_hd__clkbuf_1)
     1    0.01    0.21    0.35    2.88 ^ _265_/X (sky130_fd_sc_hd__clkbuf_1)
                                         _012_ (net)
                  0.21    0.00    2.88 ^ _350_/D (sky130_fd_sc_hd__dfrtp_2)
                                  2.88   data arrival time

                          0.00    0.00   clock clk (rise edge)
                          0.00    0.00   clock source latency
     1    0.03    0.19    0.14    0.14 ^ clk (in)
                                         clk (net)
                  0.19    0.00    0.14 ^ clkbuf_0_clk/A (sky130_fd_sc_hd__clkbuf_16)
     4    0.05    0.11    0.33    0.47 ^ clkbuf_0_clk/X (sky130_fd_sc_hd__clkbuf_16)
                                         clknet_0_clk (net)
                  0.11    0.00    0.48 ^ clkbuf_2_3__f_clk/A (sky130_fd_sc_hd__clkbuf_16)
     8    0.04    0.10    0.29    0.76 ^ clkbuf_2_3__f_clk/X (sky130_fd_sc_hd__clkbuf_16)
                                         clknet_2_3__leaf_clk (net)
                  0.10    0.00    0.77 ^ _350_/CLK (sky130_fd_sc_hd__dfrtp_2)
                          0.25    1.02   clock uncertainty
                         -0.07    0.94   clock reconvergence pessimism
                         -0.10    0.84   library hold time
                                  0.84   data required time
-----------------------------------------------------------------------------
                                  0.84   data required time
                                 -2.88   data arrival time
-----------------------------------------------------------------------------
                                  2.04   slack (MET)


Startpoint: _356_ (rising edge-triggered flip-flop clocked by clk)
Endpoint: _357_ (rising edge-triggered flip-flop clocked by clk)
Path Group: clk
Path Type: min
Corner: Slowest

Fanout     Cap    Slew   Delay    Time   Description
-----------------------------------------------------------------------------
                          0.00    0.00   clock clk (rise edge)
                          0.00    0.00   clock source latency
     1    0.03    0.19    0.13    0.13 ^ clk (in)
                                         clk (net)
                  0.19    0.00    0.13 ^ clkbuf_0_clk/A (sky130_fd_sc_hd__clkbuf_16)
     4    0.05    0.11    0.30    0.43 ^ clkbuf_0_clk/X (sky130_fd_sc_hd__clkbuf_16)
                                         clknet_0_clk (net)
                  0.11    0.00    0.43 ^ clkbuf_2_1__f_clk/A (sky130_fd_sc_hd__clkbuf_16)
    11    0.04    0.09    0.25    0.68 ^ clkbuf_2_1__f_clk/X (sky130_fd_sc_hd__clkbuf_16)
                                         clknet_2_1__leaf_clk (net)
                  0.09    0.00    0.69 ^ _356_/CLK (sky130_fd_sc_hd__dfrtp_1)
     2    0.02    0.27    0.77    1.46 ^ _356_/Q (sky130_fd_sc_hd__dfrtp_1)
                                         one_second_counter[26] (net)
                  0.27    0.00    1.46 ^ _187_/B1_N (sky130_fd_sc_hd__a21bo_2)
     9    0.06    0.28    0.67    2.13 v _187_/X (sky130_fd_sc_hd__a21bo_2)
                                         _085_ (net)
                  0.28    0.00    2.14 v _188_/A (sky130_fd_sc_hd__inv_2)
     2    0.03    0.23    0.28    2.41 ^ _188_/Y (sky130_fd_sc_hd__inv_2)
                                         _086_ (net)
                  0.23    0.00    2.42 ^ _189_/A (sky130_fd_sc_hd__buf_4)
    10    0.08    0.37    0.47    2.88 ^ _189_/X (sky130_fd_sc_hd__buf_4)
                                         _027_ (net)
                  0.37    0.01    2.90 ^ _357_/D (sky130_fd_sc_hd__dfrtp_4)
                                  2.90   data arrival time

                          0.00    0.00   clock clk (rise edge)
                          0.00    0.00   clock source latency
     1    0.03    0.19    0.14    0.14 ^ clk (in)
                                         clk (net)
                  0.19    0.00    0.14 ^ clkbuf_0_clk/A (sky130_fd_sc_hd__clkbuf_16)
     4    0.05    0.11    0.33    0.47 ^ clkbuf_0_clk/X (sky130_fd_sc_hd__clkbuf_16)
                                         clknet_0_clk (net)
                  0.11    0.00    0.48 ^ clkbuf_2_2__f_clk/A (sky130_fd_sc_hd__clkbuf_16)
     7    0.05    0.11    0.29    0.77 ^ clkbuf_2_2__f_clk/X (sky130_fd_sc_hd__clkbuf_16)
                                         clknet_2_2__leaf_clk (net)
                  0.11    0.01    0.78 ^ _357_/CLK (sky130_fd_sc_hd__dfrtp_4)
                          0.25    1.03   clock uncertainty
                         -0.05    0.99   clock reconvergence pessimism
                         -0.14    0.85   library hold time
                                  0.85   data required time
-----------------------------------------------------------------------------
                                  0.85   data required time
                                 -2.90   data arrival time
-----------------------------------------------------------------------------
                                  2.05   slack (MET)


Startpoint: _344_ (rising edge-triggered flip-flop clocked by clk)
Endpoint: _344_ (rising edge-triggered flip-flop clocked by clk)
Path Group: clk
Path Type: min
Corner: Slowest

Fanout     Cap    Slew   Delay    Time   Description
-----------------------------------------------------------------------------
                          0.00    0.00   clock clk (rise edge)
                          0.00    0.00   clock source latency
     1    0.03    0.19    0.13    0.13 ^ clk (in)
                                         clk (net)
                  0.19    0.00    0.13 ^ clkbuf_0_clk/A (sky130_fd_sc_hd__clkbuf_16)
     4    0.05    0.11    0.30    0.43 ^ clkbuf_0_clk/X (sky130_fd_sc_hd__clkbuf_16)
                                         clknet_0_clk (net)
                  0.11    0.00    0.43 ^ clkbuf_2_1__f_clk/A (sky130_fd_sc_hd__clkbuf_16)
    11    0.04    0.09    0.25    0.68 ^ clkbuf_2_1__f_clk/X (sky130_fd_sc_hd__clkbuf_16)
                                         clknet_2_1__leaf_clk (net)
                  0.09    0.00    0.69 ^ _344_/CLK (sky130_fd_sc_hd__dfrtp_1)
     3    0.03    0.36    0.83    1.52 ^ _344_/Q (sky130_fd_sc_hd__dfrtp_1)
                                         one_second_counter[14] (net)
                  0.36    0.00    1.52 ^ _238_/A (sky130_fd_sc_hd__inv_2)
     2    0.02    0.13    0.22    1.74 v _238_/Y (sky130_fd_sc_hd__inv_2)
                                         _121_ (net)
                  0.13    0.00    1.75 v _239_/A (sky130_fd_sc_hd__nand2_1)
     2    0.03    0.38    0.33    2.08 ^ _239_/Y (sky130_fd_sc_hd__nand2_1)
                                         _122_ (net)
                  0.38    0.00    2.08 ^ _241_/B (sky130_fd_sc_hd__and3_1)
     1    0.01    0.20    0.47    2.56 ^ _241_/X (sky130_fd_sc_hd__and3_1)
                                         _124_ (net)
                  0.20    0.00    2.56 ^ _242_/A (sky130_fd_sc_hd__clkbuf_1)
     1    0.01    0.26    0.32    2.88 ^ _242_/X (sky130_fd_sc_hd__clkbuf_1)
                                         _005_ (net)
                  0.26    0.00    2.88 ^ _344_/D (sky130_fd_sc_hd__dfrtp_1)
                                  2.88   data arrival time

                          0.00    0.00   clock clk (rise edge)
                          0.00    0.00   clock source latency
     1    0.03    0.19    0.14    0.14 ^ clk (in)
                                         clk (net)
                  0.19    0.00    0.14 ^ clkbuf_0_clk/A (sky130_fd_sc_hd__clkbuf_16)
     4    0.05    0.11    0.33    0.47 ^ clkbuf_0_clk/X (sky130_fd_sc_hd__clkbuf_16)
                                         clknet_0_clk (net)
                  0.11    0.00    0.48 ^ clkbuf_2_1__f_clk/A (sky130_fd_sc_hd__clkbuf_16)
    11    0.04    0.09    0.28    0.76 ^ clkbuf_2_1__f_clk/X (sky130_fd_sc_hd__clkbuf_16)
                                         clknet_2_1__leaf_clk (net)
                  0.09    0.00    0.76 ^ _344_/CLK (sky130_fd_sc_hd__dfrtp_1)
                          0.25    1.01   clock uncertainty
                         -0.07    0.94   clock reconvergence pessimism
                         -0.12    0.82   library hold time
                                  0.82   data required time
-----------------------------------------------------------------------------
                                  0.82   data required time
                                 -2.88   data arrival time
-----------------------------------------------------------------------------
                                  2.06   slack (MET)


Startpoint: _352_ (rising edge-triggered flip-flop clocked by clk)
Endpoint: _352_ (rising edge-triggered flip-flop clocked by clk)
Path Group: clk
Path Type: min
Corner: Slowest

Fanout     Cap    Slew   Delay    Time   Description
-----------------------------------------------------------------------------
                          0.00    0.00   clock clk (rise edge)
                          0.00    0.00   clock source latency
     1    0.03    0.19    0.13    0.13 ^ clk (in)
                                         clk (net)
                  0.19    0.00    0.13 ^ clkbuf_0_clk/A (sky130_fd_sc_hd__clkbuf_16)
     4    0.05    0.11    0.30    0.43 ^ clkbuf_0_clk/X (sky130_fd_sc_hd__clkbuf_16)
                                         clknet_0_clk (net)
                  0.11    0.00    0.43 ^ clkbuf_2_0__f_clk/A (sky130_fd_sc_hd__clkbuf_16)
     9    0.05    0.10    0.26    0.69 ^ clkbuf_2_0__f_clk/X (sky130_fd_sc_hd__clkbuf_16)
                                         clknet_2_0__leaf_clk (net)
                  0.10    0.00    0.70 ^ _352_/CLK (sky130_fd_sc_hd__dfrtp_1)
     3    0.03    0.38    0.85    1.54 ^ _352_/Q (sky130_fd_sc_hd__dfrtp_1)
                                         one_second_counter[22] (net)
                  0.38    0.00    1.55 ^ _269_/A (sky130_fd_sc_hd__or2_1)
     1    0.01    0.12    0.30    1.85 ^ _269_/X (sky130_fd_sc_hd__or2_1)
                                         _144_ (net)
                  0.12    0.00    1.85 ^ _271_/B (sky130_fd_sc_hd__and3_1)
     1    0.02    0.36    0.50    2.35 ^ _271_/X (sky130_fd_sc_hd__and3_1)
                                         _146_ (net)
                  0.36    0.00    2.36 ^ _272_/A (sky130_fd_sc_hd__buf_1)
     1    0.02    0.46    0.50    2.86 ^ _272_/X (sky130_fd_sc_hd__buf_1)
                                         _014_ (net)
                  0.46    0.00    2.86 ^ _352_/D (sky130_fd_sc_hd__dfrtp_1)
                                  2.86   data arrival time

                          0.00    0.00   clock clk (rise edge)
                          0.00    0.00   clock source latency
     1    0.03    0.19    0.14    0.14 ^ clk (in)
                                         clk (net)
                  0.19    0.00    0.14 ^ clkbuf_0_clk/A (sky130_fd_sc_hd__clkbuf_16)
     4    0.05    0.11    0.33    0.47 ^ clkbuf_0_clk/X (sky130_fd_sc_hd__clkbuf_16)
                                         clknet_0_clk (net)
                  0.11    0.00    0.48 ^ clkbuf_2_0__f_clk/A (sky130_fd_sc_hd__clkbuf_16)
     9    0.05    0.10    0.29    0.77 ^ clkbuf_2_0__f_clk/X (sky130_fd_sc_hd__clkbuf_16)
                                         clknet_2_0__leaf_clk (net)
                  0.10    0.00    0.77 ^ _352_/CLK (sky130_fd_sc_hd__dfrtp_1)
                          0.25    1.02   clock uncertainty
                         -0.07    0.95   clock reconvergence pessimism
                         -0.16    0.79   library hold time
                                  0.79   data required time
-----------------------------------------------------------------------------
                                  0.79   data required time
                                 -2.86   data arrival time
-----------------------------------------------------------------------------
                                  2.07   slack (MET)


Startpoint: _349_ (rising edge-triggered flip-flop clocked by clk)
Endpoint: _349_ (rising edge-triggered flip-flop clocked by clk)
Path Group: clk
Path Type: min
Corner: Slowest

Fanout     Cap    Slew   Delay    Time   Description
-----------------------------------------------------------------------------
                          0.00    0.00   clock clk (rise edge)
                          0.00    0.00   clock source latency
     1    0.03    0.19    0.13    0.13 ^ clk (in)
                                         clk (net)
                  0.19    0.00    0.13 ^ clkbuf_0_clk/A (sky130_fd_sc_hd__clkbuf_16)
     4    0.05    0.11    0.30    0.43 ^ clkbuf_0_clk/X (sky130_fd_sc_hd__clkbuf_16)
                                         clknet_0_clk (net)
                  0.11    0.00    0.43 ^ clkbuf_2_3__f_clk/A (sky130_fd_sc_hd__clkbuf_16)
     8    0.04    0.10    0.26    0.69 ^ clkbuf_2_3__f_clk/X (sky130_fd_sc_hd__clkbuf_16)
                                         clknet_2_3__leaf_clk (net)
                  0.10    0.00    0.69 ^ _349_/CLK (sky130_fd_sc_hd__dfrtp_2)
     4    0.04    0.30    0.85    1.55 ^ _349_/Q (sky130_fd_sc_hd__dfrtp_2)
                                         one_second_counter[19] (net)
                  0.30    0.01    1.55 ^ _256_/B1 (sky130_fd_sc_hd__a41o_1)
     1    0.01    0.22    0.34    1.89 ^ _256_/X (sky130_fd_sc_hd__a41o_1)
                                         _134_ (net)
                  0.22    0.00    1.90 ^ _260_/B (sky130_fd_sc_hd__and3_1)
     1    0.02    0.35    0.54    2.43 ^ _260_/X (sky130_fd_sc_hd__and3_1)
                                         _138_ (net)
                  0.35    0.00    2.43 ^ _261_/A (sky130_fd_sc_hd__buf_1)
     1    0.02    0.38    0.45    2.88 ^ _261_/X (sky130_fd_sc_hd__buf_1)
                                         _010_ (net)
                  0.38    0.00    2.89 ^ _349_/D (sky130_fd_sc_hd__dfrtp_2)
                                  2.89   data arrival time

                          0.00    0.00   clock clk (rise edge)
                          0.00    0.00   clock source latency
     1    0.03    0.19    0.14    0.14 ^ clk (in)
                                         clk (net)
                  0.19    0.00    0.14 ^ clkbuf_0_clk/A (sky130_fd_sc_hd__clkbuf_16)
     4    0.05    0.11    0.33    0.47 ^ clkbuf_0_clk/X (sky130_fd_sc_hd__clkbuf_16)
                                         clknet_0_clk (net)
                  0.11    0.00    0.48 ^ clkbuf_2_3__f_clk/A (sky130_fd_sc_hd__clkbuf_16)
     8    0.04    0.10    0.29    0.76 ^ clkbuf_2_3__f_clk/X (sky130_fd_sc_hd__clkbuf_16)
                                         clknet_2_3__leaf_clk (net)
                  0.10    0.00    0.77 ^ _349_/CLK (sky130_fd_sc_hd__dfrtp_2)
                          0.25    1.02   clock uncertainty
                         -0.07    0.94   clock reconvergence pessimism
                         -0.14    0.80   library hold time
                                  0.80   data required time
-----------------------------------------------------------------------------
                                  0.80   data required time
                                 -2.89   data arrival time
-----------------------------------------------------------------------------
                                  2.09   slack (MET)


Startpoint: _342_ (rising edge-triggered flip-flop clocked by clk)
Endpoint: _342_ (rising edge-triggered flip-flop clocked by clk)
Path Group: clk
Path Type: min
Corner: Slowest

Fanout     Cap    Slew   Delay    Time   Description
-----------------------------------------------------------------------------
                          0.00    0.00   clock clk (rise edge)
                          0.00    0.00   clock source latency
     1    0.03    0.19    0.13    0.13 ^ clk (in)
                                         clk (net)
                  0.19    0.00    0.13 ^ clkbuf_0_clk/A (sky130_fd_sc_hd__clkbuf_16)
     4    0.05    0.11    0.30    0.43 ^ clkbuf_0_clk/X (sky130_fd_sc_hd__clkbuf_16)
                                         clknet_0_clk (net)
                  0.11    0.00    0.43 ^ clkbuf_2_1__f_clk/A (sky130_fd_sc_hd__clkbuf_16)
    11    0.04    0.09    0.25    0.68 ^ clkbuf_2_1__f_clk/X (sky130_fd_sc_hd__clkbuf_16)
                                         clknet_2_1__leaf_clk (net)
                  0.09    0.00    0.69 ^ _342_/CLK (sky130_fd_sc_hd__dfrtp_2)
     5    0.04    0.30    0.85    1.53 ^ _342_/Q (sky130_fd_sc_hd__dfrtp_2)
                                         one_second_counter[12] (net)
                  0.30    0.00    1.54 ^ _230_/A (sky130_fd_sc_hd__or2_1)
     1    0.02    0.27    0.39    1.92 ^ _230_/X (sky130_fd_sc_hd__or2_1)
                                         _115_ (net)
                  0.27    0.00    1.92 ^ _232_/B (sky130_fd_sc_hd__and3_1)
     1    0.02    0.38    0.57    2.49 ^ _232_/X (sky130_fd_sc_hd__and3_1)
                                         _117_ (net)
                  0.38    0.00    2.49 ^ _233_/A (sky130_fd_sc_hd__buf_1)
     1    0.02    0.33    0.42    2.92 ^ _233_/X (sky130_fd_sc_hd__buf_1)
                                         _003_ (net)
                  0.33    0.00    2.92 ^ _342_/D (sky130_fd_sc_hd__dfrtp_2)
                                  2.92   data arrival time

                          0.00    0.00   clock clk (rise edge)
                          0.00    0.00   clock source latency
     1    0.03    0.19    0.14    0.14 ^ clk (in)
                                         clk (net)
                  0.19    0.00    0.14 ^ clkbuf_0_clk/A (sky130_fd_sc_hd__clkbuf_16)
     4    0.05    0.11    0.33    0.47 ^ clkbuf_0_clk/X (sky130_fd_sc_hd__clkbuf_16)
                                         clknet_0_clk (net)
                  0.11    0.00    0.48 ^ clkbuf_2_1__f_clk/A (sky130_fd_sc_hd__clkbuf_16)
    11    0.04    0.09    0.28    0.76 ^ clkbuf_2_1__f_clk/X (sky130_fd_sc_hd__clkbuf_16)
                                         clknet_2_1__leaf_clk (net)
                  0.09    0.00    0.76 ^ _342_/CLK (sky130_fd_sc_hd__dfrtp_2)
                          0.25    1.01   clock uncertainty
                         -0.07    0.94   clock reconvergence pessimism
                         -0.13    0.80   library hold time
                                  0.80   data required time
-----------------------------------------------------------------------------
                                  0.80   data required time
                                 -2.92   data arrival time
-----------------------------------------------------------------------------
                                  2.12   slack (MET)


Startpoint: _340_ (rising edge-triggered flip-flop clocked by clk)
Endpoint: _340_ (rising edge-triggered flip-flop clocked by clk)
Path Group: clk
Path Type: min
Corner: Slowest

Fanout     Cap    Slew   Delay    Time   Description
-----------------------------------------------------------------------------
                          0.00    0.00   clock clk (rise edge)
                          0.00    0.00   clock source latency
     1    0.03    0.19    0.13    0.13 ^ clk (in)
                                         clk (net)
                  0.19    0.00    0.13 ^ clkbuf_0_clk/A (sky130_fd_sc_hd__clkbuf_16)
     4    0.05    0.11    0.30    0.43 ^ clkbuf_0_clk/X (sky130_fd_sc_hd__clkbuf_16)
                                         clknet_0_clk (net)
                  0.11    0.00    0.43 ^ clkbuf_2_0__f_clk/A (sky130_fd_sc_hd__clkbuf_16)
     9    0.05    0.10    0.26    0.69 ^ clkbuf_2_0__f_clk/X (sky130_fd_sc_hd__clkbuf_16)
                                         clknet_2_0__leaf_clk (net)
                  0.10    0.00    0.70 ^ _340_/CLK (sky130_fd_sc_hd__dfrtp_4)
     6    0.06    0.33    0.99    1.68 ^ _340_/Q (sky130_fd_sc_hd__dfrtp_4)
                                         one_second_counter[10] (net)
                  0.33    0.00    1.69 ^ _224_/A (sky130_fd_sc_hd__nand2_1)
     1    0.01    0.23    0.31    1.99 v _224_/Y (sky130_fd_sc_hd__nand2_1)
                                         _111_ (net)
                  0.23    0.00    2.00 v _225_/C (sky130_fd_sc_hd__and3_1)
     1    0.03    0.31    0.63    2.62 v _225_/X (sky130_fd_sc_hd__and3_1)
                                         _112_ (net)
                  0.31    0.00    2.63 v _226_/A (sky130_fd_sc_hd__buf_1)
     1    0.02    0.20    0.36    2.99 v _226_/X (sky130_fd_sc_hd__buf_1)
                                         _001_ (net)
                  0.20    0.00    2.99 v _340_/D (sky130_fd_sc_hd__dfrtp_4)
                                  2.99   data arrival time

                          0.00    0.00   clock clk (rise edge)
                          0.00    0.00   clock source latency
     1    0.03    0.19    0.14    0.14 ^ clk (in)
                                         clk (net)
                  0.19    0.00    0.14 ^ clkbuf_0_clk/A (sky130_fd_sc_hd__clkbuf_16)
     4    0.05    0.11    0.33    0.47 ^ clkbuf_0_clk/X (sky130_fd_sc_hd__clkbuf_16)
                                         clknet_0_clk (net)
                  0.11    0.00    0.48 ^ clkbuf_2_0__f_clk/A (sky130_fd_sc_hd__clkbuf_16)
     9    0.05    0.10    0.29    0.77 ^ clkbuf_2_0__f_clk/X (sky130_fd_sc_hd__clkbuf_16)
                                         clknet_2_0__leaf_clk (net)
                  0.10    0.00    0.77 ^ _340_/CLK (sky130_fd_sc_hd__dfrtp_4)
                          0.25    1.02   clock uncertainty
                         -0.07    0.95   clock reconvergence pessimism
                         -0.13    0.82   library hold time
                                  0.82   data required time
-----------------------------------------------------------------------------
                                  0.82   data required time
                                 -2.99   data arrival time
-----------------------------------------------------------------------------
                                  2.17   slack (MET)


Startpoint: _359_ (rising edge-triggered flip-flop clocked by clk)
Endpoint: seg[6] (output port clocked by clk)
Path Group: clk
Path Type: min
Corner: Slowest

Fanout     Cap    Slew   Delay    Time   Description
-----------------------------------------------------------------------------
                          0.00    0.00   clock clk (rise edge)
                          0.00    0.00   clock source latency
     1    0.03    0.19    0.13    0.13 ^ clk (in)
                                         clk (net)
                  0.19    0.00    0.13 ^ clkbuf_0_clk/A (sky130_fd_sc_hd__clkbuf_16)
     4    0.05    0.11    0.30    0.43 ^ clkbuf_0_clk/X (sky130_fd_sc_hd__clkbuf_16)
                                         clknet_0_clk (net)
                  0.11    0.00    0.43 ^ clkbuf_2_0__f_clk/A (sky130_fd_sc_hd__clkbuf_16)
     9    0.05    0.10    0.26    0.69 ^ clkbuf_2_0__f_clk/X (sky130_fd_sc_hd__clkbuf_16)
                                         clknet_2_0__leaf_clk (net)
                  0.10    0.00    0.70 ^ _359_/CLK (sky130_fd_sc_hd__dfrtp_4)
     7    0.06    0.32    0.98    1.68 ^ _359_/Q (sky130_fd_sc_hd__dfrtp_4)
                                         decoder.digit[1] (net)
                  0.32    0.01    1.69 ^ _294_/A1 (sky130_fd_sc_hd__a21boi_2)
     2    0.02    0.13    0.27    1.96 v _294_/Y (sky130_fd_sc_hd__a21boi_2)
                                         net8 (net)
                  0.13    0.00    1.96 v output8/A (sky130_fd_sc_hd__buf_2)
     1    0.03    0.17    0.35    2.31 v output8/X (sky130_fd_sc_hd__buf_2)
                                         seg[6] (net)
                  0.17    0.00    2.31 v seg[6] (out)
                                  2.31   data arrival time

                          0.00    0.00   clock clk (rise edge)
                          0.00    0.00   clock network delay (propagated)
                          0.25    0.25   clock uncertainty
                          0.00    0.25   clock reconvergence pessimism
                         -2.00   -1.75   output external delay
                                 -1.75   data required time
-----------------------------------------------------------------------------
                                 -1.75   data required time
                                 -2.31   data arrival time
-----------------------------------------------------------------------------
                                  4.06   slack (MET)


Startpoint: _361_ (rising edge-triggered flip-flop clocked by clk)
Endpoint: seg[3] (output port clocked by clk)
Path Group: clk
Path Type: min
Corner: Slowest

Fanout     Cap    Slew   Delay    Time   Description
-----------------------------------------------------------------------------
                          0.00    0.00   clock clk (rise edge)
                          0.00    0.00   clock source latency
     1    0.03    0.19    0.13    0.13 ^ clk (in)
                                         clk (net)
                  0.19    0.00    0.13 ^ clkbuf_0_clk/A (sky130_fd_sc_hd__clkbuf_16)
     4    0.05    0.11    0.30    0.43 ^ clkbuf_0_clk/X (sky130_fd_sc_hd__clkbuf_16)
                                         clknet_0_clk (net)
                  0.11    0.00    0.43 ^ clkbuf_2_0__f_clk/A (sky130_fd_sc_hd__clkbuf_16)
     9    0.05    0.10    0.26    0.69 ^ clkbuf_2_0__f_clk/X (sky130_fd_sc_hd__clkbuf_16)
                                         clknet_2_0__leaf_clk (net)
                  0.10    0.00    0.70 ^ _361_/CLK (sky130_fd_sc_hd__dfrtp_4)
     6    0.05    0.29    0.96    1.65 ^ _361_/Q (sky130_fd_sc_hd__dfrtp_4)
                                         decoder.digit[3] (net)
                  0.29    0.01    1.66 ^ _287_/D1 (sky130_fd_sc_hd__a2111o_1)
     2    0.02    0.33    0.41    2.07 ^ _287_/X (sky130_fd_sc_hd__a2111o_1)
                                         net5 (net)
                  0.33    0.00    2.08 ^ output5/A (sky130_fd_sc_hd__buf_2)
     1    0.03    0.27    0.43    2.51 ^ output5/X (sky130_fd_sc_hd__buf_2)
                                         seg[3] (net)
                  0.27    0.00    2.51 ^ seg[3] (out)
                                  2.51   data arrival time

                          0.00    0.00   clock clk (rise edge)
                          0.00    0.00   clock network delay (propagated)
                          0.25    0.25   clock uncertainty
                          0.00    0.25   clock reconvergence pessimism
                         -2.00   -1.75   output external delay
                                 -1.75   data required time
-----------------------------------------------------------------------------
                                 -1.75   data required time
                                 -2.51   data arrival time
-----------------------------------------------------------------------------
                                  4.26   slack (MET)


Startpoint: _358_ (rising edge-triggered flip-flop clocked by clk)
Endpoint: seg[2] (output port clocked by clk)
Path Group: clk
Path Type: min
Corner: Slowest

Fanout     Cap    Slew   Delay    Time   Description
-----------------------------------------------------------------------------
                          0.00    0.00   clock clk (rise edge)
                          0.00    0.00   clock source latency
     1    0.03    0.19    0.13    0.13 ^ clk (in)
                                         clk (net)
                  0.19    0.00    0.13 ^ clkbuf_0_clk/A (sky130_fd_sc_hd__clkbuf_16)
     4    0.05    0.11    0.30    0.43 ^ clkbuf_0_clk/X (sky130_fd_sc_hd__clkbuf_16)
                                         clknet_0_clk (net)
                  0.11    0.00    0.43 ^ clkbuf_2_2__f_clk/A (sky130_fd_sc_hd__clkbuf_16)
     7    0.05    0.11    0.27    0.70 ^ clkbuf_2_2__f_clk/X (sky130_fd_sc_hd__clkbuf_16)
                                         clknet_2_2__leaf_clk (net)
                  0.11    0.01    0.71 ^ _358_/CLK (sky130_fd_sc_hd__dfrtp_4)
     8    0.06    0.33    1.00    1.70 ^ _358_/Q (sky130_fd_sc_hd__dfrtp_4)
                                         decoder.digit[0] (net)
                  0.33    0.01    1.71 ^ _289_/A1 (sky130_fd_sc_hd__a21oi_1)
     1    0.02    0.25    0.39    2.10 v _289_/Y (sky130_fd_sc_hd__a21oi_1)
                                         net4 (net)
                  0.25    0.00    2.10 v output4/A (sky130_fd_sc_hd__buf_2)
     1    0.03    0.17    0.41    2.51 v output4/X (sky130_fd_sc_hd__buf_2)
                                         seg[2] (net)
                  0.17    0.00    2.51 v seg[2] (out)
                                  2.51   data arrival time

                          0.00    0.00   clock clk (rise edge)
                          0.00    0.00   clock network delay (propagated)
                          0.25    0.25   clock uncertainty
                          0.00    0.25   clock reconvergence pessimism
                         -2.00   -1.75   output external delay
                                 -1.75   data required time
-----------------------------------------------------------------------------
                                 -1.75   data required time
                                 -2.51   data arrival time
-----------------------------------------------------------------------------
                                  4.26   slack (MET)


Startpoint: _361_ (rising edge-triggered flip-flop clocked by clk)
Endpoint: seg[5] (output port clocked by clk)
Path Group: clk
Path Type: min
Corner: Slowest

Fanout     Cap    Slew   Delay    Time   Description
-----------------------------------------------------------------------------
                          0.00    0.00   clock clk (rise edge)
                          0.00    0.00   clock source latency
     1    0.03    0.19    0.13    0.13 ^ clk (in)
                                         clk (net)
                  0.19    0.00    0.13 ^ clkbuf_0_clk/A (sky130_fd_sc_hd__clkbuf_16)
     4    0.05    0.11    0.30    0.43 ^ clkbuf_0_clk/X (sky130_fd_sc_hd__clkbuf_16)
                                         clknet_0_clk (net)
                  0.11    0.00    0.43 ^ clkbuf_2_0__f_clk/A (sky130_fd_sc_hd__clkbuf_16)
     9    0.05    0.10    0.26    0.69 ^ clkbuf_2_0__f_clk/X (sky130_fd_sc_hd__clkbuf_16)
                                         clknet_2_0__leaf_clk (net)
                  0.10    0.00    0.70 ^ _361_/CLK (sky130_fd_sc_hd__dfrtp_4)
     6    0.05    0.29    0.96    1.65 ^ _361_/Q (sky130_fd_sc_hd__dfrtp_4)
                                         decoder.digit[3] (net)
                  0.29    0.01    1.66 ^ _292_/A (sky130_fd_sc_hd__or3_1)
     1    0.01    0.17    0.33    1.99 ^ _292_/X (sky130_fd_sc_hd__or3_1)
                                         _158_ (net)
                  0.17    0.00    1.99 ^ _293_/A (sky130_fd_sc_hd__clkbuf_1)
     1    0.00    0.09    0.19    2.18 ^ _293_/X (sky130_fd_sc_hd__clkbuf_1)
                                         net7 (net)
                  0.09    0.00    2.18 ^ output7/A (sky130_fd_sc_hd__buf_2)
     1    0.03    0.27    0.33    2.52 ^ output7/X (sky130_fd_sc_hd__buf_2)
                                         seg[5] (net)
                  0.27    0.00    2.52 ^ seg[5] (out)
                                  2.52   data arrival time

                          0.00    0.00   clock clk (rise edge)
                          0.00    0.00   clock network delay (propagated)
                          0.25    0.25   clock uncertainty
                          0.00    0.25   clock reconvergence pessimism
                         -2.00   -1.75   output external delay
                                 -1.75   data required time
-----------------------------------------------------------------------------
                                 -1.75   data required time
                                 -2.52   data arrival time
-----------------------------------------------------------------------------
                                  4.27   slack (MET)


Startpoint: _361_ (rising edge-triggered flip-flop clocked by clk)
Endpoint: seg[4] (output port clocked by clk)
Path Group: clk
Path Type: min
Corner: Slowest

Fanout     Cap    Slew   Delay    Time   Description
-----------------------------------------------------------------------------
                          0.00    0.00   clock clk (rise edge)
                          0.00    0.00   clock source latency
     1    0.03    0.19    0.13    0.13 ^ clk (in)
                                         clk (net)
                  0.19    0.00    0.13 ^ clkbuf_0_clk/A (sky130_fd_sc_hd__clkbuf_16)
     4    0.05    0.11    0.30    0.43 ^ clkbuf_0_clk/X (sky130_fd_sc_hd__clkbuf_16)
                                         clknet_0_clk (net)
                  0.11    0.00    0.43 ^ clkbuf_2_0__f_clk/A (sky130_fd_sc_hd__clkbuf_16)
     9    0.05    0.10    0.26    0.69 ^ clkbuf_2_0__f_clk/X (sky130_fd_sc_hd__clkbuf_16)
                                         clknet_2_0__leaf_clk (net)
                  0.10    0.00    0.70 ^ _361_/CLK (sky130_fd_sc_hd__dfrtp_4)
     6    0.05    0.29    0.96    1.65 ^ _361_/Q (sky130_fd_sc_hd__dfrtp_4)
                                         decoder.digit[3] (net)
                  0.29    0.00    1.66 ^ _290_/A (sky130_fd_sc_hd__or3_1)
     1    0.01    0.12    0.29    1.95 ^ _290_/X (sky130_fd_sc_hd__or3_1)
                                         _157_ (net)
                  0.12    0.00    1.95 ^ _291_/A (sky130_fd_sc_hd__buf_1)
     1    0.01    0.28    0.31    2.26 ^ _291_/X (sky130_fd_sc_hd__buf_1)
                                         net6 (net)
                  0.28    0.00    2.26 ^ output6/A (sky130_fd_sc_hd__buf_2)
     1    0.04    0.28    0.42    2.68 ^ output6/X (sky130_fd_sc_hd__buf_2)
                                         seg[4] (net)
                  0.28    0.00    2.68 ^ seg[4] (out)
                                  2.68   data arrival time

                          0.00    0.00   clock clk (rise edge)
                          0.00    0.00   clock network delay (propagated)
                          0.25    0.25   clock uncertainty
                          0.00    0.25   clock reconvergence pessimism
                         -2.00   -1.75   output external delay
                                 -1.75   data required time
-----------------------------------------------------------------------------
                                 -1.75   data required time
                                 -2.68   data arrival time
-----------------------------------------------------------------------------
                                  4.43   slack (MET)


Startpoint: _361_ (rising edge-triggered flip-flop clocked by clk)
Endpoint: seg[0] (output port clocked by clk)
Path Group: clk
Path Type: min
Corner: Slowest

Fanout     Cap    Slew   Delay    Time   Description
-----------------------------------------------------------------------------
                          0.00    0.00   clock clk (rise edge)
                          0.00    0.00   clock source latency
     1    0.03    0.19    0.13    0.13 ^ clk (in)
                                         clk (net)
                  0.19    0.00    0.13 ^ clkbuf_0_clk/A (sky130_fd_sc_hd__clkbuf_16)
     4    0.05    0.11    0.30    0.43 ^ clkbuf_0_clk/X (sky130_fd_sc_hd__clkbuf_16)
                                         clknet_0_clk (net)
                  0.11    0.00    0.43 ^ clkbuf_2_0__f_clk/A (sky130_fd_sc_hd__clkbuf_16)
     9    0.05    0.10    0.26    0.69 ^ clkbuf_2_0__f_clk/X (sky130_fd_sc_hd__clkbuf_16)
                                         clknet_2_0__leaf_clk (net)
                  0.10    0.00    0.70 ^ _361_/CLK (sky130_fd_sc_hd__dfrtp_4)
     6    0.05    0.29    0.96    1.65 ^ _361_/Q (sky130_fd_sc_hd__dfrtp_4)
                                         decoder.digit[3] (net)
                  0.29    0.01    1.66 ^ _287_/D1 (sky130_fd_sc_hd__a2111o_1)
     2    0.02    0.33    0.41    2.07 ^ _287_/X (sky130_fd_sc_hd__a2111o_1)
                                         net5 (net)
                  0.33    0.00    2.07 ^ _370_/A (sky130_fd_sc_hd__buf_1)
     1    0.02    0.38    0.44    2.51 ^ _370_/X (sky130_fd_sc_hd__buf_1)
                                         net2 (net)
                  0.38    0.00    2.52 ^ output2/A (sky130_fd_sc_hd__buf_2)
     1    0.03    0.27    0.45    2.97 ^ output2/X (sky130_fd_sc_hd__buf_2)
                                         seg[0] (net)
                  0.27    0.00    2.97 ^ seg[0] (out)
                                  2.97   data arrival time

                          0.00    0.00   clock clk (rise edge)
                          0.00    0.00   clock network delay (propagated)
                          0.25    0.25   clock uncertainty
                          0.00    0.25   clock reconvergence pessimism
                         -2.00   -1.75   output external delay
                                 -1.75   data required time
-----------------------------------------------------------------------------
                                 -1.75   data required time
                                 -2.97   data arrival time
-----------------------------------------------------------------------------
                                  4.72   slack (MET)


Startpoint: _361_ (rising edge-triggered flip-flop clocked by clk)
Endpoint: seg[1] (output port clocked by clk)
Path Group: clk
Path Type: min
Corner: Slowest

Fanout     Cap    Slew   Delay    Time   Description
-----------------------------------------------------------------------------
                          0.00    0.00   clock clk (rise edge)
                          0.00    0.00   clock source latency
     1    0.03    0.19    0.13    0.13 ^ clk (in)
                                         clk (net)
                  0.19    0.00    0.13 ^ clkbuf_0_clk/A (sky130_fd_sc_hd__clkbuf_16)
     4    0.05    0.11    0.30    0.43 ^ clkbuf_0_clk/X (sky130_fd_sc_hd__clkbuf_16)
                                         clknet_0_clk (net)
                  0.11    0.00    0.43 ^ clkbuf_2_0__f_clk/A (sky130_fd_sc_hd__clkbuf_16)
     9    0.05    0.10    0.26    0.69 ^ clkbuf_2_0__f_clk/X (sky130_fd_sc_hd__clkbuf_16)
                                         clknet_2_0__leaf_clk (net)
                  0.10    0.00    0.70 ^ _361_/CLK (sky130_fd_sc_hd__dfrtp_4)
     6    0.05    0.29    0.96    1.65 ^ _361_/Q (sky130_fd_sc_hd__dfrtp_4)
                                         decoder.digit[3] (net)
                  0.29    0.00    1.66 ^ _285_/A (sky130_fd_sc_hd__nor2_2)
     4    0.04    0.20    0.27    1.93 v _285_/Y (sky130_fd_sc_hd__nor2_2)
                                         _155_ (net)
                  0.20    0.00    1.93 v _288_/B (sky130_fd_sc_hd__nor2_1)
     1    0.02    0.66    0.56    2.50 ^ _288_/Y (sky130_fd_sc_hd__nor2_1)
                                         net3 (net)
                  0.66    0.00    2.50 ^ output3/A (sky130_fd_sc_hd__buf_2)
     1    0.03    0.27    0.55    3.05 ^ output3/X (sky130_fd_sc_hd__buf_2)
                                         seg[1] (net)
                  0.27    0.00    3.05 ^ seg[1] (out)
                                  3.05   data arrival time

                          0.00    0.00   clock clk (rise edge)
                          0.00    0.00   clock network delay (propagated)
                          0.25    0.25   clock uncertainty
                          0.00    0.25   clock reconvergence pessimism
                         -2.00   -1.75   output external delay
                                 -1.75   data required time
-----------------------------------------------------------------------------
                                 -1.75   data required time
                                 -3.05   data arrival time
-----------------------------------------------------------------------------
                                  4.80   slack (MET)



worst slack corner Slowest: 0.9173
======================= Typical Corner ===================================

Startpoint: _355_ (rising edge-triggered flip-flop clocked by clk)
Endpoint: _356_ (rising edge-triggered flip-flop clocked by clk)
Path Group: clk
Path Type: min
Corner: Typical

Fanout     Cap    Slew   Delay    Time   Description
-----------------------------------------------------------------------------
                          0.00    0.00   clock clk (rise edge)
                          0.00    0.00   clock source latency
     1    0.03    0.12    0.08    0.08 ^ clk (in)
                                         clk (net)
                  0.12    0.00    0.08 ^ clkbuf_0_clk/A (sky130_fd_sc_hd__clkbuf_16)
     4    0.05    0.07    0.17    0.25 ^ clkbuf_0_clk/X (sky130_fd_sc_hd__clkbuf_16)
                                         clknet_0_clk (net)
                  0.07    0.00    0.25 ^ clkbuf_2_1__f_clk/A (sky130_fd_sc_hd__clkbuf_16)
    11    0.04    0.06    0.14    0.40 ^ clkbuf_2_1__f_clk/X (sky130_fd_sc_hd__clkbuf_16)
                                         clknet_2_1__leaf_clk (net)
                  0.06    0.00    0.40 ^ _355_/CLK (sky130_fd_sc_hd__dfrtp_4)
     4    0.05    0.16    0.47    0.87 ^ _355_/Q (sky130_fd_sc_hd__dfrtp_4)
                                         one_second_counter[25] (net)
                  0.16    0.00    0.87 ^ _284_/A2 (sky130_fd_sc_hd__o211a_1)
     1    0.00    0.06    0.16    1.03 ^ _284_/X (sky130_fd_sc_hd__o211a_1)
                                         _018_ (net)
                  0.06    0.00    1.03 ^ _356_/D (sky130_fd_sc_hd__dfrtp_1)
                                  1.03   data arrival time

                          0.00    0.00   clock clk (rise edge)
                          0.00    0.00   clock source latency
     1    0.03    0.12    0.09    0.09 ^ clk (in)
                                         clk (net)
                  0.12    0.00    0.09 ^ clkbuf_0_clk/A (sky130_fd_sc_hd__clkbuf_16)
     4    0.05    0.07    0.19    0.28 ^ clkbuf_0_clk/X (sky130_fd_sc_hd__clkbuf_16)
                                         clknet_0_clk (net)
                  0.07    0.00    0.28 ^ clkbuf_2_1__f_clk/A (sky130_fd_sc_hd__clkbuf_16)
    11    0.04    0.06    0.16    0.44 ^ clkbuf_2_1__f_clk/X (sky130_fd_sc_hd__clkbuf_16)
                                         clknet_2_1__leaf_clk (net)
                  0.06    0.00    0.44 ^ _356_/CLK (sky130_fd_sc_hd__dfrtp_1)
                          0.25    0.69   clock uncertainty
                         -0.04    0.65   clock reconvergence pessimism
                         -0.04    0.61   library hold time
                                  0.61   data required time
-----------------------------------------------------------------------------
                                  0.61   data required time
                                 -1.03   data arrival time
-----------------------------------------------------------------------------
                                  0.42   slack (MET)


Startpoint: _330_ (rising edge-triggered flip-flop clocked by clk)
Endpoint: _330_ (rising edge-triggered flip-flop clocked by clk)
Path Group: clk
Path Type: min
Corner: Typical

Fanout     Cap    Slew   Delay    Time   Description
-----------------------------------------------------------------------------
                          0.00    0.00   clock clk (rise edge)
                          0.00    0.00   clock source latency
     1    0.03    0.12    0.08    0.08 ^ clk (in)
                                         clk (net)
                  0.12    0.00    0.08 ^ clkbuf_0_clk/A (sky130_fd_sc_hd__clkbuf_16)
     4    0.05    0.07    0.17    0.25 ^ clkbuf_0_clk/X (sky130_fd_sc_hd__clkbuf_16)
                                         clknet_0_clk (net)
                  0.07    0.00    0.25 ^ clkbuf_2_1__f_clk/A (sky130_fd_sc_hd__clkbuf_16)
    11    0.04    0.06    0.14    0.40 ^ clkbuf_2_1__f_clk/X (sky130_fd_sc_hd__clkbuf_16)
                                         clknet_2_1__leaf_clk (net)
                  0.06    0.00    0.40 ^ _330_/CLK (sky130_fd_sc_hd__dfrtp_4)
     7    0.06    0.19    0.50    0.90 ^ _330_/Q (sky130_fd_sc_hd__dfrtp_4)
                                         one_second_counter[0] (net)
                  0.20    0.01    0.91 ^ _190_/A (sky130_fd_sc_hd__nor2_1)
     1    0.01    0.08    0.11    1.01 v _190_/Y (sky130_fd_sc_hd__nor2_1)
                                         _000_ (net)
                  0.08    0.00    1.01 v _330_/D (sky130_fd_sc_hd__dfrtp_4)
                                  1.01   data arrival time

                          0.00    0.00   clock clk (rise edge)
                          0.00    0.00   clock source latency
     1    0.03    0.12    0.09    0.09 ^ clk (in)
                                         clk (net)
                  0.12    0.00    0.09 ^ clkbuf_0_clk/A (sky130_fd_sc_hd__clkbuf_16)
     4    0.05    0.07    0.19    0.28 ^ clkbuf_0_clk/X (sky130_fd_sc_hd__clkbuf_16)
                                         clknet_0_clk (net)
                  0.07    0.00    0.28 ^ clkbuf_2_1__f_clk/A (sky130_fd_sc_hd__clkbuf_16)
    11    0.04    0.06    0.16    0.44 ^ clkbuf_2_1__f_clk/X (sky130_fd_sc_hd__clkbuf_16)
                                         clknet_2_1__leaf_clk (net)
                  0.06    0.00    0.44 ^ _330_/CLK (sky130_fd_sc_hd__dfrtp_4)
                          0.25    0.69   clock uncertainty
                         -0.04    0.65   clock reconvergence pessimism
                         -0.05    0.60   library hold time
                                  0.60   data required time
-----------------------------------------------------------------------------
                                  0.60   data required time
                                 -1.01   data arrival time
-----------------------------------------------------------------------------
                                  0.42   slack (MET)


Startpoint: _361_ (rising edge-triggered flip-flop clocked by clk)
Endpoint: _361_ (rising edge-triggered flip-flop clocked by clk)
Path Group: clk
Path Type: min
Corner: Typical

Fanout     Cap    Slew   Delay    Time   Description
-----------------------------------------------------------------------------
                          0.00    0.00   clock clk (rise edge)
                          0.00    0.00   clock source latency
     1    0.03    0.12    0.08    0.08 ^ clk (in)
                                         clk (net)
                  0.12    0.00    0.08 ^ clkbuf_0_clk/A (sky130_fd_sc_hd__clkbuf_16)
     4    0.05    0.07    0.17    0.25 ^ clkbuf_0_clk/X (sky130_fd_sc_hd__clkbuf_16)
                                         clknet_0_clk (net)
                  0.07    0.00    0.25 ^ clkbuf_2_0__f_clk/A (sky130_fd_sc_hd__clkbuf_16)
     9    0.05    0.07    0.15    0.40 ^ clkbuf_2_0__f_clk/X (sky130_fd_sc_hd__clkbuf_16)
                                         clknet_2_0__leaf_clk (net)
                  0.07    0.00    0.40 ^ _361_/CLK (sky130_fd_sc_hd__dfrtp_4)
     6    0.05    0.17    0.49    0.89 ^ _361_/Q (sky130_fd_sc_hd__dfrtp_4)
                                         decoder.digit[3] (net)
                  0.17    0.01    0.90 ^ _164_/A (sky130_fd_sc_hd__xnor2_1)
     1    0.01    0.09    0.14    1.04 v _164_/Y (sky130_fd_sc_hd__xnor2_1)
                                         _063_ (net)
                  0.09    0.00    1.04 v _361_/D (sky130_fd_sc_hd__dfrtp_4)
                                  1.04   data arrival time

                          0.00    0.00   clock clk (rise edge)
                          0.00    0.00   clock source latency
     1    0.03    0.12    0.09    0.09 ^ clk (in)
                                         clk (net)
                  0.12    0.00    0.09 ^ clkbuf_0_clk/A (sky130_fd_sc_hd__clkbuf_16)
     4    0.05    0.07    0.19    0.28 ^ clkbuf_0_clk/X (sky130_fd_sc_hd__clkbuf_16)
                                         clknet_0_clk (net)
                  0.07    0.00    0.28 ^ clkbuf_2_0__f_clk/A (sky130_fd_sc_hd__clkbuf_16)
     9    0.05    0.07    0.16    0.44 ^ clkbuf_2_0__f_clk/X (sky130_fd_sc_hd__clkbuf_16)
                                         clknet_2_0__leaf_clk (net)
                  0.07    0.00    0.45 ^ _361_/CLK (sky130_fd_sc_hd__dfrtp_4)
                          0.25    0.70   clock uncertainty
                         -0.04    0.65   clock reconvergence pessimism
                         -0.06    0.60   library hold time
                                  0.60   data required time
-----------------------------------------------------------------------------
                                  0.60   data required time
                                 -1.04   data arrival time
-----------------------------------------------------------------------------
                                  0.44   slack (MET)


Startpoint: _357_ (rising edge-triggered flip-flop clocked by clk)
Endpoint: _358_ (rising edge-triggered flip-flop clocked by clk)
Path Group: clk
Path Type: min
Corner: Typical

Fanout     Cap    Slew   Delay    Time   Description
-----------------------------------------------------------------------------
                          0.00    0.00   clock clk (rise edge)
                          0.00    0.00   clock source latency
     1    0.03    0.12    0.08    0.08 ^ clk (in)
                                         clk (net)
                  0.12    0.00    0.08 ^ clkbuf_0_clk/A (sky130_fd_sc_hd__clkbuf_16)
     4    0.05    0.07    0.17    0.25 ^ clkbuf_0_clk/X (sky130_fd_sc_hd__clkbuf_16)
                                         clknet_0_clk (net)
                  0.07    0.00    0.25 ^ clkbuf_2_2__f_clk/A (sky130_fd_sc_hd__clkbuf_16)
     7    0.05    0.07    0.15    0.40 ^ clkbuf_2_2__f_clk/X (sky130_fd_sc_hd__clkbuf_16)
                                         clknet_2_2__leaf_clk (net)
                  0.08    0.01    0.41 ^ _357_/CLK (sky130_fd_sc_hd__dfrtp_4)
     5    0.05    0.17    0.48    0.90 ^ _357_/Q (sky130_fd_sc_hd__dfrtp_4)
                                         one_second_enable (net)
                  0.17    0.01    0.90 ^ _174_/A1 (sky130_fd_sc_hd__a21oi_1)
     1    0.02    0.14    0.16    1.06 v _174_/Y (sky130_fd_sc_hd__a21oi_1)
                                         _060_ (net)
                  0.14    0.00    1.06 v _358_/D (sky130_fd_sc_hd__dfrtp_4)
                                  1.06   data arrival time

                          0.00    0.00   clock clk (rise edge)
                          0.00    0.00   clock source latency
     1    0.03    0.12    0.09    0.09 ^ clk (in)
                                         clk (net)
                  0.12    0.00    0.09 ^ clkbuf_0_clk/A (sky130_fd_sc_hd__clkbuf_16)
     4    0.05    0.07    0.19    0.28 ^ clkbuf_0_clk/X (sky130_fd_sc_hd__clkbuf_16)
                                         clknet_0_clk (net)
                  0.07    0.00    0.28 ^ clkbuf_2_2__f_clk/A (sky130_fd_sc_hd__clkbuf_16)
     7    0.05    0.07    0.17    0.45 ^ clkbuf_2_2__f_clk/X (sky130_fd_sc_hd__clkbuf_16)
                                         clknet_2_2__leaf_clk (net)
                  0.07    0.01    0.45 ^ _358_/CLK (sky130_fd_sc_hd__dfrtp_4)
                          0.25    0.70   clock uncertainty
                         -0.04    0.66   clock reconvergence pessimism
                         -0.07    0.59   library hold time
                                  0.59   data required time
-----------------------------------------------------------------------------
                                  0.59   data required time
                                 -1.06   data arrival time
-----------------------------------------------------------------------------
                                  0.47   slack (MET)


Startpoint: _337_ (rising edge-triggered flip-flop clocked by clk)
Endpoint: _337_ (rising edge-triggered flip-flop clocked by clk)
Path Group: clk
Path Type: min
Corner: Typical

Fanout     Cap    Slew   Delay    Time   Description
-----------------------------------------------------------------------------
                          0.00    0.00   clock clk (rise edge)
                          0.00    0.00   clock source latency
     1    0.03    0.12    0.08    0.08 ^ clk (in)
                                         clk (net)
                  0.12    0.00    0.08 ^ clkbuf_0_clk/A (sky130_fd_sc_hd__clkbuf_16)
     4    0.05    0.07    0.17    0.25 ^ clkbuf_0_clk/X (sky130_fd_sc_hd__clkbuf_16)
                                         clknet_0_clk (net)
                  0.07    0.00    0.25 ^ clkbuf_2_1__f_clk/A (sky130_fd_sc_hd__clkbuf_16)
    11    0.04    0.06    0.14    0.40 ^ clkbuf_2_1__f_clk/X (sky130_fd_sc_hd__clkbuf_16)
                                         clknet_2_1__leaf_clk (net)
                  0.06    0.00    0.40 ^ _337_/CLK (sky130_fd_sc_hd__dfrtp_2)
     2    0.03    0.11    0.44    0.84 v _337_/Q (sky130_fd_sc_hd__dfrtp_2)
                                         one_second_counter[7] (net)
                  0.11    0.00    0.84 v _214_/A (sky130_fd_sc_hd__inv_2)
     1    0.01    0.05    0.08    0.92 ^ _214_/Y (sky130_fd_sc_hd__inv_2)
                                         _104_ (net)
                  0.05    0.00    0.92 ^ _215_/A1 (sky130_fd_sc_hd__a211oi_1)
     1    0.02    0.11    0.14    1.06 v _215_/Y (sky130_fd_sc_hd__a211oi_1)
                                         _024_ (net)
                  0.11    0.00    1.06 v _337_/D (sky130_fd_sc_hd__dfrtp_2)
                                  1.06   data arrival time

                          0.00    0.00   clock clk (rise edge)
                          0.00    0.00   clock source latency
     1    0.03    0.12    0.09    0.09 ^ clk (in)
                                         clk (net)
                  0.12    0.00    0.09 ^ clkbuf_0_clk/A (sky130_fd_sc_hd__clkbuf_16)
     4    0.05    0.07    0.19    0.28 ^ clkbuf_0_clk/X (sky130_fd_sc_hd__clkbuf_16)
                                         clknet_0_clk (net)
                  0.07    0.00    0.28 ^ clkbuf_2_1__f_clk/A (sky130_fd_sc_hd__clkbuf_16)
    11    0.04    0.06    0.16    0.44 ^ clkbuf_2_1__f_clk/X (sky130_fd_sc_hd__clkbuf_16)
                                         clknet_2_1__leaf_clk (net)
                  0.06    0.00    0.44 ^ _337_/CLK (sky130_fd_sc_hd__dfrtp_2)
                          0.25    0.69   clock uncertainty
                         -0.04    0.65   clock reconvergence pessimism
                         -0.06    0.58   library hold time
                                  0.58   data required time
-----------------------------------------------------------------------------
                                  0.58   data required time
                                 -1.06   data arrival time
-----------------------------------------------------------------------------
                                  0.48   slack (MET)


Startpoint: _353_ (rising edge-triggered flip-flop clocked by clk)
Endpoint: _353_ (rising edge-triggered flip-flop clocked by clk)
Path Group: clk
Path Type: min
Corner: Typical

Fanout     Cap    Slew   Delay    Time   Description
-----------------------------------------------------------------------------
                          0.00    0.00   clock clk (rise edge)
                          0.00    0.00   clock source latency
     1    0.03    0.12    0.08    0.08 ^ clk (in)
                                         clk (net)
                  0.12    0.00    0.08 ^ clkbuf_0_clk/A (sky130_fd_sc_hd__clkbuf_16)
     4    0.05    0.07    0.17    0.25 ^ clkbuf_0_clk/X (sky130_fd_sc_hd__clkbuf_16)
                                         clknet_0_clk (net)
                  0.07    0.00    0.25 ^ clkbuf_2_1__f_clk/A (sky130_fd_sc_hd__clkbuf_16)
    11    0.04    0.06    0.14    0.40 ^ clkbuf_2_1__f_clk/X (sky130_fd_sc_hd__clkbuf_16)
                                         clknet_2_1__leaf_clk (net)
                  0.06    0.00    0.40 ^ _353_/CLK (sky130_fd_sc_hd__dfrtp_1)
     2    0.02    0.11    0.41    0.81 v _353_/Q (sky130_fd_sc_hd__dfrtp_1)
                                         one_second_counter[23] (net)
                  0.11    0.00    0.81 v _273_/A (sky130_fd_sc_hd__inv_2)
     1    0.03    0.13    0.14    0.94 ^ _273_/Y (sky130_fd_sc_hd__inv_2)
                                         _147_ (net)
                  0.13    0.00    0.95 ^ _275_/A1 (sky130_fd_sc_hd__a221oi_2)
     1    0.02    0.09    0.12    1.06 v _275_/Y (sky130_fd_sc_hd__a221oi_2)
                                         _015_ (net)
                  0.09    0.00    1.07 v _353_/D (sky130_fd_sc_hd__dfrtp_1)
                                  1.07   data arrival time

                          0.00    0.00   clock clk (rise edge)
                          0.00    0.00   clock source latency
     1    0.03    0.12    0.09    0.09 ^ clk (in)
                                         clk (net)
                  0.12    0.00    0.09 ^ clkbuf_0_clk/A (sky130_fd_sc_hd__clkbuf_16)
     4    0.05    0.07    0.19    0.28 ^ clkbuf_0_clk/X (sky130_fd_sc_hd__clkbuf_16)
                                         clknet_0_clk (net)
                  0.07    0.00    0.28 ^ clkbuf_2_1__f_clk/A (sky130_fd_sc_hd__clkbuf_16)
    11    0.04    0.06    0.16    0.44 ^ clkbuf_2_1__f_clk/X (sky130_fd_sc_hd__clkbuf_16)
                                         clknet_2_1__leaf_clk (net)
                  0.06    0.00    0.44 ^ _353_/CLK (sky130_fd_sc_hd__dfrtp_1)
                          0.25    0.69   clock uncertainty
                         -0.04    0.65   clock reconvergence pessimism
                         -0.06    0.59   library hold time
                                  0.59   data required time
-----------------------------------------------------------------------------
                                  0.59   data required time
                                 -1.07   data arrival time
-----------------------------------------------------------------------------
                                  0.48   slack (MET)


Startpoint: _345_ (rising edge-triggered flip-flop clocked by clk)
Endpoint: _345_ (rising edge-triggered flip-flop clocked by clk)
Path Group: clk
Path Type: min
Corner: Typical

Fanout     Cap    Slew   Delay    Time   Description
-----------------------------------------------------------------------------
                          0.00    0.00   clock clk (rise edge)
                          0.00    0.00   clock source latency
     1    0.03    0.12    0.08    0.08 ^ clk (in)
                                         clk (net)
                  0.12    0.00    0.08 ^ clkbuf_0_clk/A (sky130_fd_sc_hd__clkbuf_16)
     4    0.05    0.07    0.17    0.25 ^ clkbuf_0_clk/X (sky130_fd_sc_hd__clkbuf_16)
                                         clknet_0_clk (net)
                  0.07    0.00    0.25 ^ clkbuf_2_3__f_clk/A (sky130_fd_sc_hd__clkbuf_16)
     8    0.04    0.06    0.15    0.40 ^ clkbuf_2_3__f_clk/X (sky130_fd_sc_hd__clkbuf_16)
                                         clknet_2_3__leaf_clk (net)
                  0.06    0.00    0.40 ^ _345_/CLK (sky130_fd_sc_hd__dfrtp_2)
     3    0.03    0.11    0.45    0.85 v _345_/Q (sky130_fd_sc_hd__dfrtp_2)
                                         one_second_counter[15] (net)
                  0.11    0.00    0.85 v _243_/A (sky130_fd_sc_hd__inv_2)
     1    0.02    0.10    0.11    0.97 ^ _243_/Y (sky130_fd_sc_hd__inv_2)
                                         _125_ (net)
                  0.10    0.00    0.97 ^ _246_/A1 (sky130_fd_sc_hd__a211oi_2)
     1    0.02    0.09    0.12    1.09 v _246_/Y (sky130_fd_sc_hd__a211oi_2)
                                         _006_ (net)
                  0.09    0.00    1.09 v _345_/D (sky130_fd_sc_hd__dfrtp_2)
                                  1.09   data arrival time

                          0.00    0.00   clock clk (rise edge)
                          0.00    0.00   clock source latency
     1    0.03    0.12    0.09    0.09 ^ clk (in)
                                         clk (net)
                  0.12    0.00    0.09 ^ clkbuf_0_clk/A (sky130_fd_sc_hd__clkbuf_16)
     4    0.05    0.07    0.19    0.28 ^ clkbuf_0_clk/X (sky130_fd_sc_hd__clkbuf_16)
                                         clknet_0_clk (net)
                  0.07    0.00    0.28 ^ clkbuf_2_3__f_clk/A (sky130_fd_sc_hd__clkbuf_16)
     8    0.04    0.06    0.16    0.44 ^ clkbuf_2_3__f_clk/X (sky130_fd_sc_hd__clkbuf_16)
                                         clknet_2_3__leaf_clk (net)
                  0.06    0.00    0.44 ^ _345_/CLK (sky130_fd_sc_hd__dfrtp_2)
                          0.25    0.69   clock uncertainty
                         -0.04    0.65   clock reconvergence pessimism
                         -0.06    0.59   library hold time
                                  0.59   data required time
-----------------------------------------------------------------------------
                                  0.59   data required time
                                 -1.09   data arrival time
-----------------------------------------------------------------------------
                                  0.50   slack (MET)


Startpoint: _351_ (rising edge-triggered flip-flop clocked by clk)
Endpoint: _351_ (rising edge-triggered flip-flop clocked by clk)
Path Group: clk
Path Type: min
Corner: Typical

Fanout     Cap    Slew   Delay    Time   Description
-----------------------------------------------------------------------------
                          0.00    0.00   clock clk (rise edge)
                          0.00    0.00   clock source latency
     1    0.03    0.12    0.08    0.08 ^ clk (in)
                                         clk (net)
                  0.12    0.00    0.08 ^ clkbuf_0_clk/A (sky130_fd_sc_hd__clkbuf_16)
     4    0.05    0.07    0.17    0.25 ^ clkbuf_0_clk/X (sky130_fd_sc_hd__clkbuf_16)
                                         clknet_0_clk (net)
                  0.07    0.00    0.25 ^ clkbuf_2_2__f_clk/A (sky130_fd_sc_hd__clkbuf_16)
     7    0.05    0.07    0.15    0.40 ^ clkbuf_2_2__f_clk/X (sky130_fd_sc_hd__clkbuf_16)
                                         clknet_2_2__leaf_clk (net)
                  0.07    0.01    0.41 ^ _351_/CLK (sky130_fd_sc_hd__dfrtp_2)
     3    0.04    0.12    0.47    0.88 v _351_/Q (sky130_fd_sc_hd__dfrtp_2)
                                         one_second_counter[21] (net)
                  0.12    0.00    0.88 v _266_/A (sky130_fd_sc_hd__inv_2)
     1    0.03    0.14    0.15    1.03 ^ _266_/Y (sky130_fd_sc_hd__inv_2)
                                         _142_ (net)
                  0.14    0.00    1.03 ^ _268_/A1 (sky130_fd_sc_hd__a211oi_2)
     1    0.02    0.09    0.13    1.16 v _268_/Y (sky130_fd_sc_hd__a211oi_2)
                                         _013_ (net)
                  0.09    0.00    1.16 v _351_/D (sky130_fd_sc_hd__dfrtp_2)
                                  1.16   data arrival time

                          0.00    0.00   clock clk (rise edge)
                          0.00    0.00   clock source latency
     1    0.03    0.12    0.09    0.09 ^ clk (in)
                                         clk (net)
                  0.12    0.00    0.09 ^ clkbuf_0_clk/A (sky130_fd_sc_hd__clkbuf_16)
     4    0.05    0.07    0.19    0.28 ^ clkbuf_0_clk/X (sky130_fd_sc_hd__clkbuf_16)
                                         clknet_0_clk (net)
                  0.07    0.00    0.28 ^ clkbuf_2_2__f_clk/A (sky130_fd_sc_hd__clkbuf_16)
     7    0.05    0.07    0.17    0.45 ^ clkbuf_2_2__f_clk/X (sky130_fd_sc_hd__clkbuf_16)
                                         clknet_2_2__leaf_clk (net)
                  0.07    0.01    0.45 ^ _351_/CLK (sky130_fd_sc_hd__dfrtp_2)
                          0.25    0.70   clock uncertainty
                         -0.04    0.66   clock reconvergence pessimism
                         -0.05    0.61   library hold time
                                  0.61   data required time
-----------------------------------------------------------------------------
                                  0.61   data required time
                                 -1.16   data arrival time
-----------------------------------------------------------------------------
                                  0.55   slack (MET)


Startpoint: _347_ (rising edge-triggered flip-flop clocked by clk)
Endpoint: _347_ (rising edge-triggered flip-flop clocked by clk)
Path Group: clk
Path Type: min
Corner: Typical

Fanout     Cap    Slew   Delay    Time   Description
-----------------------------------------------------------------------------
                          0.00    0.00   clock clk (rise edge)
                          0.00    0.00   clock source latency
     1    0.03    0.12    0.08    0.08 ^ clk (in)
                                         clk (net)
                  0.12    0.00    0.08 ^ clkbuf_0_clk/A (sky130_fd_sc_hd__clkbuf_16)
     4    0.05    0.07    0.17    0.25 ^ clkbuf_0_clk/X (sky130_fd_sc_hd__clkbuf_16)
                                         clknet_0_clk (net)
                  0.07    0.00    0.25 ^ clkbuf_2_1__f_clk/A (sky130_fd_sc_hd__clkbuf_16)
    11    0.04    0.06    0.14    0.40 ^ clkbuf_2_1__f_clk/X (sky130_fd_sc_hd__clkbuf_16)
                                         clknet_2_1__leaf_clk (net)
                  0.06    0.00    0.40 ^ _347_/CLK (sky130_fd_sc_hd__dfrtp_4)
     7    0.06    0.19    0.50    0.90 ^ _347_/Q (sky130_fd_sc_hd__dfrtp_4)
                                         one_second_counter[17] (net)
                  0.19    0.00    0.90 ^ _251_/A (sky130_fd_sc_hd__xor2_1)
     1    0.02    0.10    0.17    1.07 v _251_/X (sky130_fd_sc_hd__xor2_1)
                                         _131_ (net)
                  0.10    0.00    1.07 v _252_/B (sky130_fd_sc_hd__nor2_1)
     1    0.01    0.12    0.13    1.20 ^ _252_/Y (sky130_fd_sc_hd__nor2_1)
                                         _008_ (net)
                  0.12    0.00    1.20 ^ _347_/D (sky130_fd_sc_hd__dfrtp_4)
                                  1.20   data arrival time

                          0.00    0.00   clock clk (rise edge)
                          0.00    0.00   clock source latency
     1    0.03    0.12    0.09    0.09 ^ clk (in)
                                         clk (net)
                  0.12    0.00    0.09 ^ clkbuf_0_clk/A (sky130_fd_sc_hd__clkbuf_16)
     4    0.05    0.07    0.19    0.28 ^ clkbuf_0_clk/X (sky130_fd_sc_hd__clkbuf_16)
                                         clknet_0_clk (net)
                  0.07    0.00    0.28 ^ clkbuf_2_1__f_clk/A (sky130_fd_sc_hd__clkbuf_16)
    11    0.04    0.06    0.16    0.44 ^ clkbuf_2_1__f_clk/X (sky130_fd_sc_hd__clkbuf_16)
                                         clknet_2_1__leaf_clk (net)
                  0.06    0.00    0.44 ^ _347_/CLK (sky130_fd_sc_hd__dfrtp_4)
                          0.25    0.69   clock uncertainty
                         -0.04    0.65   clock reconvergence pessimism
                         -0.05    0.60   library hold time
                                  0.60   data required time
-----------------------------------------------------------------------------
                                  0.60   data required time
                                 -1.20   data arrival time
-----------------------------------------------------------------------------
                                  0.60   slack (MET)


Startpoint: _348_ (rising edge-triggered flip-flop clocked by clk)
Endpoint: _348_ (rising edge-triggered flip-flop clocked by clk)
Path Group: clk
Path Type: min
Corner: Typical

Fanout     Cap    Slew   Delay    Time   Description
-----------------------------------------------------------------------------
                          0.00    0.00   clock clk (rise edge)
                          0.00    0.00   clock source latency
     1    0.03    0.12    0.08    0.08 ^ clk (in)
                                         clk (net)
                  0.12    0.00    0.08 ^ clkbuf_0_clk/A (sky130_fd_sc_hd__clkbuf_16)
     4    0.05    0.07    0.17    0.25 ^ clkbuf_0_clk/X (sky130_fd_sc_hd__clkbuf_16)
                                         clknet_0_clk (net)
                  0.07    0.00    0.25 ^ clkbuf_2_0__f_clk/A (sky130_fd_sc_hd__clkbuf_16)
     9    0.05    0.07    0.15    0.40 ^ clkbuf_2_0__f_clk/X (sky130_fd_sc_hd__clkbuf_16)
                                         clknet_2_0__leaf_clk (net)
                  0.07    0.00    0.40 ^ _348_/CLK (sky130_fd_sc_hd__dfrtp_4)
     6    0.05    0.15    0.47    0.88 ^ _348_/Q (sky130_fd_sc_hd__dfrtp_4)
                                         one_second_counter[18] (net)
                  0.16    0.01    0.88 ^ _253_/A (sky130_fd_sc_hd__nand2_1)
     1    0.01    0.08    0.11    0.99 v _253_/Y (sky130_fd_sc_hd__nand2_1)
                                         _132_ (net)
                  0.08    0.00    0.99 v _255_/A1 (sky130_fd_sc_hd__o211a_1)
     1    0.02    0.09    0.27    1.26 v _255_/X (sky130_fd_sc_hd__o211a_1)
                                         _009_ (net)
                  0.09    0.00    1.26 v _348_/D (sky130_fd_sc_hd__dfrtp_4)
                                  1.26   data arrival time

                          0.00    0.00   clock clk (rise edge)
                          0.00    0.00   clock source latency
     1    0.03    0.12    0.09    0.09 ^ clk (in)
                                         clk (net)
                  0.12    0.00    0.09 ^ clkbuf_0_clk/A (sky130_fd_sc_hd__clkbuf_16)
     4    0.05    0.07    0.19    0.28 ^ clkbuf_0_clk/X (sky130_fd_sc_hd__clkbuf_16)
                                         clknet_0_clk (net)
                  0.07    0.00    0.28 ^ clkbuf_2_0__f_clk/A (sky130_fd_sc_hd__clkbuf_16)
     9    0.05    0.07    0.16    0.44 ^ clkbuf_2_0__f_clk/X (sky130_fd_sc_hd__clkbuf_16)
                                         clknet_2_0__leaf_clk (net)
                  0.07    0.00    0.45 ^ _348_/CLK (sky130_fd_sc_hd__dfrtp_4)
                          0.25    0.70   clock uncertainty
                         -0.04    0.65   clock reconvergence pessimism
                         -0.05    0.60   library hold time
                                  0.60   data required time
-----------------------------------------------------------------------------
                                  0.60   data required time
                                 -1.26   data arrival time
-----------------------------------------------------------------------------
                                  0.66   slack (MET)


Startpoint: _333_ (rising edge-triggered flip-flop clocked by clk)
Endpoint: _333_ (rising edge-triggered flip-flop clocked by clk)
Path Group: clk
Path Type: min
Corner: Typical

Fanout     Cap    Slew   Delay    Time   Description
-----------------------------------------------------------------------------
                          0.00    0.00   clock clk (rise edge)
                          0.00    0.00   clock source latency
     1    0.03    0.12    0.08    0.08 ^ clk (in)
                                         clk (net)
                  0.12    0.00    0.08 ^ clkbuf_0_clk/A (sky130_fd_sc_hd__clkbuf_16)
     4    0.05    0.07    0.17    0.25 ^ clkbuf_0_clk/X (sky130_fd_sc_hd__clkbuf_16)
                                         clknet_0_clk (net)
                  0.07    0.00    0.25 ^ clkbuf_2_3__f_clk/A (sky130_fd_sc_hd__clkbuf_16)
     8    0.04    0.06    0.15    0.40 ^ clkbuf_2_3__f_clk/X (sky130_fd_sc_hd__clkbuf_16)
                                         clknet_2_3__leaf_clk (net)
                  0.06    0.00    0.40 ^ _333_/CLK (sky130_fd_sc_hd__dfrtp_1)
     2    0.02    0.15    0.38    0.79 ^ _333_/Q (sky130_fd_sc_hd__dfrtp_1)
                                         one_second_counter[3] (net)
                  0.15    0.00    0.79 ^ _199_/B1 (sky130_fd_sc_hd__a31o_1)
     1    0.00    0.05    0.12    0.91 ^ _199_/X (sky130_fd_sc_hd__a31o_1)
                                         _093_ (net)
                  0.05    0.00    0.91 ^ _200_/C (sky130_fd_sc_hd__and3b_1)
     1    0.02    0.16    0.23    1.14 ^ _200_/X (sky130_fd_sc_hd__and3b_1)
                                         _094_ (net)
                  0.16    0.00    1.14 ^ _201_/A (sky130_fd_sc_hd__clkbuf_1)
     1    0.01    0.11    0.15    1.29 ^ _201_/X (sky130_fd_sc_hd__clkbuf_1)
                                         _020_ (net)
                  0.11    0.00    1.29 ^ _333_/D (sky130_fd_sc_hd__dfrtp_1)
                                  1.29   data arrival time

                          0.00    0.00   clock clk (rise edge)
                          0.00    0.00   clock source latency
     1    0.03    0.12    0.09    0.09 ^ clk (in)
                                         clk (net)
                  0.12    0.00    0.09 ^ clkbuf_0_clk/A (sky130_fd_sc_hd__clkbuf_16)
     4    0.05    0.07    0.19    0.28 ^ clkbuf_0_clk/X (sky130_fd_sc_hd__clkbuf_16)
                                         clknet_0_clk (net)
                  0.07    0.00    0.28 ^ clkbuf_2_3__f_clk/A (sky130_fd_sc_hd__clkbuf_16)
     8    0.04    0.06    0.16    0.44 ^ clkbuf_2_3__f_clk/X (sky130_fd_sc_hd__clkbuf_16)
                                         clknet_2_3__leaf_clk (net)
                  0.06    0.00    0.44 ^ _333_/CLK (sky130_fd_sc_hd__dfrtp_1)
                          0.25    0.69   clock uncertainty
                         -0.04    0.65   clock reconvergence pessimism
                         -0.05    0.61   library hold time
                                  0.61   data required time
-----------------------------------------------------------------------------
                                  0.61   data required time
                                 -1.29   data arrival time
-----------------------------------------------------------------------------
                                  0.68   slack (MET)


Startpoint: _341_ (rising edge-triggered flip-flop clocked by clk)
Endpoint: _341_ (rising edge-triggered flip-flop clocked by clk)
Path Group: clk
Path Type: min
Corner: Typical

Fanout     Cap    Slew   Delay    Time   Description
-----------------------------------------------------------------------------
                          0.00    0.00   clock clk (rise edge)
                          0.00    0.00   clock source latency
     1    0.03    0.12    0.08    0.08 ^ clk (in)
                                         clk (net)
                  0.12    0.00    0.08 ^ clkbuf_0_clk/A (sky130_fd_sc_hd__clkbuf_16)
     4    0.05    0.07    0.17    0.25 ^ clkbuf_0_clk/X (sky130_fd_sc_hd__clkbuf_16)
                                         clknet_0_clk (net)
                  0.07    0.00    0.25 ^ clkbuf_2_0__f_clk/A (sky130_fd_sc_hd__clkbuf_16)
     9    0.05    0.07    0.15    0.40 ^ clkbuf_2_0__f_clk/X (sky130_fd_sc_hd__clkbuf_16)
                                         clknet_2_0__leaf_clk (net)
                  0.07    0.00    0.40 ^ _341_/CLK (sky130_fd_sc_hd__dfrtp_4)
     4    0.05    0.16    0.47    0.88 ^ _341_/Q (sky130_fd_sc_hd__dfrtp_4)
                                         one_second_counter[11] (net)
                  0.16    0.01    0.88 ^ _227_/B1 (sky130_fd_sc_hd__a21oi_2)
     1    0.03    0.09    0.10    0.99 v _227_/Y (sky130_fd_sc_hd__a21oi_2)
                                         _113_ (net)
                  0.09    0.00    0.99 v _229_/B (sky130_fd_sc_hd__nor3_1)
     1    0.01    0.28    0.27    1.26 ^ _229_/Y (sky130_fd_sc_hd__nor3_1)
                                         _002_ (net)
                  0.28    0.00    1.26 ^ _341_/D (sky130_fd_sc_hd__dfrtp_4)
                                  1.26   data arrival time

                          0.00    0.00   clock clk (rise edge)
                          0.00    0.00   clock source latency
     1    0.03    0.12    0.09    0.09 ^ clk (in)
                                         clk (net)
                  0.12    0.00    0.09 ^ clkbuf_0_clk/A (sky130_fd_sc_hd__clkbuf_16)
     4    0.05    0.07    0.19    0.28 ^ clkbuf_0_clk/X (sky130_fd_sc_hd__clkbuf_16)
                                         clknet_0_clk (net)
                  0.07    0.00    0.28 ^ clkbuf_2_0__f_clk/A (sky130_fd_sc_hd__clkbuf_16)
     9    0.05    0.07    0.16    0.44 ^ clkbuf_2_0__f_clk/X (sky130_fd_sc_hd__clkbuf_16)
                                         clknet_2_0__leaf_clk (net)
                  0.07    0.00    0.45 ^ _341_/CLK (sky130_fd_sc_hd__dfrtp_4)
                          0.25    0.70   clock uncertainty
                         -0.04    0.65   clock reconvergence pessimism
                         -0.08    0.57   library hold time
                                  0.57   data required time
-----------------------------------------------------------------------------
                                  0.57   data required time
                                 -1.26   data arrival time
-----------------------------------------------------------------------------
                                  0.68   slack (MET)


Startpoint: _355_ (rising edge-triggered flip-flop clocked by clk)
Endpoint: _355_ (rising edge-triggered flip-flop clocked by clk)
Path Group: clk
Path Type: min
Corner: Typical

Fanout     Cap    Slew   Delay    Time   Description
-----------------------------------------------------------------------------
                          0.00    0.00   clock clk (rise edge)
                          0.00    0.00   clock source latency
     1    0.03    0.12    0.08    0.08 ^ clk (in)
                                         clk (net)
                  0.12    0.00    0.08 ^ clkbuf_0_clk/A (sky130_fd_sc_hd__clkbuf_16)
     4    0.05    0.07    0.17    0.25 ^ clkbuf_0_clk/X (sky130_fd_sc_hd__clkbuf_16)
                                         clknet_0_clk (net)
                  0.07    0.00    0.25 ^ clkbuf_2_1__f_clk/A (sky130_fd_sc_hd__clkbuf_16)
    11    0.04    0.06    0.14    0.40 ^ clkbuf_2_1__f_clk/X (sky130_fd_sc_hd__clkbuf_16)
                                         clknet_2_1__leaf_clk (net)
                  0.06    0.00    0.40 ^ _355_/CLK (sky130_fd_sc_hd__dfrtp_4)
     4    0.05    0.16    0.47    0.87 ^ _355_/Q (sky130_fd_sc_hd__dfrtp_4)
                                         one_second_counter[25] (net)
                  0.16    0.00    0.87 ^ _280_/A (sky130_fd_sc_hd__nand2_1)
     1    0.01    0.06    0.08    0.96 v _280_/Y (sky130_fd_sc_hd__nand2_1)
                                         _152_ (net)
                  0.06    0.00    0.96 v _281_/C (sky130_fd_sc_hd__and3_1)
     1    0.01    0.08    0.22    1.17 v _281_/X (sky130_fd_sc_hd__and3_1)
                                         _153_ (net)
                  0.08    0.00    1.18 v _282_/A (sky130_fd_sc_hd__clkbuf_1)
     1    0.01    0.06    0.12    1.30 v _282_/X (sky130_fd_sc_hd__clkbuf_1)
                                         _017_ (net)
                  0.06    0.00    1.30 v _355_/D (sky130_fd_sc_hd__dfrtp_4)
                                  1.30   data arrival time

                          0.00    0.00   clock clk (rise edge)
                          0.00    0.00   clock source latency
     1    0.03    0.12    0.09    0.09 ^ clk (in)
                                         clk (net)
                  0.12    0.00    0.09 ^ clkbuf_0_clk/A (sky130_fd_sc_hd__clkbuf_16)
     4    0.05    0.07    0.19    0.28 ^ clkbuf_0_clk/X (sky130_fd_sc_hd__clkbuf_16)
                                         clknet_0_clk (net)
                  0.07    0.00    0.28 ^ clkbuf_2_1__f_clk/A (sky130_fd_sc_hd__clkbuf_16)
    11    0.04    0.06    0.16    0.44 ^ clkbuf_2_1__f_clk/X (sky130_fd_sc_hd__clkbuf_16)
                                         clknet_2_1__leaf_clk (net)
                  0.06    0.00    0.44 ^ _355_/CLK (sky130_fd_sc_hd__dfrtp_4)
                          0.25    0.69   clock uncertainty
                         -0.04    0.65   clock reconvergence pessimism
                         -0.04    0.60   library hold time
                                  0.60   data required time
-----------------------------------------------------------------------------
                                  0.60   data required time
                                 -1.30   data arrival time
-----------------------------------------------------------------------------
                                  0.70   slack (MET)


Startpoint: _343_ (rising edge-triggered flip-flop clocked by clk)
Endpoint: _343_ (rising edge-triggered flip-flop clocked by clk)
Path Group: clk
Path Type: min
Corner: Typical

Fanout     Cap    Slew   Delay    Time   Description
-----------------------------------------------------------------------------
                          0.00    0.00   clock clk (rise edge)
                          0.00    0.00   clock source latency
     1    0.03    0.12    0.08    0.08 ^ clk (in)
                                         clk (net)
                  0.12    0.00    0.08 ^ clkbuf_0_clk/A (sky130_fd_sc_hd__clkbuf_16)
     4    0.05    0.07    0.17    0.25 ^ clkbuf_0_clk/X (sky130_fd_sc_hd__clkbuf_16)
                                         clknet_0_clk (net)
                  0.07    0.00    0.25 ^ clkbuf_2_0__f_clk/A (sky130_fd_sc_hd__clkbuf_16)
     9    0.05    0.07    0.15    0.40 ^ clkbuf_2_0__f_clk/X (sky130_fd_sc_hd__clkbuf_16)
                                         clknet_2_0__leaf_clk (net)
                  0.07    0.00    0.40 ^ _343_/CLK (sky130_fd_sc_hd__dfrtp_1)
     4    0.02    0.21    0.43    0.83 ^ _343_/Q (sky130_fd_sc_hd__dfrtp_1)
                                         one_second_counter[13] (net)
                  0.21    0.00    0.83 ^ _234_/B1 (sky130_fd_sc_hd__a21o_1)
     1    0.01    0.13    0.17    1.00 ^ _234_/X (sky130_fd_sc_hd__a21o_1)
                                         _118_ (net)
                  0.13    0.00    1.00 ^ _236_/B (sky130_fd_sc_hd__and3_1)
     1    0.01    0.12    0.21    1.22 ^ _236_/X (sky130_fd_sc_hd__and3_1)
                                         _120_ (net)
                  0.12    0.00    1.22 ^ _237_/A (sky130_fd_sc_hd__clkbuf_1)
     1    0.01    0.09    0.13    1.34 ^ _237_/X (sky130_fd_sc_hd__clkbuf_1)
                                         _004_ (net)
                  0.09    0.00    1.34 ^ _343_/D (sky130_fd_sc_hd__dfrtp_1)
                                  1.34   data arrival time

                          0.00    0.00   clock clk (rise edge)
                          0.00    0.00   clock source latency
     1    0.03    0.12    0.09    0.09 ^ clk (in)
                                         clk (net)
                  0.12    0.00    0.09 ^ clkbuf_0_clk/A (sky130_fd_sc_hd__clkbuf_16)
     4    0.05    0.07    0.19    0.28 ^ clkbuf_0_clk/X (sky130_fd_sc_hd__clkbuf_16)
                                         clknet_0_clk (net)
                  0.07    0.00    0.28 ^ clkbuf_2_0__f_clk/A (sky130_fd_sc_hd__clkbuf_16)
     9    0.05    0.07    0.16    0.44 ^ clkbuf_2_0__f_clk/X (sky130_fd_sc_hd__clkbuf_16)
                                         clknet_2_0__leaf_clk (net)
                  0.07    0.00    0.45 ^ _343_/CLK (sky130_fd_sc_hd__dfrtp_1)
                          0.25    0.70   clock uncertainty
                         -0.04    0.65   clock reconvergence pessimism
                         -0.04    0.61   library hold time
                                  0.61   data required time
-----------------------------------------------------------------------------
                                  0.61   data required time
                                 -1.34   data arrival time
-----------------------------------------------------------------------------
                                  0.73   slack (MET)


Startpoint: _339_ (rising edge-triggered flip-flop clocked by clk)
Endpoint: _339_ (rising edge-triggered flip-flop clocked by clk)
Path Group: clk
Path Type: min
Corner: Typical

Fanout     Cap    Slew   Delay    Time   Description
-----------------------------------------------------------------------------
                          0.00    0.00   clock clk (rise edge)
                          0.00    0.00   clock source latency
     1    0.03    0.12    0.08    0.08 ^ clk (in)
                                         clk (net)
                  0.12    0.00    0.08 ^ clkbuf_0_clk/A (sky130_fd_sc_hd__clkbuf_16)
     4    0.05    0.07    0.17    0.25 ^ clkbuf_0_clk/X (sky130_fd_sc_hd__clkbuf_16)
                                         clknet_0_clk (net)
                  0.07    0.00    0.25 ^ clkbuf_2_0__f_clk/A (sky130_fd_sc_hd__clkbuf_16)
     9    0.05    0.07    0.15    0.40 ^ clkbuf_2_0__f_clk/X (sky130_fd_sc_hd__clkbuf_16)
                                         clknet_2_0__leaf_clk (net)
                  0.07    0.00    0.40 ^ _339_/CLK (sky130_fd_sc_hd__dfrtp_2)
     3    0.04    0.12    0.45    0.86 v _339_/Q (sky130_fd_sc_hd__dfrtp_2)
                                         one_second_counter[9] (net)
                  0.12    0.00    0.86 v _220_/B1 (sky130_fd_sc_hd__a21oi_2)
     1    0.03    0.32    0.28    1.15 ^ _220_/Y (sky130_fd_sc_hd__a21oi_2)
                                         _108_ (net)
                  0.32    0.00    1.15 ^ _222_/B (sky130_fd_sc_hd__nor3_1)
     1    0.02    0.12    0.18    1.33 v _222_/Y (sky130_fd_sc_hd__nor3_1)
                                         _026_ (net)
                  0.12    0.00    1.33 v _339_/D (sky130_fd_sc_hd__dfrtp_2)
                                  1.33   data arrival time

                          0.00    0.00   clock clk (rise edge)
                          0.00    0.00   clock source latency
     1    0.03    0.12    0.09    0.09 ^ clk (in)
                                         clk (net)
                  0.12    0.00    0.09 ^ clkbuf_0_clk/A (sky130_fd_sc_hd__clkbuf_16)
     4    0.05    0.07    0.19    0.28 ^ clkbuf_0_clk/X (sky130_fd_sc_hd__clkbuf_16)
                                         clknet_0_clk (net)
                  0.07    0.00    0.28 ^ clkbuf_2_0__f_clk/A (sky130_fd_sc_hd__clkbuf_16)
     9    0.05    0.07    0.16    0.44 ^ clkbuf_2_0__f_clk/X (sky130_fd_sc_hd__clkbuf_16)
                                         clknet_2_0__leaf_clk (net)
                  0.07    0.00    0.45 ^ _339_/CLK (sky130_fd_sc_hd__dfrtp_2)
                          0.25    0.70   clock uncertainty
                         -0.04    0.65   clock reconvergence pessimism
                         -0.07    0.59   library hold time
                                  0.59   data required time
-----------------------------------------------------------------------------
                                  0.59   data required time
                                 -1.33   data arrival time
-----------------------------------------------------------------------------
                                  0.74   slack (MET)


Startpoint: _354_ (rising edge-triggered flip-flop clocked by clk)
Endpoint: _354_ (rising edge-triggered flip-flop clocked by clk)
Path Group: clk
Path Type: min
Corner: Typical

Fanout     Cap    Slew   Delay    Time   Description
-----------------------------------------------------------------------------
                          0.00    0.00   clock clk (rise edge)
                          0.00    0.00   clock source latency
     1    0.03    0.12    0.08    0.08 ^ clk (in)
                                         clk (net)
                  0.12    0.00    0.08 ^ clkbuf_0_clk/A (sky130_fd_sc_hd__clkbuf_16)
     4    0.05    0.07    0.17    0.25 ^ clkbuf_0_clk/X (sky130_fd_sc_hd__clkbuf_16)
                                         clknet_0_clk (net)
                  0.07    0.00    0.25 ^ clkbuf_2_3__f_clk/A (sky130_fd_sc_hd__clkbuf_16)
     8    0.04    0.06    0.15    0.40 ^ clkbuf_2_3__f_clk/X (sky130_fd_sc_hd__clkbuf_16)
                                         clknet_2_3__leaf_clk (net)
                  0.06    0.00    0.40 ^ _354_/CLK (sky130_fd_sc_hd__dfrtp_4)
     3    0.04    0.15    0.46    0.87 ^ _354_/Q (sky130_fd_sc_hd__dfrtp_4)
                                         one_second_counter[24] (net)
                  0.15    0.01    0.87 ^ _277_/A (sky130_fd_sc_hd__and3_2)
     4    0.04    0.23    0.33    1.20 ^ _277_/X (sky130_fd_sc_hd__and3_2)
                                         _150_ (net)
                  0.23    0.00    1.21 ^ _278_/C (sky130_fd_sc_hd__nor3_1)
     1    0.01    0.10    0.13    1.33 v _278_/Y (sky130_fd_sc_hd__nor3_1)
                                         _016_ (net)
                  0.10    0.00    1.34 v _354_/D (sky130_fd_sc_hd__dfrtp_4)
                                  1.34   data arrival time

                          0.00    0.00   clock clk (rise edge)
                          0.00    0.00   clock source latency
     1    0.03    0.12    0.09    0.09 ^ clk (in)
                                         clk (net)
                  0.12    0.00    0.09 ^ clkbuf_0_clk/A (sky130_fd_sc_hd__clkbuf_16)
     4    0.05    0.07    0.19    0.28 ^ clkbuf_0_clk/X (sky130_fd_sc_hd__clkbuf_16)
                                         clknet_0_clk (net)
                  0.07    0.00    0.28 ^ clkbuf_2_3__f_clk/A (sky130_fd_sc_hd__clkbuf_16)
     8    0.04    0.06    0.16    0.44 ^ clkbuf_2_3__f_clk/X (sky130_fd_sc_hd__clkbuf_16)
                                         clknet_2_3__leaf_clk (net)
                  0.06    0.00    0.44 ^ _354_/CLK (sky130_fd_sc_hd__dfrtp_4)
                          0.25    0.69   clock uncertainty
                         -0.04    0.65   clock reconvergence pessimism
                         -0.06    0.59   library hold time
                                  0.59   data required time
-----------------------------------------------------------------------------
                                  0.59   data required time
                                 -1.34   data arrival time
-----------------------------------------------------------------------------
                                  0.74   slack (MET)


Startpoint: _335_ (rising edge-triggered flip-flop clocked by clk)
Endpoint: _335_ (rising edge-triggered flip-flop clocked by clk)
Path Group: clk
Path Type: min
Corner: Typical

Fanout     Cap    Slew   Delay    Time   Description
-----------------------------------------------------------------------------
                          0.00    0.00   clock clk (rise edge)
                          0.00    0.00   clock source latency
     1    0.03    0.12    0.08    0.08 ^ clk (in)
                                         clk (net)
                  0.12    0.00    0.08 ^ clkbuf_0_clk/A (sky130_fd_sc_hd__clkbuf_16)
     4    0.05    0.07    0.17    0.25 ^ clkbuf_0_clk/X (sky130_fd_sc_hd__clkbuf_16)
                                         clknet_0_clk (net)
                  0.07    0.00    0.25 ^ clkbuf_2_2__f_clk/A (sky130_fd_sc_hd__clkbuf_16)
     7    0.05    0.07    0.15    0.40 ^ clkbuf_2_2__f_clk/X (sky130_fd_sc_hd__clkbuf_16)
                                         clknet_2_2__leaf_clk (net)
                  0.07    0.00    0.41 ^ _335_/CLK (sky130_fd_sc_hd__dfrtp_2)
     3    0.04    0.13    0.47    0.88 v _335_/Q (sky130_fd_sc_hd__dfrtp_2)
                                         one_second_counter[5] (net)
                  0.13    0.01    0.88 v _207_/B1 (sky130_fd_sc_hd__a21oi_1)
     1    0.01    0.30    0.29    1.17 ^ _207_/Y (sky130_fd_sc_hd__a21oi_1)
                                         _099_ (net)
                  0.30    0.00    1.17 ^ _209_/B (sky130_fd_sc_hd__nor3_1)
     1    0.02    0.12    0.17    1.34 v _209_/Y (sky130_fd_sc_hd__nor3_1)
                                         _022_ (net)
                  0.12    0.00    1.34 v _335_/D (sky130_fd_sc_hd__dfrtp_2)
                                  1.34   data arrival time

                          0.00    0.00   clock clk (rise edge)
                          0.00    0.00   clock source latency
     1    0.03    0.12    0.09    0.09 ^ clk (in)
                                         clk (net)
                  0.12    0.00    0.09 ^ clkbuf_0_clk/A (sky130_fd_sc_hd__clkbuf_16)
     4    0.05    0.07    0.19    0.28 ^ clkbuf_0_clk/X (sky130_fd_sc_hd__clkbuf_16)
                                         clknet_0_clk (net)
                  0.07    0.00    0.28 ^ clkbuf_2_2__f_clk/A (sky130_fd_sc_hd__clkbuf_16)
     7    0.05    0.07    0.17    0.45 ^ clkbuf_2_2__f_clk/X (sky130_fd_sc_hd__clkbuf_16)
                                         clknet_2_2__leaf_clk (net)
                  0.07    0.00    0.45 ^ _335_/CLK (sky130_fd_sc_hd__dfrtp_2)
                          0.25    0.70   clock uncertainty
                         -0.04    0.66   clock reconvergence pessimism
                         -0.07    0.59   library hold time
                                  0.59   data required time
-----------------------------------------------------------------------------
                                  0.59   data required time
                                 -1.34   data arrival time
-----------------------------------------------------------------------------
                                  0.75   slack (MET)


Startpoint: _357_ (rising edge-triggered flip-flop clocked by clk)
Endpoint: _359_ (rising edge-triggered flip-flop clocked by clk)
Path Group: clk
Path Type: min
Corner: Typical

Fanout     Cap    Slew   Delay    Time   Description
-----------------------------------------------------------------------------
                          0.00    0.00   clock clk (rise edge)
                          0.00    0.00   clock source latency
     1    0.03    0.12    0.08    0.08 ^ clk (in)
                                         clk (net)
                  0.12    0.00    0.08 ^ clkbuf_0_clk/A (sky130_fd_sc_hd__clkbuf_16)
     4    0.05    0.07    0.17    0.25 ^ clkbuf_0_clk/X (sky130_fd_sc_hd__clkbuf_16)
                                         clknet_0_clk (net)
                  0.07    0.00    0.25 ^ clkbuf_2_2__f_clk/A (sky130_fd_sc_hd__clkbuf_16)
     7    0.05    0.07    0.15    0.40 ^ clkbuf_2_2__f_clk/X (sky130_fd_sc_hd__clkbuf_16)
                                         clknet_2_2__leaf_clk (net)
                  0.08    0.01    0.41 ^ _357_/CLK (sky130_fd_sc_hd__dfrtp_4)
     5    0.05    0.17    0.48    0.90 ^ _357_/Q (sky130_fd_sc_hd__dfrtp_4)
                                         one_second_enable (net)
                  0.17    0.01    0.90 ^ _162_/A (sky130_fd_sc_hd__and3_2)
     3    0.04    0.20    0.31    1.22 ^ _162_/X (sky130_fd_sc_hd__and3_2)
                                         _064_ (net)
                  0.20    0.01    1.22 ^ _172_/A (sky130_fd_sc_hd__nor2_1)
     1    0.02    0.12    0.15    1.37 v _172_/Y (sky130_fd_sc_hd__nor2_1)
                                         _061_ (net)
                  0.12    0.00    1.37 v _359_/D (sky130_fd_sc_hd__dfrtp_4)
                                  1.37   data arrival time

                          0.00    0.00   clock clk (rise edge)
                          0.00    0.00   clock source latency
     1    0.03    0.12    0.09    0.09 ^ clk (in)
                                         clk (net)
                  0.12    0.00    0.09 ^ clkbuf_0_clk/A (sky130_fd_sc_hd__clkbuf_16)
     4    0.05    0.07    0.19    0.28 ^ clkbuf_0_clk/X (sky130_fd_sc_hd__clkbuf_16)
                                         clknet_0_clk (net)
                  0.07    0.00    0.28 ^ clkbuf_2_0__f_clk/A (sky130_fd_sc_hd__clkbuf_16)
     9    0.05    0.07    0.16    0.44 ^ clkbuf_2_0__f_clk/X (sky130_fd_sc_hd__clkbuf_16)
                                         clknet_2_0__leaf_clk (net)
                  0.07    0.00    0.45 ^ _359_/CLK (sky130_fd_sc_hd__dfrtp_4)
                          0.25    0.70   clock uncertainty
                         -0.03    0.67   clock reconvergence pessimism
                         -0.07    0.60   library hold time
                                  0.60   data required time
-----------------------------------------------------------------------------
                                  0.60   data required time
                                 -1.37   data arrival time
-----------------------------------------------------------------------------
                                  0.77   slack (MET)


Startpoint: _338_ (rising edge-triggered flip-flop clocked by clk)
Endpoint: _338_ (rising edge-triggered flip-flop clocked by clk)
Path Group: clk
Path Type: min
Corner: Typical

Fanout     Cap    Slew   Delay    Time   Description
-----------------------------------------------------------------------------
                          0.00    0.00   clock clk (rise edge)
                          0.00    0.00   clock source latency
     1    0.03    0.12    0.08    0.08 ^ clk (in)
                                         clk (net)
                  0.12    0.00    0.08 ^ clkbuf_0_clk/A (sky130_fd_sc_hd__clkbuf_16)
     4    0.05    0.07    0.17    0.25 ^ clkbuf_0_clk/X (sky130_fd_sc_hd__clkbuf_16)
                                         clknet_0_clk (net)
                  0.07    0.00    0.25 ^ clkbuf_2_3__f_clk/A (sky130_fd_sc_hd__clkbuf_16)
     8    0.04    0.06    0.15    0.40 ^ clkbuf_2_3__f_clk/X (sky130_fd_sc_hd__clkbuf_16)
                                         clknet_2_3__leaf_clk (net)
                  0.06    0.00    0.40 ^ _338_/CLK (sky130_fd_sc_hd__dfrtp_4)
     5    0.05    0.16    0.47    0.87 ^ _338_/Q (sky130_fd_sc_hd__dfrtp_4)
                                         one_second_counter[8] (net)
                  0.16    0.00    0.88 ^ _217_/A (sky130_fd_sc_hd__nand2_1)
     1    0.01    0.09    0.11    0.99 v _217_/Y (sky130_fd_sc_hd__nand2_1)
                                         _106_ (net)
                  0.09    0.00    0.99 v _218_/C (sky130_fd_sc_hd__and3_1)
     1    0.02    0.10    0.25    1.24 v _218_/X (sky130_fd_sc_hd__and3_1)
                                         _107_ (net)
                  0.10    0.00    1.24 v _219_/A (sky130_fd_sc_hd__clkbuf_1)
     1    0.01    0.08    0.15    1.38 v _219_/X (sky130_fd_sc_hd__clkbuf_1)
                                         _025_ (net)
                  0.08    0.00    1.39 v _338_/D (sky130_fd_sc_hd__dfrtp_4)
                                  1.39   data arrival time

                          0.00    0.00   clock clk (rise edge)
                          0.00    0.00   clock source latency
     1    0.03    0.12    0.09    0.09 ^ clk (in)
                                         clk (net)
                  0.12    0.00    0.09 ^ clkbuf_0_clk/A (sky130_fd_sc_hd__clkbuf_16)
     4    0.05    0.07    0.19    0.28 ^ clkbuf_0_clk/X (sky130_fd_sc_hd__clkbuf_16)
                                         clknet_0_clk (net)
                  0.07    0.00    0.28 ^ clkbuf_2_3__f_clk/A (sky130_fd_sc_hd__clkbuf_16)
     8    0.04    0.06    0.16    0.44 ^ clkbuf_2_3__f_clk/X (sky130_fd_sc_hd__clkbuf_16)
                                         clknet_2_3__leaf_clk (net)
                  0.06    0.00    0.44 ^ _338_/CLK (sky130_fd_sc_hd__dfrtp_4)
                          0.25    0.69   clock uncertainty
                         -0.04    0.65   clock reconvergence pessimism
                         -0.05    0.60   library hold time
                                  0.60   data required time
-----------------------------------------------------------------------------
                                  0.60   data required time
                                 -1.39   data arrival time
-----------------------------------------------------------------------------
                                  0.79   slack (MET)


Startpoint: _360_ (rising edge-triggered flip-flop clocked by clk)
Endpoint: _360_ (rising edge-triggered flip-flop clocked by clk)
Path Group: clk
Path Type: min
Corner: Typical

Fanout     Cap    Slew   Delay    Time   Description
-----------------------------------------------------------------------------
                          0.00    0.00   clock clk (rise edge)
                          0.00    0.00   clock source latency
     1    0.03    0.12    0.08    0.08 ^ clk (in)
                                         clk (net)
                  0.12    0.00    0.08 ^ clkbuf_0_clk/A (sky130_fd_sc_hd__clkbuf_16)
     4    0.05    0.07    0.17    0.25 ^ clkbuf_0_clk/X (sky130_fd_sc_hd__clkbuf_16)
                                         clknet_0_clk (net)
                  0.07    0.00    0.25 ^ clkbuf_2_3__f_clk/A (sky130_fd_sc_hd__clkbuf_16)
     8    0.04    0.06    0.15    0.40 ^ clkbuf_2_3__f_clk/X (sky130_fd_sc_hd__clkbuf_16)
                                         clknet_2_3__leaf_clk (net)
                  0.06    0.00    0.40 ^ _360_/CLK (sky130_fd_sc_hd__dfrtp_4)
     6    0.06    0.20    0.50    0.90 ^ _360_/Q (sky130_fd_sc_hd__dfrtp_4)
                                         decoder.digit[2] (net)
                  0.20    0.01    0.92 ^ _163_/A (sky130_fd_sc_hd__nand2_1)
     2    0.02    0.14    0.16    1.08 v _163_/Y (sky130_fd_sc_hd__nand2_1)
                                         _065_ (net)
                  0.14    0.00    1.08 v _169_/A (sky130_fd_sc_hd__and2_1)
     1    0.01    0.06    0.19    1.27 v _169_/X (sky130_fd_sc_hd__and2_1)
                                         _070_ (net)
                  0.06    0.00    1.27 v _170_/A (sky130_fd_sc_hd__clkbuf_1)
     1    0.01    0.07    0.12    1.40 v _170_/X (sky130_fd_sc_hd__clkbuf_1)
                                         _062_ (net)
                  0.07    0.00    1.40 v _360_/D (sky130_fd_sc_hd__dfrtp_4)
                                  1.40   data arrival time

                          0.00    0.00   clock clk (rise edge)
                          0.00    0.00   clock source latency
     1    0.03    0.12    0.09    0.09 ^ clk (in)
                                         clk (net)
                  0.12    0.00    0.09 ^ clkbuf_0_clk/A (sky130_fd_sc_hd__clkbuf_16)
     4    0.05    0.07    0.19    0.28 ^ clkbuf_0_clk/X (sky130_fd_sc_hd__clkbuf_16)
                                         clknet_0_clk (net)
                  0.07    0.00    0.28 ^ clkbuf_2_3__f_clk/A (sky130_fd_sc_hd__clkbuf_16)
     8    0.04    0.06    0.16    0.44 ^ clkbuf_2_3__f_clk/X (sky130_fd_sc_hd__clkbuf_16)
                                         clknet_2_3__leaf_clk (net)
                  0.06    0.00    0.44 ^ _360_/CLK (sky130_fd_sc_hd__dfrtp_4)
                          0.25    0.69   clock uncertainty
                         -0.04    0.65   clock reconvergence pessimism
                         -0.05    0.60   library hold time
                                  0.60   data required time
-----------------------------------------------------------------------------
                                  0.60   data required time
                                 -1.40   data arrival time
-----------------------------------------------------------------------------
                                  0.79   slack (MET)


Startpoint: _332_ (rising edge-triggered flip-flop clocked by clk)
Endpoint: _332_ (rising edge-triggered flip-flop clocked by clk)
Path Group: clk
Path Type: min
Corner: Typical

Fanout     Cap    Slew   Delay    Time   Description
-----------------------------------------------------------------------------
                          0.00    0.00   clock clk (rise edge)
                          0.00    0.00   clock source latency
     1    0.03    0.12    0.08    0.08 ^ clk (in)
                                         clk (net)
                  0.12    0.00    0.08 ^ clkbuf_0_clk/A (sky130_fd_sc_hd__clkbuf_16)
     4    0.05    0.07    0.17    0.25 ^ clkbuf_0_clk/X (sky130_fd_sc_hd__clkbuf_16)
                                         clknet_0_clk (net)
                  0.07    0.00    0.25 ^ clkbuf_2_1__f_clk/A (sky130_fd_sc_hd__clkbuf_16)
    11    0.04    0.06    0.14    0.40 ^ clkbuf_2_1__f_clk/X (sky130_fd_sc_hd__clkbuf_16)
                                         clknet_2_1__leaf_clk (net)
                  0.06    0.00    0.40 ^ _332_/CLK (sky130_fd_sc_hd__dfrtp_4)
     4    0.04    0.15    0.46    0.86 ^ _332_/Q (sky130_fd_sc_hd__dfrtp_4)
                                         one_second_counter[2] (net)
                  0.15    0.00    0.86 ^ _196_/B1 (sky130_fd_sc_hd__a21o_1)
     1    0.01    0.12    0.15    1.02 ^ _196_/X (sky130_fd_sc_hd__a21o_1)
                                         _091_ (net)
                  0.12    0.00    1.02 ^ _197_/C (sky130_fd_sc_hd__and3_1)
     1    0.01    0.08    0.18    1.20 ^ _197_/X (sky130_fd_sc_hd__and3_1)
                                         _092_ (net)
                  0.08    0.00    1.20 ^ _198_/A (sky130_fd_sc_hd__buf_1)
     1    0.02    0.19    0.18    1.38 ^ _198_/X (sky130_fd_sc_hd__buf_1)
                                         _019_ (net)
                  0.19    0.00    1.38 ^ _332_/D (sky130_fd_sc_hd__dfrtp_4)
                                  1.38   data arrival time

                          0.00    0.00   clock clk (rise edge)
                          0.00    0.00   clock source latency
     1    0.03    0.12    0.09    0.09 ^ clk (in)
                                         clk (net)
                  0.12    0.00    0.09 ^ clkbuf_0_clk/A (sky130_fd_sc_hd__clkbuf_16)
     4    0.05    0.07    0.19    0.28 ^ clkbuf_0_clk/X (sky130_fd_sc_hd__clkbuf_16)
                                         clknet_0_clk (net)
                  0.07    0.00    0.28 ^ clkbuf_2_1__f_clk/A (sky130_fd_sc_hd__clkbuf_16)
    11    0.04    0.06    0.16    0.44 ^ clkbuf_2_1__f_clk/X (sky130_fd_sc_hd__clkbuf_16)
                                         clknet_2_1__leaf_clk (net)
                  0.06    0.00    0.44 ^ _332_/CLK (sky130_fd_sc_hd__dfrtp_4)
                          0.25    0.69   clock uncertainty
                         -0.04    0.65   clock reconvergence pessimism
                         -0.06    0.59   library hold time
                                  0.59   data required time
-----------------------------------------------------------------------------
                                  0.59   data required time
                                 -1.38   data arrival time
-----------------------------------------------------------------------------
                                  0.80   slack (MET)


Startpoint: _330_ (rising edge-triggered flip-flop clocked by clk)
Endpoint: _331_ (rising edge-triggered flip-flop clocked by clk)
Path Group: clk
Path Type: min
Corner: Typical

Fanout     Cap    Slew   Delay    Time   Description
-----------------------------------------------------------------------------
                          0.00    0.00   clock clk (rise edge)
                          0.00    0.00   clock source latency
     1    0.03    0.12    0.08    0.08 ^ clk (in)
                                         clk (net)
                  0.12    0.00    0.08 ^ clkbuf_0_clk/A (sky130_fd_sc_hd__clkbuf_16)
     4    0.05    0.07    0.17    0.25 ^ clkbuf_0_clk/X (sky130_fd_sc_hd__clkbuf_16)
                                         clknet_0_clk (net)
                  0.07    0.00    0.25 ^ clkbuf_2_1__f_clk/A (sky130_fd_sc_hd__clkbuf_16)
    11    0.04    0.06    0.14    0.40 ^ clkbuf_2_1__f_clk/X (sky130_fd_sc_hd__clkbuf_16)
                                         clknet_2_1__leaf_clk (net)
                  0.06    0.00    0.40 ^ _330_/CLK (sky130_fd_sc_hd__dfrtp_4)
     7    0.06    0.19    0.50    0.90 ^ _330_/Q (sky130_fd_sc_hd__dfrtp_4)
                                         one_second_counter[0] (net)
                  0.20    0.01    0.91 ^ _191_/B (sky130_fd_sc_hd__nand2_1)
     1    0.02    0.16    0.18    1.09 v _191_/Y (sky130_fd_sc_hd__nand2_1)
                                         _087_ (net)
                  0.16    0.00    1.09 v _193_/A (sky130_fd_sc_hd__and3_1)
     1    0.01    0.07    0.22    1.31 v _193_/X (sky130_fd_sc_hd__and3_1)
                                         _089_ (net)
                  0.07    0.00    1.31 v _194_/A (sky130_fd_sc_hd__clkbuf_1)
     1    0.01    0.06    0.12    1.43 v _194_/X (sky130_fd_sc_hd__clkbuf_1)
                                         _011_ (net)
                  0.06    0.00    1.44 v _331_/D (sky130_fd_sc_hd__dfrtp_4)
                                  1.44   data arrival time

                          0.00    0.00   clock clk (rise edge)
                          0.00    0.00   clock source latency
     1    0.03    0.12    0.09    0.09 ^ clk (in)
                                         clk (net)
                  0.12    0.00    0.09 ^ clkbuf_0_clk/A (sky130_fd_sc_hd__clkbuf_16)
     4    0.05    0.07    0.19    0.28 ^ clkbuf_0_clk/X (sky130_fd_sc_hd__clkbuf_16)
                                         clknet_0_clk (net)
                  0.07    0.00    0.28 ^ clkbuf_2_2__f_clk/A (sky130_fd_sc_hd__clkbuf_16)
     7    0.05    0.07    0.17    0.45 ^ clkbuf_2_2__f_clk/X (sky130_fd_sc_hd__clkbuf_16)
                                         clknet_2_2__leaf_clk (net)
                  0.07    0.01    0.46 ^ _331_/CLK (sky130_fd_sc_hd__dfrtp_4)
                          0.25    0.71   clock uncertainty
                         -0.03    0.68   clock reconvergence pessimism
                         -0.04    0.64   library hold time
                                  0.64   data required time
-----------------------------------------------------------------------------
                                  0.64   data required time
                                 -1.44   data arrival time
-----------------------------------------------------------------------------
                                  0.80   slack (MET)


Startpoint: _336_ (rising edge-triggered flip-flop clocked by clk)
Endpoint: _336_ (rising edge-triggered flip-flop clocked by clk)
Path Group: clk
Path Type: min
Corner: Typical

Fanout     Cap    Slew   Delay    Time   Description
-----------------------------------------------------------------------------
                          0.00    0.00   clock clk (rise edge)
                          0.00    0.00   clock source latency
     1    0.03    0.12    0.08    0.08 ^ clk (in)
                                         clk (net)
                  0.12    0.00    0.08 ^ clkbuf_0_clk/A (sky130_fd_sc_hd__clkbuf_16)
     4    0.05    0.07    0.17    0.25 ^ clkbuf_0_clk/X (sky130_fd_sc_hd__clkbuf_16)
                                         clknet_0_clk (net)
                  0.07    0.00    0.25 ^ clkbuf_2_1__f_clk/A (sky130_fd_sc_hd__clkbuf_16)
    11    0.04    0.06    0.14    0.40 ^ clkbuf_2_1__f_clk/X (sky130_fd_sc_hd__clkbuf_16)
                                         clknet_2_1__leaf_clk (net)
                  0.06    0.00    0.40 ^ _336_/CLK (sky130_fd_sc_hd__dfrtp_2)
     3    0.03    0.17    0.43    0.83 ^ _336_/Q (sky130_fd_sc_hd__dfrtp_2)
                                         one_second_counter[6] (net)
                  0.17    0.00    0.83 ^ _211_/A (sky130_fd_sc_hd__nand2_1)
     2    0.02    0.16    0.17    1.00 v _211_/Y (sky130_fd_sc_hd__nand2_1)
                                         _102_ (net)
                  0.16    0.00    1.00 v _212_/C (sky130_fd_sc_hd__and3_1)
     1    0.01    0.05    0.24    1.23 v _212_/X (sky130_fd_sc_hd__and3_1)
                                         _103_ (net)
                  0.05    0.00    1.24 v _213_/A (sky130_fd_sc_hd__buf_1)
     1    0.02    0.14    0.17    1.41 v _213_/X (sky130_fd_sc_hd__buf_1)
                                         _023_ (net)
                  0.14    0.00    1.41 v _336_/D (sky130_fd_sc_hd__dfrtp_2)
                                  1.41   data arrival time

                          0.00    0.00   clock clk (rise edge)
                          0.00    0.00   clock source latency
     1    0.03    0.12    0.09    0.09 ^ clk (in)
                                         clk (net)
                  0.12    0.00    0.09 ^ clkbuf_0_clk/A (sky130_fd_sc_hd__clkbuf_16)
     4    0.05    0.07    0.19    0.28 ^ clkbuf_0_clk/X (sky130_fd_sc_hd__clkbuf_16)
                                         clknet_0_clk (net)
                  0.07    0.00    0.28 ^ clkbuf_2_1__f_clk/A (sky130_fd_sc_hd__clkbuf_16)
    11    0.04    0.06    0.16    0.44 ^ clkbuf_2_1__f_clk/X (sky130_fd_sc_hd__clkbuf_16)
                                         clknet_2_1__leaf_clk (net)
                  0.06    0.00    0.44 ^ _336_/CLK (sky130_fd_sc_hd__dfrtp_2)
                          0.25    0.69   clock uncertainty
                         -0.04    0.65   clock reconvergence pessimism
                         -0.08    0.57   library hold time
                                  0.57   data required time
-----------------------------------------------------------------------------
                                  0.57   data required time
                                 -1.41   data arrival time
-----------------------------------------------------------------------------
                                  0.84   slack (MET)


Startpoint: _346_ (rising edge-triggered flip-flop clocked by clk)
Endpoint: _346_ (rising edge-triggered flip-flop clocked by clk)
Path Group: clk
Path Type: min
Corner: Typical

Fanout     Cap    Slew   Delay    Time   Description
-----------------------------------------------------------------------------
                          0.00    0.00   clock clk (rise edge)
                          0.00    0.00   clock source latency
     1    0.03    0.12    0.08    0.08 ^ clk (in)
                                         clk (net)
                  0.12    0.00    0.08 ^ clkbuf_0_clk/A (sky130_fd_sc_hd__clkbuf_16)
     4    0.05    0.07    0.17    0.25 ^ clkbuf_0_clk/X (sky130_fd_sc_hd__clkbuf_16)
                                         clknet_0_clk (net)
                  0.07    0.00    0.25 ^ clkbuf_2_2__f_clk/A (sky130_fd_sc_hd__clkbuf_16)
     7    0.05    0.07    0.15    0.40 ^ clkbuf_2_2__f_clk/X (sky130_fd_sc_hd__clkbuf_16)
                                         clknet_2_2__leaf_clk (net)
                  0.07    0.01    0.41 ^ _346_/CLK (sky130_fd_sc_hd__dfrtp_4)
     6    0.05    0.17    0.49    0.90 ^ _346_/Q (sky130_fd_sc_hd__dfrtp_4)
                                         one_second_counter[16] (net)
                  0.17    0.00    0.90 ^ _248_/A (sky130_fd_sc_hd__nand2_1)
     3    0.02    0.17    0.17    1.07 v _248_/Y (sky130_fd_sc_hd__nand2_1)
                                         _129_ (net)
                  0.17    0.00    1.08 v _249_/C (sky130_fd_sc_hd__and3_1)
     1    0.01    0.07    0.26    1.33 v _249_/X (sky130_fd_sc_hd__and3_1)
                                         _130_ (net)
                  0.07    0.00    1.33 v _250_/A (sky130_fd_sc_hd__clkbuf_1)
     1    0.01    0.08    0.14    1.47 v _250_/X (sky130_fd_sc_hd__clkbuf_1)
                                         _007_ (net)
                  0.08    0.00    1.47 v _346_/D (sky130_fd_sc_hd__dfrtp_4)
                                  1.47   data arrival time

                          0.00    0.00   clock clk (rise edge)
                          0.00    0.00   clock source latency
     1    0.03    0.12    0.09    0.09 ^ clk (in)
                                         clk (net)
                  0.12    0.00    0.09 ^ clkbuf_0_clk/A (sky130_fd_sc_hd__clkbuf_16)
     4    0.05    0.07    0.19    0.28 ^ clkbuf_0_clk/X (sky130_fd_sc_hd__clkbuf_16)
                                         clknet_0_clk (net)
                  0.07    0.00    0.28 ^ clkbuf_2_2__f_clk/A (sky130_fd_sc_hd__clkbuf_16)
     7    0.05    0.07    0.17    0.45 ^ clkbuf_2_2__f_clk/X (sky130_fd_sc_hd__clkbuf_16)
                                         clknet_2_2__leaf_clk (net)
                  0.07    0.01    0.46 ^ _346_/CLK (sky130_fd_sc_hd__dfrtp_4)
                          0.25    0.71   clock uncertainty
                         -0.04    0.66   clock reconvergence pessimism
                         -0.05    0.61   library hold time
                                  0.61   data required time
-----------------------------------------------------------------------------
                                  0.61   data required time
                                 -1.47   data arrival time
-----------------------------------------------------------------------------
                                  0.86   slack (MET)


Startpoint: _334_ (rising edge-triggered flip-flop clocked by clk)
Endpoint: _334_ (rising edge-triggered flip-flop clocked by clk)
Path Group: clk
Path Type: min
Corner: Typical

Fanout     Cap    Slew   Delay    Time   Description
-----------------------------------------------------------------------------
                          0.00    0.00   clock clk (rise edge)
                          0.00    0.00   clock source latency
     1    0.03    0.12    0.08    0.08 ^ clk (in)
                                         clk (net)
                  0.12    0.00    0.08 ^ clkbuf_0_clk/A (sky130_fd_sc_hd__clkbuf_16)
     4    0.05    0.07    0.17    0.25 ^ clkbuf_0_clk/X (sky130_fd_sc_hd__clkbuf_16)
                                         clknet_0_clk (net)
                  0.07    0.00    0.25 ^ clkbuf_2_1__f_clk/A (sky130_fd_sc_hd__clkbuf_16)
    11    0.04    0.06    0.14    0.40 ^ clkbuf_2_1__f_clk/X (sky130_fd_sc_hd__clkbuf_16)
                                         clknet_2_1__leaf_clk (net)
                  0.06    0.00    0.40 ^ _334_/CLK (sky130_fd_sc_hd__dfrtp_4)
     5    0.05    0.17    0.48    0.88 ^ _334_/Q (sky130_fd_sc_hd__dfrtp_4)
                                         one_second_counter[4] (net)
                  0.17    0.01    0.88 ^ _203_/A (sky130_fd_sc_hd__nand2_1)
     1    0.02    0.18    0.19    1.07 v _203_/Y (sky130_fd_sc_hd__nand2_1)
                                         _096_ (net)
                  0.18    0.00    1.07 v _205_/B (sky130_fd_sc_hd__and3_1)
     1    0.01    0.06    0.24    1.31 v _205_/X (sky130_fd_sc_hd__and3_1)
                                         _098_ (net)
                  0.06    0.00    1.31 v _206_/A (sky130_fd_sc_hd__clkbuf_1)
     1    0.01    0.09    0.14    1.45 v _206_/X (sky130_fd_sc_hd__clkbuf_1)
                                         _021_ (net)
                  0.09    0.00    1.45 v _334_/D (sky130_fd_sc_hd__dfrtp_4)
                                  1.45   data arrival time

                          0.00    0.00   clock clk (rise edge)
                          0.00    0.00   clock source latency
     1    0.03    0.12    0.09    0.09 ^ clk (in)
                                         clk (net)
                  0.12    0.00    0.09 ^ clkbuf_0_clk/A (sky130_fd_sc_hd__clkbuf_16)
     4    0.05    0.07    0.19    0.28 ^ clkbuf_0_clk/X (sky130_fd_sc_hd__clkbuf_16)
                                         clknet_0_clk (net)
                  0.07    0.00    0.28 ^ clkbuf_2_1__f_clk/A (sky130_fd_sc_hd__clkbuf_16)
    11    0.04    0.06    0.16    0.44 ^ clkbuf_2_1__f_clk/X (sky130_fd_sc_hd__clkbuf_16)
                                         clknet_2_1__leaf_clk (net)
                  0.06    0.00    0.44 ^ _334_/CLK (sky130_fd_sc_hd__dfrtp_4)
                          0.25    0.69   clock uncertainty
                         -0.04    0.65   clock reconvergence pessimism
                         -0.06    0.59   library hold time
                                  0.59   data required time
-----------------------------------------------------------------------------
                                  0.59   data required time
                                 -1.45   data arrival time
-----------------------------------------------------------------------------
                                  0.86   slack (MET)


Startpoint: _350_ (rising edge-triggered flip-flop clocked by clk)
Endpoint: _350_ (rising edge-triggered flip-flop clocked by clk)
Path Group: clk
Path Type: min
Corner: Typical

Fanout     Cap    Slew   Delay    Time   Description
-----------------------------------------------------------------------------
                          0.00    0.00   clock clk (rise edge)
                          0.00    0.00   clock source latency
     1    0.03    0.12    0.08    0.08 ^ clk (in)
                                         clk (net)
                  0.12    0.00    0.08 ^ clkbuf_0_clk/A (sky130_fd_sc_hd__clkbuf_16)
     4    0.05    0.07    0.17    0.25 ^ clkbuf_0_clk/X (sky130_fd_sc_hd__clkbuf_16)
                                         clknet_0_clk (net)
                  0.07    0.00    0.25 ^ clkbuf_2_3__f_clk/A (sky130_fd_sc_hd__clkbuf_16)
     8    0.04    0.06    0.15    0.40 ^ clkbuf_2_3__f_clk/X (sky130_fd_sc_hd__clkbuf_16)
                                         clknet_2_3__leaf_clk (net)
                  0.06    0.00    0.40 ^ _350_/CLK (sky130_fd_sc_hd__dfrtp_2)
     4    0.04    0.21    0.46    0.86 ^ _350_/Q (sky130_fd_sc_hd__dfrtp_2)
                                         one_second_counter[20] (net)
                  0.21    0.01    0.86 ^ _263_/A (sky130_fd_sc_hd__nand2_1)
     2    0.02    0.16    0.18    1.05 v _263_/Y (sky130_fd_sc_hd__nand2_1)
                                         _140_ (net)
                  0.16    0.00    1.05 v _264_/C (sky130_fd_sc_hd__and3_1)
     1    0.03    0.13    0.31    1.36 v _264_/X (sky130_fd_sc_hd__and3_1)
                                         _141_ (net)
                  0.13    0.00    1.36 v _265_/A (sky130_fd_sc_hd__clkbuf_1)
     1    0.01    0.07    0.15    1.51 v _265_/X (sky130_fd_sc_hd__clkbuf_1)
                                         _012_ (net)
                  0.07    0.00    1.51 v _350_/D (sky130_fd_sc_hd__dfrtp_2)
                                  1.51   data arrival time

                          0.00    0.00   clock clk (rise edge)
                          0.00    0.00   clock source latency
     1    0.03    0.12    0.09    0.09 ^ clk (in)
                                         clk (net)
                  0.12    0.00    0.09 ^ clkbuf_0_clk/A (sky130_fd_sc_hd__clkbuf_16)
     4    0.05    0.07    0.19    0.28 ^ clkbuf_0_clk/X (sky130_fd_sc_hd__clkbuf_16)
                                         clknet_0_clk (net)
                  0.07    0.00    0.28 ^ clkbuf_2_3__f_clk/A (sky130_fd_sc_hd__clkbuf_16)
     8    0.04    0.06    0.16    0.44 ^ clkbuf_2_3__f_clk/X (sky130_fd_sc_hd__clkbuf_16)
                                         clknet_2_3__leaf_clk (net)
                  0.06    0.00    0.44 ^ _350_/CLK (sky130_fd_sc_hd__dfrtp_2)
                          0.25    0.69   clock uncertainty
                         -0.04    0.65   clock reconvergence pessimism
                         -0.05    0.61   library hold time
                                  0.61   data required time
-----------------------------------------------------------------------------
                                  0.61   data required time
                                 -1.51   data arrival time
-----------------------------------------------------------------------------
                                  0.90   slack (MET)


Startpoint: _342_ (rising edge-triggered flip-flop clocked by clk)
Endpoint: _342_ (rising edge-triggered flip-flop clocked by clk)
Path Group: clk
Path Type: min
Corner: Typical

Fanout     Cap    Slew   Delay    Time   Description
-----------------------------------------------------------------------------
                          0.00    0.00   clock clk (rise edge)
                          0.00    0.00   clock source latency
     1    0.03    0.12    0.08    0.08 ^ clk (in)
                                         clk (net)
                  0.12    0.00    0.08 ^ clkbuf_0_clk/A (sky130_fd_sc_hd__clkbuf_16)
     4    0.05    0.07    0.17    0.25 ^ clkbuf_0_clk/X (sky130_fd_sc_hd__clkbuf_16)
                                         clknet_0_clk (net)
                  0.07    0.00    0.25 ^ clkbuf_2_1__f_clk/A (sky130_fd_sc_hd__clkbuf_16)
    11    0.04    0.06    0.14    0.40 ^ clkbuf_2_1__f_clk/X (sky130_fd_sc_hd__clkbuf_16)
                                         clknet_2_1__leaf_clk (net)
                  0.06    0.00    0.40 ^ _342_/CLK (sky130_fd_sc_hd__dfrtp_2)
     5    0.04    0.18    0.44    0.83 ^ _342_/Q (sky130_fd_sc_hd__dfrtp_2)
                                         one_second_counter[12] (net)
                  0.18    0.00    0.84 ^ _231_/A (sky130_fd_sc_hd__nand2_1)
     1    0.02    0.18    0.18    1.02 v _231_/Y (sky130_fd_sc_hd__nand2_1)
                                         _116_ (net)
                  0.18    0.00    1.02 v _232_/C (sky130_fd_sc_hd__and3_1)
     1    0.02    0.12    0.30    1.33 v _232_/X (sky130_fd_sc_hd__and3_1)
                                         _117_ (net)
                  0.12    0.00    1.33 v _233_/A (sky130_fd_sc_hd__buf_1)
     1    0.02    0.11    0.18    1.51 v _233_/X (sky130_fd_sc_hd__buf_1)
                                         _003_ (net)
                  0.11    0.00    1.51 v _342_/D (sky130_fd_sc_hd__dfrtp_2)
                                  1.51   data arrival time

                          0.00    0.00   clock clk (rise edge)
                          0.00    0.00   clock source latency
     1    0.03    0.12    0.09    0.09 ^ clk (in)
                                         clk (net)
                  0.12    0.00    0.09 ^ clkbuf_0_clk/A (sky130_fd_sc_hd__clkbuf_16)
     4    0.05    0.07    0.19    0.28 ^ clkbuf_0_clk/X (sky130_fd_sc_hd__clkbuf_16)
                                         clknet_0_clk (net)
                  0.07    0.00    0.28 ^ clkbuf_2_1__f_clk/A (sky130_fd_sc_hd__clkbuf_16)
    11    0.04    0.06    0.16    0.44 ^ clkbuf_2_1__f_clk/X (sky130_fd_sc_hd__clkbuf_16)
                                         clknet_2_1__leaf_clk (net)
                  0.06    0.00    0.44 ^ _342_/CLK (sky130_fd_sc_hd__dfrtp_2)
                          0.25    0.69   clock uncertainty
                         -0.04    0.65   clock reconvergence pessimism
                         -0.06    0.58   library hold time
                                  0.58   data required time
-----------------------------------------------------------------------------
                                  0.58   data required time
                                 -1.51   data arrival time
-----------------------------------------------------------------------------
                                  0.92   slack (MET)


Startpoint: _344_ (rising edge-triggered flip-flop clocked by clk)
Endpoint: _344_ (rising edge-triggered flip-flop clocked by clk)
Path Group: clk
Path Type: min
Corner: Typical

Fanout     Cap    Slew   Delay    Time   Description
-----------------------------------------------------------------------------
                          0.00    0.00   clock clk (rise edge)
                          0.00    0.00   clock source latency
     1    0.03    0.12    0.08    0.08 ^ clk (in)
                                         clk (net)
                  0.12    0.00    0.08 ^ clkbuf_0_clk/A (sky130_fd_sc_hd__clkbuf_16)
     4    0.05    0.07    0.17    0.25 ^ clkbuf_0_clk/X (sky130_fd_sc_hd__clkbuf_16)
                                         clknet_0_clk (net)
                  0.07    0.00    0.25 ^ clkbuf_2_1__f_clk/A (sky130_fd_sc_hd__clkbuf_16)
    11    0.04    0.06    0.14    0.40 ^ clkbuf_2_1__f_clk/X (sky130_fd_sc_hd__clkbuf_16)
                                         clknet_2_1__leaf_clk (net)
                  0.06    0.00    0.40 ^ _344_/CLK (sky130_fd_sc_hd__dfrtp_1)
     3    0.03    0.14    0.43    0.83 v _344_/Q (sky130_fd_sc_hd__dfrtp_1)
                                         one_second_counter[14] (net)
                  0.14    0.00    0.84 v _238_/A (sky130_fd_sc_hd__inv_2)
     2    0.02    0.11    0.13    0.97 ^ _238_/Y (sky130_fd_sc_hd__inv_2)
                                         _121_ (net)
                  0.11    0.00    0.97 ^ _239_/A (sky130_fd_sc_hd__nand2_1)
     2    0.03    0.19    0.17    1.14 v _239_/Y (sky130_fd_sc_hd__nand2_1)
                                         _122_ (net)
                  0.19    0.00    1.14 v _241_/B (sky130_fd_sc_hd__and3_1)
     1    0.01    0.07    0.25    1.39 v _241_/X (sky130_fd_sc_hd__and3_1)
                                         _124_ (net)
                  0.07    0.00    1.39 v _242_/A (sky130_fd_sc_hd__clkbuf_1)
     1    0.01    0.08    0.14    1.53 v _242_/X (sky130_fd_sc_hd__clkbuf_1)
                                         _005_ (net)
                  0.08    0.00    1.53 v _344_/D (sky130_fd_sc_hd__dfrtp_1)
                                  1.53   data arrival time

                          0.00    0.00   clock clk (rise edge)
                          0.00    0.00   clock source latency
     1    0.03    0.12    0.09    0.09 ^ clk (in)
                                         clk (net)
                  0.12    0.00    0.09 ^ clkbuf_0_clk/A (sky130_fd_sc_hd__clkbuf_16)
     4    0.05    0.07    0.19    0.28 ^ clkbuf_0_clk/X (sky130_fd_sc_hd__clkbuf_16)
                                         clknet_0_clk (net)
                  0.07    0.00    0.28 ^ clkbuf_2_1__f_clk/A (sky130_fd_sc_hd__clkbuf_16)
    11    0.04    0.06    0.16    0.44 ^ clkbuf_2_1__f_clk/X (sky130_fd_sc_hd__clkbuf_16)
                                         clknet_2_1__leaf_clk (net)
                  0.06    0.00    0.44 ^ _344_/CLK (sky130_fd_sc_hd__dfrtp_1)
                          0.25    0.69   clock uncertainty
                         -0.04    0.65   clock reconvergence pessimism
                         -0.06    0.59   library hold time
                                  0.59   data required time
-----------------------------------------------------------------------------
                                  0.59   data required time
                                 -1.53   data arrival time
-----------------------------------------------------------------------------
                                  0.94   slack (MET)


Startpoint: _340_ (rising edge-triggered flip-flop clocked by clk)
Endpoint: _340_ (rising edge-triggered flip-flop clocked by clk)
Path Group: clk
Path Type: min
Corner: Typical

Fanout     Cap    Slew   Delay    Time   Description
-----------------------------------------------------------------------------
                          0.00    0.00   clock clk (rise edge)
                          0.00    0.00   clock source latency
     1    0.03    0.12    0.08    0.08 ^ clk (in)
                                         clk (net)
                  0.12    0.00    0.08 ^ clkbuf_0_clk/A (sky130_fd_sc_hd__clkbuf_16)
     4    0.05    0.07    0.17    0.25 ^ clkbuf_0_clk/X (sky130_fd_sc_hd__clkbuf_16)
                                         clknet_0_clk (net)
                  0.07    0.00    0.25 ^ clkbuf_2_0__f_clk/A (sky130_fd_sc_hd__clkbuf_16)
     9    0.05    0.07    0.15    0.40 ^ clkbuf_2_0__f_clk/X (sky130_fd_sc_hd__clkbuf_16)
                                         clknet_2_0__leaf_clk (net)
                  0.07    0.00    0.40 ^ _340_/CLK (sky130_fd_sc_hd__dfrtp_4)
     6    0.06    0.20    0.50    0.91 ^ _340_/Q (sky130_fd_sc_hd__dfrtp_4)
                                         one_second_counter[10] (net)
                  0.20    0.00    0.91 ^ _224_/A (sky130_fd_sc_hd__nand2_1)
     1    0.01    0.11    0.14    1.05 v _224_/Y (sky130_fd_sc_hd__nand2_1)
                                         _111_ (net)
                  0.11    0.00    1.05 v _225_/C (sky130_fd_sc_hd__and3_1)
     1    0.03    0.16    0.30    1.35 v _225_/X (sky130_fd_sc_hd__and3_1)
                                         _112_ (net)
                  0.16    0.00    1.36 v _226_/A (sky130_fd_sc_hd__buf_1)
     1    0.02    0.10    0.19    1.54 v _226_/X (sky130_fd_sc_hd__buf_1)
                                         _001_ (net)
                  0.10    0.00    1.55 v _340_/D (sky130_fd_sc_hd__dfrtp_4)
                                  1.55   data arrival time

                          0.00    0.00   clock clk (rise edge)
                          0.00    0.00   clock source latency
     1    0.03    0.12    0.09    0.09 ^ clk (in)
                                         clk (net)
                  0.12    0.00    0.09 ^ clkbuf_0_clk/A (sky130_fd_sc_hd__clkbuf_16)
     4    0.05    0.07    0.19    0.28 ^ clkbuf_0_clk/X (sky130_fd_sc_hd__clkbuf_16)
                                         clknet_0_clk (net)
                  0.07    0.00    0.28 ^ clkbuf_2_0__f_clk/A (sky130_fd_sc_hd__clkbuf_16)
     9    0.05    0.07    0.16    0.44 ^ clkbuf_2_0__f_clk/X (sky130_fd_sc_hd__clkbuf_16)
                                         clknet_2_0__leaf_clk (net)
                  0.07    0.00    0.45 ^ _340_/CLK (sky130_fd_sc_hd__dfrtp_4)
                          0.25    0.70   clock uncertainty
                         -0.04    0.65   clock reconvergence pessimism
                         -0.06    0.59   library hold time
                                  0.59   data required time
-----------------------------------------------------------------------------
                                  0.59   data required time
                                 -1.55   data arrival time
-----------------------------------------------------------------------------
                                  0.95   slack (MET)


Startpoint: _352_ (rising edge-triggered flip-flop clocked by clk)
Endpoint: _352_ (rising edge-triggered flip-flop clocked by clk)
Path Group: clk
Path Type: min
Corner: Typical

Fanout     Cap    Slew   Delay    Time   Description
-----------------------------------------------------------------------------
                          0.00    0.00   clock clk (rise edge)
                          0.00    0.00   clock source latency
     1    0.03    0.12    0.08    0.08 ^ clk (in)
                                         clk (net)
                  0.12    0.00    0.08 ^ clkbuf_0_clk/A (sky130_fd_sc_hd__clkbuf_16)
     4    0.05    0.07    0.17    0.25 ^ clkbuf_0_clk/X (sky130_fd_sc_hd__clkbuf_16)
                                         clknet_0_clk (net)
                  0.07    0.00    0.25 ^ clkbuf_2_0__f_clk/A (sky130_fd_sc_hd__clkbuf_16)
     9    0.05    0.07    0.15    0.40 ^ clkbuf_2_0__f_clk/X (sky130_fd_sc_hd__clkbuf_16)
                                         clknet_2_0__leaf_clk (net)
                  0.07    0.00    0.40 ^ _352_/CLK (sky130_fd_sc_hd__dfrtp_1)
     3    0.03    0.24    0.45    0.85 ^ _352_/Q (sky130_fd_sc_hd__dfrtp_1)
                                         one_second_counter[22] (net)
                  0.24    0.00    0.85 ^ _270_/A (sky130_fd_sc_hd__nand2_2)
     2    0.03    0.16    0.17    1.03 v _270_/Y (sky130_fd_sc_hd__nand2_2)
                                         _145_ (net)
                  0.16    0.00    1.03 v _271_/C (sky130_fd_sc_hd__and3_1)
     1    0.02    0.12    0.29    1.32 v _271_/X (sky130_fd_sc_hd__and3_1)
                                         _146_ (net)
                  0.12    0.00    1.33 v _272_/A (sky130_fd_sc_hd__buf_1)
     1    0.02    0.14    0.20    1.53 v _272_/X (sky130_fd_sc_hd__buf_1)
                                         _014_ (net)
                  0.14    0.00    1.53 v _352_/D (sky130_fd_sc_hd__dfrtp_1)
                                  1.53   data arrival time

                          0.00    0.00   clock clk (rise edge)
                          0.00    0.00   clock source latency
     1    0.03    0.12    0.09    0.09 ^ clk (in)
                                         clk (net)
                  0.12    0.00    0.09 ^ clkbuf_0_clk/A (sky130_fd_sc_hd__clkbuf_16)
     4    0.05    0.07    0.19    0.28 ^ clkbuf_0_clk/X (sky130_fd_sc_hd__clkbuf_16)
                                         clknet_0_clk (net)
                  0.07    0.00    0.28 ^ clkbuf_2_0__f_clk/A (sky130_fd_sc_hd__clkbuf_16)
     9    0.05    0.07    0.16    0.44 ^ clkbuf_2_0__f_clk/X (sky130_fd_sc_hd__clkbuf_16)
                                         clknet_2_0__leaf_clk (net)
                  0.07    0.00    0.45 ^ _352_/CLK (sky130_fd_sc_hd__dfrtp_1)
                          0.25    0.70   clock uncertainty
                         -0.04    0.65   clock reconvergence pessimism
                         -0.08    0.57   library hold time
                                  0.57   data required time
-----------------------------------------------------------------------------
                                  0.57   data required time
                                 -1.53   data arrival time
-----------------------------------------------------------------------------
                                  0.95   slack (MET)


Startpoint: _356_ (rising edge-triggered flip-flop clocked by clk)
Endpoint: _357_ (rising edge-triggered flip-flop clocked by clk)
Path Group: clk
Path Type: min
Corner: Typical

Fanout     Cap    Slew   Delay    Time   Description
-----------------------------------------------------------------------------
                          0.00    0.00   clock clk (rise edge)
                          0.00    0.00   clock source latency
     1    0.03    0.12    0.08    0.08 ^ clk (in)
                                         clk (net)
                  0.12    0.00    0.08 ^ clkbuf_0_clk/A (sky130_fd_sc_hd__clkbuf_16)
     4    0.05    0.07    0.17    0.25 ^ clkbuf_0_clk/X (sky130_fd_sc_hd__clkbuf_16)
                                         clknet_0_clk (net)
                  0.07    0.00    0.25 ^ clkbuf_2_1__f_clk/A (sky130_fd_sc_hd__clkbuf_16)
    11    0.04    0.06    0.14    0.40 ^ clkbuf_2_1__f_clk/X (sky130_fd_sc_hd__clkbuf_16)
                                         clknet_2_1__leaf_clk (net)
                  0.06    0.00    0.40 ^ _356_/CLK (sky130_fd_sc_hd__dfrtp_1)
     2    0.02    0.11    0.41    0.81 v _356_/Q (sky130_fd_sc_hd__dfrtp_1)
                                         one_second_counter[26] (net)
                  0.11    0.00    0.81 v _187_/B1_N (sky130_fd_sc_hd__a21bo_2)
     9    0.06    0.32    0.40    1.21 ^ _187_/X (sky130_fd_sc_hd__a21bo_2)
                                         _085_ (net)
                  0.32    0.00    1.21 ^ _188_/A (sky130_fd_sc_hd__inv_2)
     2    0.03    0.12    0.14    1.35 v _188_/Y (sky130_fd_sc_hd__inv_2)
                                         _086_ (net)
                  0.12    0.00    1.35 v _189_/A (sky130_fd_sc_hd__buf_4)
    10    0.08    0.11    0.22    1.57 v _189_/X (sky130_fd_sc_hd__buf_4)
                                         _027_ (net)
                  0.11    0.01    1.59 v _357_/D (sky130_fd_sc_hd__dfrtp_4)
                                  1.59   data arrival time

                          0.00    0.00   clock clk (rise edge)
                          0.00    0.00   clock source latency
     1    0.03    0.12    0.09    0.09 ^ clk (in)
                                         clk (net)
                  0.12    0.00    0.09 ^ clkbuf_0_clk/A (sky130_fd_sc_hd__clkbuf_16)
     4    0.05    0.07    0.19    0.28 ^ clkbuf_0_clk/X (sky130_fd_sc_hd__clkbuf_16)
                                         clknet_0_clk (net)
                  0.07    0.00    0.28 ^ clkbuf_2_2__f_clk/A (sky130_fd_sc_hd__clkbuf_16)
     7    0.05    0.07    0.17    0.45 ^ clkbuf_2_2__f_clk/X (sky130_fd_sc_hd__clkbuf_16)
                                         clknet_2_2__leaf_clk (net)
                  0.08    0.01    0.46 ^ _357_/CLK (sky130_fd_sc_hd__dfrtp_4)
                          0.25    0.71   clock uncertainty
                         -0.03    0.68   clock reconvergence pessimism
                         -0.06    0.62   library hold time
                                  0.62   data required time
-----------------------------------------------------------------------------
                                  0.62   data required time
                                 -1.59   data arrival time
-----------------------------------------------------------------------------
                                  0.97   slack (MET)


Startpoint: _349_ (rising edge-triggered flip-flop clocked by clk)
Endpoint: _349_ (rising edge-triggered flip-flop clocked by clk)
Path Group: clk
Path Type: min
Corner: Typical

Fanout     Cap    Slew   Delay    Time   Description
-----------------------------------------------------------------------------
                          0.00    0.00   clock clk (rise edge)
                          0.00    0.00   clock source latency
     1    0.03    0.12    0.08    0.08 ^ clk (in)
                                         clk (net)
                  0.12    0.00    0.08 ^ clkbuf_0_clk/A (sky130_fd_sc_hd__clkbuf_16)
     4    0.05    0.07    0.17    0.25 ^ clkbuf_0_clk/X (sky130_fd_sc_hd__clkbuf_16)
                                         clknet_0_clk (net)
                  0.07    0.00    0.25 ^ clkbuf_2_3__f_clk/A (sky130_fd_sc_hd__clkbuf_16)
     8    0.04    0.06    0.15    0.40 ^ clkbuf_2_3__f_clk/X (sky130_fd_sc_hd__clkbuf_16)
                                         clknet_2_3__leaf_clk (net)
                  0.06    0.00    0.40 ^ _349_/CLK (sky130_fd_sc_hd__dfrtp_2)
     4    0.04    0.12    0.45    0.86 v _349_/Q (sky130_fd_sc_hd__dfrtp_2)
                                         one_second_counter[19] (net)
                  0.12    0.01    0.86 v _256_/B1 (sky130_fd_sc_hd__a41o_1)
     1    0.01    0.08    0.27    1.13 v _256_/X (sky130_fd_sc_hd__a41o_1)
                                         _134_ (net)
                  0.08    0.00    1.13 v _260_/B (sky130_fd_sc_hd__and3_1)
     1    0.02    0.12    0.24    1.37 v _260_/X (sky130_fd_sc_hd__and3_1)
                                         _138_ (net)
                  0.12    0.00    1.37 v _261_/A (sky130_fd_sc_hd__buf_1)
     1    0.02    0.12    0.18    1.56 v _261_/X (sky130_fd_sc_hd__buf_1)
                                         _010_ (net)
                  0.12    0.00    1.56 v _349_/D (sky130_fd_sc_hd__dfrtp_2)
                                  1.56   data arrival time

                          0.00    0.00   clock clk (rise edge)
                          0.00    0.00   clock source latency
     1    0.03    0.12    0.09    0.09 ^ clk (in)
                                         clk (net)
                  0.12    0.00    0.09 ^ clkbuf_0_clk/A (sky130_fd_sc_hd__clkbuf_16)
     4    0.05    0.07    0.19    0.28 ^ clkbuf_0_clk/X (sky130_fd_sc_hd__clkbuf_16)
                                         clknet_0_clk (net)
                  0.07    0.00    0.28 ^ clkbuf_2_3__f_clk/A (sky130_fd_sc_hd__clkbuf_16)
     8    0.04    0.06    0.16    0.44 ^ clkbuf_2_3__f_clk/X (sky130_fd_sc_hd__clkbuf_16)
                                         clknet_2_3__leaf_clk (net)
                  0.06    0.00    0.44 ^ _349_/CLK (sky130_fd_sc_hd__dfrtp_2)
                          0.25    0.69   clock uncertainty
                         -0.04    0.65   clock reconvergence pessimism
                         -0.07    0.58   library hold time
                                  0.58   data required time
-----------------------------------------------------------------------------
                                  0.58   data required time
                                 -1.56   data arrival time
-----------------------------------------------------------------------------
                                  0.98   slack (MET)


Startpoint: rst (input port clocked by clk)
Endpoint: _360_ (removal check against rising-edge clock clk)
Path Group: asynchronous
Path Type: min
Corner: Typical

Fanout     Cap    Slew   Delay    Time   Description
-----------------------------------------------------------------------------
                          0.00    0.00   clock clk (rise edge)
                          0.00    0.00   clock network delay (propagated)
                          2.00    2.00 v input external delay
     1    0.00    0.01    0.00    2.00 v rst (in)
                                         rst (net)
                  0.01    0.00    2.00 v input1/A (sky130_fd_sc_hd__clkbuf_4)
     5    0.08    0.15    0.21    2.22 v input1/X (sky130_fd_sc_hd__clkbuf_4)
                                         net1 (net)
                  0.15    0.00    2.22 v _328_/A (sky130_fd_sc_hd__inv_2)
     1    0.02    0.10    0.13    2.35 ^ _328_/Y (sky130_fd_sc_hd__inv_2)
                                         _058_ (net)
                  0.10    0.00    2.35 ^ _360_/RESET_B (sky130_fd_sc_hd__dfrtp_4)
                                  2.35   data arrival time

                          0.00    0.00   clock clk (rise edge)
                          0.00    0.00   clock source latency
     1    0.03    0.12    0.09    0.09 ^ clk (in)
                                         clk (net)
                  0.12    0.00    0.09 ^ clkbuf_0_clk/A (sky130_fd_sc_hd__clkbuf_16)
     4    0.05    0.07    0.19    0.28 ^ clkbuf_0_clk/X (sky130_fd_sc_hd__clkbuf_16)
                                         clknet_0_clk (net)
                  0.07    0.00    0.28 ^ clkbuf_2_3__f_clk/A (sky130_fd_sc_hd__clkbuf_16)
     8    0.04    0.06    0.16    0.44 ^ clkbuf_2_3__f_clk/X (sky130_fd_sc_hd__clkbuf_16)
                                         clknet_2_3__leaf_clk (net)
                  0.06    0.00    0.44 ^ _360_/CLK (sky130_fd_sc_hd__dfrtp_4)
                          0.25    0.69   clock uncertainty
                          0.00    0.69   clock reconvergence pessimism
                          0.34    1.03   library removal time
                                  1.03   data required time
-----------------------------------------------------------------------------
                                  1.03   data required time
                                 -2.35   data arrival time
-----------------------------------------------------------------------------
                                  1.32   slack (MET)


Startpoint: rst (input port clocked by clk)
Endpoint: _361_ (removal check against rising-edge clock clk)
Path Group: asynchronous
Path Type: min
Corner: Typical

Fanout     Cap    Slew   Delay    Time   Description
-----------------------------------------------------------------------------
                          0.00    0.00   clock clk (rise edge)
                          0.00    0.00   clock network delay (propagated)
                          2.00    2.00 v input external delay
     1    0.00    0.01    0.00    2.00 v rst (in)
                                         rst (net)
                  0.01    0.00    2.00 v input1/A (sky130_fd_sc_hd__clkbuf_4)
     5    0.08    0.15    0.21    2.22 v input1/X (sky130_fd_sc_hd__clkbuf_4)
                                         net1 (net)
                  0.16    0.01    2.23 v _329_/A (sky130_fd_sc_hd__inv_2)
     1    0.02    0.12    0.15    2.37 ^ _329_/Y (sky130_fd_sc_hd__inv_2)
                                         _059_ (net)
                  0.12    0.00    2.38 ^ _361_/RESET_B (sky130_fd_sc_hd__dfrtp_4)
                                  2.38   data arrival time

                          0.00    0.00   clock clk (rise edge)
                          0.00    0.00   clock source latency
     1    0.03    0.12    0.09    0.09 ^ clk (in)
                                         clk (net)
                  0.12    0.00    0.09 ^ clkbuf_0_clk/A (sky130_fd_sc_hd__clkbuf_16)
     4    0.05    0.07    0.19    0.28 ^ clkbuf_0_clk/X (sky130_fd_sc_hd__clkbuf_16)
                                         clknet_0_clk (net)
                  0.07    0.00    0.28 ^ clkbuf_2_0__f_clk/A (sky130_fd_sc_hd__clkbuf_16)
     9    0.05    0.07    0.16    0.44 ^ clkbuf_2_0__f_clk/X (sky130_fd_sc_hd__clkbuf_16)
                                         clknet_2_0__leaf_clk (net)
                  0.07    0.00    0.45 ^ _361_/CLK (sky130_fd_sc_hd__dfrtp_4)
                          0.25    0.70   clock uncertainty
                          0.00    0.70   clock reconvergence pessimism
                          0.35    1.04   library removal time
                                  1.04   data required time
-----------------------------------------------------------------------------
                                  1.04   data required time
                                 -2.38   data arrival time
-----------------------------------------------------------------------------
                                  1.33   slack (MET)


Startpoint: rst (input port clocked by clk)
Endpoint: _351_ (removal check against rising-edge clock clk)
Path Group: asynchronous
Path Type: min
Corner: Typical

Fanout     Cap    Slew   Delay    Time   Description
-----------------------------------------------------------------------------
                          0.00    0.00   clock clk (rise edge)
                          0.00    0.00   clock network delay (propagated)
                          2.00    2.00 v input external delay
     1    0.00    0.01    0.00    2.00 v rst (in)
                                         rst (net)
                  0.01    0.00    2.00 v input1/A (sky130_fd_sc_hd__clkbuf_4)
     5    0.08    0.15    0.21    2.22 v input1/X (sky130_fd_sc_hd__clkbuf_4)
                                         net1 (net)
                  0.16    0.01    2.22 v _317_/A (sky130_fd_sc_hd__clkbuf_8)
    10    0.08    0.10    0.23    2.45 v _317_/X (sky130_fd_sc_hd__clkbuf_8)
                                         _161_ (net)
                  0.10    0.00    2.46 v _319_/A (sky130_fd_sc_hd__inv_2)
     1    0.01    0.05    0.07    2.53 ^ _319_/Y (sky130_fd_sc_hd__inv_2)
                                         _049_ (net)
                  0.05    0.00    2.53 ^ _351_/RESET_B (sky130_fd_sc_hd__dfrtp_2)
                                  2.53   data arrival time

                          0.00    0.00   clock clk (rise edge)
                          0.00    0.00   clock source latency
     1    0.03    0.12    0.09    0.09 ^ clk (in)
                                         clk (net)
                  0.12    0.00    0.09 ^ clkbuf_0_clk/A (sky130_fd_sc_hd__clkbuf_16)
     4    0.05    0.07    0.19    0.28 ^ clkbuf_0_clk/X (sky130_fd_sc_hd__clkbuf_16)
                                         clknet_0_clk (net)
                  0.07    0.00    0.28 ^ clkbuf_2_2__f_clk/A (sky130_fd_sc_hd__clkbuf_16)
     7    0.05    0.07    0.17    0.45 ^ clkbuf_2_2__f_clk/X (sky130_fd_sc_hd__clkbuf_16)
                                         clknet_2_2__leaf_clk (net)
                  0.07    0.01    0.45 ^ _351_/CLK (sky130_fd_sc_hd__dfrtp_2)
                          0.25    0.70   clock uncertainty
                          0.00    0.70   clock reconvergence pessimism
                          0.33    1.03   library removal time
                                  1.03   data required time
-----------------------------------------------------------------------------
                                  1.03   data required time
                                 -2.53   data arrival time
-----------------------------------------------------------------------------
                                  1.50   slack (MET)


Startpoint: rst (input port clocked by clk)
Endpoint: _357_ (removal check against rising-edge clock clk)
Path Group: asynchronous
Path Type: min
Corner: Typical

Fanout     Cap    Slew   Delay    Time   Description
-----------------------------------------------------------------------------
                          0.00    0.00   clock clk (rise edge)
                          0.00    0.00   clock network delay (propagated)
                          2.00    2.00 v input external delay
     1    0.00    0.01    0.00    2.00 v rst (in)
                                         rst (net)
                  0.01    0.00    2.00 v input1/A (sky130_fd_sc_hd__clkbuf_4)
     5    0.08    0.15    0.21    2.22 v input1/X (sky130_fd_sc_hd__clkbuf_4)
                                         net1 (net)
                  0.16    0.01    2.22 v _317_/A (sky130_fd_sc_hd__clkbuf_8)
    10    0.08    0.10    0.23    2.45 v _317_/X (sky130_fd_sc_hd__clkbuf_8)
                                         _161_ (net)
                  0.10    0.01    2.46 v _325_/A (sky130_fd_sc_hd__inv_2)
     1    0.01    0.06    0.08    2.55 ^ _325_/Y (sky130_fd_sc_hd__inv_2)
                                         _055_ (net)
                  0.06    0.00    2.55 ^ _357_/RESET_B (sky130_fd_sc_hd__dfrtp_4)
                                  2.55   data arrival time

                          0.00    0.00   clock clk (rise edge)
                          0.00    0.00   clock source latency
     1    0.03    0.12    0.09    0.09 ^ clk (in)
                                         clk (net)
                  0.12    0.00    0.09 ^ clkbuf_0_clk/A (sky130_fd_sc_hd__clkbuf_16)
     4    0.05    0.07    0.19    0.28 ^ clkbuf_0_clk/X (sky130_fd_sc_hd__clkbuf_16)
                                         clknet_0_clk (net)
                  0.07    0.00    0.28 ^ clkbuf_2_2__f_clk/A (sky130_fd_sc_hd__clkbuf_16)
     7    0.05    0.07    0.17    0.45 ^ clkbuf_2_2__f_clk/X (sky130_fd_sc_hd__clkbuf_16)
                                         clknet_2_2__leaf_clk (net)
                  0.08    0.01    0.46 ^ _357_/CLK (sky130_fd_sc_hd__dfrtp_4)
                          0.25    0.71   clock uncertainty
                          0.00    0.71   clock reconvergence pessimism
                          0.33    1.04   library removal time
                                  1.04   data required time
-----------------------------------------------------------------------------
                                  1.04   data required time
                                 -2.55   data arrival time
-----------------------------------------------------------------------------
                                  1.51   slack (MET)


Startpoint: rst (input port clocked by clk)
Endpoint: _346_ (removal check against rising-edge clock clk)
Path Group: asynchronous
Path Type: min
Corner: Typical

Fanout     Cap    Slew   Delay    Time   Description
-----------------------------------------------------------------------------
                          0.00    0.00   clock clk (rise edge)
                          0.00    0.00   clock network delay (propagated)
                          2.00    2.00 v input external delay
     1    0.00    0.01    0.00    2.00 v rst (in)
                                         rst (net)
                  0.01    0.00    2.00 v input1/A (sky130_fd_sc_hd__clkbuf_4)
     5    0.08    0.15    0.21    2.22 v input1/X (sky130_fd_sc_hd__clkbuf_4)
                                         net1 (net)
                  0.16    0.01    2.23 v _306_/A (sky130_fd_sc_hd__clkbuf_8)
    10    0.09    0.10    0.23    2.46 v _306_/X (sky130_fd_sc_hd__clkbuf_8)
                                         _160_ (net)
                  0.11    0.01    2.47 v _313_/A (sky130_fd_sc_hd__inv_2)
     1    0.01    0.05    0.07    2.54 ^ _313_/Y (sky130_fd_sc_hd__inv_2)
                                         _044_ (net)
                  0.05    0.00    2.55 ^ _346_/RESET_B (sky130_fd_sc_hd__dfrtp_4)
                                  2.55   data arrival time

                          0.00    0.00   clock clk (rise edge)
                          0.00    0.00   clock source latency
     1    0.03    0.12    0.09    0.09 ^ clk (in)
                                         clk (net)
                  0.12    0.00    0.09 ^ clkbuf_0_clk/A (sky130_fd_sc_hd__clkbuf_16)
     4    0.05    0.07    0.19    0.28 ^ clkbuf_0_clk/X (sky130_fd_sc_hd__clkbuf_16)
                                         clknet_0_clk (net)
                  0.07    0.00    0.28 ^ clkbuf_2_2__f_clk/A (sky130_fd_sc_hd__clkbuf_16)
     7    0.05    0.07    0.17    0.45 ^ clkbuf_2_2__f_clk/X (sky130_fd_sc_hd__clkbuf_16)
                                         clknet_2_2__leaf_clk (net)
                  0.07    0.01    0.46 ^ _346_/CLK (sky130_fd_sc_hd__dfrtp_4)
                          0.25    0.71   clock uncertainty
                          0.00    0.71   clock reconvergence pessimism
                          0.33    1.03   library removal time
                                  1.03   data required time
-----------------------------------------------------------------------------
                                  1.03   data required time
                                 -2.55   data arrival time
-----------------------------------------------------------------------------
                                  1.51   slack (MET)


Startpoint: rst (input port clocked by clk)
Endpoint: _345_ (removal check against rising-edge clock clk)
Path Group: asynchronous
Path Type: min
Corner: Typical

Fanout     Cap    Slew   Delay    Time   Description
-----------------------------------------------------------------------------
                          0.00    0.00   clock clk (rise edge)
                          0.00    0.00   clock network delay (propagated)
                          2.00    2.00 v input external delay
     1    0.00    0.01    0.00    2.00 v rst (in)
                                         rst (net)
                  0.01    0.00    2.00 v input1/A (sky130_fd_sc_hd__clkbuf_4)
     5    0.08    0.15    0.21    2.22 v input1/X (sky130_fd_sc_hd__clkbuf_4)
                                         net1 (net)
                  0.16    0.01    2.23 v _306_/A (sky130_fd_sc_hd__clkbuf_8)
    10    0.09    0.10    0.23    2.46 v _306_/X (sky130_fd_sc_hd__clkbuf_8)
                                         _160_ (net)
                  0.11    0.02    2.48 v _312_/A (sky130_fd_sc_hd__inv_2)
     1    0.00    0.04    0.07    2.54 ^ _312_/Y (sky130_fd_sc_hd__inv_2)
                                         _043_ (net)
                  0.04    0.00    2.54 ^ _345_/RESET_B (sky130_fd_sc_hd__dfrtp_2)
                                  2.54   data arrival time

                          0.00    0.00   clock clk (rise edge)
                          0.00    0.00   clock source latency
     1    0.03    0.12    0.09    0.09 ^ clk (in)
                                         clk (net)
                  0.12    0.00    0.09 ^ clkbuf_0_clk/A (sky130_fd_sc_hd__clkbuf_16)
     4    0.05    0.07    0.19    0.28 ^ clkbuf_0_clk/X (sky130_fd_sc_hd__clkbuf_16)
                                         clknet_0_clk (net)
                  0.07    0.00    0.28 ^ clkbuf_2_3__f_clk/A (sky130_fd_sc_hd__clkbuf_16)
     8    0.04    0.06    0.16    0.44 ^ clkbuf_2_3__f_clk/X (sky130_fd_sc_hd__clkbuf_16)
                                         clknet_2_3__leaf_clk (net)
                  0.06    0.00    0.44 ^ _345_/CLK (sky130_fd_sc_hd__dfrtp_2)
                          0.25    0.69   clock uncertainty
                          0.00    0.69   clock reconvergence pessimism
                          0.32    1.02   library removal time
                                  1.02   data required time
-----------------------------------------------------------------------------
                                  1.02   data required time
                                 -2.54   data arrival time
-----------------------------------------------------------------------------
                                  1.53   slack (MET)


Startpoint: rst (input port clocked by clk)
Endpoint: _353_ (removal check against rising-edge clock clk)
Path Group: asynchronous
Path Type: min
Corner: Typical

Fanout     Cap    Slew   Delay    Time   Description
-----------------------------------------------------------------------------
                          0.00    0.00   clock clk (rise edge)
                          0.00    0.00   clock network delay (propagated)
                          2.00    2.00 v input external delay
     1    0.00    0.01    0.00    2.00 v rst (in)
                                         rst (net)
                  0.01    0.00    2.00 v input1/A (sky130_fd_sc_hd__clkbuf_4)
     5    0.08    0.15    0.21    2.22 v input1/X (sky130_fd_sc_hd__clkbuf_4)
                                         net1 (net)
                  0.16    0.01    2.22 v _317_/A (sky130_fd_sc_hd__clkbuf_8)
    10    0.08    0.10    0.23    2.45 v _317_/X (sky130_fd_sc_hd__clkbuf_8)
                                         _161_ (net)
                  0.10    0.01    2.46 v _321_/A (sky130_fd_sc_hd__inv_2)
     1    0.01    0.06    0.08    2.54 ^ _321_/Y (sky130_fd_sc_hd__inv_2)
                                         _051_ (net)
                  0.06    0.00    2.54 ^ _353_/RESET_B (sky130_fd_sc_hd__dfrtp_1)
                                  2.54   data arrival time

                          0.00    0.00   clock clk (rise edge)
                          0.00    0.00   clock source latency
     1    0.03    0.12    0.09    0.09 ^ clk (in)
                                         clk (net)
                  0.12    0.00    0.09 ^ clkbuf_0_clk/A (sky130_fd_sc_hd__clkbuf_16)
     4    0.05    0.07    0.19    0.28 ^ clkbuf_0_clk/X (sky130_fd_sc_hd__clkbuf_16)
                                         clknet_0_clk (net)
                  0.07    0.00    0.28 ^ clkbuf_2_1__f_clk/A (sky130_fd_sc_hd__clkbuf_16)
    11    0.04    0.06    0.16    0.44 ^ clkbuf_2_1__f_clk/X (sky130_fd_sc_hd__clkbuf_16)
                                         clknet_2_1__leaf_clk (net)
                  0.06    0.00    0.44 ^ _353_/CLK (sky130_fd_sc_hd__dfrtp_1)
                          0.25    0.69   clock uncertainty
                          0.00    0.69   clock reconvergence pessimism
                          0.33    1.02   library removal time
                                  1.02   data required time
-----------------------------------------------------------------------------
                                  1.02   data required time
                                 -2.54   data arrival time
-----------------------------------------------------------------------------
                                  1.53   slack (MET)


Startpoint: rst (input port clocked by clk)
Endpoint: _352_ (removal check against rising-edge clock clk)
Path Group: asynchronous
Path Type: min
Corner: Typical

Fanout     Cap    Slew   Delay    Time   Description
-----------------------------------------------------------------------------
                          0.00    0.00   clock clk (rise edge)
                          0.00    0.00   clock network delay (propagated)
                          2.00    2.00 v input external delay
     1    0.00    0.01    0.00    2.00 v rst (in)
                                         rst (net)
                  0.01    0.00    2.00 v input1/A (sky130_fd_sc_hd__clkbuf_4)
     5    0.08    0.15    0.21    2.22 v input1/X (sky130_fd_sc_hd__clkbuf_4)
                                         net1 (net)
                  0.16    0.01    2.22 v _317_/A (sky130_fd_sc_hd__clkbuf_8)
    10    0.08    0.10    0.23    2.45 v _317_/X (sky130_fd_sc_hd__clkbuf_8)
                                         _161_ (net)
                  0.10    0.00    2.46 v _320_/A (sky130_fd_sc_hd__inv_2)
     1    0.02    0.09    0.10    2.56 ^ _320_/Y (sky130_fd_sc_hd__inv_2)
                                         _050_ (net)
                  0.09    0.00    2.56 ^ _352_/RESET_B (sky130_fd_sc_hd__dfrtp_1)
                                  2.56   data arrival time

                          0.00    0.00   clock clk (rise edge)
                          0.00    0.00   clock source latency
     1    0.03    0.12    0.09    0.09 ^ clk (in)
                                         clk (net)
                  0.12    0.00    0.09 ^ clkbuf_0_clk/A (sky130_fd_sc_hd__clkbuf_16)
     4    0.05    0.07    0.19    0.28 ^ clkbuf_0_clk/X (sky130_fd_sc_hd__clkbuf_16)
                                         clknet_0_clk (net)
                  0.07    0.00    0.28 ^ clkbuf_2_0__f_clk/A (sky130_fd_sc_hd__clkbuf_16)
     9    0.05    0.07    0.16    0.44 ^ clkbuf_2_0__f_clk/X (sky130_fd_sc_hd__clkbuf_16)
                                         clknet_2_0__leaf_clk (net)
                  0.07    0.00    0.45 ^ _352_/CLK (sky130_fd_sc_hd__dfrtp_1)
                          0.25    0.70   clock uncertainty
                          0.00    0.70   clock reconvergence pessimism
                          0.34    1.03   library removal time
                                  1.03   data required time
-----------------------------------------------------------------------------
                                  1.03   data required time
                                 -2.56   data arrival time
-----------------------------------------------------------------------------
                                  1.53   slack (MET)


Startpoint: rst (input port clocked by clk)
Endpoint: _331_ (removal check against rising-edge clock clk)
Path Group: asynchronous
Path Type: min
Corner: Typical

Fanout     Cap    Slew   Delay    Time   Description
-----------------------------------------------------------------------------
                          0.00    0.00   clock clk (rise edge)
                          0.00    0.00   clock network delay (propagated)
                          2.00    2.00 v input external delay
     1    0.00    0.01    0.00    2.00 v rst (in)
                                         rst (net)
                  0.01    0.00    2.00 v input1/A (sky130_fd_sc_hd__clkbuf_4)
     5    0.08    0.15    0.21    2.22 v input1/X (sky130_fd_sc_hd__clkbuf_4)
                                         net1 (net)
                  0.16    0.01    2.23 v _295_/A (sky130_fd_sc_hd__buf_4)
    10    0.09    0.12    0.25    2.48 v _295_/X (sky130_fd_sc_hd__buf_4)
                                         _159_ (net)
                  0.12    0.00    2.48 v _297_/A (sky130_fd_sc_hd__inv_2)
     1    0.01    0.06    0.09    2.57 ^ _297_/Y (sky130_fd_sc_hd__inv_2)
                                         _029_ (net)
                  0.06    0.00    2.57 ^ _331_/RESET_B (sky130_fd_sc_hd__dfrtp_4)
                                  2.57   data arrival time

                          0.00    0.00   clock clk (rise edge)
                          0.00    0.00   clock source latency
     1    0.03    0.12    0.09    0.09 ^ clk (in)
                                         clk (net)
                  0.12    0.00    0.09 ^ clkbuf_0_clk/A (sky130_fd_sc_hd__clkbuf_16)
     4    0.05    0.07    0.19    0.28 ^ clkbuf_0_clk/X (sky130_fd_sc_hd__clkbuf_16)
                                         clknet_0_clk (net)
                  0.07    0.00    0.28 ^ clkbuf_2_2__f_clk/A (sky130_fd_sc_hd__clkbuf_16)
     7    0.05    0.07    0.17    0.45 ^ clkbuf_2_2__f_clk/X (sky130_fd_sc_hd__clkbuf_16)
                                         clknet_2_2__leaf_clk (net)
                  0.07    0.01    0.46 ^ _331_/CLK (sky130_fd_sc_hd__dfrtp_4)
                          0.25    0.71   clock uncertainty
                          0.00    0.71   clock reconvergence pessimism
                          0.33    1.04   library removal time
                                  1.04   data required time
-----------------------------------------------------------------------------
                                  1.04   data required time
                                 -2.57   data arrival time
-----------------------------------------------------------------------------
                                  1.53   slack (MET)


Startpoint: rst (input port clocked by clk)
Endpoint: _358_ (removal check against rising-edge clock clk)
Path Group: asynchronous
Path Type: min
Corner: Typical

Fanout     Cap    Slew   Delay    Time   Description
-----------------------------------------------------------------------------
                          0.00    0.00   clock clk (rise edge)
                          0.00    0.00   clock network delay (propagated)
                          2.00    2.00 v input external delay
     1    0.00    0.01    0.00    2.00 v rst (in)
                                         rst (net)
                  0.01    0.00    2.00 v input1/A (sky130_fd_sc_hd__clkbuf_4)
     5    0.08    0.15    0.21    2.22 v input1/X (sky130_fd_sc_hd__clkbuf_4)
                                         net1 (net)
                  0.16    0.01    2.22 v _317_/A (sky130_fd_sc_hd__clkbuf_8)
    10    0.08    0.10    0.23    2.45 v _317_/X (sky130_fd_sc_hd__clkbuf_8)
                                         _161_ (net)
                  0.10    0.01    2.46 v _326_/A (sky130_fd_sc_hd__inv_2)
     1    0.02    0.10    0.11    2.58 ^ _326_/Y (sky130_fd_sc_hd__inv_2)
                                         _056_ (net)
                  0.10    0.00    2.58 ^ _358_/RESET_B (sky130_fd_sc_hd__dfrtp_4)
                                  2.58   data arrival time

                          0.00    0.00   clock clk (rise edge)
                          0.00    0.00   clock source latency
     1    0.03    0.12    0.09    0.09 ^ clk (in)
                                         clk (net)
                  0.12    0.00    0.09 ^ clkbuf_0_clk/A (sky130_fd_sc_hd__clkbuf_16)
     4    0.05    0.07    0.19    0.28 ^ clkbuf_0_clk/X (sky130_fd_sc_hd__clkbuf_16)
                                         clknet_0_clk (net)
                  0.07    0.00    0.28 ^ clkbuf_2_2__f_clk/A (sky130_fd_sc_hd__clkbuf_16)
     7    0.05    0.07    0.17    0.45 ^ clkbuf_2_2__f_clk/X (sky130_fd_sc_hd__clkbuf_16)
                                         clknet_2_2__leaf_clk (net)
                  0.07    0.01    0.45 ^ _358_/CLK (sky130_fd_sc_hd__dfrtp_4)
                          0.25    0.70   clock uncertainty
                          0.00    0.70   clock reconvergence pessimism
                          0.34    1.05   library removal time
                                  1.05   data required time
-----------------------------------------------------------------------------
                                  1.05   data required time
                                 -2.58   data arrival time
-----------------------------------------------------------------------------
                                  1.53   slack (MET)


Startpoint: rst (input port clocked by clk)
Endpoint: _359_ (removal check against rising-edge clock clk)
Path Group: asynchronous
Path Type: min
Corner: Typical

Fanout     Cap    Slew   Delay    Time   Description
-----------------------------------------------------------------------------
                          0.00    0.00   clock clk (rise edge)
                          0.00    0.00   clock network delay (propagated)
                          2.00    2.00 v input external delay
     1    0.00    0.01    0.00    2.00 v rst (in)
                                         rst (net)
                  0.01    0.00    2.00 v input1/A (sky130_fd_sc_hd__clkbuf_4)
     5    0.08    0.15    0.21    2.22 v input1/X (sky130_fd_sc_hd__clkbuf_4)
                                         net1 (net)
                  0.16    0.01    2.22 v _317_/A (sky130_fd_sc_hd__clkbuf_8)
    10    0.08    0.10    0.23    2.45 v _317_/X (sky130_fd_sc_hd__clkbuf_8)
                                         _161_ (net)
                  0.10    0.01    2.46 v _327_/A (sky130_fd_sc_hd__inv_2)
     1    0.02    0.08    0.10    2.57 ^ _327_/Y (sky130_fd_sc_hd__inv_2)
                                         _057_ (net)
                  0.08    0.00    2.57 ^ _359_/RESET_B (sky130_fd_sc_hd__dfrtp_4)
                                  2.57   data arrival time

                          0.00    0.00   clock clk (rise edge)
                          0.00    0.00   clock source latency
     1    0.03    0.12    0.09    0.09 ^ clk (in)
                                         clk (net)
                  0.12    0.00    0.09 ^ clkbuf_0_clk/A (sky130_fd_sc_hd__clkbuf_16)
     4    0.05    0.07    0.19    0.28 ^ clkbuf_0_clk/X (sky130_fd_sc_hd__clkbuf_16)
                                         clknet_0_clk (net)
                  0.07    0.00    0.28 ^ clkbuf_2_0__f_clk/A (sky130_fd_sc_hd__clkbuf_16)
     9    0.05    0.07    0.16    0.44 ^ clkbuf_2_0__f_clk/X (sky130_fd_sc_hd__clkbuf_16)
                                         clknet_2_0__leaf_clk (net)
                  0.07    0.00    0.45 ^ _359_/CLK (sky130_fd_sc_hd__dfrtp_4)
                          0.25    0.70   clock uncertainty
                          0.00    0.70   clock reconvergence pessimism
                          0.34    1.03   library removal time
                                  1.03   data required time
-----------------------------------------------------------------------------
                                  1.03   data required time
                                 -2.57   data arrival time
-----------------------------------------------------------------------------
                                  1.53   slack (MET)


Startpoint: rst (input port clocked by clk)
Endpoint: _335_ (removal check against rising-edge clock clk)
Path Group: asynchronous
Path Type: min
Corner: Typical

Fanout     Cap    Slew   Delay    Time   Description
-----------------------------------------------------------------------------
                          0.00    0.00   clock clk (rise edge)
                          0.00    0.00   clock network delay (propagated)
                          2.00    2.00 v input external delay
     1    0.00    0.01    0.00    2.00 v rst (in)
                                         rst (net)
                  0.01    0.00    2.00 v input1/A (sky130_fd_sc_hd__clkbuf_4)
     5    0.08    0.15    0.21    2.22 v input1/X (sky130_fd_sc_hd__clkbuf_4)
                                         net1 (net)
                  0.16    0.01    2.23 v _295_/A (sky130_fd_sc_hd__buf_4)
    10    0.09    0.12    0.25    2.48 v _295_/X (sky130_fd_sc_hd__buf_4)
                                         _159_ (net)
                  0.12    0.00    2.48 v _301_/A (sky130_fd_sc_hd__inv_2)
     1    0.01    0.06    0.09    2.57 ^ _301_/Y (sky130_fd_sc_hd__inv_2)
                                         _033_ (net)
                  0.06    0.00    2.57 ^ _335_/RESET_B (sky130_fd_sc_hd__dfrtp_2)
                                  2.57   data arrival time

                          0.00    0.00   clock clk (rise edge)
                          0.00    0.00   clock source latency
     1    0.03    0.12    0.09    0.09 ^ clk (in)
                                         clk (net)
                  0.12    0.00    0.09 ^ clkbuf_0_clk/A (sky130_fd_sc_hd__clkbuf_16)
     4    0.05    0.07    0.19    0.28 ^ clkbuf_0_clk/X (sky130_fd_sc_hd__clkbuf_16)
                                         clknet_0_clk (net)
                  0.07    0.00    0.28 ^ clkbuf_2_2__f_clk/A (sky130_fd_sc_hd__clkbuf_16)
     7    0.05    0.07    0.17    0.45 ^ clkbuf_2_2__f_clk/X (sky130_fd_sc_hd__clkbuf_16)
                                         clknet_2_2__leaf_clk (net)
                  0.07    0.00    0.45 ^ _335_/CLK (sky130_fd_sc_hd__dfrtp_2)
                          0.25    0.70   clock uncertainty
                          0.00    0.70   clock reconvergence pessimism
                          0.33    1.03   library removal time
                                  1.03   data required time
-----------------------------------------------------------------------------
                                  1.03   data required time
                                 -2.57   data arrival time
-----------------------------------------------------------------------------
                                  1.54   slack (MET)


Startpoint: rst (input port clocked by clk)
Endpoint: _355_ (removal check against rising-edge clock clk)
Path Group: asynchronous
Path Type: min
Corner: Typical

Fanout     Cap    Slew   Delay    Time   Description
-----------------------------------------------------------------------------
                          0.00    0.00   clock clk (rise edge)
                          0.00    0.00   clock network delay (propagated)
                          2.00    2.00 v input external delay
     1    0.00    0.01    0.00    2.00 v rst (in)
                                         rst (net)
                  0.01    0.00    2.00 v input1/A (sky130_fd_sc_hd__clkbuf_4)
     5    0.08    0.15    0.21    2.22 v input1/X (sky130_fd_sc_hd__clkbuf_4)
                                         net1 (net)
                  0.16    0.01    2.22 v _317_/A (sky130_fd_sc_hd__clkbuf_8)
    10    0.08    0.10    0.23    2.45 v _317_/X (sky130_fd_sc_hd__clkbuf_8)
                                         _161_ (net)
                  0.10    0.01    2.46 v _323_/A (sky130_fd_sc_hd__inv_2)
     1    0.02    0.08    0.10    2.56 ^ _323_/Y (sky130_fd_sc_hd__inv_2)
                                         _053_ (net)
                  0.08    0.00    2.56 ^ _355_/RESET_B (sky130_fd_sc_hd__dfrtp_4)
                                  2.56   data arrival time

                          0.00    0.00   clock clk (rise edge)
                          0.00    0.00   clock source latency
     1    0.03    0.12    0.09    0.09 ^ clk (in)
                                         clk (net)
                  0.12    0.00    0.09 ^ clkbuf_0_clk/A (sky130_fd_sc_hd__clkbuf_16)
     4    0.05    0.07    0.19    0.28 ^ clkbuf_0_clk/X (sky130_fd_sc_hd__clkbuf_16)
                                         clknet_0_clk (net)
                  0.07    0.00    0.28 ^ clkbuf_2_1__f_clk/A (sky130_fd_sc_hd__clkbuf_16)
    11    0.04    0.06    0.16    0.44 ^ clkbuf_2_1__f_clk/X (sky130_fd_sc_hd__clkbuf_16)
                                         clknet_2_1__leaf_clk (net)
                  0.06    0.00    0.44 ^ _355_/CLK (sky130_fd_sc_hd__dfrtp_4)
                          0.25    0.69   clock uncertainty
                          0.00    0.69   clock reconvergence pessimism
                          0.33    1.02   library removal time
                                  1.02   data required time
-----------------------------------------------------------------------------
                                  1.02   data required time
                                 -2.56   data arrival time
-----------------------------------------------------------------------------
                                  1.54   slack (MET)


Startpoint: rst (input port clocked by clk)
Endpoint: _342_ (removal check against rising-edge clock clk)
Path Group: asynchronous
Path Type: min
Corner: Typical

Fanout     Cap    Slew   Delay    Time   Description
-----------------------------------------------------------------------------
                          0.00    0.00   clock clk (rise edge)
                          0.00    0.00   clock network delay (propagated)
                          2.00    2.00 v input external delay
     1    0.00    0.01    0.00    2.00 v rst (in)
                                         rst (net)
                  0.01    0.00    2.00 v input1/A (sky130_fd_sc_hd__clkbuf_4)
     5    0.08    0.15    0.21    2.22 v input1/X (sky130_fd_sc_hd__clkbuf_4)
                                         net1 (net)
                  0.16    0.01    2.23 v _306_/A (sky130_fd_sc_hd__clkbuf_8)
    10    0.09    0.10    0.23    2.46 v _306_/X (sky130_fd_sc_hd__clkbuf_8)
                                         _160_ (net)
                  0.11    0.01    2.48 v _309_/A (sky130_fd_sc_hd__inv_2)
     1    0.01    0.05    0.08    2.55 ^ _309_/Y (sky130_fd_sc_hd__inv_2)
                                         _040_ (net)
                  0.05    0.00    2.56 ^ _342_/RESET_B (sky130_fd_sc_hd__dfrtp_2)
                                  2.56   data arrival time

                          0.00    0.00   clock clk (rise edge)
                          0.00    0.00   clock source latency
     1    0.03    0.12    0.09    0.09 ^ clk (in)
                                         clk (net)
                  0.12    0.00    0.09 ^ clkbuf_0_clk/A (sky130_fd_sc_hd__clkbuf_16)
     4    0.05    0.07    0.19    0.28 ^ clkbuf_0_clk/X (sky130_fd_sc_hd__clkbuf_16)
                                         clknet_0_clk (net)
                  0.07    0.00    0.28 ^ clkbuf_2_1__f_clk/A (sky130_fd_sc_hd__clkbuf_16)
    11    0.04    0.06    0.16    0.44 ^ clkbuf_2_1__f_clk/X (sky130_fd_sc_hd__clkbuf_16)
                                         clknet_2_1__leaf_clk (net)
                  0.06    0.00    0.44 ^ _342_/CLK (sky130_fd_sc_hd__dfrtp_2)
                          0.25    0.69   clock uncertainty
                          0.00    0.69   clock reconvergence pessimism
                          0.33    1.02   library removal time
                                  1.02   data required time
-----------------------------------------------------------------------------
                                  1.02   data required time
                                 -2.56   data arrival time
-----------------------------------------------------------------------------
                                  1.54   slack (MET)


Startpoint: rst (input port clocked by clk)
Endpoint: _354_ (removal check against rising-edge clock clk)
Path Group: asynchronous
Path Type: min
Corner: Typical

Fanout     Cap    Slew   Delay    Time   Description
-----------------------------------------------------------------------------
                          0.00    0.00   clock clk (rise edge)
                          0.00    0.00   clock network delay (propagated)
                          2.00    2.00 v input external delay
     1    0.00    0.01    0.00    2.00 v rst (in)
                                         rst (net)
                  0.01    0.00    2.00 v input1/A (sky130_fd_sc_hd__clkbuf_4)
     5    0.08    0.15    0.21    2.22 v input1/X (sky130_fd_sc_hd__clkbuf_4)
                                         net1 (net)
                  0.16    0.01    2.22 v _317_/A (sky130_fd_sc_hd__clkbuf_8)
    10    0.08    0.10    0.23    2.45 v _317_/X (sky130_fd_sc_hd__clkbuf_8)
                                         _161_ (net)
                  0.10    0.01    2.46 v _322_/A (sky130_fd_sc_hd__inv_2)
     1    0.02    0.09    0.10    2.57 ^ _322_/Y (sky130_fd_sc_hd__inv_2)
                                         _052_ (net)
                  0.09    0.00    2.57 ^ _354_/RESET_B (sky130_fd_sc_hd__dfrtp_4)
                                  2.57   data arrival time

                          0.00    0.00   clock clk (rise edge)
                          0.00    0.00   clock source latency
     1    0.03    0.12    0.09    0.09 ^ clk (in)
                                         clk (net)
                  0.12    0.00    0.09 ^ clkbuf_0_clk/A (sky130_fd_sc_hd__clkbuf_16)
     4    0.05    0.07    0.19    0.28 ^ clkbuf_0_clk/X (sky130_fd_sc_hd__clkbuf_16)
                                         clknet_0_clk (net)
                  0.07    0.00    0.28 ^ clkbuf_2_3__f_clk/A (sky130_fd_sc_hd__clkbuf_16)
     8    0.04    0.06    0.16    0.44 ^ clkbuf_2_3__f_clk/X (sky130_fd_sc_hd__clkbuf_16)
                                         clknet_2_3__leaf_clk (net)
                  0.06    0.00    0.44 ^ _354_/CLK (sky130_fd_sc_hd__dfrtp_4)
                          0.25    0.69   clock uncertainty
                          0.00    0.69   clock reconvergence pessimism
                          0.34    1.03   library removal time
                                  1.03   data required time
-----------------------------------------------------------------------------
                                  1.03   data required time
                                 -2.57   data arrival time
-----------------------------------------------------------------------------
                                  1.54   slack (MET)


Startpoint: rst (input port clocked by clk)
Endpoint: _341_ (removal check against rising-edge clock clk)
Path Group: asynchronous
Path Type: min
Corner: Typical

Fanout     Cap    Slew   Delay    Time   Description
-----------------------------------------------------------------------------
                          0.00    0.00   clock clk (rise edge)
                          0.00    0.00   clock network delay (propagated)
                          2.00    2.00 v input external delay
     1    0.00    0.01    0.00    2.00 v rst (in)
                                         rst (net)
                  0.01    0.00    2.00 v input1/A (sky130_fd_sc_hd__clkbuf_4)
     5    0.08    0.15    0.21    2.22 v input1/X (sky130_fd_sc_hd__clkbuf_4)
                                         net1 (net)
                  0.16    0.01    2.23 v _306_/A (sky130_fd_sc_hd__clkbuf_8)
    10    0.09    0.10    0.23    2.46 v _306_/X (sky130_fd_sc_hd__clkbuf_8)
                                         _160_ (net)
                  0.11    0.01    2.48 v _308_/A (sky130_fd_sc_hd__inv_2)
     1    0.01    0.07    0.10    2.57 ^ _308_/Y (sky130_fd_sc_hd__inv_2)
                                         _039_ (net)
                  0.07    0.00    2.57 ^ _341_/RESET_B (sky130_fd_sc_hd__dfrtp_4)
                                  2.57   data arrival time

                          0.00    0.00   clock clk (rise edge)
                          0.00    0.00   clock source latency
     1    0.03    0.12    0.09    0.09 ^ clk (in)
                                         clk (net)
                  0.12    0.00    0.09 ^ clkbuf_0_clk/A (sky130_fd_sc_hd__clkbuf_16)
     4    0.05    0.07    0.19    0.28 ^ clkbuf_0_clk/X (sky130_fd_sc_hd__clkbuf_16)
                                         clknet_0_clk (net)
                  0.07    0.00    0.28 ^ clkbuf_2_0__f_clk/A (sky130_fd_sc_hd__clkbuf_16)
     9    0.05    0.07    0.16    0.44 ^ clkbuf_2_0__f_clk/X (sky130_fd_sc_hd__clkbuf_16)
                                         clknet_2_0__leaf_clk (net)
                  0.07    0.00    0.45 ^ _341_/CLK (sky130_fd_sc_hd__dfrtp_4)
                          0.25    0.70   clock uncertainty
                          0.00    0.70   clock reconvergence pessimism
                          0.33    1.03   library removal time
                                  1.03   data required time
-----------------------------------------------------------------------------
                                  1.03   data required time
                                 -2.57   data arrival time
-----------------------------------------------------------------------------
                                  1.54   slack (MET)


Startpoint: rst (input port clocked by clk)
Endpoint: _350_ (removal check against rising-edge clock clk)
Path Group: asynchronous
Path Type: min
Corner: Typical

Fanout     Cap    Slew   Delay    Time   Description
-----------------------------------------------------------------------------
                          0.00    0.00   clock clk (rise edge)
                          0.00    0.00   clock network delay (propagated)
                          2.00    2.00 v input external delay
     1    0.00    0.01    0.00    2.00 v rst (in)
                                         rst (net)
                  0.01    0.00    2.00 v input1/A (sky130_fd_sc_hd__clkbuf_4)
     5    0.08    0.15    0.21    2.22 v input1/X (sky130_fd_sc_hd__clkbuf_4)
                                         net1 (net)
                  0.16    0.01    2.22 v _317_/A (sky130_fd_sc_hd__clkbuf_8)
    10    0.08    0.10    0.23    2.45 v _317_/X (sky130_fd_sc_hd__clkbuf_8)
                                         _161_ (net)
                  0.10    0.01    2.46 v _318_/A (sky130_fd_sc_hd__inv_2)
     1    0.02    0.10    0.11    2.57 ^ _318_/Y (sky130_fd_sc_hd__inv_2)
                                         _048_ (net)
                  0.10    0.00    2.58 ^ _350_/RESET_B (sky130_fd_sc_hd__dfrtp_2)
                                  2.58   data arrival time

                          0.00    0.00   clock clk (rise edge)
                          0.00    0.00   clock source latency
     1    0.03    0.12    0.09    0.09 ^ clk (in)
                                         clk (net)
                  0.12    0.00    0.09 ^ clkbuf_0_clk/A (sky130_fd_sc_hd__clkbuf_16)
     4    0.05    0.07    0.19    0.28 ^ clkbuf_0_clk/X (sky130_fd_sc_hd__clkbuf_16)
                                         clknet_0_clk (net)
                  0.07    0.00    0.28 ^ clkbuf_2_3__f_clk/A (sky130_fd_sc_hd__clkbuf_16)
     8    0.04    0.06    0.16    0.44 ^ clkbuf_2_3__f_clk/X (sky130_fd_sc_hd__clkbuf_16)
                                         clknet_2_3__leaf_clk (net)
                  0.06    0.00    0.44 ^ _350_/CLK (sky130_fd_sc_hd__dfrtp_2)
                          0.25    0.69   clock uncertainty
                          0.00    0.69   clock reconvergence pessimism
                          0.34    1.04   library removal time
                                  1.04   data required time
-----------------------------------------------------------------------------
                                  1.04   data required time
                                 -2.58   data arrival time
-----------------------------------------------------------------------------
                                  1.54   slack (MET)


Startpoint: rst (input port clocked by clk)
Endpoint: _349_ (removal check against rising-edge clock clk)
Path Group: asynchronous
Path Type: min
Corner: Typical

Fanout     Cap    Slew   Delay    Time   Description
-----------------------------------------------------------------------------
                          0.00    0.00   clock clk (rise edge)
                          0.00    0.00   clock network delay (propagated)
                          2.00    2.00 v input external delay
     1    0.00    0.01    0.00    2.00 v rst (in)
                                         rst (net)
                  0.01    0.00    2.00 v input1/A (sky130_fd_sc_hd__clkbuf_4)
     5    0.08    0.15    0.21    2.22 v input1/X (sky130_fd_sc_hd__clkbuf_4)
                                         net1 (net)
                  0.16    0.01    2.23 v _306_/A (sky130_fd_sc_hd__clkbuf_8)
    10    0.09    0.10    0.23    2.46 v _306_/X (sky130_fd_sc_hd__clkbuf_8)
                                         _160_ (net)
                  0.10    0.01    2.47 v _316_/A (sky130_fd_sc_hd__inv_2)
     1    0.02    0.08    0.10    2.57 ^ _316_/Y (sky130_fd_sc_hd__inv_2)
                                         _047_ (net)
                  0.08    0.00    2.57 ^ _349_/RESET_B (sky130_fd_sc_hd__dfrtp_2)
                                  2.57   data arrival time

                          0.00    0.00   clock clk (rise edge)
                          0.00    0.00   clock source latency
     1    0.03    0.12    0.09    0.09 ^ clk (in)
                                         clk (net)
                  0.12    0.00    0.09 ^ clkbuf_0_clk/A (sky130_fd_sc_hd__clkbuf_16)
     4    0.05    0.07    0.19    0.28 ^ clkbuf_0_clk/X (sky130_fd_sc_hd__clkbuf_16)
                                         clknet_0_clk (net)
                  0.07    0.00    0.28 ^ clkbuf_2_3__f_clk/A (sky130_fd_sc_hd__clkbuf_16)
     8    0.04    0.06    0.16    0.44 ^ clkbuf_2_3__f_clk/X (sky130_fd_sc_hd__clkbuf_16)
                                         clknet_2_3__leaf_clk (net)
                  0.06    0.00    0.44 ^ _349_/CLK (sky130_fd_sc_hd__dfrtp_2)
                          0.25    0.69   clock uncertainty
                          0.00    0.69   clock reconvergence pessimism
                          0.34    1.03   library removal time
                                  1.03   data required time
-----------------------------------------------------------------------------
                                  1.03   data required time
                                 -2.57   data arrival time
-----------------------------------------------------------------------------
                                  1.55   slack (MET)


Startpoint: rst (input port clocked by clk)
Endpoint: _356_ (removal check against rising-edge clock clk)
Path Group: asynchronous
Path Type: min
Corner: Typical

Fanout     Cap    Slew   Delay    Time   Description
-----------------------------------------------------------------------------
                          0.00    0.00   clock clk (rise edge)
                          0.00    0.00   clock network delay (propagated)
                          2.00    2.00 v input external delay
     1    0.00    0.01    0.00    2.00 v rst (in)
                                         rst (net)
                  0.01    0.00    2.00 v input1/A (sky130_fd_sc_hd__clkbuf_4)
     5    0.08    0.15    0.21    2.22 v input1/X (sky130_fd_sc_hd__clkbuf_4)
                                         net1 (net)
                  0.16    0.01    2.22 v _317_/A (sky130_fd_sc_hd__clkbuf_8)
    10    0.08    0.10    0.23    2.45 v _317_/X (sky130_fd_sc_hd__clkbuf_8)
                                         _161_ (net)
                  0.10    0.01    2.46 v _324_/A (sky130_fd_sc_hd__inv_2)
     1    0.02    0.12    0.12    2.59 ^ _324_/Y (sky130_fd_sc_hd__inv_2)
                                         _054_ (net)
                  0.12    0.00    2.59 ^ _356_/RESET_B (sky130_fd_sc_hd__dfrtp_1)
                                  2.59   data arrival time

                          0.00    0.00   clock clk (rise edge)
                          0.00    0.00   clock source latency
     1    0.03    0.12    0.09    0.09 ^ clk (in)
                                         clk (net)
                  0.12    0.00    0.09 ^ clkbuf_0_clk/A (sky130_fd_sc_hd__clkbuf_16)
     4    0.05    0.07    0.19    0.28 ^ clkbuf_0_clk/X (sky130_fd_sc_hd__clkbuf_16)
                                         clknet_0_clk (net)
                  0.07    0.00    0.28 ^ clkbuf_2_1__f_clk/A (sky130_fd_sc_hd__clkbuf_16)
    11    0.04    0.06    0.16    0.44 ^ clkbuf_2_1__f_clk/X (sky130_fd_sc_hd__clkbuf_16)
                                         clknet_2_1__leaf_clk (net)
                  0.06    0.00    0.44 ^ _356_/CLK (sky130_fd_sc_hd__dfrtp_1)
                          0.25    0.69   clock uncertainty
                          0.00    0.69   clock reconvergence pessimism
                          0.34    1.03   library removal time
                                  1.03   data required time
-----------------------------------------------------------------------------
                                  1.03   data required time
                                 -2.59   data arrival time
-----------------------------------------------------------------------------
                                  1.55   slack (MET)


Startpoint: rst (input port clocked by clk)
Endpoint: _334_ (removal check against rising-edge clock clk)
Path Group: asynchronous
Path Type: min
Corner: Typical

Fanout     Cap    Slew   Delay    Time   Description
-----------------------------------------------------------------------------
                          0.00    0.00   clock clk (rise edge)
                          0.00    0.00   clock network delay (propagated)
                          2.00    2.00 v input external delay
     1    0.00    0.01    0.00    2.00 v rst (in)
                                         rst (net)
                  0.01    0.00    2.00 v input1/A (sky130_fd_sc_hd__clkbuf_4)
     5    0.08    0.15    0.21    2.22 v input1/X (sky130_fd_sc_hd__clkbuf_4)
                                         net1 (net)
                  0.16    0.01    2.23 v _295_/A (sky130_fd_sc_hd__buf_4)
    10    0.09    0.12    0.25    2.48 v _295_/X (sky130_fd_sc_hd__buf_4)
                                         _159_ (net)
                  0.12    0.01    2.49 v _300_/A (sky130_fd_sc_hd__inv_2)
     1    0.01    0.06    0.09    2.57 ^ _300_/Y (sky130_fd_sc_hd__inv_2)
                                         _032_ (net)
                  0.06    0.00    2.58 ^ _334_/RESET_B (sky130_fd_sc_hd__dfrtp_4)
                                  2.58   data arrival time

                          0.00    0.00   clock clk (rise edge)
                          0.00    0.00   clock source latency
     1    0.03    0.12    0.09    0.09 ^ clk (in)
                                         clk (net)
                  0.12    0.00    0.09 ^ clkbuf_0_clk/A (sky130_fd_sc_hd__clkbuf_16)
     4    0.05    0.07    0.19    0.28 ^ clkbuf_0_clk/X (sky130_fd_sc_hd__clkbuf_16)
                                         clknet_0_clk (net)
                  0.07    0.00    0.28 ^ clkbuf_2_1__f_clk/A (sky130_fd_sc_hd__clkbuf_16)
    11    0.04    0.06    0.16    0.44 ^ clkbuf_2_1__f_clk/X (sky130_fd_sc_hd__clkbuf_16)
                                         clknet_2_1__leaf_clk (net)
                  0.06    0.00    0.44 ^ _334_/CLK (sky130_fd_sc_hd__dfrtp_4)
                          0.25    0.69   clock uncertainty
                          0.00    0.69   clock reconvergence pessimism
                          0.33    1.02   library removal time
                                  1.02   data required time
-----------------------------------------------------------------------------
                                  1.02   data required time
                                 -2.58   data arrival time
-----------------------------------------------------------------------------
                                  1.56   slack (MET)


Startpoint: rst (input port clocked by clk)
Endpoint: _337_ (removal check against rising-edge clock clk)
Path Group: asynchronous
Path Type: min
Corner: Typical

Fanout     Cap    Slew   Delay    Time   Description
-----------------------------------------------------------------------------
                          0.00    0.00   clock clk (rise edge)
                          0.00    0.00   clock network delay (propagated)
                          2.00    2.00 v input external delay
     1    0.00    0.01    0.00    2.00 v rst (in)
                                         rst (net)
                  0.01    0.00    2.00 v input1/A (sky130_fd_sc_hd__clkbuf_4)
     5    0.08    0.15    0.21    2.22 v input1/X (sky130_fd_sc_hd__clkbuf_4)
                                         net1 (net)
                  0.16    0.01    2.23 v _295_/A (sky130_fd_sc_hd__buf_4)
    10    0.09    0.12    0.25    2.48 v _295_/X (sky130_fd_sc_hd__buf_4)
                                         _159_ (net)
                  0.12    0.00    2.48 v _303_/A (sky130_fd_sc_hd__inv_2)
     1    0.01    0.07    0.10    2.58 ^ _303_/Y (sky130_fd_sc_hd__inv_2)
                                         _035_ (net)
                  0.07    0.00    2.58 ^ _337_/RESET_B (sky130_fd_sc_hd__dfrtp_2)
                                  2.58   data arrival time

                          0.00    0.00   clock clk (rise edge)
                          0.00    0.00   clock source latency
     1    0.03    0.12    0.09    0.09 ^ clk (in)
                                         clk (net)
                  0.12    0.00    0.09 ^ clkbuf_0_clk/A (sky130_fd_sc_hd__clkbuf_16)
     4    0.05    0.07    0.19    0.28 ^ clkbuf_0_clk/X (sky130_fd_sc_hd__clkbuf_16)
                                         clknet_0_clk (net)
                  0.07    0.00    0.28 ^ clkbuf_2_1__f_clk/A (sky130_fd_sc_hd__clkbuf_16)
    11    0.04    0.06    0.16    0.44 ^ clkbuf_2_1__f_clk/X (sky130_fd_sc_hd__clkbuf_16)
                                         clknet_2_1__leaf_clk (net)
                  0.06    0.00    0.44 ^ _337_/CLK (sky130_fd_sc_hd__dfrtp_2)
                          0.25    0.69   clock uncertainty
                          0.00    0.69   clock reconvergence pessimism
                          0.33    1.02   library removal time
                                  1.02   data required time
-----------------------------------------------------------------------------
                                  1.02   data required time
                                 -2.58   data arrival time
-----------------------------------------------------------------------------
                                  1.56   slack (MET)


Startpoint: rst (input port clocked by clk)
Endpoint: _347_ (removal check against rising-edge clock clk)
Path Group: asynchronous
Path Type: min
Corner: Typical

Fanout     Cap    Slew   Delay    Time   Description
-----------------------------------------------------------------------------
                          0.00    0.00   clock clk (rise edge)
                          0.00    0.00   clock network delay (propagated)
                          2.00    2.00 v input external delay
     1    0.00    0.01    0.00    2.00 v rst (in)
                                         rst (net)
                  0.01    0.00    2.00 v input1/A (sky130_fd_sc_hd__clkbuf_4)
     5    0.08    0.15    0.21    2.22 v input1/X (sky130_fd_sc_hd__clkbuf_4)
                                         net1 (net)
                  0.16    0.01    2.23 v _306_/A (sky130_fd_sc_hd__clkbuf_8)
    10    0.09    0.10    0.23    2.46 v _306_/X (sky130_fd_sc_hd__clkbuf_8)
                                         _160_ (net)
                  0.11    0.01    2.48 v _314_/A (sky130_fd_sc_hd__inv_2)
     1    0.02    0.10    0.12    2.59 ^ _314_/Y (sky130_fd_sc_hd__inv_2)
                                         _045_ (net)
                  0.10    0.00    2.59 ^ _347_/RESET_B (sky130_fd_sc_hd__dfrtp_4)
                                  2.59   data arrival time

                          0.00    0.00   clock clk (rise edge)
                          0.00    0.00   clock source latency
     1    0.03    0.12    0.09    0.09 ^ clk (in)
                                         clk (net)
                  0.12    0.00    0.09 ^ clkbuf_0_clk/A (sky130_fd_sc_hd__clkbuf_16)
     4    0.05    0.07    0.19    0.28 ^ clkbuf_0_clk/X (sky130_fd_sc_hd__clkbuf_16)
                                         clknet_0_clk (net)
                  0.07    0.00    0.28 ^ clkbuf_2_1__f_clk/A (sky130_fd_sc_hd__clkbuf_16)
    11    0.04    0.06    0.16    0.44 ^ clkbuf_2_1__f_clk/X (sky130_fd_sc_hd__clkbuf_16)
                                         clknet_2_1__leaf_clk (net)
                  0.06    0.00    0.44 ^ _347_/CLK (sky130_fd_sc_hd__dfrtp_4)
                          0.25    0.69   clock uncertainty
                          0.00    0.69   clock reconvergence pessimism
                          0.34    1.03   library removal time
                                  1.03   data required time
-----------------------------------------------------------------------------
                                  1.03   data required time
                                 -2.59   data arrival time
-----------------------------------------------------------------------------
                                  1.57   slack (MET)


Startpoint: rst (input port clocked by clk)
Endpoint: _343_ (removal check against rising-edge clock clk)
Path Group: asynchronous
Path Type: min
Corner: Typical

Fanout     Cap    Slew   Delay    Time   Description
-----------------------------------------------------------------------------
                          0.00    0.00   clock clk (rise edge)
                          0.00    0.00   clock network delay (propagated)
                          2.00    2.00 v input external delay
     1    0.00    0.01    0.00    2.00 v rst (in)
                                         rst (net)
                  0.01    0.00    2.00 v input1/A (sky130_fd_sc_hd__clkbuf_4)
     5    0.08    0.15    0.21    2.22 v input1/X (sky130_fd_sc_hd__clkbuf_4)
                                         net1 (net)
                  0.16    0.01    2.23 v _306_/A (sky130_fd_sc_hd__clkbuf_8)
    10    0.09    0.10    0.23    2.46 v _306_/X (sky130_fd_sc_hd__clkbuf_8)
                                         _160_ (net)
                  0.11    0.02    2.48 v _310_/A (sky130_fd_sc_hd__inv_2)
     1    0.02    0.11    0.13    2.61 ^ _310_/Y (sky130_fd_sc_hd__inv_2)
                                         _041_ (net)
                  0.11    0.00    2.61 ^ _343_/RESET_B (sky130_fd_sc_hd__dfrtp_1)
                                  2.61   data arrival time

                          0.00    0.00   clock clk (rise edge)
                          0.00    0.00   clock source latency
     1    0.03    0.12    0.09    0.09 ^ clk (in)
                                         clk (net)
                  0.12    0.00    0.09 ^ clkbuf_0_clk/A (sky130_fd_sc_hd__clkbuf_16)
     4    0.05    0.07    0.19    0.28 ^ clkbuf_0_clk/X (sky130_fd_sc_hd__clkbuf_16)
                                         clknet_0_clk (net)
                  0.07    0.00    0.28 ^ clkbuf_2_0__f_clk/A (sky130_fd_sc_hd__clkbuf_16)
     9    0.05    0.07    0.16    0.44 ^ clkbuf_2_0__f_clk/X (sky130_fd_sc_hd__clkbuf_16)
                                         clknet_2_0__leaf_clk (net)
                  0.07    0.00    0.45 ^ _343_/CLK (sky130_fd_sc_hd__dfrtp_1)
                          0.25    0.70   clock uncertainty
                          0.00    0.70   clock reconvergence pessimism
                          0.35    1.04   library removal time
                                  1.04   data required time
-----------------------------------------------------------------------------
                                  1.04   data required time
                                 -2.61   data arrival time
-----------------------------------------------------------------------------
                                  1.57   slack (MET)


Startpoint: rst (input port clocked by clk)
Endpoint: _333_ (removal check against rising-edge clock clk)
Path Group: asynchronous
Path Type: min
Corner: Typical

Fanout     Cap    Slew   Delay    Time   Description
-----------------------------------------------------------------------------
                          0.00    0.00   clock clk (rise edge)
                          0.00    0.00   clock network delay (propagated)
                          2.00    2.00 v input external delay
     1    0.00    0.01    0.00    2.00 v rst (in)
                                         rst (net)
                  0.01    0.00    2.00 v input1/A (sky130_fd_sc_hd__clkbuf_4)
     5    0.08    0.15    0.21    2.22 v input1/X (sky130_fd_sc_hd__clkbuf_4)
                                         net1 (net)
                  0.16    0.01    2.23 v _295_/A (sky130_fd_sc_hd__buf_4)
    10    0.09    0.12    0.25    2.48 v _295_/X (sky130_fd_sc_hd__buf_4)
                                         _159_ (net)
                  0.12    0.01    2.49 v _299_/A (sky130_fd_sc_hd__inv_2)
     1    0.02    0.08    0.11    2.59 ^ _299_/Y (sky130_fd_sc_hd__inv_2)
                                         _031_ (net)
                  0.08    0.00    2.60 ^ _333_/RESET_B (sky130_fd_sc_hd__dfrtp_1)
                                  2.60   data arrival time

                          0.00    0.00   clock clk (rise edge)
                          0.00    0.00   clock source latency
     1    0.03    0.12    0.09    0.09 ^ clk (in)
                                         clk (net)
                  0.12    0.00    0.09 ^ clkbuf_0_clk/A (sky130_fd_sc_hd__clkbuf_16)
     4    0.05    0.07    0.19    0.28 ^ clkbuf_0_clk/X (sky130_fd_sc_hd__clkbuf_16)
                                         clknet_0_clk (net)
                  0.07    0.00    0.28 ^ clkbuf_2_3__f_clk/A (sky130_fd_sc_hd__clkbuf_16)
     8    0.04    0.06    0.16    0.44 ^ clkbuf_2_3__f_clk/X (sky130_fd_sc_hd__clkbuf_16)
                                         clknet_2_3__leaf_clk (net)
                  0.06    0.00    0.44 ^ _333_/CLK (sky130_fd_sc_hd__dfrtp_1)
                          0.25    0.69   clock uncertainty
                          0.00    0.69   clock reconvergence pessimism
                          0.34    1.03   library removal time
                                  1.03   data required time
-----------------------------------------------------------------------------
                                  1.03   data required time
                                 -2.60   data arrival time
-----------------------------------------------------------------------------
                                  1.57   slack (MET)


Startpoint: rst (input port clocked by clk)
Endpoint: _348_ (removal check against rising-edge clock clk)
Path Group: asynchronous
Path Type: min
Corner: Typical

Fanout     Cap    Slew   Delay    Time   Description
-----------------------------------------------------------------------------
                          0.00    0.00   clock clk (rise edge)
                          0.00    0.00   clock network delay (propagated)
                          2.00    2.00 v input external delay
     1    0.00    0.01    0.00    2.00 v rst (in)
                                         rst (net)
                  0.01    0.00    2.00 v input1/A (sky130_fd_sc_hd__clkbuf_4)
     5    0.08    0.15    0.21    2.22 v input1/X (sky130_fd_sc_hd__clkbuf_4)
                                         net1 (net)
                  0.16    0.01    2.23 v _306_/A (sky130_fd_sc_hd__clkbuf_8)
    10    0.09    0.10    0.23    2.46 v _306_/X (sky130_fd_sc_hd__clkbuf_8)
                                         _160_ (net)
                  0.11    0.02    2.48 v _315_/A (sky130_fd_sc_hd__inv_2)
     1    0.03    0.13    0.13    2.61 ^ _315_/Y (sky130_fd_sc_hd__inv_2)
                                         _046_ (net)
                  0.13    0.00    2.62 ^ _348_/RESET_B (sky130_fd_sc_hd__dfrtp_4)
                                  2.62   data arrival time

                          0.00    0.00   clock clk (rise edge)
                          0.00    0.00   clock source latency
     1    0.03    0.12    0.09    0.09 ^ clk (in)
                                         clk (net)
                  0.12    0.00    0.09 ^ clkbuf_0_clk/A (sky130_fd_sc_hd__clkbuf_16)
     4    0.05    0.07    0.19    0.28 ^ clkbuf_0_clk/X (sky130_fd_sc_hd__clkbuf_16)
                                         clknet_0_clk (net)
                  0.07    0.00    0.28 ^ clkbuf_2_0__f_clk/A (sky130_fd_sc_hd__clkbuf_16)
     9    0.05    0.07    0.16    0.44 ^ clkbuf_2_0__f_clk/X (sky130_fd_sc_hd__clkbuf_16)
                                         clknet_2_0__leaf_clk (net)
                  0.07    0.00    0.45 ^ _348_/CLK (sky130_fd_sc_hd__dfrtp_4)
                          0.25    0.70   clock uncertainty
                          0.00    0.70   clock reconvergence pessimism
                          0.35    1.05   library removal time
                                  1.05   data required time
-----------------------------------------------------------------------------
                                  1.05   data required time
                                 -2.62   data arrival time
-----------------------------------------------------------------------------
                                  1.57   slack (MET)


Startpoint: rst (input port clocked by clk)
Endpoint: _344_ (removal check against rising-edge clock clk)
Path Group: asynchronous
Path Type: min
Corner: Typical

Fanout     Cap    Slew   Delay    Time   Description
-----------------------------------------------------------------------------
                          0.00    0.00   clock clk (rise edge)
                          0.00    0.00   clock network delay (propagated)
                          2.00    2.00 v input external delay
     1    0.00    0.01    0.00    2.00 v rst (in)
                                         rst (net)
                  0.01    0.00    2.00 v input1/A (sky130_fd_sc_hd__clkbuf_4)
     5    0.08    0.15    0.21    2.22 v input1/X (sky130_fd_sc_hd__clkbuf_4)
                                         net1 (net)
                  0.16    0.01    2.23 v _306_/A (sky130_fd_sc_hd__clkbuf_8)
    10    0.09    0.10    0.23    2.46 v _306_/X (sky130_fd_sc_hd__clkbuf_8)
                                         _160_ (net)
                  0.11    0.02    2.48 v _311_/A (sky130_fd_sc_hd__inv_2)
     1    0.02    0.11    0.12    2.60 ^ _311_/Y (sky130_fd_sc_hd__inv_2)
                                         _042_ (net)
                  0.11    0.00    2.60 ^ _344_/RESET_B (sky130_fd_sc_hd__dfrtp_1)
                                  2.60   data arrival time

                          0.00    0.00   clock clk (rise edge)
                          0.00    0.00   clock source latency
     1    0.03    0.12    0.09    0.09 ^ clk (in)
                                         clk (net)
                  0.12    0.00    0.09 ^ clkbuf_0_clk/A (sky130_fd_sc_hd__clkbuf_16)
     4    0.05    0.07    0.19    0.28 ^ clkbuf_0_clk/X (sky130_fd_sc_hd__clkbuf_16)
                                         clknet_0_clk (net)
                  0.07    0.00    0.28 ^ clkbuf_2_1__f_clk/A (sky130_fd_sc_hd__clkbuf_16)
    11    0.04    0.06    0.16    0.44 ^ clkbuf_2_1__f_clk/X (sky130_fd_sc_hd__clkbuf_16)
                                         clknet_2_1__leaf_clk (net)
                  0.06    0.00    0.44 ^ _344_/CLK (sky130_fd_sc_hd__dfrtp_1)
                          0.25    0.69   clock uncertainty
                          0.00    0.69   clock reconvergence pessimism
                          0.34    1.03   library removal time
                                  1.03   data required time
-----------------------------------------------------------------------------
                                  1.03   data required time
                                 -2.60   data arrival time
-----------------------------------------------------------------------------
                                  1.57   slack (MET)


Startpoint: rst (input port clocked by clk)
Endpoint: _338_ (removal check against rising-edge clock clk)
Path Group: asynchronous
Path Type: min
Corner: Typical

Fanout     Cap    Slew   Delay    Time   Description
-----------------------------------------------------------------------------
                          0.00    0.00   clock clk (rise edge)
                          0.00    0.00   clock network delay (propagated)
                          2.00    2.00 v input external delay
     1    0.00    0.01    0.00    2.00 v rst (in)
                                         rst (net)
                  0.01    0.00    2.00 v input1/A (sky130_fd_sc_hd__clkbuf_4)
     5    0.08    0.15    0.21    2.22 v input1/X (sky130_fd_sc_hd__clkbuf_4)
                                         net1 (net)
                  0.16    0.01    2.23 v _295_/A (sky130_fd_sc_hd__buf_4)
    10    0.09    0.12    0.25    2.48 v _295_/X (sky130_fd_sc_hd__buf_4)
                                         _159_ (net)
                  0.12    0.01    2.49 v _304_/A (sky130_fd_sc_hd__inv_2)
     1    0.02    0.10    0.12    2.61 ^ _304_/Y (sky130_fd_sc_hd__inv_2)
                                         _036_ (net)
                  0.10    0.00    2.61 ^ _338_/RESET_B (sky130_fd_sc_hd__dfrtp_4)
                                  2.61   data arrival time

                          0.00    0.00   clock clk (rise edge)
                          0.00    0.00   clock source latency
     1    0.03    0.12    0.09    0.09 ^ clk (in)
                                         clk (net)
                  0.12    0.00    0.09 ^ clkbuf_0_clk/A (sky130_fd_sc_hd__clkbuf_16)
     4    0.05    0.07    0.19    0.28 ^ clkbuf_0_clk/X (sky130_fd_sc_hd__clkbuf_16)
                                         clknet_0_clk (net)
                  0.07    0.00    0.28 ^ clkbuf_2_3__f_clk/A (sky130_fd_sc_hd__clkbuf_16)
     8    0.04    0.06    0.16    0.44 ^ clkbuf_2_3__f_clk/X (sky130_fd_sc_hd__clkbuf_16)
                                         clknet_2_3__leaf_clk (net)
                  0.06    0.00    0.44 ^ _338_/CLK (sky130_fd_sc_hd__dfrtp_4)
                          0.25    0.69   clock uncertainty
                          0.00    0.69   clock reconvergence pessimism
                          0.34    1.03   library removal time
                                  1.03   data required time
-----------------------------------------------------------------------------
                                  1.03   data required time
                                 -2.61   data arrival time
-----------------------------------------------------------------------------
                                  1.57   slack (MET)


Startpoint: rst (input port clocked by clk)
Endpoint: _339_ (removal check against rising-edge clock clk)
Path Group: asynchronous
Path Type: min
Corner: Typical

Fanout     Cap    Slew   Delay    Time   Description
-----------------------------------------------------------------------------
                          0.00    0.00   clock clk (rise edge)
                          0.00    0.00   clock network delay (propagated)
                          2.00    2.00 v input external delay
     1    0.00    0.01    0.00    2.00 v rst (in)
                                         rst (net)
                  0.01    0.00    2.00 v input1/A (sky130_fd_sc_hd__clkbuf_4)
     5    0.08    0.15    0.21    2.22 v input1/X (sky130_fd_sc_hd__clkbuf_4)
                                         net1 (net)
                  0.16    0.01    2.23 v _295_/A (sky130_fd_sc_hd__buf_4)
    10    0.09    0.12    0.25    2.48 v _295_/X (sky130_fd_sc_hd__buf_4)
                                         _159_ (net)
                  0.12    0.01    2.49 v _305_/A (sky130_fd_sc_hd__inv_2)
     1    0.02    0.12    0.13    2.62 ^ _305_/Y (sky130_fd_sc_hd__inv_2)
                                         _037_ (net)
                  0.12    0.00    2.62 ^ _339_/RESET_B (sky130_fd_sc_hd__dfrtp_2)
                                  2.62   data arrival time

                          0.00    0.00   clock clk (rise edge)
                          0.00    0.00   clock source latency
     1    0.03    0.12    0.09    0.09 ^ clk (in)
                                         clk (net)
                  0.12    0.00    0.09 ^ clkbuf_0_clk/A (sky130_fd_sc_hd__clkbuf_16)
     4    0.05    0.07    0.19    0.28 ^ clkbuf_0_clk/X (sky130_fd_sc_hd__clkbuf_16)
                                         clknet_0_clk (net)
                  0.07    0.00    0.28 ^ clkbuf_2_0__f_clk/A (sky130_fd_sc_hd__clkbuf_16)
     9    0.05    0.07    0.16    0.44 ^ clkbuf_2_0__f_clk/X (sky130_fd_sc_hd__clkbuf_16)
                                         clknet_2_0__leaf_clk (net)
                  0.07    0.00    0.45 ^ _339_/CLK (sky130_fd_sc_hd__dfrtp_2)
                          0.25    0.70   clock uncertainty
                          0.00    0.70   clock reconvergence pessimism
                          0.35    1.04   library removal time
                                  1.04   data required time
-----------------------------------------------------------------------------
                                  1.04   data required time
                                 -2.62   data arrival time
-----------------------------------------------------------------------------
                                  1.58   slack (MET)


Startpoint: rst (input port clocked by clk)
Endpoint: _330_ (removal check against rising-edge clock clk)
Path Group: asynchronous
Path Type: min
Corner: Typical

Fanout     Cap    Slew   Delay    Time   Description
-----------------------------------------------------------------------------
                          0.00    0.00   clock clk (rise edge)
                          0.00    0.00   clock network delay (propagated)
                          2.00    2.00 v input external delay
     1    0.00    0.01    0.00    2.00 v rst (in)
                                         rst (net)
                  0.01    0.00    2.00 v input1/A (sky130_fd_sc_hd__clkbuf_4)
     5    0.08    0.15    0.21    2.22 v input1/X (sky130_fd_sc_hd__clkbuf_4)
                                         net1 (net)
                  0.16    0.01    2.23 v _295_/A (sky130_fd_sc_hd__buf_4)
    10    0.09    0.12    0.25    2.48 v _295_/X (sky130_fd_sc_hd__buf_4)
                                         _159_ (net)
                  0.12    0.00    2.48 v _296_/A (sky130_fd_sc_hd__inv_2)
     1    0.02    0.12    0.13    2.61 ^ _296_/Y (sky130_fd_sc_hd__inv_2)
                                         _028_ (net)
                  0.12    0.00    2.61 ^ _330_/RESET_B (sky130_fd_sc_hd__dfrtp_4)
                                  2.61   data arrival time

                          0.00    0.00   clock clk (rise edge)
                          0.00    0.00   clock source latency
     1    0.03    0.12    0.09    0.09 ^ clk (in)
                                         clk (net)
                  0.12    0.00    0.09 ^ clkbuf_0_clk/A (sky130_fd_sc_hd__clkbuf_16)
     4    0.05    0.07    0.19    0.28 ^ clkbuf_0_clk/X (sky130_fd_sc_hd__clkbuf_16)
                                         clknet_0_clk (net)
                  0.07    0.00    0.28 ^ clkbuf_2_1__f_clk/A (sky130_fd_sc_hd__clkbuf_16)
    11    0.04    0.06    0.16    0.44 ^ clkbuf_2_1__f_clk/X (sky130_fd_sc_hd__clkbuf_16)
                                         clknet_2_1__leaf_clk (net)
                  0.06    0.00    0.44 ^ _330_/CLK (sky130_fd_sc_hd__dfrtp_4)
                          0.25    0.69   clock uncertainty
                          0.00    0.69   clock reconvergence pessimism
                          0.34    1.03   library removal time
                                  1.03   data required time
-----------------------------------------------------------------------------
                                  1.03   data required time
                                 -2.61   data arrival time
-----------------------------------------------------------------------------
                                  1.58   slack (MET)


Startpoint: rst (input port clocked by clk)
Endpoint: _332_ (removal check against rising-edge clock clk)
Path Group: asynchronous
Path Type: min
Corner: Typical

Fanout     Cap    Slew   Delay    Time   Description
-----------------------------------------------------------------------------
                          0.00    0.00   clock clk (rise edge)
                          0.00    0.00   clock network delay (propagated)
                          2.00    2.00 v input external delay
     1    0.00    0.01    0.00    2.00 v rst (in)
                                         rst (net)
                  0.01    0.00    2.00 v input1/A (sky130_fd_sc_hd__clkbuf_4)
     5    0.08    0.15    0.21    2.22 v input1/X (sky130_fd_sc_hd__clkbuf_4)
                                         net1 (net)
                  0.16    0.01    2.23 v _295_/A (sky130_fd_sc_hd__buf_4)
    10    0.09    0.12    0.25    2.48 v _295_/X (sky130_fd_sc_hd__buf_4)
                                         _159_ (net)
                  0.12    0.01    2.49 v _298_/A (sky130_fd_sc_hd__inv_2)
     1    0.02    0.11    0.13    2.61 ^ _298_/Y (sky130_fd_sc_hd__inv_2)
                                         _030_ (net)
                  0.11    0.00    2.61 ^ _332_/RESET_B (sky130_fd_sc_hd__dfrtp_4)
                                  2.61   data arrival time

                          0.00    0.00   clock clk (rise edge)
                          0.00    0.00   clock source latency
     1    0.03    0.12    0.09    0.09 ^ clk (in)
                                         clk (net)
                  0.12    0.00    0.09 ^ clkbuf_0_clk/A (sky130_fd_sc_hd__clkbuf_16)
     4    0.05    0.07    0.19    0.28 ^ clkbuf_0_clk/X (sky130_fd_sc_hd__clkbuf_16)
                                         clknet_0_clk (net)
                  0.07    0.00    0.28 ^ clkbuf_2_1__f_clk/A (sky130_fd_sc_hd__clkbuf_16)
    11    0.04    0.06    0.16    0.44 ^ clkbuf_2_1__f_clk/X (sky130_fd_sc_hd__clkbuf_16)
                                         clknet_2_1__leaf_clk (net)
                  0.06    0.00    0.44 ^ _332_/CLK (sky130_fd_sc_hd__dfrtp_4)
                          0.25    0.69   clock uncertainty
                          0.00    0.69   clock reconvergence pessimism
                          0.34    1.03   library removal time
                                  1.03   data required time
-----------------------------------------------------------------------------
                                  1.03   data required time
                                 -2.61   data arrival time
-----------------------------------------------------------------------------
                                  1.58   slack (MET)


Startpoint: rst (input port clocked by clk)
Endpoint: _340_ (removal check against rising-edge clock clk)
Path Group: asynchronous
Path Type: min
Corner: Typical

Fanout     Cap    Slew   Delay    Time   Description
-----------------------------------------------------------------------------
                          0.00    0.00   clock clk (rise edge)
                          0.00    0.00   clock network delay (propagated)
                          2.00    2.00 v input external delay
     1    0.00    0.01    0.00    2.00 v rst (in)
                                         rst (net)
                  0.01    0.00    2.00 v input1/A (sky130_fd_sc_hd__clkbuf_4)
     5    0.08    0.15    0.21    2.22 v input1/X (sky130_fd_sc_hd__clkbuf_4)
                                         net1 (net)
                  0.16    0.01    2.23 v _306_/A (sky130_fd_sc_hd__clkbuf_8)
    10    0.09    0.10    0.23    2.46 v _306_/X (sky130_fd_sc_hd__clkbuf_8)
                                         _160_ (net)
                  0.11    0.02    2.48 v _307_/A (sky130_fd_sc_hd__inv_2)
     1    0.04    0.17    0.16    2.64 ^ _307_/Y (sky130_fd_sc_hd__inv_2)
                                         _038_ (net)
                  0.17    0.00    2.64 ^ _340_/RESET_B (sky130_fd_sc_hd__dfrtp_4)
                                  2.64   data arrival time

                          0.00    0.00   clock clk (rise edge)
                          0.00    0.00   clock source latency
     1    0.03    0.12    0.09    0.09 ^ clk (in)
                                         clk (net)
                  0.12    0.00    0.09 ^ clkbuf_0_clk/A (sky130_fd_sc_hd__clkbuf_16)
     4    0.05    0.07    0.19    0.28 ^ clkbuf_0_clk/X (sky130_fd_sc_hd__clkbuf_16)
                                         clknet_0_clk (net)
                  0.07    0.00    0.28 ^ clkbuf_2_0__f_clk/A (sky130_fd_sc_hd__clkbuf_16)
     9    0.05    0.07    0.16    0.44 ^ clkbuf_2_0__f_clk/X (sky130_fd_sc_hd__clkbuf_16)
                                         clknet_2_0__leaf_clk (net)
                  0.07    0.00    0.45 ^ _340_/CLK (sky130_fd_sc_hd__dfrtp_4)
                          0.25    0.70   clock uncertainty
                          0.00    0.70   clock reconvergence pessimism
                          0.36    1.06   library removal time
                                  1.06   data required time
-----------------------------------------------------------------------------
                                  1.06   data required time
                                 -2.64   data arrival time
-----------------------------------------------------------------------------
                                  1.59   slack (MET)


Startpoint: rst (input port clocked by clk)
Endpoint: _336_ (removal check against rising-edge clock clk)
Path Group: asynchronous
Path Type: min
Corner: Typical

Fanout     Cap    Slew   Delay    Time   Description
-----------------------------------------------------------------------------
                          0.00    0.00   clock clk (rise edge)
                          0.00    0.00   clock network delay (propagated)
                          2.00    2.00 v input external delay
     1    0.00    0.01    0.00    2.00 v rst (in)
                                         rst (net)
                  0.01    0.00    2.00 v input1/A (sky130_fd_sc_hd__clkbuf_4)
     5    0.08    0.15    0.21    2.22 v input1/X (sky130_fd_sc_hd__clkbuf_4)
                                         net1 (net)
                  0.16    0.01    2.23 v _295_/A (sky130_fd_sc_hd__buf_4)
    10    0.09    0.12    0.25    2.48 v _295_/X (sky130_fd_sc_hd__buf_4)
                                         _159_ (net)
                  0.12    0.01    2.48 v _302_/A (sky130_fd_sc_hd__inv_2)
     1    0.03    0.13    0.14    2.63 ^ _302_/Y (sky130_fd_sc_hd__inv_2)
                                         _034_ (net)
                  0.13    0.00    2.63 ^ _336_/RESET_B (sky130_fd_sc_hd__dfrtp_2)
                                  2.63   data arrival time

                          0.00    0.00   clock clk (rise edge)
                          0.00    0.00   clock source latency
     1    0.03    0.12    0.09    0.09 ^ clk (in)
                                         clk (net)
                  0.12    0.00    0.09 ^ clkbuf_0_clk/A (sky130_fd_sc_hd__clkbuf_16)
     4    0.05    0.07    0.19    0.28 ^ clkbuf_0_clk/X (sky130_fd_sc_hd__clkbuf_16)
                                         clknet_0_clk (net)
                  0.07    0.00    0.28 ^ clkbuf_2_1__f_clk/A (sky130_fd_sc_hd__clkbuf_16)
    11    0.04    0.06    0.16    0.44 ^ clkbuf_2_1__f_clk/X (sky130_fd_sc_hd__clkbuf_16)
                                         clknet_2_1__leaf_clk (net)
                  0.06    0.00    0.44 ^ _336_/CLK (sky130_fd_sc_hd__dfrtp_2)
                          0.25    0.69   clock uncertainty
                          0.00    0.69   clock reconvergence pessimism
                          0.35    1.04   library removal time
                                  1.04   data required time
-----------------------------------------------------------------------------
                                  1.04   data required time
                                 -2.63   data arrival time
-----------------------------------------------------------------------------
                                  1.59   slack (MET)


Startpoint: _359_ (rising edge-triggered flip-flop clocked by clk)
Endpoint: seg[6] (output port clocked by clk)
Path Group: clk
Path Type: min
Corner: Typical

Fanout     Cap    Slew   Delay    Time   Description
-----------------------------------------------------------------------------
                          0.00    0.00   clock clk (rise edge)
                          0.00    0.00   clock source latency
     1    0.03    0.12    0.08    0.08 ^ clk (in)
                                         clk (net)
                  0.12    0.00    0.08 ^ clkbuf_0_clk/A (sky130_fd_sc_hd__clkbuf_16)
     4    0.05    0.07    0.17    0.25 ^ clkbuf_0_clk/X (sky130_fd_sc_hd__clkbuf_16)
                                         clknet_0_clk (net)
                  0.07    0.00    0.25 ^ clkbuf_2_0__f_clk/A (sky130_fd_sc_hd__clkbuf_16)
     9    0.05    0.07    0.15    0.40 ^ clkbuf_2_0__f_clk/X (sky130_fd_sc_hd__clkbuf_16)
                                         clknet_2_0__leaf_clk (net)
                  0.07    0.00    0.40 ^ _359_/CLK (sky130_fd_sc_hd__dfrtp_4)
     7    0.06    0.19    0.50    0.91 ^ _359_/Q (sky130_fd_sc_hd__dfrtp_4)
                                         decoder.digit[1] (net)
                  0.19    0.01    0.92 ^ _294_/A1 (sky130_fd_sc_hd__a21boi_2)
     2    0.02    0.07    0.12    1.04 v _294_/Y (sky130_fd_sc_hd__a21boi_2)
                                         net8 (net)
                  0.07    0.00    1.04 v output8/A (sky130_fd_sc_hd__buf_2)
     1    0.03    0.09    0.18    1.22 v output8/X (sky130_fd_sc_hd__buf_2)
                                         seg[6] (net)
                  0.09    0.00    1.22 v seg[6] (out)
                                  1.22   data arrival time

                          0.00    0.00   clock clk (rise edge)
                          0.00    0.00   clock network delay (propagated)
                          0.25    0.25   clock uncertainty
                          0.00    0.25   clock reconvergence pessimism
                         -2.00   -1.75   output external delay
                                 -1.75   data required time
-----------------------------------------------------------------------------
                                 -1.75   data required time
                                 -1.22   data arrival time
-----------------------------------------------------------------------------
                                  2.97   slack (MET)


Startpoint: _358_ (rising edge-triggered flip-flop clocked by clk)
Endpoint: seg[2] (output port clocked by clk)
Path Group: clk
Path Type: min
Corner: Typical

Fanout     Cap    Slew   Delay    Time   Description
-----------------------------------------------------------------------------
                          0.00    0.00   clock clk (rise edge)
                          0.00    0.00   clock source latency
     1    0.03    0.12    0.08    0.08 ^ clk (in)
                                         clk (net)
                  0.12    0.00    0.08 ^ clkbuf_0_clk/A (sky130_fd_sc_hd__clkbuf_16)
     4    0.05    0.07    0.17    0.25 ^ clkbuf_0_clk/X (sky130_fd_sc_hd__clkbuf_16)
                                         clknet_0_clk (net)
                  0.07    0.00    0.25 ^ clkbuf_2_2__f_clk/A (sky130_fd_sc_hd__clkbuf_16)
     7    0.05    0.07    0.15    0.40 ^ clkbuf_2_2__f_clk/X (sky130_fd_sc_hd__clkbuf_16)
                                         clknet_2_2__leaf_clk (net)
                  0.07    0.01    0.41 ^ _358_/CLK (sky130_fd_sc_hd__dfrtp_4)
     8    0.07    0.20    0.51    0.92 ^ _358_/Q (sky130_fd_sc_hd__dfrtp_4)
                                         decoder.digit[0] (net)
                  0.20    0.01    0.93 ^ _289_/A1 (sky130_fd_sc_hd__a21oi_1)
     1    0.02    0.15    0.18    1.11 v _289_/Y (sky130_fd_sc_hd__a21oi_1)
                                         net4 (net)
                  0.15    0.00    1.11 v output4/A (sky130_fd_sc_hd__buf_2)
     1    0.03    0.09    0.22    1.33 v output4/X (sky130_fd_sc_hd__buf_2)
                                         seg[2] (net)
                  0.09    0.00    1.33 v seg[2] (out)
                                  1.33   data arrival time

                          0.00    0.00   clock clk (rise edge)
                          0.00    0.00   clock network delay (propagated)
                          0.25    0.25   clock uncertainty
                          0.00    0.25   clock reconvergence pessimism
                         -2.00   -1.75   output external delay
                                 -1.75   data required time
-----------------------------------------------------------------------------
                                 -1.75   data required time
                                 -1.33   data arrival time
-----------------------------------------------------------------------------
                                  3.08   slack (MET)


Startpoint: _361_ (rising edge-triggered flip-flop clocked by clk)
Endpoint: seg[3] (output port clocked by clk)
Path Group: clk
Path Type: min
Corner: Typical

Fanout     Cap    Slew   Delay    Time   Description
-----------------------------------------------------------------------------
                          0.00    0.00   clock clk (rise edge)
                          0.00    0.00   clock source latency
     1    0.03    0.12    0.08    0.08 ^ clk (in)
                                         clk (net)
                  0.12    0.00    0.08 ^ clkbuf_0_clk/A (sky130_fd_sc_hd__clkbuf_16)
     4    0.05    0.07    0.17    0.25 ^ clkbuf_0_clk/X (sky130_fd_sc_hd__clkbuf_16)
                                         clknet_0_clk (net)
                  0.07    0.00    0.25 ^ clkbuf_2_0__f_clk/A (sky130_fd_sc_hd__clkbuf_16)
     9    0.05    0.07    0.15    0.40 ^ clkbuf_2_0__f_clk/X (sky130_fd_sc_hd__clkbuf_16)
                                         clknet_2_0__leaf_clk (net)
                  0.07    0.00    0.40 ^ _361_/CLK (sky130_fd_sc_hd__dfrtp_4)
     6    0.05    0.17    0.49    0.89 ^ _361_/Q (sky130_fd_sc_hd__dfrtp_4)
                                         decoder.digit[3] (net)
                  0.17    0.01    0.90 ^ _287_/D1 (sky130_fd_sc_hd__a2111o_1)
     2    0.02    0.21    0.23    1.13 ^ _287_/X (sky130_fd_sc_hd__a2111o_1)
                                         net5 (net)
                  0.21    0.00    1.13 ^ output5/A (sky130_fd_sc_hd__buf_2)
     1    0.03    0.17    0.24    1.36 ^ output5/X (sky130_fd_sc_hd__buf_2)
                                         seg[3] (net)
                  0.17    0.00    1.37 ^ seg[3] (out)
                                  1.37   data arrival time

                          0.00    0.00   clock clk (rise edge)
                          0.00    0.00   clock network delay (propagated)
                          0.25    0.25   clock uncertainty
                          0.00    0.25   clock reconvergence pessimism
                         -2.00   -1.75   output external delay
                                 -1.75   data required time
-----------------------------------------------------------------------------
                                 -1.75   data required time
                                 -1.37   data arrival time
-----------------------------------------------------------------------------
                                  3.12   slack (MET)


Startpoint: _361_ (rising edge-triggered flip-flop clocked by clk)
Endpoint: seg[5] (output port clocked by clk)
Path Group: clk
Path Type: min
Corner: Typical

Fanout     Cap    Slew   Delay    Time   Description
-----------------------------------------------------------------------------
                          0.00    0.00   clock clk (rise edge)
                          0.00    0.00   clock source latency
     1    0.03    0.12    0.08    0.08 ^ clk (in)
                                         clk (net)
                  0.12    0.00    0.08 ^ clkbuf_0_clk/A (sky130_fd_sc_hd__clkbuf_16)
     4    0.05    0.07    0.17    0.25 ^ clkbuf_0_clk/X (sky130_fd_sc_hd__clkbuf_16)
                                         clknet_0_clk (net)
                  0.07    0.00    0.25 ^ clkbuf_2_0__f_clk/A (sky130_fd_sc_hd__clkbuf_16)
     9    0.05    0.07    0.15    0.40 ^ clkbuf_2_0__f_clk/X (sky130_fd_sc_hd__clkbuf_16)
                                         clknet_2_0__leaf_clk (net)
                  0.07    0.00    0.40 ^ _361_/CLK (sky130_fd_sc_hd__dfrtp_4)
     6    0.05    0.17    0.49    0.89 ^ _361_/Q (sky130_fd_sc_hd__dfrtp_4)
                                         decoder.digit[3] (net)
                  0.17    0.01    0.90 ^ _292_/A (sky130_fd_sc_hd__or3_1)
     1    0.01    0.11    0.18    1.08 ^ _292_/X (sky130_fd_sc_hd__or3_1)
                                         _158_ (net)
                  0.11    0.00    1.08 ^ _293_/A (sky130_fd_sc_hd__clkbuf_1)
     1    0.00    0.06    0.10    1.18 ^ _293_/X (sky130_fd_sc_hd__clkbuf_1)
                                         net7 (net)
                  0.06    0.00    1.18 ^ output7/A (sky130_fd_sc_hd__buf_2)
     1    0.03    0.17    0.19    1.37 ^ output7/X (sky130_fd_sc_hd__buf_2)
                                         seg[5] (net)
                  0.17    0.00    1.37 ^ seg[5] (out)
                                  1.37   data arrival time

                          0.00    0.00   clock clk (rise edge)
                          0.00    0.00   clock network delay (propagated)
                          0.25    0.25   clock uncertainty
                          0.00    0.25   clock reconvergence pessimism
                         -2.00   -1.75   output external delay
                                 -1.75   data required time
-----------------------------------------------------------------------------
                                 -1.75   data required time
                                 -1.37   data arrival time
-----------------------------------------------------------------------------
                                  3.12   slack (MET)


Startpoint: _361_ (rising edge-triggered flip-flop clocked by clk)
Endpoint: seg[4] (output port clocked by clk)
Path Group: clk
Path Type: min
Corner: Typical

Fanout     Cap    Slew   Delay    Time   Description
-----------------------------------------------------------------------------
                          0.00    0.00   clock clk (rise edge)
                          0.00    0.00   clock source latency
     1    0.03    0.12    0.08    0.08 ^ clk (in)
                                         clk (net)
                  0.12    0.00    0.08 ^ clkbuf_0_clk/A (sky130_fd_sc_hd__clkbuf_16)
     4    0.05    0.07    0.17    0.25 ^ clkbuf_0_clk/X (sky130_fd_sc_hd__clkbuf_16)
                                         clknet_0_clk (net)
                  0.07    0.00    0.25 ^ clkbuf_2_0__f_clk/A (sky130_fd_sc_hd__clkbuf_16)
     9    0.05    0.07    0.15    0.40 ^ clkbuf_2_0__f_clk/X (sky130_fd_sc_hd__clkbuf_16)
                                         clknet_2_0__leaf_clk (net)
                  0.07    0.00    0.40 ^ _361_/CLK (sky130_fd_sc_hd__dfrtp_4)
     6    0.05    0.17    0.49    0.89 ^ _361_/Q (sky130_fd_sc_hd__dfrtp_4)
                                         decoder.digit[3] (net)
                  0.17    0.00    0.90 ^ _290_/A (sky130_fd_sc_hd__or3_1)
     1    0.01    0.07    0.15    1.05 ^ _290_/X (sky130_fd_sc_hd__or3_1)
                                         _157_ (net)
                  0.07    0.00    1.05 ^ _291_/A (sky130_fd_sc_hd__buf_1)
     1    0.01    0.18    0.17    1.22 ^ _291_/X (sky130_fd_sc_hd__buf_1)
                                         net6 (net)
                  0.18    0.00    1.22 ^ output6/A (sky130_fd_sc_hd__buf_2)
     1    0.04    0.18    0.23    1.46 ^ output6/X (sky130_fd_sc_hd__buf_2)
                                         seg[4] (net)
                  0.18    0.00    1.46 ^ seg[4] (out)
                                  1.46   data arrival time

                          0.00    0.00   clock clk (rise edge)
                          0.00    0.00   clock network delay (propagated)
                          0.25    0.25   clock uncertainty
                          0.00    0.25   clock reconvergence pessimism
                         -2.00   -1.75   output external delay
                                 -1.75   data required time
-----------------------------------------------------------------------------
                                 -1.75   data required time
                                 -1.46   data arrival time
-----------------------------------------------------------------------------
                                  3.21   slack (MET)


Startpoint: _361_ (rising edge-triggered flip-flop clocked by clk)
Endpoint: seg[0] (output port clocked by clk)
Path Group: clk
Path Type: min
Corner: Typical

Fanout     Cap    Slew   Delay    Time   Description
-----------------------------------------------------------------------------
                          0.00    0.00   clock clk (rise edge)
                          0.00    0.00   clock source latency
     1    0.03    0.12    0.08    0.08 ^ clk (in)
                                         clk (net)
                  0.12    0.00    0.08 ^ clkbuf_0_clk/A (sky130_fd_sc_hd__clkbuf_16)
     4    0.05    0.07    0.17    0.25 ^ clkbuf_0_clk/X (sky130_fd_sc_hd__clkbuf_16)
                                         clknet_0_clk (net)
                  0.07    0.00    0.25 ^ clkbuf_2_0__f_clk/A (sky130_fd_sc_hd__clkbuf_16)
     9    0.05    0.07    0.15    0.40 ^ clkbuf_2_0__f_clk/X (sky130_fd_sc_hd__clkbuf_16)
                                         clknet_2_0__leaf_clk (net)
                  0.07    0.00    0.40 ^ _361_/CLK (sky130_fd_sc_hd__dfrtp_4)
     6    0.05    0.17    0.49    0.89 ^ _361_/Q (sky130_fd_sc_hd__dfrtp_4)
                                         decoder.digit[3] (net)
                  0.17    0.01    0.90 ^ _287_/D1 (sky130_fd_sc_hd__a2111o_1)
     2    0.02    0.21    0.23    1.13 ^ _287_/X (sky130_fd_sc_hd__a2111o_1)
                                         net5 (net)
                  0.21    0.00    1.13 ^ _370_/A (sky130_fd_sc_hd__buf_1)
     1    0.02    0.24    0.24    1.36 ^ _370_/X (sky130_fd_sc_hd__buf_1)
                                         net2 (net)
                  0.24    0.00    1.37 ^ output2/A (sky130_fd_sc_hd__buf_2)
     1    0.03    0.17    0.24    1.61 ^ output2/X (sky130_fd_sc_hd__buf_2)
                                         seg[0] (net)
                  0.17    0.00    1.61 ^ seg[0] (out)
                                  1.61   data arrival time

                          0.00    0.00   clock clk (rise edge)
                          0.00    0.00   clock network delay (propagated)
                          0.25    0.25   clock uncertainty
                          0.00    0.25   clock reconvergence pessimism
                         -2.00   -1.75   output external delay
                                 -1.75   data required time
-----------------------------------------------------------------------------
                                 -1.75   data required time
                                 -1.61   data arrival time
-----------------------------------------------------------------------------
                                  3.36   slack (MET)


Startpoint: _361_ (rising edge-triggered flip-flop clocked by clk)
Endpoint: seg[1] (output port clocked by clk)
Path Group: clk
Path Type: min
Corner: Typical

Fanout     Cap    Slew   Delay    Time   Description
-----------------------------------------------------------------------------
                          0.00    0.00   clock clk (rise edge)
                          0.00    0.00   clock source latency
     1    0.03    0.12    0.08    0.08 ^ clk (in)
                                         clk (net)
                  0.12    0.00    0.08 ^ clkbuf_0_clk/A (sky130_fd_sc_hd__clkbuf_16)
     4    0.05    0.07    0.17    0.25 ^ clkbuf_0_clk/X (sky130_fd_sc_hd__clkbuf_16)
                                         clknet_0_clk (net)
                  0.07    0.00    0.25 ^ clkbuf_2_0__f_clk/A (sky130_fd_sc_hd__clkbuf_16)
     9    0.05    0.07    0.15    0.40 ^ clkbuf_2_0__f_clk/X (sky130_fd_sc_hd__clkbuf_16)
                                         clknet_2_0__leaf_clk (net)
                  0.07    0.00    0.40 ^ _361_/CLK (sky130_fd_sc_hd__dfrtp_4)
     6    0.05    0.17    0.49    0.89 ^ _361_/Q (sky130_fd_sc_hd__dfrtp_4)
                                         decoder.digit[3] (net)
                  0.17    0.01    0.90 ^ _285_/A (sky130_fd_sc_hd__nor2_2)
     4    0.04    0.12    0.14    1.03 v _285_/Y (sky130_fd_sc_hd__nor2_2)
                                         _155_ (net)
                  0.12    0.00    1.04 v _288_/B (sky130_fd_sc_hd__nor2_1)
     1    0.02    0.40    0.33    1.37 ^ _288_/Y (sky130_fd_sc_hd__nor2_1)
                                         net3 (net)
                  0.40    0.00    1.37 ^ output3/A (sky130_fd_sc_hd__buf_2)
     1    0.03    0.17    0.27    1.64 ^ output3/X (sky130_fd_sc_hd__buf_2)
                                         seg[1] (net)
                  0.17    0.00    1.64 ^ seg[1] (out)
                                  1.64   data arrival time

                          0.00    0.00   clock clk (rise edge)
                          0.00    0.00   clock network delay (propagated)
                          0.25    0.25   clock uncertainty
                          0.00    0.25   clock reconvergence pessimism
                         -2.00   -1.75   output external delay
                                 -1.75   data required time
-----------------------------------------------------------------------------
                                 -1.75   data required time
                                 -1.64   data arrival time
-----------------------------------------------------------------------------
                                  3.39   slack (MET)



worst slack corner Typical: 0.4160
