
===========================================================================
report_checks -path_delay min (Hold)
============================================================================
======================= Typical Corner ===================================

Startpoint: _356_ (rising edge-triggered flip-flop clocked by clk)
Endpoint: _356_ (rising edge-triggered flip-flop clocked by clk)
Path Group: clk
Path Type: min

Fanout     Cap    Slew   Delay    Time   Description
-----------------------------------------------------------------------------
                  0.15    0.00    0.00   clock clk (rise edge)
                          0.00    0.00   clock network delay (ideal)
                  0.15    0.00    0.00 ^ _356_/CLK (sky130_fd_sc_hd__dfrtp_1)
     2    0.01    0.11    0.39    0.39 ^ _356_/Q (sky130_fd_sc_hd__dfrtp_1)
                                         one_second_counter[26] (net)
                  0.11    0.00    0.39 ^ _284_/A1 (sky130_fd_sc_hd__o211a_1)
     1    0.00    0.04    0.16    0.54 ^ _284_/X (sky130_fd_sc_hd__o211a_1)
                                         _018_ (net)
                  0.04    0.00    0.54 ^ _356_/D (sky130_fd_sc_hd__dfrtp_1)
                                  0.54   data arrival time

                  0.15    0.00    0.00   clock clk (rise edge)
                          0.00    0.00   clock network delay (ideal)
                          0.25    0.25   clock uncertainty
                          0.00    0.25   clock reconvergence pessimism
                                  0.25 ^ _356_/CLK (sky130_fd_sc_hd__dfrtp_1)
                         -0.02    0.23   library hold time
                                  0.23   data required time
-----------------------------------------------------------------------------
                                  0.23   data required time
                                 -0.54   data arrival time
-----------------------------------------------------------------------------
                                  0.31   slack (MET)


Startpoint: _330_ (rising edge-triggered flip-flop clocked by clk)
Endpoint: _330_ (rising edge-triggered flip-flop clocked by clk)
Path Group: clk
Path Type: min

Fanout     Cap    Slew   Delay    Time   Description
-----------------------------------------------------------------------------
                  0.15    0.00    0.00   clock clk (rise edge)
                          0.00    0.00   clock network delay (ideal)
                  0.15    0.00    0.00 ^ _330_/CLK (sky130_fd_sc_hd__dfrtp_4)
     7    0.04    0.13    0.48    0.48 ^ _330_/Q (sky130_fd_sc_hd__dfrtp_4)
                                         one_second_counter[0] (net)
                  0.13    0.00    0.49 ^ _190_/A (sky130_fd_sc_hd__nor2_1)
     1    0.01    0.05    0.07    0.56 v _190_/Y (sky130_fd_sc_hd__nor2_1)
                                         _000_ (net)
                  0.05    0.00    0.56 v _330_/D (sky130_fd_sc_hd__dfrtp_4)
                                  0.56   data arrival time

                  0.15    0.00    0.00   clock clk (rise edge)
                          0.00    0.00   clock network delay (ideal)
                          0.25    0.25   clock uncertainty
                          0.00    0.25   clock reconvergence pessimism
                                  0.25 ^ _330_/CLK (sky130_fd_sc_hd__dfrtp_4)
                         -0.02    0.23   library hold time
                                  0.23   data required time
-----------------------------------------------------------------------------
                                  0.23   data required time
                                 -0.56   data arrival time
-----------------------------------------------------------------------------
                                  0.33   slack (MET)


Startpoint: _357_ (rising edge-triggered flip-flop clocked by clk)
Endpoint: _358_ (rising edge-triggered flip-flop clocked by clk)
Path Group: clk
Path Type: min

Fanout     Cap    Slew   Delay    Time   Description
-----------------------------------------------------------------------------
                  0.15    0.00    0.00   clock clk (rise edge)
                          0.00    0.00   clock network delay (ideal)
                  0.15    0.00    0.00 ^ _357_/CLK (sky130_fd_sc_hd__dfrtp_4)
     5    0.02    0.10    0.46    0.46 ^ _357_/Q (sky130_fd_sc_hd__dfrtp_4)
                                         one_second_enable (net)
                  0.10    0.00    0.46 ^ _174_/A1 (sky130_fd_sc_hd__a21oi_1)
     1    0.01    0.08    0.10    0.56 v _174_/Y (sky130_fd_sc_hd__a21oi_1)
                                         _060_ (net)
                  0.08    0.00    0.56 v _358_/D (sky130_fd_sc_hd__dfrtp_4)
                                  0.56   data arrival time

                  0.15    0.00    0.00   clock clk (rise edge)
                          0.00    0.00   clock network delay (ideal)
                          0.25    0.25   clock uncertainty
                          0.00    0.25   clock reconvergence pessimism
                                  0.25 ^ _358_/CLK (sky130_fd_sc_hd__dfrtp_4)
                         -0.03    0.22   library hold time
                                  0.22   data required time
-----------------------------------------------------------------------------
                                  0.22   data required time
                                 -0.56   data arrival time
-----------------------------------------------------------------------------
                                  0.34   slack (MET)


Startpoint: _353_ (rising edge-triggered flip-flop clocked by clk)
Endpoint: _353_ (rising edge-triggered flip-flop clocked by clk)
Path Group: clk
Path Type: min

Fanout     Cap    Slew   Delay    Time   Description
-----------------------------------------------------------------------------
                  0.15    0.00    0.00   clock clk (rise edge)
                          0.00    0.00   clock network delay (ideal)
                  0.15    0.00    0.00 ^ _353_/CLK (sky130_fd_sc_hd__dfrtp_1)
     2    0.01    0.07    0.41    0.41 v _353_/Q (sky130_fd_sc_hd__dfrtp_1)
                                         one_second_counter[23] (net)
                  0.07    0.00    0.41 v _273_/A (sky130_fd_sc_hd__inv_2)
     1    0.01    0.07    0.08    0.49 ^ _273_/Y (sky130_fd_sc_hd__inv_2)
                                         _147_ (net)
                  0.07    0.00    0.49 ^ _275_/A1 (sky130_fd_sc_hd__a221oi_2)
     1    0.01    0.06    0.07    0.56 v _275_/Y (sky130_fd_sc_hd__a221oi_2)
                                         _015_ (net)
                  0.06    0.00    0.56 v _353_/D (sky130_fd_sc_hd__dfrtp_1)
                                  0.56   data arrival time

                  0.15    0.00    0.00   clock clk (rise edge)
                          0.00    0.00   clock network delay (ideal)
                          0.25    0.25   clock uncertainty
                          0.00    0.25   clock reconvergence pessimism
                                  0.25 ^ _353_/CLK (sky130_fd_sc_hd__dfrtp_1)
                         -0.03    0.22   library hold time
                                  0.22   data required time
-----------------------------------------------------------------------------
                                  0.22   data required time
                                 -0.56   data arrival time
-----------------------------------------------------------------------------
                                  0.34   slack (MET)


Startpoint: _361_ (rising edge-triggered flip-flop clocked by clk)
Endpoint: _361_ (rising edge-triggered flip-flop clocked by clk)
Path Group: clk
Path Type: min

Fanout     Cap    Slew   Delay    Time   Description
-----------------------------------------------------------------------------
                  0.15    0.00    0.00   clock clk (rise edge)
                          0.00    0.00   clock network delay (ideal)
                  0.15    0.00    0.00 ^ _361_/CLK (sky130_fd_sc_hd__dfrtp_4)
     6    0.03    0.12    0.48    0.48 ^ _361_/Q (sky130_fd_sc_hd__dfrtp_4)
                                         decoder.digit[3] (net)
                  0.12    0.00    0.48 ^ _164_/A (sky130_fd_sc_hd__xnor2_1)
     1    0.01    0.05    0.10    0.57 v _164_/Y (sky130_fd_sc_hd__xnor2_1)
                                         _063_ (net)
                  0.05    0.00    0.57 v _361_/D (sky130_fd_sc_hd__dfrtp_4)
                                  0.57   data arrival time

                  0.15    0.00    0.00   clock clk (rise edge)
                          0.00    0.00   clock network delay (ideal)
                          0.25    0.25   clock uncertainty
                          0.00    0.25   clock reconvergence pessimism
                                  0.25 ^ _361_/CLK (sky130_fd_sc_hd__dfrtp_4)
                         -0.02    0.23   library hold time
                                  0.23   data required time
-----------------------------------------------------------------------------
                                  0.23   data required time
                                 -0.57   data arrival time
-----------------------------------------------------------------------------
                                  0.34   slack (MET)


Startpoint: _337_ (rising edge-triggered flip-flop clocked by clk)
Endpoint: _337_ (rising edge-triggered flip-flop clocked by clk)
Path Group: clk
Path Type: min

Fanout     Cap    Slew   Delay    Time   Description
-----------------------------------------------------------------------------
                  0.15    0.00    0.00   clock clk (rise edge)
                          0.00    0.00   clock network delay (ideal)
                  0.15    0.00    0.00 ^ _337_/CLK (sky130_fd_sc_hd__dfrtp_2)
     2    0.02    0.07    0.44    0.44 v _337_/Q (sky130_fd_sc_hd__dfrtp_2)
                                         one_second_counter[7] (net)
                  0.07    0.00    0.44 v _214_/A (sky130_fd_sc_hd__inv_2)
     1    0.00    0.03    0.05    0.49 ^ _214_/Y (sky130_fd_sc_hd__inv_2)
                                         _104_ (net)
                  0.03    0.00    0.49 ^ _215_/A1 (sky130_fd_sc_hd__a211oi_1)
     1    0.01    0.06    0.08    0.58 v _215_/Y (sky130_fd_sc_hd__a211oi_1)
                                         _024_ (net)
                  0.06    0.00    0.58 v _337_/D (sky130_fd_sc_hd__dfrtp_2)
                                  0.58   data arrival time

                  0.15    0.00    0.00   clock clk (rise edge)
                          0.00    0.00   clock network delay (ideal)
                          0.25    0.25   clock uncertainty
                          0.00    0.25   clock reconvergence pessimism
                                  0.25 ^ _337_/CLK (sky130_fd_sc_hd__dfrtp_2)
                         -0.02    0.23   library hold time
                                  0.23   data required time
-----------------------------------------------------------------------------
                                  0.23   data required time
                                 -0.58   data arrival time
-----------------------------------------------------------------------------
                                  0.35   slack (MET)


Startpoint: _345_ (rising edge-triggered flip-flop clocked by clk)
Endpoint: _345_ (rising edge-triggered flip-flop clocked by clk)
Path Group: clk
Path Type: min

Fanout     Cap    Slew   Delay    Time   Description
-----------------------------------------------------------------------------
                  0.15    0.00    0.00   clock clk (rise edge)
                          0.00    0.00   clock network delay (ideal)
                  0.15    0.00    0.00 ^ _345_/CLK (sky130_fd_sc_hd__dfrtp_2)
     3    0.02    0.07    0.44    0.44 v _345_/Q (sky130_fd_sc_hd__dfrtp_2)
                                         one_second_counter[15] (net)
                  0.07    0.00    0.44 v _243_/A (sky130_fd_sc_hd__inv_2)
     1    0.01    0.06    0.07    0.52 ^ _243_/Y (sky130_fd_sc_hd__inv_2)
                                         _125_ (net)
                  0.06    0.00    0.52 ^ _246_/A1 (sky130_fd_sc_hd__a211oi_2)
     1    0.01    0.05    0.07    0.59 v _246_/Y (sky130_fd_sc_hd__a211oi_2)
                                         _006_ (net)
                  0.05    0.00    0.59 v _345_/D (sky130_fd_sc_hd__dfrtp_2)
                                  0.59   data arrival time

                  0.15    0.00    0.00   clock clk (rise edge)
                          0.00    0.00   clock network delay (ideal)
                          0.25    0.25   clock uncertainty
                          0.00    0.25   clock reconvergence pessimism
                                  0.25 ^ _345_/CLK (sky130_fd_sc_hd__dfrtp_2)
                         -0.02    0.23   library hold time
                                  0.23   data required time
-----------------------------------------------------------------------------
                                  0.23   data required time
                                 -0.59   data arrival time
-----------------------------------------------------------------------------
                                  0.36   slack (MET)


Startpoint: _351_ (rising edge-triggered flip-flop clocked by clk)
Endpoint: _351_ (rising edge-triggered flip-flop clocked by clk)
Path Group: clk
Path Type: min

Fanout     Cap    Slew   Delay    Time   Description
-----------------------------------------------------------------------------
                  0.15    0.00    0.00   clock clk (rise edge)
                          0.00    0.00   clock network delay (ideal)
                  0.15    0.00    0.00 ^ _351_/CLK (sky130_fd_sc_hd__dfrtp_2)
     3    0.02    0.08    0.45    0.45 v _351_/Q (sky130_fd_sc_hd__dfrtp_2)
                                         one_second_counter[21] (net)
                  0.08    0.00    0.45 v _266_/A (sky130_fd_sc_hd__inv_2)
     1    0.01    0.06    0.08    0.53 ^ _266_/Y (sky130_fd_sc_hd__inv_2)
                                         _142_ (net)
                  0.06    0.00    0.53 ^ _268_/A1 (sky130_fd_sc_hd__a211oi_1)
     1    0.01    0.07    0.09    0.62 v _268_/Y (sky130_fd_sc_hd__a211oi_1)
                                         _013_ (net)
                  0.07    0.00    0.62 v _351_/D (sky130_fd_sc_hd__dfrtp_2)
                                  0.62   data arrival time

                  0.15    0.00    0.00   clock clk (rise edge)
                          0.00    0.00   clock network delay (ideal)
                          0.25    0.25   clock uncertainty
                          0.00    0.25   clock reconvergence pessimism
                                  0.25 ^ _351_/CLK (sky130_fd_sc_hd__dfrtp_2)
                         -0.03    0.22   library hold time
                                  0.22   data required time
-----------------------------------------------------------------------------
                                  0.22   data required time
                                 -0.62   data arrival time
-----------------------------------------------------------------------------
                                  0.39   slack (MET)


Startpoint: _347_ (rising edge-triggered flip-flop clocked by clk)
Endpoint: _347_ (rising edge-triggered flip-flop clocked by clk)
Path Group: clk
Path Type: min

Fanout     Cap    Slew   Delay    Time   Description
-----------------------------------------------------------------------------
                  0.15    0.00    0.00   clock clk (rise edge)
                          0.00    0.00   clock network delay (ideal)
                  0.15    0.00    0.00 ^ _347_/CLK (sky130_fd_sc_hd__dfrtp_4)
     7    0.03    0.12    0.47    0.47 ^ _347_/Q (sky130_fd_sc_hd__dfrtp_4)
                                         one_second_counter[17] (net)
                  0.12    0.00    0.47 ^ _251_/A (sky130_fd_sc_hd__xor2_1)
     1    0.01    0.06    0.10    0.58 v _251_/X (sky130_fd_sc_hd__xor2_1)
                                         _131_ (net)
                  0.06    0.00    0.58 v _252_/B (sky130_fd_sc_hd__nor2_1)
     1    0.00    0.08    0.09    0.66 ^ _252_/Y (sky130_fd_sc_hd__nor2_1)
                                         _008_ (net)
                  0.08    0.00    0.66 ^ _347_/D (sky130_fd_sc_hd__dfrtp_4)
                                  0.66   data arrival time

                  0.15    0.00    0.00   clock clk (rise edge)
                          0.00    0.00   clock network delay (ideal)
                          0.25    0.25   clock uncertainty
                          0.00    0.25   clock reconvergence pessimism
                                  0.25 ^ _347_/CLK (sky130_fd_sc_hd__dfrtp_4)
                         -0.03    0.22   library hold time
                                  0.22   data required time
-----------------------------------------------------------------------------
                                  0.22   data required time
                                 -0.66   data arrival time
-----------------------------------------------------------------------------
                                  0.44   slack (MET)


Startpoint: _339_ (rising edge-triggered flip-flop clocked by clk)
Endpoint: _339_ (rising edge-triggered flip-flop clocked by clk)
Path Group: clk
Path Type: min

Fanout     Cap    Slew   Delay    Time   Description
-----------------------------------------------------------------------------
                  0.15    0.00    0.00   clock clk (rise edge)
                          0.00    0.00   clock network delay (ideal)
                  0.15    0.00    0.00 ^ _339_/CLK (sky130_fd_sc_hd__dfrtp_2)
     3    0.02    0.07    0.44    0.44 v _339_/Q (sky130_fd_sc_hd__dfrtp_2)
                                         one_second_counter[9] (net)
                  0.07    0.00    0.44 v _220_/B1 (sky130_fd_sc_hd__a21oi_2)
     1    0.01    0.16    0.16    0.60 ^ _220_/Y (sky130_fd_sc_hd__a21oi_2)
                                         _108_ (net)
                  0.16    0.00    0.60 ^ _222_/B (sky130_fd_sc_hd__nor3_1)
     1    0.01    0.06    0.09    0.70 v _222_/Y (sky130_fd_sc_hd__nor3_1)
                                         _026_ (net)
                  0.06    0.00    0.70 v _339_/D (sky130_fd_sc_hd__dfrtp_2)
                                  0.70   data arrival time

                  0.15    0.00    0.00   clock clk (rise edge)
                          0.00    0.00   clock network delay (ideal)
                          0.25    0.25   clock uncertainty
                          0.00    0.25   clock reconvergence pessimism
                                  0.25 ^ _339_/CLK (sky130_fd_sc_hd__dfrtp_2)
                         -0.02    0.23   library hold time
                                  0.23   data required time
-----------------------------------------------------------------------------
                                  0.23   data required time
                                 -0.70   data arrival time
-----------------------------------------------------------------------------
                                  0.47   slack (MET)


Startpoint: _335_ (rising edge-triggered flip-flop clocked by clk)
Endpoint: _335_ (rising edge-triggered flip-flop clocked by clk)
Path Group: clk
Path Type: min

Fanout     Cap    Slew   Delay    Time   Description
-----------------------------------------------------------------------------
                  0.15    0.00    0.00   clock clk (rise edge)
                          0.00    0.00   clock network delay (ideal)
                  0.15    0.00    0.00 ^ _335_/CLK (sky130_fd_sc_hd__dfrtp_2)
     3    0.02    0.08    0.45    0.45 v _335_/Q (sky130_fd_sc_hd__dfrtp_2)
                                         one_second_counter[5] (net)
                  0.08    0.00    0.45 v _207_/B1 (sky130_fd_sc_hd__a21oi_1)
     1    0.01    0.17    0.18    0.63 ^ _207_/Y (sky130_fd_sc_hd__a21oi_1)
                                         _099_ (net)
                  0.17    0.00    0.63 ^ _209_/B (sky130_fd_sc_hd__nor3_1)
     1    0.01    0.06    0.09    0.72 v _209_/Y (sky130_fd_sc_hd__nor3_1)
                                         _022_ (net)
                  0.06    0.00    0.72 v _335_/D (sky130_fd_sc_hd__dfrtp_2)
                                  0.72   data arrival time

                  0.15    0.00    0.00   clock clk (rise edge)
                          0.00    0.00   clock network delay (ideal)
                          0.25    0.25   clock uncertainty
                          0.00    0.25   clock reconvergence pessimism
                                  0.25 ^ _335_/CLK (sky130_fd_sc_hd__dfrtp_2)
                         -0.02    0.23   library hold time
                                  0.23   data required time
-----------------------------------------------------------------------------
                                  0.23   data required time
                                 -0.72   data arrival time
-----------------------------------------------------------------------------
                                  0.49   slack (MET)


Startpoint: _341_ (rising edge-triggered flip-flop clocked by clk)
Endpoint: _341_ (rising edge-triggered flip-flop clocked by clk)
Path Group: clk
Path Type: min

Fanout     Cap    Slew   Delay    Time   Description
-----------------------------------------------------------------------------
                  0.15    0.00    0.00   clock clk (rise edge)
                          0.00    0.00   clock network delay (ideal)
                  0.15    0.00    0.00 ^ _341_/CLK (sky130_fd_sc_hd__dfrtp_4)
     4    0.02    0.10    0.46    0.46 ^ _341_/Q (sky130_fd_sc_hd__dfrtp_4)
                                         one_second_counter[11] (net)
                  0.10    0.00    0.46 ^ _227_/B1 (sky130_fd_sc_hd__a21oi_2)
     1    0.01    0.05    0.06    0.52 v _227_/Y (sky130_fd_sc_hd__a21oi_2)
                                         _113_ (net)
                  0.05    0.00    0.52 v _229_/B (sky130_fd_sc_hd__nor3_1)
     1    0.00    0.18    0.18    0.70 ^ _229_/Y (sky130_fd_sc_hd__nor3_1)
                                         _002_ (net)
                  0.18    0.00    0.70 ^ _341_/D (sky130_fd_sc_hd__dfrtp_4)
                                  0.70   data arrival time

                  0.15    0.00    0.00   clock clk (rise edge)
                          0.00    0.00   clock network delay (ideal)
                          0.25    0.25   clock uncertainty
                          0.00    0.25   clock reconvergence pessimism
                                  0.25 ^ _341_/CLK (sky130_fd_sc_hd__dfrtp_4)
                         -0.05    0.20   library hold time
                                  0.20   data required time
-----------------------------------------------------------------------------
                                  0.20   data required time
                                 -0.70   data arrival time
-----------------------------------------------------------------------------
                                  0.49   slack (MET)


Startpoint: _333_ (rising edge-triggered flip-flop clocked by clk)
Endpoint: _333_ (rising edge-triggered flip-flop clocked by clk)
Path Group: clk
Path Type: min

Fanout     Cap    Slew   Delay    Time   Description
-----------------------------------------------------------------------------
                  0.15    0.00    0.00   clock clk (rise edge)
                          0.00    0.00   clock network delay (ideal)
                  0.15    0.00    0.00 ^ _333_/CLK (sky130_fd_sc_hd__dfrtp_1)
     2    0.01    0.09    0.37    0.37 ^ _333_/Q (sky130_fd_sc_hd__dfrtp_1)
                                         one_second_counter[3] (net)
                  0.09    0.00    0.37 ^ _199_/B1 (sky130_fd_sc_hd__a31o_1)
     1    0.00    0.04    0.09    0.47 ^ _199_/X (sky130_fd_sc_hd__a31o_1)
                                         _093_ (net)
                  0.04    0.00    0.47 ^ _200_/C (sky130_fd_sc_hd__and3b_1)
     1    0.01    0.09    0.17    0.64 ^ _200_/X (sky130_fd_sc_hd__and3b_1)
                                         _094_ (net)
                  0.09    0.00    0.64 ^ _201_/A (sky130_fd_sc_hd__clkbuf_1)
     1    0.00    0.06    0.10    0.74 ^ _201_/X (sky130_fd_sc_hd__clkbuf_1)
                                         _020_ (net)
                  0.06    0.00    0.74 ^ _333_/D (sky130_fd_sc_hd__dfrtp_1)
                                  0.74   data arrival time

                  0.15    0.00    0.00   clock clk (rise edge)
                          0.00    0.00   clock network delay (ideal)
                          0.25    0.25   clock uncertainty
                          0.00    0.25   clock reconvergence pessimism
                                  0.25 ^ _333_/CLK (sky130_fd_sc_hd__dfrtp_1)
                         -0.02    0.23   library hold time
                                  0.23   data required time
-----------------------------------------------------------------------------
                                  0.23   data required time
                                 -0.74   data arrival time
-----------------------------------------------------------------------------
                                  0.52   slack (MET)


Startpoint: _357_ (rising edge-triggered flip-flop clocked by clk)
Endpoint: _359_ (rising edge-triggered flip-flop clocked by clk)
Path Group: clk
Path Type: min

Fanout     Cap    Slew   Delay    Time   Description
-----------------------------------------------------------------------------
                  0.15    0.00    0.00   clock clk (rise edge)
                          0.00    0.00   clock network delay (ideal)
                  0.15    0.00    0.00 ^ _357_/CLK (sky130_fd_sc_hd__dfrtp_4)
     5    0.02    0.10    0.46    0.46 ^ _357_/Q (sky130_fd_sc_hd__dfrtp_4)
                                         one_second_enable (net)
                  0.10    0.00    0.46 ^ _171_/A1 (sky130_fd_sc_hd__a21oi_1)
     1    0.01    0.07    0.10    0.56 v _171_/Y (sky130_fd_sc_hd__a21oi_1)
                                         _071_ (net)
                  0.07    0.00    0.56 v _172_/B (sky130_fd_sc_hd__nor2_1)
     1    0.01    0.19    0.16    0.73 ^ _172_/Y (sky130_fd_sc_hd__nor2_1)
                                         _061_ (net)
                  0.19    0.00    0.73 ^ _359_/D (sky130_fd_sc_hd__dfrtp_4)
                                  0.73   data arrival time

                  0.15    0.00    0.00   clock clk (rise edge)
                          0.00    0.00   clock network delay (ideal)
                          0.25    0.25   clock uncertainty
                          0.00    0.25   clock reconvergence pessimism
                                  0.25 ^ _359_/CLK (sky130_fd_sc_hd__dfrtp_4)
                         -0.05    0.20   library hold time
                                  0.20   data required time
-----------------------------------------------------------------------------
                                  0.20   data required time
                                 -0.73   data arrival time
-----------------------------------------------------------------------------
                                  0.53   slack (MET)


Startpoint: _348_ (rising edge-triggered flip-flop clocked by clk)
Endpoint: _348_ (rising edge-triggered flip-flop clocked by clk)
Path Group: clk
Path Type: min

Fanout     Cap    Slew   Delay    Time   Description
-----------------------------------------------------------------------------
                  0.15    0.00    0.00   clock clk (rise edge)
                          0.00    0.00   clock network delay (ideal)
                  0.15    0.00    0.00 ^ _348_/CLK (sky130_fd_sc_hd__dfrtp_4)
     6    0.03    0.10    0.46    0.46 ^ _348_/Q (sky130_fd_sc_hd__dfrtp_4)
                                         one_second_counter[18] (net)
                  0.10    0.00    0.46 ^ _253_/A (sky130_fd_sc_hd__nand2_1)
     1    0.00    0.05    0.07    0.53 v _253_/Y (sky130_fd_sc_hd__nand2_1)
                                         _132_ (net)
                  0.05    0.00    0.53 v _255_/A1 (sky130_fd_sc_hd__o211a_1)
     1    0.01    0.05    0.23    0.76 v _255_/X (sky130_fd_sc_hd__o211a_1)
                                         _009_ (net)
                  0.05    0.00    0.76 v _348_/D (sky130_fd_sc_hd__dfrtp_4)
                                  0.76   data arrival time

                  0.15    0.00    0.00   clock clk (rise edge)
                          0.00    0.00   clock network delay (ideal)
                          0.25    0.25   clock uncertainty
                          0.00    0.25   clock reconvergence pessimism
                                  0.25 ^ _348_/CLK (sky130_fd_sc_hd__dfrtp_4)
                         -0.02    0.23   library hold time
                                  0.23   data required time
-----------------------------------------------------------------------------
                                  0.23   data required time
                                 -0.76   data arrival time
-----------------------------------------------------------------------------
                                  0.53   slack (MET)


Startpoint: _343_ (rising edge-triggered flip-flop clocked by clk)
Endpoint: _343_ (rising edge-triggered flip-flop clocked by clk)
Path Group: clk
Path Type: min

Fanout     Cap    Slew   Delay    Time   Description
-----------------------------------------------------------------------------
                  0.15    0.00    0.00   clock clk (rise edge)
                          0.00    0.00   clock network delay (ideal)
                  0.15    0.00    0.00 ^ _343_/CLK (sky130_fd_sc_hd__dfrtp_1)
     4    0.01    0.13    0.40    0.40 ^ _343_/Q (sky130_fd_sc_hd__dfrtp_1)
                                         one_second_counter[13] (net)
                  0.13    0.00    0.40 ^ _234_/B1 (sky130_fd_sc_hd__a21o_1)
     1    0.01    0.06    0.11    0.51 ^ _234_/X (sky130_fd_sc_hd__a21o_1)
                                         _118_ (net)
                  0.06    0.00    0.51 ^ _236_/B (sky130_fd_sc_hd__and3_1)
     1    0.01    0.07    0.16    0.67 ^ _236_/X (sky130_fd_sc_hd__and3_1)
                                         _120_ (net)
                  0.07    0.00    0.67 ^ _237_/A (sky130_fd_sc_hd__clkbuf_1)
     1    0.00    0.06    0.10    0.77 ^ _237_/X (sky130_fd_sc_hd__clkbuf_1)
                                         _004_ (net)
                  0.06    0.00    0.77 ^ _343_/D (sky130_fd_sc_hd__dfrtp_1)
                                  0.77   data arrival time

                  0.15    0.00    0.00   clock clk (rise edge)
                          0.00    0.00   clock network delay (ideal)
                          0.25    0.25   clock uncertainty
                          0.00    0.25   clock reconvergence pessimism
                                  0.25 ^ _343_/CLK (sky130_fd_sc_hd__dfrtp_1)
                         -0.02    0.23   library hold time
                                  0.23   data required time
-----------------------------------------------------------------------------
                                  0.23   data required time
                                 -0.77   data arrival time
-----------------------------------------------------------------------------
                                  0.54   slack (MET)


Startpoint: _354_ (rising edge-triggered flip-flop clocked by clk)
Endpoint: _354_ (rising edge-triggered flip-flop clocked by clk)
Path Group: clk
Path Type: min

Fanout     Cap    Slew   Delay    Time   Description
-----------------------------------------------------------------------------
                  0.15    0.00    0.00   clock clk (rise edge)
                          0.00    0.00   clock network delay (ideal)
                  0.15    0.00    0.00 ^ _354_/CLK (sky130_fd_sc_hd__dfrtp_4)
     3    0.02    0.09    0.45    0.45 ^ _354_/Q (sky130_fd_sc_hd__dfrtp_4)
                                         one_second_counter[24] (net)
                  0.09    0.00    0.45 ^ _277_/A (sky130_fd_sc_hd__and3_2)
     4    0.02    0.14    0.25    0.70 ^ _277_/X (sky130_fd_sc_hd__and3_2)
                                         _150_ (net)
                  0.14    0.00    0.70 ^ _278_/C (sky130_fd_sc_hd__nor3_1)
     1    0.01    0.06    0.08    0.78 v _278_/Y (sky130_fd_sc_hd__nor3_1)
                                         _016_ (net)
                  0.06    0.00    0.78 v _354_/D (sky130_fd_sc_hd__dfrtp_4)
                                  0.78   data arrival time

                  0.15    0.00    0.00   clock clk (rise edge)
                          0.00    0.00   clock network delay (ideal)
                          0.25    0.25   clock uncertainty
                          0.00    0.25   clock reconvergence pessimism
                                  0.25 ^ _354_/CLK (sky130_fd_sc_hd__dfrtp_4)
                         -0.02    0.23   library hold time
                                  0.23   data required time
-----------------------------------------------------------------------------
                                  0.23   data required time
                                 -0.78   data arrival time
-----------------------------------------------------------------------------
                                  0.55   slack (MET)


Startpoint: _355_ (rising edge-triggered flip-flop clocked by clk)
Endpoint: _355_ (rising edge-triggered flip-flop clocked by clk)
Path Group: clk
Path Type: min

Fanout     Cap    Slew   Delay    Time   Description
-----------------------------------------------------------------------------
                  0.15    0.00    0.00   clock clk (rise edge)
                          0.00    0.00   clock network delay (ideal)
                  0.15    0.00    0.00 ^ _355_/CLK (sky130_fd_sc_hd__dfrtp_4)
     4    0.03    0.11    0.46    0.46 ^ _355_/Q (sky130_fd_sc_hd__dfrtp_4)
                                         one_second_counter[25] (net)
                  0.11    0.00    0.46 ^ _280_/A (sky130_fd_sc_hd__nand2_1)
     1    0.00    0.04    0.06    0.52 v _280_/Y (sky130_fd_sc_hd__nand2_1)
                                         _152_ (net)
                  0.04    0.00    0.52 v _281_/C (sky130_fd_sc_hd__and3_1)
     1    0.01    0.05    0.18    0.70 v _281_/X (sky130_fd_sc_hd__and3_1)
                                         _153_ (net)
                  0.05    0.00    0.70 v _282_/A (sky130_fd_sc_hd__clkbuf_1)
     1    0.00    0.04    0.09    0.80 v _282_/X (sky130_fd_sc_hd__clkbuf_1)
                                         _017_ (net)
                  0.04    0.00    0.80 v _355_/D (sky130_fd_sc_hd__dfrtp_4)
                                  0.80   data arrival time

                  0.15    0.00    0.00   clock clk (rise edge)
                          0.00    0.00   clock network delay (ideal)
                          0.25    0.25   clock uncertainty
                          0.00    0.25   clock reconvergence pessimism
                                  0.25 ^ _355_/CLK (sky130_fd_sc_hd__dfrtp_4)
                         -0.01    0.24   library hold time
                                  0.24   data required time
-----------------------------------------------------------------------------
                                  0.24   data required time
                                 -0.80   data arrival time
-----------------------------------------------------------------------------
                                  0.56   slack (MET)


Startpoint: _336_ (rising edge-triggered flip-flop clocked by clk)
Endpoint: _336_ (rising edge-triggered flip-flop clocked by clk)
Path Group: clk
Path Type: min

Fanout     Cap    Slew   Delay    Time   Description
-----------------------------------------------------------------------------
                  0.15    0.00    0.00   clock clk (rise edge)
                          0.00    0.00   clock network delay (ideal)
                  0.15    0.00    0.00 ^ _336_/CLK (sky130_fd_sc_hd__dfrtp_2)
     3    0.02    0.10    0.40    0.40 ^ _336_/Q (sky130_fd_sc_hd__dfrtp_2)
                                         one_second_counter[6] (net)
                  0.10    0.00    0.40 ^ _211_/A (sky130_fd_sc_hd__nand2_1)
     2    0.01    0.08    0.10    0.50 v _211_/Y (sky130_fd_sc_hd__nand2_1)
                                         _102_ (net)
                  0.08    0.00    0.50 v _212_/C (sky130_fd_sc_hd__and3_1)
     1    0.00    0.04    0.19    0.69 v _212_/X (sky130_fd_sc_hd__and3_1)
                                         _103_ (net)
                  0.04    0.00    0.69 v _213_/A (sky130_fd_sc_hd__buf_1)
     1    0.01    0.06    0.11    0.80 v _213_/X (sky130_fd_sc_hd__buf_1)
                                         _023_ (net)
                  0.06    0.00    0.80 v _336_/D (sky130_fd_sc_hd__dfrtp_2)
                                  0.80   data arrival time

                  0.15    0.00    0.00   clock clk (rise edge)
                          0.00    0.00   clock network delay (ideal)
                          0.25    0.25   clock uncertainty
                          0.00    0.25   clock reconvergence pessimism
                                  0.25 ^ _336_/CLK (sky130_fd_sc_hd__dfrtp_2)
                         -0.02    0.23   library hold time
                                  0.23   data required time
-----------------------------------------------------------------------------
                                  0.23   data required time
                                 -0.80   data arrival time
-----------------------------------------------------------------------------
                                  0.58   slack (MET)


Startpoint: _338_ (rising edge-triggered flip-flop clocked by clk)
Endpoint: _338_ (rising edge-triggered flip-flop clocked by clk)
Path Group: clk
Path Type: min

Fanout     Cap    Slew   Delay    Time   Description
-----------------------------------------------------------------------------
                  0.15    0.00    0.00   clock clk (rise edge)
                          0.00    0.00   clock network delay (ideal)
                  0.15    0.00    0.00 ^ _338_/CLK (sky130_fd_sc_hd__dfrtp_4)
     5    0.03    0.10    0.46    0.46 ^ _338_/Q (sky130_fd_sc_hd__dfrtp_4)
                                         one_second_counter[8] (net)
                  0.10    0.00    0.46 ^ _217_/A (sky130_fd_sc_hd__nand2_1)
     1    0.00    0.05    0.07    0.53 v _217_/Y (sky130_fd_sc_hd__nand2_1)
                                         _106_ (net)
                  0.05    0.00    0.53 v _218_/C (sky130_fd_sc_hd__and3_1)
     1    0.01    0.06    0.19    0.72 v _218_/X (sky130_fd_sc_hd__and3_1)
                                         _107_ (net)
                  0.06    0.00    0.72 v _219_/A (sky130_fd_sc_hd__clkbuf_1)
     1    0.01    0.04    0.10    0.82 v _219_/X (sky130_fd_sc_hd__clkbuf_1)
                                         _025_ (net)
                  0.04    0.00    0.82 v _338_/D (sky130_fd_sc_hd__dfrtp_4)
                                  0.82   data arrival time

                  0.15    0.00    0.00   clock clk (rise edge)
                          0.00    0.00   clock network delay (ideal)
                          0.25    0.25   clock uncertainty
                          0.00    0.25   clock reconvergence pessimism
                                  0.25 ^ _338_/CLK (sky130_fd_sc_hd__dfrtp_4)
                         -0.02    0.23   library hold time
                                  0.23   data required time
-----------------------------------------------------------------------------
                                  0.23   data required time
                                 -0.82   data arrival time
-----------------------------------------------------------------------------
                                  0.59   slack (MET)


Startpoint: _331_ (rising edge-triggered flip-flop clocked by clk)
Endpoint: _331_ (rising edge-triggered flip-flop clocked by clk)
Path Group: clk
Path Type: min

Fanout     Cap    Slew   Delay    Time   Description
-----------------------------------------------------------------------------
                  0.15    0.00    0.00   clock clk (rise edge)
                          0.00    0.00   clock network delay (ideal)
                  0.15    0.00    0.00 ^ _331_/CLK (sky130_fd_sc_hd__dfrtp_4)
     6    0.03    0.12    0.47    0.47 ^ _331_/Q (sky130_fd_sc_hd__dfrtp_4)
                                         one_second_counter[1] (net)
                  0.12    0.00    0.47 ^ _191_/A (sky130_fd_sc_hd__nand2_1)
     1    0.01    0.08    0.10    0.58 v _191_/Y (sky130_fd_sc_hd__nand2_1)
                                         _087_ (net)
                  0.08    0.00    0.58 v _193_/A (sky130_fd_sc_hd__and3_1)
     1    0.01    0.04    0.16    0.74 v _193_/X (sky130_fd_sc_hd__and3_1)
                                         _089_ (net)
                  0.04    0.00    0.74 v _194_/A (sky130_fd_sc_hd__clkbuf_1)
     1    0.00    0.04    0.09    0.83 v _194_/X (sky130_fd_sc_hd__clkbuf_1)
                                         _011_ (net)
                  0.04    0.00    0.83 v _331_/D (sky130_fd_sc_hd__dfrtp_4)
                                  0.83   data arrival time

                  0.15    0.00    0.00   clock clk (rise edge)
                          0.00    0.00   clock network delay (ideal)
                          0.25    0.25   clock uncertainty
                          0.00    0.25   clock reconvergence pessimism
                                  0.25 ^ _331_/CLK (sky130_fd_sc_hd__dfrtp_4)
                         -0.01    0.24   library hold time
                                  0.24   data required time
-----------------------------------------------------------------------------
                                  0.24   data required time
                                 -0.83   data arrival time
-----------------------------------------------------------------------------
                                  0.59   slack (MET)


Startpoint: _360_ (rising edge-triggered flip-flop clocked by clk)
Endpoint: _360_ (rising edge-triggered flip-flop clocked by clk)
Path Group: clk
Path Type: min

Fanout     Cap    Slew   Delay    Time   Description
-----------------------------------------------------------------------------
                  0.15    0.00    0.00   clock clk (rise edge)
                          0.00    0.00   clock network delay (ideal)
                  0.15    0.00    0.00 ^ _360_/CLK (sky130_fd_sc_hd__dfrtp_4)
     6    0.04    0.13    0.48    0.48 ^ _360_/Q (sky130_fd_sc_hd__dfrtp_4)
                                         decoder.digit[2] (net)
                  0.13    0.00    0.48 ^ _163_/A (sky130_fd_sc_hd__nand2_1)
     2    0.01    0.08    0.10    0.59 v _163_/Y (sky130_fd_sc_hd__nand2_1)
                                         _065_ (net)
                  0.08    0.00    0.59 v _169_/A (sky130_fd_sc_hd__and2_1)
     1    0.00    0.04    0.15    0.74 v _169_/X (sky130_fd_sc_hd__and2_1)
                                         _070_ (net)
                  0.04    0.00    0.74 v _170_/A (sky130_fd_sc_hd__clkbuf_1)
     1    0.01    0.04    0.10    0.83 v _170_/X (sky130_fd_sc_hd__clkbuf_1)
                                         _062_ (net)
                  0.04    0.00    0.83 v _360_/D (sky130_fd_sc_hd__dfrtp_4)
                                  0.83   data arrival time

                  0.15    0.00    0.00   clock clk (rise edge)
                          0.00    0.00   clock network delay (ideal)
                          0.25    0.25   clock uncertainty
                          0.00    0.25   clock reconvergence pessimism
                                  0.25 ^ _360_/CLK (sky130_fd_sc_hd__dfrtp_4)
                         -0.02    0.23   library hold time
                                  0.23   data required time
-----------------------------------------------------------------------------
                                  0.23   data required time
                                 -0.83   data arrival time
-----------------------------------------------------------------------------
                                  0.60   slack (MET)


Startpoint: _332_ (rising edge-triggered flip-flop clocked by clk)
Endpoint: _332_ (rising edge-triggered flip-flop clocked by clk)
Path Group: clk
Path Type: min

Fanout     Cap    Slew   Delay    Time   Description
-----------------------------------------------------------------------------
                  0.15    0.00    0.00   clock clk (rise edge)
                          0.00    0.00   clock network delay (ideal)
                  0.15    0.00    0.00 ^ _332_/CLK (sky130_fd_sc_hd__dfrtp_4)
     4    0.02    0.09    0.45    0.45 ^ _332_/Q (sky130_fd_sc_hd__dfrtp_4)
                                         one_second_counter[2] (net)
                  0.09    0.00    0.45 ^ _195_/A (sky130_fd_sc_hd__nand3_1)
     1    0.01    0.11    0.11    0.57 v _195_/Y (sky130_fd_sc_hd__nand3_1)
                                         _090_ (net)
                  0.11    0.00    0.57 v _197_/A (sky130_fd_sc_hd__and3_1)
     1    0.00    0.04    0.16    0.73 v _197_/X (sky130_fd_sc_hd__and3_1)
                                         _092_ (net)
                  0.04    0.00    0.73 v _198_/A (sky130_fd_sc_hd__buf_1)
     1    0.01    0.05    0.10    0.83 v _198_/X (sky130_fd_sc_hd__buf_1)
                                         _019_ (net)
                  0.05    0.00    0.83 v _332_/D (sky130_fd_sc_hd__dfrtp_4)
                                  0.83   data arrival time

                  0.15    0.00    0.00   clock clk (rise edge)
                          0.00    0.00   clock network delay (ideal)
                          0.25    0.25   clock uncertainty
                          0.00    0.25   clock reconvergence pessimism
                                  0.25 ^ _332_/CLK (sky130_fd_sc_hd__dfrtp_4)
                         -0.02    0.23   library hold time
                                  0.23   data required time
-----------------------------------------------------------------------------
                                  0.23   data required time
                                 -0.83   data arrival time
-----------------------------------------------------------------------------
                                  0.60   slack (MET)


Startpoint: _334_ (rising edge-triggered flip-flop clocked by clk)
Endpoint: _334_ (rising edge-triggered flip-flop clocked by clk)
Path Group: clk
Path Type: min

Fanout     Cap    Slew   Delay    Time   Description
-----------------------------------------------------------------------------
                  0.15    0.00    0.00   clock clk (rise edge)
                          0.00    0.00   clock network delay (ideal)
                  0.15    0.00    0.00 ^ _334_/CLK (sky130_fd_sc_hd__dfrtp_4)
     5    0.03    0.10    0.46    0.46 ^ _334_/Q (sky130_fd_sc_hd__dfrtp_4)
                                         one_second_counter[4] (net)
                  0.10    0.00    0.46 ^ _203_/A (sky130_fd_sc_hd__nand2_1)
     1    0.01    0.08    0.10    0.56 v _203_/Y (sky130_fd_sc_hd__nand2_1)
                                         _096_ (net)
                  0.08    0.00    0.56 v _205_/B (sky130_fd_sc_hd__and3_1)
     1    0.01    0.04    0.18    0.74 v _205_/X (sky130_fd_sc_hd__and3_1)
                                         _098_ (net)
                  0.04    0.00    0.74 v _206_/A (sky130_fd_sc_hd__clkbuf_1)
     1    0.01    0.05    0.10    0.84 v _206_/X (sky130_fd_sc_hd__clkbuf_1)
                                         _021_ (net)
                  0.05    0.00    0.84 v _334_/D (sky130_fd_sc_hd__dfrtp_4)
                                  0.84   data arrival time

                  0.15    0.00    0.00   clock clk (rise edge)
                          0.00    0.00   clock network delay (ideal)
                          0.25    0.25   clock uncertainty
                          0.00    0.25   clock reconvergence pessimism
                                  0.25 ^ _334_/CLK (sky130_fd_sc_hd__dfrtp_4)
                         -0.02    0.23   library hold time
                                  0.23   data required time
-----------------------------------------------------------------------------
                                  0.23   data required time
                                 -0.84   data arrival time
-----------------------------------------------------------------------------
                                  0.61   slack (MET)


Startpoint: _350_ (rising edge-triggered flip-flop clocked by clk)
Endpoint: _350_ (rising edge-triggered flip-flop clocked by clk)
Path Group: clk
Path Type: min

Fanout     Cap    Slew   Delay    Time   Description
-----------------------------------------------------------------------------
                  0.15    0.00    0.00   clock clk (rise edge)
                          0.00    0.00   clock network delay (ideal)
                  0.15    0.00    0.00 ^ _350_/CLK (sky130_fd_sc_hd__dfrtp_2)
     4    0.02    0.11    0.42    0.42 ^ _350_/Q (sky130_fd_sc_hd__dfrtp_2)
                                         one_second_counter[20] (net)
                  0.11    0.00    0.42 ^ _263_/A (sky130_fd_sc_hd__nand2_1)
     2    0.01    0.08    0.10    0.52 v _263_/Y (sky130_fd_sc_hd__nand2_1)
                                         _140_ (net)
                  0.08    0.00    0.52 v _264_/C (sky130_fd_sc_hd__and3_1)
     1    0.01    0.07    0.22    0.73 v _264_/X (sky130_fd_sc_hd__and3_1)
                                         _141_ (net)
                  0.07    0.00    0.74 v _265_/A (sky130_fd_sc_hd__clkbuf_1)
     1    0.01    0.04    0.11    0.84 v _265_/X (sky130_fd_sc_hd__clkbuf_1)
                                         _012_ (net)
                  0.04    0.00    0.85 v _350_/D (sky130_fd_sc_hd__dfrtp_2)
                                  0.85   data arrival time

                  0.15    0.00    0.00   clock clk (rise edge)
                          0.00    0.00   clock network delay (ideal)
                          0.25    0.25   clock uncertainty
                          0.00    0.25   clock reconvergence pessimism
                                  0.25 ^ _350_/CLK (sky130_fd_sc_hd__dfrtp_2)
                         -0.02    0.23   library hold time
                                  0.23   data required time
-----------------------------------------------------------------------------
                                  0.23   data required time
                                 -0.85   data arrival time
-----------------------------------------------------------------------------
                                  0.61   slack (MET)


Startpoint: _342_ (rising edge-triggered flip-flop clocked by clk)
Endpoint: _342_ (rising edge-triggered flip-flop clocked by clk)
Path Group: clk
Path Type: min

Fanout     Cap    Slew   Delay    Time   Description
-----------------------------------------------------------------------------
                  0.15    0.00    0.00   clock clk (rise edge)
                          0.00    0.00   clock network delay (ideal)
                  0.15    0.00    0.00 ^ _342_/CLK (sky130_fd_sc_hd__dfrtp_2)
     5    0.02    0.11    0.41    0.41 ^ _342_/Q (sky130_fd_sc_hd__dfrtp_2)
                                         one_second_counter[12] (net)
                  0.11    0.00    0.42 ^ _231_/A (sky130_fd_sc_hd__nand2_1)
     1    0.01    0.08    0.10    0.51 v _231_/Y (sky130_fd_sc_hd__nand2_1)
                                         _116_ (net)
                  0.08    0.00    0.51 v _232_/C (sky130_fd_sc_hd__and3_1)
     1    0.01    0.07    0.21    0.73 v _232_/X (sky130_fd_sc_hd__and3_1)
                                         _117_ (net)
                  0.07    0.00    0.73 v _233_/A (sky130_fd_sc_hd__buf_1)
     1    0.01    0.06    0.12    0.84 v _233_/X (sky130_fd_sc_hd__buf_1)
                                         _003_ (net)
                  0.06    0.00    0.84 v _342_/D (sky130_fd_sc_hd__dfrtp_2)
                                  0.84   data arrival time

                  0.15    0.00    0.00   clock clk (rise edge)
                          0.00    0.00   clock network delay (ideal)
                          0.25    0.25   clock uncertainty
                          0.00    0.25   clock reconvergence pessimism
                                  0.25 ^ _342_/CLK (sky130_fd_sc_hd__dfrtp_2)
                         -0.02    0.23   library hold time
                                  0.23   data required time
-----------------------------------------------------------------------------
                                  0.23   data required time
                                 -0.84   data arrival time
-----------------------------------------------------------------------------
                                  0.62   slack (MET)


Startpoint: _352_ (rising edge-triggered flip-flop clocked by clk)
Endpoint: _352_ (rising edge-triggered flip-flop clocked by clk)
Path Group: clk
Path Type: min

Fanout     Cap    Slew   Delay    Time   Description
-----------------------------------------------------------------------------
                  0.15    0.00    0.00   clock clk (rise edge)
                          0.00    0.00   clock network delay (ideal)
                  0.15    0.00    0.00 ^ _352_/CLK (sky130_fd_sc_hd__dfrtp_1)
     3    0.02    0.14    0.41    0.41 ^ _352_/Q (sky130_fd_sc_hd__dfrtp_1)
                                         one_second_counter[22] (net)
                  0.14    0.00    0.41 ^ _270_/A (sky130_fd_sc_hd__nand2_2)
     2    0.02    0.08    0.10    0.51 v _270_/Y (sky130_fd_sc_hd__nand2_2)
                                         _145_ (net)
                  0.08    0.00    0.51 v _271_/C (sky130_fd_sc_hd__and3_1)
     1    0.01    0.06    0.21    0.72 v _271_/X (sky130_fd_sc_hd__and3_1)
                                         _146_ (net)
                  0.06    0.00    0.72 v _272_/A (sky130_fd_sc_hd__buf_1)
     1    0.01    0.07    0.12    0.84 v _272_/X (sky130_fd_sc_hd__buf_1)
                                         _014_ (net)
                  0.07    0.00    0.84 v _352_/D (sky130_fd_sc_hd__dfrtp_1)
                                  0.84   data arrival time

                  0.15    0.00    0.00   clock clk (rise edge)
                          0.00    0.00   clock network delay (ideal)
                          0.25    0.25   clock uncertainty
                          0.00    0.25   clock reconvergence pessimism
                                  0.25 ^ _352_/CLK (sky130_fd_sc_hd__dfrtp_1)
                         -0.03    0.22   library hold time
                                  0.22   data required time
-----------------------------------------------------------------------------
                                  0.22   data required time
                                 -0.84   data arrival time
-----------------------------------------------------------------------------
                                  0.62   slack (MET)


Startpoint: _344_ (rising edge-triggered flip-flop clocked by clk)
Endpoint: _344_ (rising edge-triggered flip-flop clocked by clk)
Path Group: clk
Path Type: min

Fanout     Cap    Slew   Delay    Time   Description
-----------------------------------------------------------------------------
                  0.15    0.00    0.00   clock clk (rise edge)
                          0.00    0.00   clock network delay (ideal)
                  0.15    0.00    0.00 ^ _344_/CLK (sky130_fd_sc_hd__dfrtp_1)
     3    0.01    0.14    0.41    0.41 ^ _344_/Q (sky130_fd_sc_hd__dfrtp_1)
                                         one_second_counter[14] (net)
                  0.14    0.00    0.41 ^ _238_/A (sky130_fd_sc_hd__inv_2)
     2    0.01    0.05    0.06    0.47 v _238_/Y (sky130_fd_sc_hd__inv_2)
                                         _121_ (net)
                  0.05    0.00    0.47 v _239_/A (sky130_fd_sc_hd__nand2_1)
     1    0.01    0.10    0.10    0.57 ^ _239_/Y (sky130_fd_sc_hd__nand2_1)
                                         _122_ (net)
                  0.10    0.00    0.57 ^ _241_/B (sky130_fd_sc_hd__and3_1)
     1    0.01    0.08    0.17    0.74 ^ _241_/X (sky130_fd_sc_hd__and3_1)
                                         _124_ (net)
                  0.08    0.00    0.74 ^ _242_/A (sky130_fd_sc_hd__clkbuf_1)
     1    0.01    0.08    0.11    0.85 ^ _242_/X (sky130_fd_sc_hd__clkbuf_1)
                                         _005_ (net)
                  0.08    0.00    0.85 ^ _344_/D (sky130_fd_sc_hd__dfrtp_1)
                                  0.85   data arrival time

                  0.15    0.00    0.00   clock clk (rise edge)
                          0.00    0.00   clock network delay (ideal)
                          0.25    0.25   clock uncertainty
                          0.00    0.25   clock reconvergence pessimism
                                  0.25 ^ _344_/CLK (sky130_fd_sc_hd__dfrtp_1)
                         -0.03    0.22   library hold time
                                  0.22   data required time
-----------------------------------------------------------------------------
                                  0.22   data required time
                                 -0.85   data arrival time
-----------------------------------------------------------------------------
                                  0.63   slack (MET)


Startpoint: _346_ (rising edge-triggered flip-flop clocked by clk)
Endpoint: _346_ (rising edge-triggered flip-flop clocked by clk)
Path Group: clk
Path Type: min

Fanout     Cap    Slew   Delay    Time   Description
-----------------------------------------------------------------------------
                  0.15    0.00    0.00   clock clk (rise edge)
                          0.00    0.00   clock network delay (ideal)
                  0.15    0.00    0.00 ^ _346_/CLK (sky130_fd_sc_hd__dfrtp_4)
     6    0.03    0.11    0.46    0.46 ^ _346_/Q (sky130_fd_sc_hd__dfrtp_4)
                                         one_second_counter[16] (net)
                  0.11    0.00    0.46 ^ _248_/A (sky130_fd_sc_hd__nand2_1)
     3    0.01    0.10    0.11    0.58 v _248_/Y (sky130_fd_sc_hd__nand2_1)
                                         _129_ (net)
                  0.10    0.00    0.58 v _249_/C (sky130_fd_sc_hd__and3_1)
     1    0.01    0.05    0.20    0.78 v _249_/X (sky130_fd_sc_hd__and3_1)
                                         _130_ (net)
                  0.05    0.00    0.78 v _250_/A (sky130_fd_sc_hd__clkbuf_1)
     1    0.01    0.04    0.10    0.88 v _250_/X (sky130_fd_sc_hd__clkbuf_1)
                                         _007_ (net)
                  0.04    0.00    0.88 v _346_/D (sky130_fd_sc_hd__dfrtp_4)
                                  0.88   data arrival time

                  0.15    0.00    0.00   clock clk (rise edge)
                          0.00    0.00   clock network delay (ideal)
                          0.25    0.25   clock uncertainty
                          0.00    0.25   clock reconvergence pessimism
                                  0.25 ^ _346_/CLK (sky130_fd_sc_hd__dfrtp_4)
                         -0.02    0.23   library hold time
                                  0.23   data required time
-----------------------------------------------------------------------------
                                  0.23   data required time
                                 -0.88   data arrival time
-----------------------------------------------------------------------------
                                  0.65   slack (MET)


Startpoint: _349_ (rising edge-triggered flip-flop clocked by clk)
Endpoint: _349_ (rising edge-triggered flip-flop clocked by clk)
Path Group: clk
Path Type: min

Fanout     Cap    Slew   Delay    Time   Description
-----------------------------------------------------------------------------
                  0.15    0.00    0.00   clock clk (rise edge)
                          0.00    0.00   clock network delay (ideal)
                  0.15    0.00    0.00 ^ _349_/CLK (sky130_fd_sc_hd__dfrtp_2)
     4    0.02    0.11    0.41    0.41 ^ _349_/Q (sky130_fd_sc_hd__dfrtp_2)
                                         one_second_counter[19] (net)
                  0.11    0.00    0.41 ^ _256_/B1 (sky130_fd_sc_hd__a41o_1)
     1    0.01    0.08    0.13    0.54 ^ _256_/X (sky130_fd_sc_hd__a41o_1)
                                         _134_ (net)
                  0.08    0.00    0.54 ^ _260_/B (sky130_fd_sc_hd__and3_1)
     1    0.01    0.11    0.19    0.73 ^ _260_/X (sky130_fd_sc_hd__and3_1)
                                         _138_ (net)
                  0.11    0.00    0.73 ^ _261_/A (sky130_fd_sc_hd__buf_1)
     1    0.01    0.12    0.14    0.88 ^ _261_/X (sky130_fd_sc_hd__buf_1)
                                         _010_ (net)
                  0.12    0.00    0.88 ^ _349_/D (sky130_fd_sc_hd__dfrtp_2)
                                  0.88   data arrival time

                  0.15    0.00    0.00   clock clk (rise edge)
                          0.00    0.00   clock network delay (ideal)
                          0.25    0.25   clock uncertainty
                          0.00    0.25   clock reconvergence pessimism
                                  0.25 ^ _349_/CLK (sky130_fd_sc_hd__dfrtp_2)
                         -0.04    0.21   library hold time
                                  0.21   data required time
-----------------------------------------------------------------------------
                                  0.21   data required time
                                 -0.88   data arrival time
-----------------------------------------------------------------------------
                                  0.66   slack (MET)


Startpoint: _340_ (rising edge-triggered flip-flop clocked by clk)
Endpoint: _340_ (rising edge-triggered flip-flop clocked by clk)
Path Group: clk
Path Type: min

Fanout     Cap    Slew   Delay    Time   Description
-----------------------------------------------------------------------------
                  0.15    0.00    0.00   clock clk (rise edge)
                          0.00    0.00   clock network delay (ideal)
                  0.15    0.00    0.00 ^ _340_/CLK (sky130_fd_sc_hd__dfrtp_4)
     6    0.03    0.12    0.48    0.48 ^ _340_/Q (sky130_fd_sc_hd__dfrtp_4)
                                         one_second_counter[10] (net)
                  0.12    0.00    0.48 ^ _224_/A (sky130_fd_sc_hd__nand2_1)
     1    0.01    0.06    0.08    0.56 v _224_/Y (sky130_fd_sc_hd__nand2_1)
                                         _111_ (net)
                  0.06    0.00    0.56 v _225_/C (sky130_fd_sc_hd__and3_1)
     1    0.02    0.09    0.22    0.78 v _225_/X (sky130_fd_sc_hd__and3_1)
                                         _112_ (net)
                  0.09    0.00    0.79 v _226_/A (sky130_fd_sc_hd__buf_1)
     1    0.01    0.05    0.13    0.91 v _226_/X (sky130_fd_sc_hd__buf_1)
                                         _001_ (net)
                  0.05    0.00    0.91 v _340_/D (sky130_fd_sc_hd__dfrtp_4)
                                  0.91   data arrival time

                  0.15    0.00    0.00   clock clk (rise edge)
                          0.00    0.00   clock network delay (ideal)
                          0.25    0.25   clock uncertainty
                          0.00    0.25   clock reconvergence pessimism
                                  0.25 ^ _340_/CLK (sky130_fd_sc_hd__dfrtp_4)
                         -0.02    0.23   library hold time
                                  0.23   data required time
-----------------------------------------------------------------------------
                                  0.23   data required time
                                 -0.91   data arrival time
-----------------------------------------------------------------------------
                                  0.68   slack (MET)


Startpoint: _356_ (rising edge-triggered flip-flop clocked by clk)
Endpoint: _357_ (rising edge-triggered flip-flop clocked by clk)
Path Group: clk
Path Type: min

Fanout     Cap    Slew   Delay    Time   Description
-----------------------------------------------------------------------------
                  0.15    0.00    0.00   clock clk (rise edge)
                          0.00    0.00   clock network delay (ideal)
                  0.15    0.00    0.00 ^ _356_/CLK (sky130_fd_sc_hd__dfrtp_1)
     2    0.01    0.07    0.41    0.41 v _356_/Q (sky130_fd_sc_hd__dfrtp_1)
                                         one_second_counter[26] (net)
                  0.07    0.00    0.41 v _187_/B1_N (sky130_fd_sc_hd__a21bo_2)
     9    0.03    0.18    0.29    0.70 ^ _187_/X (sky130_fd_sc_hd__a21bo_2)
                                         _085_ (net)
                  0.18    0.00    0.70 ^ _188_/A (sky130_fd_sc_hd__inv_2)
     2    0.01    0.06    0.08    0.78 v _188_/Y (sky130_fd_sc_hd__inv_2)
                                         _086_ (net)
                  0.06    0.00    0.78 v _189_/A (sky130_fd_sc_hd__buf_4)
    10    0.05    0.08    0.18    0.96 v _189_/X (sky130_fd_sc_hd__buf_4)
                                         _027_ (net)
                  0.08    0.00    0.96 v _357_/D (sky130_fd_sc_hd__dfrtp_4)
                                  0.96   data arrival time

                  0.15    0.00    0.00   clock clk (rise edge)
                          0.00    0.00   clock network delay (ideal)
                          0.25    0.25   clock uncertainty
                          0.00    0.25   clock reconvergence pessimism
                                  0.25 ^ _357_/CLK (sky130_fd_sc_hd__dfrtp_4)
                         -0.03    0.22   library hold time
                                  0.22   data required time
-----------------------------------------------------------------------------
                                  0.22   data required time
                                 -0.96   data arrival time
-----------------------------------------------------------------------------
                                  0.75   slack (MET)


Startpoint: rst (input port clocked by clk)
Endpoint: _360_ (removal check against rising-edge clock clk)
Path Group: asynchronous
Path Type: min

Fanout     Cap    Slew   Delay    Time   Description
-----------------------------------------------------------------------------
                  0.15    0.00    0.00   clock clk (rise edge)
                          0.00    0.00   clock network delay (ideal)
                          2.00    2.00 v input external delay
     1    0.00    0.01    0.00    2.00 v rst (in)
                                         rst (net)
                  0.01    0.00    2.00 v input1/A (sky130_fd_sc_hd__clkbuf_4)
     5    0.04    0.09    0.17    2.17 v input1/X (sky130_fd_sc_hd__clkbuf_4)
                                         net1 (net)
                  0.09    0.00    2.18 v _328_/A (sky130_fd_sc_hd__inv_2)
     1    0.01    0.06    0.08    2.25 ^ _328_/Y (sky130_fd_sc_hd__inv_2)
                                         _058_ (net)
                  0.06    0.00    2.25 ^ _360_/RESET_B (sky130_fd_sc_hd__dfrtp_4)
                                  2.25   data arrival time

                  0.15    0.00    0.00   clock clk (rise edge)
                          0.00    0.00   clock network delay (ideal)
                          0.25    0.25   clock uncertainty
                          0.00    0.25   clock reconvergence pessimism
                                  0.25 ^ _360_/CLK (sky130_fd_sc_hd__dfrtp_4)
                          0.35    0.60   library removal time
                                  0.60   data required time
-----------------------------------------------------------------------------
                                  0.60   data required time
                                 -2.25   data arrival time
-----------------------------------------------------------------------------
                                  1.65   slack (MET)


Startpoint: rst (input port clocked by clk)
Endpoint: _361_ (removal check against rising-edge clock clk)
Path Group: asynchronous
Path Type: min

Fanout     Cap    Slew   Delay    Time   Description
-----------------------------------------------------------------------------
                  0.15    0.00    0.00   clock clk (rise edge)
                          0.00    0.00   clock network delay (ideal)
                          2.00    2.00 v input external delay
     1    0.00    0.01    0.00    2.00 v rst (in)
                                         rst (net)
                  0.01    0.00    2.00 v input1/A (sky130_fd_sc_hd__clkbuf_4)
     5    0.04    0.09    0.17    2.17 v input1/X (sky130_fd_sc_hd__clkbuf_4)
                                         net1 (net)
                  0.09    0.00    2.17 v _329_/A (sky130_fd_sc_hd__inv_2)
     1    0.01    0.06    0.08    2.26 ^ _329_/Y (sky130_fd_sc_hd__inv_2)
                                         _059_ (net)
                  0.06    0.00    2.26 ^ _361_/RESET_B (sky130_fd_sc_hd__dfrtp_4)
                                  2.26   data arrival time

                  0.15    0.00    0.00   clock clk (rise edge)
                          0.00    0.00   clock network delay (ideal)
                          0.25    0.25   clock uncertainty
                          0.00    0.25   clock reconvergence pessimism
                                  0.25 ^ _361_/CLK (sky130_fd_sc_hd__dfrtp_4)
                          0.35    0.60   library removal time
                                  0.60   data required time
-----------------------------------------------------------------------------
                                  0.60   data required time
                                 -2.26   data arrival time
-----------------------------------------------------------------------------
                                  1.66   slack (MET)


Startpoint: rst (input port clocked by clk)
Endpoint: _351_ (removal check against rising-edge clock clk)
Path Group: asynchronous
Path Type: min

Fanout     Cap    Slew   Delay    Time   Description
-----------------------------------------------------------------------------
                  0.15    0.00    0.00   clock clk (rise edge)
                          0.00    0.00   clock network delay (ideal)
                          2.00    2.00 v input external delay
     1    0.00    0.01    0.00    2.00 v rst (in)
                                         rst (net)
                  0.01    0.00    2.00 v input1/A (sky130_fd_sc_hd__clkbuf_4)
     5    0.04    0.09    0.17    2.17 v input1/X (sky130_fd_sc_hd__clkbuf_4)
                                         net1 (net)
                  0.09    0.00    2.17 v _317_/A (sky130_fd_sc_hd__clkbuf_8)
    10    0.06    0.08    0.19    2.37 v _317_/X (sky130_fd_sc_hd__clkbuf_8)
                                         _161_ (net)
                  0.08    0.00    2.37 v _319_/A (sky130_fd_sc_hd__inv_2)
     1    0.01    0.04    0.06    2.43 ^ _319_/Y (sky130_fd_sc_hd__inv_2)
                                         _049_ (net)
                  0.04    0.00    2.43 ^ _351_/RESET_B (sky130_fd_sc_hd__dfrtp_2)
                                  2.43   data arrival time

                  0.15    0.00    0.00   clock clk (rise edge)
                          0.00    0.00   clock network delay (ideal)
                          0.25    0.25   clock uncertainty
                          0.00    0.25   clock reconvergence pessimism
                                  0.25 ^ _351_/CLK (sky130_fd_sc_hd__dfrtp_2)
                          0.35    0.60   library removal time
                                  0.60   data required time
-----------------------------------------------------------------------------
                                  0.60   data required time
                                 -2.43   data arrival time
-----------------------------------------------------------------------------
                                  1.83   slack (MET)


Startpoint: rst (input port clocked by clk)
Endpoint: _346_ (removal check against rising-edge clock clk)
Path Group: asynchronous
Path Type: min

Fanout     Cap    Slew   Delay    Time   Description
-----------------------------------------------------------------------------
                  0.15    0.00    0.00   clock clk (rise edge)
                          0.00    0.00   clock network delay (ideal)
                          2.00    2.00 v input external delay
     1    0.00    0.01    0.00    2.00 v rst (in)
                                         rst (net)
                  0.01    0.00    2.00 v input1/A (sky130_fd_sc_hd__clkbuf_4)
     5    0.04    0.09    0.17    2.17 v input1/X (sky130_fd_sc_hd__clkbuf_4)
                                         net1 (net)
                  0.09    0.00    2.18 v _306_/A (sky130_fd_sc_hd__clkbuf_8)
    10    0.06    0.08    0.19    2.37 v _306_/X (sky130_fd_sc_hd__clkbuf_8)
                                         _160_ (net)
                  0.08    0.00    2.37 v _313_/A (sky130_fd_sc_hd__inv_2)
     1    0.00    0.04    0.06    2.43 ^ _313_/Y (sky130_fd_sc_hd__inv_2)
                                         _044_ (net)
                  0.04    0.00    2.43 ^ _346_/RESET_B (sky130_fd_sc_hd__dfrtp_4)
                                  2.43   data arrival time

                  0.15    0.00    0.00   clock clk (rise edge)
                          0.00    0.00   clock network delay (ideal)
                          0.25    0.25   clock uncertainty
                          0.00    0.25   clock reconvergence pessimism
                                  0.25 ^ _346_/CLK (sky130_fd_sc_hd__dfrtp_4)
                          0.35    0.60   library removal time
                                  0.60   data required time
-----------------------------------------------------------------------------
                                  0.60   data required time
                                 -2.43   data arrival time
-----------------------------------------------------------------------------
                                  1.83   slack (MET)


Startpoint: rst (input port clocked by clk)
Endpoint: _345_ (removal check against rising-edge clock clk)
Path Group: asynchronous
Path Type: min

Fanout     Cap    Slew   Delay    Time   Description
-----------------------------------------------------------------------------
                  0.15    0.00    0.00   clock clk (rise edge)
                          0.00    0.00   clock network delay (ideal)
                          2.00    2.00 v input external delay
     1    0.00    0.01    0.00    2.00 v rst (in)
                                         rst (net)
                  0.01    0.00    2.00 v input1/A (sky130_fd_sc_hd__clkbuf_4)
     5    0.04    0.09    0.17    2.17 v input1/X (sky130_fd_sc_hd__clkbuf_4)
                                         net1 (net)
                  0.09    0.00    2.18 v _306_/A (sky130_fd_sc_hd__clkbuf_8)
    10    0.06    0.08    0.19    2.37 v _306_/X (sky130_fd_sc_hd__clkbuf_8)
                                         _160_ (net)
                  0.08    0.01    2.37 v _312_/A (sky130_fd_sc_hd__inv_2)
     1    0.00    0.03    0.05    2.43 ^ _312_/Y (sky130_fd_sc_hd__inv_2)
                                         _043_ (net)
                  0.03    0.00    2.43 ^ _345_/RESET_B (sky130_fd_sc_hd__dfrtp_2)
                                  2.43   data arrival time

                  0.15    0.00    0.00   clock clk (rise edge)
                          0.00    0.00   clock network delay (ideal)
                          0.25    0.25   clock uncertainty
                          0.00    0.25   clock reconvergence pessimism
                                  0.25 ^ _345_/CLK (sky130_fd_sc_hd__dfrtp_2)
                          0.35    0.60   library removal time
                                  0.60   data required time
-----------------------------------------------------------------------------
                                  0.60   data required time
                                 -2.43   data arrival time
-----------------------------------------------------------------------------
                                  1.83   slack (MET)


Startpoint: rst (input port clocked by clk)
Endpoint: _342_ (removal check against rising-edge clock clk)
Path Group: asynchronous
Path Type: min

Fanout     Cap    Slew   Delay    Time   Description
-----------------------------------------------------------------------------
                  0.15    0.00    0.00   clock clk (rise edge)
                          0.00    0.00   clock network delay (ideal)
                          2.00    2.00 v input external delay
     1    0.00    0.01    0.00    2.00 v rst (in)
                                         rst (net)
                  0.01    0.00    2.00 v input1/A (sky130_fd_sc_hd__clkbuf_4)
     5    0.04    0.09    0.17    2.17 v input1/X (sky130_fd_sc_hd__clkbuf_4)
                                         net1 (net)
                  0.09    0.00    2.18 v _306_/A (sky130_fd_sc_hd__clkbuf_8)
    10    0.06    0.08    0.19    2.37 v _306_/X (sky130_fd_sc_hd__clkbuf_8)
                                         _160_ (net)
                  0.08    0.00    2.37 v _309_/A (sky130_fd_sc_hd__inv_2)
     1    0.01    0.04    0.06    2.43 ^ _309_/Y (sky130_fd_sc_hd__inv_2)
                                         _040_ (net)
                  0.04    0.00    2.43 ^ _342_/RESET_B (sky130_fd_sc_hd__dfrtp_2)
                                  2.43   data arrival time

                  0.15    0.00    0.00   clock clk (rise edge)
                          0.00    0.00   clock network delay (ideal)
                          0.25    0.25   clock uncertainty
                          0.00    0.25   clock reconvergence pessimism
                                  0.25 ^ _342_/CLK (sky130_fd_sc_hd__dfrtp_2)
                          0.35    0.60   library removal time
                                  0.60   data required time
-----------------------------------------------------------------------------
                                  0.60   data required time
                                 -2.43   data arrival time
-----------------------------------------------------------------------------
                                  1.83   slack (MET)


Startpoint: rst (input port clocked by clk)
Endpoint: _353_ (removal check against rising-edge clock clk)
Path Group: asynchronous
Path Type: min

Fanout     Cap    Slew   Delay    Time   Description
-----------------------------------------------------------------------------
                  0.15    0.00    0.00   clock clk (rise edge)
                          0.00    0.00   clock network delay (ideal)
                          2.00    2.00 v input external delay
     1    0.00    0.01    0.00    2.00 v rst (in)
                                         rst (net)
                  0.01    0.00    2.00 v input1/A (sky130_fd_sc_hd__clkbuf_4)
     5    0.04    0.09    0.17    2.17 v input1/X (sky130_fd_sc_hd__clkbuf_4)
                                         net1 (net)
                  0.09    0.00    2.17 v _317_/A (sky130_fd_sc_hd__clkbuf_8)
    10    0.06    0.08    0.19    2.37 v _317_/X (sky130_fd_sc_hd__clkbuf_8)
                                         _161_ (net)
                  0.08    0.00    2.37 v _321_/A (sky130_fd_sc_hd__inv_2)
     1    0.01    0.04    0.06    2.43 ^ _321_/Y (sky130_fd_sc_hd__inv_2)
                                         _051_ (net)
                  0.04    0.00    2.43 ^ _353_/RESET_B (sky130_fd_sc_hd__dfrtp_1)
                                  2.43   data arrival time

                  0.15    0.00    0.00   clock clk (rise edge)
                          0.00    0.00   clock network delay (ideal)
                          0.25    0.25   clock uncertainty
                          0.00    0.25   clock reconvergence pessimism
                                  0.25 ^ _353_/CLK (sky130_fd_sc_hd__dfrtp_1)
                          0.35    0.60   library removal time
                                  0.60   data required time
-----------------------------------------------------------------------------
                                  0.60   data required time
                                 -2.43   data arrival time
-----------------------------------------------------------------------------
                                  1.84   slack (MET)


Startpoint: rst (input port clocked by clk)
Endpoint: _357_ (removal check against rising-edge clock clk)
Path Group: asynchronous
Path Type: min

Fanout     Cap    Slew   Delay    Time   Description
-----------------------------------------------------------------------------
                  0.15    0.00    0.00   clock clk (rise edge)
                          0.00    0.00   clock network delay (ideal)
                          2.00    2.00 v input external delay
     1    0.00    0.01    0.00    2.00 v rst (in)
                                         rst (net)
                  0.01    0.00    2.00 v input1/A (sky130_fd_sc_hd__clkbuf_4)
     5    0.04    0.09    0.17    2.17 v input1/X (sky130_fd_sc_hd__clkbuf_4)
                                         net1 (net)
                  0.09    0.00    2.17 v _317_/A (sky130_fd_sc_hd__clkbuf_8)
    10    0.06    0.08    0.19    2.37 v _317_/X (sky130_fd_sc_hd__clkbuf_8)
                                         _161_ (net)
                  0.08    0.00    2.37 v _325_/A (sky130_fd_sc_hd__inv_2)
     1    0.01    0.04    0.06    2.43 ^ _325_/Y (sky130_fd_sc_hd__inv_2)
                                         _055_ (net)
                  0.04    0.00    2.43 ^ _357_/RESET_B (sky130_fd_sc_hd__dfrtp_4)
                                  2.43   data arrival time

                  0.15    0.00    0.00   clock clk (rise edge)
                          0.00    0.00   clock network delay (ideal)
                          0.25    0.25   clock uncertainty
                          0.00    0.25   clock reconvergence pessimism
                                  0.25 ^ _357_/CLK (sky130_fd_sc_hd__dfrtp_4)
                          0.35    0.60   library removal time
                                  0.60   data required time
-----------------------------------------------------------------------------
                                  0.60   data required time
                                 -2.43   data arrival time
-----------------------------------------------------------------------------
                                  1.84   slack (MET)


Startpoint: rst (input port clocked by clk)
Endpoint: _341_ (removal check against rising-edge clock clk)
Path Group: asynchronous
Path Type: min

Fanout     Cap    Slew   Delay    Time   Description
-----------------------------------------------------------------------------
                  0.15    0.00    0.00   clock clk (rise edge)
                          0.00    0.00   clock network delay (ideal)
                          2.00    2.00 v input external delay
     1    0.00    0.01    0.00    2.00 v rst (in)
                                         rst (net)
                  0.01    0.00    2.00 v input1/A (sky130_fd_sc_hd__clkbuf_4)
     5    0.04    0.09    0.17    2.17 v input1/X (sky130_fd_sc_hd__clkbuf_4)
                                         net1 (net)
                  0.09    0.00    2.18 v _306_/A (sky130_fd_sc_hd__clkbuf_8)
    10    0.06    0.08    0.19    2.37 v _306_/X (sky130_fd_sc_hd__clkbuf_8)
                                         _160_ (net)
                  0.08    0.00    2.37 v _308_/A (sky130_fd_sc_hd__inv_2)
     1    0.01    0.05    0.07    2.44 ^ _308_/Y (sky130_fd_sc_hd__inv_2)
                                         _039_ (net)
                  0.05    0.00    2.44 ^ _341_/RESET_B (sky130_fd_sc_hd__dfrtp_4)
                                  2.44   data arrival time

                  0.15    0.00    0.00   clock clk (rise edge)
                          0.00    0.00   clock network delay (ideal)
                          0.25    0.25   clock uncertainty
                          0.00    0.25   clock reconvergence pessimism
                                  0.25 ^ _341_/CLK (sky130_fd_sc_hd__dfrtp_4)
                          0.35    0.60   library removal time
                                  0.60   data required time
-----------------------------------------------------------------------------
                                  0.60   data required time
                                 -2.44   data arrival time
-----------------------------------------------------------------------------
                                  1.84   slack (MET)


Startpoint: rst (input port clocked by clk)
Endpoint: _355_ (removal check against rising-edge clock clk)
Path Group: asynchronous
Path Type: min

Fanout     Cap    Slew   Delay    Time   Description
-----------------------------------------------------------------------------
                  0.15    0.00    0.00   clock clk (rise edge)
                          0.00    0.00   clock network delay (ideal)
                          2.00    2.00 v input external delay
     1    0.00    0.01    0.00    2.00 v rst (in)
                                         rst (net)
                  0.01    0.00    2.00 v input1/A (sky130_fd_sc_hd__clkbuf_4)
     5    0.04    0.09    0.17    2.17 v input1/X (sky130_fd_sc_hd__clkbuf_4)
                                         net1 (net)
                  0.09    0.00    2.17 v _317_/A (sky130_fd_sc_hd__clkbuf_8)
    10    0.06    0.08    0.19    2.37 v _317_/X (sky130_fd_sc_hd__clkbuf_8)
                                         _161_ (net)
                  0.08    0.00    2.37 v _323_/A (sky130_fd_sc_hd__inv_2)
     1    0.01    0.05    0.07    2.44 ^ _323_/Y (sky130_fd_sc_hd__inv_2)
                                         _053_ (net)
                  0.05    0.00    2.44 ^ _355_/RESET_B (sky130_fd_sc_hd__dfrtp_4)
                                  2.44   data arrival time

                  0.15    0.00    0.00   clock clk (rise edge)
                          0.00    0.00   clock network delay (ideal)
                          0.25    0.25   clock uncertainty
                          0.00    0.25   clock reconvergence pessimism
                                  0.25 ^ _355_/CLK (sky130_fd_sc_hd__dfrtp_4)
                          0.35    0.60   library removal time
                                  0.60   data required time
-----------------------------------------------------------------------------
                                  0.60   data required time
                                 -2.44   data arrival time
-----------------------------------------------------------------------------
                                  1.84   slack (MET)


Startpoint: rst (input port clocked by clk)
Endpoint: _352_ (removal check against rising-edge clock clk)
Path Group: asynchronous
Path Type: min

Fanout     Cap    Slew   Delay    Time   Description
-----------------------------------------------------------------------------
                  0.15    0.00    0.00   clock clk (rise edge)
                          0.00    0.00   clock network delay (ideal)
                          2.00    2.00 v input external delay
     1    0.00    0.01    0.00    2.00 v rst (in)
                                         rst (net)
                  0.01    0.00    2.00 v input1/A (sky130_fd_sc_hd__clkbuf_4)
     5    0.04    0.09    0.17    2.17 v input1/X (sky130_fd_sc_hd__clkbuf_4)
                                         net1 (net)
                  0.09    0.00    2.17 v _317_/A (sky130_fd_sc_hd__clkbuf_8)
    10    0.06    0.08    0.19    2.37 v _317_/X (sky130_fd_sc_hd__clkbuf_8)
                                         _161_ (net)
                  0.08    0.00    2.37 v _320_/A (sky130_fd_sc_hd__inv_2)
     1    0.01    0.05    0.07    2.44 ^ _320_/Y (sky130_fd_sc_hd__inv_2)
                                         _050_ (net)
                  0.05    0.00    2.44 ^ _352_/RESET_B (sky130_fd_sc_hd__dfrtp_1)
                                  2.44   data arrival time

                  0.15    0.00    0.00   clock clk (rise edge)
                          0.00    0.00   clock network delay (ideal)
                          0.25    0.25   clock uncertainty
                          0.00    0.25   clock reconvergence pessimism
                                  0.25 ^ _352_/CLK (sky130_fd_sc_hd__dfrtp_1)
                          0.35    0.60   library removal time
                                  0.60   data required time
-----------------------------------------------------------------------------
                                  0.60   data required time
                                 -2.44   data arrival time
-----------------------------------------------------------------------------
                                  1.84   slack (MET)


Startpoint: rst (input port clocked by clk)
Endpoint: _349_ (removal check against rising-edge clock clk)
Path Group: asynchronous
Path Type: min

Fanout     Cap    Slew   Delay    Time   Description
-----------------------------------------------------------------------------
                  0.15    0.00    0.00   clock clk (rise edge)
                          0.00    0.00   clock network delay (ideal)
                          2.00    2.00 v input external delay
     1    0.00    0.01    0.00    2.00 v rst (in)
                                         rst (net)
                  0.01    0.00    2.00 v input1/A (sky130_fd_sc_hd__clkbuf_4)
     5    0.04    0.09    0.17    2.17 v input1/X (sky130_fd_sc_hd__clkbuf_4)
                                         net1 (net)
                  0.09    0.00    2.18 v _306_/A (sky130_fd_sc_hd__clkbuf_8)
    10    0.06    0.08    0.19    2.37 v _306_/X (sky130_fd_sc_hd__clkbuf_8)
                                         _160_ (net)
                  0.08    0.00    2.37 v _316_/A (sky130_fd_sc_hd__inv_2)
     1    0.01    0.05    0.07    2.44 ^ _316_/Y (sky130_fd_sc_hd__inv_2)
                                         _047_ (net)
                  0.05    0.00    2.44 ^ _349_/RESET_B (sky130_fd_sc_hd__dfrtp_2)
                                  2.44   data arrival time

                  0.15    0.00    0.00   clock clk (rise edge)
                          0.00    0.00   clock network delay (ideal)
                          0.25    0.25   clock uncertainty
                          0.00    0.25   clock reconvergence pessimism
                                  0.25 ^ _349_/CLK (sky130_fd_sc_hd__dfrtp_2)
                          0.35    0.60   library removal time
                                  0.60   data required time
-----------------------------------------------------------------------------
                                  0.60   data required time
                                 -2.44   data arrival time
-----------------------------------------------------------------------------
                                  1.84   slack (MET)


Startpoint: rst (input port clocked by clk)
Endpoint: _359_ (removal check against rising-edge clock clk)
Path Group: asynchronous
Path Type: min

Fanout     Cap    Slew   Delay    Time   Description
-----------------------------------------------------------------------------
                  0.15    0.00    0.00   clock clk (rise edge)
                          0.00    0.00   clock network delay (ideal)
                          2.00    2.00 v input external delay
     1    0.00    0.01    0.00    2.00 v rst (in)
                                         rst (net)
                  0.01    0.00    2.00 v input1/A (sky130_fd_sc_hd__clkbuf_4)
     5    0.04    0.09    0.17    2.17 v input1/X (sky130_fd_sc_hd__clkbuf_4)
                                         net1 (net)
                  0.09    0.00    2.17 v _317_/A (sky130_fd_sc_hd__clkbuf_8)
    10    0.06    0.08    0.19    2.37 v _317_/X (sky130_fd_sc_hd__clkbuf_8)
                                         _161_ (net)
                  0.08    0.00    2.37 v _327_/A (sky130_fd_sc_hd__inv_2)
     1    0.01    0.05    0.07    2.44 ^ _327_/Y (sky130_fd_sc_hd__inv_2)
                                         _057_ (net)
                  0.05    0.00    2.44 ^ _359_/RESET_B (sky130_fd_sc_hd__dfrtp_4)
                                  2.44   data arrival time

                  0.15    0.00    0.00   clock clk (rise edge)
                          0.00    0.00   clock network delay (ideal)
                          0.25    0.25   clock uncertainty
                          0.00    0.25   clock reconvergence pessimism
                                  0.25 ^ _359_/CLK (sky130_fd_sc_hd__dfrtp_4)
                          0.35    0.60   library removal time
                                  0.60   data required time
-----------------------------------------------------------------------------
                                  0.60   data required time
                                 -2.44   data arrival time
-----------------------------------------------------------------------------
                                  1.84   slack (MET)


Startpoint: rst (input port clocked by clk)
Endpoint: _358_ (removal check against rising-edge clock clk)
Path Group: asynchronous
Path Type: min

Fanout     Cap    Slew   Delay    Time   Description
-----------------------------------------------------------------------------
                  0.15    0.00    0.00   clock clk (rise edge)
                          0.00    0.00   clock network delay (ideal)
                          2.00    2.00 v input external delay
     1    0.00    0.01    0.00    2.00 v rst (in)
                                         rst (net)
                  0.01    0.00    2.00 v input1/A (sky130_fd_sc_hd__clkbuf_4)
     5    0.04    0.09    0.17    2.17 v input1/X (sky130_fd_sc_hd__clkbuf_4)
                                         net1 (net)
                  0.09    0.00    2.17 v _317_/A (sky130_fd_sc_hd__clkbuf_8)
    10    0.06    0.08    0.19    2.37 v _317_/X (sky130_fd_sc_hd__clkbuf_8)
                                         _161_ (net)
                  0.08    0.00    2.37 v _326_/A (sky130_fd_sc_hd__inv_2)
     1    0.01    0.06    0.07    2.45 ^ _326_/Y (sky130_fd_sc_hd__inv_2)
                                         _056_ (net)
                  0.06    0.00    2.45 ^ _358_/RESET_B (sky130_fd_sc_hd__dfrtp_4)
                                  2.45   data arrival time

                  0.15    0.00    0.00   clock clk (rise edge)
                          0.00    0.00   clock network delay (ideal)
                          0.25    0.25   clock uncertainty
                          0.00    0.25   clock reconvergence pessimism
                                  0.25 ^ _358_/CLK (sky130_fd_sc_hd__dfrtp_4)
                          0.35    0.60   library removal time
                                  0.60   data required time
-----------------------------------------------------------------------------
                                  0.60   data required time
                                 -2.45   data arrival time
-----------------------------------------------------------------------------
                                  1.84   slack (MET)


Startpoint: rst (input port clocked by clk)
Endpoint: _347_ (removal check against rising-edge clock clk)
Path Group: asynchronous
Path Type: min

Fanout     Cap    Slew   Delay    Time   Description
-----------------------------------------------------------------------------
                  0.15    0.00    0.00   clock clk (rise edge)
                          0.00    0.00   clock network delay (ideal)
                          2.00    2.00 v input external delay
     1    0.00    0.01    0.00    2.00 v rst (in)
                                         rst (net)
                  0.01    0.00    2.00 v input1/A (sky130_fd_sc_hd__clkbuf_4)
     5    0.04    0.09    0.17    2.17 v input1/X (sky130_fd_sc_hd__clkbuf_4)
                                         net1 (net)
                  0.09    0.00    2.18 v _306_/A (sky130_fd_sc_hd__clkbuf_8)
    10    0.06    0.08    0.19    2.37 v _306_/X (sky130_fd_sc_hd__clkbuf_8)
                                         _160_ (net)
                  0.08    0.00    2.37 v _314_/A (sky130_fd_sc_hd__inv_2)
     1    0.01    0.06    0.08    2.45 ^ _314_/Y (sky130_fd_sc_hd__inv_2)
                                         _045_ (net)
                  0.06    0.00    2.45 ^ _347_/RESET_B (sky130_fd_sc_hd__dfrtp_4)
                                  2.45   data arrival time

                  0.15    0.00    0.00   clock clk (rise edge)
                          0.00    0.00   clock network delay (ideal)
                          0.25    0.25   clock uncertainty
                          0.00    0.25   clock reconvergence pessimism
                                  0.25 ^ _347_/CLK (sky130_fd_sc_hd__dfrtp_4)
                          0.35    0.60   library removal time
                                  0.60   data required time
-----------------------------------------------------------------------------
                                  0.60   data required time
                                 -2.45   data arrival time
-----------------------------------------------------------------------------
                                  1.84   slack (MET)


Startpoint: rst (input port clocked by clk)
Endpoint: _354_ (removal check against rising-edge clock clk)
Path Group: asynchronous
Path Type: min

Fanout     Cap    Slew   Delay    Time   Description
-----------------------------------------------------------------------------
                  0.15    0.00    0.00   clock clk (rise edge)
                          0.00    0.00   clock network delay (ideal)
                          2.00    2.00 v input external delay
     1    0.00    0.01    0.00    2.00 v rst (in)
                                         rst (net)
                  0.01    0.00    2.00 v input1/A (sky130_fd_sc_hd__clkbuf_4)
     5    0.04    0.09    0.17    2.17 v input1/X (sky130_fd_sc_hd__clkbuf_4)
                                         net1 (net)
                  0.09    0.00    2.17 v _317_/A (sky130_fd_sc_hd__clkbuf_8)
    10    0.06    0.08    0.19    2.37 v _317_/X (sky130_fd_sc_hd__clkbuf_8)
                                         _161_ (net)
                  0.08    0.00    2.37 v _322_/A (sky130_fd_sc_hd__inv_2)
     1    0.01    0.06    0.08    2.45 ^ _322_/Y (sky130_fd_sc_hd__inv_2)
                                         _052_ (net)
                  0.06    0.00    2.45 ^ _354_/RESET_B (sky130_fd_sc_hd__dfrtp_4)
                                  2.45   data arrival time

                  0.15    0.00    0.00   clock clk (rise edge)
                          0.00    0.00   clock network delay (ideal)
                          0.25    0.25   clock uncertainty
                          0.00    0.25   clock reconvergence pessimism
                                  0.25 ^ _354_/CLK (sky130_fd_sc_hd__dfrtp_4)
                          0.35    0.60   library removal time
                                  0.60   data required time
-----------------------------------------------------------------------------
                                  0.60   data required time
                                 -2.45   data arrival time
-----------------------------------------------------------------------------
                                  1.84   slack (MET)


Startpoint: rst (input port clocked by clk)
Endpoint: _331_ (removal check against rising-edge clock clk)
Path Group: asynchronous
Path Type: min

Fanout     Cap    Slew   Delay    Time   Description
-----------------------------------------------------------------------------
                  0.15    0.00    0.00   clock clk (rise edge)
                          0.00    0.00   clock network delay (ideal)
                          2.00    2.00 v input external delay
     1    0.00    0.01    0.00    2.00 v rst (in)
                                         rst (net)
                  0.01    0.00    2.00 v input1/A (sky130_fd_sc_hd__clkbuf_4)
     5    0.04    0.09    0.17    2.17 v input1/X (sky130_fd_sc_hd__clkbuf_4)
                                         net1 (net)
                  0.09    0.00    2.17 v _295_/A (sky130_fd_sc_hd__buf_4)
    10    0.06    0.08    0.21    2.38 v _295_/X (sky130_fd_sc_hd__buf_4)
                                         _159_ (net)
                  0.08    0.00    2.38 v _297_/A (sky130_fd_sc_hd__inv_2)
     1    0.01    0.04    0.06    2.44 ^ _297_/Y (sky130_fd_sc_hd__inv_2)
                                         _029_ (net)
                  0.04    0.00    2.44 ^ _331_/RESET_B (sky130_fd_sc_hd__dfrtp_4)
                                  2.44   data arrival time

                  0.15    0.00    0.00   clock clk (rise edge)
                          0.00    0.00   clock network delay (ideal)
                          0.25    0.25   clock uncertainty
                          0.00    0.25   clock reconvergence pessimism
                                  0.25 ^ _331_/CLK (sky130_fd_sc_hd__dfrtp_4)
                          0.35    0.60   library removal time
                                  0.60   data required time
-----------------------------------------------------------------------------
                                  0.60   data required time
                                 -2.44   data arrival time
-----------------------------------------------------------------------------
                                  1.85   slack (MET)


Startpoint: rst (input port clocked by clk)
Endpoint: _335_ (removal check against rising-edge clock clk)
Path Group: asynchronous
Path Type: min

Fanout     Cap    Slew   Delay    Time   Description
-----------------------------------------------------------------------------
                  0.15    0.00    0.00   clock clk (rise edge)
                          0.00    0.00   clock network delay (ideal)
                          2.00    2.00 v input external delay
     1    0.00    0.01    0.00    2.00 v rst (in)
                                         rst (net)
                  0.01    0.00    2.00 v input1/A (sky130_fd_sc_hd__clkbuf_4)
     5    0.04    0.09    0.17    2.17 v input1/X (sky130_fd_sc_hd__clkbuf_4)
                                         net1 (net)
                  0.09    0.00    2.17 v _295_/A (sky130_fd_sc_hd__buf_4)
    10    0.06    0.08    0.21    2.38 v _295_/X (sky130_fd_sc_hd__buf_4)
                                         _159_ (net)
                  0.08    0.00    2.38 v _301_/A (sky130_fd_sc_hd__inv_2)
     1    0.01    0.04    0.06    2.44 ^ _301_/Y (sky130_fd_sc_hd__inv_2)
                                         _033_ (net)
                  0.04    0.00    2.44 ^ _335_/RESET_B (sky130_fd_sc_hd__dfrtp_2)
                                  2.44   data arrival time

                  0.15    0.00    0.00   clock clk (rise edge)
                          0.00    0.00   clock network delay (ideal)
                          0.25    0.25   clock uncertainty
                          0.00    0.25   clock reconvergence pessimism
                                  0.25 ^ _335_/CLK (sky130_fd_sc_hd__dfrtp_2)
                          0.35    0.60   library removal time
                                  0.60   data required time
-----------------------------------------------------------------------------
                                  0.60   data required time
                                 -2.44   data arrival time
-----------------------------------------------------------------------------
                                  1.85   slack (MET)


Startpoint: rst (input port clocked by clk)
Endpoint: _350_ (removal check against rising-edge clock clk)
Path Group: asynchronous
Path Type: min

Fanout     Cap    Slew   Delay    Time   Description
-----------------------------------------------------------------------------
                  0.15    0.00    0.00   clock clk (rise edge)
                          0.00    0.00   clock network delay (ideal)
                          2.00    2.00 v input external delay
     1    0.00    0.01    0.00    2.00 v rst (in)
                                         rst (net)
                  0.01    0.00    2.00 v input1/A (sky130_fd_sc_hd__clkbuf_4)
     5    0.04    0.09    0.17    2.17 v input1/X (sky130_fd_sc_hd__clkbuf_4)
                                         net1 (net)
                  0.09    0.00    2.17 v _317_/A (sky130_fd_sc_hd__clkbuf_8)
    10    0.06    0.08    0.19    2.37 v _317_/X (sky130_fd_sc_hd__clkbuf_8)
                                         _161_ (net)
                  0.08    0.00    2.37 v _318_/A (sky130_fd_sc_hd__inv_2)
     1    0.01    0.06    0.08    2.45 ^ _318_/Y (sky130_fd_sc_hd__inv_2)
                                         _048_ (net)
                  0.06    0.00    2.45 ^ _350_/RESET_B (sky130_fd_sc_hd__dfrtp_2)
                                  2.45   data arrival time

                  0.15    0.00    0.00   clock clk (rise edge)
                          0.00    0.00   clock network delay (ideal)
                          0.25    0.25   clock uncertainty
                          0.00    0.25   clock reconvergence pessimism
                                  0.25 ^ _350_/CLK (sky130_fd_sc_hd__dfrtp_2)
                          0.35    0.60   library removal time
                                  0.60   data required time
-----------------------------------------------------------------------------
                                  0.60   data required time
                                 -2.45   data arrival time
-----------------------------------------------------------------------------
                                  1.85   slack (MET)


Startpoint: rst (input port clocked by clk)
Endpoint: _334_ (removal check against rising-edge clock clk)
Path Group: asynchronous
Path Type: min

Fanout     Cap    Slew   Delay    Time   Description
-----------------------------------------------------------------------------
                  0.15    0.00    0.00   clock clk (rise edge)
                          0.00    0.00   clock network delay (ideal)
                          2.00    2.00 v input external delay
     1    0.00    0.01    0.00    2.00 v rst (in)
                                         rst (net)
                  0.01    0.00    2.00 v input1/A (sky130_fd_sc_hd__clkbuf_4)
     5    0.04    0.09    0.17    2.17 v input1/X (sky130_fd_sc_hd__clkbuf_4)
                                         net1 (net)
                  0.09    0.00    2.17 v _295_/A (sky130_fd_sc_hd__buf_4)
    10    0.06    0.08    0.21    2.38 v _295_/X (sky130_fd_sc_hd__buf_4)
                                         _159_ (net)
                  0.08    0.00    2.38 v _300_/A (sky130_fd_sc_hd__inv_2)
     1    0.01    0.04    0.06    2.45 ^ _300_/Y (sky130_fd_sc_hd__inv_2)
                                         _032_ (net)
                  0.04    0.00    2.45 ^ _334_/RESET_B (sky130_fd_sc_hd__dfrtp_4)
                                  2.45   data arrival time

                  0.15    0.00    0.00   clock clk (rise edge)
                          0.00    0.00   clock network delay (ideal)
                          0.25    0.25   clock uncertainty
                          0.00    0.25   clock reconvergence pessimism
                                  0.25 ^ _334_/CLK (sky130_fd_sc_hd__dfrtp_4)
                          0.35    0.60   library removal time
                                  0.60   data required time
-----------------------------------------------------------------------------
                                  0.60   data required time
                                 -2.45   data arrival time
-----------------------------------------------------------------------------
                                  1.85   slack (MET)


Startpoint: rst (input port clocked by clk)
Endpoint: _356_ (removal check against rising-edge clock clk)
Path Group: asynchronous
Path Type: min

Fanout     Cap    Slew   Delay    Time   Description
-----------------------------------------------------------------------------
                  0.15    0.00    0.00   clock clk (rise edge)
                          0.00    0.00   clock network delay (ideal)
                          2.00    2.00 v input external delay
     1    0.00    0.01    0.00    2.00 v rst (in)
                                         rst (net)
                  0.01    0.00    2.00 v input1/A (sky130_fd_sc_hd__clkbuf_4)
     5    0.04    0.09    0.17    2.17 v input1/X (sky130_fd_sc_hd__clkbuf_4)
                                         net1 (net)
                  0.09    0.00    2.17 v _317_/A (sky130_fd_sc_hd__clkbuf_8)
    10    0.06    0.08    0.19    2.37 v _317_/X (sky130_fd_sc_hd__clkbuf_8)
                                         _161_ (net)
                  0.08    0.00    2.37 v _324_/A (sky130_fd_sc_hd__inv_2)
     1    0.01    0.07    0.08    2.45 ^ _324_/Y (sky130_fd_sc_hd__inv_2)
                                         _054_ (net)
                  0.07    0.00    2.45 ^ _356_/RESET_B (sky130_fd_sc_hd__dfrtp_1)
                                  2.45   data arrival time

                  0.15    0.00    0.00   clock clk (rise edge)
                          0.00    0.00   clock network delay (ideal)
                          0.25    0.25   clock uncertainty
                          0.00    0.25   clock reconvergence pessimism
                                  0.25 ^ _356_/CLK (sky130_fd_sc_hd__dfrtp_1)
                          0.35    0.60   library removal time
                                  0.60   data required time
-----------------------------------------------------------------------------
                                  0.60   data required time
                                 -2.45   data arrival time
-----------------------------------------------------------------------------
                                  1.85   slack (MET)


Startpoint: rst (input port clocked by clk)
Endpoint: _344_ (removal check against rising-edge clock clk)
Path Group: asynchronous
Path Type: min

Fanout     Cap    Slew   Delay    Time   Description
-----------------------------------------------------------------------------
                  0.15    0.00    0.00   clock clk (rise edge)
                          0.00    0.00   clock network delay (ideal)
                          2.00    2.00 v input external delay
     1    0.00    0.01    0.00    2.00 v rst (in)
                                         rst (net)
                  0.01    0.00    2.00 v input1/A (sky130_fd_sc_hd__clkbuf_4)
     5    0.04    0.09    0.17    2.17 v input1/X (sky130_fd_sc_hd__clkbuf_4)
                                         net1 (net)
                  0.09    0.00    2.18 v _306_/A (sky130_fd_sc_hd__clkbuf_8)
    10    0.06    0.08    0.19    2.37 v _306_/X (sky130_fd_sc_hd__clkbuf_8)
                                         _160_ (net)
                  0.08    0.01    2.37 v _311_/A (sky130_fd_sc_hd__inv_2)
     1    0.01    0.06    0.08    2.45 ^ _311_/Y (sky130_fd_sc_hd__inv_2)
                                         _042_ (net)
                  0.06    0.00    2.45 ^ _344_/RESET_B (sky130_fd_sc_hd__dfrtp_1)
                                  2.45   data arrival time

                  0.15    0.00    0.00   clock clk (rise edge)
                          0.00    0.00   clock network delay (ideal)
                          0.25    0.25   clock uncertainty
                          0.00    0.25   clock reconvergence pessimism
                                  0.25 ^ _344_/CLK (sky130_fd_sc_hd__dfrtp_1)
                          0.35    0.60   library removal time
                                  0.60   data required time
-----------------------------------------------------------------------------
                                  0.60   data required time
                                 -2.45   data arrival time
-----------------------------------------------------------------------------
                                  1.85   slack (MET)


Startpoint: rst (input port clocked by clk)
Endpoint: _337_ (removal check against rising-edge clock clk)
Path Group: asynchronous
Path Type: min

Fanout     Cap    Slew   Delay    Time   Description
-----------------------------------------------------------------------------
                  0.15    0.00    0.00   clock clk (rise edge)
                          0.00    0.00   clock network delay (ideal)
                          2.00    2.00 v input external delay
     1    0.00    0.01    0.00    2.00 v rst (in)
                                         rst (net)
                  0.01    0.00    2.00 v input1/A (sky130_fd_sc_hd__clkbuf_4)
     5    0.04    0.09    0.17    2.17 v input1/X (sky130_fd_sc_hd__clkbuf_4)
                                         net1 (net)
                  0.09    0.00    2.17 v _295_/A (sky130_fd_sc_hd__buf_4)
    10    0.06    0.08    0.21    2.38 v _295_/X (sky130_fd_sc_hd__buf_4)
                                         _159_ (net)
                  0.08    0.00    2.38 v _303_/A (sky130_fd_sc_hd__inv_2)
     1    0.01    0.05    0.07    2.45 ^ _303_/Y (sky130_fd_sc_hd__inv_2)
                                         _035_ (net)
                  0.05    0.00    2.45 ^ _337_/RESET_B (sky130_fd_sc_hd__dfrtp_2)
                                  2.45   data arrival time

                  0.15    0.00    0.00   clock clk (rise edge)
                          0.00    0.00   clock network delay (ideal)
                          0.25    0.25   clock uncertainty
                          0.00    0.25   clock reconvergence pessimism
                                  0.25 ^ _337_/CLK (sky130_fd_sc_hd__dfrtp_2)
                          0.35    0.60   library removal time
                                  0.60   data required time
-----------------------------------------------------------------------------
                                  0.60   data required time
                                 -2.45   data arrival time
-----------------------------------------------------------------------------
                                  1.85   slack (MET)


Startpoint: rst (input port clocked by clk)
Endpoint: _343_ (removal check against rising-edge clock clk)
Path Group: asynchronous
Path Type: min

Fanout     Cap    Slew   Delay    Time   Description
-----------------------------------------------------------------------------
                  0.15    0.00    0.00   clock clk (rise edge)
                          0.00    0.00   clock network delay (ideal)
                          2.00    2.00 v input external delay
     1    0.00    0.01    0.00    2.00 v rst (in)
                                         rst (net)
                  0.01    0.00    2.00 v input1/A (sky130_fd_sc_hd__clkbuf_4)
     5    0.04    0.09    0.17    2.17 v input1/X (sky130_fd_sc_hd__clkbuf_4)
                                         net1 (net)
                  0.09    0.00    2.18 v _306_/A (sky130_fd_sc_hd__clkbuf_8)
    10    0.06    0.08    0.19    2.37 v _306_/X (sky130_fd_sc_hd__clkbuf_8)
                                         _160_ (net)
                  0.08    0.01    2.37 v _310_/A (sky130_fd_sc_hd__inv_2)
     1    0.01    0.06    0.08    2.45 ^ _310_/Y (sky130_fd_sc_hd__inv_2)
                                         _041_ (net)
                  0.06    0.00    2.45 ^ _343_/RESET_B (sky130_fd_sc_hd__dfrtp_1)
                                  2.45   data arrival time

                  0.15    0.00    0.00   clock clk (rise edge)
                          0.00    0.00   clock network delay (ideal)
                          0.25    0.25   clock uncertainty
                          0.00    0.25   clock reconvergence pessimism
                                  0.25 ^ _343_/CLK (sky130_fd_sc_hd__dfrtp_1)
                          0.35    0.60   library removal time
                                  0.60   data required time
-----------------------------------------------------------------------------
                                  0.60   data required time
                                 -2.45   data arrival time
-----------------------------------------------------------------------------
                                  1.85   slack (MET)


Startpoint: rst (input port clocked by clk)
Endpoint: _348_ (removal check against rising-edge clock clk)
Path Group: asynchronous
Path Type: min

Fanout     Cap    Slew   Delay    Time   Description
-----------------------------------------------------------------------------
                  0.15    0.00    0.00   clock clk (rise edge)
                          0.00    0.00   clock network delay (ideal)
                          2.00    2.00 v input external delay
     1    0.00    0.01    0.00    2.00 v rst (in)
                                         rst (net)
                  0.01    0.00    2.00 v input1/A (sky130_fd_sc_hd__clkbuf_4)
     5    0.04    0.09    0.17    2.17 v input1/X (sky130_fd_sc_hd__clkbuf_4)
                                         net1 (net)
                  0.09    0.00    2.18 v _306_/A (sky130_fd_sc_hd__clkbuf_8)
    10    0.06    0.08    0.19    2.37 v _306_/X (sky130_fd_sc_hd__clkbuf_8)
                                         _160_ (net)
                  0.08    0.00    2.37 v _315_/A (sky130_fd_sc_hd__inv_2)
     1    0.01    0.07    0.08    2.46 ^ _315_/Y (sky130_fd_sc_hd__inv_2)
                                         _046_ (net)
                  0.07    0.00    2.46 ^ _348_/RESET_B (sky130_fd_sc_hd__dfrtp_4)
                                  2.46   data arrival time

                  0.15    0.00    0.00   clock clk (rise edge)
                          0.00    0.00   clock network delay (ideal)
                          0.25    0.25   clock uncertainty
                          0.00    0.25   clock reconvergence pessimism
                                  0.25 ^ _348_/CLK (sky130_fd_sc_hd__dfrtp_4)
                          0.35    0.60   library removal time
                                  0.60   data required time
-----------------------------------------------------------------------------
                                  0.60   data required time
                                 -2.46   data arrival time
-----------------------------------------------------------------------------
                                  1.85   slack (MET)


Startpoint: rst (input port clocked by clk)
Endpoint: _333_ (removal check against rising-edge clock clk)
Path Group: asynchronous
Path Type: min

Fanout     Cap    Slew   Delay    Time   Description
-----------------------------------------------------------------------------
                  0.15    0.00    0.00   clock clk (rise edge)
                          0.00    0.00   clock network delay (ideal)
                          2.00    2.00 v input external delay
     1    0.00    0.01    0.00    2.00 v rst (in)
                                         rst (net)
                  0.01    0.00    2.00 v input1/A (sky130_fd_sc_hd__clkbuf_4)
     5    0.04    0.09    0.17    2.17 v input1/X (sky130_fd_sc_hd__clkbuf_4)
                                         net1 (net)
                  0.09    0.00    2.17 v _295_/A (sky130_fd_sc_hd__buf_4)
    10    0.06    0.08    0.21    2.38 v _295_/X (sky130_fd_sc_hd__buf_4)
                                         _159_ (net)
                  0.08    0.00    2.38 v _299_/A (sky130_fd_sc_hd__inv_2)
     1    0.01    0.05    0.07    2.45 ^ _299_/Y (sky130_fd_sc_hd__inv_2)
                                         _031_ (net)
                  0.05    0.00    2.45 ^ _333_/RESET_B (sky130_fd_sc_hd__dfrtp_1)
                                  2.45   data arrival time

                  0.15    0.00    0.00   clock clk (rise edge)
                          0.00    0.00   clock network delay (ideal)
                          0.25    0.25   clock uncertainty
                          0.00    0.25   clock reconvergence pessimism
                                  0.25 ^ _333_/CLK (sky130_fd_sc_hd__dfrtp_1)
                          0.35    0.60   library removal time
                                  0.60   data required time
-----------------------------------------------------------------------------
                                  0.60   data required time
                                 -2.45   data arrival time
-----------------------------------------------------------------------------
                                  1.85   slack (MET)


Startpoint: rst (input port clocked by clk)
Endpoint: _340_ (removal check against rising-edge clock clk)
Path Group: asynchronous
Path Type: min

Fanout     Cap    Slew   Delay    Time   Description
-----------------------------------------------------------------------------
                  0.15    0.00    0.00   clock clk (rise edge)
                          0.00    0.00   clock network delay (ideal)
                          2.00    2.00 v input external delay
     1    0.00    0.01    0.00    2.00 v rst (in)
                                         rst (net)
                  0.01    0.00    2.00 v input1/A (sky130_fd_sc_hd__clkbuf_4)
     5    0.04    0.09    0.17    2.17 v input1/X (sky130_fd_sc_hd__clkbuf_4)
                                         net1 (net)
                  0.09    0.00    2.18 v _306_/A (sky130_fd_sc_hd__clkbuf_8)
    10    0.06    0.08    0.19    2.37 v _306_/X (sky130_fd_sc_hd__clkbuf_8)
                                         _160_ (net)
                  0.08    0.01    2.37 v _307_/A (sky130_fd_sc_hd__inv_2)
     1    0.02    0.08    0.09    2.46 ^ _307_/Y (sky130_fd_sc_hd__inv_2)
                                         _038_ (net)
                  0.08    0.00    2.47 ^ _340_/RESET_B (sky130_fd_sc_hd__dfrtp_4)
                                  2.47   data arrival time

                  0.15    0.00    0.00   clock clk (rise edge)
                          0.00    0.00   clock network delay (ideal)
                          0.25    0.25   clock uncertainty
                          0.00    0.25   clock reconvergence pessimism
                                  0.25 ^ _340_/CLK (sky130_fd_sc_hd__dfrtp_4)
                          0.36    0.61   library removal time
                                  0.61   data required time
-----------------------------------------------------------------------------
                                  0.61   data required time
                                 -2.47   data arrival time
-----------------------------------------------------------------------------
                                  1.86   slack (MET)


Startpoint: rst (input port clocked by clk)
Endpoint: _336_ (removal check against rising-edge clock clk)
Path Group: asynchronous
Path Type: min

Fanout     Cap    Slew   Delay    Time   Description
-----------------------------------------------------------------------------
                  0.15    0.00    0.00   clock clk (rise edge)
                          0.00    0.00   clock network delay (ideal)
                          2.00    2.00 v input external delay
     1    0.00    0.01    0.00    2.00 v rst (in)
                                         rst (net)
                  0.01    0.00    2.00 v input1/A (sky130_fd_sc_hd__clkbuf_4)
     5    0.04    0.09    0.17    2.17 v input1/X (sky130_fd_sc_hd__clkbuf_4)
                                         net1 (net)
                  0.09    0.00    2.17 v _295_/A (sky130_fd_sc_hd__buf_4)
    10    0.06    0.08    0.21    2.38 v _295_/X (sky130_fd_sc_hd__buf_4)
                                         _159_ (net)
                  0.08    0.00    2.38 v _302_/A (sky130_fd_sc_hd__inv_2)
     1    0.01    0.06    0.08    2.46 ^ _302_/Y (sky130_fd_sc_hd__inv_2)
                                         _034_ (net)
                  0.06    0.00    2.46 ^ _336_/RESET_B (sky130_fd_sc_hd__dfrtp_2)
                                  2.46   data arrival time

                  0.15    0.00    0.00   clock clk (rise edge)
                          0.00    0.00   clock network delay (ideal)
                          0.25    0.25   clock uncertainty
                          0.00    0.25   clock reconvergence pessimism
                                  0.25 ^ _336_/CLK (sky130_fd_sc_hd__dfrtp_2)
                          0.35    0.60   library removal time
                                  0.60   data required time
-----------------------------------------------------------------------------
                                  0.60   data required time
                                 -2.46   data arrival time
-----------------------------------------------------------------------------
                                  1.86   slack (MET)


Startpoint: rst (input port clocked by clk)
Endpoint: _339_ (removal check against rising-edge clock clk)
Path Group: asynchronous
Path Type: min

Fanout     Cap    Slew   Delay    Time   Description
-----------------------------------------------------------------------------
                  0.15    0.00    0.00   clock clk (rise edge)
                          0.00    0.00   clock network delay (ideal)
                          2.00    2.00 v input external delay
     1    0.00    0.01    0.00    2.00 v rst (in)
                                         rst (net)
                  0.01    0.00    2.00 v input1/A (sky130_fd_sc_hd__clkbuf_4)
     5    0.04    0.09    0.17    2.17 v input1/X (sky130_fd_sc_hd__clkbuf_4)
                                         net1 (net)
                  0.09    0.00    2.17 v _295_/A (sky130_fd_sc_hd__buf_4)
    10    0.06    0.08    0.21    2.38 v _295_/X (sky130_fd_sc_hd__buf_4)
                                         _159_ (net)
                  0.08    0.00    2.38 v _305_/A (sky130_fd_sc_hd__inv_2)
     1    0.01    0.06    0.08    2.46 ^ _305_/Y (sky130_fd_sc_hd__inv_2)
                                         _037_ (net)
                  0.06    0.00    2.46 ^ _339_/RESET_B (sky130_fd_sc_hd__dfrtp_2)
                                  2.46   data arrival time

                  0.15    0.00    0.00   clock clk (rise edge)
                          0.00    0.00   clock network delay (ideal)
                          0.25    0.25   clock uncertainty
                          0.00    0.25   clock reconvergence pessimism
                                  0.25 ^ _339_/CLK (sky130_fd_sc_hd__dfrtp_2)
                          0.35    0.60   library removal time
                                  0.60   data required time
-----------------------------------------------------------------------------
                                  0.60   data required time
                                 -2.46   data arrival time
-----------------------------------------------------------------------------
                                  1.86   slack (MET)


Startpoint: rst (input port clocked by clk)
Endpoint: _332_ (removal check against rising-edge clock clk)
Path Group: asynchronous
Path Type: min

Fanout     Cap    Slew   Delay    Time   Description
-----------------------------------------------------------------------------
                  0.15    0.00    0.00   clock clk (rise edge)
                          0.00    0.00   clock network delay (ideal)
                          2.00    2.00 v input external delay
     1    0.00    0.01    0.00    2.00 v rst (in)
                                         rst (net)
                  0.01    0.00    2.00 v input1/A (sky130_fd_sc_hd__clkbuf_4)
     5    0.04    0.09    0.17    2.17 v input1/X (sky130_fd_sc_hd__clkbuf_4)
                                         net1 (net)
                  0.09    0.00    2.17 v _295_/A (sky130_fd_sc_hd__buf_4)
    10    0.06    0.08    0.21    2.38 v _295_/X (sky130_fd_sc_hd__buf_4)
                                         _159_ (net)
                  0.08    0.00    2.38 v _298_/A (sky130_fd_sc_hd__inv_2)
     1    0.01    0.06    0.08    2.46 ^ _298_/Y (sky130_fd_sc_hd__inv_2)
                                         _030_ (net)
                  0.06    0.00    2.46 ^ _332_/RESET_B (sky130_fd_sc_hd__dfrtp_4)
                                  2.46   data arrival time

                  0.15    0.00    0.00   clock clk (rise edge)
                          0.00    0.00   clock network delay (ideal)
                          0.25    0.25   clock uncertainty
                          0.00    0.25   clock reconvergence pessimism
                                  0.25 ^ _332_/CLK (sky130_fd_sc_hd__dfrtp_4)
                          0.35    0.60   library removal time
                                  0.60   data required time
-----------------------------------------------------------------------------
                                  0.60   data required time
                                 -2.46   data arrival time
-----------------------------------------------------------------------------
                                  1.86   slack (MET)


Startpoint: rst (input port clocked by clk)
Endpoint: _330_ (removal check against rising-edge clock clk)
Path Group: asynchronous
Path Type: min

Fanout     Cap    Slew   Delay    Time   Description
-----------------------------------------------------------------------------
                  0.15    0.00    0.00   clock clk (rise edge)
                          0.00    0.00   clock network delay (ideal)
                          2.00    2.00 v input external delay
     1    0.00    0.01    0.00    2.00 v rst (in)
                                         rst (net)
                  0.01    0.00    2.00 v input1/A (sky130_fd_sc_hd__clkbuf_4)
     5    0.04    0.09    0.17    2.17 v input1/X (sky130_fd_sc_hd__clkbuf_4)
                                         net1 (net)
                  0.09    0.00    2.17 v _295_/A (sky130_fd_sc_hd__buf_4)
    10    0.06    0.08    0.21    2.38 v _295_/X (sky130_fd_sc_hd__buf_4)
                                         _159_ (net)
                  0.08    0.00    2.38 v _296_/A (sky130_fd_sc_hd__inv_2)
     1    0.01    0.06    0.08    2.46 ^ _296_/Y (sky130_fd_sc_hd__inv_2)
                                         _028_ (net)
                  0.06    0.00    2.46 ^ _330_/RESET_B (sky130_fd_sc_hd__dfrtp_4)
                                  2.46   data arrival time

                  0.15    0.00    0.00   clock clk (rise edge)
                          0.00    0.00   clock network delay (ideal)
                          0.25    0.25   clock uncertainty
                          0.00    0.25   clock reconvergence pessimism
                                  0.25 ^ _330_/CLK (sky130_fd_sc_hd__dfrtp_4)
                          0.35    0.60   library removal time
                                  0.60   data required time
-----------------------------------------------------------------------------
                                  0.60   data required time
                                 -2.46   data arrival time
-----------------------------------------------------------------------------
                                  1.86   slack (MET)


Startpoint: rst (input port clocked by clk)
Endpoint: _338_ (removal check against rising-edge clock clk)
Path Group: asynchronous
Path Type: min

Fanout     Cap    Slew   Delay    Time   Description
-----------------------------------------------------------------------------
                  0.15    0.00    0.00   clock clk (rise edge)
                          0.00    0.00   clock network delay (ideal)
                          2.00    2.00 v input external delay
     1    0.00    0.01    0.00    2.00 v rst (in)
                                         rst (net)
                  0.01    0.00    2.00 v input1/A (sky130_fd_sc_hd__clkbuf_4)
     5    0.04    0.09    0.17    2.17 v input1/X (sky130_fd_sc_hd__clkbuf_4)
                                         net1 (net)
                  0.09    0.00    2.17 v _295_/A (sky130_fd_sc_hd__buf_4)
    10    0.06    0.08    0.21    2.38 v _295_/X (sky130_fd_sc_hd__buf_4)
                                         _159_ (net)
                  0.08    0.00    2.38 v _304_/A (sky130_fd_sc_hd__inv_2)
     1    0.01    0.07    0.08    2.47 ^ _304_/Y (sky130_fd_sc_hd__inv_2)
                                         _036_ (net)
                  0.07    0.00    2.47 ^ _338_/RESET_B (sky130_fd_sc_hd__dfrtp_4)
                                  2.47   data arrival time

                  0.15    0.00    0.00   clock clk (rise edge)
                          0.00    0.00   clock network delay (ideal)
                          0.25    0.25   clock uncertainty
                          0.00    0.25   clock reconvergence pessimism
                                  0.25 ^ _338_/CLK (sky130_fd_sc_hd__dfrtp_4)
                          0.36    0.61   library removal time
                                  0.61   data required time
-----------------------------------------------------------------------------
                                  0.61   data required time
                                 -2.47   data arrival time
-----------------------------------------------------------------------------
                                  1.86   slack (MET)


Startpoint: _359_ (rising edge-triggered flip-flop clocked by clk)
Endpoint: seg[6] (output port clocked by clk)
Path Group: clk
Path Type: min

Fanout     Cap    Slew   Delay    Time   Description
-----------------------------------------------------------------------------
                  0.15    0.00    0.00   clock clk (rise edge)
                          0.00    0.00   clock network delay (ideal)
                  0.15    0.00    0.00 ^ _359_/CLK (sky130_fd_sc_hd__dfrtp_4)
     7    0.04    0.13    0.48    0.48 ^ _359_/Q (sky130_fd_sc_hd__dfrtp_4)
                                         decoder.digit[1] (net)
                  0.13    0.00    0.48 ^ _294_/A1 (sky130_fd_sc_hd__a21boi_2)
     1    0.01    0.05    0.08    0.57 v _294_/Y (sky130_fd_sc_hd__a21boi_2)
                                         net8 (net)
                  0.05    0.00    0.57 v output8/A (sky130_fd_sc_hd__buf_2)
     1    0.03    0.09    0.17    0.74 v output8/X (sky130_fd_sc_hd__buf_2)
                                         seg[6] (net)
                  0.09    0.00    0.74 v seg[6] (out)
                                  0.74   data arrival time

                  0.15    0.00    0.00   clock clk (rise edge)
                          0.00    0.00   clock network delay (ideal)
                          0.25    0.25   clock uncertainty
                          0.00    0.25   clock reconvergence pessimism
                         -2.00   -1.75   output external delay
                                 -1.75   data required time
-----------------------------------------------------------------------------
                                 -1.75   data required time
                                 -0.74   data arrival time
-----------------------------------------------------------------------------
                                  2.49   slack (MET)


Startpoint: _358_ (rising edge-triggered flip-flop clocked by clk)
Endpoint: seg[2] (output port clocked by clk)
Path Group: clk
Path Type: min

Fanout     Cap    Slew   Delay    Time   Description
-----------------------------------------------------------------------------
                  0.15    0.00    0.00   clock clk (rise edge)
                          0.00    0.00   clock network delay (ideal)
                  0.15    0.00    0.00 ^ _358_/CLK (sky130_fd_sc_hd__dfrtp_4)
     8    0.04    0.13    0.48    0.48 ^ _358_/Q (sky130_fd_sc_hd__dfrtp_4)
                                         decoder.digit[0] (net)
                  0.13    0.00    0.48 ^ _289_/A1 (sky130_fd_sc_hd__a21oi_1)
     1    0.01    0.08    0.10    0.58 v _289_/Y (sky130_fd_sc_hd__a21oi_1)
                                         net4 (net)
                  0.08    0.00    0.58 v output4/A (sky130_fd_sc_hd__buf_2)
     1    0.03    0.09    0.18    0.77 v output4/X (sky130_fd_sc_hd__buf_2)
                                         seg[2] (net)
                  0.09    0.00    0.77 v seg[2] (out)
                                  0.77   data arrival time

                  0.15    0.00    0.00   clock clk (rise edge)
                          0.00    0.00   clock network delay (ideal)
                          0.25    0.25   clock uncertainty
                          0.00    0.25   clock reconvergence pessimism
                         -2.00   -1.75   output external delay
                                 -1.75   data required time
-----------------------------------------------------------------------------
                                 -1.75   data required time
                                 -0.77   data arrival time
-----------------------------------------------------------------------------
                                  2.52   slack (MET)


Startpoint: _361_ (rising edge-triggered flip-flop clocked by clk)
Endpoint: seg[3] (output port clocked by clk)
Path Group: clk
Path Type: min

Fanout     Cap    Slew   Delay    Time   Description
-----------------------------------------------------------------------------
                  0.15    0.00    0.00   clock clk (rise edge)
                          0.00    0.00   clock network delay (ideal)
                  0.15    0.00    0.00 ^ _361_/CLK (sky130_fd_sc_hd__dfrtp_4)
     6    0.03    0.12    0.48    0.48 ^ _361_/Q (sky130_fd_sc_hd__dfrtp_4)
                                         decoder.digit[3] (net)
                  0.12    0.00    0.48 ^ _287_/D1 (sky130_fd_sc_hd__a2111o_1)
     2    0.01    0.12    0.16    0.63 ^ _287_/X (sky130_fd_sc_hd__a2111o_1)
                                         net5 (net)
                  0.12    0.00    0.63 ^ output5/A (sky130_fd_sc_hd__buf_2)
     1    0.03    0.17    0.21    0.85 ^ output5/X (sky130_fd_sc_hd__buf_2)
                                         seg[3] (net)
                  0.17    0.00    0.85 ^ seg[3] (out)
                                  0.85   data arrival time

                  0.15    0.00    0.00   clock clk (rise edge)
                          0.00    0.00   clock network delay (ideal)
                          0.25    0.25   clock uncertainty
                          0.00    0.25   clock reconvergence pessimism
                         -2.00   -1.75   output external delay
                                 -1.75   data required time
-----------------------------------------------------------------------------
                                 -1.75   data required time
                                 -0.85   data arrival time
-----------------------------------------------------------------------------
                                  2.60   slack (MET)


Startpoint: _361_ (rising edge-triggered flip-flop clocked by clk)
Endpoint: seg[5] (output port clocked by clk)
Path Group: clk
Path Type: min

Fanout     Cap    Slew   Delay    Time   Description
-----------------------------------------------------------------------------
                  0.15    0.00    0.00   clock clk (rise edge)
                          0.00    0.00   clock network delay (ideal)
                  0.15    0.00    0.00 ^ _361_/CLK (sky130_fd_sc_hd__dfrtp_4)
     6    0.03    0.12    0.48    0.48 ^ _361_/Q (sky130_fd_sc_hd__dfrtp_4)
                                         decoder.digit[3] (net)
                  0.12    0.00    0.48 ^ _292_/A (sky130_fd_sc_hd__or3_1)
     1    0.01    0.06    0.14    0.61 ^ _292_/X (sky130_fd_sc_hd__or3_1)
                                         _158_ (net)
                  0.06    0.00    0.61 ^ _293_/A (sky130_fd_sc_hd__clkbuf_1)
     1    0.00    0.04    0.08    0.69 ^ _293_/X (sky130_fd_sc_hd__clkbuf_1)
                                         net7 (net)
                  0.04    0.00    0.69 ^ output7/A (sky130_fd_sc_hd__buf_2)
     1    0.03    0.17    0.19    0.88 ^ output7/X (sky130_fd_sc_hd__buf_2)
                                         seg[5] (net)
                  0.17    0.00    0.88 ^ seg[5] (out)
                                  0.88   data arrival time

                  0.15    0.00    0.00   clock clk (rise edge)
                          0.00    0.00   clock network delay (ideal)
                          0.25    0.25   clock uncertainty
                          0.00    0.25   clock reconvergence pessimism
                         -2.00   -1.75   output external delay
                                 -1.75   data required time
-----------------------------------------------------------------------------
                                 -1.75   data required time
                                 -0.88   data arrival time
-----------------------------------------------------------------------------
                                  2.63   slack (MET)


Startpoint: _361_ (rising edge-triggered flip-flop clocked by clk)
Endpoint: seg[4] (output port clocked by clk)
Path Group: clk
Path Type: min

Fanout     Cap    Slew   Delay    Time   Description
-----------------------------------------------------------------------------
                  0.15    0.00    0.00   clock clk (rise edge)
                          0.00    0.00   clock network delay (ideal)
                  0.15    0.00    0.00 ^ _361_/CLK (sky130_fd_sc_hd__dfrtp_4)
     6    0.03    0.12    0.48    0.48 ^ _361_/Q (sky130_fd_sc_hd__dfrtp_4)
                                         decoder.digit[3] (net)
                  0.12    0.00    0.48 ^ _290_/A (sky130_fd_sc_hd__or3_1)
     1    0.00    0.05    0.12    0.60 ^ _290_/X (sky130_fd_sc_hd__or3_1)
                                         _157_ (net)
                  0.05    0.00    0.60 ^ _291_/A (sky130_fd_sc_hd__buf_1)
     1    0.01    0.09    0.11    0.71 ^ _291_/X (sky130_fd_sc_hd__buf_1)
                                         net6 (net)
                  0.09    0.00    0.71 ^ output6/A (sky130_fd_sc_hd__buf_2)
     1    0.03    0.17    0.20    0.91 ^ output6/X (sky130_fd_sc_hd__buf_2)
                                         seg[4] (net)
                  0.17    0.00    0.91 ^ seg[4] (out)
                                  0.91   data arrival time

                  0.15    0.00    0.00   clock clk (rise edge)
                          0.00    0.00   clock network delay (ideal)
                          0.25    0.25   clock uncertainty
                          0.00    0.25   clock reconvergence pessimism
                         -2.00   -1.75   output external delay
                                 -1.75   data required time
-----------------------------------------------------------------------------
                                 -1.75   data required time
                                 -0.91   data arrival time
-----------------------------------------------------------------------------
                                  2.66   slack (MET)


Startpoint: _361_ (rising edge-triggered flip-flop clocked by clk)
Endpoint: seg[1] (output port clocked by clk)
Path Group: clk
Path Type: min

Fanout     Cap    Slew   Delay    Time   Description
-----------------------------------------------------------------------------
                  0.15    0.00    0.00   clock clk (rise edge)
                          0.00    0.00   clock network delay (ideal)
                  0.15    0.00    0.00 ^ _361_/CLK (sky130_fd_sc_hd__dfrtp_4)
     6    0.03    0.12    0.48    0.48 ^ _361_/Q (sky130_fd_sc_hd__dfrtp_4)
                                         decoder.digit[3] (net)
                  0.12    0.00    0.48 ^ _285_/A (sky130_fd_sc_hd__nor2_2)
     4    0.02    0.07    0.09    0.57 v _285_/Y (sky130_fd_sc_hd__nor2_2)
                                         _155_ (net)
                  0.07    0.00    0.57 v _288_/B (sky130_fd_sc_hd__nor2_1)
     1    0.01    0.19    0.17    0.74 ^ _288_/Y (sky130_fd_sc_hd__nor2_1)
                                         net3 (net)
                  0.19    0.00    0.74 ^ output3/A (sky130_fd_sc_hd__buf_2)
     1    0.03    0.17    0.23    0.97 ^ output3/X (sky130_fd_sc_hd__buf_2)
                                         seg[1] (net)
                  0.17    0.00    0.97 ^ seg[1] (out)
                                  0.97   data arrival time

                  0.15    0.00    0.00   clock clk (rise edge)
                          0.00    0.00   clock network delay (ideal)
                          0.25    0.25   clock uncertainty
                          0.00    0.25   clock reconvergence pessimism
                         -2.00   -1.75   output external delay
                                 -1.75   data required time
-----------------------------------------------------------------------------
                                 -1.75   data required time
                                 -0.97   data arrival time
-----------------------------------------------------------------------------
                                  2.72   slack (MET)


Startpoint: _361_ (rising edge-triggered flip-flop clocked by clk)
Endpoint: seg[0] (output port clocked by clk)
Path Group: clk
Path Type: min

Fanout     Cap    Slew   Delay    Time   Description
-----------------------------------------------------------------------------
                  0.15    0.00    0.00   clock clk (rise edge)
                          0.00    0.00   clock network delay (ideal)
                  0.15    0.00    0.00 ^ _361_/CLK (sky130_fd_sc_hd__dfrtp_4)
     6    0.03    0.12    0.48    0.48 ^ _361_/Q (sky130_fd_sc_hd__dfrtp_4)
                                         decoder.digit[3] (net)
                  0.12    0.00    0.48 ^ _287_/D1 (sky130_fd_sc_hd__a2111o_1)
     2    0.01    0.12    0.16    0.63 ^ _287_/X (sky130_fd_sc_hd__a2111o_1)
                                         net5 (net)
                  0.12    0.00    0.63 ^ _370_/A (sky130_fd_sc_hd__buf_1)
     1    0.01    0.12    0.15    0.78 ^ _370_/X (sky130_fd_sc_hd__buf_1)
                                         net2 (net)
                  0.12    0.00    0.78 ^ output2/A (sky130_fd_sc_hd__buf_2)
     1    0.03    0.17    0.21    0.99 ^ output2/X (sky130_fd_sc_hd__buf_2)
                                         seg[0] (net)
                  0.17    0.00    0.99 ^ seg[0] (out)
                                  0.99   data arrival time

                  0.15    0.00    0.00   clock clk (rise edge)
                          0.00    0.00   clock network delay (ideal)
                          0.25    0.25   clock uncertainty
                          0.00    0.25   clock reconvergence pessimism
                         -2.00   -1.75   output external delay
                                 -1.75   data required time
-----------------------------------------------------------------------------
                                 -1.75   data required time
                                 -0.99   data arrival time
-----------------------------------------------------------------------------
                                  2.74   slack (MET)



worst slack corner Typical: 0.3132
