
===========================================================================
report_checks -path_delay max (Setup)
============================================================================
======================= Fastest Corner ===================================

Startpoint: _361_ (rising edge-triggered flip-flop clocked by clk)
Endpoint: seg[0] (output port clocked by clk)
Path Group: clk
Path Type: max
Corner: Fastest

Fanout     Cap    Slew   Delay    Time   Description
-----------------------------------------------------------------------------
                          0.00    0.00   clock clk (rise edge)
                          0.00    0.00   clock source latency
     1    0.02    0.08    0.06    0.06 ^ clk (in)
                                         clk (net)
                  0.08    0.00    0.06 ^ clkbuf_0_clk/A (sky130_fd_sc_hd__clkbuf_16)
     4    0.05    0.05    0.12    0.18 ^ clkbuf_0_clk/X (sky130_fd_sc_hd__clkbuf_16)
                                         clknet_0_clk (net)
                  0.05    0.00    0.18 ^ clkbuf_2_0__f_clk/A (sky130_fd_sc_hd__clkbuf_16)
     9    0.04    0.05    0.11    0.29 ^ clkbuf_2_0__f_clk/X (sky130_fd_sc_hd__clkbuf_16)
                                         clknet_2_0__leaf_clk (net)
                  0.05    0.00    0.29 ^ _361_/CLK (sky130_fd_sc_hd__dfrtp_4)
     6    0.05    0.08    0.36    0.65 v _361_/Q (sky130_fd_sc_hd__dfrtp_4)
                                         decoder.digit[3] (net)
                  0.08    0.00    0.66 v _165_/A (sky130_fd_sc_hd__nor2_2)
     2    0.03    0.24    0.23    0.89 ^ _165_/Y (sky130_fd_sc_hd__nor2_2)
                                         _066_ (net)
                  0.24    0.00    0.89 ^ _166_/B (sky130_fd_sc_hd__nand2_2)
     3    0.04    0.13    0.14    1.03 v _166_/Y (sky130_fd_sc_hd__nand2_2)
                                         _067_ (net)
                  0.13    0.00    1.03 v _167_/B (sky130_fd_sc_hd__nor2_2)
     3    0.03    0.25    0.24    1.27 ^ _167_/Y (sky130_fd_sc_hd__nor2_2)
                                         _068_ (net)
                  0.25    0.00    1.28 ^ _287_/B1 (sky130_fd_sc_hd__a2111o_1)
     2    0.02    0.14    0.16    1.44 ^ _287_/X (sky130_fd_sc_hd__a2111o_1)
                                         net5 (net)
                  0.14    0.00    1.44 ^ _370_/A (sky130_fd_sc_hd__buf_1)
     1    0.02    0.15    0.15    1.59 ^ _370_/X (sky130_fd_sc_hd__buf_1)
                                         net2 (net)
                  0.15    0.00    1.59 ^ output2/A (sky130_fd_sc_hd__buf_2)
     1    0.03    0.13    0.17    1.76 ^ output2/X (sky130_fd_sc_hd__buf_2)
                                         seg[0] (net)
                  0.13    0.00    1.76 ^ seg[0] (out)
                                  1.76   data arrival time

                         10.00   10.00   clock clk (rise edge)
                          0.00   10.00   clock network delay (propagated)
                         -0.25    9.75   clock uncertainty
                          0.00    9.75   clock reconvergence pessimism
                         -2.00    7.75   output external delay
                                  7.75   data required time
-----------------------------------------------------------------------------
                                  7.75   data required time
                                 -1.76   data arrival time
-----------------------------------------------------------------------------
                                  5.99   slack (MET)


Startpoint: _361_ (rising edge-triggered flip-flop clocked by clk)
Endpoint: seg[3] (output port clocked by clk)
Path Group: clk
Path Type: max
Corner: Fastest

Fanout     Cap    Slew   Delay    Time   Description
-----------------------------------------------------------------------------
                          0.00    0.00   clock clk (rise edge)
                          0.00    0.00   clock source latency
     1    0.02    0.08    0.06    0.06 ^ clk (in)
                                         clk (net)
                  0.08    0.00    0.06 ^ clkbuf_0_clk/A (sky130_fd_sc_hd__clkbuf_16)
     4    0.05    0.05    0.12    0.18 ^ clkbuf_0_clk/X (sky130_fd_sc_hd__clkbuf_16)
                                         clknet_0_clk (net)
                  0.05    0.00    0.18 ^ clkbuf_2_0__f_clk/A (sky130_fd_sc_hd__clkbuf_16)
     9    0.04    0.05    0.11    0.29 ^ clkbuf_2_0__f_clk/X (sky130_fd_sc_hd__clkbuf_16)
                                         clknet_2_0__leaf_clk (net)
                  0.05    0.00    0.29 ^ _361_/CLK (sky130_fd_sc_hd__dfrtp_4)
     6    0.05    0.08    0.36    0.65 v _361_/Q (sky130_fd_sc_hd__dfrtp_4)
                                         decoder.digit[3] (net)
                  0.08    0.00    0.66 v _165_/A (sky130_fd_sc_hd__nor2_2)
     2    0.03    0.24    0.23    0.89 ^ _165_/Y (sky130_fd_sc_hd__nor2_2)
                                         _066_ (net)
                  0.24    0.00    0.89 ^ _166_/B (sky130_fd_sc_hd__nand2_2)
     3    0.04    0.13    0.14    1.03 v _166_/Y (sky130_fd_sc_hd__nand2_2)
                                         _067_ (net)
                  0.13    0.00    1.03 v _167_/B (sky130_fd_sc_hd__nor2_2)
     3    0.03    0.25    0.24    1.27 ^ _167_/Y (sky130_fd_sc_hd__nor2_2)
                                         _068_ (net)
                  0.25    0.00    1.28 ^ _287_/B1 (sky130_fd_sc_hd__a2111o_1)
     2    0.02    0.14    0.16    1.44 ^ _287_/X (sky130_fd_sc_hd__a2111o_1)
                                         net5 (net)
                  0.14    0.00    1.44 ^ output5/A (sky130_fd_sc_hd__buf_2)
     1    0.03    0.13    0.17    1.61 ^ output5/X (sky130_fd_sc_hd__buf_2)
                                         seg[3] (net)
                  0.13    0.00    1.61 ^ seg[3] (out)
                                  1.61   data arrival time

                         10.00   10.00   clock clk (rise edge)
                          0.00   10.00   clock network delay (propagated)
                         -0.25    9.75   clock uncertainty
                          0.00    9.75   clock reconvergence pessimism
                         -2.00    7.75   output external delay
                                  7.75   data required time
-----------------------------------------------------------------------------
                                  7.75   data required time
                                 -1.61   data arrival time
-----------------------------------------------------------------------------
                                  6.14   slack (MET)


Startpoint: _361_ (rising edge-triggered flip-flop clocked by clk)
Endpoint: seg[1] (output port clocked by clk)
Path Group: clk
Path Type: max
Corner: Fastest

Fanout     Cap    Slew   Delay    Time   Description
-----------------------------------------------------------------------------
                          0.00    0.00   clock clk (rise edge)
                          0.00    0.00   clock source latency
     1    0.02    0.08    0.06    0.06 ^ clk (in)
                                         clk (net)
                  0.08    0.00    0.06 ^ clkbuf_0_clk/A (sky130_fd_sc_hd__clkbuf_16)
     4    0.05    0.05    0.12    0.18 ^ clkbuf_0_clk/X (sky130_fd_sc_hd__clkbuf_16)
                                         clknet_0_clk (net)
                  0.05    0.00    0.18 ^ clkbuf_2_0__f_clk/A (sky130_fd_sc_hd__clkbuf_16)
     9    0.04    0.05    0.11    0.29 ^ clkbuf_2_0__f_clk/X (sky130_fd_sc_hd__clkbuf_16)
                                         clknet_2_0__leaf_clk (net)
                  0.05    0.00    0.29 ^ _361_/CLK (sky130_fd_sc_hd__dfrtp_4)
     6    0.05    0.08    0.36    0.65 v _361_/Q (sky130_fd_sc_hd__dfrtp_4)
                                         decoder.digit[3] (net)
                  0.08    0.00    0.66 v _165_/A (sky130_fd_sc_hd__nor2_2)
     2    0.03    0.24    0.23    0.89 ^ _165_/Y (sky130_fd_sc_hd__nor2_2)
                                         _066_ (net)
                  0.24    0.00    0.89 ^ _166_/B (sky130_fd_sc_hd__nand2_2)
     3    0.04    0.13    0.14    1.03 v _166_/Y (sky130_fd_sc_hd__nand2_2)
                                         _067_ (net)
                  0.13    0.00    1.03 v _167_/B (sky130_fd_sc_hd__nor2_2)
     3    0.03    0.25    0.24    1.27 ^ _167_/Y (sky130_fd_sc_hd__nor2_2)
                                         _068_ (net)
                  0.25    0.00    1.28 ^ _288_/A (sky130_fd_sc_hd__nor2_1)
     1    0.02    0.12    0.11    1.38 v _288_/Y (sky130_fd_sc_hd__nor2_1)
                                         net3 (net)
                  0.12    0.00    1.38 v output3/A (sky130_fd_sc_hd__buf_2)
     1    0.03    0.06    0.16    1.54 v output3/X (sky130_fd_sc_hd__buf_2)
                                         seg[1] (net)
                  0.06    0.00    1.54 v seg[1] (out)
                                  1.54   data arrival time

                         10.00   10.00   clock clk (rise edge)
                          0.00   10.00   clock network delay (propagated)
                         -0.25    9.75   clock uncertainty
                          0.00    9.75   clock reconvergence pessimism
                         -2.00    7.75   output external delay
                                  7.75   data required time
-----------------------------------------------------------------------------
                                  7.75   data required time
                                 -1.54   data arrival time
-----------------------------------------------------------------------------
                                  6.21   slack (MET)


Startpoint: _361_ (rising edge-triggered flip-flop clocked by clk)
Endpoint: seg[5] (output port clocked by clk)
Path Group: clk
Path Type: max
Corner: Fastest

Fanout     Cap    Slew   Delay    Time   Description
-----------------------------------------------------------------------------
                          0.00    0.00   clock clk (rise edge)
                          0.00    0.00   clock source latency
     1    0.02    0.08    0.06    0.06 ^ clk (in)
                                         clk (net)
                  0.08    0.00    0.06 ^ clkbuf_0_clk/A (sky130_fd_sc_hd__clkbuf_16)
     4    0.05    0.05    0.12    0.18 ^ clkbuf_0_clk/X (sky130_fd_sc_hd__clkbuf_16)
                                         clknet_0_clk (net)
                  0.05    0.00    0.18 ^ clkbuf_2_0__f_clk/A (sky130_fd_sc_hd__clkbuf_16)
     9    0.04    0.05    0.11    0.29 ^ clkbuf_2_0__f_clk/X (sky130_fd_sc_hd__clkbuf_16)
                                         clknet_2_0__leaf_clk (net)
                  0.05    0.00    0.29 ^ _361_/CLK (sky130_fd_sc_hd__dfrtp_4)
     6    0.05    0.08    0.36    0.65 v _361_/Q (sky130_fd_sc_hd__dfrtp_4)
                                         decoder.digit[3] (net)
                  0.08    0.00    0.66 v _285_/A (sky130_fd_sc_hd__nor2_2)
     4    0.04    0.31    0.28    0.94 ^ _285_/Y (sky130_fd_sc_hd__nor2_2)
                                         _155_ (net)
                  0.31    0.00    0.94 ^ _286_/C (sky130_fd_sc_hd__and3b_1)
     2    0.02    0.14    0.20    1.14 ^ _286_/X (sky130_fd_sc_hd__and3b_1)
                                         _156_ (net)
                  0.14    0.00    1.14 ^ _292_/C (sky130_fd_sc_hd__or3_1)
     1    0.01    0.07    0.11    1.26 ^ _292_/X (sky130_fd_sc_hd__or3_1)
                                         _158_ (net)
                  0.07    0.00    1.26 ^ _293_/A (sky130_fd_sc_hd__clkbuf_1)
     1    0.00    0.04    0.06    1.32 ^ _293_/X (sky130_fd_sc_hd__clkbuf_1)
                                         net7 (net)
                  0.04    0.00    1.32 ^ output7/A (sky130_fd_sc_hd__buf_2)
     1    0.03    0.13    0.15    1.47 ^ output7/X (sky130_fd_sc_hd__buf_2)
                                         seg[5] (net)
                  0.13    0.00    1.47 ^ seg[5] (out)
                                  1.47   data arrival time

                         10.00   10.00   clock clk (rise edge)
                          0.00   10.00   clock network delay (propagated)
                         -0.25    9.75   clock uncertainty
                          0.00    9.75   clock reconvergence pessimism
                         -2.00    7.75   output external delay
                                  7.75   data required time
-----------------------------------------------------------------------------
                                  7.75   data required time
                                 -1.47   data arrival time
-----------------------------------------------------------------------------
                                  6.28   slack (MET)


Startpoint: _361_ (rising edge-triggered flip-flop clocked by clk)
Endpoint: seg[6] (output port clocked by clk)
Path Group: clk
Path Type: max
Corner: Fastest

Fanout     Cap    Slew   Delay    Time   Description
-----------------------------------------------------------------------------
                          0.00    0.00   clock clk (rise edge)
                          0.00    0.00   clock source latency
     1    0.02    0.08    0.06    0.06 ^ clk (in)
                                         clk (net)
                  0.08    0.00    0.06 ^ clkbuf_0_clk/A (sky130_fd_sc_hd__clkbuf_16)
     4    0.05    0.05    0.12    0.18 ^ clkbuf_0_clk/X (sky130_fd_sc_hd__clkbuf_16)
                                         clknet_0_clk (net)
                  0.05    0.00    0.18 ^ clkbuf_2_0__f_clk/A (sky130_fd_sc_hd__clkbuf_16)
     9    0.04    0.05    0.11    0.29 ^ clkbuf_2_0__f_clk/X (sky130_fd_sc_hd__clkbuf_16)
                                         clknet_2_0__leaf_clk (net)
                  0.05    0.00    0.29 ^ _361_/CLK (sky130_fd_sc_hd__dfrtp_4)
     6    0.05    0.08    0.36    0.65 v _361_/Q (sky130_fd_sc_hd__dfrtp_4)
                                         decoder.digit[3] (net)
                  0.08    0.00    0.66 v _165_/A (sky130_fd_sc_hd__nor2_2)
     2    0.03    0.24    0.23    0.89 ^ _165_/Y (sky130_fd_sc_hd__nor2_2)
                                         _066_ (net)
                  0.24    0.00    0.89 ^ _166_/B (sky130_fd_sc_hd__nand2_2)
     3    0.04    0.13    0.14    1.03 v _166_/Y (sky130_fd_sc_hd__nand2_2)
                                         _067_ (net)
                  0.13    0.00    1.03 v _294_/B1_N (sky130_fd_sc_hd__a21boi_2)
     2    0.02    0.08    0.16    1.20 v _294_/Y (sky130_fd_sc_hd__a21boi_2)
                                         net8 (net)
                  0.08    0.00    1.20 v output8/A (sky130_fd_sc_hd__buf_2)
     1    0.03    0.06    0.15    1.34 v output8/X (sky130_fd_sc_hd__buf_2)
                                         seg[6] (net)
                  0.06    0.00    1.34 v seg[6] (out)
                                  1.34   data arrival time

                         10.00   10.00   clock clk (rise edge)
                          0.00   10.00   clock network delay (propagated)
                         -0.25    9.75   clock uncertainty
                          0.00    9.75   clock reconvergence pessimism
                         -2.00    7.75   output external delay
                                  7.75   data required time
-----------------------------------------------------------------------------
                                  7.75   data required time
                                 -1.34   data arrival time
-----------------------------------------------------------------------------
                                  6.41   slack (MET)


Startpoint: _361_ (rising edge-triggered flip-flop clocked by clk)
Endpoint: seg[2] (output port clocked by clk)
Path Group: clk
Path Type: max
Corner: Fastest

Fanout     Cap    Slew   Delay    Time   Description
-----------------------------------------------------------------------------
                          0.00    0.00   clock clk (rise edge)
                          0.00    0.00   clock source latency
     1    0.02    0.08    0.06    0.06 ^ clk (in)
                                         clk (net)
                  0.08    0.00    0.06 ^ clkbuf_0_clk/A (sky130_fd_sc_hd__clkbuf_16)
     4    0.05    0.05    0.12    0.18 ^ clkbuf_0_clk/X (sky130_fd_sc_hd__clkbuf_16)
                                         clknet_0_clk (net)
                  0.05    0.00    0.18 ^ clkbuf_2_0__f_clk/A (sky130_fd_sc_hd__clkbuf_16)
     9    0.04    0.05    0.11    0.29 ^ clkbuf_2_0__f_clk/X (sky130_fd_sc_hd__clkbuf_16)
                                         clknet_2_0__leaf_clk (net)
                  0.05    0.00    0.29 ^ _361_/CLK (sky130_fd_sc_hd__dfrtp_4)
     6    0.05    0.08    0.36    0.65 v _361_/Q (sky130_fd_sc_hd__dfrtp_4)
                                         decoder.digit[3] (net)
                  0.08    0.00    0.66 v _285_/A (sky130_fd_sc_hd__nor2_2)
     4    0.04    0.31    0.28    0.94 ^ _285_/Y (sky130_fd_sc_hd__nor2_2)
                                         _155_ (net)
                  0.31    0.00    0.94 ^ _289_/A2 (sky130_fd_sc_hd__a21oi_1)
     1    0.02    0.11    0.13    1.07 v _289_/Y (sky130_fd_sc_hd__a21oi_1)
                                         net4 (net)
                  0.11    0.00    1.07 v output4/A (sky130_fd_sc_hd__buf_2)
     1    0.03    0.06    0.16    1.23 v output4/X (sky130_fd_sc_hd__buf_2)
                                         seg[2] (net)
                  0.06    0.00    1.23 v seg[2] (out)
                                  1.23   data arrival time

                         10.00   10.00   clock clk (rise edge)
                          0.00   10.00   clock network delay (propagated)
                         -0.25    9.75   clock uncertainty
                          0.00    9.75   clock reconvergence pessimism
                         -2.00    7.75   output external delay
                                  7.75   data required time
-----------------------------------------------------------------------------
                                  7.75   data required time
                                 -1.23   data arrival time
-----------------------------------------------------------------------------
                                  6.52   slack (MET)


Startpoint: _360_ (rising edge-triggered flip-flop clocked by clk)
Endpoint: seg[4] (output port clocked by clk)
Path Group: clk
Path Type: max
Corner: Fastest

Fanout     Cap    Slew   Delay    Time   Description
-----------------------------------------------------------------------------
                          0.00    0.00   clock clk (rise edge)
                          0.00    0.00   clock source latency
     1    0.02    0.08    0.06    0.06 ^ clk (in)
                                         clk (net)
                  0.08    0.00    0.06 ^ clkbuf_0_clk/A (sky130_fd_sc_hd__clkbuf_16)
     4    0.05    0.05    0.12    0.18 ^ clkbuf_0_clk/X (sky130_fd_sc_hd__clkbuf_16)
                                         clknet_0_clk (net)
                  0.05    0.00    0.18 ^ clkbuf_2_3__f_clk/A (sky130_fd_sc_hd__clkbuf_16)
     8    0.04    0.05    0.11    0.29 ^ clkbuf_2_3__f_clk/X (sky130_fd_sc_hd__clkbuf_16)
                                         clknet_2_3__leaf_clk (net)
                  0.05    0.00    0.29 ^ _360_/CLK (sky130_fd_sc_hd__dfrtp_4)
     6    0.05    0.09    0.37    0.66 v _360_/Q (sky130_fd_sc_hd__dfrtp_4)
                                         decoder.digit[2] (net)
                  0.09    0.01    0.67 v _290_/B (sky130_fd_sc_hd__or3_1)
     1    0.01    0.05    0.24    0.91 v _290_/X (sky130_fd_sc_hd__or3_1)
                                         _157_ (net)
                  0.05    0.00    0.91 v _291_/A (sky130_fd_sc_hd__buf_1)
     1    0.01    0.05    0.10    1.01 v _291_/X (sky130_fd_sc_hd__buf_1)
                                         net6 (net)
                  0.05    0.00    1.01 v output6/A (sky130_fd_sc_hd__buf_2)
     1    0.04    0.06    0.13    1.14 v output6/X (sky130_fd_sc_hd__buf_2)
                                         seg[4] (net)
                  0.06    0.00    1.14 v seg[4] (out)
                                  1.14   data arrival time

                         10.00   10.00   clock clk (rise edge)
                          0.00   10.00   clock network delay (propagated)
                         -0.25    9.75   clock uncertainty
                          0.00    9.75   clock reconvergence pessimism
                         -2.00    7.75   output external delay
                                  7.75   data required time
-----------------------------------------------------------------------------
                                  7.75   data required time
                                 -1.14   data arrival time
-----------------------------------------------------------------------------
                                  6.61   slack (MET)


Startpoint: _342_ (rising edge-triggered flip-flop clocked by clk)
Endpoint: _340_ (rising edge-triggered flip-flop clocked by clk)
Path Group: clk
Path Type: max
Corner: Fastest

Fanout     Cap    Slew   Delay    Time   Description
-----------------------------------------------------------------------------
                          0.00    0.00   clock clk (rise edge)
                          0.00    0.00   clock source latency
     1    0.02    0.08    0.06    0.06 ^ clk (in)
                                         clk (net)
                  0.08    0.00    0.06 ^ clkbuf_0_clk/A (sky130_fd_sc_hd__clkbuf_16)
     4    0.05    0.05    0.12    0.18 ^ clkbuf_0_clk/X (sky130_fd_sc_hd__clkbuf_16)
                                         clknet_0_clk (net)
                  0.05    0.00    0.18 ^ clkbuf_2_1__f_clk/A (sky130_fd_sc_hd__clkbuf_16)
    11    0.04    0.04    0.11    0.29 ^ clkbuf_2_1__f_clk/X (sky130_fd_sc_hd__clkbuf_16)
                                         clknet_2_1__leaf_clk (net)
                  0.04    0.00    0.29 ^ _342_/CLK (sky130_fd_sc_hd__dfrtp_2)
     5    0.03    0.07    0.31    0.60 v _342_/Q (sky130_fd_sc_hd__dfrtp_2)
                                         one_second_counter[12] (net)
                  0.07    0.00    0.60 v _180_/C (sky130_fd_sc_hd__and4_1)
     2    0.02    0.08    0.20    0.80 v _180_/X (sky130_fd_sc_hd__and4_1)
                                         _078_ (net)
                  0.08    0.00    0.80 v _181_/D (sky130_fd_sc_hd__or4_2)
     1    0.02    0.11    0.39    1.18 v _181_/X (sky130_fd_sc_hd__or4_2)
                                         _079_ (net)
                  0.11    0.00    1.18 v _184_/A3 (sky130_fd_sc_hd__o31a_1)
     1    0.02    0.09    0.25    1.43 v _184_/X (sky130_fd_sc_hd__o31a_1)
                                         _082_ (net)
                  0.09    0.00    1.43 v _186_/A2 (sky130_fd_sc_hd__o211ai_2)
     2    0.02    0.20    0.21    1.64 ^ _186_/Y (sky130_fd_sc_hd__o211ai_2)
                                         _084_ (net)
                  0.20    0.00    1.64 ^ _187_/A2 (sky130_fd_sc_hd__a21bo_2)
     9    0.05    0.21    0.25    1.89 ^ _187_/X (sky130_fd_sc_hd__a21bo_2)
                                         _085_ (net)
                  0.21    0.00    1.89 ^ _202_/A (sky130_fd_sc_hd__clkbuf_4)
    10    0.06    0.15    0.22    2.11 ^ _202_/X (sky130_fd_sc_hd__clkbuf_4)
                                         _095_ (net)
                  0.15    0.00    2.11 ^ _225_/A (sky130_fd_sc_hd__and3_1)
     1    0.03    0.20    0.24    2.35 ^ _225_/X (sky130_fd_sc_hd__and3_1)
                                         _112_ (net)
                  0.20    0.00    2.36 ^ _226_/A (sky130_fd_sc_hd__buf_1)
     1    0.01    0.13    0.14    2.49 ^ _226_/X (sky130_fd_sc_hd__buf_1)
                                         _001_ (net)
                  0.13    0.00    2.49 ^ _340_/D (sky130_fd_sc_hd__dfrtp_4)
                                  2.49   data arrival time

                         10.00   10.00   clock clk (rise edge)
                          0.00   10.00   clock source latency
     1    0.02    0.08    0.05   10.05 ^ clk (in)
                                         clk (net)
                  0.08    0.00   10.05 ^ clkbuf_0_clk/A (sky130_fd_sc_hd__clkbuf_16)
     4    0.05    0.05    0.11   10.16 ^ clkbuf_0_clk/X (sky130_fd_sc_hd__clkbuf_16)
                                         clknet_0_clk (net)
                  0.05    0.00   10.16 ^ clkbuf_2_0__f_clk/A (sky130_fd_sc_hd__clkbuf_16)
     9    0.04    0.05    0.10   10.26 ^ clkbuf_2_0__f_clk/X (sky130_fd_sc_hd__clkbuf_16)
                                         clknet_2_0__leaf_clk (net)
                  0.05    0.00   10.26 ^ _340_/CLK (sky130_fd_sc_hd__dfrtp_4)
                         -0.25   10.01   clock uncertainty
                          0.02   10.03   clock reconvergence pessimism
                         -0.05    9.98   library setup time
                                  9.98   data required time
-----------------------------------------------------------------------------
                                  9.98   data required time
                                 -2.49   data arrival time
-----------------------------------------------------------------------------
                                  7.49   slack (MET)


Startpoint: _342_ (rising edge-triggered flip-flop clocked by clk)
Endpoint: _339_ (rising edge-triggered flip-flop clocked by clk)
Path Group: clk
Path Type: max
Corner: Fastest

Fanout     Cap    Slew   Delay    Time   Description
-----------------------------------------------------------------------------
                          0.00    0.00   clock clk (rise edge)
                          0.00    0.00   clock source latency
     1    0.02    0.08    0.06    0.06 ^ clk (in)
                                         clk (net)
                  0.08    0.00    0.06 ^ clkbuf_0_clk/A (sky130_fd_sc_hd__clkbuf_16)
     4    0.05    0.05    0.12    0.18 ^ clkbuf_0_clk/X (sky130_fd_sc_hd__clkbuf_16)
                                         clknet_0_clk (net)
                  0.05    0.00    0.18 ^ clkbuf_2_1__f_clk/A (sky130_fd_sc_hd__clkbuf_16)
    11    0.04    0.04    0.11    0.29 ^ clkbuf_2_1__f_clk/X (sky130_fd_sc_hd__clkbuf_16)
                                         clknet_2_1__leaf_clk (net)
                  0.04    0.00    0.29 ^ _342_/CLK (sky130_fd_sc_hd__dfrtp_2)
     5    0.03    0.07    0.31    0.60 v _342_/Q (sky130_fd_sc_hd__dfrtp_2)
                                         one_second_counter[12] (net)
                  0.07    0.00    0.60 v _180_/C (sky130_fd_sc_hd__and4_1)
     2    0.02    0.08    0.20    0.80 v _180_/X (sky130_fd_sc_hd__and4_1)
                                         _078_ (net)
                  0.08    0.00    0.80 v _181_/D (sky130_fd_sc_hd__or4_2)
     1    0.02    0.11    0.39    1.18 v _181_/X (sky130_fd_sc_hd__or4_2)
                                         _079_ (net)
                  0.11    0.00    1.18 v _184_/A3 (sky130_fd_sc_hd__o31a_1)
     1    0.02    0.09    0.25    1.43 v _184_/X (sky130_fd_sc_hd__o31a_1)
                                         _082_ (net)
                  0.09    0.00    1.43 v _186_/A2 (sky130_fd_sc_hd__o211ai_2)
     2    0.02    0.20    0.21    1.64 ^ _186_/Y (sky130_fd_sc_hd__o211ai_2)
                                         _084_ (net)
                  0.20    0.00    1.64 ^ _187_/A2 (sky130_fd_sc_hd__a21bo_2)
     9    0.05    0.21    0.25    1.89 ^ _187_/X (sky130_fd_sc_hd__a21bo_2)
                                         _085_ (net)
                  0.21    0.00    1.89 ^ _188_/A (sky130_fd_sc_hd__inv_2)
     2    0.02    0.07    0.07    1.96 v _188_/Y (sky130_fd_sc_hd__inv_2)
                                         _086_ (net)
                  0.07    0.00    1.96 v _189_/A (sky130_fd_sc_hd__buf_4)
    10    0.07    0.07    0.16    2.12 v _189_/X (sky130_fd_sc_hd__buf_4)
                                         _027_ (net)
                  0.07    0.00    2.12 v _222_/A (sky130_fd_sc_hd__nor3_1)
     1    0.02    0.36    0.34    2.46 ^ _222_/Y (sky130_fd_sc_hd__nor3_1)
                                         _026_ (net)
                  0.36    0.00    2.46 ^ _339_/D (sky130_fd_sc_hd__dfrtp_2)
                                  2.46   data arrival time

                         10.00   10.00   clock clk (rise edge)
                          0.00   10.00   clock source latency
     1    0.02    0.08    0.05   10.05 ^ clk (in)
                                         clk (net)
                  0.08    0.00   10.05 ^ clkbuf_0_clk/A (sky130_fd_sc_hd__clkbuf_16)
     4    0.05    0.05    0.11   10.16 ^ clkbuf_0_clk/X (sky130_fd_sc_hd__clkbuf_16)
                                         clknet_0_clk (net)
                  0.05    0.00   10.16 ^ clkbuf_2_0__f_clk/A (sky130_fd_sc_hd__clkbuf_16)
     9    0.04    0.05    0.10   10.26 ^ clkbuf_2_0__f_clk/X (sky130_fd_sc_hd__clkbuf_16)
                                         clknet_2_0__leaf_clk (net)
                  0.05    0.00   10.26 ^ _339_/CLK (sky130_fd_sc_hd__dfrtp_2)
                         -0.25   10.01   clock uncertainty
                          0.02   10.03   clock reconvergence pessimism
                         -0.07    9.96   library setup time
                                  9.96   data required time
-----------------------------------------------------------------------------
                                  9.96   data required time
                                 -2.46   data arrival time
-----------------------------------------------------------------------------
                                  7.50   slack (MET)


Startpoint: _342_ (rising edge-triggered flip-flop clocked by clk)
Endpoint: _349_ (rising edge-triggered flip-flop clocked by clk)
Path Group: clk
Path Type: max
Corner: Fastest

Fanout     Cap    Slew   Delay    Time   Description
-----------------------------------------------------------------------------
                          0.00    0.00   clock clk (rise edge)
                          0.00    0.00   clock source latency
     1    0.02    0.08    0.06    0.06 ^ clk (in)
                                         clk (net)
                  0.08    0.00    0.06 ^ clkbuf_0_clk/A (sky130_fd_sc_hd__clkbuf_16)
     4    0.05    0.05    0.12    0.18 ^ clkbuf_0_clk/X (sky130_fd_sc_hd__clkbuf_16)
                                         clknet_0_clk (net)
                  0.05    0.00    0.18 ^ clkbuf_2_1__f_clk/A (sky130_fd_sc_hd__clkbuf_16)
    11    0.04    0.04    0.11    0.29 ^ clkbuf_2_1__f_clk/X (sky130_fd_sc_hd__clkbuf_16)
                                         clknet_2_1__leaf_clk (net)
                  0.04    0.00    0.29 ^ _342_/CLK (sky130_fd_sc_hd__dfrtp_2)
     5    0.03    0.07    0.31    0.60 v _342_/Q (sky130_fd_sc_hd__dfrtp_2)
                                         one_second_counter[12] (net)
                  0.07    0.00    0.60 v _180_/C (sky130_fd_sc_hd__and4_1)
     2    0.02    0.08    0.20    0.80 v _180_/X (sky130_fd_sc_hd__and4_1)
                                         _078_ (net)
                  0.08    0.00    0.80 v _181_/D (sky130_fd_sc_hd__or4_2)
     1    0.02    0.11    0.39    1.18 v _181_/X (sky130_fd_sc_hd__or4_2)
                                         _079_ (net)
                  0.11    0.00    1.18 v _184_/A3 (sky130_fd_sc_hd__o31a_1)
     1    0.02    0.09    0.25    1.43 v _184_/X (sky130_fd_sc_hd__o31a_1)
                                         _082_ (net)
                  0.09    0.00    1.43 v _186_/A2 (sky130_fd_sc_hd__o211ai_2)
     2    0.02    0.20    0.21    1.64 ^ _186_/Y (sky130_fd_sc_hd__o211ai_2)
                                         _084_ (net)
                  0.20    0.00    1.64 ^ _187_/A2 (sky130_fd_sc_hd__a21bo_2)
     9    0.05    0.21    0.25    1.89 ^ _187_/X (sky130_fd_sc_hd__a21bo_2)
                                         _085_ (net)
                  0.21    0.00    1.89 ^ _202_/A (sky130_fd_sc_hd__clkbuf_4)
    10    0.06    0.15    0.22    2.11 ^ _202_/X (sky130_fd_sc_hd__clkbuf_4)
                                         _095_ (net)
                  0.15    0.00    2.11 ^ _260_/A (sky130_fd_sc_hd__and3_1)
     1    0.02    0.15    0.20    2.31 ^ _260_/X (sky130_fd_sc_hd__and3_1)
                                         _138_ (net)
                  0.15    0.00    2.31 ^ _261_/A (sky130_fd_sc_hd__buf_1)
     1    0.02    0.15    0.15    2.46 ^ _261_/X (sky130_fd_sc_hd__buf_1)
                                         _010_ (net)
                  0.15    0.00    2.46 ^ _349_/D (sky130_fd_sc_hd__dfrtp_2)
                                  2.46   data arrival time

                         10.00   10.00   clock clk (rise edge)
                          0.00   10.00   clock source latency
     1    0.02    0.08    0.05   10.05 ^ clk (in)
                                         clk (net)
                  0.08    0.00   10.05 ^ clkbuf_0_clk/A (sky130_fd_sc_hd__clkbuf_16)
     4    0.05    0.05    0.11   10.16 ^ clkbuf_0_clk/X (sky130_fd_sc_hd__clkbuf_16)
                                         clknet_0_clk (net)
                  0.05    0.00   10.16 ^ clkbuf_2_3__f_clk/A (sky130_fd_sc_hd__clkbuf_16)
     8    0.04    0.05    0.10   10.26 ^ clkbuf_2_3__f_clk/X (sky130_fd_sc_hd__clkbuf_16)
                                         clknet_2_3__leaf_clk (net)
                  0.05    0.00   10.26 ^ _349_/CLK (sky130_fd_sc_hd__dfrtp_2)
                         -0.25   10.01   clock uncertainty
                          0.02   10.03   clock reconvergence pessimism
                         -0.05    9.98   library setup time
                                  9.98   data required time
-----------------------------------------------------------------------------
                                  9.98   data required time
                                 -2.46   data arrival time
-----------------------------------------------------------------------------
                                  7.52   slack (MET)


Startpoint: _342_ (rising edge-triggered flip-flop clocked by clk)
Endpoint: _335_ (rising edge-triggered flip-flop clocked by clk)
Path Group: clk
Path Type: max
Corner: Fastest

Fanout     Cap    Slew   Delay    Time   Description
-----------------------------------------------------------------------------
                          0.00    0.00   clock clk (rise edge)
                          0.00    0.00   clock source latency
     1    0.02    0.08    0.06    0.06 ^ clk (in)
                                         clk (net)
                  0.08    0.00    0.06 ^ clkbuf_0_clk/A (sky130_fd_sc_hd__clkbuf_16)
     4    0.05    0.05    0.12    0.18 ^ clkbuf_0_clk/X (sky130_fd_sc_hd__clkbuf_16)
                                         clknet_0_clk (net)
                  0.05    0.00    0.18 ^ clkbuf_2_1__f_clk/A (sky130_fd_sc_hd__clkbuf_16)
    11    0.04    0.04    0.11    0.29 ^ clkbuf_2_1__f_clk/X (sky130_fd_sc_hd__clkbuf_16)
                                         clknet_2_1__leaf_clk (net)
                  0.04    0.00    0.29 ^ _342_/CLK (sky130_fd_sc_hd__dfrtp_2)
     5    0.03    0.07    0.31    0.60 v _342_/Q (sky130_fd_sc_hd__dfrtp_2)
                                         one_second_counter[12] (net)
                  0.07    0.00    0.60 v _180_/C (sky130_fd_sc_hd__and4_1)
     2    0.02    0.08    0.20    0.80 v _180_/X (sky130_fd_sc_hd__and4_1)
                                         _078_ (net)
                  0.08    0.00    0.80 v _181_/D (sky130_fd_sc_hd__or4_2)
     1    0.02    0.11    0.39    1.18 v _181_/X (sky130_fd_sc_hd__or4_2)
                                         _079_ (net)
                  0.11    0.00    1.18 v _184_/A3 (sky130_fd_sc_hd__o31a_1)
     1    0.02    0.09    0.25    1.43 v _184_/X (sky130_fd_sc_hd__o31a_1)
                                         _082_ (net)
                  0.09    0.00    1.43 v _186_/A2 (sky130_fd_sc_hd__o211ai_2)
     2    0.02    0.20    0.21    1.64 ^ _186_/Y (sky130_fd_sc_hd__o211ai_2)
                                         _084_ (net)
                  0.20    0.00    1.64 ^ _187_/A2 (sky130_fd_sc_hd__a21bo_2)
     9    0.05    0.21    0.25    1.89 ^ _187_/X (sky130_fd_sc_hd__a21bo_2)
                                         _085_ (net)
                  0.21    0.00    1.89 ^ _188_/A (sky130_fd_sc_hd__inv_2)
     2    0.02    0.07    0.07    1.96 v _188_/Y (sky130_fd_sc_hd__inv_2)
                                         _086_ (net)
                  0.07    0.00    1.96 v _189_/A (sky130_fd_sc_hd__buf_4)
    10    0.07    0.07    0.16    2.12 v _189_/X (sky130_fd_sc_hd__buf_4)
                                         _027_ (net)
                  0.07    0.00    2.12 v _209_/A (sky130_fd_sc_hd__nor3_1)
     1    0.02    0.33    0.32    2.44 ^ _209_/Y (sky130_fd_sc_hd__nor3_1)
                                         _022_ (net)
                  0.33    0.00    2.44 ^ _335_/D (sky130_fd_sc_hd__dfrtp_2)
                                  2.44   data arrival time

                         10.00   10.00   clock clk (rise edge)
                          0.00   10.00   clock source latency
     1    0.02    0.08    0.05   10.05 ^ clk (in)
                                         clk (net)
                  0.08    0.00   10.05 ^ clkbuf_0_clk/A (sky130_fd_sc_hd__clkbuf_16)
     4    0.05    0.05    0.11   10.16 ^ clkbuf_0_clk/X (sky130_fd_sc_hd__clkbuf_16)
                                         clknet_0_clk (net)
                  0.05    0.00   10.16 ^ clkbuf_2_2__f_clk/A (sky130_fd_sc_hd__clkbuf_16)
     7    0.05    0.05    0.10   10.27 ^ clkbuf_2_2__f_clk/X (sky130_fd_sc_hd__clkbuf_16)
                                         clknet_2_2__leaf_clk (net)
                  0.05    0.00   10.27 ^ _335_/CLK (sky130_fd_sc_hd__dfrtp_2)
                         -0.25   10.02   clock uncertainty
                          0.02   10.03   clock reconvergence pessimism
                         -0.07    9.97   library setup time
                                  9.97   data required time
-----------------------------------------------------------------------------
                                  9.97   data required time
                                 -2.44   data arrival time
-----------------------------------------------------------------------------
                                  7.53   slack (MET)


Startpoint: _343_ (rising edge-triggered flip-flop clocked by clk)
Endpoint: _342_ (rising edge-triggered flip-flop clocked by clk)
Path Group: clk
Path Type: max
Corner: Fastest

Fanout     Cap    Slew   Delay    Time   Description
-----------------------------------------------------------------------------
                          0.00    0.00   clock clk (rise edge)
                          0.00    0.00   clock source latency
     1    0.02    0.08    0.06    0.06 ^ clk (in)
                                         clk (net)
                  0.08    0.00    0.06 ^ clkbuf_0_clk/A (sky130_fd_sc_hd__clkbuf_16)
     4    0.05    0.05    0.12    0.18 ^ clkbuf_0_clk/X (sky130_fd_sc_hd__clkbuf_16)
                                         clknet_0_clk (net)
                  0.05    0.00    0.18 ^ clkbuf_2_0__f_clk/A (sky130_fd_sc_hd__clkbuf_16)
     9    0.04    0.05    0.11    0.29 ^ clkbuf_2_0__f_clk/X (sky130_fd_sc_hd__clkbuf_16)
                                         clknet_2_0__leaf_clk (net)
                  0.05    0.00    0.29 ^ _343_/CLK (sky130_fd_sc_hd__dfrtp_1)
     4    0.02    0.08    0.29    0.58 v _343_/Q (sky130_fd_sc_hd__dfrtp_1)
                                         one_second_counter[13] (net)
                  0.08    0.00    0.59 v _180_/D (sky130_fd_sc_hd__and4_1)
     2    0.02    0.08    0.21    0.79 v _180_/X (sky130_fd_sc_hd__and4_1)
                                         _078_ (net)
                  0.08    0.00    0.79 v _181_/D (sky130_fd_sc_hd__or4_2)
     1    0.02    0.11    0.39    1.18 v _181_/X (sky130_fd_sc_hd__or4_2)
                                         _079_ (net)
                  0.11    0.00    1.18 v _184_/A3 (sky130_fd_sc_hd__o31a_1)
     1    0.02    0.09    0.25    1.42 v _184_/X (sky130_fd_sc_hd__o31a_1)
                                         _082_ (net)
                  0.09    0.00    1.43 v _186_/A2 (sky130_fd_sc_hd__o211ai_2)
     2    0.02    0.20    0.21    1.64 ^ _186_/Y (sky130_fd_sc_hd__o211ai_2)
                                         _084_ (net)
                  0.20    0.00    1.64 ^ _187_/A2 (sky130_fd_sc_hd__a21bo_2)
     9    0.05    0.21    0.25    1.88 ^ _187_/X (sky130_fd_sc_hd__a21bo_2)
                                         _085_ (net)
                  0.21    0.00    1.89 ^ _202_/A (sky130_fd_sc_hd__clkbuf_4)
    10    0.06    0.15    0.22    2.11 ^ _202_/X (sky130_fd_sc_hd__clkbuf_4)
                                         _095_ (net)
                  0.15    0.00    2.11 ^ _232_/A (sky130_fd_sc_hd__and3_1)
     1    0.02    0.16    0.21    2.32 ^ _232_/X (sky130_fd_sc_hd__and3_1)
                                         _117_ (net)
                  0.16    0.00    2.32 ^ _233_/A (sky130_fd_sc_hd__buf_1)
     1    0.01    0.13    0.13    2.45 ^ _233_/X (sky130_fd_sc_hd__buf_1)
                                         _003_ (net)
                  0.13    0.00    2.45 ^ _342_/D (sky130_fd_sc_hd__dfrtp_2)
                                  2.45   data arrival time

                         10.00   10.00   clock clk (rise edge)
                          0.00   10.00   clock source latency
     1    0.02    0.08    0.05   10.05 ^ clk (in)
                                         clk (net)
                  0.08    0.00   10.05 ^ clkbuf_0_clk/A (sky130_fd_sc_hd__clkbuf_16)
     4    0.05    0.05    0.11   10.16 ^ clkbuf_0_clk/X (sky130_fd_sc_hd__clkbuf_16)
                                         clknet_0_clk (net)
                  0.05    0.00   10.16 ^ clkbuf_2_1__f_clk/A (sky130_fd_sc_hd__clkbuf_16)
    11    0.04    0.04    0.10   10.26 ^ clkbuf_2_1__f_clk/X (sky130_fd_sc_hd__clkbuf_16)
                                         clknet_2_1__leaf_clk (net)
                  0.04    0.00   10.26 ^ _342_/CLK (sky130_fd_sc_hd__dfrtp_2)
                         -0.25   10.01   clock uncertainty
                          0.02   10.03   clock reconvergence pessimism
                         -0.05    9.98   library setup time
                                  9.98   data required time
-----------------------------------------------------------------------------
                                  9.98   data required time
                                 -2.45   data arrival time
-----------------------------------------------------------------------------
                                  7.53   slack (MET)


Startpoint: _343_ (rising edge-triggered flip-flop clocked by clk)
Endpoint: _336_ (rising edge-triggered flip-flop clocked by clk)
Path Group: clk
Path Type: max
Corner: Fastest

Fanout     Cap    Slew   Delay    Time   Description
-----------------------------------------------------------------------------
                          0.00    0.00   clock clk (rise edge)
                          0.00    0.00   clock source latency
     1    0.02    0.08    0.06    0.06 ^ clk (in)
                                         clk (net)
                  0.08    0.00    0.06 ^ clkbuf_0_clk/A (sky130_fd_sc_hd__clkbuf_16)
     4    0.05    0.05    0.12    0.18 ^ clkbuf_0_clk/X (sky130_fd_sc_hd__clkbuf_16)
                                         clknet_0_clk (net)
                  0.05    0.00    0.18 ^ clkbuf_2_0__f_clk/A (sky130_fd_sc_hd__clkbuf_16)
     9    0.04    0.05    0.11    0.29 ^ clkbuf_2_0__f_clk/X (sky130_fd_sc_hd__clkbuf_16)
                                         clknet_2_0__leaf_clk (net)
                  0.05    0.00    0.29 ^ _343_/CLK (sky130_fd_sc_hd__dfrtp_1)
     4    0.02    0.08    0.29    0.58 v _343_/Q (sky130_fd_sc_hd__dfrtp_1)
                                         one_second_counter[13] (net)
                  0.08    0.00    0.59 v _180_/D (sky130_fd_sc_hd__and4_1)
     2    0.02    0.08    0.21    0.79 v _180_/X (sky130_fd_sc_hd__and4_1)
                                         _078_ (net)
                  0.08    0.00    0.79 v _181_/D (sky130_fd_sc_hd__or4_2)
     1    0.02    0.11    0.39    1.18 v _181_/X (sky130_fd_sc_hd__or4_2)
                                         _079_ (net)
                  0.11    0.00    1.18 v _184_/A3 (sky130_fd_sc_hd__o31a_1)
     1    0.02    0.09    0.25    1.42 v _184_/X (sky130_fd_sc_hd__o31a_1)
                                         _082_ (net)
                  0.09    0.00    1.43 v _186_/A2 (sky130_fd_sc_hd__o211ai_2)
     2    0.02    0.20    0.21    1.64 ^ _186_/Y (sky130_fd_sc_hd__o211ai_2)
                                         _084_ (net)
                  0.20    0.00    1.64 ^ _187_/A2 (sky130_fd_sc_hd__a21bo_2)
     9    0.05    0.21    0.25    1.88 ^ _187_/X (sky130_fd_sc_hd__a21bo_2)
                                         _085_ (net)
                  0.21    0.00    1.89 ^ _202_/A (sky130_fd_sc_hd__clkbuf_4)
    10    0.06    0.15    0.22    2.11 ^ _202_/X (sky130_fd_sc_hd__clkbuf_4)
                                         _095_ (net)
                  0.15    0.00    2.11 ^ _212_/A (sky130_fd_sc_hd__and3_1)
     1    0.01    0.06    0.13    2.24 ^ _212_/X (sky130_fd_sc_hd__and3_1)
                                         _103_ (net)
                  0.06    0.00    2.24 ^ _213_/A (sky130_fd_sc_hd__buf_1)
     1    0.02    0.18    0.17    2.41 ^ _213_/X (sky130_fd_sc_hd__buf_1)
                                         _023_ (net)
                  0.18    0.00    2.41 ^ _336_/D (sky130_fd_sc_hd__dfrtp_2)
                                  2.41   data arrival time

                         10.00   10.00   clock clk (rise edge)
                          0.00   10.00   clock source latency
     1    0.02    0.08    0.05   10.05 ^ clk (in)
                                         clk (net)
                  0.08    0.00   10.05 ^ clkbuf_0_clk/A (sky130_fd_sc_hd__clkbuf_16)
     4    0.05    0.05    0.11   10.16 ^ clkbuf_0_clk/X (sky130_fd_sc_hd__clkbuf_16)
                                         clknet_0_clk (net)
                  0.05    0.00   10.16 ^ clkbuf_2_1__f_clk/A (sky130_fd_sc_hd__clkbuf_16)
    11    0.04    0.04    0.10   10.26 ^ clkbuf_2_1__f_clk/X (sky130_fd_sc_hd__clkbuf_16)
                                         clknet_2_1__leaf_clk (net)
                  0.04    0.00   10.26 ^ _336_/CLK (sky130_fd_sc_hd__dfrtp_2)
                         -0.25   10.01   clock uncertainty
                          0.02   10.03   clock reconvergence pessimism
                         -0.05    9.98   library setup time
                                  9.98   data required time
-----------------------------------------------------------------------------
                                  9.98   data required time
                                 -2.41   data arrival time
-----------------------------------------------------------------------------
                                  7.57   slack (MET)


Startpoint: _342_ (rising edge-triggered flip-flop clocked by clk)
Endpoint: _354_ (rising edge-triggered flip-flop clocked by clk)
Path Group: clk
Path Type: max
Corner: Fastest

Fanout     Cap    Slew   Delay    Time   Description
-----------------------------------------------------------------------------
                          0.00    0.00   clock clk (rise edge)
                          0.00    0.00   clock source latency
     1    0.02    0.08    0.06    0.06 ^ clk (in)
                                         clk (net)
                  0.08    0.00    0.06 ^ clkbuf_0_clk/A (sky130_fd_sc_hd__clkbuf_16)
     4    0.05    0.05    0.12    0.18 ^ clkbuf_0_clk/X (sky130_fd_sc_hd__clkbuf_16)
                                         clknet_0_clk (net)
                  0.05    0.00    0.18 ^ clkbuf_2_1__f_clk/A (sky130_fd_sc_hd__clkbuf_16)
    11    0.04    0.04    0.11    0.29 ^ clkbuf_2_1__f_clk/X (sky130_fd_sc_hd__clkbuf_16)
                                         clknet_2_1__leaf_clk (net)
                  0.04    0.00    0.29 ^ _342_/CLK (sky130_fd_sc_hd__dfrtp_2)
     5    0.03    0.07    0.31    0.60 v _342_/Q (sky130_fd_sc_hd__dfrtp_2)
                                         one_second_counter[12] (net)
                  0.07    0.00    0.60 v _180_/C (sky130_fd_sc_hd__and4_1)
     2    0.02    0.08    0.20    0.80 v _180_/X (sky130_fd_sc_hd__and4_1)
                                         _078_ (net)
                  0.08    0.00    0.80 v _181_/D (sky130_fd_sc_hd__or4_2)
     1    0.02    0.11    0.39    1.18 v _181_/X (sky130_fd_sc_hd__or4_2)
                                         _079_ (net)
                  0.11    0.00    1.18 v _184_/A3 (sky130_fd_sc_hd__o31a_1)
     1    0.02    0.09    0.25    1.43 v _184_/X (sky130_fd_sc_hd__o31a_1)
                                         _082_ (net)
                  0.09    0.00    1.43 v _186_/A2 (sky130_fd_sc_hd__o211ai_2)
     2    0.02    0.20    0.21    1.64 ^ _186_/Y (sky130_fd_sc_hd__o211ai_2)
                                         _084_ (net)
                  0.20    0.00    1.64 ^ _187_/A2 (sky130_fd_sc_hd__a21bo_2)
     9    0.05    0.21    0.25    1.89 ^ _187_/X (sky130_fd_sc_hd__a21bo_2)
                                         _085_ (net)
                  0.21    0.00    1.89 ^ _188_/A (sky130_fd_sc_hd__inv_2)
     2    0.02    0.07    0.07    1.96 v _188_/Y (sky130_fd_sc_hd__inv_2)
                                         _086_ (net)
                  0.07    0.00    1.96 v _189_/A (sky130_fd_sc_hd__buf_4)
    10    0.07    0.07    0.16    2.12 v _189_/X (sky130_fd_sc_hd__buf_4)
                                         _027_ (net)
                  0.07    0.01    2.12 v _278_/A (sky130_fd_sc_hd__nor3_1)
     1    0.01    0.27    0.27    2.39 ^ _278_/Y (sky130_fd_sc_hd__nor3_1)
                                         _016_ (net)
                  0.27    0.00    2.40 ^ _354_/D (sky130_fd_sc_hd__dfrtp_4)
                                  2.40   data arrival time

                         10.00   10.00   clock clk (rise edge)
                          0.00   10.00   clock source latency
     1    0.02    0.08    0.05   10.05 ^ clk (in)
                                         clk (net)
                  0.08    0.00   10.05 ^ clkbuf_0_clk/A (sky130_fd_sc_hd__clkbuf_16)
     4    0.05    0.05    0.11   10.16 ^ clkbuf_0_clk/X (sky130_fd_sc_hd__clkbuf_16)
                                         clknet_0_clk (net)
                  0.05    0.00   10.16 ^ clkbuf_2_3__f_clk/A (sky130_fd_sc_hd__clkbuf_16)
     8    0.04    0.05    0.10   10.26 ^ clkbuf_2_3__f_clk/X (sky130_fd_sc_hd__clkbuf_16)
                                         clknet_2_3__leaf_clk (net)
                  0.05    0.00   10.26 ^ _354_/CLK (sky130_fd_sc_hd__dfrtp_4)
                         -0.25   10.01   clock uncertainty
                          0.02   10.03   clock reconvergence pessimism
                         -0.06    9.97   library setup time
                                  9.97   data required time
-----------------------------------------------------------------------------
                                  9.97   data required time
                                 -2.40   data arrival time
-----------------------------------------------------------------------------
                                  7.57   slack (MET)


Startpoint: _342_ (rising edge-triggered flip-flop clocked by clk)
Endpoint: _346_ (rising edge-triggered flip-flop clocked by clk)
Path Group: clk
Path Type: max
Corner: Fastest

Fanout     Cap    Slew   Delay    Time   Description
-----------------------------------------------------------------------------
                          0.00    0.00   clock clk (rise edge)
                          0.00    0.00   clock source latency
     1    0.02    0.08    0.06    0.06 ^ clk (in)
                                         clk (net)
                  0.08    0.00    0.06 ^ clkbuf_0_clk/A (sky130_fd_sc_hd__clkbuf_16)
     4    0.05    0.05    0.12    0.18 ^ clkbuf_0_clk/X (sky130_fd_sc_hd__clkbuf_16)
                                         clknet_0_clk (net)
                  0.05    0.00    0.18 ^ clkbuf_2_1__f_clk/A (sky130_fd_sc_hd__clkbuf_16)
    11    0.04    0.04    0.11    0.29 ^ clkbuf_2_1__f_clk/X (sky130_fd_sc_hd__clkbuf_16)
                                         clknet_2_1__leaf_clk (net)
                  0.04    0.00    0.29 ^ _342_/CLK (sky130_fd_sc_hd__dfrtp_2)
     5    0.03    0.07    0.31    0.60 v _342_/Q (sky130_fd_sc_hd__dfrtp_2)
                                         one_second_counter[12] (net)
                  0.07    0.00    0.60 v _180_/C (sky130_fd_sc_hd__and4_1)
     2    0.02    0.08    0.20    0.80 v _180_/X (sky130_fd_sc_hd__and4_1)
                                         _078_ (net)
                  0.08    0.00    0.80 v _181_/D (sky130_fd_sc_hd__or4_2)
     1    0.02    0.11    0.39    1.18 v _181_/X (sky130_fd_sc_hd__or4_2)
                                         _079_ (net)
                  0.11    0.00    1.18 v _184_/A3 (sky130_fd_sc_hd__o31a_1)
     1    0.02    0.09    0.25    1.43 v _184_/X (sky130_fd_sc_hd__o31a_1)
                                         _082_ (net)
                  0.09    0.00    1.43 v _186_/A2 (sky130_fd_sc_hd__o211ai_2)
     2    0.02    0.20    0.21    1.64 ^ _186_/Y (sky130_fd_sc_hd__o211ai_2)
                                         _084_ (net)
                  0.20    0.00    1.64 ^ _187_/A2 (sky130_fd_sc_hd__a21bo_2)
     9    0.05    0.21    0.25    1.89 ^ _187_/X (sky130_fd_sc_hd__a21bo_2)
                                         _085_ (net)
                  0.21    0.00    1.89 ^ _202_/A (sky130_fd_sc_hd__clkbuf_4)
    10    0.06    0.15    0.22    2.11 ^ _202_/X (sky130_fd_sc_hd__clkbuf_4)
                                         _095_ (net)
                  0.15    0.00    2.11 ^ _249_/A (sky130_fd_sc_hd__and3_1)
     1    0.01    0.09    0.15    2.27 ^ _249_/X (sky130_fd_sc_hd__and3_1)
                                         _130_ (net)
                  0.09    0.00    2.27 ^ _250_/A (sky130_fd_sc_hd__clkbuf_1)
     1    0.01    0.10    0.11    2.38 ^ _250_/X (sky130_fd_sc_hd__clkbuf_1)
                                         _007_ (net)
                  0.10    0.00    2.38 ^ _346_/D (sky130_fd_sc_hd__dfrtp_4)
                                  2.38   data arrival time

                         10.00   10.00   clock clk (rise edge)
                          0.00   10.00   clock source latency
     1    0.02    0.08    0.05   10.05 ^ clk (in)
                                         clk (net)
                  0.08    0.00   10.05 ^ clkbuf_0_clk/A (sky130_fd_sc_hd__clkbuf_16)
     4    0.05    0.05    0.11   10.16 ^ clkbuf_0_clk/X (sky130_fd_sc_hd__clkbuf_16)
                                         clknet_0_clk (net)
                  0.05    0.00   10.16 ^ clkbuf_2_2__f_clk/A (sky130_fd_sc_hd__clkbuf_16)
     7    0.05    0.05    0.10   10.27 ^ clkbuf_2_2__f_clk/X (sky130_fd_sc_hd__clkbuf_16)
                                         clknet_2_2__leaf_clk (net)
                  0.05    0.00   10.27 ^ _346_/CLK (sky130_fd_sc_hd__dfrtp_4)
                         -0.25   10.02   clock uncertainty
                          0.02   10.04   clock reconvergence pessimism
                         -0.04    9.99   library setup time
                                  9.99   data required time
-----------------------------------------------------------------------------
                                  9.99   data required time
                                 -2.38   data arrival time
-----------------------------------------------------------------------------
                                  7.61   slack (MET)


Startpoint: _343_ (rising edge-triggered flip-flop clocked by clk)
Endpoint: _334_ (rising edge-triggered flip-flop clocked by clk)
Path Group: clk
Path Type: max
Corner: Fastest

Fanout     Cap    Slew   Delay    Time   Description
-----------------------------------------------------------------------------
                          0.00    0.00   clock clk (rise edge)
                          0.00    0.00   clock source latency
     1    0.02    0.08    0.06    0.06 ^ clk (in)
                                         clk (net)
                  0.08    0.00    0.06 ^ clkbuf_0_clk/A (sky130_fd_sc_hd__clkbuf_16)
     4    0.05    0.05    0.12    0.18 ^ clkbuf_0_clk/X (sky130_fd_sc_hd__clkbuf_16)
                                         clknet_0_clk (net)
                  0.05    0.00    0.18 ^ clkbuf_2_0__f_clk/A (sky130_fd_sc_hd__clkbuf_16)
     9    0.04    0.05    0.11    0.29 ^ clkbuf_2_0__f_clk/X (sky130_fd_sc_hd__clkbuf_16)
                                         clknet_2_0__leaf_clk (net)
                  0.05    0.00    0.29 ^ _343_/CLK (sky130_fd_sc_hd__dfrtp_1)
     4    0.02    0.08    0.29    0.58 v _343_/Q (sky130_fd_sc_hd__dfrtp_1)
                                         one_second_counter[13] (net)
                  0.08    0.00    0.59 v _180_/D (sky130_fd_sc_hd__and4_1)
     2    0.02    0.08    0.21    0.79 v _180_/X (sky130_fd_sc_hd__and4_1)
                                         _078_ (net)
                  0.08    0.00    0.79 v _181_/D (sky130_fd_sc_hd__or4_2)
     1    0.02    0.11    0.39    1.18 v _181_/X (sky130_fd_sc_hd__or4_2)
                                         _079_ (net)
                  0.11    0.00    1.18 v _184_/A3 (sky130_fd_sc_hd__o31a_1)
     1    0.02    0.09    0.25    1.42 v _184_/X (sky130_fd_sc_hd__o31a_1)
                                         _082_ (net)
                  0.09    0.00    1.43 v _186_/A2 (sky130_fd_sc_hd__o211ai_2)
     2    0.02    0.20    0.21    1.64 ^ _186_/Y (sky130_fd_sc_hd__o211ai_2)
                                         _084_ (net)
                  0.20    0.00    1.64 ^ _187_/A2 (sky130_fd_sc_hd__a21bo_2)
     9    0.05    0.21    0.25    1.88 ^ _187_/X (sky130_fd_sc_hd__a21bo_2)
                                         _085_ (net)
                  0.21    0.00    1.89 ^ _202_/A (sky130_fd_sc_hd__clkbuf_4)
    10    0.06    0.15    0.22    2.11 ^ _202_/X (sky130_fd_sc_hd__clkbuf_4)
                                         _095_ (net)
                  0.15    0.00    2.11 ^ _205_/A (sky130_fd_sc_hd__and3_1)
     1    0.01    0.07    0.14    2.25 ^ _205_/X (sky130_fd_sc_hd__and3_1)
                                         _098_ (net)
                  0.07    0.00    2.25 ^ _206_/A (sky130_fd_sc_hd__clkbuf_1)
     1    0.01    0.11    0.12    2.37 ^ _206_/X (sky130_fd_sc_hd__clkbuf_1)
                                         _021_ (net)
                  0.11    0.00    2.37 ^ _334_/D (sky130_fd_sc_hd__dfrtp_4)
                                  2.37   data arrival time

                         10.00   10.00   clock clk (rise edge)
                          0.00   10.00   clock source latency
     1    0.02    0.08    0.05   10.05 ^ clk (in)
                                         clk (net)
                  0.08    0.00   10.05 ^ clkbuf_0_clk/A (sky130_fd_sc_hd__clkbuf_16)
     4    0.05    0.05    0.11   10.16 ^ clkbuf_0_clk/X (sky130_fd_sc_hd__clkbuf_16)
                                         clknet_0_clk (net)
                  0.05    0.00   10.16 ^ clkbuf_2_1__f_clk/A (sky130_fd_sc_hd__clkbuf_16)
    11    0.04    0.04    0.10   10.26 ^ clkbuf_2_1__f_clk/X (sky130_fd_sc_hd__clkbuf_16)
                                         clknet_2_1__leaf_clk (net)
                  0.04    0.00   10.26 ^ _334_/CLK (sky130_fd_sc_hd__dfrtp_4)
                         -0.25   10.01   clock uncertainty
                          0.02   10.03   clock reconvergence pessimism
                         -0.05    9.98   library setup time
                                  9.98   data required time
-----------------------------------------------------------------------------
                                  9.98   data required time
                                 -2.37   data arrival time
-----------------------------------------------------------------------------
                                  7.62   slack (MET)


Startpoint: _343_ (rising edge-triggered flip-flop clocked by clk)
Endpoint: _344_ (rising edge-triggered flip-flop clocked by clk)
Path Group: clk
Path Type: max
Corner: Fastest

Fanout     Cap    Slew   Delay    Time   Description
-----------------------------------------------------------------------------
                          0.00    0.00   clock clk (rise edge)
                          0.00    0.00   clock source latency
     1    0.02    0.08    0.06    0.06 ^ clk (in)
                                         clk (net)
                  0.08    0.00    0.06 ^ clkbuf_0_clk/A (sky130_fd_sc_hd__clkbuf_16)
     4    0.05    0.05    0.12    0.18 ^ clkbuf_0_clk/X (sky130_fd_sc_hd__clkbuf_16)
                                         clknet_0_clk (net)
                  0.05    0.00    0.18 ^ clkbuf_2_0__f_clk/A (sky130_fd_sc_hd__clkbuf_16)
     9    0.04    0.05    0.11    0.29 ^ clkbuf_2_0__f_clk/X (sky130_fd_sc_hd__clkbuf_16)
                                         clknet_2_0__leaf_clk (net)
                  0.05    0.00    0.29 ^ _343_/CLK (sky130_fd_sc_hd__dfrtp_1)
     4    0.02    0.08    0.29    0.58 v _343_/Q (sky130_fd_sc_hd__dfrtp_1)
                                         one_second_counter[13] (net)
                  0.08    0.00    0.59 v _180_/D (sky130_fd_sc_hd__and4_1)
     2    0.02    0.08    0.21    0.79 v _180_/X (sky130_fd_sc_hd__and4_1)
                                         _078_ (net)
                  0.08    0.00    0.79 v _181_/D (sky130_fd_sc_hd__or4_2)
     1    0.02    0.11    0.39    1.18 v _181_/X (sky130_fd_sc_hd__or4_2)
                                         _079_ (net)
                  0.11    0.00    1.18 v _184_/A3 (sky130_fd_sc_hd__o31a_1)
     1    0.02    0.09    0.25    1.42 v _184_/X (sky130_fd_sc_hd__o31a_1)
                                         _082_ (net)
                  0.09    0.00    1.43 v _186_/A2 (sky130_fd_sc_hd__o211ai_2)
     2    0.02    0.20    0.21    1.64 ^ _186_/Y (sky130_fd_sc_hd__o211ai_2)
                                         _084_ (net)
                  0.20    0.00    1.64 ^ _187_/A2 (sky130_fd_sc_hd__a21bo_2)
     9    0.05    0.21    0.25    1.88 ^ _187_/X (sky130_fd_sc_hd__a21bo_2)
                                         _085_ (net)
                  0.21    0.00    1.89 ^ _202_/A (sky130_fd_sc_hd__clkbuf_4)
    10    0.06    0.15    0.22    2.11 ^ _202_/X (sky130_fd_sc_hd__clkbuf_4)
                                         _095_ (net)
                  0.15    0.00    2.11 ^ _241_/A (sky130_fd_sc_hd__and3_1)
     1    0.01    0.08    0.15    2.26 ^ _241_/X (sky130_fd_sc_hd__and3_1)
                                         _124_ (net)
                  0.08    0.00    2.26 ^ _242_/A (sky130_fd_sc_hd__clkbuf_1)
     1    0.01    0.10    0.11    2.37 ^ _242_/X (sky130_fd_sc_hd__clkbuf_1)
                                         _005_ (net)
                  0.10    0.00    2.37 ^ _344_/D (sky130_fd_sc_hd__dfrtp_1)
                                  2.37   data arrival time

                         10.00   10.00   clock clk (rise edge)
                          0.00   10.00   clock source latency
     1    0.02    0.08    0.05   10.05 ^ clk (in)
                                         clk (net)
                  0.08    0.00   10.05 ^ clkbuf_0_clk/A (sky130_fd_sc_hd__clkbuf_16)
     4    0.05    0.05    0.11   10.16 ^ clkbuf_0_clk/X (sky130_fd_sc_hd__clkbuf_16)
                                         clknet_0_clk (net)
                  0.05    0.00   10.16 ^ clkbuf_2_1__f_clk/A (sky130_fd_sc_hd__clkbuf_16)
    11    0.04    0.04    0.10   10.26 ^ clkbuf_2_1__f_clk/X (sky130_fd_sc_hd__clkbuf_16)
                                         clknet_2_1__leaf_clk (net)
                  0.04    0.00   10.26 ^ _344_/CLK (sky130_fd_sc_hd__dfrtp_1)
                         -0.25   10.01   clock uncertainty
                          0.02   10.03   clock reconvergence pessimism
                         -0.04    9.99   library setup time
                                  9.99   data required time
-----------------------------------------------------------------------------
                                  9.99   data required time
                                 -2.37   data arrival time
-----------------------------------------------------------------------------
                                  7.62   slack (MET)


Startpoint: _342_ (rising edge-triggered flip-flop clocked by clk)
Endpoint: _343_ (rising edge-triggered flip-flop clocked by clk)
Path Group: clk
Path Type: max
Corner: Fastest

Fanout     Cap    Slew   Delay    Time   Description
-----------------------------------------------------------------------------
                          0.00    0.00   clock clk (rise edge)
                          0.00    0.00   clock source latency
     1    0.02    0.08    0.06    0.06 ^ clk (in)
                                         clk (net)
                  0.08    0.00    0.06 ^ clkbuf_0_clk/A (sky130_fd_sc_hd__clkbuf_16)
     4    0.05    0.05    0.12    0.18 ^ clkbuf_0_clk/X (sky130_fd_sc_hd__clkbuf_16)
                                         clknet_0_clk (net)
                  0.05    0.00    0.18 ^ clkbuf_2_1__f_clk/A (sky130_fd_sc_hd__clkbuf_16)
    11    0.04    0.04    0.11    0.29 ^ clkbuf_2_1__f_clk/X (sky130_fd_sc_hd__clkbuf_16)
                                         clknet_2_1__leaf_clk (net)
                  0.04    0.00    0.29 ^ _342_/CLK (sky130_fd_sc_hd__dfrtp_2)
     5    0.03    0.07    0.31    0.60 v _342_/Q (sky130_fd_sc_hd__dfrtp_2)
                                         one_second_counter[12] (net)
                  0.07    0.00    0.60 v _180_/C (sky130_fd_sc_hd__and4_1)
     2    0.02    0.08    0.20    0.80 v _180_/X (sky130_fd_sc_hd__and4_1)
                                         _078_ (net)
                  0.08    0.00    0.80 v _181_/D (sky130_fd_sc_hd__or4_2)
     1    0.02    0.11    0.39    1.18 v _181_/X (sky130_fd_sc_hd__or4_2)
                                         _079_ (net)
                  0.11    0.00    1.18 v _184_/A3 (sky130_fd_sc_hd__o31a_1)
     1    0.02    0.09    0.25    1.43 v _184_/X (sky130_fd_sc_hd__o31a_1)
                                         _082_ (net)
                  0.09    0.00    1.43 v _186_/A2 (sky130_fd_sc_hd__o211ai_2)
     2    0.02    0.20    0.21    1.64 ^ _186_/Y (sky130_fd_sc_hd__o211ai_2)
                                         _084_ (net)
                  0.20    0.00    1.64 ^ _187_/A2 (sky130_fd_sc_hd__a21bo_2)
     9    0.05    0.21    0.25    1.89 ^ _187_/X (sky130_fd_sc_hd__a21bo_2)
                                         _085_ (net)
                  0.21    0.00    1.89 ^ _202_/A (sky130_fd_sc_hd__clkbuf_4)
    10    0.06    0.15    0.22    2.11 ^ _202_/X (sky130_fd_sc_hd__clkbuf_4)
                                         _095_ (net)
                  0.15    0.00    2.11 ^ _236_/A (sky130_fd_sc_hd__and3_1)
     1    0.01    0.08    0.15    2.26 ^ _236_/X (sky130_fd_sc_hd__and3_1)
                                         _120_ (net)
                  0.08    0.00    2.26 ^ _237_/A (sky130_fd_sc_hd__clkbuf_1)
     1    0.01    0.06    0.08    2.34 ^ _237_/X (sky130_fd_sc_hd__clkbuf_1)
                                         _004_ (net)
                  0.06    0.00    2.34 ^ _343_/D (sky130_fd_sc_hd__dfrtp_1)
                                  2.34   data arrival time

                         10.00   10.00   clock clk (rise edge)
                          0.00   10.00   clock source latency
     1    0.02    0.08    0.05   10.05 ^ clk (in)
                                         clk (net)
                  0.08    0.00   10.05 ^ clkbuf_0_clk/A (sky130_fd_sc_hd__clkbuf_16)
     4    0.05    0.05    0.11   10.16 ^ clkbuf_0_clk/X (sky130_fd_sc_hd__clkbuf_16)
                                         clknet_0_clk (net)
                  0.05    0.00   10.16 ^ clkbuf_2_0__f_clk/A (sky130_fd_sc_hd__clkbuf_16)
     9    0.04    0.05    0.10   10.26 ^ clkbuf_2_0__f_clk/X (sky130_fd_sc_hd__clkbuf_16)
                                         clknet_2_0__leaf_clk (net)
                  0.05    0.00   10.26 ^ _343_/CLK (sky130_fd_sc_hd__dfrtp_1)
                         -0.25   10.01   clock uncertainty
                          0.02   10.03   clock reconvergence pessimism
                         -0.04   10.00   library setup time
                                 10.00   data required time
-----------------------------------------------------------------------------
                                 10.00   data required time
                                 -2.34   data arrival time
-----------------------------------------------------------------------------
                                  7.66   slack (MET)


Startpoint: _342_ (rising edge-triggered flip-flop clocked by clk)
Endpoint: _345_ (rising edge-triggered flip-flop clocked by clk)
Path Group: clk
Path Type: max
Corner: Fastest

Fanout     Cap    Slew   Delay    Time   Description
-----------------------------------------------------------------------------
                          0.00    0.00   clock clk (rise edge)
                          0.00    0.00   clock source latency
     1    0.02    0.08    0.06    0.06 ^ clk (in)
                                         clk (net)
                  0.08    0.00    0.06 ^ clkbuf_0_clk/A (sky130_fd_sc_hd__clkbuf_16)
     4    0.05    0.05    0.12    0.18 ^ clkbuf_0_clk/X (sky130_fd_sc_hd__clkbuf_16)
                                         clknet_0_clk (net)
                  0.05    0.00    0.18 ^ clkbuf_2_1__f_clk/A (sky130_fd_sc_hd__clkbuf_16)
    11    0.04    0.04    0.11    0.29 ^ clkbuf_2_1__f_clk/X (sky130_fd_sc_hd__clkbuf_16)
                                         clknet_2_1__leaf_clk (net)
                  0.04    0.00    0.29 ^ _342_/CLK (sky130_fd_sc_hd__dfrtp_2)
     5    0.03    0.07    0.31    0.60 v _342_/Q (sky130_fd_sc_hd__dfrtp_2)
                                         one_second_counter[12] (net)
                  0.07    0.00    0.60 v _180_/C (sky130_fd_sc_hd__and4_1)
     2    0.02    0.08    0.20    0.80 v _180_/X (sky130_fd_sc_hd__and4_1)
                                         _078_ (net)
                  0.08    0.00    0.80 v _181_/D (sky130_fd_sc_hd__or4_2)
     1    0.02    0.11    0.39    1.18 v _181_/X (sky130_fd_sc_hd__or4_2)
                                         _079_ (net)
                  0.11    0.00    1.18 v _184_/A3 (sky130_fd_sc_hd__o31a_1)
     1    0.02    0.09    0.25    1.43 v _184_/X (sky130_fd_sc_hd__o31a_1)
                                         _082_ (net)
                  0.09    0.00    1.43 v _186_/A2 (sky130_fd_sc_hd__o211ai_2)
     2    0.02    0.20    0.21    1.64 ^ _186_/Y (sky130_fd_sc_hd__o211ai_2)
                                         _084_ (net)
                  0.20    0.00    1.64 ^ _187_/A2 (sky130_fd_sc_hd__a21bo_2)
     9    0.05    0.21    0.25    1.89 ^ _187_/X (sky130_fd_sc_hd__a21bo_2)
                                         _085_ (net)
                  0.21    0.00    1.89 ^ _188_/A (sky130_fd_sc_hd__inv_2)
     2    0.02    0.07    0.07    1.96 v _188_/Y (sky130_fd_sc_hd__inv_2)
                                         _086_ (net)
                  0.07    0.00    1.96 v _189_/A (sky130_fd_sc_hd__buf_4)
    10    0.07    0.07    0.16    2.12 v _189_/X (sky130_fd_sc_hd__buf_4)
                                         _027_ (net)
                  0.07    0.00    2.12 v _246_/C1 (sky130_fd_sc_hd__a211oi_2)
     1    0.02    0.27    0.19    2.31 ^ _246_/Y (sky130_fd_sc_hd__a211oi_2)
                                         _006_ (net)
                  0.27    0.00    2.31 ^ _345_/D (sky130_fd_sc_hd__dfrtp_2)
                                  2.31   data arrival time

                         10.00   10.00   clock clk (rise edge)
                          0.00   10.00   clock source latency
     1    0.02    0.08    0.05   10.05 ^ clk (in)
                                         clk (net)
                  0.08    0.00   10.05 ^ clkbuf_0_clk/A (sky130_fd_sc_hd__clkbuf_16)
     4    0.05    0.05    0.11   10.16 ^ clkbuf_0_clk/X (sky130_fd_sc_hd__clkbuf_16)
                                         clknet_0_clk (net)
                  0.05    0.00   10.16 ^ clkbuf_2_3__f_clk/A (sky130_fd_sc_hd__clkbuf_16)
     8    0.04    0.05    0.10   10.26 ^ clkbuf_2_3__f_clk/X (sky130_fd_sc_hd__clkbuf_16)
                                         clknet_2_3__leaf_clk (net)
                  0.05    0.00   10.26 ^ _345_/CLK (sky130_fd_sc_hd__dfrtp_2)
                         -0.25   10.01   clock uncertainty
                          0.02   10.03   clock reconvergence pessimism
                         -0.06    9.97   library setup time
                                  9.97   data required time
-----------------------------------------------------------------------------
                                  9.97   data required time
                                 -2.31   data arrival time
-----------------------------------------------------------------------------
                                  7.66   slack (MET)


Startpoint: rst (input port clocked by clk)
Endpoint: _340_ (recovery check against rising-edge clock clk)
Path Group: asynchronous
Path Type: max
Corner: Fastest

Fanout     Cap    Slew   Delay    Time   Description
-----------------------------------------------------------------------------
                          0.00    0.00   clock clk (rise edge)
                          0.00    0.00   clock network delay (propagated)
                          2.00    2.00 v input external delay
     1    0.00    0.00    0.00    2.00 v rst (in)
                                         rst (net)
                  0.00    0.00    2.00 v input1/A (sky130_fd_sc_hd__clkbuf_4)
     5    0.07    0.10    0.15    2.16 v input1/X (sky130_fd_sc_hd__clkbuf_4)
                                         net1 (net)
                  0.10    0.00    2.16 v _306_/A (sky130_fd_sc_hd__clkbuf_8)
    10    0.08    0.07    0.17    2.33 v _306_/X (sky130_fd_sc_hd__clkbuf_8)
                                         _160_ (net)
                  0.07    0.01    2.34 v _307_/A (sky130_fd_sc_hd__inv_2)
     1    0.03    0.12    0.12    2.46 ^ _307_/Y (sky130_fd_sc_hd__inv_2)
                                         _038_ (net)
                  0.12    0.00    2.46 ^ _340_/RESET_B (sky130_fd_sc_hd__dfrtp_4)
                                  2.46   data arrival time

                         10.00   10.00   clock clk (rise edge)
                          0.00   10.00   clock source latency
     1    0.02    0.08    0.05   10.05 ^ clk (in)
                                         clk (net)
                  0.08    0.00   10.05 ^ clkbuf_0_clk/A (sky130_fd_sc_hd__clkbuf_16)
     4    0.05    0.05    0.11   10.16 ^ clkbuf_0_clk/X (sky130_fd_sc_hd__clkbuf_16)
                                         clknet_0_clk (net)
                  0.05    0.00   10.16 ^ clkbuf_2_0__f_clk/A (sky130_fd_sc_hd__clkbuf_16)
     9    0.04    0.05    0.10   10.26 ^ clkbuf_2_0__f_clk/X (sky130_fd_sc_hd__clkbuf_16)
                                         clknet_2_0__leaf_clk (net)
                  0.05    0.00   10.26 ^ _340_/CLK (sky130_fd_sc_hd__dfrtp_4)
                         -0.25   10.01   clock uncertainty
                          0.00   10.01   clock reconvergence pessimism
                          0.11   10.12   library recovery time
                                 10.12   data required time
-----------------------------------------------------------------------------
                                 10.12   data required time
                                 -2.46   data arrival time
-----------------------------------------------------------------------------
                                  7.66   slack (MET)


Startpoint: _342_ (rising edge-triggered flip-flop clocked by clk)
Endpoint: _341_ (rising edge-triggered flip-flop clocked by clk)
Path Group: clk
Path Type: max
Corner: Fastest

Fanout     Cap    Slew   Delay    Time   Description
-----------------------------------------------------------------------------
                          0.00    0.00   clock clk (rise edge)
                          0.00    0.00   clock source latency
     1    0.02    0.08    0.06    0.06 ^ clk (in)
                                         clk (net)
                  0.08    0.00    0.06 ^ clkbuf_0_clk/A (sky130_fd_sc_hd__clkbuf_16)
     4    0.05    0.05    0.12    0.18 ^ clkbuf_0_clk/X (sky130_fd_sc_hd__clkbuf_16)
                                         clknet_0_clk (net)
                  0.05    0.00    0.18 ^ clkbuf_2_1__f_clk/A (sky130_fd_sc_hd__clkbuf_16)
    11    0.04    0.04    0.11    0.29 ^ clkbuf_2_1__f_clk/X (sky130_fd_sc_hd__clkbuf_16)
                                         clknet_2_1__leaf_clk (net)
                  0.04    0.00    0.29 ^ _342_/CLK (sky130_fd_sc_hd__dfrtp_2)
     5    0.03    0.07    0.31    0.60 v _342_/Q (sky130_fd_sc_hd__dfrtp_2)
                                         one_second_counter[12] (net)
                  0.07    0.00    0.60 v _180_/C (sky130_fd_sc_hd__and4_1)
     2    0.02    0.08    0.20    0.80 v _180_/X (sky130_fd_sc_hd__and4_1)
                                         _078_ (net)
                  0.08    0.00    0.80 v _181_/D (sky130_fd_sc_hd__or4_2)
     1    0.02    0.11    0.39    1.18 v _181_/X (sky130_fd_sc_hd__or4_2)
                                         _079_ (net)
                  0.11    0.00    1.18 v _184_/A3 (sky130_fd_sc_hd__o31a_1)
     1    0.02    0.09    0.25    1.43 v _184_/X (sky130_fd_sc_hd__o31a_1)
                                         _082_ (net)
                  0.09    0.00    1.43 v _186_/A2 (sky130_fd_sc_hd__o211ai_2)
     2    0.02    0.20    0.21    1.64 ^ _186_/Y (sky130_fd_sc_hd__o211ai_2)
                                         _084_ (net)
                  0.20    0.00    1.64 ^ _187_/A2 (sky130_fd_sc_hd__a21bo_2)
     9    0.05    0.21    0.25    1.89 ^ _187_/X (sky130_fd_sc_hd__a21bo_2)
                                         _085_ (net)
                  0.21    0.00    1.89 ^ _188_/A (sky130_fd_sc_hd__inv_2)
     2    0.02    0.07    0.07    1.96 v _188_/Y (sky130_fd_sc_hd__inv_2)
                                         _086_ (net)
                  0.07    0.00    1.96 v _189_/A (sky130_fd_sc_hd__buf_4)
    10    0.07    0.07    0.16    2.12 v _189_/X (sky130_fd_sc_hd__buf_4)
                                         _027_ (net)
                  0.07    0.00    2.12 v _229_/A (sky130_fd_sc_hd__nor3_1)
     1    0.01    0.17    0.19    2.31 ^ _229_/Y (sky130_fd_sc_hd__nor3_1)
                                         _002_ (net)
                  0.17    0.00    2.31 ^ _341_/D (sky130_fd_sc_hd__dfrtp_4)
                                  2.31   data arrival time

                         10.00   10.00   clock clk (rise edge)
                          0.00   10.00   clock source latency
     1    0.02    0.08    0.05   10.05 ^ clk (in)
                                         clk (net)
                  0.08    0.00   10.05 ^ clkbuf_0_clk/A (sky130_fd_sc_hd__clkbuf_16)
     4    0.05    0.05    0.11   10.16 ^ clkbuf_0_clk/X (sky130_fd_sc_hd__clkbuf_16)
                                         clknet_0_clk (net)
                  0.05    0.00   10.16 ^ clkbuf_2_0__f_clk/A (sky130_fd_sc_hd__clkbuf_16)
     9    0.04    0.05    0.10   10.26 ^ clkbuf_2_0__f_clk/X (sky130_fd_sc_hd__clkbuf_16)
                                         clknet_2_0__leaf_clk (net)
                  0.05    0.00   10.26 ^ _341_/CLK (sky130_fd_sc_hd__dfrtp_4)
                         -0.25   10.01   clock uncertainty
                          0.02   10.03   clock reconvergence pessimism
                         -0.05    9.98   library setup time
                                  9.98   data required time
-----------------------------------------------------------------------------
                                  9.98   data required time
                                 -2.31   data arrival time
-----------------------------------------------------------------------------
                                  7.67   slack (MET)


Startpoint: _342_ (rising edge-triggered flip-flop clocked by clk)
Endpoint: _351_ (rising edge-triggered flip-flop clocked by clk)
Path Group: clk
Path Type: max
Corner: Fastest

Fanout     Cap    Slew   Delay    Time   Description
-----------------------------------------------------------------------------
                          0.00    0.00   clock clk (rise edge)
                          0.00    0.00   clock source latency
     1    0.02    0.08    0.06    0.06 ^ clk (in)
                                         clk (net)
                  0.08    0.00    0.06 ^ clkbuf_0_clk/A (sky130_fd_sc_hd__clkbuf_16)
     4    0.05    0.05    0.12    0.18 ^ clkbuf_0_clk/X (sky130_fd_sc_hd__clkbuf_16)
                                         clknet_0_clk (net)
                  0.05    0.00    0.18 ^ clkbuf_2_1__f_clk/A (sky130_fd_sc_hd__clkbuf_16)
    11    0.04    0.04    0.11    0.29 ^ clkbuf_2_1__f_clk/X (sky130_fd_sc_hd__clkbuf_16)
                                         clknet_2_1__leaf_clk (net)
                  0.04    0.00    0.29 ^ _342_/CLK (sky130_fd_sc_hd__dfrtp_2)
     5    0.03    0.07    0.31    0.60 v _342_/Q (sky130_fd_sc_hd__dfrtp_2)
                                         one_second_counter[12] (net)
                  0.07    0.00    0.60 v _180_/C (sky130_fd_sc_hd__and4_1)
     2    0.02    0.08    0.20    0.80 v _180_/X (sky130_fd_sc_hd__and4_1)
                                         _078_ (net)
                  0.08    0.00    0.80 v _181_/D (sky130_fd_sc_hd__or4_2)
     1    0.02    0.11    0.39    1.18 v _181_/X (sky130_fd_sc_hd__or4_2)
                                         _079_ (net)
                  0.11    0.00    1.18 v _184_/A3 (sky130_fd_sc_hd__o31a_1)
     1    0.02    0.09    0.25    1.43 v _184_/X (sky130_fd_sc_hd__o31a_1)
                                         _082_ (net)
                  0.09    0.00    1.43 v _186_/A2 (sky130_fd_sc_hd__o211ai_2)
     2    0.02    0.20    0.21    1.64 ^ _186_/Y (sky130_fd_sc_hd__o211ai_2)
                                         _084_ (net)
                  0.20    0.00    1.64 ^ _187_/A2 (sky130_fd_sc_hd__a21bo_2)
     9    0.05    0.21    0.25    1.89 ^ _187_/X (sky130_fd_sc_hd__a21bo_2)
                                         _085_ (net)
                  0.21    0.00    1.89 ^ _188_/A (sky130_fd_sc_hd__inv_2)
     2    0.02    0.07    0.07    1.96 v _188_/Y (sky130_fd_sc_hd__inv_2)
                                         _086_ (net)
                  0.07    0.00    1.96 v _189_/A (sky130_fd_sc_hd__buf_4)
    10    0.07    0.07    0.16    2.12 v _189_/X (sky130_fd_sc_hd__buf_4)
                                         _027_ (net)
                  0.07    0.00    2.12 v _268_/C1 (sky130_fd_sc_hd__a211oi_2)
     1    0.02    0.26    0.18    2.30 ^ _268_/Y (sky130_fd_sc_hd__a211oi_2)
                                         _013_ (net)
                  0.26    0.00    2.30 ^ _351_/D (sky130_fd_sc_hd__dfrtp_2)
                                  2.30   data arrival time

                         10.00   10.00   clock clk (rise edge)
                          0.00   10.00   clock source latency
     1    0.02    0.08    0.05   10.05 ^ clk (in)
                                         clk (net)
                  0.08    0.00   10.05 ^ clkbuf_0_clk/A (sky130_fd_sc_hd__clkbuf_16)
     4    0.05    0.05    0.11   10.16 ^ clkbuf_0_clk/X (sky130_fd_sc_hd__clkbuf_16)
                                         clknet_0_clk (net)
                  0.05    0.00   10.16 ^ clkbuf_2_2__f_clk/A (sky130_fd_sc_hd__clkbuf_16)
     7    0.05    0.05    0.10   10.27 ^ clkbuf_2_2__f_clk/X (sky130_fd_sc_hd__clkbuf_16)
                                         clknet_2_2__leaf_clk (net)
                  0.05    0.00   10.27 ^ _351_/CLK (sky130_fd_sc_hd__dfrtp_2)
                         -0.25   10.02   clock uncertainty
                          0.02   10.03   clock reconvergence pessimism
                         -0.06    9.98   library setup time
                                  9.98   data required time
-----------------------------------------------------------------------------
                                  9.98   data required time
                                 -2.30   data arrival time
-----------------------------------------------------------------------------
                                  7.68   slack (MET)


Startpoint: rst (input port clocked by clk)
Endpoint: _336_ (recovery check against rising-edge clock clk)
Path Group: asynchronous
Path Type: max
Corner: Fastest

Fanout     Cap    Slew   Delay    Time   Description
-----------------------------------------------------------------------------
                          0.00    0.00   clock clk (rise edge)
                          0.00    0.00   clock network delay (propagated)
                          2.00    2.00 v input external delay
     1    0.00    0.00    0.00    2.00 v rst (in)
                                         rst (net)
                  0.00    0.00    2.00 v input1/A (sky130_fd_sc_hd__clkbuf_4)
     5    0.07    0.10    0.15    2.16 v input1/X (sky130_fd_sc_hd__clkbuf_4)
                                         net1 (net)
                  0.10    0.00    2.16 v _295_/A (sky130_fd_sc_hd__buf_4)
    10    0.08    0.08    0.18    2.34 v _295_/X (sky130_fd_sc_hd__buf_4)
                                         _159_ (net)
                  0.08    0.00    2.34 v _302_/A (sky130_fd_sc_hd__inv_2)
     1    0.02    0.09    0.10    2.44 ^ _302_/Y (sky130_fd_sc_hd__inv_2)
                                         _034_ (net)
                  0.09    0.00    2.44 ^ _336_/RESET_B (sky130_fd_sc_hd__dfrtp_2)
                                  2.44   data arrival time

                         10.00   10.00   clock clk (rise edge)
                          0.00   10.00   clock source latency
     1    0.02    0.08    0.05   10.05 ^ clk (in)
                                         clk (net)
                  0.08    0.00   10.05 ^ clkbuf_0_clk/A (sky130_fd_sc_hd__clkbuf_16)
     4    0.05    0.05    0.11   10.16 ^ clkbuf_0_clk/X (sky130_fd_sc_hd__clkbuf_16)
                                         clknet_0_clk (net)
                  0.05    0.00   10.16 ^ clkbuf_2_1__f_clk/A (sky130_fd_sc_hd__clkbuf_16)
    11    0.04    0.04    0.10   10.26 ^ clkbuf_2_1__f_clk/X (sky130_fd_sc_hd__clkbuf_16)
                                         clknet_2_1__leaf_clk (net)
                  0.04    0.00   10.26 ^ _336_/CLK (sky130_fd_sc_hd__dfrtp_2)
                         -0.25   10.01   clock uncertainty
                          0.00   10.01   clock reconvergence pessimism
                          0.12   10.13   library recovery time
                                 10.13   data required time
-----------------------------------------------------------------------------
                                 10.13   data required time
                                 -2.44   data arrival time
-----------------------------------------------------------------------------
                                  7.69   slack (MET)


Startpoint: rst (input port clocked by clk)
Endpoint: _330_ (recovery check against rising-edge clock clk)
Path Group: asynchronous
Path Type: max
Corner: Fastest

Fanout     Cap    Slew   Delay    Time   Description
-----------------------------------------------------------------------------
                          0.00    0.00   clock clk (rise edge)
                          0.00    0.00   clock network delay (propagated)
                          2.00    2.00 v input external delay
     1    0.00    0.00    0.00    2.00 v rst (in)
                                         rst (net)
                  0.00    0.00    2.00 v input1/A (sky130_fd_sc_hd__clkbuf_4)
     5    0.07    0.10    0.15    2.16 v input1/X (sky130_fd_sc_hd__clkbuf_4)
                                         net1 (net)
                  0.10    0.00    2.16 v _295_/A (sky130_fd_sc_hd__buf_4)
    10    0.08    0.08    0.18    2.34 v _295_/X (sky130_fd_sc_hd__buf_4)
                                         _159_ (net)
                  0.08    0.00    2.34 v _296_/A (sky130_fd_sc_hd__inv_2)
     1    0.02    0.07    0.09    2.43 ^ _296_/Y (sky130_fd_sc_hd__inv_2)
                                         _028_ (net)
                  0.07    0.00    2.43 ^ _330_/RESET_B (sky130_fd_sc_hd__dfrtp_4)
                                  2.43   data arrival time

                         10.00   10.00   clock clk (rise edge)
                          0.00   10.00   clock source latency
     1    0.02    0.08    0.05   10.05 ^ clk (in)
                                         clk (net)
                  0.08    0.00   10.05 ^ clkbuf_0_clk/A (sky130_fd_sc_hd__clkbuf_16)
     4    0.05    0.05    0.11   10.16 ^ clkbuf_0_clk/X (sky130_fd_sc_hd__clkbuf_16)
                                         clknet_0_clk (net)
                  0.05    0.00   10.16 ^ clkbuf_2_1__f_clk/A (sky130_fd_sc_hd__clkbuf_16)
    11    0.04    0.04    0.10   10.26 ^ clkbuf_2_1__f_clk/X (sky130_fd_sc_hd__clkbuf_16)
                                         clknet_2_1__leaf_clk (net)
                  0.04    0.00   10.26 ^ _330_/CLK (sky130_fd_sc_hd__dfrtp_4)
                         -0.25   10.01   clock uncertainty
                          0.00   10.01   clock reconvergence pessimism
                          0.12   10.13   library recovery time
                                 10.13   data required time
-----------------------------------------------------------------------------
                                 10.13   data required time
                                 -2.43   data arrival time
-----------------------------------------------------------------------------
                                  7.70   slack (MET)


Startpoint: _343_ (rising edge-triggered flip-flop clocked by clk)
Endpoint: _353_ (rising edge-triggered flip-flop clocked by clk)
Path Group: clk
Path Type: max
Corner: Fastest

Fanout     Cap    Slew   Delay    Time   Description
-----------------------------------------------------------------------------
                          0.00    0.00   clock clk (rise edge)
                          0.00    0.00   clock source latency
     1    0.02    0.08    0.06    0.06 ^ clk (in)
                                         clk (net)
                  0.08    0.00    0.06 ^ clkbuf_0_clk/A (sky130_fd_sc_hd__clkbuf_16)
     4    0.05    0.05    0.12    0.18 ^ clkbuf_0_clk/X (sky130_fd_sc_hd__clkbuf_16)
                                         clknet_0_clk (net)
                  0.05    0.00    0.18 ^ clkbuf_2_0__f_clk/A (sky130_fd_sc_hd__clkbuf_16)
     9    0.04    0.05    0.11    0.29 ^ clkbuf_2_0__f_clk/X (sky130_fd_sc_hd__clkbuf_16)
                                         clknet_2_0__leaf_clk (net)
                  0.05    0.00    0.29 ^ _343_/CLK (sky130_fd_sc_hd__dfrtp_1)
     4    0.02    0.08    0.29    0.58 v _343_/Q (sky130_fd_sc_hd__dfrtp_1)
                                         one_second_counter[13] (net)
                  0.08    0.00    0.59 v _180_/D (sky130_fd_sc_hd__and4_1)
     2    0.02    0.08    0.21    0.79 v _180_/X (sky130_fd_sc_hd__and4_1)
                                         _078_ (net)
                  0.08    0.00    0.79 v _181_/D (sky130_fd_sc_hd__or4_2)
     1    0.02    0.11    0.39    1.18 v _181_/X (sky130_fd_sc_hd__or4_2)
                                         _079_ (net)
                  0.11    0.00    1.18 v _184_/A3 (sky130_fd_sc_hd__o31a_1)
     1    0.02    0.09    0.25    1.42 v _184_/X (sky130_fd_sc_hd__o31a_1)
                                         _082_ (net)
                  0.09    0.00    1.43 v _186_/A2 (sky130_fd_sc_hd__o211ai_2)
     2    0.02    0.20    0.21    1.64 ^ _186_/Y (sky130_fd_sc_hd__o211ai_2)
                                         _084_ (net)
                  0.20    0.00    1.64 ^ _187_/A2 (sky130_fd_sc_hd__a21bo_2)
     9    0.05    0.21    0.25    1.88 ^ _187_/X (sky130_fd_sc_hd__a21bo_2)
                                         _085_ (net)
                  0.21    0.00    1.89 ^ _188_/A (sky130_fd_sc_hd__inv_2)
     2    0.02    0.07    0.07    1.95 v _188_/Y (sky130_fd_sc_hd__inv_2)
                                         _086_ (net)
                  0.07    0.00    1.95 v _189_/A (sky130_fd_sc_hd__buf_4)
    10    0.07    0.07    0.16    2.11 v _189_/X (sky130_fd_sc_hd__buf_4)
                                         _027_ (net)
                  0.07    0.01    2.12 v _275_/C1 (sky130_fd_sc_hd__a221oi_2)
     1    0.02    0.23    0.15    2.27 ^ _275_/Y (sky130_fd_sc_hd__a221oi_2)
                                         _015_ (net)
                  0.23    0.00    2.28 ^ _353_/D (sky130_fd_sc_hd__dfrtp_1)
                                  2.28   data arrival time

                         10.00   10.00   clock clk (rise edge)
                          0.00   10.00   clock source latency
     1    0.02    0.08    0.05   10.05 ^ clk (in)
                                         clk (net)
                  0.08    0.00   10.05 ^ clkbuf_0_clk/A (sky130_fd_sc_hd__clkbuf_16)
     4    0.05    0.05    0.11   10.16 ^ clkbuf_0_clk/X (sky130_fd_sc_hd__clkbuf_16)
                                         clknet_0_clk (net)
                  0.05    0.00   10.16 ^ clkbuf_2_1__f_clk/A (sky130_fd_sc_hd__clkbuf_16)
    11    0.04    0.04    0.10   10.26 ^ clkbuf_2_1__f_clk/X (sky130_fd_sc_hd__clkbuf_16)
                                         clknet_2_1__leaf_clk (net)
                  0.04    0.00   10.26 ^ _353_/CLK (sky130_fd_sc_hd__dfrtp_1)
                         -0.25   10.01   clock uncertainty
                          0.02   10.03   clock reconvergence pessimism
                         -0.05    9.98   library setup time
                                  9.98   data required time
-----------------------------------------------------------------------------
                                  9.98   data required time
                                 -2.28   data arrival time
-----------------------------------------------------------------------------
                                  7.70   slack (MET)


Startpoint: _343_ (rising edge-triggered flip-flop clocked by clk)
Endpoint: _337_ (rising edge-triggered flip-flop clocked by clk)
Path Group: clk
Path Type: max
Corner: Fastest

Fanout     Cap    Slew   Delay    Time   Description
-----------------------------------------------------------------------------
                          0.00    0.00   clock clk (rise edge)
                          0.00    0.00   clock source latency
     1    0.02    0.08    0.06    0.06 ^ clk (in)
                                         clk (net)
                  0.08    0.00    0.06 ^ clkbuf_0_clk/A (sky130_fd_sc_hd__clkbuf_16)
     4    0.05    0.05    0.12    0.18 ^ clkbuf_0_clk/X (sky130_fd_sc_hd__clkbuf_16)
                                         clknet_0_clk (net)
                  0.05    0.00    0.18 ^ clkbuf_2_0__f_clk/A (sky130_fd_sc_hd__clkbuf_16)
     9    0.04    0.05    0.11    0.29 ^ clkbuf_2_0__f_clk/X (sky130_fd_sc_hd__clkbuf_16)
                                         clknet_2_0__leaf_clk (net)
                  0.05    0.00    0.29 ^ _343_/CLK (sky130_fd_sc_hd__dfrtp_1)
     4    0.02    0.08    0.29    0.58 v _343_/Q (sky130_fd_sc_hd__dfrtp_1)
                                         one_second_counter[13] (net)
                  0.08    0.00    0.59 v _180_/D (sky130_fd_sc_hd__and4_1)
     2    0.02    0.08    0.21    0.79 v _180_/X (sky130_fd_sc_hd__and4_1)
                                         _078_ (net)
                  0.08    0.00    0.79 v _181_/D (sky130_fd_sc_hd__or4_2)
     1    0.02    0.11    0.39    1.18 v _181_/X (sky130_fd_sc_hd__or4_2)
                                         _079_ (net)
                  0.11    0.00    1.18 v _184_/A3 (sky130_fd_sc_hd__o31a_1)
     1    0.02    0.09    0.25    1.42 v _184_/X (sky130_fd_sc_hd__o31a_1)
                                         _082_ (net)
                  0.09    0.00    1.43 v _186_/A2 (sky130_fd_sc_hd__o211ai_2)
     2    0.02    0.20    0.21    1.64 ^ _186_/Y (sky130_fd_sc_hd__o211ai_2)
                                         _084_ (net)
                  0.20    0.00    1.64 ^ _187_/A2 (sky130_fd_sc_hd__a21bo_2)
     9    0.05    0.21    0.25    1.88 ^ _187_/X (sky130_fd_sc_hd__a21bo_2)
                                         _085_ (net)
                  0.21    0.00    1.89 ^ _188_/A (sky130_fd_sc_hd__inv_2)
     2    0.02    0.07    0.07    1.95 v _188_/Y (sky130_fd_sc_hd__inv_2)
                                         _086_ (net)
                  0.07    0.00    1.95 v _215_/B1 (sky130_fd_sc_hd__a211oi_1)
     1    0.02    0.41    0.30    2.25 ^ _215_/Y (sky130_fd_sc_hd__a211oi_1)
                                         _024_ (net)
                  0.41    0.00    2.25 ^ _337_/D (sky130_fd_sc_hd__dfrtp_2)
                                  2.25   data arrival time

                         10.00   10.00   clock clk (rise edge)
                          0.00   10.00   clock source latency
     1    0.02    0.08    0.05   10.05 ^ clk (in)
                                         clk (net)
                  0.08    0.00   10.05 ^ clkbuf_0_clk/A (sky130_fd_sc_hd__clkbuf_16)
     4    0.05    0.05    0.11   10.16 ^ clkbuf_0_clk/X (sky130_fd_sc_hd__clkbuf_16)
                                         clknet_0_clk (net)
                  0.05    0.00   10.16 ^ clkbuf_2_1__f_clk/A (sky130_fd_sc_hd__clkbuf_16)
    11    0.04    0.04    0.10   10.26 ^ clkbuf_2_1__f_clk/X (sky130_fd_sc_hd__clkbuf_16)
                                         clknet_2_1__leaf_clk (net)
                  0.04    0.00   10.26 ^ _337_/CLK (sky130_fd_sc_hd__dfrtp_2)
                         -0.25   10.01   clock uncertainty
                          0.02   10.03   clock reconvergence pessimism
                         -0.07    9.95   library setup time
                                  9.95   data required time
-----------------------------------------------------------------------------
                                  9.95   data required time
                                 -2.25   data arrival time
-----------------------------------------------------------------------------
                                  7.70   slack (MET)


Startpoint: rst (input port clocked by clk)
Endpoint: _348_ (recovery check against rising-edge clock clk)
Path Group: asynchronous
Path Type: max
Corner: Fastest

Fanout     Cap    Slew   Delay    Time   Description
-----------------------------------------------------------------------------
                          0.00    0.00   clock clk (rise edge)
                          0.00    0.00   clock network delay (propagated)
                          2.00    2.00 v input external delay
     1    0.00    0.00    0.00    2.00 v rst (in)
                                         rst (net)
                  0.00    0.00    2.00 v input1/A (sky130_fd_sc_hd__clkbuf_4)
     5    0.07    0.10    0.15    2.16 v input1/X (sky130_fd_sc_hd__clkbuf_4)
                                         net1 (net)
                  0.10    0.00    2.16 v _306_/A (sky130_fd_sc_hd__clkbuf_8)
    10    0.08    0.07    0.17    2.33 v _306_/X (sky130_fd_sc_hd__clkbuf_8)
                                         _160_ (net)
                  0.07    0.01    2.33 v _315_/A (sky130_fd_sc_hd__inv_2)
     1    0.02    0.08    0.09    2.43 ^ _315_/Y (sky130_fd_sc_hd__inv_2)
                                         _046_ (net)
                  0.08    0.00    2.43 ^ _348_/RESET_B (sky130_fd_sc_hd__dfrtp_4)
                                  2.43   data arrival time

                         10.00   10.00   clock clk (rise edge)
                          0.00   10.00   clock source latency
     1    0.02    0.08    0.05   10.05 ^ clk (in)
                                         clk (net)
                  0.08    0.00   10.05 ^ clkbuf_0_clk/A (sky130_fd_sc_hd__clkbuf_16)
     4    0.05    0.05    0.11   10.16 ^ clkbuf_0_clk/X (sky130_fd_sc_hd__clkbuf_16)
                                         clknet_0_clk (net)
                  0.05    0.00   10.16 ^ clkbuf_2_0__f_clk/A (sky130_fd_sc_hd__clkbuf_16)
     9    0.04    0.05    0.10   10.26 ^ clkbuf_2_0__f_clk/X (sky130_fd_sc_hd__clkbuf_16)
                                         clknet_2_0__leaf_clk (net)
                  0.05    0.00   10.26 ^ _348_/CLK (sky130_fd_sc_hd__dfrtp_4)
                         -0.25   10.01   clock uncertainty
                          0.00   10.01   clock reconvergence pessimism
                          0.12   10.13   library recovery time
                                 10.13   data required time
-----------------------------------------------------------------------------
                                 10.13   data required time
                                 -2.43   data arrival time
-----------------------------------------------------------------------------
                                  7.70   slack (MET)


Startpoint: rst (input port clocked by clk)
Endpoint: _332_ (recovery check against rising-edge clock clk)
Path Group: asynchronous
Path Type: max
Corner: Fastest

Fanout     Cap    Slew   Delay    Time   Description
-----------------------------------------------------------------------------
                          0.00    0.00   clock clk (rise edge)
                          0.00    0.00   clock network delay (propagated)
                          2.00    2.00 v input external delay
     1    0.00    0.00    0.00    2.00 v rst (in)
                                         rst (net)
                  0.00    0.00    2.00 v input1/A (sky130_fd_sc_hd__clkbuf_4)
     5    0.07    0.10    0.15    2.16 v input1/X (sky130_fd_sc_hd__clkbuf_4)
                                         net1 (net)
                  0.10    0.00    2.16 v _295_/A (sky130_fd_sc_hd__buf_4)
    10    0.08    0.08    0.18    2.34 v _295_/X (sky130_fd_sc_hd__buf_4)
                                         _159_ (net)
                  0.08    0.00    2.34 v _298_/A (sky130_fd_sc_hd__inv_2)
     1    0.02    0.07    0.09    2.43 ^ _298_/Y (sky130_fd_sc_hd__inv_2)
                                         _030_ (net)
                  0.07    0.00    2.43 ^ _332_/RESET_B (sky130_fd_sc_hd__dfrtp_4)
                                  2.43   data arrival time

                         10.00   10.00   clock clk (rise edge)
                          0.00   10.00   clock source latency
     1    0.02    0.08    0.05   10.05 ^ clk (in)
                                         clk (net)
                  0.08    0.00   10.05 ^ clkbuf_0_clk/A (sky130_fd_sc_hd__clkbuf_16)
     4    0.05    0.05    0.11   10.16 ^ clkbuf_0_clk/X (sky130_fd_sc_hd__clkbuf_16)
                                         clknet_0_clk (net)
                  0.05    0.00   10.16 ^ clkbuf_2_1__f_clk/A (sky130_fd_sc_hd__clkbuf_16)
    11    0.04    0.04    0.10   10.26 ^ clkbuf_2_1__f_clk/X (sky130_fd_sc_hd__clkbuf_16)
                                         clknet_2_1__leaf_clk (net)
                  0.04    0.00   10.26 ^ _332_/CLK (sky130_fd_sc_hd__dfrtp_4)
                         -0.25   10.01   clock uncertainty
                          0.00   10.01   clock reconvergence pessimism
                          0.12   10.13   library recovery time
                                 10.13   data required time
-----------------------------------------------------------------------------
                                 10.13   data required time
                                 -2.43   data arrival time
-----------------------------------------------------------------------------
                                  7.70   slack (MET)


Startpoint: rst (input port clocked by clk)
Endpoint: _339_ (recovery check against rising-edge clock clk)
Path Group: asynchronous
Path Type: max
Corner: Fastest

Fanout     Cap    Slew   Delay    Time   Description
-----------------------------------------------------------------------------
                          0.00    0.00   clock clk (rise edge)
                          0.00    0.00   clock network delay (propagated)
                          2.00    2.00 v input external delay
     1    0.00    0.00    0.00    2.00 v rst (in)
                                         rst (net)
                  0.00    0.00    2.00 v input1/A (sky130_fd_sc_hd__clkbuf_4)
     5    0.07    0.10    0.15    2.16 v input1/X (sky130_fd_sc_hd__clkbuf_4)
                                         net1 (net)
                  0.10    0.00    2.16 v _295_/A (sky130_fd_sc_hd__buf_4)
    10    0.08    0.08    0.18    2.34 v _295_/X (sky130_fd_sc_hd__buf_4)
                                         _159_ (net)
                  0.08    0.00    2.34 v _305_/A (sky130_fd_sc_hd__inv_2)
     1    0.02    0.07    0.09    2.43 ^ _305_/Y (sky130_fd_sc_hd__inv_2)
                                         _037_ (net)
                  0.07    0.00    2.43 ^ _339_/RESET_B (sky130_fd_sc_hd__dfrtp_2)
                                  2.43   data arrival time

                         10.00   10.00   clock clk (rise edge)
                          0.00   10.00   clock source latency
     1    0.02    0.08    0.05   10.05 ^ clk (in)
                                         clk (net)
                  0.08    0.00   10.05 ^ clkbuf_0_clk/A (sky130_fd_sc_hd__clkbuf_16)
     4    0.05    0.05    0.11   10.16 ^ clkbuf_0_clk/X (sky130_fd_sc_hd__clkbuf_16)
                                         clknet_0_clk (net)
                  0.05    0.00   10.16 ^ clkbuf_2_0__f_clk/A (sky130_fd_sc_hd__clkbuf_16)
     9    0.04    0.05    0.10   10.26 ^ clkbuf_2_0__f_clk/X (sky130_fd_sc_hd__clkbuf_16)
                                         clknet_2_0__leaf_clk (net)
                  0.05    0.00   10.26 ^ _339_/CLK (sky130_fd_sc_hd__dfrtp_2)
                         -0.25   10.01   clock uncertainty
                          0.00   10.01   clock reconvergence pessimism
                          0.12   10.14   library recovery time
                                 10.14   data required time
-----------------------------------------------------------------------------
                                 10.14   data required time
                                 -2.43   data arrival time
-----------------------------------------------------------------------------
                                  7.70   slack (MET)


Startpoint: rst (input port clocked by clk)
Endpoint: _338_ (recovery check against rising-edge clock clk)
Path Group: asynchronous
Path Type: max
Corner: Fastest

Fanout     Cap    Slew   Delay    Time   Description
-----------------------------------------------------------------------------
                          0.00    0.00   clock clk (rise edge)
                          0.00    0.00   clock network delay (propagated)
                          2.00    2.00 v input external delay
     1    0.00    0.00    0.00    2.00 v rst (in)
                                         rst (net)
                  0.00    0.00    2.00 v input1/A (sky130_fd_sc_hd__clkbuf_4)
     5    0.07    0.10    0.15    2.16 v input1/X (sky130_fd_sc_hd__clkbuf_4)
                                         net1 (net)
                  0.10    0.00    2.16 v _295_/A (sky130_fd_sc_hd__buf_4)
    10    0.08    0.08    0.18    2.34 v _295_/X (sky130_fd_sc_hd__buf_4)
                                         _159_ (net)
                  0.08    0.00    2.34 v _304_/A (sky130_fd_sc_hd__inv_2)
     1    0.02    0.07    0.09    2.43 ^ _304_/Y (sky130_fd_sc_hd__inv_2)
                                         _036_ (net)
                  0.07    0.00    2.43 ^ _338_/RESET_B (sky130_fd_sc_hd__dfrtp_4)
                                  2.43   data arrival time

                         10.00   10.00   clock clk (rise edge)
                          0.00   10.00   clock source latency
     1    0.02    0.08    0.05   10.05 ^ clk (in)
                                         clk (net)
                  0.08    0.00   10.05 ^ clkbuf_0_clk/A (sky130_fd_sc_hd__clkbuf_16)
     4    0.05    0.05    0.11   10.16 ^ clkbuf_0_clk/X (sky130_fd_sc_hd__clkbuf_16)
                                         clknet_0_clk (net)
                  0.05    0.00   10.16 ^ clkbuf_2_3__f_clk/A (sky130_fd_sc_hd__clkbuf_16)
     8    0.04    0.05    0.10   10.26 ^ clkbuf_2_3__f_clk/X (sky130_fd_sc_hd__clkbuf_16)
                                         clknet_2_3__leaf_clk (net)
                  0.05    0.00   10.26 ^ _338_/CLK (sky130_fd_sc_hd__dfrtp_4)
                         -0.25   10.01   clock uncertainty
                          0.00   10.01   clock reconvergence pessimism
                          0.12   10.14   library recovery time
                                 10.14   data required time
-----------------------------------------------------------------------------
                                 10.14   data required time
                                 -2.43   data arrival time
-----------------------------------------------------------------------------
                                  7.71   slack (MET)


Startpoint: _342_ (rising edge-triggered flip-flop clocked by clk)
Endpoint: _352_ (rising edge-triggered flip-flop clocked by clk)
Path Group: clk
Path Type: max
Corner: Fastest

Fanout     Cap    Slew   Delay    Time   Description
-----------------------------------------------------------------------------
                          0.00    0.00   clock clk (rise edge)
                          0.00    0.00   clock source latency
     1    0.02    0.08    0.06    0.06 ^ clk (in)
                                         clk (net)
                  0.08    0.00    0.06 ^ clkbuf_0_clk/A (sky130_fd_sc_hd__clkbuf_16)
     4    0.05    0.05    0.12    0.18 ^ clkbuf_0_clk/X (sky130_fd_sc_hd__clkbuf_16)
                                         clknet_0_clk (net)
                  0.05    0.00    0.18 ^ clkbuf_2_1__f_clk/A (sky130_fd_sc_hd__clkbuf_16)
    11    0.04    0.04    0.11    0.29 ^ clkbuf_2_1__f_clk/X (sky130_fd_sc_hd__clkbuf_16)
                                         clknet_2_1__leaf_clk (net)
                  0.04    0.00    0.29 ^ _342_/CLK (sky130_fd_sc_hd__dfrtp_2)
     5    0.03    0.07    0.31    0.60 v _342_/Q (sky130_fd_sc_hd__dfrtp_2)
                                         one_second_counter[12] (net)
                  0.07    0.00    0.60 v _180_/C (sky130_fd_sc_hd__and4_1)
     2    0.02    0.08    0.20    0.80 v _180_/X (sky130_fd_sc_hd__and4_1)
                                         _078_ (net)
                  0.08    0.00    0.80 v _181_/D (sky130_fd_sc_hd__or4_2)
     1    0.02    0.11    0.39    1.18 v _181_/X (sky130_fd_sc_hd__or4_2)
                                         _079_ (net)
                  0.11    0.00    1.18 v _184_/A3 (sky130_fd_sc_hd__o31a_1)
     1    0.02    0.09    0.25    1.43 v _184_/X (sky130_fd_sc_hd__o31a_1)
                                         _082_ (net)
                  0.09    0.00    1.43 v _186_/A2 (sky130_fd_sc_hd__o211ai_2)
     2    0.02    0.20    0.21    1.64 ^ _186_/Y (sky130_fd_sc_hd__o211ai_2)
                                         _084_ (net)
                  0.20    0.00    1.64 ^ _187_/A2 (sky130_fd_sc_hd__a21bo_2)
     9    0.05    0.21    0.25    1.89 ^ _187_/X (sky130_fd_sc_hd__a21bo_2)
                                         _085_ (net)
                  0.21    0.00    1.89 ^ _271_/A (sky130_fd_sc_hd__and3_1)
     1    0.02    0.16    0.21    2.10 ^ _271_/X (sky130_fd_sc_hd__and3_1)
                                         _146_ (net)
                  0.16    0.00    2.10 ^ _272_/A (sky130_fd_sc_hd__buf_1)
     1    0.02    0.19    0.18    2.28 ^ _272_/X (sky130_fd_sc_hd__buf_1)
                                         _014_ (net)
                  0.19    0.00    2.28 ^ _352_/D (sky130_fd_sc_hd__dfrtp_1)
                                  2.28   data arrival time

                         10.00   10.00   clock clk (rise edge)
                          0.00   10.00   clock source latency
     1    0.02    0.08    0.05   10.05 ^ clk (in)
                                         clk (net)
                  0.08    0.00   10.05 ^ clkbuf_0_clk/A (sky130_fd_sc_hd__clkbuf_16)
     4    0.05    0.05    0.11   10.16 ^ clkbuf_0_clk/X (sky130_fd_sc_hd__clkbuf_16)
                                         clknet_0_clk (net)
                  0.05    0.00   10.16 ^ clkbuf_2_0__f_clk/A (sky130_fd_sc_hd__clkbuf_16)
     9    0.04    0.05    0.10   10.26 ^ clkbuf_2_0__f_clk/X (sky130_fd_sc_hd__clkbuf_16)
                                         clknet_2_0__leaf_clk (net)
                  0.05    0.00   10.26 ^ _352_/CLK (sky130_fd_sc_hd__dfrtp_1)
                         -0.25   10.01   clock uncertainty
                          0.02   10.03   clock reconvergence pessimism
                         -0.05    9.98   library setup time
                                  9.98   data required time
-----------------------------------------------------------------------------
                                  9.98   data required time
                                 -2.28   data arrival time
-----------------------------------------------------------------------------
                                  7.71   slack (MET)


Startpoint: rst (input port clocked by clk)
Endpoint: _347_ (recovery check against rising-edge clock clk)
Path Group: asynchronous
Path Type: max
Corner: Fastest

Fanout     Cap    Slew   Delay    Time   Description
-----------------------------------------------------------------------------
                          0.00    0.00   clock clk (rise edge)
                          0.00    0.00   clock network delay (propagated)
                          2.00    2.00 v input external delay
     1    0.00    0.00    0.00    2.00 v rst (in)
                                         rst (net)
                  0.00    0.00    2.00 v input1/A (sky130_fd_sc_hd__clkbuf_4)
     5    0.07    0.10    0.15    2.16 v input1/X (sky130_fd_sc_hd__clkbuf_4)
                                         net1 (net)
                  0.10    0.00    2.16 v _306_/A (sky130_fd_sc_hd__clkbuf_8)
    10    0.08    0.07    0.17    2.33 v _306_/X (sky130_fd_sc_hd__clkbuf_8)
                                         _160_ (net)
                  0.07    0.01    2.33 v _314_/A (sky130_fd_sc_hd__inv_2)
     1    0.02    0.06    0.08    2.42 ^ _314_/Y (sky130_fd_sc_hd__inv_2)
                                         _045_ (net)
                  0.06    0.00    2.42 ^ _347_/RESET_B (sky130_fd_sc_hd__dfrtp_4)
                                  2.42   data arrival time

                         10.00   10.00   clock clk (rise edge)
                          0.00   10.00   clock source latency
     1    0.02    0.08    0.05   10.05 ^ clk (in)
                                         clk (net)
                  0.08    0.00   10.05 ^ clkbuf_0_clk/A (sky130_fd_sc_hd__clkbuf_16)
     4    0.05    0.05    0.11   10.16 ^ clkbuf_0_clk/X (sky130_fd_sc_hd__clkbuf_16)
                                         clknet_0_clk (net)
                  0.05    0.00   10.16 ^ clkbuf_2_1__f_clk/A (sky130_fd_sc_hd__clkbuf_16)
    11    0.04    0.04    0.10   10.26 ^ clkbuf_2_1__f_clk/X (sky130_fd_sc_hd__clkbuf_16)
                                         clknet_2_1__leaf_clk (net)
                  0.04    0.00   10.26 ^ _347_/CLK (sky130_fd_sc_hd__dfrtp_4)
                         -0.25   10.01   clock uncertainty
                          0.00   10.01   clock reconvergence pessimism
                          0.12   10.13   library recovery time
                                 10.13   data required time
-----------------------------------------------------------------------------
                                 10.13   data required time
                                 -2.42   data arrival time
-----------------------------------------------------------------------------
                                  7.72   slack (MET)


Startpoint: rst (input port clocked by clk)
Endpoint: _343_ (recovery check against rising-edge clock clk)
Path Group: asynchronous
Path Type: max
Corner: Fastest

Fanout     Cap    Slew   Delay    Time   Description
-----------------------------------------------------------------------------
                          0.00    0.00   clock clk (rise edge)
                          0.00    0.00   clock network delay (propagated)
                          2.00    2.00 v input external delay
     1    0.00    0.00    0.00    2.00 v rst (in)
                                         rst (net)
                  0.00    0.00    2.00 v input1/A (sky130_fd_sc_hd__clkbuf_4)
     5    0.07    0.10    0.15    2.16 v input1/X (sky130_fd_sc_hd__clkbuf_4)
                                         net1 (net)
                  0.10    0.00    2.16 v _306_/A (sky130_fd_sc_hd__clkbuf_8)
    10    0.08    0.07    0.17    2.33 v _306_/X (sky130_fd_sc_hd__clkbuf_8)
                                         _160_ (net)
                  0.07    0.01    2.34 v _310_/A (sky130_fd_sc_hd__inv_2)
     1    0.02    0.07    0.09    2.42 ^ _310_/Y (sky130_fd_sc_hd__inv_2)
                                         _041_ (net)
                  0.07    0.00    2.43 ^ _343_/RESET_B (sky130_fd_sc_hd__dfrtp_1)
                                  2.43   data arrival time

                         10.00   10.00   clock clk (rise edge)
                          0.00   10.00   clock source latency
     1    0.02    0.08    0.05   10.05 ^ clk (in)
                                         clk (net)
                  0.08    0.00   10.05 ^ clkbuf_0_clk/A (sky130_fd_sc_hd__clkbuf_16)
     4    0.05    0.05    0.11   10.16 ^ clkbuf_0_clk/X (sky130_fd_sc_hd__clkbuf_16)
                                         clknet_0_clk (net)
                  0.05    0.00   10.16 ^ clkbuf_2_0__f_clk/A (sky130_fd_sc_hd__clkbuf_16)
     9    0.04    0.05    0.10   10.26 ^ clkbuf_2_0__f_clk/X (sky130_fd_sc_hd__clkbuf_16)
                                         clknet_2_0__leaf_clk (net)
                  0.05    0.00   10.26 ^ _343_/CLK (sky130_fd_sc_hd__dfrtp_1)
                         -0.25   10.01   clock uncertainty
                          0.00   10.01   clock reconvergence pessimism
                          0.14   10.15   library recovery time
                                 10.15   data required time
-----------------------------------------------------------------------------
                                 10.15   data required time
                                 -2.43   data arrival time
-----------------------------------------------------------------------------
                                  7.73   slack (MET)


Startpoint: rst (input port clocked by clk)
Endpoint: _344_ (recovery check against rising-edge clock clk)
Path Group: asynchronous
Path Type: max
Corner: Fastest

Fanout     Cap    Slew   Delay    Time   Description
-----------------------------------------------------------------------------
                          0.00    0.00   clock clk (rise edge)
                          0.00    0.00   clock network delay (propagated)
                          2.00    2.00 v input external delay
     1    0.00    0.00    0.00    2.00 v rst (in)
                                         rst (net)
                  0.00    0.00    2.00 v input1/A (sky130_fd_sc_hd__clkbuf_4)
     5    0.07    0.10    0.15    2.16 v input1/X (sky130_fd_sc_hd__clkbuf_4)
                                         net1 (net)
                  0.10    0.00    2.16 v _306_/A (sky130_fd_sc_hd__clkbuf_8)
    10    0.08    0.07    0.17    2.33 v _306_/X (sky130_fd_sc_hd__clkbuf_8)
                                         _160_ (net)
                  0.07    0.01    2.34 v _311_/A (sky130_fd_sc_hd__inv_2)
     1    0.02    0.07    0.09    2.42 ^ _311_/Y (sky130_fd_sc_hd__inv_2)
                                         _042_ (net)
                  0.07    0.00    2.42 ^ _344_/RESET_B (sky130_fd_sc_hd__dfrtp_1)
                                  2.42   data arrival time

                         10.00   10.00   clock clk (rise edge)
                          0.00   10.00   clock source latency
     1    0.02    0.08    0.05   10.05 ^ clk (in)
                                         clk (net)
                  0.08    0.00   10.05 ^ clkbuf_0_clk/A (sky130_fd_sc_hd__clkbuf_16)
     4    0.05    0.05    0.11   10.16 ^ clkbuf_0_clk/X (sky130_fd_sc_hd__clkbuf_16)
                                         clknet_0_clk (net)
                  0.05    0.00   10.16 ^ clkbuf_2_1__f_clk/A (sky130_fd_sc_hd__clkbuf_16)
    11    0.04    0.04    0.10   10.26 ^ clkbuf_2_1__f_clk/X (sky130_fd_sc_hd__clkbuf_16)
                                         clknet_2_1__leaf_clk (net)
                  0.04    0.00   10.26 ^ _344_/CLK (sky130_fd_sc_hd__dfrtp_1)
                         -0.25   10.01   clock uncertainty
                          0.00   10.01   clock reconvergence pessimism
                          0.14   10.15   library recovery time
                                 10.15   data required time
-----------------------------------------------------------------------------
                                 10.15   data required time
                                 -2.42   data arrival time
-----------------------------------------------------------------------------
                                  7.73   slack (MET)


Startpoint: rst (input port clocked by clk)
Endpoint: _356_ (recovery check against rising-edge clock clk)
Path Group: asynchronous
Path Type: max
Corner: Fastest

Fanout     Cap    Slew   Delay    Time   Description
-----------------------------------------------------------------------------
                          0.00    0.00   clock clk (rise edge)
                          0.00    0.00   clock network delay (propagated)
                          2.00    2.00 v input external delay
     1    0.00    0.00    0.00    2.00 v rst (in)
                                         rst (net)
                  0.00    0.00    2.00 v input1/A (sky130_fd_sc_hd__clkbuf_4)
     5    0.07    0.10    0.15    2.16 v input1/X (sky130_fd_sc_hd__clkbuf_4)
                                         net1 (net)
                  0.10    0.00    2.16 v _317_/A (sky130_fd_sc_hd__clkbuf_8)
    10    0.07    0.07    0.17    2.32 v _317_/X (sky130_fd_sc_hd__clkbuf_8)
                                         _161_ (net)
                  0.07    0.00    2.33 v _324_/A (sky130_fd_sc_hd__inv_2)
     1    0.02    0.08    0.09    2.42 ^ _324_/Y (sky130_fd_sc_hd__inv_2)
                                         _054_ (net)
                  0.08    0.00    2.42 ^ _356_/RESET_B (sky130_fd_sc_hd__dfrtp_1)
                                  2.42   data arrival time

                         10.00   10.00   clock clk (rise edge)
                          0.00   10.00   clock source latency
     1    0.02    0.08    0.05   10.05 ^ clk (in)
                                         clk (net)
                  0.08    0.00   10.05 ^ clkbuf_0_clk/A (sky130_fd_sc_hd__clkbuf_16)
     4    0.05    0.05    0.11   10.16 ^ clkbuf_0_clk/X (sky130_fd_sc_hd__clkbuf_16)
                                         clknet_0_clk (net)
                  0.05    0.00   10.16 ^ clkbuf_2_1__f_clk/A (sky130_fd_sc_hd__clkbuf_16)
    11    0.04    0.04    0.10   10.26 ^ clkbuf_2_1__f_clk/X (sky130_fd_sc_hd__clkbuf_16)
                                         clknet_2_1__leaf_clk (net)
                  0.04    0.00   10.26 ^ _356_/CLK (sky130_fd_sc_hd__dfrtp_1)
                         -0.25   10.01   clock uncertainty
                          0.00   10.01   clock reconvergence pessimism
                          0.14   10.15   library recovery time
                                 10.15   data required time
-----------------------------------------------------------------------------
                                 10.15   data required time
                                 -2.42   data arrival time
-----------------------------------------------------------------------------
                                  7.73   slack (MET)


Startpoint: rst (input port clocked by clk)
Endpoint: _350_ (recovery check against rising-edge clock clk)
Path Group: asynchronous
Path Type: max
Corner: Fastest

Fanout     Cap    Slew   Delay    Time   Description
-----------------------------------------------------------------------------
                          0.00    0.00   clock clk (rise edge)
                          0.00    0.00   clock network delay (propagated)
                          2.00    2.00 v input external delay
     1    0.00    0.00    0.00    2.00 v rst (in)
                                         rst (net)
                  0.00    0.00    2.00 v input1/A (sky130_fd_sc_hd__clkbuf_4)
     5    0.07    0.10    0.15    2.16 v input1/X (sky130_fd_sc_hd__clkbuf_4)
                                         net1 (net)
                  0.10    0.00    2.16 v _317_/A (sky130_fd_sc_hd__clkbuf_8)
    10    0.07    0.07    0.17    2.32 v _317_/X (sky130_fd_sc_hd__clkbuf_8)
                                         _161_ (net)
                  0.07    0.00    2.33 v _318_/A (sky130_fd_sc_hd__inv_2)
     1    0.02    0.07    0.08    2.41 ^ _318_/Y (sky130_fd_sc_hd__inv_2)
                                         _048_ (net)
                  0.07    0.00    2.41 ^ _350_/RESET_B (sky130_fd_sc_hd__dfrtp_2)
                                  2.41   data arrival time

                         10.00   10.00   clock clk (rise edge)
                          0.00   10.00   clock source latency
     1    0.02    0.08    0.05   10.05 ^ clk (in)
                                         clk (net)
                  0.08    0.00   10.05 ^ clkbuf_0_clk/A (sky130_fd_sc_hd__clkbuf_16)
     4    0.05    0.05    0.11   10.16 ^ clkbuf_0_clk/X (sky130_fd_sc_hd__clkbuf_16)
                                         clknet_0_clk (net)
                  0.05    0.00   10.16 ^ clkbuf_2_3__f_clk/A (sky130_fd_sc_hd__clkbuf_16)
     8    0.04    0.05    0.10   10.26 ^ clkbuf_2_3__f_clk/X (sky130_fd_sc_hd__clkbuf_16)
                                         clknet_2_3__leaf_clk (net)
                  0.05    0.00   10.26 ^ _350_/CLK (sky130_fd_sc_hd__dfrtp_2)
                         -0.25   10.01   clock uncertainty
                          0.00   10.01   clock reconvergence pessimism
                          0.13   10.14   library recovery time
                                 10.14   data required time
-----------------------------------------------------------------------------
                                 10.14   data required time
                                 -2.41   data arrival time
-----------------------------------------------------------------------------
                                  7.73   slack (MET)


Startpoint: rst (input port clocked by clk)
Endpoint: _358_ (recovery check against rising-edge clock clk)
Path Group: asynchronous
Path Type: max
Corner: Fastest

Fanout     Cap    Slew   Delay    Time   Description
-----------------------------------------------------------------------------
                          0.00    0.00   clock clk (rise edge)
                          0.00    0.00   clock network delay (propagated)
                          2.00    2.00 v input external delay
     1    0.00    0.00    0.00    2.00 v rst (in)
                                         rst (net)
                  0.00    0.00    2.00 v input1/A (sky130_fd_sc_hd__clkbuf_4)
     5    0.07    0.10    0.15    2.16 v input1/X (sky130_fd_sc_hd__clkbuf_4)
                                         net1 (net)
                  0.10    0.00    2.16 v _317_/A (sky130_fd_sc_hd__clkbuf_8)
    10    0.07    0.07    0.17    2.32 v _317_/X (sky130_fd_sc_hd__clkbuf_8)
                                         _161_ (net)
                  0.07    0.00    2.33 v _326_/A (sky130_fd_sc_hd__inv_2)
     1    0.02    0.06    0.08    2.41 ^ _326_/Y (sky130_fd_sc_hd__inv_2)
                                         _056_ (net)
                  0.06    0.00    2.41 ^ _358_/RESET_B (sky130_fd_sc_hd__dfrtp_4)
                                  2.41   data arrival time

                         10.00   10.00   clock clk (rise edge)
                          0.00   10.00   clock source latency
     1    0.02    0.08    0.05   10.05 ^ clk (in)
                                         clk (net)
                  0.08    0.00   10.05 ^ clkbuf_0_clk/A (sky130_fd_sc_hd__clkbuf_16)
     4    0.05    0.05    0.11   10.16 ^ clkbuf_0_clk/X (sky130_fd_sc_hd__clkbuf_16)
                                         clknet_0_clk (net)
                  0.05    0.00   10.16 ^ clkbuf_2_2__f_clk/A (sky130_fd_sc_hd__clkbuf_16)
     7    0.05    0.05    0.10   10.27 ^ clkbuf_2_2__f_clk/X (sky130_fd_sc_hd__clkbuf_16)
                                         clknet_2_2__leaf_clk (net)
                  0.05    0.00   10.27 ^ _358_/CLK (sky130_fd_sc_hd__dfrtp_4)
                         -0.25   10.02   clock uncertainty
                          0.00   10.02   clock reconvergence pessimism
                          0.12   10.14   library recovery time
                                 10.14   data required time
-----------------------------------------------------------------------------
                                 10.14   data required time
                                 -2.41   data arrival time
-----------------------------------------------------------------------------
                                  7.73   slack (MET)


Startpoint: rst (input port clocked by clk)
Endpoint: _354_ (recovery check against rising-edge clock clk)
Path Group: asynchronous
Path Type: max
Corner: Fastest

Fanout     Cap    Slew   Delay    Time   Description
-----------------------------------------------------------------------------
                          0.00    0.00   clock clk (rise edge)
                          0.00    0.00   clock network delay (propagated)
                          2.00    2.00 v input external delay
     1    0.00    0.00    0.00    2.00 v rst (in)
                                         rst (net)
                  0.00    0.00    2.00 v input1/A (sky130_fd_sc_hd__clkbuf_4)
     5    0.07    0.10    0.15    2.16 v input1/X (sky130_fd_sc_hd__clkbuf_4)
                                         net1 (net)
                  0.10    0.00    2.16 v _317_/A (sky130_fd_sc_hd__clkbuf_8)
    10    0.07    0.07    0.17    2.32 v _317_/X (sky130_fd_sc_hd__clkbuf_8)
                                         _161_ (net)
                  0.07    0.00    2.33 v _322_/A (sky130_fd_sc_hd__inv_2)
     1    0.01    0.06    0.07    2.40 ^ _322_/Y (sky130_fd_sc_hd__inv_2)
                                         _052_ (net)
                  0.06    0.00    2.40 ^ _354_/RESET_B (sky130_fd_sc_hd__dfrtp_4)
                                  2.40   data arrival time

                         10.00   10.00   clock clk (rise edge)
                          0.00   10.00   clock source latency
     1    0.02    0.08    0.05   10.05 ^ clk (in)
                                         clk (net)
                  0.08    0.00   10.05 ^ clkbuf_0_clk/A (sky130_fd_sc_hd__clkbuf_16)
     4    0.05    0.05    0.11   10.16 ^ clkbuf_0_clk/X (sky130_fd_sc_hd__clkbuf_16)
                                         clknet_0_clk (net)
                  0.05    0.00   10.16 ^ clkbuf_2_3__f_clk/A (sky130_fd_sc_hd__clkbuf_16)
     8    0.04    0.05    0.10   10.26 ^ clkbuf_2_3__f_clk/X (sky130_fd_sc_hd__clkbuf_16)
                                         clknet_2_3__leaf_clk (net)
                  0.05    0.00   10.26 ^ _354_/CLK (sky130_fd_sc_hd__dfrtp_4)
                         -0.25   10.01   clock uncertainty
                          0.00   10.01   clock reconvergence pessimism
                          0.13   10.14   library recovery time
                                 10.14   data required time
-----------------------------------------------------------------------------
                                 10.14   data required time
                                 -2.40   data arrival time
-----------------------------------------------------------------------------
                                  7.74   slack (MET)


Startpoint: rst (input port clocked by clk)
Endpoint: _337_ (recovery check against rising-edge clock clk)
Path Group: asynchronous
Path Type: max
Corner: Fastest

Fanout     Cap    Slew   Delay    Time   Description
-----------------------------------------------------------------------------
                          0.00    0.00   clock clk (rise edge)
                          0.00    0.00   clock network delay (propagated)
                          2.00    2.00 v input external delay
     1    0.00    0.00    0.00    2.00 v rst (in)
                                         rst (net)
                  0.00    0.00    2.00 v input1/A (sky130_fd_sc_hd__clkbuf_4)
     5    0.07    0.10    0.15    2.16 v input1/X (sky130_fd_sc_hd__clkbuf_4)
                                         net1 (net)
                  0.10    0.00    2.16 v _295_/A (sky130_fd_sc_hd__buf_4)
    10    0.08    0.08    0.18    2.34 v _295_/X (sky130_fd_sc_hd__buf_4)
                                         _159_ (net)
                  0.08    0.00    2.34 v _303_/A (sky130_fd_sc_hd__inv_2)
     1    0.01    0.05    0.07    2.41 ^ _303_/Y (sky130_fd_sc_hd__inv_2)
                                         _035_ (net)
                  0.05    0.00    2.41 ^ _337_/RESET_B (sky130_fd_sc_hd__dfrtp_2)
                                  2.41   data arrival time

                         10.00   10.00   clock clk (rise edge)
                          0.00   10.00   clock source latency
     1    0.02    0.08    0.05   10.05 ^ clk (in)
                                         clk (net)
                  0.08    0.00   10.05 ^ clkbuf_0_clk/A (sky130_fd_sc_hd__clkbuf_16)
     4    0.05    0.05    0.11   10.16 ^ clkbuf_0_clk/X (sky130_fd_sc_hd__clkbuf_16)
                                         clknet_0_clk (net)
                  0.05    0.00   10.16 ^ clkbuf_2_1__f_clk/A (sky130_fd_sc_hd__clkbuf_16)
    11    0.04    0.04    0.10   10.26 ^ clkbuf_2_1__f_clk/X (sky130_fd_sc_hd__clkbuf_16)
                                         clknet_2_1__leaf_clk (net)
                  0.04    0.00   10.26 ^ _337_/CLK (sky130_fd_sc_hd__dfrtp_2)
                         -0.25   10.01   clock uncertainty
                          0.00   10.01   clock reconvergence pessimism
                          0.13   10.14   library recovery time
                                 10.14   data required time
-----------------------------------------------------------------------------
                                 10.14   data required time
                                 -2.41   data arrival time
-----------------------------------------------------------------------------
                                  7.74   slack (MET)


Startpoint: rst (input port clocked by clk)
Endpoint: _333_ (recovery check against rising-edge clock clk)
Path Group: asynchronous
Path Type: max
Corner: Fastest

Fanout     Cap    Slew   Delay    Time   Description
-----------------------------------------------------------------------------
                          0.00    0.00   clock clk (rise edge)
                          0.00    0.00   clock network delay (propagated)
                          2.00    2.00 v input external delay
     1    0.00    0.00    0.00    2.00 v rst (in)
                                         rst (net)
                  0.00    0.00    2.00 v input1/A (sky130_fd_sc_hd__clkbuf_4)
     5    0.07    0.10    0.15    2.16 v input1/X (sky130_fd_sc_hd__clkbuf_4)
                                         net1 (net)
                  0.10    0.00    2.16 v _295_/A (sky130_fd_sc_hd__buf_4)
    10    0.08    0.08    0.18    2.34 v _295_/X (sky130_fd_sc_hd__buf_4)
                                         _159_ (net)
                  0.08    0.00    2.34 v _299_/A (sky130_fd_sc_hd__inv_2)
     1    0.01    0.05    0.07    2.42 ^ _299_/Y (sky130_fd_sc_hd__inv_2)
                                         _031_ (net)
                  0.05    0.00    2.42 ^ _333_/RESET_B (sky130_fd_sc_hd__dfrtp_1)
                                  2.42   data arrival time

                         10.00   10.00   clock clk (rise edge)
                          0.00   10.00   clock source latency
     1    0.02    0.08    0.05   10.05 ^ clk (in)
                                         clk (net)
                  0.08    0.00   10.05 ^ clkbuf_0_clk/A (sky130_fd_sc_hd__clkbuf_16)
     4    0.05    0.05    0.11   10.16 ^ clkbuf_0_clk/X (sky130_fd_sc_hd__clkbuf_16)
                                         clknet_0_clk (net)
                  0.05    0.00   10.16 ^ clkbuf_2_3__f_clk/A (sky130_fd_sc_hd__clkbuf_16)
     8    0.04    0.05    0.10   10.26 ^ clkbuf_2_3__f_clk/X (sky130_fd_sc_hd__clkbuf_16)
                                         clknet_2_3__leaf_clk (net)
                  0.05    0.00   10.26 ^ _333_/CLK (sky130_fd_sc_hd__dfrtp_1)
                         -0.25   10.01   clock uncertainty
                          0.00   10.01   clock reconvergence pessimism
                          0.14   10.15   library recovery time
                                 10.15   data required time
-----------------------------------------------------------------------------
                                 10.15   data required time
                                 -2.42   data arrival time
-----------------------------------------------------------------------------
                                  7.74   slack (MET)


Startpoint: rst (input port clocked by clk)
Endpoint: _349_ (recovery check against rising-edge clock clk)
Path Group: asynchronous
Path Type: max
Corner: Fastest

Fanout     Cap    Slew   Delay    Time   Description
-----------------------------------------------------------------------------
                          0.00    0.00   clock clk (rise edge)
                          0.00    0.00   clock network delay (propagated)
                          2.00    2.00 v input external delay
     1    0.00    0.00    0.00    2.00 v rst (in)
                                         rst (net)
                  0.00    0.00    2.00 v input1/A (sky130_fd_sc_hd__clkbuf_4)
     5    0.07    0.10    0.15    2.16 v input1/X (sky130_fd_sc_hd__clkbuf_4)
                                         net1 (net)
                  0.10    0.00    2.16 v _306_/A (sky130_fd_sc_hd__clkbuf_8)
    10    0.08    0.07    0.17    2.33 v _306_/X (sky130_fd_sc_hd__clkbuf_8)
                                         _160_ (net)
                  0.07    0.00    2.33 v _316_/A (sky130_fd_sc_hd__inv_2)
     1    0.01    0.05    0.07    2.40 ^ _316_/Y (sky130_fd_sc_hd__inv_2)
                                         _047_ (net)
                  0.05    0.00    2.40 ^ _349_/RESET_B (sky130_fd_sc_hd__dfrtp_2)
                                  2.40   data arrival time

                         10.00   10.00   clock clk (rise edge)
                          0.00   10.00   clock source latency
     1    0.02    0.08    0.05   10.05 ^ clk (in)
                                         clk (net)
                  0.08    0.00   10.05 ^ clkbuf_0_clk/A (sky130_fd_sc_hd__clkbuf_16)
     4    0.05    0.05    0.11   10.16 ^ clkbuf_0_clk/X (sky130_fd_sc_hd__clkbuf_16)
                                         clknet_0_clk (net)
                  0.05    0.00   10.16 ^ clkbuf_2_3__f_clk/A (sky130_fd_sc_hd__clkbuf_16)
     8    0.04    0.05    0.10   10.26 ^ clkbuf_2_3__f_clk/X (sky130_fd_sc_hd__clkbuf_16)
                                         clknet_2_3__leaf_clk (net)
                  0.05    0.00   10.26 ^ _349_/CLK (sky130_fd_sc_hd__dfrtp_2)
                         -0.25   10.01   clock uncertainty
                          0.00   10.01   clock reconvergence pessimism
                          0.13   10.14   library recovery time
                                 10.14   data required time
-----------------------------------------------------------------------------
                                 10.14   data required time
                                 -2.40   data arrival time
-----------------------------------------------------------------------------
                                  7.74   slack (MET)


Startpoint: rst (input port clocked by clk)
Endpoint: _334_ (recovery check against rising-edge clock clk)
Path Group: asynchronous
Path Type: max
Corner: Fastest

Fanout     Cap    Slew   Delay    Time   Description
-----------------------------------------------------------------------------
                          0.00    0.00   clock clk (rise edge)
                          0.00    0.00   clock network delay (propagated)
                          2.00    2.00 v input external delay
     1    0.00    0.00    0.00    2.00 v rst (in)
                                         rst (net)
                  0.00    0.00    2.00 v input1/A (sky130_fd_sc_hd__clkbuf_4)
     5    0.07    0.10    0.15    2.16 v input1/X (sky130_fd_sc_hd__clkbuf_4)
                                         net1 (net)
                  0.10    0.00    2.16 v _295_/A (sky130_fd_sc_hd__buf_4)
    10    0.08    0.08    0.18    2.34 v _295_/X (sky130_fd_sc_hd__buf_4)
                                         _159_ (net)
                  0.08    0.00    2.34 v _300_/A (sky130_fd_sc_hd__inv_2)
     1    0.01    0.04    0.06    2.40 ^ _300_/Y (sky130_fd_sc_hd__inv_2)
                                         _032_ (net)
                  0.04    0.00    2.40 ^ _334_/RESET_B (sky130_fd_sc_hd__dfrtp_4)
                                  2.40   data arrival time

                         10.00   10.00   clock clk (rise edge)
                          0.00   10.00   clock source latency
     1    0.02    0.08    0.05   10.05 ^ clk (in)
                                         clk (net)
                  0.08    0.00   10.05 ^ clkbuf_0_clk/A (sky130_fd_sc_hd__clkbuf_16)
     4    0.05    0.05    0.11   10.16 ^ clkbuf_0_clk/X (sky130_fd_sc_hd__clkbuf_16)
                                         clknet_0_clk (net)
                  0.05    0.00   10.16 ^ clkbuf_2_1__f_clk/A (sky130_fd_sc_hd__clkbuf_16)
    11    0.04    0.04    0.10   10.26 ^ clkbuf_2_1__f_clk/X (sky130_fd_sc_hd__clkbuf_16)
                                         clknet_2_1__leaf_clk (net)
                  0.04    0.00   10.26 ^ _334_/CLK (sky130_fd_sc_hd__dfrtp_4)
                         -0.25   10.01   clock uncertainty
                          0.00   10.01   clock reconvergence pessimism
                          0.13   10.14   library recovery time
                                 10.14   data required time
-----------------------------------------------------------------------------
                                 10.14   data required time
                                 -2.40   data arrival time
-----------------------------------------------------------------------------
                                  7.74   slack (MET)


Startpoint: rst (input port clocked by clk)
Endpoint: _359_ (recovery check against rising-edge clock clk)
Path Group: asynchronous
Path Type: max
Corner: Fastest

Fanout     Cap    Slew   Delay    Time   Description
-----------------------------------------------------------------------------
                          0.00    0.00   clock clk (rise edge)
                          0.00    0.00   clock network delay (propagated)
                          2.00    2.00 v input external delay
     1    0.00    0.00    0.00    2.00 v rst (in)
                                         rst (net)
                  0.00    0.00    2.00 v input1/A (sky130_fd_sc_hd__clkbuf_4)
     5    0.07    0.10    0.15    2.16 v input1/X (sky130_fd_sc_hd__clkbuf_4)
                                         net1 (net)
                  0.10    0.00    2.16 v _317_/A (sky130_fd_sc_hd__clkbuf_8)
    10    0.07    0.07    0.17    2.32 v _317_/X (sky130_fd_sc_hd__clkbuf_8)
                                         _161_ (net)
                  0.07    0.00    2.33 v _327_/A (sky130_fd_sc_hd__inv_2)
     1    0.01    0.05    0.07    2.40 ^ _327_/Y (sky130_fd_sc_hd__inv_2)
                                         _057_ (net)
                  0.05    0.00    2.40 ^ _359_/RESET_B (sky130_fd_sc_hd__dfrtp_4)
                                  2.40   data arrival time

                         10.00   10.00   clock clk (rise edge)
                          0.00   10.00   clock source latency
     1    0.02    0.08    0.05   10.05 ^ clk (in)
                                         clk (net)
                  0.08    0.00   10.05 ^ clkbuf_0_clk/A (sky130_fd_sc_hd__clkbuf_16)
     4    0.05    0.05    0.11   10.16 ^ clkbuf_0_clk/X (sky130_fd_sc_hd__clkbuf_16)
                                         clknet_0_clk (net)
                  0.05    0.00   10.16 ^ clkbuf_2_0__f_clk/A (sky130_fd_sc_hd__clkbuf_16)
     9    0.04    0.05    0.10   10.26 ^ clkbuf_2_0__f_clk/X (sky130_fd_sc_hd__clkbuf_16)
                                         clknet_2_0__leaf_clk (net)
                  0.05    0.00   10.26 ^ _359_/CLK (sky130_fd_sc_hd__dfrtp_4)
                         -0.25   10.01   clock uncertainty
                          0.00   10.01   clock reconvergence pessimism
                          0.13   10.14   library recovery time
                                 10.14   data required time
-----------------------------------------------------------------------------
                                 10.14   data required time
                                 -2.40   data arrival time
-----------------------------------------------------------------------------
                                  7.74   slack (MET)


Startpoint: _343_ (rising edge-triggered flip-flop clocked by clk)
Endpoint: _330_ (rising edge-triggered flip-flop clocked by clk)
Path Group: clk
Path Type: max
Corner: Fastest

Fanout     Cap    Slew   Delay    Time   Description
-----------------------------------------------------------------------------
                          0.00    0.00   clock clk (rise edge)
                          0.00    0.00   clock source latency
     1    0.02    0.08    0.06    0.06 ^ clk (in)
                                         clk (net)
                  0.08    0.00    0.06 ^ clkbuf_0_clk/A (sky130_fd_sc_hd__clkbuf_16)
     4    0.05    0.05    0.12    0.18 ^ clkbuf_0_clk/X (sky130_fd_sc_hd__clkbuf_16)
                                         clknet_0_clk (net)
                  0.05    0.00    0.18 ^ clkbuf_2_0__f_clk/A (sky130_fd_sc_hd__clkbuf_16)
     9    0.04    0.05    0.11    0.29 ^ clkbuf_2_0__f_clk/X (sky130_fd_sc_hd__clkbuf_16)
                                         clknet_2_0__leaf_clk (net)
                  0.05    0.00    0.29 ^ _343_/CLK (sky130_fd_sc_hd__dfrtp_1)
     4    0.02    0.08    0.29    0.58 v _343_/Q (sky130_fd_sc_hd__dfrtp_1)
                                         one_second_counter[13] (net)
                  0.08    0.00    0.59 v _180_/D (sky130_fd_sc_hd__and4_1)
     2    0.02    0.08    0.21    0.79 v _180_/X (sky130_fd_sc_hd__and4_1)
                                         _078_ (net)
                  0.08    0.00    0.79 v _181_/D (sky130_fd_sc_hd__or4_2)
     1    0.02    0.11    0.39    1.18 v _181_/X (sky130_fd_sc_hd__or4_2)
                                         _079_ (net)
                  0.11    0.00    1.18 v _184_/A3 (sky130_fd_sc_hd__o31a_1)
     1    0.02    0.09    0.25    1.42 v _184_/X (sky130_fd_sc_hd__o31a_1)
                                         _082_ (net)
                  0.09    0.00    1.43 v _186_/A2 (sky130_fd_sc_hd__o211ai_2)
     2    0.02    0.20    0.21    1.64 ^ _186_/Y (sky130_fd_sc_hd__o211ai_2)
                                         _084_ (net)
                  0.20    0.00    1.64 ^ _187_/A2 (sky130_fd_sc_hd__a21bo_2)
     9    0.05    0.21    0.25    1.88 ^ _187_/X (sky130_fd_sc_hd__a21bo_2)
                                         _085_ (net)
                  0.21    0.00    1.89 ^ _188_/A (sky130_fd_sc_hd__inv_2)
     2    0.02    0.07    0.07    1.95 v _188_/Y (sky130_fd_sc_hd__inv_2)
                                         _086_ (net)
                  0.07    0.00    1.95 v _189_/A (sky130_fd_sc_hd__buf_4)
    10    0.07    0.07    0.16    2.11 v _189_/X (sky130_fd_sc_hd__buf_4)
                                         _027_ (net)
                  0.07    0.00    2.12 v _190_/B (sky130_fd_sc_hd__nor2_1)
     1    0.01    0.12    0.12    2.24 ^ _190_/Y (sky130_fd_sc_hd__nor2_1)
                                         _000_ (net)
                  0.12    0.00    2.24 ^ _330_/D (sky130_fd_sc_hd__dfrtp_4)
                                  2.24   data arrival time

                         10.00   10.00   clock clk (rise edge)
                          0.00   10.00   clock source latency
     1    0.02    0.08    0.05   10.05 ^ clk (in)
                                         clk (net)
                  0.08    0.00   10.05 ^ clkbuf_0_clk/A (sky130_fd_sc_hd__clkbuf_16)
     4    0.05    0.05    0.11   10.16 ^ clkbuf_0_clk/X (sky130_fd_sc_hd__clkbuf_16)
                                         clknet_0_clk (net)
                  0.05    0.00   10.16 ^ clkbuf_2_1__f_clk/A (sky130_fd_sc_hd__clkbuf_16)
    11    0.04    0.04    0.10   10.26 ^ clkbuf_2_1__f_clk/X (sky130_fd_sc_hd__clkbuf_16)
                                         clknet_2_1__leaf_clk (net)
                  0.04    0.00   10.26 ^ _330_/CLK (sky130_fd_sc_hd__dfrtp_4)
                         -0.25   10.01   clock uncertainty
                          0.02   10.03   clock reconvergence pessimism
                         -0.05    9.98   library setup time
                                  9.98   data required time
-----------------------------------------------------------------------------
                                  9.98   data required time
                                 -2.24   data arrival time
-----------------------------------------------------------------------------
                                  7.74   slack (MET)


Startpoint: rst (input port clocked by clk)
Endpoint: _355_ (recovery check against rising-edge clock clk)
Path Group: asynchronous
Path Type: max
Corner: Fastest

Fanout     Cap    Slew   Delay    Time   Description
-----------------------------------------------------------------------------
                          0.00    0.00   clock clk (rise edge)
                          0.00    0.00   clock network delay (propagated)
                          2.00    2.00 v input external delay
     1    0.00    0.00    0.00    2.00 v rst (in)
                                         rst (net)
                  0.00    0.00    2.00 v input1/A (sky130_fd_sc_hd__clkbuf_4)
     5    0.07    0.10    0.15    2.16 v input1/X (sky130_fd_sc_hd__clkbuf_4)
                                         net1 (net)
                  0.10    0.00    2.16 v _317_/A (sky130_fd_sc_hd__clkbuf_8)
    10    0.07    0.07    0.17    2.32 v _317_/X (sky130_fd_sc_hd__clkbuf_8)
                                         _161_ (net)
                  0.07    0.00    2.33 v _323_/A (sky130_fd_sc_hd__inv_2)
     1    0.01    0.05    0.07    2.40 ^ _323_/Y (sky130_fd_sc_hd__inv_2)
                                         _053_ (net)
                  0.05    0.00    2.40 ^ _355_/RESET_B (sky130_fd_sc_hd__dfrtp_4)
                                  2.40   data arrival time

                         10.00   10.00   clock clk (rise edge)
                          0.00   10.00   clock source latency
     1    0.02    0.08    0.05   10.05 ^ clk (in)
                                         clk (net)
                  0.08    0.00   10.05 ^ clkbuf_0_clk/A (sky130_fd_sc_hd__clkbuf_16)
     4    0.05    0.05    0.11   10.16 ^ clkbuf_0_clk/X (sky130_fd_sc_hd__clkbuf_16)
                                         clknet_0_clk (net)
                  0.05    0.00   10.16 ^ clkbuf_2_1__f_clk/A (sky130_fd_sc_hd__clkbuf_16)
    11    0.04    0.04    0.10   10.26 ^ clkbuf_2_1__f_clk/X (sky130_fd_sc_hd__clkbuf_16)
                                         clknet_2_1__leaf_clk (net)
                  0.04    0.00   10.26 ^ _355_/CLK (sky130_fd_sc_hd__dfrtp_4)
                         -0.25   10.01   clock uncertainty
                          0.00   10.01   clock reconvergence pessimism
                          0.13   10.14   library recovery time
                                 10.14   data required time
-----------------------------------------------------------------------------
                                 10.14   data required time
                                 -2.40   data arrival time
-----------------------------------------------------------------------------
                                  7.74   slack (MET)


Startpoint: rst (input port clocked by clk)
Endpoint: _341_ (recovery check against rising-edge clock clk)
Path Group: asynchronous
Path Type: max
Corner: Fastest

Fanout     Cap    Slew   Delay    Time   Description
-----------------------------------------------------------------------------
                          0.00    0.00   clock clk (rise edge)
                          0.00    0.00   clock network delay (propagated)
                          2.00    2.00 v input external delay
     1    0.00    0.00    0.00    2.00 v rst (in)
                                         rst (net)
                  0.00    0.00    2.00 v input1/A (sky130_fd_sc_hd__clkbuf_4)
     5    0.07    0.10    0.15    2.16 v input1/X (sky130_fd_sc_hd__clkbuf_4)
                                         net1 (net)
                  0.10    0.00    2.16 v _306_/A (sky130_fd_sc_hd__clkbuf_8)
    10    0.08    0.07    0.17    2.33 v _306_/X (sky130_fd_sc_hd__clkbuf_8)
                                         _160_ (net)
                  0.07    0.01    2.33 v _308_/A (sky130_fd_sc_hd__inv_2)
     1    0.01    0.05    0.07    2.40 ^ _308_/Y (sky130_fd_sc_hd__inv_2)
                                         _039_ (net)
                  0.05    0.00    2.40 ^ _341_/RESET_B (sky130_fd_sc_hd__dfrtp_4)
                                  2.40   data arrival time

                         10.00   10.00   clock clk (rise edge)
                          0.00   10.00   clock source latency
     1    0.02    0.08    0.05   10.05 ^ clk (in)
                                         clk (net)
                  0.08    0.00   10.05 ^ clkbuf_0_clk/A (sky130_fd_sc_hd__clkbuf_16)
     4    0.05    0.05    0.11   10.16 ^ clkbuf_0_clk/X (sky130_fd_sc_hd__clkbuf_16)
                                         clknet_0_clk (net)
                  0.05    0.00   10.16 ^ clkbuf_2_0__f_clk/A (sky130_fd_sc_hd__clkbuf_16)
     9    0.04    0.05    0.10   10.26 ^ clkbuf_2_0__f_clk/X (sky130_fd_sc_hd__clkbuf_16)
                                         clknet_2_0__leaf_clk (net)
                  0.05    0.00   10.26 ^ _341_/CLK (sky130_fd_sc_hd__dfrtp_4)
                         -0.25   10.01   clock uncertainty
                          0.00   10.01   clock reconvergence pessimism
                          0.13   10.14   library recovery time
                                 10.14   data required time
-----------------------------------------------------------------------------
                                 10.14   data required time
                                 -2.40   data arrival time
-----------------------------------------------------------------------------
                                  7.74   slack (MET)


Startpoint: _342_ (rising edge-triggered flip-flop clocked by clk)
Endpoint: _348_ (rising edge-triggered flip-flop clocked by clk)
Path Group: clk
Path Type: max
Corner: Fastest

Fanout     Cap    Slew   Delay    Time   Description
-----------------------------------------------------------------------------
                          0.00    0.00   clock clk (rise edge)
                          0.00    0.00   clock source latency
     1    0.02    0.08    0.06    0.06 ^ clk (in)
                                         clk (net)
                  0.08    0.00    0.06 ^ clkbuf_0_clk/A (sky130_fd_sc_hd__clkbuf_16)
     4    0.05    0.05    0.12    0.18 ^ clkbuf_0_clk/X (sky130_fd_sc_hd__clkbuf_16)
                                         clknet_0_clk (net)
                  0.05    0.00    0.18 ^ clkbuf_2_1__f_clk/A (sky130_fd_sc_hd__clkbuf_16)
    11    0.04    0.04    0.11    0.29 ^ clkbuf_2_1__f_clk/X (sky130_fd_sc_hd__clkbuf_16)
                                         clknet_2_1__leaf_clk (net)
                  0.04    0.00    0.29 ^ _342_/CLK (sky130_fd_sc_hd__dfrtp_2)
     5    0.03    0.07    0.31    0.60 v _342_/Q (sky130_fd_sc_hd__dfrtp_2)
                                         one_second_counter[12] (net)
                  0.07    0.00    0.60 v _180_/C (sky130_fd_sc_hd__and4_1)
     2    0.02    0.08    0.20    0.80 v _180_/X (sky130_fd_sc_hd__and4_1)
                                         _078_ (net)
                  0.08    0.00    0.80 v _181_/D (sky130_fd_sc_hd__or4_2)
     1    0.02    0.11    0.39    1.18 v _181_/X (sky130_fd_sc_hd__or4_2)
                                         _079_ (net)
                  0.11    0.00    1.18 v _184_/A3 (sky130_fd_sc_hd__o31a_1)
     1    0.02    0.09    0.25    1.43 v _184_/X (sky130_fd_sc_hd__o31a_1)
                                         _082_ (net)
                  0.09    0.00    1.43 v _186_/A2 (sky130_fd_sc_hd__o211ai_2)
     2    0.02    0.20    0.21    1.64 ^ _186_/Y (sky130_fd_sc_hd__o211ai_2)
                                         _084_ (net)
                  0.20    0.00    1.64 ^ _187_/A2 (sky130_fd_sc_hd__a21bo_2)
     9    0.05    0.21    0.25    1.89 ^ _187_/X (sky130_fd_sc_hd__a21bo_2)
                                         _085_ (net)
                  0.21    0.00    1.89 ^ _202_/A (sky130_fd_sc_hd__clkbuf_4)
    10    0.06    0.15    0.22    2.11 ^ _202_/X (sky130_fd_sc_hd__clkbuf_4)
                                         _095_ (net)
                  0.15    0.00    2.11 ^ _255_/C1 (sky130_fd_sc_hd__o211a_1)
     1    0.01    0.09    0.13    2.24 ^ _255_/X (sky130_fd_sc_hd__o211a_1)
                                         _009_ (net)
                  0.09    0.00    2.24 ^ _348_/D (sky130_fd_sc_hd__dfrtp_4)
                                  2.24   data arrival time

                         10.00   10.00   clock clk (rise edge)
                          0.00   10.00   clock source latency
     1    0.02    0.08    0.05   10.05 ^ clk (in)
                                         clk (net)
                  0.08    0.00   10.05 ^ clkbuf_0_clk/A (sky130_fd_sc_hd__clkbuf_16)
     4    0.05    0.05    0.11   10.16 ^ clkbuf_0_clk/X (sky130_fd_sc_hd__clkbuf_16)
                                         clknet_0_clk (net)
                  0.05    0.00   10.16 ^ clkbuf_2_0__f_clk/A (sky130_fd_sc_hd__clkbuf_16)
     9    0.04    0.05    0.10   10.26 ^ clkbuf_2_0__f_clk/X (sky130_fd_sc_hd__clkbuf_16)
                                         clknet_2_0__leaf_clk (net)
                  0.05    0.00   10.26 ^ _348_/CLK (sky130_fd_sc_hd__dfrtp_4)
                         -0.25   10.01   clock uncertainty
                          0.02   10.03   clock reconvergence pessimism
                         -0.04    9.99   library setup time
                                  9.99   data required time
-----------------------------------------------------------------------------
                                  9.99   data required time
                                 -2.24   data arrival time
-----------------------------------------------------------------------------
                                  7.75   slack (MET)


Startpoint: rst (input port clocked by clk)
Endpoint: _331_ (recovery check against rising-edge clock clk)
Path Group: asynchronous
Path Type: max
Corner: Fastest

Fanout     Cap    Slew   Delay    Time   Description
-----------------------------------------------------------------------------
                          0.00    0.00   clock clk (rise edge)
                          0.00    0.00   clock network delay (propagated)
                          2.00    2.00 v input external delay
     1    0.00    0.00    0.00    2.00 v rst (in)
                                         rst (net)
                  0.00    0.00    2.00 v input1/A (sky130_fd_sc_hd__clkbuf_4)
     5    0.07    0.10    0.15    2.16 v input1/X (sky130_fd_sc_hd__clkbuf_4)
                                         net1 (net)
                  0.10    0.00    2.16 v _295_/A (sky130_fd_sc_hd__buf_4)
    10    0.08    0.08    0.18    2.34 v _295_/X (sky130_fd_sc_hd__buf_4)
                                         _159_ (net)
                  0.08    0.00    2.34 v _297_/A (sky130_fd_sc_hd__inv_2)
     1    0.01    0.04    0.06    2.40 ^ _297_/Y (sky130_fd_sc_hd__inv_2)
                                         _029_ (net)
                  0.04    0.00    2.40 ^ _331_/RESET_B (sky130_fd_sc_hd__dfrtp_4)
                                  2.40   data arrival time

                         10.00   10.00   clock clk (rise edge)
                          0.00   10.00   clock source latency
     1    0.02    0.08    0.05   10.05 ^ clk (in)
                                         clk (net)
                  0.08    0.00   10.05 ^ clkbuf_0_clk/A (sky130_fd_sc_hd__clkbuf_16)
     4    0.05    0.05    0.11   10.16 ^ clkbuf_0_clk/X (sky130_fd_sc_hd__clkbuf_16)
                                         clknet_0_clk (net)
                  0.05    0.00   10.16 ^ clkbuf_2_2__f_clk/A (sky130_fd_sc_hd__clkbuf_16)
     7    0.05    0.05    0.10   10.27 ^ clkbuf_2_2__f_clk/X (sky130_fd_sc_hd__clkbuf_16)
                                         clknet_2_2__leaf_clk (net)
                  0.05    0.00   10.27 ^ _331_/CLK (sky130_fd_sc_hd__dfrtp_4)
                         -0.25   10.02   clock uncertainty
                          0.00   10.02   clock reconvergence pessimism
                          0.13   10.15   library recovery time
                                 10.15   data required time
-----------------------------------------------------------------------------
                                 10.15   data required time
                                 -2.40   data arrival time
-----------------------------------------------------------------------------
                                  7.75   slack (MET)


Startpoint: rst (input port clocked by clk)
Endpoint: _335_ (recovery check against rising-edge clock clk)
Path Group: asynchronous
Path Type: max
Corner: Fastest

Fanout     Cap    Slew   Delay    Time   Description
-----------------------------------------------------------------------------
                          0.00    0.00   clock clk (rise edge)
                          0.00    0.00   clock network delay (propagated)
                          2.00    2.00 v input external delay
     1    0.00    0.00    0.00    2.00 v rst (in)
                                         rst (net)
                  0.00    0.00    2.00 v input1/A (sky130_fd_sc_hd__clkbuf_4)
     5    0.07    0.10    0.15    2.16 v input1/X (sky130_fd_sc_hd__clkbuf_4)
                                         net1 (net)
                  0.10    0.00    2.16 v _295_/A (sky130_fd_sc_hd__buf_4)
    10    0.08    0.08    0.18    2.34 v _295_/X (sky130_fd_sc_hd__buf_4)
                                         _159_ (net)
                  0.08    0.00    2.34 v _301_/A (sky130_fd_sc_hd__inv_2)
     1    0.01    0.04    0.06    2.40 ^ _301_/Y (sky130_fd_sc_hd__inv_2)
                                         _033_ (net)
                  0.04    0.00    2.40 ^ _335_/RESET_B (sky130_fd_sc_hd__dfrtp_2)
                                  2.40   data arrival time

                         10.00   10.00   clock clk (rise edge)
                          0.00   10.00   clock source latency
     1    0.02    0.08    0.05   10.05 ^ clk (in)
                                         clk (net)
                  0.08    0.00   10.05 ^ clkbuf_0_clk/A (sky130_fd_sc_hd__clkbuf_16)
     4    0.05    0.05    0.11   10.16 ^ clkbuf_0_clk/X (sky130_fd_sc_hd__clkbuf_16)
                                         clknet_0_clk (net)
                  0.05    0.00   10.16 ^ clkbuf_2_2__f_clk/A (sky130_fd_sc_hd__clkbuf_16)
     7    0.05    0.05    0.10   10.27 ^ clkbuf_2_2__f_clk/X (sky130_fd_sc_hd__clkbuf_16)
                                         clknet_2_2__leaf_clk (net)
                  0.05    0.00   10.27 ^ _335_/CLK (sky130_fd_sc_hd__dfrtp_2)
                         -0.25   10.02   clock uncertainty
                          0.00   10.02   clock reconvergence pessimism
                          0.13   10.15   library recovery time
                                 10.15   data required time
-----------------------------------------------------------------------------
                                 10.15   data required time
                                 -2.40   data arrival time
-----------------------------------------------------------------------------
                                  7.75   slack (MET)


Startpoint: rst (input port clocked by clk)
Endpoint: _342_ (recovery check against rising-edge clock clk)
Path Group: asynchronous
Path Type: max
Corner: Fastest

Fanout     Cap    Slew   Delay    Time   Description
-----------------------------------------------------------------------------
                          0.00    0.00   clock clk (rise edge)
                          0.00    0.00   clock network delay (propagated)
                          2.00    2.00 v input external delay
     1    0.00    0.00    0.00    2.00 v rst (in)
                                         rst (net)
                  0.00    0.00    2.00 v input1/A (sky130_fd_sc_hd__clkbuf_4)
     5    0.07    0.10    0.15    2.16 v input1/X (sky130_fd_sc_hd__clkbuf_4)
                                         net1 (net)
                  0.10    0.00    2.16 v _306_/A (sky130_fd_sc_hd__clkbuf_8)
    10    0.08    0.07    0.17    2.33 v _306_/X (sky130_fd_sc_hd__clkbuf_8)
                                         _160_ (net)
                  0.07    0.01    2.33 v _309_/A (sky130_fd_sc_hd__inv_2)
     1    0.01    0.04    0.06    2.39 ^ _309_/Y (sky130_fd_sc_hd__inv_2)
                                         _040_ (net)
                  0.04    0.00    2.39 ^ _342_/RESET_B (sky130_fd_sc_hd__dfrtp_2)
                                  2.39   data arrival time

                         10.00   10.00   clock clk (rise edge)
                          0.00   10.00   clock source latency
     1    0.02    0.08    0.05   10.05 ^ clk (in)
                                         clk (net)
                  0.08    0.00   10.05 ^ clkbuf_0_clk/A (sky130_fd_sc_hd__clkbuf_16)
     4    0.05    0.05    0.11   10.16 ^ clkbuf_0_clk/X (sky130_fd_sc_hd__clkbuf_16)
                                         clknet_0_clk (net)
                  0.05    0.00   10.16 ^ clkbuf_2_1__f_clk/A (sky130_fd_sc_hd__clkbuf_16)
    11    0.04    0.04    0.10   10.26 ^ clkbuf_2_1__f_clk/X (sky130_fd_sc_hd__clkbuf_16)
                                         clknet_2_1__leaf_clk (net)
                  0.04    0.00   10.26 ^ _342_/CLK (sky130_fd_sc_hd__dfrtp_2)
                         -0.25   10.01   clock uncertainty
                          0.00   10.01   clock reconvergence pessimism
                          0.13   10.15   library recovery time
                                 10.15   data required time
-----------------------------------------------------------------------------
                                 10.15   data required time
                                 -2.39   data arrival time
-----------------------------------------------------------------------------
                                  7.76   slack (MET)


Startpoint: rst (input port clocked by clk)
Endpoint: _352_ (recovery check against rising-edge clock clk)
Path Group: asynchronous
Path Type: max
Corner: Fastest

Fanout     Cap    Slew   Delay    Time   Description
-----------------------------------------------------------------------------
                          0.00    0.00   clock clk (rise edge)
                          0.00    0.00   clock network delay (propagated)
                          2.00    2.00 v input external delay
     1    0.00    0.00    0.00    2.00 v rst (in)
                                         rst (net)
                  0.00    0.00    2.00 v input1/A (sky130_fd_sc_hd__clkbuf_4)
     5    0.07    0.10    0.15    2.16 v input1/X (sky130_fd_sc_hd__clkbuf_4)
                                         net1 (net)
                  0.10    0.00    2.16 v _317_/A (sky130_fd_sc_hd__clkbuf_8)
    10    0.07    0.07    0.17    2.32 v _317_/X (sky130_fd_sc_hd__clkbuf_8)
                                         _161_ (net)
                  0.07    0.00    2.33 v _320_/A (sky130_fd_sc_hd__inv_2)
     1    0.01    0.06    0.07    2.40 ^ _320_/Y (sky130_fd_sc_hd__inv_2)
                                         _050_ (net)
                  0.06    0.00    2.40 ^ _352_/RESET_B (sky130_fd_sc_hd__dfrtp_1)
                                  2.40   data arrival time

                         10.00   10.00   clock clk (rise edge)
                          0.00   10.00   clock source latency
     1    0.02    0.08    0.05   10.05 ^ clk (in)
                                         clk (net)
                  0.08    0.00   10.05 ^ clkbuf_0_clk/A (sky130_fd_sc_hd__clkbuf_16)
     4    0.05    0.05    0.11   10.16 ^ clkbuf_0_clk/X (sky130_fd_sc_hd__clkbuf_16)
                                         clknet_0_clk (net)
                  0.05    0.00   10.16 ^ clkbuf_2_0__f_clk/A (sky130_fd_sc_hd__clkbuf_16)
     9    0.04    0.05    0.10   10.26 ^ clkbuf_2_0__f_clk/X (sky130_fd_sc_hd__clkbuf_16)
                                         clknet_2_0__leaf_clk (net)
                  0.05    0.00   10.26 ^ _352_/CLK (sky130_fd_sc_hd__dfrtp_1)
                         -0.25   10.01   clock uncertainty
                          0.00   10.01   clock reconvergence pessimism
                          0.14   10.16   library recovery time
                                 10.16   data required time
-----------------------------------------------------------------------------
                                 10.16   data required time
                                 -2.40   data arrival time
-----------------------------------------------------------------------------
                                  7.76   slack (MET)


Startpoint: rst (input port clocked by clk)
Endpoint: _357_ (recovery check against rising-edge clock clk)
Path Group: asynchronous
Path Type: max
Corner: Fastest

Fanout     Cap    Slew   Delay    Time   Description
-----------------------------------------------------------------------------
                          0.00    0.00   clock clk (rise edge)
                          0.00    0.00   clock network delay (propagated)
                          2.00    2.00 v input external delay
     1    0.00    0.00    0.00    2.00 v rst (in)
                                         rst (net)
                  0.00    0.00    2.00 v input1/A (sky130_fd_sc_hd__clkbuf_4)
     5    0.07    0.10    0.15    2.16 v input1/X (sky130_fd_sc_hd__clkbuf_4)
                                         net1 (net)
                  0.10    0.00    2.16 v _317_/A (sky130_fd_sc_hd__clkbuf_8)
    10    0.07    0.07    0.17    2.32 v _317_/X (sky130_fd_sc_hd__clkbuf_8)
                                         _161_ (net)
                  0.07    0.00    2.33 v _325_/A (sky130_fd_sc_hd__inv_2)
     1    0.01    0.04    0.06    2.39 ^ _325_/Y (sky130_fd_sc_hd__inv_2)
                                         _055_ (net)
                  0.04    0.00    2.39 ^ _357_/RESET_B (sky130_fd_sc_hd__dfrtp_4)
                                  2.39   data arrival time

                         10.00   10.00   clock clk (rise edge)
                          0.00   10.00   clock source latency
     1    0.02    0.08    0.05   10.05 ^ clk (in)
                                         clk (net)
                  0.08    0.00   10.05 ^ clkbuf_0_clk/A (sky130_fd_sc_hd__clkbuf_16)
     4    0.05    0.05    0.11   10.16 ^ clkbuf_0_clk/X (sky130_fd_sc_hd__clkbuf_16)
                                         clknet_0_clk (net)
                  0.05    0.00   10.16 ^ clkbuf_2_2__f_clk/A (sky130_fd_sc_hd__clkbuf_16)
     7    0.05    0.05    0.10   10.27 ^ clkbuf_2_2__f_clk/X (sky130_fd_sc_hd__clkbuf_16)
                                         clknet_2_2__leaf_clk (net)
                  0.05    0.00   10.27 ^ _357_/CLK (sky130_fd_sc_hd__dfrtp_4)
                         -0.25   10.02   clock uncertainty
                          0.00   10.02   clock reconvergence pessimism
                          0.13   10.15   library recovery time
                                 10.15   data required time
-----------------------------------------------------------------------------
                                 10.15   data required time
                                 -2.39   data arrival time
-----------------------------------------------------------------------------
                                  7.76   slack (MET)


Startpoint: _342_ (rising edge-triggered flip-flop clocked by clk)
Endpoint: _350_ (rising edge-triggered flip-flop clocked by clk)
Path Group: clk
Path Type: max
Corner: Fastest

Fanout     Cap    Slew   Delay    Time   Description
-----------------------------------------------------------------------------
                          0.00    0.00   clock clk (rise edge)
                          0.00    0.00   clock source latency
     1    0.02    0.08    0.06    0.06 ^ clk (in)
                                         clk (net)
                  0.08    0.00    0.06 ^ clkbuf_0_clk/A (sky130_fd_sc_hd__clkbuf_16)
     4    0.05    0.05    0.12    0.18 ^ clkbuf_0_clk/X (sky130_fd_sc_hd__clkbuf_16)
                                         clknet_0_clk (net)
                  0.05    0.00    0.18 ^ clkbuf_2_1__f_clk/A (sky130_fd_sc_hd__clkbuf_16)
    11    0.04    0.04    0.11    0.29 ^ clkbuf_2_1__f_clk/X (sky130_fd_sc_hd__clkbuf_16)
                                         clknet_2_1__leaf_clk (net)
                  0.04    0.00    0.29 ^ _342_/CLK (sky130_fd_sc_hd__dfrtp_2)
     5    0.03    0.07    0.31    0.60 v _342_/Q (sky130_fd_sc_hd__dfrtp_2)
                                         one_second_counter[12] (net)
                  0.07    0.00    0.60 v _180_/C (sky130_fd_sc_hd__and4_1)
     2    0.02    0.08    0.20    0.80 v _180_/X (sky130_fd_sc_hd__and4_1)
                                         _078_ (net)
                  0.08    0.00    0.80 v _181_/D (sky130_fd_sc_hd__or4_2)
     1    0.02    0.11    0.39    1.18 v _181_/X (sky130_fd_sc_hd__or4_2)
                                         _079_ (net)
                  0.11    0.00    1.18 v _184_/A3 (sky130_fd_sc_hd__o31a_1)
     1    0.02    0.09    0.25    1.43 v _184_/X (sky130_fd_sc_hd__o31a_1)
                                         _082_ (net)
                  0.09    0.00    1.43 v _186_/A2 (sky130_fd_sc_hd__o211ai_2)
     2    0.02    0.20    0.21    1.64 ^ _186_/Y (sky130_fd_sc_hd__o211ai_2)
                                         _084_ (net)
                  0.20    0.00    1.64 ^ _187_/A2 (sky130_fd_sc_hd__a21bo_2)
     9    0.05    0.21    0.25    1.89 ^ _187_/X (sky130_fd_sc_hd__a21bo_2)
                                         _085_ (net)
                  0.21    0.00    1.89 ^ _264_/A (sky130_fd_sc_hd__and3_1)
     1    0.02    0.18    0.23    2.12 ^ _264_/X (sky130_fd_sc_hd__and3_1)
                                         _141_ (net)
                  0.18    0.00    2.12 ^ _265_/A (sky130_fd_sc_hd__clkbuf_1)
     1    0.01    0.08    0.10    2.22 ^ _265_/X (sky130_fd_sc_hd__clkbuf_1)
                                         _012_ (net)
                  0.08    0.00    2.22 ^ _350_/D (sky130_fd_sc_hd__dfrtp_2)
                                  2.22   data arrival time

                         10.00   10.00   clock clk (rise edge)
                          0.00   10.00   clock source latency
     1    0.02    0.08    0.05   10.05 ^ clk (in)
                                         clk (net)
                  0.08    0.00   10.05 ^ clkbuf_0_clk/A (sky130_fd_sc_hd__clkbuf_16)
     4    0.05    0.05    0.11   10.16 ^ clkbuf_0_clk/X (sky130_fd_sc_hd__clkbuf_16)
                                         clknet_0_clk (net)
                  0.05    0.00   10.16 ^ clkbuf_2_3__f_clk/A (sky130_fd_sc_hd__clkbuf_16)
     8    0.04    0.05    0.10   10.26 ^ clkbuf_2_3__f_clk/X (sky130_fd_sc_hd__clkbuf_16)
                                         clknet_2_3__leaf_clk (net)
                  0.05    0.00   10.26 ^ _350_/CLK (sky130_fd_sc_hd__dfrtp_2)
                         -0.25   10.01   clock uncertainty
                          0.02   10.03   clock reconvergence pessimism
                         -0.04    9.99   library setup time
                                  9.99   data required time
-----------------------------------------------------------------------------
                                  9.99   data required time
                                 -2.22   data arrival time
-----------------------------------------------------------------------------
                                  7.77   slack (MET)


Startpoint: rst (input port clocked by clk)
Endpoint: _345_ (recovery check against rising-edge clock clk)
Path Group: asynchronous
Path Type: max
Corner: Fastest

Fanout     Cap    Slew   Delay    Time   Description
-----------------------------------------------------------------------------
                          0.00    0.00   clock clk (rise edge)
                          0.00    0.00   clock network delay (propagated)
                          2.00    2.00 v input external delay
     1    0.00    0.00    0.00    2.00 v rst (in)
                                         rst (net)
                  0.00    0.00    2.00 v input1/A (sky130_fd_sc_hd__clkbuf_4)
     5    0.07    0.10    0.15    2.16 v input1/X (sky130_fd_sc_hd__clkbuf_4)
                                         net1 (net)
                  0.10    0.00    2.16 v _306_/A (sky130_fd_sc_hd__clkbuf_8)
    10    0.08    0.07    0.17    2.33 v _306_/X (sky130_fd_sc_hd__clkbuf_8)
                                         _160_ (net)
                  0.07    0.01    2.34 v _312_/A (sky130_fd_sc_hd__inv_2)
     1    0.00    0.03    0.05    2.38 ^ _312_/Y (sky130_fd_sc_hd__inv_2)
                                         _043_ (net)
                  0.03    0.00    2.38 ^ _345_/RESET_B (sky130_fd_sc_hd__dfrtp_2)
                                  2.38   data arrival time

                         10.00   10.00   clock clk (rise edge)
                          0.00   10.00   clock source latency
     1    0.02    0.08    0.05   10.05 ^ clk (in)
                                         clk (net)
                  0.08    0.00   10.05 ^ clkbuf_0_clk/A (sky130_fd_sc_hd__clkbuf_16)
     4    0.05    0.05    0.11   10.16 ^ clkbuf_0_clk/X (sky130_fd_sc_hd__clkbuf_16)
                                         clknet_0_clk (net)
                  0.05    0.00   10.16 ^ clkbuf_2_3__f_clk/A (sky130_fd_sc_hd__clkbuf_16)
     8    0.04    0.05    0.10   10.26 ^ clkbuf_2_3__f_clk/X (sky130_fd_sc_hd__clkbuf_16)
                                         clknet_2_3__leaf_clk (net)
                  0.05    0.00   10.26 ^ _345_/CLK (sky130_fd_sc_hd__dfrtp_2)
                         -0.25   10.01   clock uncertainty
                          0.00   10.01   clock reconvergence pessimism
                          0.14   10.15   library recovery time
                                 10.15   data required time
-----------------------------------------------------------------------------
                                 10.15   data required time
                                 -2.38   data arrival time
-----------------------------------------------------------------------------
                                  7.77   slack (MET)


Startpoint: _343_ (rising edge-triggered flip-flop clocked by clk)
Endpoint: _347_ (rising edge-triggered flip-flop clocked by clk)
Path Group: clk
Path Type: max
Corner: Fastest

Fanout     Cap    Slew   Delay    Time   Description
-----------------------------------------------------------------------------
                          0.00    0.00   clock clk (rise edge)
                          0.00    0.00   clock source latency
     1    0.02    0.08    0.06    0.06 ^ clk (in)
                                         clk (net)
                  0.08    0.00    0.06 ^ clkbuf_0_clk/A (sky130_fd_sc_hd__clkbuf_16)
     4    0.05    0.05    0.12    0.18 ^ clkbuf_0_clk/X (sky130_fd_sc_hd__clkbuf_16)
                                         clknet_0_clk (net)
                  0.05    0.00    0.18 ^ clkbuf_2_0__f_clk/A (sky130_fd_sc_hd__clkbuf_16)
     9    0.04    0.05    0.11    0.29 ^ clkbuf_2_0__f_clk/X (sky130_fd_sc_hd__clkbuf_16)
                                         clknet_2_0__leaf_clk (net)
                  0.05    0.00    0.29 ^ _343_/CLK (sky130_fd_sc_hd__dfrtp_1)
     4    0.02    0.08    0.29    0.58 v _343_/Q (sky130_fd_sc_hd__dfrtp_1)
                                         one_second_counter[13] (net)
                  0.08    0.00    0.59 v _180_/D (sky130_fd_sc_hd__and4_1)
     2    0.02    0.08    0.21    0.79 v _180_/X (sky130_fd_sc_hd__and4_1)
                                         _078_ (net)
                  0.08    0.00    0.79 v _181_/D (sky130_fd_sc_hd__or4_2)
     1    0.02    0.11    0.39    1.18 v _181_/X (sky130_fd_sc_hd__or4_2)
                                         _079_ (net)
                  0.11    0.00    1.18 v _184_/A3 (sky130_fd_sc_hd__o31a_1)
     1    0.02    0.09    0.25    1.42 v _184_/X (sky130_fd_sc_hd__o31a_1)
                                         _082_ (net)
                  0.09    0.00    1.43 v _186_/A2 (sky130_fd_sc_hd__o211ai_2)
     2    0.02    0.20    0.21    1.64 ^ _186_/Y (sky130_fd_sc_hd__o211ai_2)
                                         _084_ (net)
                  0.20    0.00    1.64 ^ _187_/A2 (sky130_fd_sc_hd__a21bo_2)
     9    0.05    0.21    0.25    1.88 ^ _187_/X (sky130_fd_sc_hd__a21bo_2)
                                         _085_ (net)
                  0.21    0.00    1.89 ^ _188_/A (sky130_fd_sc_hd__inv_2)
     2    0.02    0.07    0.07    1.95 v _188_/Y (sky130_fd_sc_hd__inv_2)
                                         _086_ (net)
                  0.07    0.00    1.95 v _189_/A (sky130_fd_sc_hd__buf_4)
    10    0.07    0.07    0.16    2.11 v _189_/X (sky130_fd_sc_hd__buf_4)
                                         _027_ (net)
                  0.07    0.00    2.12 v _252_/A (sky130_fd_sc_hd__nor2_1)
     1    0.00    0.08    0.10    2.22 ^ _252_/Y (sky130_fd_sc_hd__nor2_1)
                                         _008_ (net)
                  0.08    0.00    2.22 ^ _347_/D (sky130_fd_sc_hd__dfrtp_4)
                                  2.22   data arrival time

                         10.00   10.00   clock clk (rise edge)
                          0.00   10.00   clock source latency
     1    0.02    0.08    0.05   10.05 ^ clk (in)
                                         clk (net)
                  0.08    0.00   10.05 ^ clkbuf_0_clk/A (sky130_fd_sc_hd__clkbuf_16)
     4    0.05    0.05    0.11   10.16 ^ clkbuf_0_clk/X (sky130_fd_sc_hd__clkbuf_16)
                                         clknet_0_clk (net)
                  0.05    0.00   10.16 ^ clkbuf_2_1__f_clk/A (sky130_fd_sc_hd__clkbuf_16)
    11    0.04    0.04    0.10   10.26 ^ clkbuf_2_1__f_clk/X (sky130_fd_sc_hd__clkbuf_16)
                                         clknet_2_1__leaf_clk (net)
                  0.04    0.00   10.26 ^ _347_/CLK (sky130_fd_sc_hd__dfrtp_4)
                         -0.25   10.01   clock uncertainty
                          0.02   10.03   clock reconvergence pessimism
                         -0.04    9.99   library setup time
                                  9.99   data required time
-----------------------------------------------------------------------------
                                  9.99   data required time
                                 -2.22   data arrival time
-----------------------------------------------------------------------------
                                  7.77   slack (MET)


Startpoint: rst (input port clocked by clk)
Endpoint: _346_ (recovery check against rising-edge clock clk)
Path Group: asynchronous
Path Type: max
Corner: Fastest

Fanout     Cap    Slew   Delay    Time   Description
-----------------------------------------------------------------------------
                          0.00    0.00   clock clk (rise edge)
                          0.00    0.00   clock network delay (propagated)
                          2.00    2.00 v input external delay
     1    0.00    0.00    0.00    2.00 v rst (in)
                                         rst (net)
                  0.00    0.00    2.00 v input1/A (sky130_fd_sc_hd__clkbuf_4)
     5    0.07    0.10    0.15    2.16 v input1/X (sky130_fd_sc_hd__clkbuf_4)
                                         net1 (net)
                  0.10    0.00    2.16 v _306_/A (sky130_fd_sc_hd__clkbuf_8)
    10    0.08    0.07    0.17    2.33 v _306_/X (sky130_fd_sc_hd__clkbuf_8)
                                         _160_ (net)
                  0.07    0.01    2.33 v _313_/A (sky130_fd_sc_hd__inv_2)
     1    0.01    0.03    0.05    2.38 ^ _313_/Y (sky130_fd_sc_hd__inv_2)
                                         _044_ (net)
                  0.03    0.00    2.38 ^ _346_/RESET_B (sky130_fd_sc_hd__dfrtp_4)
                                  2.38   data arrival time

                         10.00   10.00   clock clk (rise edge)
                          0.00   10.00   clock source latency
     1    0.02    0.08    0.05   10.05 ^ clk (in)
                                         clk (net)
                  0.08    0.00   10.05 ^ clkbuf_0_clk/A (sky130_fd_sc_hd__clkbuf_16)
     4    0.05    0.05    0.11   10.16 ^ clkbuf_0_clk/X (sky130_fd_sc_hd__clkbuf_16)
                                         clknet_0_clk (net)
                  0.05    0.00   10.16 ^ clkbuf_2_2__f_clk/A (sky130_fd_sc_hd__clkbuf_16)
     7    0.05    0.05    0.10   10.27 ^ clkbuf_2_2__f_clk/X (sky130_fd_sc_hd__clkbuf_16)
                                         clknet_2_2__leaf_clk (net)
                  0.05    0.00   10.27 ^ _346_/CLK (sky130_fd_sc_hd__dfrtp_4)
                         -0.25   10.02   clock uncertainty
                          0.00   10.02   clock reconvergence pessimism
                          0.13   10.15   library recovery time
                                 10.15   data required time
-----------------------------------------------------------------------------
                                 10.15   data required time
                                 -2.38   data arrival time
-----------------------------------------------------------------------------
                                  7.77   slack (MET)


Startpoint: rst (input port clocked by clk)
Endpoint: _353_ (recovery check against rising-edge clock clk)
Path Group: asynchronous
Path Type: max
Corner: Fastest

Fanout     Cap    Slew   Delay    Time   Description
-----------------------------------------------------------------------------
                          0.00    0.00   clock clk (rise edge)
                          0.00    0.00   clock network delay (propagated)
                          2.00    2.00 v input external delay
     1    0.00    0.00    0.00    2.00 v rst (in)
                                         rst (net)
                  0.00    0.00    2.00 v input1/A (sky130_fd_sc_hd__clkbuf_4)
     5    0.07    0.10    0.15    2.16 v input1/X (sky130_fd_sc_hd__clkbuf_4)
                                         net1 (net)
                  0.10    0.00    2.16 v _317_/A (sky130_fd_sc_hd__clkbuf_8)
    10    0.07    0.07    0.17    2.32 v _317_/X (sky130_fd_sc_hd__clkbuf_8)
                                         _161_ (net)
                  0.07    0.00    2.33 v _321_/A (sky130_fd_sc_hd__inv_2)
     1    0.01    0.04    0.06    2.39 ^ _321_/Y (sky130_fd_sc_hd__inv_2)
                                         _051_ (net)
                  0.04    0.00    2.39 ^ _353_/RESET_B (sky130_fd_sc_hd__dfrtp_1)
                                  2.39   data arrival time

                         10.00   10.00   clock clk (rise edge)
                          0.00   10.00   clock source latency
     1    0.02    0.08    0.05   10.05 ^ clk (in)
                                         clk (net)
                  0.08    0.00   10.05 ^ clkbuf_0_clk/A (sky130_fd_sc_hd__clkbuf_16)
     4    0.05    0.05    0.11   10.16 ^ clkbuf_0_clk/X (sky130_fd_sc_hd__clkbuf_16)
                                         clknet_0_clk (net)
                  0.05    0.00   10.16 ^ clkbuf_2_1__f_clk/A (sky130_fd_sc_hd__clkbuf_16)
    11    0.04    0.04    0.10   10.26 ^ clkbuf_2_1__f_clk/X (sky130_fd_sc_hd__clkbuf_16)
                                         clknet_2_1__leaf_clk (net)
                  0.04    0.00   10.26 ^ _353_/CLK (sky130_fd_sc_hd__dfrtp_1)
                         -0.25   10.01   clock uncertainty
                          0.00   10.01   clock reconvergence pessimism
                          0.14   10.16   library recovery time
                                 10.16   data required time
-----------------------------------------------------------------------------
                                 10.16   data required time
                                 -2.39   data arrival time
-----------------------------------------------------------------------------
                                  7.77   slack (MET)


Startpoint: rst (input port clocked by clk)
Endpoint: _351_ (recovery check against rising-edge clock clk)
Path Group: asynchronous
Path Type: max
Corner: Fastest

Fanout     Cap    Slew   Delay    Time   Description
-----------------------------------------------------------------------------
                          0.00    0.00   clock clk (rise edge)
                          0.00    0.00   clock network delay (propagated)
                          2.00    2.00 v input external delay
     1    0.00    0.00    0.00    2.00 v rst (in)
                                         rst (net)
                  0.00    0.00    2.00 v input1/A (sky130_fd_sc_hd__clkbuf_4)
     5    0.07    0.10    0.15    2.16 v input1/X (sky130_fd_sc_hd__clkbuf_4)
                                         net1 (net)
                  0.10    0.00    2.16 v _317_/A (sky130_fd_sc_hd__clkbuf_8)
    10    0.07    0.07    0.17    2.32 v _317_/X (sky130_fd_sc_hd__clkbuf_8)
                                         _161_ (net)
                  0.07    0.00    2.33 v _319_/A (sky130_fd_sc_hd__inv_2)
     1    0.01    0.03    0.05    2.38 ^ _319_/Y (sky130_fd_sc_hd__inv_2)
                                         _049_ (net)
                  0.03    0.00    2.38 ^ _351_/RESET_B (sky130_fd_sc_hd__dfrtp_2)
                                  2.38   data arrival time

                         10.00   10.00   clock clk (rise edge)
                          0.00   10.00   clock source latency
     1    0.02    0.08    0.05   10.05 ^ clk (in)
                                         clk (net)
                  0.08    0.00   10.05 ^ clkbuf_0_clk/A (sky130_fd_sc_hd__clkbuf_16)
     4    0.05    0.05    0.11   10.16 ^ clkbuf_0_clk/X (sky130_fd_sc_hd__clkbuf_16)
                                         clknet_0_clk (net)
                  0.05    0.00   10.16 ^ clkbuf_2_2__f_clk/A (sky130_fd_sc_hd__clkbuf_16)
     7    0.05    0.05    0.10   10.27 ^ clkbuf_2_2__f_clk/X (sky130_fd_sc_hd__clkbuf_16)
                                         clknet_2_2__leaf_clk (net)
                  0.05    0.00   10.27 ^ _351_/CLK (sky130_fd_sc_hd__dfrtp_2)
                         -0.25   10.02   clock uncertainty
                          0.00   10.02   clock reconvergence pessimism
                          0.14   10.15   library recovery time
                                 10.15   data required time
-----------------------------------------------------------------------------
                                 10.15   data required time
                                 -2.38   data arrival time
-----------------------------------------------------------------------------
                                  7.78   slack (MET)


Startpoint: _343_ (rising edge-triggered flip-flop clocked by clk)
Endpoint: _356_ (rising edge-triggered flip-flop clocked by clk)
Path Group: clk
Path Type: max
Corner: Fastest

Fanout     Cap    Slew   Delay    Time   Description
-----------------------------------------------------------------------------
                          0.00    0.00   clock clk (rise edge)
                          0.00    0.00   clock source latency
     1    0.02    0.08    0.06    0.06 ^ clk (in)
                                         clk (net)
                  0.08    0.00    0.06 ^ clkbuf_0_clk/A (sky130_fd_sc_hd__clkbuf_16)
     4    0.05    0.05    0.12    0.18 ^ clkbuf_0_clk/X (sky130_fd_sc_hd__clkbuf_16)
                                         clknet_0_clk (net)
                  0.05    0.00    0.18 ^ clkbuf_2_0__f_clk/A (sky130_fd_sc_hd__clkbuf_16)
     9    0.04    0.05    0.11    0.29 ^ clkbuf_2_0__f_clk/X (sky130_fd_sc_hd__clkbuf_16)
                                         clknet_2_0__leaf_clk (net)
                  0.05    0.00    0.29 ^ _343_/CLK (sky130_fd_sc_hd__dfrtp_1)
     4    0.02    0.08    0.29    0.58 v _343_/Q (sky130_fd_sc_hd__dfrtp_1)
                                         one_second_counter[13] (net)
                  0.08    0.00    0.59 v _180_/D (sky130_fd_sc_hd__and4_1)
     2    0.02    0.08    0.21    0.79 v _180_/X (sky130_fd_sc_hd__and4_1)
                                         _078_ (net)
                  0.08    0.00    0.79 v _181_/D (sky130_fd_sc_hd__or4_2)
     1    0.02    0.11    0.39    1.18 v _181_/X (sky130_fd_sc_hd__or4_2)
                                         _079_ (net)
                  0.11    0.00    1.18 v _184_/A3 (sky130_fd_sc_hd__o31a_1)
     1    0.02    0.09    0.25    1.42 v _184_/X (sky130_fd_sc_hd__o31a_1)
                                         _082_ (net)
                  0.09    0.00    1.43 v _186_/A2 (sky130_fd_sc_hd__o211ai_2)
     2    0.02    0.20    0.21    1.64 ^ _186_/Y (sky130_fd_sc_hd__o211ai_2)
                                         _084_ (net)
                  0.20    0.00    1.64 ^ _187_/A2 (sky130_fd_sc_hd__a21bo_2)
     9    0.05    0.21    0.25    1.88 ^ _187_/X (sky130_fd_sc_hd__a21bo_2)
                                         _085_ (net)
                  0.21    0.00    1.89 ^ _202_/A (sky130_fd_sc_hd__clkbuf_4)
    10    0.06    0.15    0.22    2.11 ^ _202_/X (sky130_fd_sc_hd__clkbuf_4)
                                         _095_ (net)
                  0.15    0.00    2.11 ^ _284_/B1 (sky130_fd_sc_hd__o211a_1)
     1    0.00    0.04    0.09    2.20 ^ _284_/X (sky130_fd_sc_hd__o211a_1)
                                         _018_ (net)
                  0.04    0.00    2.20 ^ _356_/D (sky130_fd_sc_hd__dfrtp_1)
                                  2.20   data arrival time

                         10.00   10.00   clock clk (rise edge)
                          0.00   10.00   clock source latency
     1    0.02    0.08    0.05   10.05 ^ clk (in)
                                         clk (net)
                  0.08    0.00   10.05 ^ clkbuf_0_clk/A (sky130_fd_sc_hd__clkbuf_16)
     4    0.05    0.05    0.11   10.16 ^ clkbuf_0_clk/X (sky130_fd_sc_hd__clkbuf_16)
                                         clknet_0_clk (net)
                  0.05    0.00   10.16 ^ clkbuf_2_1__f_clk/A (sky130_fd_sc_hd__clkbuf_16)
    11    0.04    0.04    0.10   10.26 ^ clkbuf_2_1__f_clk/X (sky130_fd_sc_hd__clkbuf_16)
                                         clknet_2_1__leaf_clk (net)
                  0.04    0.00   10.26 ^ _356_/CLK (sky130_fd_sc_hd__dfrtp_1)
                         -0.25   10.01   clock uncertainty
                          0.02   10.03   clock reconvergence pessimism
                         -0.03    9.99   library setup time
                                  9.99   data required time
-----------------------------------------------------------------------------
                                  9.99   data required time
                                 -2.20   data arrival time
-----------------------------------------------------------------------------
                                  7.79   slack (MET)


Startpoint: _342_ (rising edge-triggered flip-flop clocked by clk)
Endpoint: _338_ (rising edge-triggered flip-flop clocked by clk)
Path Group: clk
Path Type: max
Corner: Fastest

Fanout     Cap    Slew   Delay    Time   Description
-----------------------------------------------------------------------------
                          0.00    0.00   clock clk (rise edge)
                          0.00    0.00   clock source latency
     1    0.02    0.08    0.06    0.06 ^ clk (in)
                                         clk (net)
                  0.08    0.00    0.06 ^ clkbuf_0_clk/A (sky130_fd_sc_hd__clkbuf_16)
     4    0.05    0.05    0.12    0.18 ^ clkbuf_0_clk/X (sky130_fd_sc_hd__clkbuf_16)
                                         clknet_0_clk (net)
                  0.05    0.00    0.18 ^ clkbuf_2_1__f_clk/A (sky130_fd_sc_hd__clkbuf_16)
    11    0.04    0.04    0.11    0.29 ^ clkbuf_2_1__f_clk/X (sky130_fd_sc_hd__clkbuf_16)
                                         clknet_2_1__leaf_clk (net)
                  0.04    0.00    0.29 ^ _342_/CLK (sky130_fd_sc_hd__dfrtp_2)
     5    0.03    0.07    0.31    0.60 v _342_/Q (sky130_fd_sc_hd__dfrtp_2)
                                         one_second_counter[12] (net)
                  0.07    0.00    0.60 v _180_/C (sky130_fd_sc_hd__and4_1)
     2    0.02    0.08    0.20    0.80 v _180_/X (sky130_fd_sc_hd__and4_1)
                                         _078_ (net)
                  0.08    0.00    0.80 v _181_/D (sky130_fd_sc_hd__or4_2)
     1    0.02    0.11    0.39    1.18 v _181_/X (sky130_fd_sc_hd__or4_2)
                                         _079_ (net)
                  0.11    0.00    1.18 v _184_/A3 (sky130_fd_sc_hd__o31a_1)
     1    0.02    0.09    0.25    1.43 v _184_/X (sky130_fd_sc_hd__o31a_1)
                                         _082_ (net)
                  0.09    0.00    1.43 v _186_/A2 (sky130_fd_sc_hd__o211ai_2)
     2    0.02    0.20    0.21    1.64 ^ _186_/Y (sky130_fd_sc_hd__o211ai_2)
                                         _084_ (net)
                  0.20    0.00    1.64 ^ _187_/A2 (sky130_fd_sc_hd__a21bo_2)
     9    0.05    0.21    0.25    1.89 ^ _187_/X (sky130_fd_sc_hd__a21bo_2)
                                         _085_ (net)
                  0.21    0.00    1.89 ^ _218_/B (sky130_fd_sc_hd__and3_1)
     1    0.02    0.12    0.19    2.08 ^ _218_/X (sky130_fd_sc_hd__and3_1)
                                         _107_ (net)
                  0.12    0.00    2.08 ^ _219_/A (sky130_fd_sc_hd__clkbuf_1)
     1    0.01    0.10    0.11    2.19 ^ _219_/X (sky130_fd_sc_hd__clkbuf_1)
                                         _025_ (net)
                  0.10    0.00    2.19 ^ _338_/D (sky130_fd_sc_hd__dfrtp_4)
                                  2.19   data arrival time

                         10.00   10.00   clock clk (rise edge)
                          0.00   10.00   clock source latency
     1    0.02    0.08    0.05   10.05 ^ clk (in)
                                         clk (net)
                  0.08    0.00   10.05 ^ clkbuf_0_clk/A (sky130_fd_sc_hd__clkbuf_16)
     4    0.05    0.05    0.11   10.16 ^ clkbuf_0_clk/X (sky130_fd_sc_hd__clkbuf_16)
                                         clknet_0_clk (net)
                  0.05    0.00   10.16 ^ clkbuf_2_3__f_clk/A (sky130_fd_sc_hd__clkbuf_16)
     8    0.04    0.05    0.10   10.26 ^ clkbuf_2_3__f_clk/X (sky130_fd_sc_hd__clkbuf_16)
                                         clknet_2_3__leaf_clk (net)
                  0.05    0.00   10.26 ^ _338_/CLK (sky130_fd_sc_hd__dfrtp_4)
                         -0.25   10.01   clock uncertainty
                          0.02   10.03   clock reconvergence pessimism
                         -0.04    9.99   library setup time
                                  9.99   data required time
-----------------------------------------------------------------------------
                                  9.99   data required time
                                 -2.19   data arrival time
-----------------------------------------------------------------------------
                                  7.80   slack (MET)


Startpoint: _342_ (rising edge-triggered flip-flop clocked by clk)
Endpoint: _357_ (rising edge-triggered flip-flop clocked by clk)
Path Group: clk
Path Type: max
Corner: Fastest

Fanout     Cap    Slew   Delay    Time   Description
-----------------------------------------------------------------------------
                          0.00    0.00   clock clk (rise edge)
                          0.00    0.00   clock source latency
     1    0.02    0.08    0.06    0.06 ^ clk (in)
                                         clk (net)
                  0.08    0.00    0.06 ^ clkbuf_0_clk/A (sky130_fd_sc_hd__clkbuf_16)
     4    0.05    0.05    0.12    0.18 ^ clkbuf_0_clk/X (sky130_fd_sc_hd__clkbuf_16)
                                         clknet_0_clk (net)
                  0.05    0.00    0.18 ^ clkbuf_2_1__f_clk/A (sky130_fd_sc_hd__clkbuf_16)
    11    0.04    0.04    0.11    0.29 ^ clkbuf_2_1__f_clk/X (sky130_fd_sc_hd__clkbuf_16)
                                         clknet_2_1__leaf_clk (net)
                  0.04    0.00    0.29 ^ _342_/CLK (sky130_fd_sc_hd__dfrtp_2)
     5    0.03    0.07    0.31    0.60 v _342_/Q (sky130_fd_sc_hd__dfrtp_2)
                                         one_second_counter[12] (net)
                  0.07    0.00    0.60 v _180_/C (sky130_fd_sc_hd__and4_1)
     2    0.02    0.08    0.20    0.80 v _180_/X (sky130_fd_sc_hd__and4_1)
                                         _078_ (net)
                  0.08    0.00    0.80 v _181_/D (sky130_fd_sc_hd__or4_2)
     1    0.02    0.11    0.39    1.18 v _181_/X (sky130_fd_sc_hd__or4_2)
                                         _079_ (net)
                  0.11    0.00    1.18 v _184_/A3 (sky130_fd_sc_hd__o31a_1)
     1    0.02    0.09    0.25    1.43 v _184_/X (sky130_fd_sc_hd__o31a_1)
                                         _082_ (net)
                  0.09    0.00    1.43 v _186_/A2 (sky130_fd_sc_hd__o211ai_2)
     2    0.02    0.20    0.21    1.64 ^ _186_/Y (sky130_fd_sc_hd__o211ai_2)
                                         _084_ (net)
                  0.20    0.00    1.64 ^ _187_/A2 (sky130_fd_sc_hd__a21bo_2)
     9    0.05    0.21    0.25    1.89 ^ _187_/X (sky130_fd_sc_hd__a21bo_2)
                                         _085_ (net)
                  0.21    0.00    1.89 ^ _188_/A (sky130_fd_sc_hd__inv_2)
     2    0.02    0.07    0.07    1.96 v _188_/Y (sky130_fd_sc_hd__inv_2)
                                         _086_ (net)
                  0.07    0.00    1.96 v _189_/A (sky130_fd_sc_hd__buf_4)
    10    0.07    0.07    0.16    2.12 v _189_/X (sky130_fd_sc_hd__buf_4)
                                         _027_ (net)
                  0.07    0.01    2.12 v _357_/D (sky130_fd_sc_hd__dfrtp_4)
                                  2.12   data arrival time

                         10.00   10.00   clock clk (rise edge)
                          0.00   10.00   clock source latency
     1    0.02    0.08    0.05   10.05 ^ clk (in)
                                         clk (net)
                  0.08    0.00   10.05 ^ clkbuf_0_clk/A (sky130_fd_sc_hd__clkbuf_16)
     4    0.05    0.05    0.11   10.16 ^ clkbuf_0_clk/X (sky130_fd_sc_hd__clkbuf_16)
                                         clknet_0_clk (net)
                  0.05    0.00   10.16 ^ clkbuf_2_2__f_clk/A (sky130_fd_sc_hd__clkbuf_16)
     7    0.05    0.05    0.10   10.27 ^ clkbuf_2_2__f_clk/X (sky130_fd_sc_hd__clkbuf_16)
                                         clknet_2_2__leaf_clk (net)
                  0.05    0.00   10.27 ^ _357_/CLK (sky130_fd_sc_hd__dfrtp_4)
                         -0.25   10.02   clock uncertainty
                          0.02   10.04   clock reconvergence pessimism
                         -0.08    9.95   library setup time
                                  9.95   data required time
-----------------------------------------------------------------------------
                                  9.95   data required time
                                 -2.12   data arrival time
-----------------------------------------------------------------------------
                                  7.83   slack (MET)


Startpoint: _342_ (rising edge-triggered flip-flop clocked by clk)
Endpoint: _333_ (rising edge-triggered flip-flop clocked by clk)
Path Group: clk
Path Type: max
Corner: Fastest

Fanout     Cap    Slew   Delay    Time   Description
-----------------------------------------------------------------------------
                          0.00    0.00   clock clk (rise edge)
                          0.00    0.00   clock source latency
     1    0.02    0.08    0.06    0.06 ^ clk (in)
                                         clk (net)
                  0.08    0.00    0.06 ^ clkbuf_0_clk/A (sky130_fd_sc_hd__clkbuf_16)
     4    0.05    0.05    0.12    0.18 ^ clkbuf_0_clk/X (sky130_fd_sc_hd__clkbuf_16)
                                         clknet_0_clk (net)
                  0.05    0.00    0.18 ^ clkbuf_2_1__f_clk/A (sky130_fd_sc_hd__clkbuf_16)
    11    0.04    0.04    0.11    0.29 ^ clkbuf_2_1__f_clk/X (sky130_fd_sc_hd__clkbuf_16)
                                         clknet_2_1__leaf_clk (net)
                  0.04    0.00    0.29 ^ _342_/CLK (sky130_fd_sc_hd__dfrtp_2)
     5    0.03    0.07    0.31    0.60 v _342_/Q (sky130_fd_sc_hd__dfrtp_2)
                                         one_second_counter[12] (net)
                  0.07    0.00    0.60 v _180_/C (sky130_fd_sc_hd__and4_1)
     2    0.02    0.08    0.20    0.80 v _180_/X (sky130_fd_sc_hd__and4_1)
                                         _078_ (net)
                  0.08    0.00    0.80 v _181_/D (sky130_fd_sc_hd__or4_2)
     1    0.02    0.11    0.39    1.18 v _181_/X (sky130_fd_sc_hd__or4_2)
                                         _079_ (net)
                  0.11    0.00    1.18 v _184_/A3 (sky130_fd_sc_hd__o31a_1)
     1    0.02    0.09    0.25    1.43 v _184_/X (sky130_fd_sc_hd__o31a_1)
                                         _082_ (net)
                  0.09    0.00    1.43 v _186_/A2 (sky130_fd_sc_hd__o211ai_2)
     2    0.02    0.20    0.21    1.64 ^ _186_/Y (sky130_fd_sc_hd__o211ai_2)
                                         _084_ (net)
                  0.20    0.00    1.64 ^ _187_/A2 (sky130_fd_sc_hd__a21bo_2)
     9    0.05    0.21    0.25    1.89 ^ _187_/X (sky130_fd_sc_hd__a21bo_2)
                                         _085_ (net)
                  0.21    0.00    1.89 ^ _200_/B (sky130_fd_sc_hd__and3b_1)
     1    0.01    0.11    0.18    2.07 ^ _200_/X (sky130_fd_sc_hd__and3b_1)
                                         _094_ (net)
                  0.11    0.00    2.07 ^ _201_/A (sky130_fd_sc_hd__clkbuf_1)
     1    0.01    0.07    0.09    2.16 ^ _201_/X (sky130_fd_sc_hd__clkbuf_1)
                                         _020_ (net)
                  0.07    0.00    2.16 ^ _333_/D (sky130_fd_sc_hd__dfrtp_1)
                                  2.16   data arrival time

                         10.00   10.00   clock clk (rise edge)
                          0.00   10.00   clock source latency
     1    0.02    0.08    0.05   10.05 ^ clk (in)
                                         clk (net)
                  0.08    0.00   10.05 ^ clkbuf_0_clk/A (sky130_fd_sc_hd__clkbuf_16)
     4    0.05    0.05    0.11   10.16 ^ clkbuf_0_clk/X (sky130_fd_sc_hd__clkbuf_16)
                                         clknet_0_clk (net)
                  0.05    0.00   10.16 ^ clkbuf_2_3__f_clk/A (sky130_fd_sc_hd__clkbuf_16)
     8    0.04    0.05    0.10   10.26 ^ clkbuf_2_3__f_clk/X (sky130_fd_sc_hd__clkbuf_16)
                                         clknet_2_3__leaf_clk (net)
                  0.05    0.00   10.26 ^ _333_/CLK (sky130_fd_sc_hd__dfrtp_1)
                         -0.25   10.01   clock uncertainty
                          0.02   10.03   clock reconvergence pessimism
                         -0.04    9.99   library setup time
                                  9.99   data required time
-----------------------------------------------------------------------------
                                  9.99   data required time
                                 -2.16   data arrival time
-----------------------------------------------------------------------------
                                  7.83   slack (MET)


Startpoint: _343_ (rising edge-triggered flip-flop clocked by clk)
Endpoint: _332_ (rising edge-triggered flip-flop clocked by clk)
Path Group: clk
Path Type: max
Corner: Fastest

Fanout     Cap    Slew   Delay    Time   Description
-----------------------------------------------------------------------------
                          0.00    0.00   clock clk (rise edge)
                          0.00    0.00   clock source latency
     1    0.02    0.08    0.06    0.06 ^ clk (in)
                                         clk (net)
                  0.08    0.00    0.06 ^ clkbuf_0_clk/A (sky130_fd_sc_hd__clkbuf_16)
     4    0.05    0.05    0.12    0.18 ^ clkbuf_0_clk/X (sky130_fd_sc_hd__clkbuf_16)
                                         clknet_0_clk (net)
                  0.05    0.00    0.18 ^ clkbuf_2_0__f_clk/A (sky130_fd_sc_hd__clkbuf_16)
     9    0.04    0.05    0.11    0.29 ^ clkbuf_2_0__f_clk/X (sky130_fd_sc_hd__clkbuf_16)
                                         clknet_2_0__leaf_clk (net)
                  0.05    0.00    0.29 ^ _343_/CLK (sky130_fd_sc_hd__dfrtp_1)
     4    0.02    0.08    0.29    0.58 v _343_/Q (sky130_fd_sc_hd__dfrtp_1)
                                         one_second_counter[13] (net)
                  0.08    0.00    0.59 v _180_/D (sky130_fd_sc_hd__and4_1)
     2    0.02    0.08    0.21    0.79 v _180_/X (sky130_fd_sc_hd__and4_1)
                                         _078_ (net)
                  0.08    0.00    0.79 v _181_/D (sky130_fd_sc_hd__or4_2)
     1    0.02    0.11    0.39    1.18 v _181_/X (sky130_fd_sc_hd__or4_2)
                                         _079_ (net)
                  0.11    0.00    1.18 v _184_/A3 (sky130_fd_sc_hd__o31a_1)
     1    0.02    0.09    0.25    1.42 v _184_/X (sky130_fd_sc_hd__o31a_1)
                                         _082_ (net)
                  0.09    0.00    1.43 v _186_/A2 (sky130_fd_sc_hd__o211ai_2)
     2    0.02    0.20    0.21    1.64 ^ _186_/Y (sky130_fd_sc_hd__o211ai_2)
                                         _084_ (net)
                  0.20    0.00    1.64 ^ _187_/A2 (sky130_fd_sc_hd__a21bo_2)
     9    0.05    0.21    0.25    1.88 ^ _187_/X (sky130_fd_sc_hd__a21bo_2)
                                         _085_ (net)
                  0.21    0.00    1.89 ^ _197_/B (sky130_fd_sc_hd__and3_1)
     1    0.01    0.06    0.13    2.02 ^ _197_/X (sky130_fd_sc_hd__and3_1)
                                         _092_ (net)
                  0.06    0.00    2.02 ^ _198_/A (sky130_fd_sc_hd__buf_1)
     1    0.01    0.12    0.12    2.14 ^ _198_/X (sky130_fd_sc_hd__buf_1)
                                         _019_ (net)
                  0.12    0.00    2.14 ^ _332_/D (sky130_fd_sc_hd__dfrtp_4)
                                  2.14   data arrival time

                         10.00   10.00   clock clk (rise edge)
                          0.00   10.00   clock source latency
     1    0.02    0.08    0.05   10.05 ^ clk (in)
                                         clk (net)
                  0.08    0.00   10.05 ^ clkbuf_0_clk/A (sky130_fd_sc_hd__clkbuf_16)
     4    0.05    0.05    0.11   10.16 ^ clkbuf_0_clk/X (sky130_fd_sc_hd__clkbuf_16)
                                         clknet_0_clk (net)
                  0.05    0.00   10.16 ^ clkbuf_2_1__f_clk/A (sky130_fd_sc_hd__clkbuf_16)
    11    0.04    0.04    0.10   10.26 ^ clkbuf_2_1__f_clk/X (sky130_fd_sc_hd__clkbuf_16)
                                         clknet_2_1__leaf_clk (net)
                  0.04    0.00   10.26 ^ _332_/CLK (sky130_fd_sc_hd__dfrtp_4)
                         -0.25   10.01   clock uncertainty
                          0.02   10.03   clock reconvergence pessimism
                         -0.05    9.98   library setup time
                                  9.98   data required time
-----------------------------------------------------------------------------
                                  9.98   data required time
                                 -2.14   data arrival time
-----------------------------------------------------------------------------
                                  7.84   slack (MET)


Startpoint: _343_ (rising edge-triggered flip-flop clocked by clk)
Endpoint: _355_ (rising edge-triggered flip-flop clocked by clk)
Path Group: clk
Path Type: max
Corner: Fastest

Fanout     Cap    Slew   Delay    Time   Description
-----------------------------------------------------------------------------
                          0.00    0.00   clock clk (rise edge)
                          0.00    0.00   clock source latency
     1    0.02    0.08    0.06    0.06 ^ clk (in)
                                         clk (net)
                  0.08    0.00    0.06 ^ clkbuf_0_clk/A (sky130_fd_sc_hd__clkbuf_16)
     4    0.05    0.05    0.12    0.18 ^ clkbuf_0_clk/X (sky130_fd_sc_hd__clkbuf_16)
                                         clknet_0_clk (net)
                  0.05    0.00    0.18 ^ clkbuf_2_0__f_clk/A (sky130_fd_sc_hd__clkbuf_16)
     9    0.04    0.05    0.11    0.29 ^ clkbuf_2_0__f_clk/X (sky130_fd_sc_hd__clkbuf_16)
                                         clknet_2_0__leaf_clk (net)
                  0.05    0.00    0.29 ^ _343_/CLK (sky130_fd_sc_hd__dfrtp_1)
     4    0.02    0.08    0.29    0.58 v _343_/Q (sky130_fd_sc_hd__dfrtp_1)
                                         one_second_counter[13] (net)
                  0.08    0.00    0.59 v _180_/D (sky130_fd_sc_hd__and4_1)
     2    0.02    0.08    0.21    0.79 v _180_/X (sky130_fd_sc_hd__and4_1)
                                         _078_ (net)
                  0.08    0.00    0.79 v _181_/D (sky130_fd_sc_hd__or4_2)
     1    0.02    0.11    0.39    1.18 v _181_/X (sky130_fd_sc_hd__or4_2)
                                         _079_ (net)
                  0.11    0.00    1.18 v _184_/A3 (sky130_fd_sc_hd__o31a_1)
     1    0.02    0.09    0.25    1.42 v _184_/X (sky130_fd_sc_hd__o31a_1)
                                         _082_ (net)
                  0.09    0.00    1.43 v _186_/A2 (sky130_fd_sc_hd__o211ai_2)
     2    0.02    0.20    0.21    1.64 ^ _186_/Y (sky130_fd_sc_hd__o211ai_2)
                                         _084_ (net)
                  0.20    0.00    1.64 ^ _187_/A2 (sky130_fd_sc_hd__a21bo_2)
     9    0.05    0.21    0.25    1.88 ^ _187_/X (sky130_fd_sc_hd__a21bo_2)
                                         _085_ (net)
                  0.21    0.00    1.89 ^ _281_/A (sky130_fd_sc_hd__and3_1)
     1    0.01    0.09    0.16    2.05 ^ _281_/X (sky130_fd_sc_hd__and3_1)
                                         _153_ (net)
                  0.09    0.00    2.05 ^ _282_/A (sky130_fd_sc_hd__clkbuf_1)
     1    0.01    0.07    0.09    2.14 ^ _282_/X (sky130_fd_sc_hd__clkbuf_1)
                                         _017_ (net)
                  0.07    0.00    2.14 ^ _355_/D (sky130_fd_sc_hd__dfrtp_4)
                                  2.14   data arrival time

                         10.00   10.00   clock clk (rise edge)
                          0.00   10.00   clock source latency
     1    0.02    0.08    0.05   10.05 ^ clk (in)
                                         clk (net)
                  0.08    0.00   10.05 ^ clkbuf_0_clk/A (sky130_fd_sc_hd__clkbuf_16)
     4    0.05    0.05    0.11   10.16 ^ clkbuf_0_clk/X (sky130_fd_sc_hd__clkbuf_16)
                                         clknet_0_clk (net)
                  0.05    0.00   10.16 ^ clkbuf_2_1__f_clk/A (sky130_fd_sc_hd__clkbuf_16)
    11    0.04    0.04    0.10   10.26 ^ clkbuf_2_1__f_clk/X (sky130_fd_sc_hd__clkbuf_16)
                                         clknet_2_1__leaf_clk (net)
                  0.04    0.00   10.26 ^ _355_/CLK (sky130_fd_sc_hd__dfrtp_4)
                         -0.25   10.01   clock uncertainty
                          0.02   10.03   clock reconvergence pessimism
                         -0.04    9.99   library setup time
                                  9.99   data required time
-----------------------------------------------------------------------------
                                  9.99   data required time
                                 -2.14   data arrival time
-----------------------------------------------------------------------------
                                  7.85   slack (MET)


Startpoint: _342_ (rising edge-triggered flip-flop clocked by clk)
Endpoint: _331_ (rising edge-triggered flip-flop clocked by clk)
Path Group: clk
Path Type: max
Corner: Fastest

Fanout     Cap    Slew   Delay    Time   Description
-----------------------------------------------------------------------------
                          0.00    0.00   clock clk (rise edge)
                          0.00    0.00   clock source latency
     1    0.02    0.08    0.06    0.06 ^ clk (in)
                                         clk (net)
                  0.08    0.00    0.06 ^ clkbuf_0_clk/A (sky130_fd_sc_hd__clkbuf_16)
     4    0.05    0.05    0.12    0.18 ^ clkbuf_0_clk/X (sky130_fd_sc_hd__clkbuf_16)
                                         clknet_0_clk (net)
                  0.05    0.00    0.18 ^ clkbuf_2_1__f_clk/A (sky130_fd_sc_hd__clkbuf_16)
    11    0.04    0.04    0.11    0.29 ^ clkbuf_2_1__f_clk/X (sky130_fd_sc_hd__clkbuf_16)
                                         clknet_2_1__leaf_clk (net)
                  0.04    0.00    0.29 ^ _342_/CLK (sky130_fd_sc_hd__dfrtp_2)
     5    0.03    0.07    0.31    0.60 v _342_/Q (sky130_fd_sc_hd__dfrtp_2)
                                         one_second_counter[12] (net)
                  0.07    0.00    0.60 v _180_/C (sky130_fd_sc_hd__and4_1)
     2    0.02    0.08    0.20    0.80 v _180_/X (sky130_fd_sc_hd__and4_1)
                                         _078_ (net)
                  0.08    0.00    0.80 v _181_/D (sky130_fd_sc_hd__or4_2)
     1    0.02    0.11    0.39    1.18 v _181_/X (sky130_fd_sc_hd__or4_2)
                                         _079_ (net)
                  0.11    0.00    1.18 v _184_/A3 (sky130_fd_sc_hd__o31a_1)
     1    0.02    0.09    0.25    1.43 v _184_/X (sky130_fd_sc_hd__o31a_1)
                                         _082_ (net)
                  0.09    0.00    1.43 v _186_/A2 (sky130_fd_sc_hd__o211ai_2)
     2    0.02    0.20    0.21    1.64 ^ _186_/Y (sky130_fd_sc_hd__o211ai_2)
                                         _084_ (net)
                  0.20    0.00    1.64 ^ _187_/A2 (sky130_fd_sc_hd__a21bo_2)
     9    0.05    0.21    0.25    1.89 ^ _187_/X (sky130_fd_sc_hd__a21bo_2)
                                         _085_ (net)
                  0.21    0.00    1.89 ^ _193_/B (sky130_fd_sc_hd__and3_1)
     1    0.01    0.08    0.16    2.05 ^ _193_/X (sky130_fd_sc_hd__and3_1)
                                         _089_ (net)
                  0.08    0.00    2.05 ^ _194_/A (sky130_fd_sc_hd__clkbuf_1)
     1    0.01    0.08    0.10    2.14 ^ _194_/X (sky130_fd_sc_hd__clkbuf_1)
                                         _011_ (net)
                  0.08    0.00    2.14 ^ _331_/D (sky130_fd_sc_hd__dfrtp_4)
                                  2.14   data arrival time

                         10.00   10.00   clock clk (rise edge)
                          0.00   10.00   clock source latency
     1    0.02    0.08    0.05   10.05 ^ clk (in)
                                         clk (net)
                  0.08    0.00   10.05 ^ clkbuf_0_clk/A (sky130_fd_sc_hd__clkbuf_16)
     4    0.05    0.05    0.11   10.16 ^ clkbuf_0_clk/X (sky130_fd_sc_hd__clkbuf_16)
                                         clknet_0_clk (net)
                  0.05    0.00   10.16 ^ clkbuf_2_2__f_clk/A (sky130_fd_sc_hd__clkbuf_16)
     7    0.05    0.05    0.10   10.27 ^ clkbuf_2_2__f_clk/X (sky130_fd_sc_hd__clkbuf_16)
                                         clknet_2_2__leaf_clk (net)
                  0.05    0.00   10.27 ^ _331_/CLK (sky130_fd_sc_hd__dfrtp_4)
                         -0.25   10.02   clock uncertainty
                          0.02   10.04   clock reconvergence pessimism
                         -0.04    9.99   library setup time
                                  9.99   data required time
-----------------------------------------------------------------------------
                                  9.99   data required time
                                 -2.14   data arrival time
-----------------------------------------------------------------------------
                                  7.85   slack (MET)


Startpoint: rst (input port clocked by clk)
Endpoint: _361_ (recovery check against rising-edge clock clk)
Path Group: asynchronous
Path Type: max
Corner: Fastest

Fanout     Cap    Slew   Delay    Time   Description
-----------------------------------------------------------------------------
                          0.00    0.00   clock clk (rise edge)
                          0.00    0.00   clock network delay (propagated)
                          2.00    2.00 v input external delay
     1    0.00    0.00    0.00    2.00 v rst (in)
                                         rst (net)
                  0.00    0.00    2.00 v input1/A (sky130_fd_sc_hd__clkbuf_4)
     5    0.07    0.10    0.15    2.16 v input1/X (sky130_fd_sc_hd__clkbuf_4)
                                         net1 (net)
                  0.10    0.00    2.16 v _329_/A (sky130_fd_sc_hd__inv_2)
     1    0.02    0.08    0.10    2.26 ^ _329_/Y (sky130_fd_sc_hd__inv_2)
                                         _059_ (net)
                  0.08    0.00    2.26 ^ _361_/RESET_B (sky130_fd_sc_hd__dfrtp_4)
                                  2.26   data arrival time

                         10.00   10.00   clock clk (rise edge)
                          0.00   10.00   clock source latency
     1    0.02    0.08    0.05   10.05 ^ clk (in)
                                         clk (net)
                  0.08    0.00   10.05 ^ clkbuf_0_clk/A (sky130_fd_sc_hd__clkbuf_16)
     4    0.05    0.05    0.11   10.16 ^ clkbuf_0_clk/X (sky130_fd_sc_hd__clkbuf_16)
                                         clknet_0_clk (net)
                  0.05    0.00   10.16 ^ clkbuf_2_0__f_clk/A (sky130_fd_sc_hd__clkbuf_16)
     9    0.04    0.05    0.10   10.26 ^ clkbuf_2_0__f_clk/X (sky130_fd_sc_hd__clkbuf_16)
                                         clknet_2_0__leaf_clk (net)
                  0.05    0.00   10.26 ^ _361_/CLK (sky130_fd_sc_hd__dfrtp_4)
                         -0.25   10.01   clock uncertainty
                          0.00   10.01   clock reconvergence pessimism
                          0.12   10.13   library recovery time
                                 10.13   data required time
-----------------------------------------------------------------------------
                                 10.13   data required time
                                 -2.26   data arrival time
-----------------------------------------------------------------------------
                                  7.87   slack (MET)


Startpoint: rst (input port clocked by clk)
Endpoint: _360_ (recovery check against rising-edge clock clk)
Path Group: asynchronous
Path Type: max
Corner: Fastest

Fanout     Cap    Slew   Delay    Time   Description
-----------------------------------------------------------------------------
                          0.00    0.00   clock clk (rise edge)
                          0.00    0.00   clock network delay (propagated)
                          2.00    2.00 v input external delay
     1    0.00    0.00    0.00    2.00 v rst (in)
                                         rst (net)
                  0.00    0.00    2.00 v input1/A (sky130_fd_sc_hd__clkbuf_4)
     5    0.07    0.10    0.15    2.16 v input1/X (sky130_fd_sc_hd__clkbuf_4)
                                         net1 (net)
                  0.10    0.00    2.16 v _328_/A (sky130_fd_sc_hd__inv_2)
     1    0.02    0.07    0.09    2.25 ^ _328_/Y (sky130_fd_sc_hd__inv_2)
                                         _058_ (net)
                  0.07    0.00    2.25 ^ _360_/RESET_B (sky130_fd_sc_hd__dfrtp_4)
                                  2.25   data arrival time

                         10.00   10.00   clock clk (rise edge)
                          0.00   10.00   clock source latency
     1    0.02    0.08    0.05   10.05 ^ clk (in)
                                         clk (net)
                  0.08    0.00   10.05 ^ clkbuf_0_clk/A (sky130_fd_sc_hd__clkbuf_16)
     4    0.05    0.05    0.11   10.16 ^ clkbuf_0_clk/X (sky130_fd_sc_hd__clkbuf_16)
                                         clknet_0_clk (net)
                  0.05    0.00   10.16 ^ clkbuf_2_3__f_clk/A (sky130_fd_sc_hd__clkbuf_16)
     8    0.04    0.05    0.10   10.26 ^ clkbuf_2_3__f_clk/X (sky130_fd_sc_hd__clkbuf_16)
                                         clknet_2_3__leaf_clk (net)
                  0.05    0.00   10.26 ^ _360_/CLK (sky130_fd_sc_hd__dfrtp_4)
                         -0.25   10.01   clock uncertainty
                          0.00   10.01   clock reconvergence pessimism
                          0.12   10.14   library recovery time
                                 10.14   data required time
-----------------------------------------------------------------------------
                                 10.14   data required time
                                 -2.25   data arrival time
-----------------------------------------------------------------------------
                                  7.89   slack (MET)


Startpoint: _361_ (rising edge-triggered flip-flop clocked by clk)
Endpoint: _360_ (rising edge-triggered flip-flop clocked by clk)
Path Group: clk
Path Type: max
Corner: Fastest

Fanout     Cap    Slew   Delay    Time   Description
-----------------------------------------------------------------------------
                          0.00    0.00   clock clk (rise edge)
                          0.00    0.00   clock source latency
     1    0.02    0.08    0.06    0.06 ^ clk (in)
                                         clk (net)
                  0.08    0.00    0.06 ^ clkbuf_0_clk/A (sky130_fd_sc_hd__clkbuf_16)
     4    0.05    0.05    0.12    0.18 ^ clkbuf_0_clk/X (sky130_fd_sc_hd__clkbuf_16)
                                         clknet_0_clk (net)
                  0.05    0.00    0.18 ^ clkbuf_2_0__f_clk/A (sky130_fd_sc_hd__clkbuf_16)
     9    0.04    0.05    0.11    0.29 ^ clkbuf_2_0__f_clk/X (sky130_fd_sc_hd__clkbuf_16)
                                         clknet_2_0__leaf_clk (net)
                  0.05    0.00    0.29 ^ _361_/CLK (sky130_fd_sc_hd__dfrtp_4)
     6    0.05    0.08    0.36    0.65 v _361_/Q (sky130_fd_sc_hd__dfrtp_4)
                                         decoder.digit[3] (net)
                  0.08    0.00    0.66 v _165_/A (sky130_fd_sc_hd__nor2_2)
     2    0.03    0.24    0.23    0.89 ^ _165_/Y (sky130_fd_sc_hd__nor2_2)
                                         _066_ (net)
                  0.24    0.00    0.89 ^ _166_/B (sky130_fd_sc_hd__nand2_2)
     3    0.04    0.13    0.14    1.03 v _166_/Y (sky130_fd_sc_hd__nand2_2)
                                         _067_ (net)
                  0.13    0.00    1.03 v _167_/B (sky130_fd_sc_hd__nor2_2)
     3    0.03    0.25    0.24    1.27 ^ _167_/Y (sky130_fd_sc_hd__nor2_2)
                                         _068_ (net)
                  0.25    0.00    1.28 ^ _168_/A2_N (sky130_fd_sc_hd__o2bb2a_1)
     1    0.02    0.09    0.20    1.47 v _168_/X (sky130_fd_sc_hd__o2bb2a_1)
                                         _069_ (net)
                  0.09    0.00    1.47 v _169_/B (sky130_fd_sc_hd__and2_1)
     1    0.01    0.04    0.14    1.61 v _169_/X (sky130_fd_sc_hd__and2_1)
                                         _070_ (net)
                  0.04    0.00    1.61 v _170_/A (sky130_fd_sc_hd__clkbuf_1)
     1    0.01    0.04    0.08    1.70 v _170_/X (sky130_fd_sc_hd__clkbuf_1)
                                         _062_ (net)
                  0.04    0.00    1.70 v _360_/D (sky130_fd_sc_hd__dfrtp_4)
                                  1.70   data arrival time

                         10.00   10.00   clock clk (rise edge)
                          0.00   10.00   clock source latency
     1    0.02    0.08    0.05   10.05 ^ clk (in)
                                         clk (net)
                  0.08    0.00   10.05 ^ clkbuf_0_clk/A (sky130_fd_sc_hd__clkbuf_16)
     4    0.05    0.05    0.11   10.16 ^ clkbuf_0_clk/X (sky130_fd_sc_hd__clkbuf_16)
                                         clknet_0_clk (net)
                  0.05    0.00   10.16 ^ clkbuf_2_3__f_clk/A (sky130_fd_sc_hd__clkbuf_16)
     8    0.04    0.05    0.10   10.26 ^ clkbuf_2_3__f_clk/X (sky130_fd_sc_hd__clkbuf_16)
                                         clknet_2_3__leaf_clk (net)
                  0.05    0.00   10.26 ^ _360_/CLK (sky130_fd_sc_hd__dfrtp_4)
                         -0.25   10.01   clock uncertainty
                          0.02   10.03   clock reconvergence pessimism
                         -0.07    9.96   library setup time
                                  9.96   data required time
-----------------------------------------------------------------------------
                                  9.96   data required time
                                 -1.70   data arrival time
-----------------------------------------------------------------------------
                                  8.26   slack (MET)


Startpoint: _361_ (rising edge-triggered flip-flop clocked by clk)
Endpoint: _358_ (rising edge-triggered flip-flop clocked by clk)
Path Group: clk
Path Type: max
Corner: Fastest

Fanout     Cap    Slew   Delay    Time   Description
-----------------------------------------------------------------------------
                          0.00    0.00   clock clk (rise edge)
                          0.00    0.00   clock source latency
     1    0.02    0.08    0.06    0.06 ^ clk (in)
                                         clk (net)
                  0.08    0.00    0.06 ^ clkbuf_0_clk/A (sky130_fd_sc_hd__clkbuf_16)
     4    0.05    0.05    0.12    0.18 ^ clkbuf_0_clk/X (sky130_fd_sc_hd__clkbuf_16)
                                         clknet_0_clk (net)
                  0.05    0.00    0.18 ^ clkbuf_2_0__f_clk/A (sky130_fd_sc_hd__clkbuf_16)
     9    0.04    0.05    0.11    0.29 ^ clkbuf_2_0__f_clk/X (sky130_fd_sc_hd__clkbuf_16)
                                         clknet_2_0__leaf_clk (net)
                  0.05    0.00    0.29 ^ _361_/CLK (sky130_fd_sc_hd__dfrtp_4)
     6    0.05    0.08    0.36    0.65 v _361_/Q (sky130_fd_sc_hd__dfrtp_4)
                                         decoder.digit[3] (net)
                  0.08    0.00    0.66 v _165_/A (sky130_fd_sc_hd__nor2_2)
     2    0.03    0.24    0.23    0.89 ^ _165_/Y (sky130_fd_sc_hd__nor2_2)
                                         _066_ (net)
                  0.24    0.00    0.89 ^ _166_/B (sky130_fd_sc_hd__nand2_2)
     3    0.04    0.13    0.14    1.03 v _166_/Y (sky130_fd_sc_hd__nand2_2)
                                         _067_ (net)
                  0.13    0.00    1.03 v _173_/A2 (sky130_fd_sc_hd__a21oi_1)
     1    0.02    0.26    0.28    1.31 ^ _173_/Y (sky130_fd_sc_hd__a21oi_1)
                                         _072_ (net)
                  0.26    0.00    1.31 ^ _174_/B1 (sky130_fd_sc_hd__a21oi_1)
     1    0.01    0.10    0.09    1.40 v _174_/Y (sky130_fd_sc_hd__a21oi_1)
                                         _060_ (net)
                  0.10    0.00    1.40 v _358_/D (sky130_fd_sc_hd__dfrtp_4)
                                  1.40   data arrival time

                         10.00   10.00   clock clk (rise edge)
                          0.00   10.00   clock source latency
     1    0.02    0.08    0.05   10.05 ^ clk (in)
                                         clk (net)
                  0.08    0.00   10.05 ^ clkbuf_0_clk/A (sky130_fd_sc_hd__clkbuf_16)
     4    0.05    0.05    0.11   10.16 ^ clkbuf_0_clk/X (sky130_fd_sc_hd__clkbuf_16)
                                         clknet_0_clk (net)
                  0.05    0.00   10.16 ^ clkbuf_2_2__f_clk/A (sky130_fd_sc_hd__clkbuf_16)
     7    0.05    0.05    0.10   10.27 ^ clkbuf_2_2__f_clk/X (sky130_fd_sc_hd__clkbuf_16)
                                         clknet_2_2__leaf_clk (net)
                  0.05    0.00   10.27 ^ _358_/CLK (sky130_fd_sc_hd__dfrtp_4)
                         -0.25   10.02   clock uncertainty
                          0.02   10.04   clock reconvergence pessimism
                         -0.09    9.94   library setup time
                                  9.94   data required time
-----------------------------------------------------------------------------
                                  9.94   data required time
                                 -1.40   data arrival time
-----------------------------------------------------------------------------
                                  8.55   slack (MET)


Startpoint: _358_ (rising edge-triggered flip-flop clocked by clk)
Endpoint: _361_ (rising edge-triggered flip-flop clocked by clk)
Path Group: clk
Path Type: max
Corner: Fastest

Fanout     Cap    Slew   Delay    Time   Description
-----------------------------------------------------------------------------
                          0.00    0.00   clock clk (rise edge)
                          0.00    0.00   clock source latency
     1    0.02    0.08    0.06    0.06 ^ clk (in)
                                         clk (net)
                  0.08    0.00    0.06 ^ clkbuf_0_clk/A (sky130_fd_sc_hd__clkbuf_16)
     4    0.05    0.05    0.12    0.18 ^ clkbuf_0_clk/X (sky130_fd_sc_hd__clkbuf_16)
                                         clknet_0_clk (net)
                  0.05    0.00    0.18 ^ clkbuf_2_2__f_clk/A (sky130_fd_sc_hd__clkbuf_16)
     7    0.05    0.05    0.11    0.29 ^ clkbuf_2_2__f_clk/X (sky130_fd_sc_hd__clkbuf_16)
                                         clknet_2_2__leaf_clk (net)
                  0.05    0.00    0.30 ^ _358_/CLK (sky130_fd_sc_hd__dfrtp_4)
     8    0.05    0.09    0.37    0.67 v _358_/Q (sky130_fd_sc_hd__dfrtp_4)
                                         decoder.digit[0] (net)
                  0.09    0.00    0.67 v _162_/C (sky130_fd_sc_hd__and3_2)
     3    0.03    0.07    0.22    0.89 v _162_/X (sky130_fd_sc_hd__and3_2)
                                         _064_ (net)
                  0.07    0.00    0.89 v _163_/B (sky130_fd_sc_hd__nand2_1)
     2    0.02    0.12    0.13    1.02 ^ _163_/Y (sky130_fd_sc_hd__nand2_1)
                                         _065_ (net)
                  0.12    0.00    1.02 ^ _164_/B (sky130_fd_sc_hd__xnor2_1)
     1    0.01    0.17    0.12    1.14 ^ _164_/Y (sky130_fd_sc_hd__xnor2_1)
                                         _063_ (net)
                  0.17    0.00    1.14 ^ _361_/D (sky130_fd_sc_hd__dfrtp_4)
                                  1.14   data arrival time

                         10.00   10.00   clock clk (rise edge)
                          0.00   10.00   clock source latency
     1    0.02    0.08    0.05   10.05 ^ clk (in)
                                         clk (net)
                  0.08    0.00   10.05 ^ clkbuf_0_clk/A (sky130_fd_sc_hd__clkbuf_16)
     4    0.05    0.05    0.11   10.16 ^ clkbuf_0_clk/X (sky130_fd_sc_hd__clkbuf_16)
                                         clknet_0_clk (net)
                  0.05    0.00   10.16 ^ clkbuf_2_0__f_clk/A (sky130_fd_sc_hd__clkbuf_16)
     9    0.04    0.05    0.10   10.26 ^ clkbuf_2_0__f_clk/X (sky130_fd_sc_hd__clkbuf_16)
                                         clknet_2_0__leaf_clk (net)
                  0.05    0.00   10.26 ^ _361_/CLK (sky130_fd_sc_hd__dfrtp_4)
                         -0.25   10.01   clock uncertainty
                          0.02   10.03   clock reconvergence pessimism
                         -0.05    9.98   library setup time
                                  9.98   data required time
-----------------------------------------------------------------------------
                                  9.98   data required time
                                 -1.14   data arrival time
-----------------------------------------------------------------------------
                                  8.84   slack (MET)


Startpoint: _358_ (rising edge-triggered flip-flop clocked by clk)
Endpoint: _359_ (rising edge-triggered flip-flop clocked by clk)
Path Group: clk
Path Type: max
Corner: Fastest

Fanout     Cap    Slew   Delay    Time   Description
-----------------------------------------------------------------------------
                          0.00    0.00   clock clk (rise edge)
                          0.00    0.00   clock source latency
     1    0.02    0.08    0.06    0.06 ^ clk (in)
                                         clk (net)
                  0.08    0.00    0.06 ^ clkbuf_0_clk/A (sky130_fd_sc_hd__clkbuf_16)
     4    0.05    0.05    0.12    0.18 ^ clkbuf_0_clk/X (sky130_fd_sc_hd__clkbuf_16)
                                         clknet_0_clk (net)
                  0.05    0.00    0.18 ^ clkbuf_2_2__f_clk/A (sky130_fd_sc_hd__clkbuf_16)
     7    0.05    0.05    0.11    0.29 ^ clkbuf_2_2__f_clk/X (sky130_fd_sc_hd__clkbuf_16)
                                         clknet_2_2__leaf_clk (net)
                  0.05    0.00    0.30 ^ _358_/CLK (sky130_fd_sc_hd__dfrtp_4)
     8    0.05    0.09    0.37    0.67 v _358_/Q (sky130_fd_sc_hd__dfrtp_4)
                                         decoder.digit[0] (net)
                  0.09    0.00    0.67 v _162_/C (sky130_fd_sc_hd__and3_2)
     3    0.03    0.07    0.22    0.89 v _162_/X (sky130_fd_sc_hd__and3_2)
                                         _064_ (net)
                  0.07    0.00    0.89 v _172_/A (sky130_fd_sc_hd__nor2_1)
     1    0.02    0.23    0.22    1.11 ^ _172_/Y (sky130_fd_sc_hd__nor2_1)
                                         _061_ (net)
                  0.23    0.00    1.11 ^ _359_/D (sky130_fd_sc_hd__dfrtp_4)
                                  1.11   data arrival time

                         10.00   10.00   clock clk (rise edge)
                          0.00   10.00   clock source latency
     1    0.02    0.08    0.05   10.05 ^ clk (in)
                                         clk (net)
                  0.08    0.00   10.05 ^ clkbuf_0_clk/A (sky130_fd_sc_hd__clkbuf_16)
     4    0.05    0.05    0.11   10.16 ^ clkbuf_0_clk/X (sky130_fd_sc_hd__clkbuf_16)
                                         clknet_0_clk (net)
                  0.05    0.00   10.16 ^ clkbuf_2_0__f_clk/A (sky130_fd_sc_hd__clkbuf_16)
     9    0.04    0.05    0.10   10.26 ^ clkbuf_2_0__f_clk/X (sky130_fd_sc_hd__clkbuf_16)
                                         clknet_2_0__leaf_clk (net)
                  0.05    0.00   10.26 ^ _359_/CLK (sky130_fd_sc_hd__dfrtp_4)
                         -0.25   10.01   clock uncertainty
                          0.02   10.03   clock reconvergence pessimism
                         -0.06    9.97   library setup time
                                  9.97   data required time
-----------------------------------------------------------------------------
                                  9.97   data required time
                                 -1.11   data arrival time
-----------------------------------------------------------------------------
                                  8.86   slack (MET)



worst slack corner Fastest: 5.9890
======================= Slowest Corner ===================================

Startpoint: _342_ (rising edge-triggered flip-flop clocked by clk)
Endpoint: _339_ (rising edge-triggered flip-flop clocked by clk)
Path Group: clk
Path Type: max
Corner: Slowest

Fanout     Cap    Slew   Delay    Time   Description
-----------------------------------------------------------------------------
                          0.00    0.00   clock clk (rise edge)
                          0.00    0.00   clock source latency
     1    0.02    0.17    0.12    0.12 ^ clk (in)
                                         clk (net)
                  0.17    0.00    0.12 ^ clkbuf_0_clk/A (sky130_fd_sc_hd__clkbuf_16)
     4    0.05    0.11    0.32    0.45 ^ clkbuf_0_clk/X (sky130_fd_sc_hd__clkbuf_16)
                                         clknet_0_clk (net)
                  0.11    0.00    0.45 ^ clkbuf_2_1__f_clk/A (sky130_fd_sc_hd__clkbuf_16)
    11    0.03    0.09    0.27    0.72 ^ clkbuf_2_1__f_clk/X (sky130_fd_sc_hd__clkbuf_16)
                                         clknet_2_1__leaf_clk (net)
                  0.09    0.00    0.72 ^ _342_/CLK (sky130_fd_sc_hd__dfrtp_2)
     5    0.03    0.19    1.00    1.72 v _342_/Q (sky130_fd_sc_hd__dfrtp_2)
                                         one_second_counter[12] (net)
                  0.19    0.00    1.72 v _180_/C (sky130_fd_sc_hd__and4_1)
     2    0.02    0.21    0.61    2.33 v _180_/X (sky130_fd_sc_hd__and4_1)
                                         _078_ (net)
                  0.21    0.00    2.33 v _181_/D (sky130_fd_sc_hd__or4_2)
     1    0.02    0.34    1.64    3.97 v _181_/X (sky130_fd_sc_hd__or4_2)
                                         _079_ (net)
                  0.34    0.00    3.97 v _184_/A3 (sky130_fd_sc_hd__o31a_1)
     1    0.02    0.25    0.77    4.74 v _184_/X (sky130_fd_sc_hd__o31a_1)
                                         _082_ (net)
                  0.25    0.00    4.74 v _186_/A2 (sky130_fd_sc_hd__o211ai_2)
     2    0.02    0.44    0.51    5.25 ^ _186_/Y (sky130_fd_sc_hd__o211ai_2)
                                         _084_ (net)
                  0.44    0.00    5.25 ^ _187_/A2 (sky130_fd_sc_hd__a21bo_2)
     9    0.05    0.43    0.71    5.96 ^ _187_/X (sky130_fd_sc_hd__a21bo_2)
                                         _085_ (net)
                  0.43    0.00    5.96 ^ _188_/A (sky130_fd_sc_hd__inv_2)
     2    0.02    0.16    0.28    6.24 v _188_/Y (sky130_fd_sc_hd__inv_2)
                                         _086_ (net)
                  0.16    0.00    6.25 v _189_/A (sky130_fd_sc_hd__buf_4)
    10    0.07    0.17    0.42    6.67 v _189_/X (sky130_fd_sc_hd__buf_4)
                                         _027_ (net)
                  0.17    0.00    6.67 v _222_/A (sky130_fd_sc_hd__nor3_1)
     1    0.02    0.87    0.87    7.54 ^ _222_/Y (sky130_fd_sc_hd__nor3_1)
                                         _026_ (net)
                  0.87    0.00    7.54 ^ _339_/D (sky130_fd_sc_hd__dfrtp_2)
                                  7.54   data arrival time

                         10.00   10.00   clock clk (rise edge)
                          0.00   10.00   clock source latency
     1    0.02    0.17    0.11   10.11 ^ clk (in)
                                         clk (net)
                  0.17    0.00   10.11 ^ clkbuf_0_clk/A (sky130_fd_sc_hd__clkbuf_16)
     4    0.05    0.11    0.29   10.40 ^ clkbuf_0_clk/X (sky130_fd_sc_hd__clkbuf_16)
                                         clknet_0_clk (net)
                  0.11    0.00   10.40 ^ clkbuf_2_0__f_clk/A (sky130_fd_sc_hd__clkbuf_16)
     9    0.04    0.10    0.25   10.66 ^ clkbuf_2_0__f_clk/X (sky130_fd_sc_hd__clkbuf_16)
                                         clknet_2_0__leaf_clk (net)
                  0.10    0.00   10.66 ^ _339_/CLK (sky130_fd_sc_hd__dfrtp_2)
                         -0.25   10.41   clock uncertainty
                          0.04   10.45   clock reconvergence pessimism
                         -0.34   10.12   library setup time
                                 10.12   data required time
-----------------------------------------------------------------------------
                                 10.12   data required time
                                 -7.54   data arrival time
-----------------------------------------------------------------------------
                                  2.58   slack (MET)


Startpoint: _342_ (rising edge-triggered flip-flop clocked by clk)
Endpoint: _340_ (rising edge-triggered flip-flop clocked by clk)
Path Group: clk
Path Type: max
Corner: Slowest

Fanout     Cap    Slew   Delay    Time   Description
-----------------------------------------------------------------------------
                          0.00    0.00   clock clk (rise edge)
                          0.00    0.00   clock source latency
     1    0.02    0.17    0.12    0.12 ^ clk (in)
                                         clk (net)
                  0.17    0.00    0.12 ^ clkbuf_0_clk/A (sky130_fd_sc_hd__clkbuf_16)
     4    0.05    0.11    0.32    0.45 ^ clkbuf_0_clk/X (sky130_fd_sc_hd__clkbuf_16)
                                         clknet_0_clk (net)
                  0.11    0.00    0.45 ^ clkbuf_2_1__f_clk/A (sky130_fd_sc_hd__clkbuf_16)
    11    0.03    0.09    0.27    0.72 ^ clkbuf_2_1__f_clk/X (sky130_fd_sc_hd__clkbuf_16)
                                         clknet_2_1__leaf_clk (net)
                  0.09    0.00    0.72 ^ _342_/CLK (sky130_fd_sc_hd__dfrtp_2)
     5    0.03    0.19    1.00    1.72 v _342_/Q (sky130_fd_sc_hd__dfrtp_2)
                                         one_second_counter[12] (net)
                  0.19    0.00    1.72 v _180_/C (sky130_fd_sc_hd__and4_1)
     2    0.02    0.21    0.61    2.33 v _180_/X (sky130_fd_sc_hd__and4_1)
                                         _078_ (net)
                  0.21    0.00    2.33 v _181_/D (sky130_fd_sc_hd__or4_2)
     1    0.02    0.34    1.64    3.97 v _181_/X (sky130_fd_sc_hd__or4_2)
                                         _079_ (net)
                  0.34    0.00    3.97 v _184_/A3 (sky130_fd_sc_hd__o31a_1)
     1    0.02    0.25    0.77    4.74 v _184_/X (sky130_fd_sc_hd__o31a_1)
                                         _082_ (net)
                  0.25    0.00    4.74 v _186_/A2 (sky130_fd_sc_hd__o211ai_2)
     2    0.02    0.44    0.51    5.25 ^ _186_/Y (sky130_fd_sc_hd__o211ai_2)
                                         _084_ (net)
                  0.44    0.00    5.25 ^ _187_/A2 (sky130_fd_sc_hd__a21bo_2)
     9    0.05    0.43    0.71    5.96 ^ _187_/X (sky130_fd_sc_hd__a21bo_2)
                                         _085_ (net)
                  0.43    0.00    5.96 ^ _202_/A (sky130_fd_sc_hd__clkbuf_4)
    10    0.06    0.30    0.61    6.57 ^ _202_/X (sky130_fd_sc_hd__clkbuf_4)
                                         _095_ (net)
                  0.30    0.00    6.57 ^ _225_/A (sky130_fd_sc_hd__and3_1)
     1    0.03    0.42    0.66    7.24 ^ _225_/X (sky130_fd_sc_hd__and3_1)
                                         _112_ (net)
                  0.42    0.00    7.24 ^ _226_/A (sky130_fd_sc_hd__buf_1)
     1    0.01    0.28    0.44    7.68 ^ _226_/X (sky130_fd_sc_hd__buf_1)
                                         _001_ (net)
                  0.28    0.00    7.68 ^ _340_/D (sky130_fd_sc_hd__dfrtp_4)
                                  7.68   data arrival time

                         10.00   10.00   clock clk (rise edge)
                          0.00   10.00   clock source latency
     1    0.02    0.17    0.11   10.11 ^ clk (in)
                                         clk (net)
                  0.17    0.00   10.11 ^ clkbuf_0_clk/A (sky130_fd_sc_hd__clkbuf_16)
     4    0.05    0.11    0.29   10.40 ^ clkbuf_0_clk/X (sky130_fd_sc_hd__clkbuf_16)
                                         clknet_0_clk (net)
                  0.11    0.00   10.40 ^ clkbuf_2_0__f_clk/A (sky130_fd_sc_hd__clkbuf_16)
     9    0.04    0.10    0.25   10.66 ^ clkbuf_2_0__f_clk/X (sky130_fd_sc_hd__clkbuf_16)
                                         clknet_2_0__leaf_clk (net)
                  0.10    0.00   10.66 ^ _340_/CLK (sky130_fd_sc_hd__dfrtp_4)
                         -0.25   10.41   clock uncertainty
                          0.04   10.45   clock reconvergence pessimism
                         -0.19   10.27   library setup time
                                 10.27   data required time
-----------------------------------------------------------------------------
                                 10.27   data required time
                                 -7.68   data arrival time
-----------------------------------------------------------------------------
                                  2.58   slack (MET)


Startpoint: _342_ (rising edge-triggered flip-flop clocked by clk)
Endpoint: _335_ (rising edge-triggered flip-flop clocked by clk)
Path Group: clk
Path Type: max
Corner: Slowest

Fanout     Cap    Slew   Delay    Time   Description
-----------------------------------------------------------------------------
                          0.00    0.00   clock clk (rise edge)
                          0.00    0.00   clock source latency
     1    0.02    0.17    0.12    0.12 ^ clk (in)
                                         clk (net)
                  0.17    0.00    0.12 ^ clkbuf_0_clk/A (sky130_fd_sc_hd__clkbuf_16)
     4    0.05    0.11    0.32    0.45 ^ clkbuf_0_clk/X (sky130_fd_sc_hd__clkbuf_16)
                                         clknet_0_clk (net)
                  0.11    0.00    0.45 ^ clkbuf_2_1__f_clk/A (sky130_fd_sc_hd__clkbuf_16)
    11    0.03    0.09    0.27    0.72 ^ clkbuf_2_1__f_clk/X (sky130_fd_sc_hd__clkbuf_16)
                                         clknet_2_1__leaf_clk (net)
                  0.09    0.00    0.72 ^ _342_/CLK (sky130_fd_sc_hd__dfrtp_2)
     5    0.03    0.19    1.00    1.72 v _342_/Q (sky130_fd_sc_hd__dfrtp_2)
                                         one_second_counter[12] (net)
                  0.19    0.00    1.72 v _180_/C (sky130_fd_sc_hd__and4_1)
     2    0.02    0.21    0.61    2.33 v _180_/X (sky130_fd_sc_hd__and4_1)
                                         _078_ (net)
                  0.21    0.00    2.33 v _181_/D (sky130_fd_sc_hd__or4_2)
     1    0.02    0.34    1.64    3.97 v _181_/X (sky130_fd_sc_hd__or4_2)
                                         _079_ (net)
                  0.34    0.00    3.97 v _184_/A3 (sky130_fd_sc_hd__o31a_1)
     1    0.02    0.25    0.77    4.74 v _184_/X (sky130_fd_sc_hd__o31a_1)
                                         _082_ (net)
                  0.25    0.00    4.74 v _186_/A2 (sky130_fd_sc_hd__o211ai_2)
     2    0.02    0.44    0.51    5.25 ^ _186_/Y (sky130_fd_sc_hd__o211ai_2)
                                         _084_ (net)
                  0.44    0.00    5.25 ^ _187_/A2 (sky130_fd_sc_hd__a21bo_2)
     9    0.05    0.43    0.71    5.96 ^ _187_/X (sky130_fd_sc_hd__a21bo_2)
                                         _085_ (net)
                  0.43    0.00    5.96 ^ _188_/A (sky130_fd_sc_hd__inv_2)
     2    0.02    0.16    0.28    6.24 v _188_/Y (sky130_fd_sc_hd__inv_2)
                                         _086_ (net)
                  0.16    0.00    6.25 v _189_/A (sky130_fd_sc_hd__buf_4)
    10    0.07    0.17    0.42    6.67 v _189_/X (sky130_fd_sc_hd__buf_4)
                                         _027_ (net)
                  0.17    0.00    6.67 v _209_/A (sky130_fd_sc_hd__nor3_1)
     1    0.02    0.80    0.82    7.49 ^ _209_/Y (sky130_fd_sc_hd__nor3_1)
                                         _022_ (net)
                  0.80    0.00    7.49 ^ _335_/D (sky130_fd_sc_hd__dfrtp_2)
                                  7.49   data arrival time

                         10.00   10.00   clock clk (rise edge)
                          0.00   10.00   clock source latency
     1    0.02    0.17    0.11   10.11 ^ clk (in)
                                         clk (net)
                  0.17    0.00   10.11 ^ clkbuf_0_clk/A (sky130_fd_sc_hd__clkbuf_16)
     4    0.05    0.11    0.29   10.40 ^ clkbuf_0_clk/X (sky130_fd_sc_hd__clkbuf_16)
                                         clknet_0_clk (net)
                  0.11    0.00   10.40 ^ clkbuf_2_2__f_clk/A (sky130_fd_sc_hd__clkbuf_16)
     7    0.05    0.10    0.26   10.66 ^ clkbuf_2_2__f_clk/X (sky130_fd_sc_hd__clkbuf_16)
                                         clknet_2_2__leaf_clk (net)
                  0.10    0.00   10.66 ^ _335_/CLK (sky130_fd_sc_hd__dfrtp_2)
                         -0.25   10.41   clock uncertainty
                          0.04   10.46   clock reconvergence pessimism
                         -0.32   10.14   library setup time
                                 10.14   data required time
-----------------------------------------------------------------------------
                                 10.14   data required time
                                 -7.49   data arrival time
-----------------------------------------------------------------------------
                                  2.65   slack (MET)


Startpoint: _342_ (rising edge-triggered flip-flop clocked by clk)
Endpoint: _349_ (rising edge-triggered flip-flop clocked by clk)
Path Group: clk
Path Type: max
Corner: Slowest

Fanout     Cap    Slew   Delay    Time   Description
-----------------------------------------------------------------------------
                          0.00    0.00   clock clk (rise edge)
                          0.00    0.00   clock source latency
     1    0.02    0.17    0.12    0.12 ^ clk (in)
                                         clk (net)
                  0.17    0.00    0.12 ^ clkbuf_0_clk/A (sky130_fd_sc_hd__clkbuf_16)
     4    0.05    0.11    0.32    0.45 ^ clkbuf_0_clk/X (sky130_fd_sc_hd__clkbuf_16)
                                         clknet_0_clk (net)
                  0.11    0.00    0.45 ^ clkbuf_2_1__f_clk/A (sky130_fd_sc_hd__clkbuf_16)
    11    0.03    0.09    0.27    0.72 ^ clkbuf_2_1__f_clk/X (sky130_fd_sc_hd__clkbuf_16)
                                         clknet_2_1__leaf_clk (net)
                  0.09    0.00    0.72 ^ _342_/CLK (sky130_fd_sc_hd__dfrtp_2)
     5    0.03    0.19    1.00    1.72 v _342_/Q (sky130_fd_sc_hd__dfrtp_2)
                                         one_second_counter[12] (net)
                  0.19    0.00    1.72 v _180_/C (sky130_fd_sc_hd__and4_1)
     2    0.02    0.21    0.61    2.33 v _180_/X (sky130_fd_sc_hd__and4_1)
                                         _078_ (net)
                  0.21    0.00    2.33 v _181_/D (sky130_fd_sc_hd__or4_2)
     1    0.02    0.34    1.64    3.97 v _181_/X (sky130_fd_sc_hd__or4_2)
                                         _079_ (net)
                  0.34    0.00    3.97 v _184_/A3 (sky130_fd_sc_hd__o31a_1)
     1    0.02    0.25    0.77    4.74 v _184_/X (sky130_fd_sc_hd__o31a_1)
                                         _082_ (net)
                  0.25    0.00    4.74 v _186_/A2 (sky130_fd_sc_hd__o211ai_2)
     2    0.02    0.44    0.51    5.25 ^ _186_/Y (sky130_fd_sc_hd__o211ai_2)
                                         _084_ (net)
                  0.44    0.00    5.25 ^ _187_/A2 (sky130_fd_sc_hd__a21bo_2)
     9    0.05    0.43    0.71    5.96 ^ _187_/X (sky130_fd_sc_hd__a21bo_2)
                                         _085_ (net)
                  0.43    0.00    5.96 ^ _202_/A (sky130_fd_sc_hd__clkbuf_4)
    10    0.06    0.30    0.61    6.57 ^ _202_/X (sky130_fd_sc_hd__clkbuf_4)
                                         _095_ (net)
                  0.30    0.00    6.57 ^ _260_/A (sky130_fd_sc_hd__and3_1)
     1    0.02    0.31    0.58    7.15 ^ _260_/X (sky130_fd_sc_hd__and3_1)
                                         _138_ (net)
                  0.31    0.00    7.15 ^ _261_/A (sky130_fd_sc_hd__buf_1)
     1    0.02    0.32    0.44    7.59 ^ _261_/X (sky130_fd_sc_hd__buf_1)
                                         _010_ (net)
                  0.32    0.00    7.59 ^ _349_/D (sky130_fd_sc_hd__dfrtp_2)
                                  7.59   data arrival time

                         10.00   10.00   clock clk (rise edge)
                          0.00   10.00   clock source latency
     1    0.02    0.17    0.11   10.11 ^ clk (in)
                                         clk (net)
                  0.17    0.00   10.11 ^ clkbuf_0_clk/A (sky130_fd_sc_hd__clkbuf_16)
     4    0.05    0.11    0.29   10.40 ^ clkbuf_0_clk/X (sky130_fd_sc_hd__clkbuf_16)
                                         clknet_0_clk (net)
                  0.11    0.00   10.40 ^ clkbuf_2_3__f_clk/A (sky130_fd_sc_hd__clkbuf_16)
     8    0.04    0.09    0.25   10.66 ^ clkbuf_2_3__f_clk/X (sky130_fd_sc_hd__clkbuf_16)
                                         clknet_2_3__leaf_clk (net)
                  0.09    0.00   10.66 ^ _349_/CLK (sky130_fd_sc_hd__dfrtp_2)
                         -0.25   10.41   clock uncertainty
                          0.04   10.45   clock reconvergence pessimism
                         -0.20   10.25   library setup time
                                 10.25   data required time
-----------------------------------------------------------------------------
                                 10.25   data required time
                                 -7.59   data arrival time
-----------------------------------------------------------------------------
                                  2.66   slack (MET)


Startpoint: _361_ (rising edge-triggered flip-flop clocked by clk)
Endpoint: seg[0] (output port clocked by clk)
Path Group: clk
Path Type: max
Corner: Slowest

Fanout     Cap    Slew   Delay    Time   Description
-----------------------------------------------------------------------------
                          0.00    0.00   clock clk (rise edge)
                          0.00    0.00   clock source latency
     1    0.02    0.17    0.12    0.12 ^ clk (in)
                                         clk (net)
                  0.17    0.00    0.12 ^ clkbuf_0_clk/A (sky130_fd_sc_hd__clkbuf_16)
     4    0.05    0.11    0.32    0.45 ^ clkbuf_0_clk/X (sky130_fd_sc_hd__clkbuf_16)
                                         clknet_0_clk (net)
                  0.11    0.00    0.45 ^ clkbuf_2_0__f_clk/A (sky130_fd_sc_hd__clkbuf_16)
     9    0.04    0.10    0.28    0.73 ^ clkbuf_2_0__f_clk/X (sky130_fd_sc_hd__clkbuf_16)
                                         clknet_2_0__leaf_clk (net)
                  0.10    0.00    0.73 ^ _361_/CLK (sky130_fd_sc_hd__dfrtp_4)
     6    0.05    0.21    1.19    1.92 v _361_/Q (sky130_fd_sc_hd__dfrtp_4)
                                         decoder.digit[3] (net)
                  0.21    0.00    1.92 v _165_/A (sky130_fd_sc_hd__nor2_2)
     2    0.03    0.54    0.57    2.49 ^ _165_/Y (sky130_fd_sc_hd__nor2_2)
                                         _066_ (net)
                  0.54    0.00    2.49 ^ _166_/B (sky130_fd_sc_hd__nand2_2)
     3    0.04    0.36    0.51    3.00 v _166_/Y (sky130_fd_sc_hd__nand2_2)
                                         _067_ (net)
                  0.36    0.00    3.00 v _167_/B (sky130_fd_sc_hd__nor2_2)
     3    0.03    0.56    0.61    3.61 ^ _167_/Y (sky130_fd_sc_hd__nor2_2)
                                         _068_ (net)
                  0.56    0.00    3.61 ^ _287_/B1 (sky130_fd_sc_hd__a2111o_1)
     2    0.02    0.29    0.55    4.16 ^ _287_/X (sky130_fd_sc_hd__a2111o_1)
                                         net5 (net)
                  0.29    0.00    4.16 ^ _370_/A (sky130_fd_sc_hd__buf_1)
     1    0.02    0.32    0.43    4.59 ^ _370_/X (sky130_fd_sc_hd__buf_1)
                                         net2 (net)
                  0.32    0.00    4.59 ^ output2/A (sky130_fd_sc_hd__buf_2)
     1    0.03    0.27    0.47    5.07 ^ output2/X (sky130_fd_sc_hd__buf_2)
                                         seg[0] (net)
                  0.27    0.00    5.07 ^ seg[0] (out)
                                  5.07   data arrival time

                         10.00   10.00   clock clk (rise edge)
                          0.00   10.00   clock network delay (propagated)
                         -0.25    9.75   clock uncertainty
                          0.00    9.75   clock reconvergence pessimism
                         -2.00    7.75   output external delay
                                  7.75   data required time
-----------------------------------------------------------------------------
                                  7.75   data required time
                                 -5.07   data arrival time
-----------------------------------------------------------------------------
                                  2.68   slack (MET)


Startpoint: _343_ (rising edge-triggered flip-flop clocked by clk)
Endpoint: _342_ (rising edge-triggered flip-flop clocked by clk)
Path Group: clk
Path Type: max
Corner: Slowest

Fanout     Cap    Slew   Delay    Time   Description
-----------------------------------------------------------------------------
                          0.00    0.00   clock clk (rise edge)
                          0.00    0.00   clock source latency
     1    0.02    0.17    0.12    0.12 ^ clk (in)
                                         clk (net)
                  0.17    0.00    0.12 ^ clkbuf_0_clk/A (sky130_fd_sc_hd__clkbuf_16)
     4    0.05    0.11    0.32    0.45 ^ clkbuf_0_clk/X (sky130_fd_sc_hd__clkbuf_16)
                                         clknet_0_clk (net)
                  0.11    0.00    0.45 ^ clkbuf_2_0__f_clk/A (sky130_fd_sc_hd__clkbuf_16)
     9    0.04    0.10    0.28    0.73 ^ clkbuf_2_0__f_clk/X (sky130_fd_sc_hd__clkbuf_16)
                                         clknet_2_0__leaf_clk (net)
                  0.10    0.00    0.73 ^ _343_/CLK (sky130_fd_sc_hd__dfrtp_1)
     4    0.02    0.21    0.93    1.66 v _343_/Q (sky130_fd_sc_hd__dfrtp_1)
                                         one_second_counter[13] (net)
                  0.21    0.00    1.66 v _180_/D (sky130_fd_sc_hd__and4_1)
     2    0.02    0.21    0.64    2.31 v _180_/X (sky130_fd_sc_hd__and4_1)
                                         _078_ (net)
                  0.21    0.00    2.31 v _181_/D (sky130_fd_sc_hd__or4_2)
     1    0.02    0.34    1.64    3.95 v _181_/X (sky130_fd_sc_hd__or4_2)
                                         _079_ (net)
                  0.34    0.00    3.95 v _184_/A3 (sky130_fd_sc_hd__o31a_1)
     1    0.02    0.25    0.77    4.72 v _184_/X (sky130_fd_sc_hd__o31a_1)
                                         _082_ (net)
                  0.25    0.00    4.72 v _186_/A2 (sky130_fd_sc_hd__o211ai_2)
     2    0.02    0.44    0.51    5.23 ^ _186_/Y (sky130_fd_sc_hd__o211ai_2)
                                         _084_ (net)
                  0.44    0.00    5.23 ^ _187_/A2 (sky130_fd_sc_hd__a21bo_2)
     9    0.05    0.43    0.71    5.94 ^ _187_/X (sky130_fd_sc_hd__a21bo_2)
                                         _085_ (net)
                  0.43    0.00    5.94 ^ _202_/A (sky130_fd_sc_hd__clkbuf_4)
    10    0.06    0.30    0.61    6.55 ^ _202_/X (sky130_fd_sc_hd__clkbuf_4)
                                         _095_ (net)
                  0.30    0.00    6.55 ^ _232_/A (sky130_fd_sc_hd__and3_1)
     1    0.02    0.34    0.60    7.15 ^ _232_/X (sky130_fd_sc_hd__and3_1)
                                         _117_ (net)
                  0.34    0.00    7.15 ^ _233_/A (sky130_fd_sc_hd__buf_1)
     1    0.01    0.28    0.41    7.56 ^ _233_/X (sky130_fd_sc_hd__buf_1)
                                         _003_ (net)
                  0.28    0.00    7.56 ^ _342_/D (sky130_fd_sc_hd__dfrtp_2)
                                  7.56   data arrival time

                         10.00   10.00   clock clk (rise edge)
                          0.00   10.00   clock source latency
     1    0.02    0.17    0.11   10.11 ^ clk (in)
                                         clk (net)
                  0.17    0.00   10.11 ^ clkbuf_0_clk/A (sky130_fd_sc_hd__clkbuf_16)
     4    0.05    0.11    0.29   10.40 ^ clkbuf_0_clk/X (sky130_fd_sc_hd__clkbuf_16)
                                         clknet_0_clk (net)
                  0.11    0.00   10.40 ^ clkbuf_2_1__f_clk/A (sky130_fd_sc_hd__clkbuf_16)
    11    0.03    0.09    0.25   10.65 ^ clkbuf_2_1__f_clk/X (sky130_fd_sc_hd__clkbuf_16)
                                         clknet_2_1__leaf_clk (net)
                  0.09    0.00   10.65 ^ _342_/CLK (sky130_fd_sc_hd__dfrtp_2)
                         -0.25   10.40   clock uncertainty
                          0.04   10.44   clock reconvergence pessimism
                         -0.19   10.26   library setup time
                                 10.26   data required time
-----------------------------------------------------------------------------
                                 10.26   data required time
                                 -7.56   data arrival time
-----------------------------------------------------------------------------
                                  2.69   slack (MET)


Startpoint: _342_ (rising edge-triggered flip-flop clocked by clk)
Endpoint: _354_ (rising edge-triggered flip-flop clocked by clk)
Path Group: clk
Path Type: max
Corner: Slowest

Fanout     Cap    Slew   Delay    Time   Description
-----------------------------------------------------------------------------
                          0.00    0.00   clock clk (rise edge)
                          0.00    0.00   clock source latency
     1    0.02    0.17    0.12    0.12 ^ clk (in)
                                         clk (net)
                  0.17    0.00    0.12 ^ clkbuf_0_clk/A (sky130_fd_sc_hd__clkbuf_16)
     4    0.05    0.11    0.32    0.45 ^ clkbuf_0_clk/X (sky130_fd_sc_hd__clkbuf_16)
                                         clknet_0_clk (net)
                  0.11    0.00    0.45 ^ clkbuf_2_1__f_clk/A (sky130_fd_sc_hd__clkbuf_16)
    11    0.03    0.09    0.27    0.72 ^ clkbuf_2_1__f_clk/X (sky130_fd_sc_hd__clkbuf_16)
                                         clknet_2_1__leaf_clk (net)
                  0.09    0.00    0.72 ^ _342_/CLK (sky130_fd_sc_hd__dfrtp_2)
     5    0.03    0.19    1.00    1.72 v _342_/Q (sky130_fd_sc_hd__dfrtp_2)
                                         one_second_counter[12] (net)
                  0.19    0.00    1.72 v _180_/C (sky130_fd_sc_hd__and4_1)
     2    0.02    0.21    0.61    2.33 v _180_/X (sky130_fd_sc_hd__and4_1)
                                         _078_ (net)
                  0.21    0.00    2.33 v _181_/D (sky130_fd_sc_hd__or4_2)
     1    0.02    0.34    1.64    3.97 v _181_/X (sky130_fd_sc_hd__or4_2)
                                         _079_ (net)
                  0.34    0.00    3.97 v _184_/A3 (sky130_fd_sc_hd__o31a_1)
     1    0.02    0.25    0.77    4.74 v _184_/X (sky130_fd_sc_hd__o31a_1)
                                         _082_ (net)
                  0.25    0.00    4.74 v _186_/A2 (sky130_fd_sc_hd__o211ai_2)
     2    0.02    0.44    0.51    5.25 ^ _186_/Y (sky130_fd_sc_hd__o211ai_2)
                                         _084_ (net)
                  0.44    0.00    5.25 ^ _187_/A2 (sky130_fd_sc_hd__a21bo_2)
     9    0.05    0.43    0.71    5.96 ^ _187_/X (sky130_fd_sc_hd__a21bo_2)
                                         _085_ (net)
                  0.43    0.00    5.96 ^ _188_/A (sky130_fd_sc_hd__inv_2)
     2    0.02    0.16    0.28    6.24 v _188_/Y (sky130_fd_sc_hd__inv_2)
                                         _086_ (net)
                  0.16    0.00    6.25 v _189_/A (sky130_fd_sc_hd__buf_4)
    10    0.07    0.17    0.42    6.67 v _189_/X (sky130_fd_sc_hd__buf_4)
                                         _027_ (net)
                  0.17    0.01    6.68 v _278_/A (sky130_fd_sc_hd__nor3_1)
     1    0.01    0.65    0.70    7.37 ^ _278_/Y (sky130_fd_sc_hd__nor3_1)
                                         _016_ (net)
                  0.65    0.00    7.37 ^ _354_/D (sky130_fd_sc_hd__dfrtp_4)
                                  7.37   data arrival time

                         10.00   10.00   clock clk (rise edge)
                          0.00   10.00   clock source latency
     1    0.02    0.17    0.11   10.11 ^ clk (in)
                                         clk (net)
                  0.17    0.00   10.11 ^ clkbuf_0_clk/A (sky130_fd_sc_hd__clkbuf_16)
     4    0.05    0.11    0.29   10.40 ^ clkbuf_0_clk/X (sky130_fd_sc_hd__clkbuf_16)
                                         clknet_0_clk (net)
                  0.11    0.00   10.40 ^ clkbuf_2_3__f_clk/A (sky130_fd_sc_hd__clkbuf_16)
     8    0.04    0.09    0.25   10.66 ^ clkbuf_2_3__f_clk/X (sky130_fd_sc_hd__clkbuf_16)
                                         clknet_2_3__leaf_clk (net)
                  0.09    0.00   10.66 ^ _354_/CLK (sky130_fd_sc_hd__dfrtp_4)
                         -0.25   10.41   clock uncertainty
                          0.04   10.45   clock reconvergence pessimism
                         -0.28   10.17   library setup time
                                 10.17   data required time
-----------------------------------------------------------------------------
                                 10.17   data required time
                                 -7.37   data arrival time
-----------------------------------------------------------------------------
                                  2.79   slack (MET)


Startpoint: _343_ (rising edge-triggered flip-flop clocked by clk)
Endpoint: _336_ (rising edge-triggered flip-flop clocked by clk)
Path Group: clk
Path Type: max
Corner: Slowest

Fanout     Cap    Slew   Delay    Time   Description
-----------------------------------------------------------------------------
                          0.00    0.00   clock clk (rise edge)
                          0.00    0.00   clock source latency
     1    0.02    0.17    0.12    0.12 ^ clk (in)
                                         clk (net)
                  0.17    0.00    0.12 ^ clkbuf_0_clk/A (sky130_fd_sc_hd__clkbuf_16)
     4    0.05    0.11    0.32    0.45 ^ clkbuf_0_clk/X (sky130_fd_sc_hd__clkbuf_16)
                                         clknet_0_clk (net)
                  0.11    0.00    0.45 ^ clkbuf_2_0__f_clk/A (sky130_fd_sc_hd__clkbuf_16)
     9    0.04    0.10    0.28    0.73 ^ clkbuf_2_0__f_clk/X (sky130_fd_sc_hd__clkbuf_16)
                                         clknet_2_0__leaf_clk (net)
                  0.10    0.00    0.73 ^ _343_/CLK (sky130_fd_sc_hd__dfrtp_1)
     4    0.02    0.21    0.93    1.66 v _343_/Q (sky130_fd_sc_hd__dfrtp_1)
                                         one_second_counter[13] (net)
                  0.21    0.00    1.66 v _180_/D (sky130_fd_sc_hd__and4_1)
     2    0.02    0.21    0.64    2.31 v _180_/X (sky130_fd_sc_hd__and4_1)
                                         _078_ (net)
                  0.21    0.00    2.31 v _181_/D (sky130_fd_sc_hd__or4_2)
     1    0.02    0.34    1.64    3.95 v _181_/X (sky130_fd_sc_hd__or4_2)
                                         _079_ (net)
                  0.34    0.00    3.95 v _184_/A3 (sky130_fd_sc_hd__o31a_1)
     1    0.02    0.25    0.77    4.72 v _184_/X (sky130_fd_sc_hd__o31a_1)
                                         _082_ (net)
                  0.25    0.00    4.72 v _186_/A2 (sky130_fd_sc_hd__o211ai_2)
     2    0.02    0.44    0.51    5.23 ^ _186_/Y (sky130_fd_sc_hd__o211ai_2)
                                         _084_ (net)
                  0.44    0.00    5.23 ^ _187_/A2 (sky130_fd_sc_hd__a21bo_2)
     9    0.05    0.43    0.71    5.94 ^ _187_/X (sky130_fd_sc_hd__a21bo_2)
                                         _085_ (net)
                  0.43    0.00    5.94 ^ _202_/A (sky130_fd_sc_hd__clkbuf_4)
    10    0.06    0.30    0.61    6.55 ^ _202_/X (sky130_fd_sc_hd__clkbuf_4)
                                         _095_ (net)
                  0.30    0.00    6.55 ^ _212_/A (sky130_fd_sc_hd__and3_1)
     1    0.01    0.13    0.43    6.98 ^ _212_/X (sky130_fd_sc_hd__and3_1)
                                         _103_ (net)
                  0.13    0.00    6.98 ^ _213_/A (sky130_fd_sc_hd__buf_1)
     1    0.02    0.39    0.42    7.40 ^ _213_/X (sky130_fd_sc_hd__buf_1)
                                         _023_ (net)
                  0.39    0.00    7.40 ^ _336_/D (sky130_fd_sc_hd__dfrtp_2)
                                  7.40   data arrival time

                         10.00   10.00   clock clk (rise edge)
                          0.00   10.00   clock source latency
     1    0.02    0.17    0.11   10.11 ^ clk (in)
                                         clk (net)
                  0.17    0.00   10.11 ^ clkbuf_0_clk/A (sky130_fd_sc_hd__clkbuf_16)
     4    0.05    0.11    0.29   10.40 ^ clkbuf_0_clk/X (sky130_fd_sc_hd__clkbuf_16)
                                         clknet_0_clk (net)
                  0.11    0.00   10.40 ^ clkbuf_2_1__f_clk/A (sky130_fd_sc_hd__clkbuf_16)
    11    0.03    0.09    0.25   10.65 ^ clkbuf_2_1__f_clk/X (sky130_fd_sc_hd__clkbuf_16)
                                         clknet_2_1__leaf_clk (net)
                  0.09    0.00   10.65 ^ _336_/CLK (sky130_fd_sc_hd__dfrtp_2)
                         -0.25   10.40   clock uncertainty
                          0.04   10.44   clock reconvergence pessimism
                         -0.22   10.23   library setup time
                                 10.23   data required time
-----------------------------------------------------------------------------
                                 10.23   data required time
                                 -7.40   data arrival time
-----------------------------------------------------------------------------
                                  2.83   slack (MET)


Startpoint: _343_ (rising edge-triggered flip-flop clocked by clk)
Endpoint: _337_ (rising edge-triggered flip-flop clocked by clk)
Path Group: clk
Path Type: max
Corner: Slowest

Fanout     Cap    Slew   Delay    Time   Description
-----------------------------------------------------------------------------
                          0.00    0.00   clock clk (rise edge)
                          0.00    0.00   clock source latency
     1    0.02    0.17    0.12    0.12 ^ clk (in)
                                         clk (net)
                  0.17    0.00    0.12 ^ clkbuf_0_clk/A (sky130_fd_sc_hd__clkbuf_16)
     4    0.05    0.11    0.32    0.45 ^ clkbuf_0_clk/X (sky130_fd_sc_hd__clkbuf_16)
                                         clknet_0_clk (net)
                  0.11    0.00    0.45 ^ clkbuf_2_0__f_clk/A (sky130_fd_sc_hd__clkbuf_16)
     9    0.04    0.10    0.28    0.73 ^ clkbuf_2_0__f_clk/X (sky130_fd_sc_hd__clkbuf_16)
                                         clknet_2_0__leaf_clk (net)
                  0.10    0.00    0.73 ^ _343_/CLK (sky130_fd_sc_hd__dfrtp_1)
     4    0.02    0.21    0.93    1.66 v _343_/Q (sky130_fd_sc_hd__dfrtp_1)
                                         one_second_counter[13] (net)
                  0.21    0.00    1.66 v _180_/D (sky130_fd_sc_hd__and4_1)
     2    0.02    0.21    0.64    2.31 v _180_/X (sky130_fd_sc_hd__and4_1)
                                         _078_ (net)
                  0.21    0.00    2.31 v _181_/D (sky130_fd_sc_hd__or4_2)
     1    0.02    0.34    1.64    3.95 v _181_/X (sky130_fd_sc_hd__or4_2)
                                         _079_ (net)
                  0.34    0.00    3.95 v _184_/A3 (sky130_fd_sc_hd__o31a_1)
     1    0.02    0.25    0.77    4.72 v _184_/X (sky130_fd_sc_hd__o31a_1)
                                         _082_ (net)
                  0.25    0.00    4.72 v _186_/A2 (sky130_fd_sc_hd__o211ai_2)
     2    0.02    0.44    0.51    5.23 ^ _186_/Y (sky130_fd_sc_hd__o211ai_2)
                                         _084_ (net)
                  0.44    0.00    5.23 ^ _187_/A2 (sky130_fd_sc_hd__a21bo_2)
     9    0.05    0.43    0.71    5.94 ^ _187_/X (sky130_fd_sc_hd__a21bo_2)
                                         _085_ (net)
                  0.43    0.00    5.94 ^ _188_/A (sky130_fd_sc_hd__inv_2)
     2    0.02    0.16    0.28    6.22 v _188_/Y (sky130_fd_sc_hd__inv_2)
                                         _086_ (net)
                  0.16    0.00    6.22 v _215_/B1 (sky130_fd_sc_hd__a211oi_1)
     1    0.02    0.97    0.95    7.17 ^ _215_/Y (sky130_fd_sc_hd__a211oi_1)
                                         _024_ (net)
                  0.97    0.00    7.17 ^ _337_/D (sky130_fd_sc_hd__dfrtp_2)
                                  7.17   data arrival time

                         10.00   10.00   clock clk (rise edge)
                          0.00   10.00   clock source latency
     1    0.02    0.17    0.11   10.11 ^ clk (in)
                                         clk (net)
                  0.17    0.00   10.11 ^ clkbuf_0_clk/A (sky130_fd_sc_hd__clkbuf_16)
     4    0.05    0.11    0.29   10.40 ^ clkbuf_0_clk/X (sky130_fd_sc_hd__clkbuf_16)
                                         clknet_0_clk (net)
                  0.11    0.00   10.40 ^ clkbuf_2_1__f_clk/A (sky130_fd_sc_hd__clkbuf_16)
    11    0.03    0.09    0.25   10.65 ^ clkbuf_2_1__f_clk/X (sky130_fd_sc_hd__clkbuf_16)
                                         clknet_2_1__leaf_clk (net)
                  0.09    0.00   10.65 ^ _337_/CLK (sky130_fd_sc_hd__dfrtp_2)
                         -0.25   10.40   clock uncertainty
                          0.04   10.44   clock reconvergence pessimism
                         -0.36   10.08   library setup time
                                 10.08   data required time
-----------------------------------------------------------------------------
                                 10.08   data required time
                                 -7.17   data arrival time
-----------------------------------------------------------------------------
                                  2.91   slack (MET)


Startpoint: _342_ (rising edge-triggered flip-flop clocked by clk)
Endpoint: _345_ (rising edge-triggered flip-flop clocked by clk)
Path Group: clk
Path Type: max
Corner: Slowest

Fanout     Cap    Slew   Delay    Time   Description
-----------------------------------------------------------------------------
                          0.00    0.00   clock clk (rise edge)
                          0.00    0.00   clock source latency
     1    0.02    0.17    0.12    0.12 ^ clk (in)
                                         clk (net)
                  0.17    0.00    0.12 ^ clkbuf_0_clk/A (sky130_fd_sc_hd__clkbuf_16)
     4    0.05    0.11    0.32    0.45 ^ clkbuf_0_clk/X (sky130_fd_sc_hd__clkbuf_16)
                                         clknet_0_clk (net)
                  0.11    0.00    0.45 ^ clkbuf_2_1__f_clk/A (sky130_fd_sc_hd__clkbuf_16)
    11    0.03    0.09    0.27    0.72 ^ clkbuf_2_1__f_clk/X (sky130_fd_sc_hd__clkbuf_16)
                                         clknet_2_1__leaf_clk (net)
                  0.09    0.00    0.72 ^ _342_/CLK (sky130_fd_sc_hd__dfrtp_2)
     5    0.03    0.19    1.00    1.72 v _342_/Q (sky130_fd_sc_hd__dfrtp_2)
                                         one_second_counter[12] (net)
                  0.19    0.00    1.72 v _180_/C (sky130_fd_sc_hd__and4_1)
     2    0.02    0.21    0.61    2.33 v _180_/X (sky130_fd_sc_hd__and4_1)
                                         _078_ (net)
                  0.21    0.00    2.33 v _181_/D (sky130_fd_sc_hd__or4_2)
     1    0.02    0.34    1.64    3.97 v _181_/X (sky130_fd_sc_hd__or4_2)
                                         _079_ (net)
                  0.34    0.00    3.97 v _184_/A3 (sky130_fd_sc_hd__o31a_1)
     1    0.02    0.25    0.77    4.74 v _184_/X (sky130_fd_sc_hd__o31a_1)
                                         _082_ (net)
                  0.25    0.00    4.74 v _186_/A2 (sky130_fd_sc_hd__o211ai_2)
     2    0.02    0.44    0.51    5.25 ^ _186_/Y (sky130_fd_sc_hd__o211ai_2)
                                         _084_ (net)
                  0.44    0.00    5.25 ^ _187_/A2 (sky130_fd_sc_hd__a21bo_2)
     9    0.05    0.43    0.71    5.96 ^ _187_/X (sky130_fd_sc_hd__a21bo_2)
                                         _085_ (net)
                  0.43    0.00    5.96 ^ _188_/A (sky130_fd_sc_hd__inv_2)
     2    0.02    0.16    0.28    6.24 v _188_/Y (sky130_fd_sc_hd__inv_2)
                                         _086_ (net)
                  0.16    0.00    6.25 v _189_/A (sky130_fd_sc_hd__buf_4)
    10    0.07    0.17    0.42    6.67 v _189_/X (sky130_fd_sc_hd__buf_4)
                                         _027_ (net)
                  0.17    0.00    6.68 v _246_/C1 (sky130_fd_sc_hd__a211oi_2)
     1    0.02    0.60    0.59    7.26 ^ _246_/Y (sky130_fd_sc_hd__a211oi_2)
                                         _006_ (net)
                  0.60    0.00    7.27 ^ _345_/D (sky130_fd_sc_hd__dfrtp_2)
                                  7.27   data arrival time

                         10.00   10.00   clock clk (rise edge)
                          0.00   10.00   clock source latency
     1    0.02    0.17    0.11   10.11 ^ clk (in)
                                         clk (net)
                  0.17    0.00   10.11 ^ clkbuf_0_clk/A (sky130_fd_sc_hd__clkbuf_16)
     4    0.05    0.11    0.29   10.40 ^ clkbuf_0_clk/X (sky130_fd_sc_hd__clkbuf_16)
                                         clknet_0_clk (net)
                  0.11    0.00   10.40 ^ clkbuf_2_3__f_clk/A (sky130_fd_sc_hd__clkbuf_16)
     8    0.04    0.09    0.25   10.66 ^ clkbuf_2_3__f_clk/X (sky130_fd_sc_hd__clkbuf_16)
                                         clknet_2_3__leaf_clk (net)
                  0.09    0.00   10.66 ^ _345_/CLK (sky130_fd_sc_hd__dfrtp_2)
                         -0.25   10.41   clock uncertainty
                          0.04   10.45   clock reconvergence pessimism
                         -0.27   10.18   library setup time
                                 10.18   data required time
-----------------------------------------------------------------------------
                                 10.18   data required time
                                 -7.27   data arrival time
-----------------------------------------------------------------------------
                                  2.91   slack (MET)


Startpoint: _342_ (rising edge-triggered flip-flop clocked by clk)
Endpoint: _346_ (rising edge-triggered flip-flop clocked by clk)
Path Group: clk
Path Type: max
Corner: Slowest

Fanout     Cap    Slew   Delay    Time   Description
-----------------------------------------------------------------------------
                          0.00    0.00   clock clk (rise edge)
                          0.00    0.00   clock source latency
     1    0.02    0.17    0.12    0.12 ^ clk (in)
                                         clk (net)
                  0.17    0.00    0.12 ^ clkbuf_0_clk/A (sky130_fd_sc_hd__clkbuf_16)
     4    0.05    0.11    0.32    0.45 ^ clkbuf_0_clk/X (sky130_fd_sc_hd__clkbuf_16)
                                         clknet_0_clk (net)
                  0.11    0.00    0.45 ^ clkbuf_2_1__f_clk/A (sky130_fd_sc_hd__clkbuf_16)
    11    0.03    0.09    0.27    0.72 ^ clkbuf_2_1__f_clk/X (sky130_fd_sc_hd__clkbuf_16)
                                         clknet_2_1__leaf_clk (net)
                  0.09    0.00    0.72 ^ _342_/CLK (sky130_fd_sc_hd__dfrtp_2)
     5    0.03    0.19    1.00    1.72 v _342_/Q (sky130_fd_sc_hd__dfrtp_2)
                                         one_second_counter[12] (net)
                  0.19    0.00    1.72 v _180_/C (sky130_fd_sc_hd__and4_1)
     2    0.02    0.21    0.61    2.33 v _180_/X (sky130_fd_sc_hd__and4_1)
                                         _078_ (net)
                  0.21    0.00    2.33 v _181_/D (sky130_fd_sc_hd__or4_2)
     1    0.02    0.34    1.64    3.97 v _181_/X (sky130_fd_sc_hd__or4_2)
                                         _079_ (net)
                  0.34    0.00    3.97 v _184_/A3 (sky130_fd_sc_hd__o31a_1)
     1    0.02    0.25    0.77    4.74 v _184_/X (sky130_fd_sc_hd__o31a_1)
                                         _082_ (net)
                  0.25    0.00    4.74 v _186_/A2 (sky130_fd_sc_hd__o211ai_2)
     2    0.02    0.44    0.51    5.25 ^ _186_/Y (sky130_fd_sc_hd__o211ai_2)
                                         _084_ (net)
                  0.44    0.00    5.25 ^ _187_/A2 (sky130_fd_sc_hd__a21bo_2)
     9    0.05    0.43    0.71    5.96 ^ _187_/X (sky130_fd_sc_hd__a21bo_2)
                                         _085_ (net)
                  0.43    0.00    5.96 ^ _202_/A (sky130_fd_sc_hd__clkbuf_4)
    10    0.06    0.30    0.61    6.57 ^ _202_/X (sky130_fd_sc_hd__clkbuf_4)
                                         _095_ (net)
                  0.30    0.00    6.57 ^ _249_/A (sky130_fd_sc_hd__and3_1)
     1    0.01    0.19    0.48    7.05 ^ _249_/X (sky130_fd_sc_hd__and3_1)
                                         _130_ (net)
                  0.19    0.00    7.05 ^ _250_/A (sky130_fd_sc_hd__clkbuf_1)
     1    0.01    0.22    0.32    7.37 ^ _250_/X (sky130_fd_sc_hd__clkbuf_1)
                                         _007_ (net)
                  0.22    0.00    7.37 ^ _346_/D (sky130_fd_sc_hd__dfrtp_4)
                                  7.37   data arrival time

                         10.00   10.00   clock clk (rise edge)
                          0.00   10.00   clock source latency
     1    0.02    0.17    0.11   10.11 ^ clk (in)
                                         clk (net)
                  0.17    0.00   10.11 ^ clkbuf_0_clk/A (sky130_fd_sc_hd__clkbuf_16)
     4    0.05    0.11    0.29   10.40 ^ clkbuf_0_clk/X (sky130_fd_sc_hd__clkbuf_16)
                                         clknet_0_clk (net)
                  0.11    0.00   10.40 ^ clkbuf_2_2__f_clk/A (sky130_fd_sc_hd__clkbuf_16)
     7    0.05    0.10    0.26   10.66 ^ clkbuf_2_2__f_clk/X (sky130_fd_sc_hd__clkbuf_16)
                                         clknet_2_2__leaf_clk (net)
                  0.10    0.00   10.67 ^ _346_/CLK (sky130_fd_sc_hd__dfrtp_4)
                         -0.25   10.42   clock uncertainty
                          0.04   10.46   clock reconvergence pessimism
                         -0.17   10.29   library setup time
                                 10.29   data required time
-----------------------------------------------------------------------------
                                 10.29   data required time
                                 -7.37   data arrival time
-----------------------------------------------------------------------------
                                  2.92   slack (MET)


Startpoint: _343_ (rising edge-triggered flip-flop clocked by clk)
Endpoint: _353_ (rising edge-triggered flip-flop clocked by clk)
Path Group: clk
Path Type: max
Corner: Slowest

Fanout     Cap    Slew   Delay    Time   Description
-----------------------------------------------------------------------------
                          0.00    0.00   clock clk (rise edge)
                          0.00    0.00   clock source latency
     1    0.02    0.17    0.12    0.12 ^ clk (in)
                                         clk (net)
                  0.17    0.00    0.12 ^ clkbuf_0_clk/A (sky130_fd_sc_hd__clkbuf_16)
     4    0.05    0.11    0.32    0.45 ^ clkbuf_0_clk/X (sky130_fd_sc_hd__clkbuf_16)
                                         clknet_0_clk (net)
                  0.11    0.00    0.45 ^ clkbuf_2_0__f_clk/A (sky130_fd_sc_hd__clkbuf_16)
     9    0.04    0.10    0.28    0.73 ^ clkbuf_2_0__f_clk/X (sky130_fd_sc_hd__clkbuf_16)
                                         clknet_2_0__leaf_clk (net)
                  0.10    0.00    0.73 ^ _343_/CLK (sky130_fd_sc_hd__dfrtp_1)
     4    0.02    0.21    0.93    1.66 v _343_/Q (sky130_fd_sc_hd__dfrtp_1)
                                         one_second_counter[13] (net)
                  0.21    0.00    1.66 v _180_/D (sky130_fd_sc_hd__and4_1)
     2    0.02    0.21    0.64    2.31 v _180_/X (sky130_fd_sc_hd__and4_1)
                                         _078_ (net)
                  0.21    0.00    2.31 v _181_/D (sky130_fd_sc_hd__or4_2)
     1    0.02    0.34    1.64    3.95 v _181_/X (sky130_fd_sc_hd__or4_2)
                                         _079_ (net)
                  0.34    0.00    3.95 v _184_/A3 (sky130_fd_sc_hd__o31a_1)
     1    0.02    0.25    0.77    4.72 v _184_/X (sky130_fd_sc_hd__o31a_1)
                                         _082_ (net)
                  0.25    0.00    4.72 v _186_/A2 (sky130_fd_sc_hd__o211ai_2)
     2    0.02    0.44    0.51    5.23 ^ _186_/Y (sky130_fd_sc_hd__o211ai_2)
                                         _084_ (net)
                  0.44    0.00    5.23 ^ _187_/A2 (sky130_fd_sc_hd__a21bo_2)
     9    0.05    0.43    0.71    5.94 ^ _187_/X (sky130_fd_sc_hd__a21bo_2)
                                         _085_ (net)
                  0.43    0.00    5.94 ^ _188_/A (sky130_fd_sc_hd__inv_2)
     2    0.02    0.16    0.28    6.22 v _188_/Y (sky130_fd_sc_hd__inv_2)
                                         _086_ (net)
                  0.16    0.00    6.22 v _189_/A (sky130_fd_sc_hd__buf_4)
    10    0.07    0.17    0.42    6.65 v _189_/X (sky130_fd_sc_hd__buf_4)
                                         _027_ (net)
                  0.17    0.01    6.65 v _275_/C1 (sky130_fd_sc_hd__a221oi_2)
     1    0.02    0.61    0.60    7.25 ^ _275_/Y (sky130_fd_sc_hd__a221oi_2)
                                         _015_ (net)
                  0.61    0.00    7.25 ^ _353_/D (sky130_fd_sc_hd__dfrtp_1)
                                  7.25   data arrival time

                         10.00   10.00   clock clk (rise edge)
                          0.00   10.00   clock source latency
     1    0.02    0.17    0.11   10.11 ^ clk (in)
                                         clk (net)
                  0.17    0.00   10.11 ^ clkbuf_0_clk/A (sky130_fd_sc_hd__clkbuf_16)
     4    0.05    0.11    0.29   10.40 ^ clkbuf_0_clk/X (sky130_fd_sc_hd__clkbuf_16)
                                         clknet_0_clk (net)
                  0.11    0.00   10.40 ^ clkbuf_2_1__f_clk/A (sky130_fd_sc_hd__clkbuf_16)
    11    0.03    0.09    0.25   10.65 ^ clkbuf_2_1__f_clk/X (sky130_fd_sc_hd__clkbuf_16)
                                         clknet_2_1__leaf_clk (net)
                  0.09    0.00   10.65 ^ _353_/CLK (sky130_fd_sc_hd__dfrtp_1)
                         -0.25   10.40   clock uncertainty
                          0.04   10.44   clock reconvergence pessimism
                         -0.27   10.18   library setup time
                                 10.18   data required time
-----------------------------------------------------------------------------
                                 10.18   data required time
                                 -7.25   data arrival time
-----------------------------------------------------------------------------
                                  2.92   slack (MET)


Startpoint: _343_ (rising edge-triggered flip-flop clocked by clk)
Endpoint: _334_ (rising edge-triggered flip-flop clocked by clk)
Path Group: clk
Path Type: max
Corner: Slowest

Fanout     Cap    Slew   Delay    Time   Description
-----------------------------------------------------------------------------
                          0.00    0.00   clock clk (rise edge)
                          0.00    0.00   clock source latency
     1    0.02    0.17    0.12    0.12 ^ clk (in)
                                         clk (net)
                  0.17    0.00    0.12 ^ clkbuf_0_clk/A (sky130_fd_sc_hd__clkbuf_16)
     4    0.05    0.11    0.32    0.45 ^ clkbuf_0_clk/X (sky130_fd_sc_hd__clkbuf_16)
                                         clknet_0_clk (net)
                  0.11    0.00    0.45 ^ clkbuf_2_0__f_clk/A (sky130_fd_sc_hd__clkbuf_16)
     9    0.04    0.10    0.28    0.73 ^ clkbuf_2_0__f_clk/X (sky130_fd_sc_hd__clkbuf_16)
                                         clknet_2_0__leaf_clk (net)
                  0.10    0.00    0.73 ^ _343_/CLK (sky130_fd_sc_hd__dfrtp_1)
     4    0.02    0.21    0.93    1.66 v _343_/Q (sky130_fd_sc_hd__dfrtp_1)
                                         one_second_counter[13] (net)
                  0.21    0.00    1.66 v _180_/D (sky130_fd_sc_hd__and4_1)
     2    0.02    0.21    0.64    2.31 v _180_/X (sky130_fd_sc_hd__and4_1)
                                         _078_ (net)
                  0.21    0.00    2.31 v _181_/D (sky130_fd_sc_hd__or4_2)
     1    0.02    0.34    1.64    3.95 v _181_/X (sky130_fd_sc_hd__or4_2)
                                         _079_ (net)
                  0.34    0.00    3.95 v _184_/A3 (sky130_fd_sc_hd__o31a_1)
     1    0.02    0.25    0.77    4.72 v _184_/X (sky130_fd_sc_hd__o31a_1)
                                         _082_ (net)
                  0.25    0.00    4.72 v _186_/A2 (sky130_fd_sc_hd__o211ai_2)
     2    0.02    0.44    0.51    5.23 ^ _186_/Y (sky130_fd_sc_hd__o211ai_2)
                                         _084_ (net)
                  0.44    0.00    5.23 ^ _187_/A2 (sky130_fd_sc_hd__a21bo_2)
     9    0.05    0.43    0.71    5.94 ^ _187_/X (sky130_fd_sc_hd__a21bo_2)
                                         _085_ (net)
                  0.43    0.00    5.94 ^ _202_/A (sky130_fd_sc_hd__clkbuf_4)
    10    0.06    0.30    0.61    6.55 ^ _202_/X (sky130_fd_sc_hd__clkbuf_4)
                                         _095_ (net)
                  0.30    0.00    6.55 ^ _205_/A (sky130_fd_sc_hd__and3_1)
     1    0.01    0.15    0.45    7.00 ^ _205_/X (sky130_fd_sc_hd__and3_1)
                                         _098_ (net)
                  0.15    0.00    7.00 ^ _206_/A (sky130_fd_sc_hd__clkbuf_1)
     1    0.01    0.24    0.32    7.32 ^ _206_/X (sky130_fd_sc_hd__clkbuf_1)
                                         _021_ (net)
                  0.24    0.00    7.32 ^ _334_/D (sky130_fd_sc_hd__dfrtp_4)
                                  7.32   data arrival time

                         10.00   10.00   clock clk (rise edge)
                          0.00   10.00   clock source latency
     1    0.02    0.17    0.11   10.11 ^ clk (in)
                                         clk (net)
                  0.17    0.00   10.11 ^ clkbuf_0_clk/A (sky130_fd_sc_hd__clkbuf_16)
     4    0.05    0.11    0.29   10.40 ^ clkbuf_0_clk/X (sky130_fd_sc_hd__clkbuf_16)
                                         clknet_0_clk (net)
                  0.11    0.00   10.40 ^ clkbuf_2_1__f_clk/A (sky130_fd_sc_hd__clkbuf_16)
    11    0.03    0.09    0.25   10.65 ^ clkbuf_2_1__f_clk/X (sky130_fd_sc_hd__clkbuf_16)
                                         clknet_2_1__leaf_clk (net)
                  0.09    0.00   10.65 ^ _334_/CLK (sky130_fd_sc_hd__dfrtp_4)
                         -0.25   10.40   clock uncertainty
                          0.04   10.44   clock reconvergence pessimism
                         -0.18   10.27   library setup time
                                 10.27   data required time
-----------------------------------------------------------------------------
                                 10.27   data required time
                                 -7.32   data arrival time
-----------------------------------------------------------------------------
                                  2.95   slack (MET)


Startpoint: _343_ (rising edge-triggered flip-flop clocked by clk)
Endpoint: _344_ (rising edge-triggered flip-flop clocked by clk)
Path Group: clk
Path Type: max
Corner: Slowest

Fanout     Cap    Slew   Delay    Time   Description
-----------------------------------------------------------------------------
                          0.00    0.00   clock clk (rise edge)
                          0.00    0.00   clock source latency
     1    0.02    0.17    0.12    0.12 ^ clk (in)
                                         clk (net)
                  0.17    0.00    0.12 ^ clkbuf_0_clk/A (sky130_fd_sc_hd__clkbuf_16)
     4    0.05    0.11    0.32    0.45 ^ clkbuf_0_clk/X (sky130_fd_sc_hd__clkbuf_16)
                                         clknet_0_clk (net)
                  0.11    0.00    0.45 ^ clkbuf_2_0__f_clk/A (sky130_fd_sc_hd__clkbuf_16)
     9    0.04    0.10    0.28    0.73 ^ clkbuf_2_0__f_clk/X (sky130_fd_sc_hd__clkbuf_16)
                                         clknet_2_0__leaf_clk (net)
                  0.10    0.00    0.73 ^ _343_/CLK (sky130_fd_sc_hd__dfrtp_1)
     4    0.02    0.21    0.93    1.66 v _343_/Q (sky130_fd_sc_hd__dfrtp_1)
                                         one_second_counter[13] (net)
                  0.21    0.00    1.66 v _180_/D (sky130_fd_sc_hd__and4_1)
     2    0.02    0.21    0.64    2.31 v _180_/X (sky130_fd_sc_hd__and4_1)
                                         _078_ (net)
                  0.21    0.00    2.31 v _181_/D (sky130_fd_sc_hd__or4_2)
     1    0.02    0.34    1.64    3.95 v _181_/X (sky130_fd_sc_hd__or4_2)
                                         _079_ (net)
                  0.34    0.00    3.95 v _184_/A3 (sky130_fd_sc_hd__o31a_1)
     1    0.02    0.25    0.77    4.72 v _184_/X (sky130_fd_sc_hd__o31a_1)
                                         _082_ (net)
                  0.25    0.00    4.72 v _186_/A2 (sky130_fd_sc_hd__o211ai_2)
     2    0.02    0.44    0.51    5.23 ^ _186_/Y (sky130_fd_sc_hd__o211ai_2)
                                         _084_ (net)
                  0.44    0.00    5.23 ^ _187_/A2 (sky130_fd_sc_hd__a21bo_2)
     9    0.05    0.43    0.71    5.94 ^ _187_/X (sky130_fd_sc_hd__a21bo_2)
                                         _085_ (net)
                  0.43    0.00    5.94 ^ _202_/A (sky130_fd_sc_hd__clkbuf_4)
    10    0.06    0.30    0.61    6.55 ^ _202_/X (sky130_fd_sc_hd__clkbuf_4)
                                         _095_ (net)
                  0.30    0.00    6.55 ^ _241_/A (sky130_fd_sc_hd__and3_1)
     1    0.01    0.17    0.47    7.01 ^ _241_/X (sky130_fd_sc_hd__and3_1)
                                         _124_ (net)
                  0.17    0.00    7.01 ^ _242_/A (sky130_fd_sc_hd__clkbuf_1)
     1    0.01    0.21    0.31    7.32 ^ _242_/X (sky130_fd_sc_hd__clkbuf_1)
                                         _005_ (net)
                  0.21    0.00    7.33 ^ _344_/D (sky130_fd_sc_hd__dfrtp_1)
                                  7.33   data arrival time

                         10.00   10.00   clock clk (rise edge)
                          0.00   10.00   clock source latency
     1    0.02    0.17    0.11   10.11 ^ clk (in)
                                         clk (net)
                  0.17    0.00   10.11 ^ clkbuf_0_clk/A (sky130_fd_sc_hd__clkbuf_16)
     4    0.05    0.11    0.29   10.40 ^ clkbuf_0_clk/X (sky130_fd_sc_hd__clkbuf_16)
                                         clknet_0_clk (net)
                  0.11    0.00   10.40 ^ clkbuf_2_1__f_clk/A (sky130_fd_sc_hd__clkbuf_16)
    11    0.03    0.09    0.25   10.65 ^ clkbuf_2_1__f_clk/X (sky130_fd_sc_hd__clkbuf_16)
                                         clknet_2_1__leaf_clk (net)
                  0.09    0.00   10.65 ^ _344_/CLK (sky130_fd_sc_hd__dfrtp_1)
                         -0.25   10.40   clock uncertainty
                          0.04   10.44   clock reconvergence pessimism
                         -0.17   10.28   library setup time
                                 10.28   data required time
-----------------------------------------------------------------------------
                                 10.28   data required time
                                 -7.33   data arrival time
-----------------------------------------------------------------------------
                                  2.95   slack (MET)


Startpoint: _342_ (rising edge-triggered flip-flop clocked by clk)
Endpoint: _351_ (rising edge-triggered flip-flop clocked by clk)
Path Group: clk
Path Type: max
Corner: Slowest

Fanout     Cap    Slew   Delay    Time   Description
-----------------------------------------------------------------------------
                          0.00    0.00   clock clk (rise edge)
                          0.00    0.00   clock source latency
     1    0.02    0.17    0.12    0.12 ^ clk (in)
                                         clk (net)
                  0.17    0.00    0.12 ^ clkbuf_0_clk/A (sky130_fd_sc_hd__clkbuf_16)
     4    0.05    0.11    0.32    0.45 ^ clkbuf_0_clk/X (sky130_fd_sc_hd__clkbuf_16)
                                         clknet_0_clk (net)
                  0.11    0.00    0.45 ^ clkbuf_2_1__f_clk/A (sky130_fd_sc_hd__clkbuf_16)
    11    0.03    0.09    0.27    0.72 ^ clkbuf_2_1__f_clk/X (sky130_fd_sc_hd__clkbuf_16)
                                         clknet_2_1__leaf_clk (net)
                  0.09    0.00    0.72 ^ _342_/CLK (sky130_fd_sc_hd__dfrtp_2)
     5    0.03    0.19    1.00    1.72 v _342_/Q (sky130_fd_sc_hd__dfrtp_2)
                                         one_second_counter[12] (net)
                  0.19    0.00    1.72 v _180_/C (sky130_fd_sc_hd__and4_1)
     2    0.02    0.21    0.61    2.33 v _180_/X (sky130_fd_sc_hd__and4_1)
                                         _078_ (net)
                  0.21    0.00    2.33 v _181_/D (sky130_fd_sc_hd__or4_2)
     1    0.02    0.34    1.64    3.97 v _181_/X (sky130_fd_sc_hd__or4_2)
                                         _079_ (net)
                  0.34    0.00    3.97 v _184_/A3 (sky130_fd_sc_hd__o31a_1)
     1    0.02    0.25    0.77    4.74 v _184_/X (sky130_fd_sc_hd__o31a_1)
                                         _082_ (net)
                  0.25    0.00    4.74 v _186_/A2 (sky130_fd_sc_hd__o211ai_2)
     2    0.02    0.44    0.51    5.25 ^ _186_/Y (sky130_fd_sc_hd__o211ai_2)
                                         _084_ (net)
                  0.44    0.00    5.25 ^ _187_/A2 (sky130_fd_sc_hd__a21bo_2)
     9    0.05    0.43    0.71    5.96 ^ _187_/X (sky130_fd_sc_hd__a21bo_2)
                                         _085_ (net)
                  0.43    0.00    5.96 ^ _188_/A (sky130_fd_sc_hd__inv_2)
     2    0.02    0.16    0.28    6.24 v _188_/Y (sky130_fd_sc_hd__inv_2)
                                         _086_ (net)
                  0.16    0.00    6.25 v _189_/A (sky130_fd_sc_hd__buf_4)
    10    0.07    0.17    0.42    6.67 v _189_/X (sky130_fd_sc_hd__buf_4)
                                         _027_ (net)
                  0.17    0.00    6.67 v _268_/C1 (sky130_fd_sc_hd__a211oi_2)
     1    0.02    0.58    0.57    7.24 ^ _268_/Y (sky130_fd_sc_hd__a211oi_2)
                                         _013_ (net)
                  0.58    0.00    7.24 ^ _351_/D (sky130_fd_sc_hd__dfrtp_2)
                                  7.24   data arrival time

                         10.00   10.00   clock clk (rise edge)
                          0.00   10.00   clock source latency
     1    0.02    0.17    0.11   10.11 ^ clk (in)
                                         clk (net)
                  0.17    0.00   10.11 ^ clkbuf_0_clk/A (sky130_fd_sc_hd__clkbuf_16)
     4    0.05    0.11    0.29   10.40 ^ clkbuf_0_clk/X (sky130_fd_sc_hd__clkbuf_16)
                                         clknet_0_clk (net)
                  0.11    0.00   10.40 ^ clkbuf_2_2__f_clk/A (sky130_fd_sc_hd__clkbuf_16)
     7    0.05    0.10    0.26   10.66 ^ clkbuf_2_2__f_clk/X (sky130_fd_sc_hd__clkbuf_16)
                                         clknet_2_2__leaf_clk (net)
                  0.10    0.00   10.67 ^ _351_/CLK (sky130_fd_sc_hd__dfrtp_2)
                         -0.25   10.42   clock uncertainty
                          0.04   10.46   clock reconvergence pessimism
                         -0.26   10.20   library setup time
                                 10.20   data required time
-----------------------------------------------------------------------------
                                 10.20   data required time
                                 -7.24   data arrival time
-----------------------------------------------------------------------------
                                  2.96   slack (MET)


Startpoint: _342_ (rising edge-triggered flip-flop clocked by clk)
Endpoint: _343_ (rising edge-triggered flip-flop clocked by clk)
Path Group: clk
Path Type: max
Corner: Slowest

Fanout     Cap    Slew   Delay    Time   Description
-----------------------------------------------------------------------------
                          0.00    0.00   clock clk (rise edge)
                          0.00    0.00   clock source latency
     1    0.02    0.17    0.12    0.12 ^ clk (in)
                                         clk (net)
                  0.17    0.00    0.12 ^ clkbuf_0_clk/A (sky130_fd_sc_hd__clkbuf_16)
     4    0.05    0.11    0.32    0.45 ^ clkbuf_0_clk/X (sky130_fd_sc_hd__clkbuf_16)
                                         clknet_0_clk (net)
                  0.11    0.00    0.45 ^ clkbuf_2_1__f_clk/A (sky130_fd_sc_hd__clkbuf_16)
    11    0.03    0.09    0.27    0.72 ^ clkbuf_2_1__f_clk/X (sky130_fd_sc_hd__clkbuf_16)
                                         clknet_2_1__leaf_clk (net)
                  0.09    0.00    0.72 ^ _342_/CLK (sky130_fd_sc_hd__dfrtp_2)
     5    0.03    0.19    1.00    1.72 v _342_/Q (sky130_fd_sc_hd__dfrtp_2)
                                         one_second_counter[12] (net)
                  0.19    0.00    1.72 v _180_/C (sky130_fd_sc_hd__and4_1)
     2    0.02    0.21    0.61    2.33 v _180_/X (sky130_fd_sc_hd__and4_1)
                                         _078_ (net)
                  0.21    0.00    2.33 v _181_/D (sky130_fd_sc_hd__or4_2)
     1    0.02    0.34    1.64    3.97 v _181_/X (sky130_fd_sc_hd__or4_2)
                                         _079_ (net)
                  0.34    0.00    3.97 v _184_/A3 (sky130_fd_sc_hd__o31a_1)
     1    0.02    0.25    0.77    4.74 v _184_/X (sky130_fd_sc_hd__o31a_1)
                                         _082_ (net)
                  0.25    0.00    4.74 v _186_/A2 (sky130_fd_sc_hd__o211ai_2)
     2    0.02    0.44    0.51    5.25 ^ _186_/Y (sky130_fd_sc_hd__o211ai_2)
                                         _084_ (net)
                  0.44    0.00    5.25 ^ _187_/A2 (sky130_fd_sc_hd__a21bo_2)
     9    0.05    0.43    0.71    5.96 ^ _187_/X (sky130_fd_sc_hd__a21bo_2)
                                         _085_ (net)
                  0.43    0.00    5.96 ^ _202_/A (sky130_fd_sc_hd__clkbuf_4)
    10    0.06    0.30    0.61    6.57 ^ _202_/X (sky130_fd_sc_hd__clkbuf_4)
                                         _095_ (net)
                  0.30    0.00    6.57 ^ _236_/A (sky130_fd_sc_hd__and3_1)
     1    0.01    0.17    0.47    7.04 ^ _236_/X (sky130_fd_sc_hd__and3_1)
                                         _120_ (net)
                  0.17    0.00    7.04 ^ _237_/A (sky130_fd_sc_hd__clkbuf_1)
     1    0.01    0.12    0.24    7.28 ^ _237_/X (sky130_fd_sc_hd__clkbuf_1)
                                         _004_ (net)
                  0.12    0.00    7.28 ^ _343_/D (sky130_fd_sc_hd__dfrtp_1)
                                  7.28   data arrival time

                         10.00   10.00   clock clk (rise edge)
                          0.00   10.00   clock source latency
     1    0.02    0.17    0.11   10.11 ^ clk (in)
                                         clk (net)
                  0.17    0.00   10.11 ^ clkbuf_0_clk/A (sky130_fd_sc_hd__clkbuf_16)
     4    0.05    0.11    0.29   10.40 ^ clkbuf_0_clk/X (sky130_fd_sc_hd__clkbuf_16)
                                         clknet_0_clk (net)
                  0.11    0.00   10.40 ^ clkbuf_2_0__f_clk/A (sky130_fd_sc_hd__clkbuf_16)
     9    0.04    0.10    0.25   10.66 ^ clkbuf_2_0__f_clk/X (sky130_fd_sc_hd__clkbuf_16)
                                         clknet_2_0__leaf_clk (net)
                  0.10    0.00   10.66 ^ _343_/CLK (sky130_fd_sc_hd__dfrtp_1)
                         -0.25   10.41   clock uncertainty
                          0.04   10.45   clock reconvergence pessimism
                         -0.14   10.31   library setup time
                                 10.31   data required time
-----------------------------------------------------------------------------
                                 10.31   data required time
                                 -7.28   data arrival time
-----------------------------------------------------------------------------
                                  3.03   slack (MET)


Startpoint: _342_ (rising edge-triggered flip-flop clocked by clk)
Endpoint: _341_ (rising edge-triggered flip-flop clocked by clk)
Path Group: clk
Path Type: max
Corner: Slowest

Fanout     Cap    Slew   Delay    Time   Description
-----------------------------------------------------------------------------
                          0.00    0.00   clock clk (rise edge)
                          0.00    0.00   clock source latency
     1    0.02    0.17    0.12    0.12 ^ clk (in)
                                         clk (net)
                  0.17    0.00    0.12 ^ clkbuf_0_clk/A (sky130_fd_sc_hd__clkbuf_16)
     4    0.05    0.11    0.32    0.45 ^ clkbuf_0_clk/X (sky130_fd_sc_hd__clkbuf_16)
                                         clknet_0_clk (net)
                  0.11    0.00    0.45 ^ clkbuf_2_1__f_clk/A (sky130_fd_sc_hd__clkbuf_16)
    11    0.03    0.09    0.27    0.72 ^ clkbuf_2_1__f_clk/X (sky130_fd_sc_hd__clkbuf_16)
                                         clknet_2_1__leaf_clk (net)
                  0.09    0.00    0.72 ^ _342_/CLK (sky130_fd_sc_hd__dfrtp_2)
     5    0.03    0.19    1.00    1.72 v _342_/Q (sky130_fd_sc_hd__dfrtp_2)
                                         one_second_counter[12] (net)
                  0.19    0.00    1.72 v _180_/C (sky130_fd_sc_hd__and4_1)
     2    0.02    0.21    0.61    2.33 v _180_/X (sky130_fd_sc_hd__and4_1)
                                         _078_ (net)
                  0.21    0.00    2.33 v _181_/D (sky130_fd_sc_hd__or4_2)
     1    0.02    0.34    1.64    3.97 v _181_/X (sky130_fd_sc_hd__or4_2)
                                         _079_ (net)
                  0.34    0.00    3.97 v _184_/A3 (sky130_fd_sc_hd__o31a_1)
     1    0.02    0.25    0.77    4.74 v _184_/X (sky130_fd_sc_hd__o31a_1)
                                         _082_ (net)
                  0.25    0.00    4.74 v _186_/A2 (sky130_fd_sc_hd__o211ai_2)
     2    0.02    0.44    0.51    5.25 ^ _186_/Y (sky130_fd_sc_hd__o211ai_2)
                                         _084_ (net)
                  0.44    0.00    5.25 ^ _187_/A2 (sky130_fd_sc_hd__a21bo_2)
     9    0.05    0.43    0.71    5.96 ^ _187_/X (sky130_fd_sc_hd__a21bo_2)
                                         _085_ (net)
                  0.43    0.00    5.96 ^ _188_/A (sky130_fd_sc_hd__inv_2)
     2    0.02    0.16    0.28    6.24 v _188_/Y (sky130_fd_sc_hd__inv_2)
                                         _086_ (net)
                  0.16    0.00    6.25 v _189_/A (sky130_fd_sc_hd__buf_4)
    10    0.07    0.17    0.42    6.67 v _189_/X (sky130_fd_sc_hd__buf_4)
                                         _027_ (net)
                  0.17    0.00    6.67 v _229_/A (sky130_fd_sc_hd__nor3_1)
     1    0.01    0.41    0.50    7.17 ^ _229_/Y (sky130_fd_sc_hd__nor3_1)
                                         _002_ (net)
                  0.41    0.00    7.17 ^ _341_/D (sky130_fd_sc_hd__dfrtp_4)
                                  7.17   data arrival time

                         10.00   10.00   clock clk (rise edge)
                          0.00   10.00   clock source latency
     1    0.02    0.17    0.11   10.11 ^ clk (in)
                                         clk (net)
                  0.17    0.00   10.11 ^ clkbuf_0_clk/A (sky130_fd_sc_hd__clkbuf_16)
     4    0.05    0.11    0.29   10.40 ^ clkbuf_0_clk/X (sky130_fd_sc_hd__clkbuf_16)
                                         clknet_0_clk (net)
                  0.11    0.00   10.40 ^ clkbuf_2_0__f_clk/A (sky130_fd_sc_hd__clkbuf_16)
     9    0.04    0.10    0.25   10.66 ^ clkbuf_2_0__f_clk/X (sky130_fd_sc_hd__clkbuf_16)
                                         clknet_2_0__leaf_clk (net)
                  0.10    0.00   10.66 ^ _341_/CLK (sky130_fd_sc_hd__dfrtp_4)
                         -0.25   10.41   clock uncertainty
                          0.04   10.45   clock reconvergence pessimism
                         -0.22   10.23   library setup time
                                 10.23   data required time
-----------------------------------------------------------------------------
                                 10.23   data required time
                                 -7.17   data arrival time
-----------------------------------------------------------------------------
                                  3.06   slack (MET)


Startpoint: _361_ (rising edge-triggered flip-flop clocked by clk)
Endpoint: seg[3] (output port clocked by clk)
Path Group: clk
Path Type: max
Corner: Slowest

Fanout     Cap    Slew   Delay    Time   Description
-----------------------------------------------------------------------------
                          0.00    0.00   clock clk (rise edge)
                          0.00    0.00   clock source latency
     1    0.02    0.17    0.12    0.12 ^ clk (in)
                                         clk (net)
                  0.17    0.00    0.12 ^ clkbuf_0_clk/A (sky130_fd_sc_hd__clkbuf_16)
     4    0.05    0.11    0.32    0.45 ^ clkbuf_0_clk/X (sky130_fd_sc_hd__clkbuf_16)
                                         clknet_0_clk (net)
                  0.11    0.00    0.45 ^ clkbuf_2_0__f_clk/A (sky130_fd_sc_hd__clkbuf_16)
     9    0.04    0.10    0.28    0.73 ^ clkbuf_2_0__f_clk/X (sky130_fd_sc_hd__clkbuf_16)
                                         clknet_2_0__leaf_clk (net)
                  0.10    0.00    0.73 ^ _361_/CLK (sky130_fd_sc_hd__dfrtp_4)
     6    0.05    0.21    1.19    1.92 v _361_/Q (sky130_fd_sc_hd__dfrtp_4)
                                         decoder.digit[3] (net)
                  0.21    0.00    1.92 v _165_/A (sky130_fd_sc_hd__nor2_2)
     2    0.03    0.54    0.57    2.49 ^ _165_/Y (sky130_fd_sc_hd__nor2_2)
                                         _066_ (net)
                  0.54    0.00    2.49 ^ _166_/B (sky130_fd_sc_hd__nand2_2)
     3    0.04    0.36    0.51    3.00 v _166_/Y (sky130_fd_sc_hd__nand2_2)
                                         _067_ (net)
                  0.36    0.00    3.00 v _167_/B (sky130_fd_sc_hd__nor2_2)
     3    0.03    0.56    0.61    3.61 ^ _167_/Y (sky130_fd_sc_hd__nor2_2)
                                         _068_ (net)
                  0.56    0.00    3.61 ^ _287_/B1 (sky130_fd_sc_hd__a2111o_1)
     2    0.02    0.29    0.55    4.16 ^ _287_/X (sky130_fd_sc_hd__a2111o_1)
                                         net5 (net)
                  0.29    0.00    4.16 ^ output5/A (sky130_fd_sc_hd__buf_2)
     1    0.03    0.27    0.46    4.62 ^ output5/X (sky130_fd_sc_hd__buf_2)
                                         seg[3] (net)
                  0.27    0.00    4.62 ^ seg[3] (out)
                                  4.62   data arrival time

                         10.00   10.00   clock clk (rise edge)
                          0.00   10.00   clock network delay (propagated)
                         -0.25    9.75   clock uncertainty
                          0.00    9.75   clock reconvergence pessimism
                         -2.00    7.75   output external delay
                                  7.75   data required time
-----------------------------------------------------------------------------
                                  7.75   data required time
                                 -4.62   data arrival time
-----------------------------------------------------------------------------
                                  3.13   slack (MET)


Startpoint: _342_ (rising edge-triggered flip-flop clocked by clk)
Endpoint: _352_ (rising edge-triggered flip-flop clocked by clk)
Path Group: clk
Path Type: max
Corner: Slowest

Fanout     Cap    Slew   Delay    Time   Description
-----------------------------------------------------------------------------
                          0.00    0.00   clock clk (rise edge)
                          0.00    0.00   clock source latency
     1    0.02    0.17    0.12    0.12 ^ clk (in)
                                         clk (net)
                  0.17    0.00    0.12 ^ clkbuf_0_clk/A (sky130_fd_sc_hd__clkbuf_16)
     4    0.05    0.11    0.32    0.45 ^ clkbuf_0_clk/X (sky130_fd_sc_hd__clkbuf_16)
                                         clknet_0_clk (net)
                  0.11    0.00    0.45 ^ clkbuf_2_1__f_clk/A (sky130_fd_sc_hd__clkbuf_16)
    11    0.03    0.09    0.27    0.72 ^ clkbuf_2_1__f_clk/X (sky130_fd_sc_hd__clkbuf_16)
                                         clknet_2_1__leaf_clk (net)
                  0.09    0.00    0.72 ^ _342_/CLK (sky130_fd_sc_hd__dfrtp_2)
     5    0.03    0.19    1.00    1.72 v _342_/Q (sky130_fd_sc_hd__dfrtp_2)
                                         one_second_counter[12] (net)
                  0.19    0.00    1.72 v _180_/C (sky130_fd_sc_hd__and4_1)
     2    0.02    0.21    0.61    2.33 v _180_/X (sky130_fd_sc_hd__and4_1)
                                         _078_ (net)
                  0.21    0.00    2.33 v _181_/D (sky130_fd_sc_hd__or4_2)
     1    0.02    0.34    1.64    3.97 v _181_/X (sky130_fd_sc_hd__or4_2)
                                         _079_ (net)
                  0.34    0.00    3.97 v _184_/A3 (sky130_fd_sc_hd__o31a_1)
     1    0.02    0.25    0.77    4.74 v _184_/X (sky130_fd_sc_hd__o31a_1)
                                         _082_ (net)
                  0.25    0.00    4.74 v _186_/A2 (sky130_fd_sc_hd__o211ai_2)
     2    0.02    0.44    0.51    5.25 ^ _186_/Y (sky130_fd_sc_hd__o211ai_2)
                                         _084_ (net)
                  0.44    0.00    5.25 ^ _187_/A2 (sky130_fd_sc_hd__a21bo_2)
     9    0.05    0.43    0.71    5.96 ^ _187_/X (sky130_fd_sc_hd__a21bo_2)
                                         _085_ (net)
                  0.43    0.00    5.96 ^ _271_/A (sky130_fd_sc_hd__and3_1)
     1    0.02    0.32    0.64    6.60 ^ _271_/X (sky130_fd_sc_hd__and3_1)
                                         _146_ (net)
                  0.32    0.00    6.60 ^ _272_/A (sky130_fd_sc_hd__buf_1)
     1    0.02    0.40    0.50    7.10 ^ _272_/X (sky130_fd_sc_hd__buf_1)
                                         _014_ (net)
                  0.40    0.00    7.10 ^ _352_/D (sky130_fd_sc_hd__dfrtp_1)
                                  7.10   data arrival time

                         10.00   10.00   clock clk (rise edge)
                          0.00   10.00   clock source latency
     1    0.02    0.17    0.11   10.11 ^ clk (in)
                                         clk (net)
                  0.17    0.00   10.11 ^ clkbuf_0_clk/A (sky130_fd_sc_hd__clkbuf_16)
     4    0.05    0.11    0.29   10.40 ^ clkbuf_0_clk/X (sky130_fd_sc_hd__clkbuf_16)
                                         clknet_0_clk (net)
                  0.11    0.00   10.40 ^ clkbuf_2_0__f_clk/A (sky130_fd_sc_hd__clkbuf_16)
     9    0.04    0.10    0.25   10.66 ^ clkbuf_2_0__f_clk/X (sky130_fd_sc_hd__clkbuf_16)
                                         clknet_2_0__leaf_clk (net)
                  0.10    0.00   10.66 ^ _352_/CLK (sky130_fd_sc_hd__dfrtp_1)
                         -0.25   10.41   clock uncertainty
                          0.04   10.45   clock reconvergence pessimism
                         -0.21   10.24   library setup time
                                 10.24   data required time
-----------------------------------------------------------------------------
                                 10.24   data required time
                                 -7.10   data arrival time
-----------------------------------------------------------------------------
                                  3.14   slack (MET)


Startpoint: _342_ (rising edge-triggered flip-flop clocked by clk)
Endpoint: _348_ (rising edge-triggered flip-flop clocked by clk)
Path Group: clk
Path Type: max
Corner: Slowest

Fanout     Cap    Slew   Delay    Time   Description
-----------------------------------------------------------------------------
                          0.00    0.00   clock clk (rise edge)
                          0.00    0.00   clock source latency
     1    0.02    0.17    0.12    0.12 ^ clk (in)
                                         clk (net)
                  0.17    0.00    0.12 ^ clkbuf_0_clk/A (sky130_fd_sc_hd__clkbuf_16)
     4    0.05    0.11    0.32    0.45 ^ clkbuf_0_clk/X (sky130_fd_sc_hd__clkbuf_16)
                                         clknet_0_clk (net)
                  0.11    0.00    0.45 ^ clkbuf_2_1__f_clk/A (sky130_fd_sc_hd__clkbuf_16)
    11    0.03    0.09    0.27    0.72 ^ clkbuf_2_1__f_clk/X (sky130_fd_sc_hd__clkbuf_16)
                                         clknet_2_1__leaf_clk (net)
                  0.09    0.00    0.72 ^ _342_/CLK (sky130_fd_sc_hd__dfrtp_2)
     5    0.03    0.19    1.00    1.72 v _342_/Q (sky130_fd_sc_hd__dfrtp_2)
                                         one_second_counter[12] (net)
                  0.19    0.00    1.72 v _180_/C (sky130_fd_sc_hd__and4_1)
     2    0.02    0.21    0.61    2.33 v _180_/X (sky130_fd_sc_hd__and4_1)
                                         _078_ (net)
                  0.21    0.00    2.33 v _181_/D (sky130_fd_sc_hd__or4_2)
     1    0.02    0.34    1.64    3.97 v _181_/X (sky130_fd_sc_hd__or4_2)
                                         _079_ (net)
                  0.34    0.00    3.97 v _184_/A3 (sky130_fd_sc_hd__o31a_1)
     1    0.02    0.25    0.77    4.74 v _184_/X (sky130_fd_sc_hd__o31a_1)
                                         _082_ (net)
                  0.25    0.00    4.74 v _186_/A2 (sky130_fd_sc_hd__o211ai_2)
     2    0.02    0.44    0.51    5.25 ^ _186_/Y (sky130_fd_sc_hd__o211ai_2)
                                         _084_ (net)
                  0.44    0.00    5.25 ^ _187_/A2 (sky130_fd_sc_hd__a21bo_2)
     9    0.05    0.43    0.71    5.96 ^ _187_/X (sky130_fd_sc_hd__a21bo_2)
                                         _085_ (net)
                  0.43    0.00    5.96 ^ _202_/A (sky130_fd_sc_hd__clkbuf_4)
    10    0.06    0.30    0.61    6.57 ^ _202_/X (sky130_fd_sc_hd__clkbuf_4)
                                         _095_ (net)
                  0.30    0.00    6.57 ^ _255_/C1 (sky130_fd_sc_hd__o211a_1)
     1    0.01    0.20    0.49    7.07 ^ _255_/X (sky130_fd_sc_hd__o211a_1)
                                         _009_ (net)
                  0.20    0.00    7.07 ^ _348_/D (sky130_fd_sc_hd__dfrtp_4)
                                  7.07   data arrival time

                         10.00   10.00   clock clk (rise edge)
                          0.00   10.00   clock source latency
     1    0.02    0.17    0.11   10.11 ^ clk (in)
                                         clk (net)
                  0.17    0.00   10.11 ^ clkbuf_0_clk/A (sky130_fd_sc_hd__clkbuf_16)
     4    0.05    0.11    0.29   10.40 ^ clkbuf_0_clk/X (sky130_fd_sc_hd__clkbuf_16)
                                         clknet_0_clk (net)
                  0.11    0.00   10.40 ^ clkbuf_2_0__f_clk/A (sky130_fd_sc_hd__clkbuf_16)
     9    0.04    0.10    0.25   10.66 ^ clkbuf_2_0__f_clk/X (sky130_fd_sc_hd__clkbuf_16)
                                         clknet_2_0__leaf_clk (net)
                  0.10    0.00   10.66 ^ _348_/CLK (sky130_fd_sc_hd__dfrtp_4)
                         -0.25   10.41   clock uncertainty
                          0.04   10.45   clock reconvergence pessimism
                         -0.16   10.29   library setup time
                                 10.29   data required time
-----------------------------------------------------------------------------
                                 10.29   data required time
                                 -7.07   data arrival time
-----------------------------------------------------------------------------
                                  3.22   slack (MET)


Startpoint: _361_ (rising edge-triggered flip-flop clocked by clk)
Endpoint: seg[1] (output port clocked by clk)
Path Group: clk
Path Type: max
Corner: Slowest

Fanout     Cap    Slew   Delay    Time   Description
-----------------------------------------------------------------------------
                          0.00    0.00   clock clk (rise edge)
                          0.00    0.00   clock source latency
     1    0.02    0.17    0.12    0.12 ^ clk (in)
                                         clk (net)
                  0.17    0.00    0.12 ^ clkbuf_0_clk/A (sky130_fd_sc_hd__clkbuf_16)
     4    0.05    0.11    0.32    0.45 ^ clkbuf_0_clk/X (sky130_fd_sc_hd__clkbuf_16)
                                         clknet_0_clk (net)
                  0.11    0.00    0.45 ^ clkbuf_2_0__f_clk/A (sky130_fd_sc_hd__clkbuf_16)
     9    0.04    0.10    0.28    0.73 ^ clkbuf_2_0__f_clk/X (sky130_fd_sc_hd__clkbuf_16)
                                         clknet_2_0__leaf_clk (net)
                  0.10    0.00    0.73 ^ _361_/CLK (sky130_fd_sc_hd__dfrtp_4)
     6    0.05    0.21    1.19    1.92 v _361_/Q (sky130_fd_sc_hd__dfrtp_4)
                                         decoder.digit[3] (net)
                  0.21    0.00    1.92 v _165_/A (sky130_fd_sc_hd__nor2_2)
     2    0.03    0.54    0.57    2.49 ^ _165_/Y (sky130_fd_sc_hd__nor2_2)
                                         _066_ (net)
                  0.54    0.00    2.49 ^ _166_/B (sky130_fd_sc_hd__nand2_2)
     3    0.04    0.36    0.51    3.00 v _166_/Y (sky130_fd_sc_hd__nand2_2)
                                         _067_ (net)
                  0.36    0.00    3.00 v _167_/B (sky130_fd_sc_hd__nor2_2)
     3    0.03    0.56    0.61    3.61 ^ _167_/Y (sky130_fd_sc_hd__nor2_2)
                                         _068_ (net)
                  0.56    0.00    3.61 ^ _288_/A (sky130_fd_sc_hd__nor2_1)
     1    0.02    0.25    0.41    4.02 v _288_/Y (sky130_fd_sc_hd__nor2_1)
                                         net3 (net)
                  0.25    0.00    4.02 v output3/A (sky130_fd_sc_hd__buf_2)
     1    0.03    0.16    0.45    4.47 v output3/X (sky130_fd_sc_hd__buf_2)
                                         seg[1] (net)
                  0.16    0.00    4.47 v seg[1] (out)
                                  4.47   data arrival time

                         10.00   10.00   clock clk (rise edge)
                          0.00   10.00   clock network delay (propagated)
                         -0.25    9.75   clock uncertainty
                          0.00    9.75   clock reconvergence pessimism
                         -2.00    7.75   output external delay
                                  7.75   data required time
-----------------------------------------------------------------------------
                                  7.75   data required time
                                 -4.47   data arrival time
-----------------------------------------------------------------------------
                                  3.28   slack (MET)


Startpoint: _342_ (rising edge-triggered flip-flop clocked by clk)
Endpoint: _350_ (rising edge-triggered flip-flop clocked by clk)
Path Group: clk
Path Type: max
Corner: Slowest

Fanout     Cap    Slew   Delay    Time   Description
-----------------------------------------------------------------------------
                          0.00    0.00   clock clk (rise edge)
                          0.00    0.00   clock source latency
     1    0.02    0.17    0.12    0.12 ^ clk (in)
                                         clk (net)
                  0.17    0.00    0.12 ^ clkbuf_0_clk/A (sky130_fd_sc_hd__clkbuf_16)
     4    0.05    0.11    0.32    0.45 ^ clkbuf_0_clk/X (sky130_fd_sc_hd__clkbuf_16)
                                         clknet_0_clk (net)
                  0.11    0.00    0.45 ^ clkbuf_2_1__f_clk/A (sky130_fd_sc_hd__clkbuf_16)
    11    0.03    0.09    0.27    0.72 ^ clkbuf_2_1__f_clk/X (sky130_fd_sc_hd__clkbuf_16)
                                         clknet_2_1__leaf_clk (net)
                  0.09    0.00    0.72 ^ _342_/CLK (sky130_fd_sc_hd__dfrtp_2)
     5    0.03    0.19    1.00    1.72 v _342_/Q (sky130_fd_sc_hd__dfrtp_2)
                                         one_second_counter[12] (net)
                  0.19    0.00    1.72 v _180_/C (sky130_fd_sc_hd__and4_1)
     2    0.02    0.21    0.61    2.33 v _180_/X (sky130_fd_sc_hd__and4_1)
                                         _078_ (net)
                  0.21    0.00    2.33 v _181_/D (sky130_fd_sc_hd__or4_2)
     1    0.02    0.34    1.64    3.97 v _181_/X (sky130_fd_sc_hd__or4_2)
                                         _079_ (net)
                  0.34    0.00    3.97 v _184_/A3 (sky130_fd_sc_hd__o31a_1)
     1    0.02    0.25    0.77    4.74 v _184_/X (sky130_fd_sc_hd__o31a_1)
                                         _082_ (net)
                  0.25    0.00    4.74 v _186_/A2 (sky130_fd_sc_hd__o211ai_2)
     2    0.02    0.44    0.51    5.25 ^ _186_/Y (sky130_fd_sc_hd__o211ai_2)
                                         _084_ (net)
                  0.44    0.00    5.25 ^ _187_/A2 (sky130_fd_sc_hd__a21bo_2)
     9    0.05    0.43    0.71    5.96 ^ _187_/X (sky130_fd_sc_hd__a21bo_2)
                                         _085_ (net)
                  0.43    0.00    5.96 ^ _264_/A (sky130_fd_sc_hd__and3_1)
     1    0.02    0.38    0.68    6.64 ^ _264_/X (sky130_fd_sc_hd__and3_1)
                                         _141_ (net)
                  0.38    0.00    6.64 ^ _265_/A (sky130_fd_sc_hd__clkbuf_1)
     1    0.01    0.18    0.35    7.00 ^ _265_/X (sky130_fd_sc_hd__clkbuf_1)
                                         _012_ (net)
                  0.18    0.00    7.00 ^ _350_/D (sky130_fd_sc_hd__dfrtp_2)
                                  7.00   data arrival time

                         10.00   10.00   clock clk (rise edge)
                          0.00   10.00   clock source latency
     1    0.02    0.17    0.11   10.11 ^ clk (in)
                                         clk (net)
                  0.17    0.00   10.11 ^ clkbuf_0_clk/A (sky130_fd_sc_hd__clkbuf_16)
     4    0.05    0.11    0.29   10.40 ^ clkbuf_0_clk/X (sky130_fd_sc_hd__clkbuf_16)
                                         clknet_0_clk (net)
                  0.11    0.00   10.40 ^ clkbuf_2_3__f_clk/A (sky130_fd_sc_hd__clkbuf_16)
     8    0.04    0.09    0.25   10.66 ^ clkbuf_2_3__f_clk/X (sky130_fd_sc_hd__clkbuf_16)
                                         clknet_2_3__leaf_clk (net)
                  0.09    0.00   10.66 ^ _350_/CLK (sky130_fd_sc_hd__dfrtp_2)
                         -0.25   10.41   clock uncertainty
                          0.04   10.45   clock reconvergence pessimism
                         -0.16   10.29   library setup time
                                 10.29   data required time
-----------------------------------------------------------------------------
                                 10.29   data required time
                                 -7.00   data arrival time
-----------------------------------------------------------------------------
                                  3.29   slack (MET)


Startpoint: _343_ (rising edge-triggered flip-flop clocked by clk)
Endpoint: _330_ (rising edge-triggered flip-flop clocked by clk)
Path Group: clk
Path Type: max
Corner: Slowest

Fanout     Cap    Slew   Delay    Time   Description
-----------------------------------------------------------------------------
                          0.00    0.00   clock clk (rise edge)
                          0.00    0.00   clock source latency
     1    0.02    0.17    0.12    0.12 ^ clk (in)
                                         clk (net)
                  0.17    0.00    0.12 ^ clkbuf_0_clk/A (sky130_fd_sc_hd__clkbuf_16)
     4    0.05    0.11    0.32    0.45 ^ clkbuf_0_clk/X (sky130_fd_sc_hd__clkbuf_16)
                                         clknet_0_clk (net)
                  0.11    0.00    0.45 ^ clkbuf_2_0__f_clk/A (sky130_fd_sc_hd__clkbuf_16)
     9    0.04    0.10    0.28    0.73 ^ clkbuf_2_0__f_clk/X (sky130_fd_sc_hd__clkbuf_16)
                                         clknet_2_0__leaf_clk (net)
                  0.10    0.00    0.73 ^ _343_/CLK (sky130_fd_sc_hd__dfrtp_1)
     4    0.02    0.21    0.93    1.66 v _343_/Q (sky130_fd_sc_hd__dfrtp_1)
                                         one_second_counter[13] (net)
                  0.21    0.00    1.66 v _180_/D (sky130_fd_sc_hd__and4_1)
     2    0.02    0.21    0.64    2.31 v _180_/X (sky130_fd_sc_hd__and4_1)
                                         _078_ (net)
                  0.21    0.00    2.31 v _181_/D (sky130_fd_sc_hd__or4_2)
     1    0.02    0.34    1.64    3.95 v _181_/X (sky130_fd_sc_hd__or4_2)
                                         _079_ (net)
                  0.34    0.00    3.95 v _184_/A3 (sky130_fd_sc_hd__o31a_1)
     1    0.02    0.25    0.77    4.72 v _184_/X (sky130_fd_sc_hd__o31a_1)
                                         _082_ (net)
                  0.25    0.00    4.72 v _186_/A2 (sky130_fd_sc_hd__o211ai_2)
     2    0.02    0.44    0.51    5.23 ^ _186_/Y (sky130_fd_sc_hd__o211ai_2)
                                         _084_ (net)
                  0.44    0.00    5.23 ^ _187_/A2 (sky130_fd_sc_hd__a21bo_2)
     9    0.05    0.43    0.71    5.94 ^ _187_/X (sky130_fd_sc_hd__a21bo_2)
                                         _085_ (net)
                  0.43    0.00    5.94 ^ _188_/A (sky130_fd_sc_hd__inv_2)
     2    0.02    0.16    0.28    6.22 v _188_/Y (sky130_fd_sc_hd__inv_2)
                                         _086_ (net)
                  0.16    0.00    6.22 v _189_/A (sky130_fd_sc_hd__buf_4)
    10    0.07    0.17    0.42    6.65 v _189_/X (sky130_fd_sc_hd__buf_4)
                                         _027_ (net)
                  0.17    0.00    6.65 v _190_/B (sky130_fd_sc_hd__nor2_1)
     1    0.01    0.28    0.31    6.96 ^ _190_/Y (sky130_fd_sc_hd__nor2_1)
                                         _000_ (net)
                  0.28    0.00    6.96 ^ _330_/D (sky130_fd_sc_hd__dfrtp_4)
                                  6.96   data arrival time

                         10.00   10.00   clock clk (rise edge)
                          0.00   10.00   clock source latency
     1    0.02    0.17    0.11   10.11 ^ clk (in)
                                         clk (net)
                  0.17    0.00   10.11 ^ clkbuf_0_clk/A (sky130_fd_sc_hd__clkbuf_16)
     4    0.05    0.11    0.29   10.40 ^ clkbuf_0_clk/X (sky130_fd_sc_hd__clkbuf_16)
                                         clknet_0_clk (net)
                  0.11    0.00   10.40 ^ clkbuf_2_1__f_clk/A (sky130_fd_sc_hd__clkbuf_16)
    11    0.03    0.09    0.25   10.65 ^ clkbuf_2_1__f_clk/X (sky130_fd_sc_hd__clkbuf_16)
                                         clknet_2_1__leaf_clk (net)
                  0.09    0.00   10.65 ^ _330_/CLK (sky130_fd_sc_hd__dfrtp_4)
                         -0.25   10.40   clock uncertainty
                          0.04   10.44   clock reconvergence pessimism
                         -0.19   10.26   library setup time
                                 10.26   data required time
-----------------------------------------------------------------------------
                                 10.26   data required time
                                 -6.96   data arrival time
-----------------------------------------------------------------------------
                                  3.29   slack (MET)


Startpoint: _343_ (rising edge-triggered flip-flop clocked by clk)
Endpoint: _356_ (rising edge-triggered flip-flop clocked by clk)
Path Group: clk
Path Type: max
Corner: Slowest

Fanout     Cap    Slew   Delay    Time   Description
-----------------------------------------------------------------------------
                          0.00    0.00   clock clk (rise edge)
                          0.00    0.00   clock source latency
     1    0.02    0.17    0.12    0.12 ^ clk (in)
                                         clk (net)
                  0.17    0.00    0.12 ^ clkbuf_0_clk/A (sky130_fd_sc_hd__clkbuf_16)
     4    0.05    0.11    0.32    0.45 ^ clkbuf_0_clk/X (sky130_fd_sc_hd__clkbuf_16)
                                         clknet_0_clk (net)
                  0.11    0.00    0.45 ^ clkbuf_2_0__f_clk/A (sky130_fd_sc_hd__clkbuf_16)
     9    0.04    0.10    0.28    0.73 ^ clkbuf_2_0__f_clk/X (sky130_fd_sc_hd__clkbuf_16)
                                         clknet_2_0__leaf_clk (net)
                  0.10    0.00    0.73 ^ _343_/CLK (sky130_fd_sc_hd__dfrtp_1)
     4    0.02    0.21    0.93    1.66 v _343_/Q (sky130_fd_sc_hd__dfrtp_1)
                                         one_second_counter[13] (net)
                  0.21    0.00    1.66 v _180_/D (sky130_fd_sc_hd__and4_1)
     2    0.02    0.21    0.64    2.31 v _180_/X (sky130_fd_sc_hd__and4_1)
                                         _078_ (net)
                  0.21    0.00    2.31 v _181_/D (sky130_fd_sc_hd__or4_2)
     1    0.02    0.34    1.64    3.95 v _181_/X (sky130_fd_sc_hd__or4_2)
                                         _079_ (net)
                  0.34    0.00    3.95 v _184_/A3 (sky130_fd_sc_hd__o31a_1)
     1    0.02    0.25    0.77    4.72 v _184_/X (sky130_fd_sc_hd__o31a_1)
                                         _082_ (net)
                  0.25    0.00    4.72 v _186_/A2 (sky130_fd_sc_hd__o211ai_2)
     2    0.02    0.44    0.51    5.23 ^ _186_/Y (sky130_fd_sc_hd__o211ai_2)
                                         _084_ (net)
                  0.44    0.00    5.23 ^ _187_/A2 (sky130_fd_sc_hd__a21bo_2)
     9    0.05    0.43    0.71    5.94 ^ _187_/X (sky130_fd_sc_hd__a21bo_2)
                                         _085_ (net)
                  0.43    0.00    5.94 ^ _202_/A (sky130_fd_sc_hd__clkbuf_4)
    10    0.06    0.30    0.61    6.55 ^ _202_/X (sky130_fd_sc_hd__clkbuf_4)
                                         _095_ (net)
                  0.30    0.00    6.55 ^ _284_/B1 (sky130_fd_sc_hd__o211a_1)
     1    0.00    0.09    0.41    6.96 ^ _284_/X (sky130_fd_sc_hd__o211a_1)
                                         _018_ (net)
                  0.09    0.00    6.96 ^ _356_/D (sky130_fd_sc_hd__dfrtp_1)
                                  6.96   data arrival time

                         10.00   10.00   clock clk (rise edge)
                          0.00   10.00   clock source latency
     1    0.02    0.17    0.11   10.11 ^ clk (in)
                                         clk (net)
                  0.17    0.00   10.11 ^ clkbuf_0_clk/A (sky130_fd_sc_hd__clkbuf_16)
     4    0.05    0.11    0.29   10.40 ^ clkbuf_0_clk/X (sky130_fd_sc_hd__clkbuf_16)
                                         clknet_0_clk (net)
                  0.11    0.00   10.40 ^ clkbuf_2_1__f_clk/A (sky130_fd_sc_hd__clkbuf_16)
    11    0.03    0.09    0.25   10.65 ^ clkbuf_2_1__f_clk/X (sky130_fd_sc_hd__clkbuf_16)
                                         clknet_2_1__leaf_clk (net)
                  0.09    0.00   10.65 ^ _356_/CLK (sky130_fd_sc_hd__dfrtp_1)
                         -0.25   10.40   clock uncertainty
                          0.04   10.44   clock reconvergence pessimism
                         -0.14   10.31   library setup time
                                 10.31   data required time
-----------------------------------------------------------------------------
                                 10.31   data required time
                                 -6.96   data arrival time
-----------------------------------------------------------------------------
                                  3.35   slack (MET)


Startpoint: _343_ (rising edge-triggered flip-flop clocked by clk)
Endpoint: _347_ (rising edge-triggered flip-flop clocked by clk)
Path Group: clk
Path Type: max
Corner: Slowest

Fanout     Cap    Slew   Delay    Time   Description
-----------------------------------------------------------------------------
                          0.00    0.00   clock clk (rise edge)
                          0.00    0.00   clock source latency
     1    0.02    0.17    0.12    0.12 ^ clk (in)
                                         clk (net)
                  0.17    0.00    0.12 ^ clkbuf_0_clk/A (sky130_fd_sc_hd__clkbuf_16)
     4    0.05    0.11    0.32    0.45 ^ clkbuf_0_clk/X (sky130_fd_sc_hd__clkbuf_16)
                                         clknet_0_clk (net)
                  0.11    0.00    0.45 ^ clkbuf_2_0__f_clk/A (sky130_fd_sc_hd__clkbuf_16)
     9    0.04    0.10    0.28    0.73 ^ clkbuf_2_0__f_clk/X (sky130_fd_sc_hd__clkbuf_16)
                                         clknet_2_0__leaf_clk (net)
                  0.10    0.00    0.73 ^ _343_/CLK (sky130_fd_sc_hd__dfrtp_1)
     4    0.02    0.21    0.93    1.66 v _343_/Q (sky130_fd_sc_hd__dfrtp_1)
                                         one_second_counter[13] (net)
                  0.21    0.00    1.66 v _180_/D (sky130_fd_sc_hd__and4_1)
     2    0.02    0.21    0.64    2.31 v _180_/X (sky130_fd_sc_hd__and4_1)
                                         _078_ (net)
                  0.21    0.00    2.31 v _181_/D (sky130_fd_sc_hd__or4_2)
     1    0.02    0.34    1.64    3.95 v _181_/X (sky130_fd_sc_hd__or4_2)
                                         _079_ (net)
                  0.34    0.00    3.95 v _184_/A3 (sky130_fd_sc_hd__o31a_1)
     1    0.02    0.25    0.77    4.72 v _184_/X (sky130_fd_sc_hd__o31a_1)
                                         _082_ (net)
                  0.25    0.00    4.72 v _186_/A2 (sky130_fd_sc_hd__o211ai_2)
     2    0.02    0.44    0.51    5.23 ^ _186_/Y (sky130_fd_sc_hd__o211ai_2)
                                         _084_ (net)
                  0.44    0.00    5.23 ^ _187_/A2 (sky130_fd_sc_hd__a21bo_2)
     9    0.05    0.43    0.71    5.94 ^ _187_/X (sky130_fd_sc_hd__a21bo_2)
                                         _085_ (net)
                  0.43    0.00    5.94 ^ _188_/A (sky130_fd_sc_hd__inv_2)
     2    0.02    0.16    0.28    6.22 v _188_/Y (sky130_fd_sc_hd__inv_2)
                                         _086_ (net)
                  0.16    0.00    6.22 v _189_/A (sky130_fd_sc_hd__buf_4)
    10    0.07    0.17    0.42    6.65 v _189_/X (sky130_fd_sc_hd__buf_4)
                                         _027_ (net)
                  0.17    0.00    6.65 v _252_/A (sky130_fd_sc_hd__nor2_1)
     1    0.00    0.19    0.25    6.90 ^ _252_/Y (sky130_fd_sc_hd__nor2_1)
                                         _008_ (net)
                  0.19    0.00    6.90 ^ _347_/D (sky130_fd_sc_hd__dfrtp_4)
                                  6.90   data arrival time

                         10.00   10.00   clock clk (rise edge)
                          0.00   10.00   clock source latency
     1    0.02    0.17    0.11   10.11 ^ clk (in)
                                         clk (net)
                  0.17    0.00   10.11 ^ clkbuf_0_clk/A (sky130_fd_sc_hd__clkbuf_16)
     4    0.05    0.11    0.29   10.40 ^ clkbuf_0_clk/X (sky130_fd_sc_hd__clkbuf_16)
                                         clknet_0_clk (net)
                  0.11    0.00   10.40 ^ clkbuf_2_1__f_clk/A (sky130_fd_sc_hd__clkbuf_16)
    11    0.03    0.09    0.25   10.65 ^ clkbuf_2_1__f_clk/X (sky130_fd_sc_hd__clkbuf_16)
                                         clknet_2_1__leaf_clk (net)
                  0.09    0.00   10.65 ^ _347_/CLK (sky130_fd_sc_hd__dfrtp_4)
                         -0.25   10.40   clock uncertainty
                          0.04   10.44   clock reconvergence pessimism
                         -0.16   10.28   library setup time
                                 10.28   data required time
-----------------------------------------------------------------------------
                                 10.28   data required time
                                 -6.90   data arrival time
-----------------------------------------------------------------------------
                                  3.37   slack (MET)


Startpoint: _342_ (rising edge-triggered flip-flop clocked by clk)
Endpoint: _338_ (rising edge-triggered flip-flop clocked by clk)
Path Group: clk
Path Type: max
Corner: Slowest

Fanout     Cap    Slew   Delay    Time   Description
-----------------------------------------------------------------------------
                          0.00    0.00   clock clk (rise edge)
                          0.00    0.00   clock source latency
     1    0.02    0.17    0.12    0.12 ^ clk (in)
                                         clk (net)
                  0.17    0.00    0.12 ^ clkbuf_0_clk/A (sky130_fd_sc_hd__clkbuf_16)
     4    0.05    0.11    0.32    0.45 ^ clkbuf_0_clk/X (sky130_fd_sc_hd__clkbuf_16)
                                         clknet_0_clk (net)
                  0.11    0.00    0.45 ^ clkbuf_2_1__f_clk/A (sky130_fd_sc_hd__clkbuf_16)
    11    0.03    0.09    0.27    0.72 ^ clkbuf_2_1__f_clk/X (sky130_fd_sc_hd__clkbuf_16)
                                         clknet_2_1__leaf_clk (net)
                  0.09    0.00    0.72 ^ _342_/CLK (sky130_fd_sc_hd__dfrtp_2)
     5    0.03    0.19    1.00    1.72 v _342_/Q (sky130_fd_sc_hd__dfrtp_2)
                                         one_second_counter[12] (net)
                  0.19    0.00    1.72 v _180_/C (sky130_fd_sc_hd__and4_1)
     2    0.02    0.21    0.61    2.33 v _180_/X (sky130_fd_sc_hd__and4_1)
                                         _078_ (net)
                  0.21    0.00    2.33 v _181_/D (sky130_fd_sc_hd__or4_2)
     1    0.02    0.34    1.64    3.97 v _181_/X (sky130_fd_sc_hd__or4_2)
                                         _079_ (net)
                  0.34    0.00    3.97 v _184_/A3 (sky130_fd_sc_hd__o31a_1)
     1    0.02    0.25    0.77    4.74 v _184_/X (sky130_fd_sc_hd__o31a_1)
                                         _082_ (net)
                  0.25    0.00    4.74 v _186_/A2 (sky130_fd_sc_hd__o211ai_2)
     2    0.02    0.44    0.51    5.25 ^ _186_/Y (sky130_fd_sc_hd__o211ai_2)
                                         _084_ (net)
                  0.44    0.00    5.25 ^ _187_/A2 (sky130_fd_sc_hd__a21bo_2)
     9    0.05    0.43    0.71    5.96 ^ _187_/X (sky130_fd_sc_hd__a21bo_2)
                                         _085_ (net)
                  0.43    0.00    5.96 ^ _218_/B (sky130_fd_sc_hd__and3_1)
     1    0.02    0.26    0.59    6.55 ^ _218_/X (sky130_fd_sc_hd__and3_1)
                                         _107_ (net)
                  0.26    0.00    6.55 ^ _219_/A (sky130_fd_sc_hd__clkbuf_1)
     1    0.01    0.21    0.34    6.89 ^ _219_/X (sky130_fd_sc_hd__clkbuf_1)
                                         _025_ (net)
                  0.21    0.00    6.89 ^ _338_/D (sky130_fd_sc_hd__dfrtp_4)
                                  6.89   data arrival time

                         10.00   10.00   clock clk (rise edge)
                          0.00   10.00   clock source latency
     1    0.02    0.17    0.11   10.11 ^ clk (in)
                                         clk (net)
                  0.17    0.00   10.11 ^ clkbuf_0_clk/A (sky130_fd_sc_hd__clkbuf_16)
     4    0.05    0.11    0.29   10.40 ^ clkbuf_0_clk/X (sky130_fd_sc_hd__clkbuf_16)
                                         clknet_0_clk (net)
                  0.11    0.00   10.40 ^ clkbuf_2_3__f_clk/A (sky130_fd_sc_hd__clkbuf_16)
     8    0.04    0.09    0.25   10.66 ^ clkbuf_2_3__f_clk/X (sky130_fd_sc_hd__clkbuf_16)
                                         clknet_2_3__leaf_clk (net)
                  0.09    0.00   10.66 ^ _338_/CLK (sky130_fd_sc_hd__dfrtp_4)
                         -0.25   10.41   clock uncertainty
                          0.04   10.45   clock reconvergence pessimism
                         -0.17   10.28   library setup time
                                 10.28   data required time
-----------------------------------------------------------------------------
                                 10.28   data required time
                                 -6.89   data arrival time
-----------------------------------------------------------------------------
                                  3.39   slack (MET)


Startpoint: _342_ (rising edge-triggered flip-flop clocked by clk)
Endpoint: _357_ (rising edge-triggered flip-flop clocked by clk)
Path Group: clk
Path Type: max
Corner: Slowest

Fanout     Cap    Slew   Delay    Time   Description
-----------------------------------------------------------------------------
                          0.00    0.00   clock clk (rise edge)
                          0.00    0.00   clock source latency
     1    0.02    0.17    0.12    0.12 ^ clk (in)
                                         clk (net)
                  0.17    0.00    0.12 ^ clkbuf_0_clk/A (sky130_fd_sc_hd__clkbuf_16)
     4    0.05    0.11    0.32    0.45 ^ clkbuf_0_clk/X (sky130_fd_sc_hd__clkbuf_16)
                                         clknet_0_clk (net)
                  0.11    0.00    0.45 ^ clkbuf_2_1__f_clk/A (sky130_fd_sc_hd__clkbuf_16)
    11    0.03    0.09    0.27    0.72 ^ clkbuf_2_1__f_clk/X (sky130_fd_sc_hd__clkbuf_16)
                                         clknet_2_1__leaf_clk (net)
                  0.09    0.00    0.72 ^ _342_/CLK (sky130_fd_sc_hd__dfrtp_2)
     5    0.03    0.19    1.00    1.72 v _342_/Q (sky130_fd_sc_hd__dfrtp_2)
                                         one_second_counter[12] (net)
                  0.19    0.00    1.72 v _180_/C (sky130_fd_sc_hd__and4_1)
     2    0.02    0.21    0.61    2.33 v _180_/X (sky130_fd_sc_hd__and4_1)
                                         _078_ (net)
                  0.21    0.00    2.33 v _181_/D (sky130_fd_sc_hd__or4_2)
     1    0.02    0.34    1.64    3.97 v _181_/X (sky130_fd_sc_hd__or4_2)
                                         _079_ (net)
                  0.34    0.00    3.97 v _184_/A3 (sky130_fd_sc_hd__o31a_1)
     1    0.02    0.25    0.77    4.74 v _184_/X (sky130_fd_sc_hd__o31a_1)
                                         _082_ (net)
                  0.25    0.00    4.74 v _186_/A2 (sky130_fd_sc_hd__o211ai_2)
     2    0.02    0.44    0.51    5.25 ^ _186_/Y (sky130_fd_sc_hd__o211ai_2)
                                         _084_ (net)
                  0.44    0.00    5.25 ^ _187_/A2 (sky130_fd_sc_hd__a21bo_2)
     9    0.05    0.43    0.71    5.96 ^ _187_/X (sky130_fd_sc_hd__a21bo_2)
                                         _085_ (net)
                  0.43    0.00    5.96 ^ _188_/A (sky130_fd_sc_hd__inv_2)
     2    0.02    0.16    0.28    6.24 v _188_/Y (sky130_fd_sc_hd__inv_2)
                                         _086_ (net)
                  0.16    0.00    6.25 v _189_/A (sky130_fd_sc_hd__buf_4)
    10    0.07    0.17    0.42    6.67 v _189_/X (sky130_fd_sc_hd__buf_4)
                                         _027_ (net)
                  0.17    0.01    6.68 v _357_/D (sky130_fd_sc_hd__dfrtp_4)
                                  6.68   data arrival time

                         10.00   10.00   clock clk (rise edge)
                          0.00   10.00   clock source latency
     1    0.02    0.17    0.11   10.11 ^ clk (in)
                                         clk (net)
                  0.17    0.00   10.11 ^ clkbuf_0_clk/A (sky130_fd_sc_hd__clkbuf_16)
     4    0.05    0.11    0.29   10.40 ^ clkbuf_0_clk/X (sky130_fd_sc_hd__clkbuf_16)
                                         clknet_0_clk (net)
                  0.11    0.00   10.40 ^ clkbuf_2_2__f_clk/A (sky130_fd_sc_hd__clkbuf_16)
     7    0.05    0.10    0.26   10.66 ^ clkbuf_2_2__f_clk/X (sky130_fd_sc_hd__clkbuf_16)
                                         clknet_2_2__leaf_clk (net)
                  0.10    0.00   10.67 ^ _357_/CLK (sky130_fd_sc_hd__dfrtp_4)
                         -0.25   10.42   clock uncertainty
                          0.04   10.46   clock reconvergence pessimism
                         -0.31   10.15   library setup time
                                 10.15   data required time
-----------------------------------------------------------------------------
                                 10.15   data required time
                                 -6.68   data arrival time
-----------------------------------------------------------------------------
                                  3.47   slack (MET)


Startpoint: _342_ (rising edge-triggered flip-flop clocked by clk)
Endpoint: _333_ (rising edge-triggered flip-flop clocked by clk)
Path Group: clk
Path Type: max
Corner: Slowest

Fanout     Cap    Slew   Delay    Time   Description
-----------------------------------------------------------------------------
                          0.00    0.00   clock clk (rise edge)
                          0.00    0.00   clock source latency
     1    0.02    0.17    0.12    0.12 ^ clk (in)
                                         clk (net)
                  0.17    0.00    0.12 ^ clkbuf_0_clk/A (sky130_fd_sc_hd__clkbuf_16)
     4    0.05    0.11    0.32    0.45 ^ clkbuf_0_clk/X (sky130_fd_sc_hd__clkbuf_16)
                                         clknet_0_clk (net)
                  0.11    0.00    0.45 ^ clkbuf_2_1__f_clk/A (sky130_fd_sc_hd__clkbuf_16)
    11    0.03    0.09    0.27    0.72 ^ clkbuf_2_1__f_clk/X (sky130_fd_sc_hd__clkbuf_16)
                                         clknet_2_1__leaf_clk (net)
                  0.09    0.00    0.72 ^ _342_/CLK (sky130_fd_sc_hd__dfrtp_2)
     5    0.03    0.19    1.00    1.72 v _342_/Q (sky130_fd_sc_hd__dfrtp_2)
                                         one_second_counter[12] (net)
                  0.19    0.00    1.72 v _180_/C (sky130_fd_sc_hd__and4_1)
     2    0.02    0.21    0.61    2.33 v _180_/X (sky130_fd_sc_hd__and4_1)
                                         _078_ (net)
                  0.21    0.00    2.33 v _181_/D (sky130_fd_sc_hd__or4_2)
     1    0.02    0.34    1.64    3.97 v _181_/X (sky130_fd_sc_hd__or4_2)
                                         _079_ (net)
                  0.34    0.00    3.97 v _184_/A3 (sky130_fd_sc_hd__o31a_1)
     1    0.02    0.25    0.77    4.74 v _184_/X (sky130_fd_sc_hd__o31a_1)
                                         _082_ (net)
                  0.25    0.00    4.74 v _186_/A2 (sky130_fd_sc_hd__o211ai_2)
     2    0.02    0.44    0.51    5.25 ^ _186_/Y (sky130_fd_sc_hd__o211ai_2)
                                         _084_ (net)
                  0.44    0.00    5.25 ^ _187_/A2 (sky130_fd_sc_hd__a21bo_2)
     9    0.05    0.43    0.71    5.96 ^ _187_/X (sky130_fd_sc_hd__a21bo_2)
                                         _085_ (net)
                  0.43    0.00    5.96 ^ _200_/B (sky130_fd_sc_hd__and3b_1)
     1    0.01    0.23    0.57    6.54 ^ _200_/X (sky130_fd_sc_hd__and3b_1)
                                         _094_ (net)
                  0.23    0.00    6.54 ^ _201_/A (sky130_fd_sc_hd__clkbuf_1)
     1    0.01    0.15    0.29    6.82 ^ _201_/X (sky130_fd_sc_hd__clkbuf_1)
                                         _020_ (net)
                  0.15    0.00    6.82 ^ _333_/D (sky130_fd_sc_hd__dfrtp_1)
                                  6.82   data arrival time

                         10.00   10.00   clock clk (rise edge)
                          0.00   10.00   clock source latency
     1    0.02    0.17    0.11   10.11 ^ clk (in)
                                         clk (net)
                  0.17    0.00   10.11 ^ clkbuf_0_clk/A (sky130_fd_sc_hd__clkbuf_16)
     4    0.05    0.11    0.29   10.40 ^ clkbuf_0_clk/X (sky130_fd_sc_hd__clkbuf_16)
                                         clknet_0_clk (net)
                  0.11    0.00   10.40 ^ clkbuf_2_3__f_clk/A (sky130_fd_sc_hd__clkbuf_16)
     8    0.04    0.09    0.25   10.66 ^ clkbuf_2_3__f_clk/X (sky130_fd_sc_hd__clkbuf_16)
                                         clknet_2_3__leaf_clk (net)
                  0.09    0.00   10.66 ^ _333_/CLK (sky130_fd_sc_hd__dfrtp_1)
                         -0.25   10.41   clock uncertainty
                          0.04   10.45   clock reconvergence pessimism
                         -0.15   10.30   library setup time
                                 10.30   data required time
-----------------------------------------------------------------------------
                                 10.30   data required time
                                 -6.82   data arrival time
-----------------------------------------------------------------------------
                                  3.48   slack (MET)


Startpoint: _343_ (rising edge-triggered flip-flop clocked by clk)
Endpoint: _332_ (rising edge-triggered flip-flop clocked by clk)
Path Group: clk
Path Type: max
Corner: Slowest

Fanout     Cap    Slew   Delay    Time   Description
-----------------------------------------------------------------------------
                          0.00    0.00   clock clk (rise edge)
                          0.00    0.00   clock source latency
     1    0.02    0.17    0.12    0.12 ^ clk (in)
                                         clk (net)
                  0.17    0.00    0.12 ^ clkbuf_0_clk/A (sky130_fd_sc_hd__clkbuf_16)
     4    0.05    0.11    0.32    0.45 ^ clkbuf_0_clk/X (sky130_fd_sc_hd__clkbuf_16)
                                         clknet_0_clk (net)
                  0.11    0.00    0.45 ^ clkbuf_2_0__f_clk/A (sky130_fd_sc_hd__clkbuf_16)
     9    0.04    0.10    0.28    0.73 ^ clkbuf_2_0__f_clk/X (sky130_fd_sc_hd__clkbuf_16)
                                         clknet_2_0__leaf_clk (net)
                  0.10    0.00    0.73 ^ _343_/CLK (sky130_fd_sc_hd__dfrtp_1)
     4    0.02    0.21    0.93    1.66 v _343_/Q (sky130_fd_sc_hd__dfrtp_1)
                                         one_second_counter[13] (net)
                  0.21    0.00    1.66 v _180_/D (sky130_fd_sc_hd__and4_1)
     2    0.02    0.21    0.64    2.31 v _180_/X (sky130_fd_sc_hd__and4_1)
                                         _078_ (net)
                  0.21    0.00    2.31 v _181_/D (sky130_fd_sc_hd__or4_2)
     1    0.02    0.34    1.64    3.95 v _181_/X (sky130_fd_sc_hd__or4_2)
                                         _079_ (net)
                  0.34    0.00    3.95 v _184_/A3 (sky130_fd_sc_hd__o31a_1)
     1    0.02    0.25    0.77    4.72 v _184_/X (sky130_fd_sc_hd__o31a_1)
                                         _082_ (net)
                  0.25    0.00    4.72 v _186_/A2 (sky130_fd_sc_hd__o211ai_2)
     2    0.02    0.44    0.51    5.23 ^ _186_/Y (sky130_fd_sc_hd__o211ai_2)
                                         _084_ (net)
                  0.44    0.00    5.23 ^ _187_/A2 (sky130_fd_sc_hd__a21bo_2)
     9    0.05    0.43    0.71    5.94 ^ _187_/X (sky130_fd_sc_hd__a21bo_2)
                                         _085_ (net)
                  0.43    0.00    5.94 ^ _197_/B (sky130_fd_sc_hd__and3_1)
     1    0.01    0.13    0.47    6.41 ^ _197_/X (sky130_fd_sc_hd__and3_1)
                                         _092_ (net)
                  0.13    0.00    6.41 ^ _198_/A (sky130_fd_sc_hd__buf_1)
     1    0.01    0.26    0.32    6.73 ^ _198_/X (sky130_fd_sc_hd__buf_1)
                                         _019_ (net)
                  0.26    0.00    6.73 ^ _332_/D (sky130_fd_sc_hd__dfrtp_4)
                                  6.73   data arrival time

                         10.00   10.00   clock clk (rise edge)
                          0.00   10.00   clock source latency
     1    0.02    0.17    0.11   10.11 ^ clk (in)
                                         clk (net)
                  0.17    0.00   10.11 ^ clkbuf_0_clk/A (sky130_fd_sc_hd__clkbuf_16)
     4    0.05    0.11    0.29   10.40 ^ clkbuf_0_clk/X (sky130_fd_sc_hd__clkbuf_16)
                                         clknet_0_clk (net)
                  0.11    0.00   10.40 ^ clkbuf_2_1__f_clk/A (sky130_fd_sc_hd__clkbuf_16)
    11    0.03    0.09    0.25   10.65 ^ clkbuf_2_1__f_clk/X (sky130_fd_sc_hd__clkbuf_16)
                                         clknet_2_1__leaf_clk (net)
                  0.09    0.00   10.65 ^ _332_/CLK (sky130_fd_sc_hd__dfrtp_4)
                         -0.25   10.40   clock uncertainty
                          0.04   10.44   clock reconvergence pessimism
                         -0.18   10.26   library setup time
                                 10.26   data required time
-----------------------------------------------------------------------------
                                 10.26   data required time
                                 -6.73   data arrival time
-----------------------------------------------------------------------------
                                  3.53   slack (MET)


Startpoint: _343_ (rising edge-triggered flip-flop clocked by clk)
Endpoint: _355_ (rising edge-triggered flip-flop clocked by clk)
Path Group: clk
Path Type: max
Corner: Slowest

Fanout     Cap    Slew   Delay    Time   Description
-----------------------------------------------------------------------------
                          0.00    0.00   clock clk (rise edge)
                          0.00    0.00   clock source latency
     1    0.02    0.17    0.12    0.12 ^ clk (in)
                                         clk (net)
                  0.17    0.00    0.12 ^ clkbuf_0_clk/A (sky130_fd_sc_hd__clkbuf_16)
     4    0.05    0.11    0.32    0.45 ^ clkbuf_0_clk/X (sky130_fd_sc_hd__clkbuf_16)
                                         clknet_0_clk (net)
                  0.11    0.00    0.45 ^ clkbuf_2_0__f_clk/A (sky130_fd_sc_hd__clkbuf_16)
     9    0.04    0.10    0.28    0.73 ^ clkbuf_2_0__f_clk/X (sky130_fd_sc_hd__clkbuf_16)
                                         clknet_2_0__leaf_clk (net)
                  0.10    0.00    0.73 ^ _343_/CLK (sky130_fd_sc_hd__dfrtp_1)
     4    0.02    0.21    0.93    1.66 v _343_/Q (sky130_fd_sc_hd__dfrtp_1)
                                         one_second_counter[13] (net)
                  0.21    0.00    1.66 v _180_/D (sky130_fd_sc_hd__and4_1)
     2    0.02    0.21    0.64    2.31 v _180_/X (sky130_fd_sc_hd__and4_1)
                                         _078_ (net)
                  0.21    0.00    2.31 v _181_/D (sky130_fd_sc_hd__or4_2)
     1    0.02    0.34    1.64    3.95 v _181_/X (sky130_fd_sc_hd__or4_2)
                                         _079_ (net)
                  0.34    0.00    3.95 v _184_/A3 (sky130_fd_sc_hd__o31a_1)
     1    0.02    0.25    0.77    4.72 v _184_/X (sky130_fd_sc_hd__o31a_1)
                                         _082_ (net)
                  0.25    0.00    4.72 v _186_/A2 (sky130_fd_sc_hd__o211ai_2)
     2    0.02    0.44    0.51    5.23 ^ _186_/Y (sky130_fd_sc_hd__o211ai_2)
                                         _084_ (net)
                  0.44    0.00    5.23 ^ _187_/A2 (sky130_fd_sc_hd__a21bo_2)
     9    0.05    0.43    0.71    5.94 ^ _187_/X (sky130_fd_sc_hd__a21bo_2)
                                         _085_ (net)
                  0.43    0.00    5.94 ^ _281_/A (sky130_fd_sc_hd__and3_1)
     1    0.01    0.20    0.54    6.48 ^ _281_/X (sky130_fd_sc_hd__and3_1)
                                         _153_ (net)
                  0.20    0.00    6.48 ^ _282_/A (sky130_fd_sc_hd__clkbuf_1)
     1    0.01    0.16    0.28    6.76 ^ _282_/X (sky130_fd_sc_hd__clkbuf_1)
                                         _017_ (net)
                  0.16    0.00    6.76 ^ _355_/D (sky130_fd_sc_hd__dfrtp_4)
                                  6.76   data arrival time

                         10.00   10.00   clock clk (rise edge)
                          0.00   10.00   clock source latency
     1    0.02    0.17    0.11   10.11 ^ clk (in)
                                         clk (net)
                  0.17    0.00   10.11 ^ clkbuf_0_clk/A (sky130_fd_sc_hd__clkbuf_16)
     4    0.05    0.11    0.29   10.40 ^ clkbuf_0_clk/X (sky130_fd_sc_hd__clkbuf_16)
                                         clknet_0_clk (net)
                  0.11    0.00   10.40 ^ clkbuf_2_1__f_clk/A (sky130_fd_sc_hd__clkbuf_16)
    11    0.03    0.09    0.25   10.65 ^ clkbuf_2_1__f_clk/X (sky130_fd_sc_hd__clkbuf_16)
                                         clknet_2_1__leaf_clk (net)
                  0.09    0.00   10.65 ^ _355_/CLK (sky130_fd_sc_hd__dfrtp_4)
                         -0.25   10.40   clock uncertainty
                          0.04   10.44   clock reconvergence pessimism
                         -0.16   10.29   library setup time
                                 10.29   data required time
-----------------------------------------------------------------------------
                                 10.29   data required time
                                 -6.76   data arrival time
-----------------------------------------------------------------------------
                                  3.53   slack (MET)


Startpoint: _342_ (rising edge-triggered flip-flop clocked by clk)
Endpoint: _331_ (rising edge-triggered flip-flop clocked by clk)
Path Group: clk
Path Type: max
Corner: Slowest

Fanout     Cap    Slew   Delay    Time   Description
-----------------------------------------------------------------------------
                          0.00    0.00   clock clk (rise edge)
                          0.00    0.00   clock source latency
     1    0.02    0.17    0.12    0.12 ^ clk (in)
                                         clk (net)
                  0.17    0.00    0.12 ^ clkbuf_0_clk/A (sky130_fd_sc_hd__clkbuf_16)
     4    0.05    0.11    0.32    0.45 ^ clkbuf_0_clk/X (sky130_fd_sc_hd__clkbuf_16)
                                         clknet_0_clk (net)
                  0.11    0.00    0.45 ^ clkbuf_2_1__f_clk/A (sky130_fd_sc_hd__clkbuf_16)
    11    0.03    0.09    0.27    0.72 ^ clkbuf_2_1__f_clk/X (sky130_fd_sc_hd__clkbuf_16)
                                         clknet_2_1__leaf_clk (net)
                  0.09    0.00    0.72 ^ _342_/CLK (sky130_fd_sc_hd__dfrtp_2)
     5    0.03    0.19    1.00    1.72 v _342_/Q (sky130_fd_sc_hd__dfrtp_2)
                                         one_second_counter[12] (net)
                  0.19    0.00    1.72 v _180_/C (sky130_fd_sc_hd__and4_1)
     2    0.02    0.21    0.61    2.33 v _180_/X (sky130_fd_sc_hd__and4_1)
                                         _078_ (net)
                  0.21    0.00    2.33 v _181_/D (sky130_fd_sc_hd__or4_2)
     1    0.02    0.34    1.64    3.97 v _181_/X (sky130_fd_sc_hd__or4_2)
                                         _079_ (net)
                  0.34    0.00    3.97 v _184_/A3 (sky130_fd_sc_hd__o31a_1)
     1    0.02    0.25    0.77    4.74 v _184_/X (sky130_fd_sc_hd__o31a_1)
                                         _082_ (net)
                  0.25    0.00    4.74 v _186_/A2 (sky130_fd_sc_hd__o211ai_2)
     2    0.02    0.44    0.51    5.25 ^ _186_/Y (sky130_fd_sc_hd__o211ai_2)
                                         _084_ (net)
                  0.44    0.00    5.25 ^ _187_/A2 (sky130_fd_sc_hd__a21bo_2)
     9    0.05    0.43    0.71    5.96 ^ _187_/X (sky130_fd_sc_hd__a21bo_2)
                                         _085_ (net)
                  0.43    0.00    5.96 ^ _193_/B (sky130_fd_sc_hd__and3_1)
     1    0.01    0.18    0.52    6.48 ^ _193_/X (sky130_fd_sc_hd__and3_1)
                                         _089_ (net)
                  0.18    0.00    6.48 ^ _194_/A (sky130_fd_sc_hd__clkbuf_1)
     1    0.01    0.17    0.28    6.77 ^ _194_/X (sky130_fd_sc_hd__clkbuf_1)
                                         _011_ (net)
                  0.17    0.00    6.77 ^ _331_/D (sky130_fd_sc_hd__dfrtp_4)
                                  6.77   data arrival time

                         10.00   10.00   clock clk (rise edge)
                          0.00   10.00   clock source latency
     1    0.02    0.17    0.11   10.11 ^ clk (in)
                                         clk (net)
                  0.17    0.00   10.11 ^ clkbuf_0_clk/A (sky130_fd_sc_hd__clkbuf_16)
     4    0.05    0.11    0.29   10.40 ^ clkbuf_0_clk/X (sky130_fd_sc_hd__clkbuf_16)
                                         clknet_0_clk (net)
                  0.11    0.00   10.40 ^ clkbuf_2_2__f_clk/A (sky130_fd_sc_hd__clkbuf_16)
     7    0.05    0.10    0.26   10.66 ^ clkbuf_2_2__f_clk/X (sky130_fd_sc_hd__clkbuf_16)
                                         clknet_2_2__leaf_clk (net)
                  0.10    0.00   10.67 ^ _331_/CLK (sky130_fd_sc_hd__dfrtp_4)
                         -0.25   10.42   clock uncertainty
                          0.04   10.46   clock reconvergence pessimism
                         -0.16   10.30   library setup time
                                 10.30   data required time
-----------------------------------------------------------------------------
                                 10.30   data required time
                                 -6.77   data arrival time
-----------------------------------------------------------------------------
                                  3.54   slack (MET)


Startpoint: _361_ (rising edge-triggered flip-flop clocked by clk)
Endpoint: seg[5] (output port clocked by clk)
Path Group: clk
Path Type: max
Corner: Slowest

Fanout     Cap    Slew   Delay    Time   Description
-----------------------------------------------------------------------------
                          0.00    0.00   clock clk (rise edge)
                          0.00    0.00   clock source latency
     1    0.02    0.17    0.12    0.12 ^ clk (in)
                                         clk (net)
                  0.17    0.00    0.12 ^ clkbuf_0_clk/A (sky130_fd_sc_hd__clkbuf_16)
     4    0.05    0.11    0.32    0.45 ^ clkbuf_0_clk/X (sky130_fd_sc_hd__clkbuf_16)
                                         clknet_0_clk (net)
                  0.11    0.00    0.45 ^ clkbuf_2_0__f_clk/A (sky130_fd_sc_hd__clkbuf_16)
     9    0.04    0.10    0.28    0.73 ^ clkbuf_2_0__f_clk/X (sky130_fd_sc_hd__clkbuf_16)
                                         clknet_2_0__leaf_clk (net)
                  0.10    0.00    0.73 ^ _361_/CLK (sky130_fd_sc_hd__dfrtp_4)
     6    0.05    0.21    1.19    1.92 v _361_/Q (sky130_fd_sc_hd__dfrtp_4)
                                         decoder.digit[3] (net)
                  0.21    0.00    1.92 v _285_/A (sky130_fd_sc_hd__nor2_2)
     4    0.04    0.69    0.69    2.61 ^ _285_/Y (sky130_fd_sc_hd__nor2_2)
                                         _155_ (net)
                  0.69    0.00    2.61 ^ _286_/C (sky130_fd_sc_hd__and3b_1)
     2    0.02    0.28    0.69    3.30 ^ _286_/X (sky130_fd_sc_hd__and3b_1)
                                         _156_ (net)
                  0.28    0.00    3.30 ^ _292_/C (sky130_fd_sc_hd__or3_1)
     1    0.01    0.15    0.33    3.64 ^ _292_/X (sky130_fd_sc_hd__or3_1)
                                         _158_ (net)
                  0.15    0.00    3.64 ^ _293_/A (sky130_fd_sc_hd__clkbuf_1)
     1    0.00    0.08    0.20    3.84 ^ _293_/X (sky130_fd_sc_hd__clkbuf_1)
                                         net7 (net)
                  0.08    0.00    3.84 ^ output7/A (sky130_fd_sc_hd__buf_2)
     1    0.03    0.27    0.37    4.20 ^ output7/X (sky130_fd_sc_hd__buf_2)
                                         seg[5] (net)
                  0.27    0.00    4.20 ^ seg[5] (out)
                                  4.20   data arrival time

                         10.00   10.00   clock clk (rise edge)
                          0.00   10.00   clock network delay (propagated)
                         -0.25    9.75   clock uncertainty
                          0.00    9.75   clock reconvergence pessimism
                         -2.00    7.75   output external delay
                                  7.75   data required time
-----------------------------------------------------------------------------
                                  7.75   data required time
                                 -4.20   data arrival time
-----------------------------------------------------------------------------
                                  3.55   slack (MET)


Startpoint: _361_ (rising edge-triggered flip-flop clocked by clk)
Endpoint: seg[6] (output port clocked by clk)
Path Group: clk
Path Type: max
Corner: Slowest

Fanout     Cap    Slew   Delay    Time   Description
-----------------------------------------------------------------------------
                          0.00    0.00   clock clk (rise edge)
                          0.00    0.00   clock source latency
     1    0.02    0.17    0.12    0.12 ^ clk (in)
                                         clk (net)
                  0.17    0.00    0.12 ^ clkbuf_0_clk/A (sky130_fd_sc_hd__clkbuf_16)
     4    0.05    0.11    0.32    0.45 ^ clkbuf_0_clk/X (sky130_fd_sc_hd__clkbuf_16)
                                         clknet_0_clk (net)
                  0.11    0.00    0.45 ^ clkbuf_2_0__f_clk/A (sky130_fd_sc_hd__clkbuf_16)
     9    0.04    0.10    0.28    0.73 ^ clkbuf_2_0__f_clk/X (sky130_fd_sc_hd__clkbuf_16)
                                         clknet_2_0__leaf_clk (net)
                  0.10    0.00    0.73 ^ _361_/CLK (sky130_fd_sc_hd__dfrtp_4)
     6    0.05    0.21    1.19    1.92 v _361_/Q (sky130_fd_sc_hd__dfrtp_4)
                                         decoder.digit[3] (net)
                  0.21    0.00    1.92 v _165_/A (sky130_fd_sc_hd__nor2_2)
     2    0.03    0.54    0.57    2.49 ^ _165_/Y (sky130_fd_sc_hd__nor2_2)
                                         _066_ (net)
                  0.54    0.00    2.49 ^ _166_/B (sky130_fd_sc_hd__nand2_2)
     3    0.04    0.36    0.51    3.00 v _166_/Y (sky130_fd_sc_hd__nand2_2)
                                         _067_ (net)
                  0.36    0.00    3.00 v _294_/B1_N (sky130_fd_sc_hd__a21boi_2)
     2    0.02    0.21    0.54    3.54 v _294_/Y (sky130_fd_sc_hd__a21boi_2)
                                         net8 (net)
                  0.21    0.00    3.54 v output8/A (sky130_fd_sc_hd__buf_2)
     1    0.03    0.16    0.43    3.97 v output8/X (sky130_fd_sc_hd__buf_2)
                                         seg[6] (net)
                  0.16    0.00    3.97 v seg[6] (out)
                                  3.97   data arrival time

                         10.00   10.00   clock clk (rise edge)
                          0.00   10.00   clock network delay (propagated)
                         -0.25    9.75   clock uncertainty
                          0.00    9.75   clock reconvergence pessimism
                         -2.00    7.75   output external delay
                                  7.75   data required time
-----------------------------------------------------------------------------
                                  7.75   data required time
                                 -3.97   data arrival time
-----------------------------------------------------------------------------
                                  3.78   slack (MET)


Startpoint: _361_ (rising edge-triggered flip-flop clocked by clk)
Endpoint: seg[2] (output port clocked by clk)
Path Group: clk
Path Type: max
Corner: Slowest

Fanout     Cap    Slew   Delay    Time   Description
-----------------------------------------------------------------------------
                          0.00    0.00   clock clk (rise edge)
                          0.00    0.00   clock source latency
     1    0.02    0.17    0.12    0.12 ^ clk (in)
                                         clk (net)
                  0.17    0.00    0.12 ^ clkbuf_0_clk/A (sky130_fd_sc_hd__clkbuf_16)
     4    0.05    0.11    0.32    0.45 ^ clkbuf_0_clk/X (sky130_fd_sc_hd__clkbuf_16)
                                         clknet_0_clk (net)
                  0.11    0.00    0.45 ^ clkbuf_2_0__f_clk/A (sky130_fd_sc_hd__clkbuf_16)
     9    0.04    0.10    0.28    0.73 ^ clkbuf_2_0__f_clk/X (sky130_fd_sc_hd__clkbuf_16)
                                         clknet_2_0__leaf_clk (net)
                  0.10    0.00    0.73 ^ _361_/CLK (sky130_fd_sc_hd__dfrtp_4)
     6    0.05    0.21    1.19    1.92 v _361_/Q (sky130_fd_sc_hd__dfrtp_4)
                                         decoder.digit[3] (net)
                  0.21    0.00    1.92 v _285_/A (sky130_fd_sc_hd__nor2_2)
     4    0.04    0.69    0.69    2.61 ^ _285_/Y (sky130_fd_sc_hd__nor2_2)
                                         _155_ (net)
                  0.69    0.00    2.61 ^ _289_/A2 (sky130_fd_sc_hd__a21oi_1)
     1    0.02    0.30    0.53    3.14 v _289_/Y (sky130_fd_sc_hd__a21oi_1)
                                         net4 (net)
                  0.30    0.00    3.14 v output4/A (sky130_fd_sc_hd__buf_2)
     1    0.03    0.17    0.48    3.62 v output4/X (sky130_fd_sc_hd__buf_2)
                                         seg[2] (net)
                  0.17    0.00    3.62 v seg[2] (out)
                                  3.62   data arrival time

                         10.00   10.00   clock clk (rise edge)
                          0.00   10.00   clock network delay (propagated)
                         -0.25    9.75   clock uncertainty
                          0.00    9.75   clock reconvergence pessimism
                         -2.00    7.75   output external delay
                                  7.75   data required time
-----------------------------------------------------------------------------
                                  7.75   data required time
                                 -3.62   data arrival time
-----------------------------------------------------------------------------
                                  4.13   slack (MET)


Startpoint: _361_ (rising edge-triggered flip-flop clocked by clk)
Endpoint: seg[4] (output port clocked by clk)
Path Group: clk
Path Type: max
Corner: Slowest

Fanout     Cap    Slew   Delay    Time   Description
-----------------------------------------------------------------------------
                          0.00    0.00   clock clk (rise edge)
                          0.00    0.00   clock source latency
     1    0.02    0.17    0.12    0.12 ^ clk (in)
                                         clk (net)
                  0.17    0.00    0.12 ^ clkbuf_0_clk/A (sky130_fd_sc_hd__clkbuf_16)
     4    0.05    0.11    0.32    0.45 ^ clkbuf_0_clk/X (sky130_fd_sc_hd__clkbuf_16)
                                         clknet_0_clk (net)
                  0.11    0.00    0.45 ^ clkbuf_2_0__f_clk/A (sky130_fd_sc_hd__clkbuf_16)
     9    0.04    0.10    0.28    0.73 ^ clkbuf_2_0__f_clk/X (sky130_fd_sc_hd__clkbuf_16)
                                         clknet_2_0__leaf_clk (net)
                  0.10    0.00    0.73 ^ _361_/CLK (sky130_fd_sc_hd__dfrtp_4)
     6    0.05    0.21    1.19    1.92 v _361_/Q (sky130_fd_sc_hd__dfrtp_4)
                                         decoder.digit[3] (net)
                  0.21    0.00    1.92 v _290_/A (sky130_fd_sc_hd__or3_1)
     1    0.01    0.17    0.99    2.91 v _290_/X (sky130_fd_sc_hd__or3_1)
                                         _157_ (net)
                  0.17    0.00    2.91 v _291_/A (sky130_fd_sc_hd__buf_1)
     1    0.01    0.14    0.30    3.21 v _291_/X (sky130_fd_sc_hd__buf_1)
                                         net6 (net)
                  0.14    0.00    3.21 v output6/A (sky130_fd_sc_hd__buf_2)
     1    0.04    0.17    0.40    3.61 v output6/X (sky130_fd_sc_hd__buf_2)
                                         seg[4] (net)
                  0.17    0.00    3.61 v seg[4] (out)
                                  3.61   data arrival time

                         10.00   10.00   clock clk (rise edge)
                          0.00   10.00   clock network delay (propagated)
                         -0.25    9.75   clock uncertainty
                          0.00    9.75   clock reconvergence pessimism
                         -2.00    7.75   output external delay
                                  7.75   data required time
-----------------------------------------------------------------------------
                                  7.75   data required time
                                 -3.61   data arrival time
-----------------------------------------------------------------------------
                                  4.14   slack (MET)


Startpoint: _361_ (rising edge-triggered flip-flop clocked by clk)
Endpoint: _360_ (rising edge-triggered flip-flop clocked by clk)
Path Group: clk
Path Type: max
Corner: Slowest

Fanout     Cap    Slew   Delay    Time   Description
-----------------------------------------------------------------------------
                          0.00    0.00   clock clk (rise edge)
                          0.00    0.00   clock source latency
     1    0.02    0.17    0.12    0.12 ^ clk (in)
                                         clk (net)
                  0.17    0.00    0.12 ^ clkbuf_0_clk/A (sky130_fd_sc_hd__clkbuf_16)
     4    0.05    0.11    0.32    0.45 ^ clkbuf_0_clk/X (sky130_fd_sc_hd__clkbuf_16)
                                         clknet_0_clk (net)
                  0.11    0.00    0.45 ^ clkbuf_2_0__f_clk/A (sky130_fd_sc_hd__clkbuf_16)
     9    0.04    0.10    0.28    0.73 ^ clkbuf_2_0__f_clk/X (sky130_fd_sc_hd__clkbuf_16)
                                         clknet_2_0__leaf_clk (net)
                  0.10    0.00    0.73 ^ _361_/CLK (sky130_fd_sc_hd__dfrtp_4)
     6    0.05    0.21    1.19    1.92 v _361_/Q (sky130_fd_sc_hd__dfrtp_4)
                                         decoder.digit[3] (net)
                  0.21    0.00    1.92 v _165_/A (sky130_fd_sc_hd__nor2_2)
     2    0.03    0.54    0.57    2.49 ^ _165_/Y (sky130_fd_sc_hd__nor2_2)
                                         _066_ (net)
                  0.54    0.00    2.49 ^ _166_/B (sky130_fd_sc_hd__nand2_2)
     3    0.04    0.36    0.51    3.00 v _166_/Y (sky130_fd_sc_hd__nand2_2)
                                         _067_ (net)
                  0.36    0.00    3.00 v _167_/B (sky130_fd_sc_hd__nor2_2)
     3    0.03    0.56    0.61    3.61 ^ _167_/Y (sky130_fd_sc_hd__nor2_2)
                                         _068_ (net)
                  0.56    0.00    3.61 ^ _168_/A2_N (sky130_fd_sc_hd__o2bb2a_1)
     1    0.02    0.24    0.79    4.40 v _168_/X (sky130_fd_sc_hd__o2bb2a_1)
                                         _069_ (net)
                  0.24    0.00    4.40 v _169_/B (sky130_fd_sc_hd__and2_1)
     1    0.01    0.10    0.46    4.85 v _169_/X (sky130_fd_sc_hd__and2_1)
                                         _070_ (net)
                  0.10    0.00    4.85 v _170_/A (sky130_fd_sc_hd__clkbuf_1)
     1    0.01    0.12    0.24    5.10 v _170_/X (sky130_fd_sc_hd__clkbuf_1)
                                         _062_ (net)
                  0.12    0.00    5.10 v _360_/D (sky130_fd_sc_hd__dfrtp_4)
                                  5.10   data arrival time

                         10.00   10.00   clock clk (rise edge)
                          0.00   10.00   clock source latency
     1    0.02    0.17    0.11   10.11 ^ clk (in)
                                         clk (net)
                  0.17    0.00   10.11 ^ clkbuf_0_clk/A (sky130_fd_sc_hd__clkbuf_16)
     4    0.05    0.11    0.29   10.40 ^ clkbuf_0_clk/X (sky130_fd_sc_hd__clkbuf_16)
                                         clknet_0_clk (net)
                  0.11    0.00   10.40 ^ clkbuf_2_3__f_clk/A (sky130_fd_sc_hd__clkbuf_16)
     8    0.04    0.09    0.25   10.66 ^ clkbuf_2_3__f_clk/X (sky130_fd_sc_hd__clkbuf_16)
                                         clknet_2_3__leaf_clk (net)
                  0.09    0.00   10.66 ^ _360_/CLK (sky130_fd_sc_hd__dfrtp_4)
                         -0.25   10.41   clock uncertainty
                          0.04   10.45   clock reconvergence pessimism
                         -0.29   10.16   library setup time
                                 10.16   data required time
-----------------------------------------------------------------------------
                                 10.16   data required time
                                 -5.10   data arrival time
-----------------------------------------------------------------------------
                                  5.06   slack (MET)


Startpoint: _361_ (rising edge-triggered flip-flop clocked by clk)
Endpoint: _358_ (rising edge-triggered flip-flop clocked by clk)
Path Group: clk
Path Type: max
Corner: Slowest

Fanout     Cap    Slew   Delay    Time   Description
-----------------------------------------------------------------------------
                          0.00    0.00   clock clk (rise edge)
                          0.00    0.00   clock source latency
     1    0.02    0.17    0.12    0.12 ^ clk (in)
                                         clk (net)
                  0.17    0.00    0.12 ^ clkbuf_0_clk/A (sky130_fd_sc_hd__clkbuf_16)
     4    0.05    0.11    0.32    0.45 ^ clkbuf_0_clk/X (sky130_fd_sc_hd__clkbuf_16)
                                         clknet_0_clk (net)
                  0.11    0.00    0.45 ^ clkbuf_2_0__f_clk/A (sky130_fd_sc_hd__clkbuf_16)
     9    0.04    0.10    0.28    0.73 ^ clkbuf_2_0__f_clk/X (sky130_fd_sc_hd__clkbuf_16)
                                         clknet_2_0__leaf_clk (net)
                  0.10    0.00    0.73 ^ _361_/CLK (sky130_fd_sc_hd__dfrtp_4)
     6    0.05    0.21    1.19    1.92 v _361_/Q (sky130_fd_sc_hd__dfrtp_4)
                                         decoder.digit[3] (net)
                  0.21    0.00    1.92 v _165_/A (sky130_fd_sc_hd__nor2_2)
     2    0.03    0.54    0.57    2.49 ^ _165_/Y (sky130_fd_sc_hd__nor2_2)
                                         _066_ (net)
                  0.54    0.00    2.49 ^ _166_/B (sky130_fd_sc_hd__nand2_2)
     3    0.04    0.36    0.51    3.00 v _166_/Y (sky130_fd_sc_hd__nand2_2)
                                         _067_ (net)
                  0.36    0.00    3.00 v _173_/A2 (sky130_fd_sc_hd__a21oi_1)
     1    0.02    0.58    0.68    3.69 ^ _173_/Y (sky130_fd_sc_hd__a21oi_1)
                                         _072_ (net)
                  0.58    0.00    3.69 ^ _174_/B1 (sky130_fd_sc_hd__a21oi_1)
     1    0.01    0.26    0.37    4.05 v _174_/Y (sky130_fd_sc_hd__a21oi_1)
                                         _060_ (net)
                  0.26    0.00    4.05 v _358_/D (sky130_fd_sc_hd__dfrtp_4)
                                  4.05   data arrival time

                         10.00   10.00   clock clk (rise edge)
                          0.00   10.00   clock source latency
     1    0.02    0.17    0.11   10.11 ^ clk (in)
                                         clk (net)
                  0.17    0.00   10.11 ^ clkbuf_0_clk/A (sky130_fd_sc_hd__clkbuf_16)
     4    0.05    0.11    0.29   10.40 ^ clkbuf_0_clk/X (sky130_fd_sc_hd__clkbuf_16)
                                         clknet_0_clk (net)
                  0.11    0.00   10.40 ^ clkbuf_2_2__f_clk/A (sky130_fd_sc_hd__clkbuf_16)
     7    0.05    0.10    0.26   10.66 ^ clkbuf_2_2__f_clk/X (sky130_fd_sc_hd__clkbuf_16)
                                         clknet_2_2__leaf_clk (net)
                  0.10    0.00   10.67 ^ _358_/CLK (sky130_fd_sc_hd__dfrtp_4)
                         -0.25   10.42   clock uncertainty
                          0.04   10.46   clock reconvergence pessimism
                         -0.34   10.11   library setup time
                                 10.11   data required time
-----------------------------------------------------------------------------
                                 10.11   data required time
                                 -4.05   data arrival time
-----------------------------------------------------------------------------
                                  6.06   slack (MET)


Startpoint: _358_ (rising edge-triggered flip-flop clocked by clk)
Endpoint: _361_ (rising edge-triggered flip-flop clocked by clk)
Path Group: clk
Path Type: max
Corner: Slowest

Fanout     Cap    Slew   Delay    Time   Description
-----------------------------------------------------------------------------
                          0.00    0.00   clock clk (rise edge)
                          0.00    0.00   clock source latency
     1    0.02    0.17    0.12    0.12 ^ clk (in)
                                         clk (net)
                  0.17    0.00    0.12 ^ clkbuf_0_clk/A (sky130_fd_sc_hd__clkbuf_16)
     4    0.05    0.11    0.32    0.45 ^ clkbuf_0_clk/X (sky130_fd_sc_hd__clkbuf_16)
                                         clknet_0_clk (net)
                  0.11    0.00    0.45 ^ clkbuf_2_2__f_clk/A (sky130_fd_sc_hd__clkbuf_16)
     7    0.05    0.10    0.29    0.73 ^ clkbuf_2_2__f_clk/X (sky130_fd_sc_hd__clkbuf_16)
                                         clknet_2_2__leaf_clk (net)
                  0.10    0.00    0.74 ^ _358_/CLK (sky130_fd_sc_hd__dfrtp_4)
     8    0.06    0.30    1.07    1.80 ^ _358_/Q (sky130_fd_sc_hd__dfrtp_4)
                                         decoder.digit[0] (net)
                  0.30    0.00    1.81 ^ _162_/C (sky130_fd_sc_hd__and3_2)
     3    0.03    0.29    0.66    2.47 ^ _162_/X (sky130_fd_sc_hd__and3_2)
                                         _064_ (net)
                  0.29    0.00    2.47 ^ _163_/B (sky130_fd_sc_hd__nand2_1)
     2    0.02    0.27    0.35    2.83 v _163_/Y (sky130_fd_sc_hd__nand2_1)
                                         _065_ (net)
                  0.27    0.00    2.83 v _164_/B (sky130_fd_sc_hd__xnor2_1)
     1    0.01    0.18    0.38    3.21 v _164_/Y (sky130_fd_sc_hd__xnor2_1)
                                         _063_ (net)
                  0.18    0.00    3.21 v _361_/D (sky130_fd_sc_hd__dfrtp_4)
                                  3.21   data arrival time

                         10.00   10.00   clock clk (rise edge)
                          0.00   10.00   clock source latency
     1    0.02    0.17    0.11   10.11 ^ clk (in)
                                         clk (net)
                  0.17    0.00   10.11 ^ clkbuf_0_clk/A (sky130_fd_sc_hd__clkbuf_16)
     4    0.05    0.11    0.29   10.40 ^ clkbuf_0_clk/X (sky130_fd_sc_hd__clkbuf_16)
                                         clknet_0_clk (net)
                  0.11    0.00   10.40 ^ clkbuf_2_0__f_clk/A (sky130_fd_sc_hd__clkbuf_16)
     9    0.04    0.10    0.25   10.66 ^ clkbuf_2_0__f_clk/X (sky130_fd_sc_hd__clkbuf_16)
                                         clknet_2_0__leaf_clk (net)
                  0.10    0.00   10.66 ^ _361_/CLK (sky130_fd_sc_hd__dfrtp_4)
                         -0.25   10.41   clock uncertainty
                          0.04   10.45   clock reconvergence pessimism
                         -0.32   10.14   library setup time
                                 10.14   data required time
-----------------------------------------------------------------------------
                                 10.14   data required time
                                 -3.21   data arrival time
-----------------------------------------------------------------------------
                                  6.92   slack (MET)


Startpoint: _358_ (rising edge-triggered flip-flop clocked by clk)
Endpoint: _359_ (rising edge-triggered flip-flop clocked by clk)
Path Group: clk
Path Type: max
Corner: Slowest

Fanout     Cap    Slew   Delay    Time   Description
-----------------------------------------------------------------------------
                          0.00    0.00   clock clk (rise edge)
                          0.00    0.00   clock source latency
     1    0.02    0.17    0.12    0.12 ^ clk (in)
                                         clk (net)
                  0.17    0.00    0.12 ^ clkbuf_0_clk/A (sky130_fd_sc_hd__clkbuf_16)
     4    0.05    0.11    0.32    0.45 ^ clkbuf_0_clk/X (sky130_fd_sc_hd__clkbuf_16)
                                         clknet_0_clk (net)
                  0.11    0.00    0.45 ^ clkbuf_2_2__f_clk/A (sky130_fd_sc_hd__clkbuf_16)
     7    0.05    0.10    0.29    0.73 ^ clkbuf_2_2__f_clk/X (sky130_fd_sc_hd__clkbuf_16)
                                         clknet_2_2__leaf_clk (net)
                  0.10    0.00    0.74 ^ _358_/CLK (sky130_fd_sc_hd__dfrtp_4)
     8    0.05    0.23    1.22    1.95 v _358_/Q (sky130_fd_sc_hd__dfrtp_4)
                                         decoder.digit[0] (net)
                  0.23    0.00    1.96 v _162_/C (sky130_fd_sc_hd__and3_2)
     3    0.03    0.19    0.69    2.64 v _162_/X (sky130_fd_sc_hd__and3_2)
                                         _064_ (net)
                  0.19    0.00    2.64 v _172_/A (sky130_fd_sc_hd__nor2_1)
     1    0.02    0.54    0.54    3.19 ^ _172_/Y (sky130_fd_sc_hd__nor2_1)
                                         _061_ (net)
                  0.54    0.00    3.19 ^ _359_/D (sky130_fd_sc_hd__dfrtp_4)
                                  3.19   data arrival time

                         10.00   10.00   clock clk (rise edge)
                          0.00   10.00   clock source latency
     1    0.02    0.17    0.11   10.11 ^ clk (in)
                                         clk (net)
                  0.17    0.00   10.11 ^ clkbuf_0_clk/A (sky130_fd_sc_hd__clkbuf_16)
     4    0.05    0.11    0.29   10.40 ^ clkbuf_0_clk/X (sky130_fd_sc_hd__clkbuf_16)
                                         clknet_0_clk (net)
                  0.11    0.00   10.40 ^ clkbuf_2_0__f_clk/A (sky130_fd_sc_hd__clkbuf_16)
     9    0.04    0.10    0.25   10.66 ^ clkbuf_2_0__f_clk/X (sky130_fd_sc_hd__clkbuf_16)
                                         clknet_2_0__leaf_clk (net)
                  0.10    0.00   10.66 ^ _359_/CLK (sky130_fd_sc_hd__dfrtp_4)
                         -0.25   10.41   clock uncertainty
                          0.04   10.45   clock reconvergence pessimism
                         -0.25   10.20   library setup time
                                 10.20   data required time
-----------------------------------------------------------------------------
                                 10.20   data required time
                                 -3.19   data arrival time
-----------------------------------------------------------------------------
                                  7.01   slack (MET)


Startpoint: rst (input port clocked by clk)
Endpoint: _340_ (recovery check against rising-edge clock clk)
Path Group: asynchronous
Path Type: max
Corner: Slowest

Fanout     Cap    Slew   Delay    Time   Description
-----------------------------------------------------------------------------
                          0.00    0.00   clock clk (rise edge)
                          0.00    0.00   clock network delay (propagated)
                          2.00    2.00 v input external delay
     1    0.00    0.02    0.01    2.01 v rst (in)
                                         rst (net)
                  0.02    0.00    2.01 v input1/A (sky130_fd_sc_hd__clkbuf_4)
     5    0.07    0.25    0.40    2.41 v input1/X (sky130_fd_sc_hd__clkbuf_4)
                                         net1 (net)
                  0.25    0.00    2.42 v _306_/A (sky130_fd_sc_hd__clkbuf_8)
    10    0.08    0.16    0.45    2.87 v _306_/X (sky130_fd_sc_hd__clkbuf_8)
                                         _160_ (net)
                  0.16    0.01    2.87 v _307_/A (sky130_fd_sc_hd__inv_2)
     1    0.03    0.24    0.28    3.15 ^ _307_/Y (sky130_fd_sc_hd__inv_2)
                                         _038_ (net)
                  0.24    0.00    3.15 ^ _340_/RESET_B (sky130_fd_sc_hd__dfrtp_4)
                                  3.15   data arrival time

                         10.00   10.00   clock clk (rise edge)
                          0.00   10.00   clock source latency
     1    0.02    0.17    0.11   10.11 ^ clk (in)
                                         clk (net)
                  0.17    0.00   10.11 ^ clkbuf_0_clk/A (sky130_fd_sc_hd__clkbuf_16)
     4    0.05    0.11    0.29   10.40 ^ clkbuf_0_clk/X (sky130_fd_sc_hd__clkbuf_16)
                                         clknet_0_clk (net)
                  0.11    0.00   10.40 ^ clkbuf_2_0__f_clk/A (sky130_fd_sc_hd__clkbuf_16)
     9    0.04    0.10    0.25   10.66 ^ clkbuf_2_0__f_clk/X (sky130_fd_sc_hd__clkbuf_16)
                                         clknet_2_0__leaf_clk (net)
                  0.10    0.00   10.66 ^ _340_/CLK (sky130_fd_sc_hd__dfrtp_4)
                         -0.25   10.41   clock uncertainty
                          0.00   10.41   clock reconvergence pessimism
                          0.37   10.78   library recovery time
                                 10.78   data required time
-----------------------------------------------------------------------------
                                 10.78   data required time
                                 -3.15   data arrival time
-----------------------------------------------------------------------------
                                  7.63   slack (MET)


Startpoint: rst (input port clocked by clk)
Endpoint: _336_ (recovery check against rising-edge clock clk)
Path Group: asynchronous
Path Type: max
Corner: Slowest

Fanout     Cap    Slew   Delay    Time   Description
-----------------------------------------------------------------------------
                          0.00    0.00   clock clk (rise edge)
                          0.00    0.00   clock network delay (propagated)
                          2.00    2.00 v input external delay
     1    0.00    0.02    0.01    2.01 v rst (in)
                                         rst (net)
                  0.02    0.00    2.01 v input1/A (sky130_fd_sc_hd__clkbuf_4)
     5    0.07    0.25    0.40    2.41 v input1/X (sky130_fd_sc_hd__clkbuf_4)
                                         net1 (net)
                  0.25    0.00    2.42 v _295_/A (sky130_fd_sc_hd__buf_4)
    10    0.08    0.19    0.49    2.91 v _295_/X (sky130_fd_sc_hd__buf_4)
                                         _159_ (net)
                  0.19    0.00    2.91 v _302_/A (sky130_fd_sc_hd__inv_2)
     1    0.02    0.18    0.24    3.15 ^ _302_/Y (sky130_fd_sc_hd__inv_2)
                                         _034_ (net)
                  0.18    0.00    3.15 ^ _336_/RESET_B (sky130_fd_sc_hd__dfrtp_2)
                                  3.15   data arrival time

                         10.00   10.00   clock clk (rise edge)
                          0.00   10.00   clock source latency
     1    0.02    0.17    0.11   10.11 ^ clk (in)
                                         clk (net)
                  0.17    0.00   10.11 ^ clkbuf_0_clk/A (sky130_fd_sc_hd__clkbuf_16)
     4    0.05    0.11    0.29   10.40 ^ clkbuf_0_clk/X (sky130_fd_sc_hd__clkbuf_16)
                                         clknet_0_clk (net)
                  0.11    0.00   10.40 ^ clkbuf_2_1__f_clk/A (sky130_fd_sc_hd__clkbuf_16)
    11    0.03    0.09    0.25   10.65 ^ clkbuf_2_1__f_clk/X (sky130_fd_sc_hd__clkbuf_16)
                                         clknet_2_1__leaf_clk (net)
                  0.09    0.00   10.65 ^ _336_/CLK (sky130_fd_sc_hd__dfrtp_2)
                         -0.25   10.40   clock uncertainty
                          0.00   10.40   clock reconvergence pessimism
                          0.40   10.80   library recovery time
                                 10.80   data required time
-----------------------------------------------------------------------------
                                 10.80   data required time
                                 -3.15   data arrival time
-----------------------------------------------------------------------------
                                  7.65   slack (MET)


Startpoint: rst (input port clocked by clk)
Endpoint: _330_ (recovery check against rising-edge clock clk)
Path Group: asynchronous
Path Type: max
Corner: Slowest

Fanout     Cap    Slew   Delay    Time   Description
-----------------------------------------------------------------------------
                          0.00    0.00   clock clk (rise edge)
                          0.00    0.00   clock network delay (propagated)
                          2.00    2.00 v input external delay
     1    0.00    0.02    0.01    2.01 v rst (in)
                                         rst (net)
                  0.02    0.00    2.01 v input1/A (sky130_fd_sc_hd__clkbuf_4)
     5    0.07    0.25    0.40    2.41 v input1/X (sky130_fd_sc_hd__clkbuf_4)
                                         net1 (net)
                  0.25    0.00    2.42 v _295_/A (sky130_fd_sc_hd__buf_4)
    10    0.08    0.19    0.49    2.91 v _295_/X (sky130_fd_sc_hd__buf_4)
                                         _159_ (net)
                  0.19    0.00    2.91 v _296_/A (sky130_fd_sc_hd__inv_2)
     1    0.02    0.15    0.22    3.13 ^ _296_/Y (sky130_fd_sc_hd__inv_2)
                                         _028_ (net)
                  0.15    0.00    3.13 ^ _330_/RESET_B (sky130_fd_sc_hd__dfrtp_4)
                                  3.13   data arrival time

                         10.00   10.00   clock clk (rise edge)
                          0.00   10.00   clock source latency
     1    0.02    0.17    0.11   10.11 ^ clk (in)
                                         clk (net)
                  0.17    0.00   10.11 ^ clkbuf_0_clk/A (sky130_fd_sc_hd__clkbuf_16)
     4    0.05    0.11    0.29   10.40 ^ clkbuf_0_clk/X (sky130_fd_sc_hd__clkbuf_16)
                                         clknet_0_clk (net)
                  0.11    0.00   10.40 ^ clkbuf_2_1__f_clk/A (sky130_fd_sc_hd__clkbuf_16)
    11    0.03    0.09    0.25   10.65 ^ clkbuf_2_1__f_clk/X (sky130_fd_sc_hd__clkbuf_16)
                                         clknet_2_1__leaf_clk (net)
                  0.09    0.00   10.65 ^ _330_/CLK (sky130_fd_sc_hd__dfrtp_4)
                         -0.25   10.40   clock uncertainty
                          0.00   10.40   clock reconvergence pessimism
                          0.41   10.81   library recovery time
                                 10.81   data required time
-----------------------------------------------------------------------------
                                 10.81   data required time
                                 -3.13   data arrival time
-----------------------------------------------------------------------------
                                  7.68   slack (MET)


Startpoint: rst (input port clocked by clk)
Endpoint: _332_ (recovery check against rising-edge clock clk)
Path Group: asynchronous
Path Type: max
Corner: Slowest

Fanout     Cap    Slew   Delay    Time   Description
-----------------------------------------------------------------------------
                          0.00    0.00   clock clk (rise edge)
                          0.00    0.00   clock network delay (propagated)
                          2.00    2.00 v input external delay
     1    0.00    0.02    0.01    2.01 v rst (in)
                                         rst (net)
                  0.02    0.00    2.01 v input1/A (sky130_fd_sc_hd__clkbuf_4)
     5    0.07    0.25    0.40    2.41 v input1/X (sky130_fd_sc_hd__clkbuf_4)
                                         net1 (net)
                  0.25    0.00    2.42 v _295_/A (sky130_fd_sc_hd__buf_4)
    10    0.08    0.19    0.49    2.91 v _295_/X (sky130_fd_sc_hd__buf_4)
                                         _159_ (net)
                  0.19    0.00    2.91 v _298_/A (sky130_fd_sc_hd__inv_2)
     1    0.02    0.14    0.21    3.12 ^ _298_/Y (sky130_fd_sc_hd__inv_2)
                                         _030_ (net)
                  0.14    0.00    3.12 ^ _332_/RESET_B (sky130_fd_sc_hd__dfrtp_4)
                                  3.12   data arrival time

                         10.00   10.00   clock clk (rise edge)
                          0.00   10.00   clock source latency
     1    0.02    0.17    0.11   10.11 ^ clk (in)
                                         clk (net)
                  0.17    0.00   10.11 ^ clkbuf_0_clk/A (sky130_fd_sc_hd__clkbuf_16)
     4    0.05    0.11    0.29   10.40 ^ clkbuf_0_clk/X (sky130_fd_sc_hd__clkbuf_16)
                                         clknet_0_clk (net)
                  0.11    0.00   10.40 ^ clkbuf_2_1__f_clk/A (sky130_fd_sc_hd__clkbuf_16)
    11    0.03    0.09    0.25   10.65 ^ clkbuf_2_1__f_clk/X (sky130_fd_sc_hd__clkbuf_16)
                                         clknet_2_1__leaf_clk (net)
                  0.09    0.00   10.65 ^ _332_/CLK (sky130_fd_sc_hd__dfrtp_4)
                         -0.25   10.40   clock uncertainty
                          0.00   10.40   clock reconvergence pessimism
                          0.41   10.81   library recovery time
                                 10.81   data required time
-----------------------------------------------------------------------------
                                 10.81   data required time
                                 -3.12   data arrival time
-----------------------------------------------------------------------------
                                  7.69   slack (MET)


Startpoint: rst (input port clocked by clk)
Endpoint: _339_ (recovery check against rising-edge clock clk)
Path Group: asynchronous
Path Type: max
Corner: Slowest

Fanout     Cap    Slew   Delay    Time   Description
-----------------------------------------------------------------------------
                          0.00    0.00   clock clk (rise edge)
                          0.00    0.00   clock network delay (propagated)
                          2.00    2.00 v input external delay
     1    0.00    0.02    0.01    2.01 v rst (in)
                                         rst (net)
                  0.02    0.00    2.01 v input1/A (sky130_fd_sc_hd__clkbuf_4)
     5    0.07    0.25    0.40    2.41 v input1/X (sky130_fd_sc_hd__clkbuf_4)
                                         net1 (net)
                  0.25    0.00    2.42 v _295_/A (sky130_fd_sc_hd__buf_4)
    10    0.08    0.19    0.49    2.91 v _295_/X (sky130_fd_sc_hd__buf_4)
                                         _159_ (net)
                  0.19    0.00    2.91 v _305_/A (sky130_fd_sc_hd__inv_2)
     1    0.02    0.15    0.22    3.13 ^ _305_/Y (sky130_fd_sc_hd__inv_2)
                                         _037_ (net)
                  0.15    0.00    3.13 ^ _339_/RESET_B (sky130_fd_sc_hd__dfrtp_2)
                                  3.13   data arrival time

                         10.00   10.00   clock clk (rise edge)
                          0.00   10.00   clock source latency
     1    0.02    0.17    0.11   10.11 ^ clk (in)
                                         clk (net)
                  0.17    0.00   10.11 ^ clkbuf_0_clk/A (sky130_fd_sc_hd__clkbuf_16)
     4    0.05    0.11    0.29   10.40 ^ clkbuf_0_clk/X (sky130_fd_sc_hd__clkbuf_16)
                                         clknet_0_clk (net)
                  0.11    0.00   10.40 ^ clkbuf_2_0__f_clk/A (sky130_fd_sc_hd__clkbuf_16)
     9    0.04    0.10    0.25   10.66 ^ clkbuf_2_0__f_clk/X (sky130_fd_sc_hd__clkbuf_16)
                                         clknet_2_0__leaf_clk (net)
                  0.10    0.00   10.66 ^ _339_/CLK (sky130_fd_sc_hd__dfrtp_2)
                         -0.25   10.41   clock uncertainty
                          0.00   10.41   clock reconvergence pessimism
                          0.42   10.83   library recovery time
                                 10.83   data required time
-----------------------------------------------------------------------------
                                 10.83   data required time
                                 -3.13   data arrival time
-----------------------------------------------------------------------------
                                  7.69   slack (MET)


Startpoint: rst (input port clocked by clk)
Endpoint: _338_ (recovery check against rising-edge clock clk)
Path Group: asynchronous
Path Type: max
Corner: Slowest

Fanout     Cap    Slew   Delay    Time   Description
-----------------------------------------------------------------------------
                          0.00    0.00   clock clk (rise edge)
                          0.00    0.00   clock network delay (propagated)
                          2.00    2.00 v input external delay
     1    0.00    0.02    0.01    2.01 v rst (in)
                                         rst (net)
                  0.02    0.00    2.01 v input1/A (sky130_fd_sc_hd__clkbuf_4)
     5    0.07    0.25    0.40    2.41 v input1/X (sky130_fd_sc_hd__clkbuf_4)
                                         net1 (net)
                  0.25    0.00    2.42 v _295_/A (sky130_fd_sc_hd__buf_4)
    10    0.08    0.19    0.49    2.91 v _295_/X (sky130_fd_sc_hd__buf_4)
                                         _159_ (net)
                  0.19    0.00    2.91 v _304_/A (sky130_fd_sc_hd__inv_2)
     1    0.02    0.14    0.21    3.12 ^ _304_/Y (sky130_fd_sc_hd__inv_2)
                                         _036_ (net)
                  0.14    0.00    3.12 ^ _338_/RESET_B (sky130_fd_sc_hd__dfrtp_4)
                                  3.12   data arrival time

                         10.00   10.00   clock clk (rise edge)
                          0.00   10.00   clock source latency
     1    0.02    0.17    0.11   10.11 ^ clk (in)
                                         clk (net)
                  0.17    0.00   10.11 ^ clkbuf_0_clk/A (sky130_fd_sc_hd__clkbuf_16)
     4    0.05    0.11    0.29   10.40 ^ clkbuf_0_clk/X (sky130_fd_sc_hd__clkbuf_16)
                                         clknet_0_clk (net)
                  0.11    0.00   10.40 ^ clkbuf_2_3__f_clk/A (sky130_fd_sc_hd__clkbuf_16)
     8    0.04    0.09    0.25   10.66 ^ clkbuf_2_3__f_clk/X (sky130_fd_sc_hd__clkbuf_16)
                                         clknet_2_3__leaf_clk (net)
                  0.09    0.00   10.66 ^ _338_/CLK (sky130_fd_sc_hd__dfrtp_4)
                         -0.25   10.41   clock uncertainty
                          0.00   10.41   clock reconvergence pessimism
                          0.42   10.82   library recovery time
                                 10.82   data required time
-----------------------------------------------------------------------------
                                 10.82   data required time
                                 -3.12   data arrival time
-----------------------------------------------------------------------------
                                  7.71   slack (MET)


Startpoint: rst (input port clocked by clk)
Endpoint: _348_ (recovery check against rising-edge clock clk)
Path Group: asynchronous
Path Type: max
Corner: Slowest

Fanout     Cap    Slew   Delay    Time   Description
-----------------------------------------------------------------------------
                          0.00    0.00   clock clk (rise edge)
                          0.00    0.00   clock network delay (propagated)
                          2.00    2.00 v input external delay
     1    0.00    0.02    0.01    2.01 v rst (in)
                                         rst (net)
                  0.02    0.00    2.01 v input1/A (sky130_fd_sc_hd__clkbuf_4)
     5    0.07    0.25    0.40    2.41 v input1/X (sky130_fd_sc_hd__clkbuf_4)
                                         net1 (net)
                  0.25    0.00    2.42 v _306_/A (sky130_fd_sc_hd__clkbuf_8)
    10    0.08    0.16    0.45    2.87 v _306_/X (sky130_fd_sc_hd__clkbuf_8)
                                         _160_ (net)
                  0.16    0.01    2.87 v _315_/A (sky130_fd_sc_hd__inv_2)
     1    0.02    0.17    0.22    3.09 ^ _315_/Y (sky130_fd_sc_hd__inv_2)
                                         _046_ (net)
                  0.17    0.00    3.09 ^ _348_/RESET_B (sky130_fd_sc_hd__dfrtp_4)
                                  3.09   data arrival time

                         10.00   10.00   clock clk (rise edge)
                          0.00   10.00   clock source latency
     1    0.02    0.17    0.11   10.11 ^ clk (in)
                                         clk (net)
                  0.17    0.00   10.11 ^ clkbuf_0_clk/A (sky130_fd_sc_hd__clkbuf_16)
     4    0.05    0.11    0.29   10.40 ^ clkbuf_0_clk/X (sky130_fd_sc_hd__clkbuf_16)
                                         clknet_0_clk (net)
                  0.11    0.00   10.40 ^ clkbuf_2_0__f_clk/A (sky130_fd_sc_hd__clkbuf_16)
     9    0.04    0.10    0.25   10.66 ^ clkbuf_2_0__f_clk/X (sky130_fd_sc_hd__clkbuf_16)
                                         clknet_2_0__leaf_clk (net)
                  0.10    0.00   10.66 ^ _348_/CLK (sky130_fd_sc_hd__dfrtp_4)
                         -0.25   10.41   clock uncertainty
                          0.00   10.41   clock reconvergence pessimism
                          0.41   10.82   library recovery time
                                 10.82   data required time
-----------------------------------------------------------------------------
                                 10.82   data required time
                                 -3.09   data arrival time
-----------------------------------------------------------------------------
                                  7.72   slack (MET)


Startpoint: rst (input port clocked by clk)
Endpoint: _347_ (recovery check against rising-edge clock clk)
Path Group: asynchronous
Path Type: max
Corner: Slowest

Fanout     Cap    Slew   Delay    Time   Description
-----------------------------------------------------------------------------
                          0.00    0.00   clock clk (rise edge)
                          0.00    0.00   clock network delay (propagated)
                          2.00    2.00 v input external delay
     1    0.00    0.02    0.01    2.01 v rst (in)
                                         rst (net)
                  0.02    0.00    2.01 v input1/A (sky130_fd_sc_hd__clkbuf_4)
     5    0.07    0.25    0.40    2.41 v input1/X (sky130_fd_sc_hd__clkbuf_4)
                                         net1 (net)
                  0.25    0.00    2.42 v _306_/A (sky130_fd_sc_hd__clkbuf_8)
    10    0.08    0.16    0.45    2.87 v _306_/X (sky130_fd_sc_hd__clkbuf_8)
                                         _160_ (net)
                  0.16    0.01    2.87 v _314_/A (sky130_fd_sc_hd__inv_2)
     1    0.02    0.14    0.19    3.06 ^ _314_/Y (sky130_fd_sc_hd__inv_2)
                                         _045_ (net)
                  0.14    0.00    3.06 ^ _347_/RESET_B (sky130_fd_sc_hd__dfrtp_4)
                                  3.06   data arrival time

                         10.00   10.00   clock clk (rise edge)
                          0.00   10.00   clock source latency
     1    0.02    0.17    0.11   10.11 ^ clk (in)
                                         clk (net)
                  0.17    0.00   10.11 ^ clkbuf_0_clk/A (sky130_fd_sc_hd__clkbuf_16)
     4    0.05    0.11    0.29   10.40 ^ clkbuf_0_clk/X (sky130_fd_sc_hd__clkbuf_16)
                                         clknet_0_clk (net)
                  0.11    0.00   10.40 ^ clkbuf_2_1__f_clk/A (sky130_fd_sc_hd__clkbuf_16)
    11    0.03    0.09    0.25   10.65 ^ clkbuf_2_1__f_clk/X (sky130_fd_sc_hd__clkbuf_16)
                                         clknet_2_1__leaf_clk (net)
                  0.09    0.00   10.65 ^ _347_/CLK (sky130_fd_sc_hd__dfrtp_4)
                         -0.25   10.40   clock uncertainty
                          0.00   10.40   clock reconvergence pessimism
                          0.42   10.82   library recovery time
                                 10.82   data required time
-----------------------------------------------------------------------------
                                 10.82   data required time
                                 -3.06   data arrival time
-----------------------------------------------------------------------------
                                  7.76   slack (MET)


Startpoint: rst (input port clocked by clk)
Endpoint: _356_ (recovery check against rising-edge clock clk)
Path Group: asynchronous
Path Type: max
Corner: Slowest

Fanout     Cap    Slew   Delay    Time   Description
-----------------------------------------------------------------------------
                          0.00    0.00   clock clk (rise edge)
                          0.00    0.00   clock network delay (propagated)
                          2.00    2.00 v input external delay
     1    0.00    0.02    0.01    2.01 v rst (in)
                                         rst (net)
                  0.02    0.00    2.01 v input1/A (sky130_fd_sc_hd__clkbuf_4)
     5    0.07    0.25    0.40    2.41 v input1/X (sky130_fd_sc_hd__clkbuf_4)
                                         net1 (net)
                  0.25    0.00    2.42 v _317_/A (sky130_fd_sc_hd__clkbuf_8)
    10    0.07    0.15    0.44    2.86 v _317_/X (sky130_fd_sc_hd__clkbuf_8)
                                         _161_ (net)
                  0.15    0.00    2.86 v _324_/A (sky130_fd_sc_hd__inv_2)
     1    0.02    0.17    0.21    3.07 ^ _324_/Y (sky130_fd_sc_hd__inv_2)
                                         _054_ (net)
                  0.17    0.00    3.08 ^ _356_/RESET_B (sky130_fd_sc_hd__dfrtp_1)
                                  3.08   data arrival time

                         10.00   10.00   clock clk (rise edge)
                          0.00   10.00   clock source latency
     1    0.02    0.17    0.11   10.11 ^ clk (in)
                                         clk (net)
                  0.17    0.00   10.11 ^ clkbuf_0_clk/A (sky130_fd_sc_hd__clkbuf_16)
     4    0.05    0.11    0.29   10.40 ^ clkbuf_0_clk/X (sky130_fd_sc_hd__clkbuf_16)
                                         clknet_0_clk (net)
                  0.11    0.00   10.40 ^ clkbuf_2_1__f_clk/A (sky130_fd_sc_hd__clkbuf_16)
    11    0.03    0.09    0.25   10.65 ^ clkbuf_2_1__f_clk/X (sky130_fd_sc_hd__clkbuf_16)
                                         clknet_2_1__leaf_clk (net)
                  0.09    0.00   10.65 ^ _356_/CLK (sky130_fd_sc_hd__dfrtp_1)
                         -0.25   10.40   clock uncertainty
                          0.00   10.40   clock reconvergence pessimism
                          0.43   10.83   library recovery time
                                 10.83   data required time
-----------------------------------------------------------------------------
                                 10.83   data required time
                                 -3.08   data arrival time
-----------------------------------------------------------------------------
                                  7.76   slack (MET)


Startpoint: rst (input port clocked by clk)
Endpoint: _337_ (recovery check against rising-edge clock clk)
Path Group: asynchronous
Path Type: max
Corner: Slowest

Fanout     Cap    Slew   Delay    Time   Description
-----------------------------------------------------------------------------
                          0.00    0.00   clock clk (rise edge)
                          0.00    0.00   clock network delay (propagated)
                          2.00    2.00 v input external delay
     1    0.00    0.02    0.01    2.01 v rst (in)
                                         rst (net)
                  0.02    0.00    2.01 v input1/A (sky130_fd_sc_hd__clkbuf_4)
     5    0.07    0.25    0.40    2.41 v input1/X (sky130_fd_sc_hd__clkbuf_4)
                                         net1 (net)
                  0.25    0.00    2.42 v _295_/A (sky130_fd_sc_hd__buf_4)
    10    0.08    0.19    0.49    2.91 v _295_/X (sky130_fd_sc_hd__buf_4)
                                         _159_ (net)
                  0.19    0.00    2.91 v _303_/A (sky130_fd_sc_hd__inv_2)
     1    0.01    0.10    0.16    3.07 ^ _303_/Y (sky130_fd_sc_hd__inv_2)
                                         _035_ (net)
                  0.10    0.00    3.07 ^ _337_/RESET_B (sky130_fd_sc_hd__dfrtp_2)
                                  3.07   data arrival time

                         10.00   10.00   clock clk (rise edge)
                          0.00   10.00   clock source latency
     1    0.02    0.17    0.11   10.11 ^ clk (in)
                                         clk (net)
                  0.17    0.00   10.11 ^ clkbuf_0_clk/A (sky130_fd_sc_hd__clkbuf_16)
     4    0.05    0.11    0.29   10.40 ^ clkbuf_0_clk/X (sky130_fd_sc_hd__clkbuf_16)
                                         clknet_0_clk (net)
                  0.11    0.00   10.40 ^ clkbuf_2_1__f_clk/A (sky130_fd_sc_hd__clkbuf_16)
    11    0.03    0.09    0.25   10.65 ^ clkbuf_2_1__f_clk/X (sky130_fd_sc_hd__clkbuf_16)
                                         clknet_2_1__leaf_clk (net)
                  0.09    0.00   10.65 ^ _337_/CLK (sky130_fd_sc_hd__dfrtp_2)
                         -0.25   10.40   clock uncertainty
                          0.00   10.40   clock reconvergence pessimism
                          0.44   10.84   library recovery time
                                 10.84   data required time
-----------------------------------------------------------------------------
                                 10.84   data required time
                                 -3.07   data arrival time
-----------------------------------------------------------------------------
                                  7.76   slack (MET)


Startpoint: rst (input port clocked by clk)
Endpoint: _333_ (recovery check against rising-edge clock clk)
Path Group: asynchronous
Path Type: max
Corner: Slowest

Fanout     Cap    Slew   Delay    Time   Description
-----------------------------------------------------------------------------
                          0.00    0.00   clock clk (rise edge)
                          0.00    0.00   clock network delay (propagated)
                          2.00    2.00 v input external delay
     1    0.00    0.02    0.01    2.01 v rst (in)
                                         rst (net)
                  0.02    0.00    2.01 v input1/A (sky130_fd_sc_hd__clkbuf_4)
     5    0.07    0.25    0.40    2.41 v input1/X (sky130_fd_sc_hd__clkbuf_4)
                                         net1 (net)
                  0.25    0.00    2.42 v _295_/A (sky130_fd_sc_hd__buf_4)
    10    0.08    0.19    0.49    2.91 v _295_/X (sky130_fd_sc_hd__buf_4)
                                         _159_ (net)
                  0.19    0.00    2.91 v _299_/A (sky130_fd_sc_hd__inv_2)
     1    0.01    0.12    0.18    3.09 ^ _299_/Y (sky130_fd_sc_hd__inv_2)
                                         _031_ (net)
                  0.12    0.00    3.09 ^ _333_/RESET_B (sky130_fd_sc_hd__dfrtp_1)
                                  3.09   data arrival time

                         10.00   10.00   clock clk (rise edge)
                          0.00   10.00   clock source latency
     1    0.02    0.17    0.11   10.11 ^ clk (in)
                                         clk (net)
                  0.17    0.00   10.11 ^ clkbuf_0_clk/A (sky130_fd_sc_hd__clkbuf_16)
     4    0.05    0.11    0.29   10.40 ^ clkbuf_0_clk/X (sky130_fd_sc_hd__clkbuf_16)
                                         clknet_0_clk (net)
                  0.11    0.00   10.40 ^ clkbuf_2_3__f_clk/A (sky130_fd_sc_hd__clkbuf_16)
     8    0.04    0.09    0.25   10.66 ^ clkbuf_2_3__f_clk/X (sky130_fd_sc_hd__clkbuf_16)
                                         clknet_2_3__leaf_clk (net)
                  0.09    0.00   10.66 ^ _333_/CLK (sky130_fd_sc_hd__dfrtp_1)
                         -0.25   10.41   clock uncertainty
                          0.00   10.41   clock reconvergence pessimism
                          0.45   10.86   library recovery time
                                 10.86   data required time
-----------------------------------------------------------------------------
                                 10.86   data required time
                                 -3.09   data arrival time
-----------------------------------------------------------------------------
                                  7.76   slack (MET)


Startpoint: rst (input port clocked by clk)
Endpoint: _344_ (recovery check against rising-edge clock clk)
Path Group: asynchronous
Path Type: max
Corner: Slowest

Fanout     Cap    Slew   Delay    Time   Description
-----------------------------------------------------------------------------
                          0.00    0.00   clock clk (rise edge)
                          0.00    0.00   clock network delay (propagated)
                          2.00    2.00 v input external delay
     1    0.00    0.02    0.01    2.01 v rst (in)
                                         rst (net)
                  0.02    0.00    2.01 v input1/A (sky130_fd_sc_hd__clkbuf_4)
     5    0.07    0.25    0.40    2.41 v input1/X (sky130_fd_sc_hd__clkbuf_4)
                                         net1 (net)
                  0.25    0.00    2.42 v _306_/A (sky130_fd_sc_hd__clkbuf_8)
    10    0.08    0.16    0.45    2.87 v _306_/X (sky130_fd_sc_hd__clkbuf_8)
                                         _160_ (net)
                  0.16    0.01    2.87 v _311_/A (sky130_fd_sc_hd__inv_2)
     1    0.02    0.14    0.20    3.07 ^ _311_/Y (sky130_fd_sc_hd__inv_2)
                                         _042_ (net)
                  0.14    0.00    3.07 ^ _344_/RESET_B (sky130_fd_sc_hd__dfrtp_1)
                                  3.07   data arrival time

                         10.00   10.00   clock clk (rise edge)
                          0.00   10.00   clock source latency
     1    0.02    0.17    0.11   10.11 ^ clk (in)
                                         clk (net)
                  0.17    0.00   10.11 ^ clkbuf_0_clk/A (sky130_fd_sc_hd__clkbuf_16)
     4    0.05    0.11    0.29   10.40 ^ clkbuf_0_clk/X (sky130_fd_sc_hd__clkbuf_16)
                                         clknet_0_clk (net)
                  0.11    0.00   10.40 ^ clkbuf_2_1__f_clk/A (sky130_fd_sc_hd__clkbuf_16)
    11    0.03    0.09    0.25   10.65 ^ clkbuf_2_1__f_clk/X (sky130_fd_sc_hd__clkbuf_16)
                                         clknet_2_1__leaf_clk (net)
                  0.09    0.00   10.65 ^ _344_/CLK (sky130_fd_sc_hd__dfrtp_1)
                         -0.25   10.40   clock uncertainty
                          0.00   10.40   clock reconvergence pessimism
                          0.44   10.84   library recovery time
                                 10.84   data required time
-----------------------------------------------------------------------------
                                 10.84   data required time
                                 -3.07   data arrival time
-----------------------------------------------------------------------------
                                  7.77   slack (MET)


Startpoint: rst (input port clocked by clk)
Endpoint: _343_ (recovery check against rising-edge clock clk)
Path Group: asynchronous
Path Type: max
Corner: Slowest

Fanout     Cap    Slew   Delay    Time   Description
-----------------------------------------------------------------------------
                          0.00    0.00   clock clk (rise edge)
                          0.00    0.00   clock network delay (propagated)
                          2.00    2.00 v input external delay
     1    0.00    0.02    0.01    2.01 v rst (in)
                                         rst (net)
                  0.02    0.00    2.01 v input1/A (sky130_fd_sc_hd__clkbuf_4)
     5    0.07    0.25    0.40    2.41 v input1/X (sky130_fd_sc_hd__clkbuf_4)
                                         net1 (net)
                  0.25    0.00    2.42 v _306_/A (sky130_fd_sc_hd__clkbuf_8)
    10    0.08    0.16    0.45    2.87 v _306_/X (sky130_fd_sc_hd__clkbuf_8)
                                         _160_ (net)
                  0.16    0.01    2.87 v _310_/A (sky130_fd_sc_hd__inv_2)
     1    0.02    0.15    0.21    3.08 ^ _310_/Y (sky130_fd_sc_hd__inv_2)
                                         _041_ (net)
                  0.15    0.00    3.08 ^ _343_/RESET_B (sky130_fd_sc_hd__dfrtp_1)
                                  3.08   data arrival time

                         10.00   10.00   clock clk (rise edge)
                          0.00   10.00   clock source latency
     1    0.02    0.17    0.11   10.11 ^ clk (in)
                                         clk (net)
                  0.17    0.00   10.11 ^ clkbuf_0_clk/A (sky130_fd_sc_hd__clkbuf_16)
     4    0.05    0.11    0.29   10.40 ^ clkbuf_0_clk/X (sky130_fd_sc_hd__clkbuf_16)
                                         clknet_0_clk (net)
                  0.11    0.00   10.40 ^ clkbuf_2_0__f_clk/A (sky130_fd_sc_hd__clkbuf_16)
     9    0.04    0.10    0.25   10.66 ^ clkbuf_2_0__f_clk/X (sky130_fd_sc_hd__clkbuf_16)
                                         clknet_2_0__leaf_clk (net)
                  0.10    0.00   10.66 ^ _343_/CLK (sky130_fd_sc_hd__dfrtp_1)
                         -0.25   10.41   clock uncertainty
                          0.00   10.41   clock reconvergence pessimism
                          0.44   10.85   library recovery time
                                 10.85   data required time
-----------------------------------------------------------------------------
                                 10.85   data required time
                                 -3.08   data arrival time
-----------------------------------------------------------------------------
                                  7.77   slack (MET)


Startpoint: rst (input port clocked by clk)
Endpoint: _350_ (recovery check against rising-edge clock clk)
Path Group: asynchronous
Path Type: max
Corner: Slowest

Fanout     Cap    Slew   Delay    Time   Description
-----------------------------------------------------------------------------
                          0.00    0.00   clock clk (rise edge)
                          0.00    0.00   clock network delay (propagated)
                          2.00    2.00 v input external delay
     1    0.00    0.02    0.01    2.01 v rst (in)
                                         rst (net)
                  0.02    0.00    2.01 v input1/A (sky130_fd_sc_hd__clkbuf_4)
     5    0.07    0.25    0.40    2.41 v input1/X (sky130_fd_sc_hd__clkbuf_4)
                                         net1 (net)
                  0.25    0.00    2.42 v _317_/A (sky130_fd_sc_hd__clkbuf_8)
    10    0.07    0.15    0.44    2.86 v _317_/X (sky130_fd_sc_hd__clkbuf_8)
                                         _161_ (net)
                  0.15    0.00    2.86 v _318_/A (sky130_fd_sc_hd__inv_2)
     1    0.02    0.14    0.19    3.05 ^ _318_/Y (sky130_fd_sc_hd__inv_2)
                                         _048_ (net)
                  0.14    0.00    3.05 ^ _350_/RESET_B (sky130_fd_sc_hd__dfrtp_2)
                                  3.05   data arrival time

                         10.00   10.00   clock clk (rise edge)
                          0.00   10.00   clock source latency
     1    0.02    0.17    0.11   10.11 ^ clk (in)
                                         clk (net)
                  0.17    0.00   10.11 ^ clkbuf_0_clk/A (sky130_fd_sc_hd__clkbuf_16)
     4    0.05    0.11    0.29   10.40 ^ clkbuf_0_clk/X (sky130_fd_sc_hd__clkbuf_16)
                                         clknet_0_clk (net)
                  0.11    0.00   10.40 ^ clkbuf_2_3__f_clk/A (sky130_fd_sc_hd__clkbuf_16)
     8    0.04    0.09    0.25   10.66 ^ clkbuf_2_3__f_clk/X (sky130_fd_sc_hd__clkbuf_16)
                                         clknet_2_3__leaf_clk (net)
                  0.09    0.00   10.66 ^ _350_/CLK (sky130_fd_sc_hd__dfrtp_2)
                         -0.25   10.41   clock uncertainty
                          0.00   10.41   clock reconvergence pessimism
                          0.42   10.83   library recovery time
                                 10.83   data required time
-----------------------------------------------------------------------------
                                 10.83   data required time
                                 -3.05   data arrival time
-----------------------------------------------------------------------------
                                  7.78   slack (MET)


Startpoint: rst (input port clocked by clk)
Endpoint: _334_ (recovery check against rising-edge clock clk)
Path Group: asynchronous
Path Type: max
Corner: Slowest

Fanout     Cap    Slew   Delay    Time   Description
-----------------------------------------------------------------------------
                          0.00    0.00   clock clk (rise edge)
                          0.00    0.00   clock network delay (propagated)
                          2.00    2.00 v input external delay
     1    0.00    0.02    0.01    2.01 v rst (in)
                                         rst (net)
                  0.02    0.00    2.01 v input1/A (sky130_fd_sc_hd__clkbuf_4)
     5    0.07    0.25    0.40    2.41 v input1/X (sky130_fd_sc_hd__clkbuf_4)
                                         net1 (net)
                  0.25    0.00    2.42 v _295_/A (sky130_fd_sc_hd__buf_4)
    10    0.08    0.19    0.49    2.91 v _295_/X (sky130_fd_sc_hd__buf_4)
                                         _159_ (net)
                  0.19    0.00    2.91 v _300_/A (sky130_fd_sc_hd__inv_2)
     1    0.01    0.09    0.15    3.06 ^ _300_/Y (sky130_fd_sc_hd__inv_2)
                                         _032_ (net)
                  0.09    0.00    3.06 ^ _334_/RESET_B (sky130_fd_sc_hd__dfrtp_4)
                                  3.06   data arrival time

                         10.00   10.00   clock clk (rise edge)
                          0.00   10.00   clock source latency
     1    0.02    0.17    0.11   10.11 ^ clk (in)
                                         clk (net)
                  0.17    0.00   10.11 ^ clkbuf_0_clk/A (sky130_fd_sc_hd__clkbuf_16)
     4    0.05    0.11    0.29   10.40 ^ clkbuf_0_clk/X (sky130_fd_sc_hd__clkbuf_16)
                                         clknet_0_clk (net)
                  0.11    0.00   10.40 ^ clkbuf_2_1__f_clk/A (sky130_fd_sc_hd__clkbuf_16)
    11    0.03    0.09    0.25   10.65 ^ clkbuf_2_1__f_clk/X (sky130_fd_sc_hd__clkbuf_16)
                                         clknet_2_1__leaf_clk (net)
                  0.09    0.00   10.65 ^ _334_/CLK (sky130_fd_sc_hd__dfrtp_4)
                         -0.25   10.40   clock uncertainty
                          0.00   10.40   clock reconvergence pessimism
                          0.44   10.84   library recovery time
                                 10.84   data required time
-----------------------------------------------------------------------------
                                 10.84   data required time
                                 -3.06   data arrival time
-----------------------------------------------------------------------------
                                  7.78   slack (MET)


Startpoint: rst (input port clocked by clk)
Endpoint: _358_ (recovery check against rising-edge clock clk)
Path Group: asynchronous
Path Type: max
Corner: Slowest

Fanout     Cap    Slew   Delay    Time   Description
-----------------------------------------------------------------------------
                          0.00    0.00   clock clk (rise edge)
                          0.00    0.00   clock network delay (propagated)
                          2.00    2.00 v input external delay
     1    0.00    0.02    0.01    2.01 v rst (in)
                                         rst (net)
                  0.02    0.00    2.01 v input1/A (sky130_fd_sc_hd__clkbuf_4)
     5    0.07    0.25    0.40    2.41 v input1/X (sky130_fd_sc_hd__clkbuf_4)
                                         net1 (net)
                  0.25    0.00    2.42 v _317_/A (sky130_fd_sc_hd__clkbuf_8)
    10    0.07    0.15    0.44    2.86 v _317_/X (sky130_fd_sc_hd__clkbuf_8)
                                         _161_ (net)
                  0.15    0.00    2.86 v _326_/A (sky130_fd_sc_hd__inv_2)
     1    0.02    0.13    0.18    3.05 ^ _326_/Y (sky130_fd_sc_hd__inv_2)
                                         _056_ (net)
                  0.13    0.00    3.05 ^ _358_/RESET_B (sky130_fd_sc_hd__dfrtp_4)
                                  3.05   data arrival time

                         10.00   10.00   clock clk (rise edge)
                          0.00   10.00   clock source latency
     1    0.02    0.17    0.11   10.11 ^ clk (in)
                                         clk (net)
                  0.17    0.00   10.11 ^ clkbuf_0_clk/A (sky130_fd_sc_hd__clkbuf_16)
     4    0.05    0.11    0.29   10.40 ^ clkbuf_0_clk/X (sky130_fd_sc_hd__clkbuf_16)
                                         clknet_0_clk (net)
                  0.11    0.00   10.40 ^ clkbuf_2_2__f_clk/A (sky130_fd_sc_hd__clkbuf_16)
     7    0.05    0.10    0.26   10.66 ^ clkbuf_2_2__f_clk/X (sky130_fd_sc_hd__clkbuf_16)
                                         clknet_2_2__leaf_clk (net)
                  0.10    0.00   10.67 ^ _358_/CLK (sky130_fd_sc_hd__dfrtp_4)
                         -0.25   10.42   clock uncertainty
                          0.00   10.42   clock reconvergence pessimism
                          0.43   10.84   library recovery time
                                 10.84   data required time
-----------------------------------------------------------------------------
                                 10.84   data required time
                                 -3.05   data arrival time
-----------------------------------------------------------------------------
                                  7.80   slack (MET)


Startpoint: rst (input port clocked by clk)
Endpoint: _349_ (recovery check against rising-edge clock clk)
Path Group: asynchronous
Path Type: max
Corner: Slowest

Fanout     Cap    Slew   Delay    Time   Description
-----------------------------------------------------------------------------
                          0.00    0.00   clock clk (rise edge)
                          0.00    0.00   clock network delay (propagated)
                          2.00    2.00 v input external delay
     1    0.00    0.02    0.01    2.01 v rst (in)
                                         rst (net)
                  0.02    0.00    2.01 v input1/A (sky130_fd_sc_hd__clkbuf_4)
     5    0.07    0.25    0.40    2.41 v input1/X (sky130_fd_sc_hd__clkbuf_4)
                                         net1 (net)
                  0.25    0.00    2.42 v _306_/A (sky130_fd_sc_hd__clkbuf_8)
    10    0.08    0.16    0.45    2.87 v _306_/X (sky130_fd_sc_hd__clkbuf_8)
                                         _160_ (net)
                  0.16    0.00    2.87 v _316_/A (sky130_fd_sc_hd__inv_2)
     1    0.01    0.11    0.17    3.04 ^ _316_/Y (sky130_fd_sc_hd__inv_2)
                                         _047_ (net)
                  0.11    0.00    3.04 ^ _349_/RESET_B (sky130_fd_sc_hd__dfrtp_2)
                                  3.04   data arrival time

                         10.00   10.00   clock clk (rise edge)
                          0.00   10.00   clock source latency
     1    0.02    0.17    0.11   10.11 ^ clk (in)
                                         clk (net)
                  0.17    0.00   10.11 ^ clkbuf_0_clk/A (sky130_fd_sc_hd__clkbuf_16)
     4    0.05    0.11    0.29   10.40 ^ clkbuf_0_clk/X (sky130_fd_sc_hd__clkbuf_16)
                                         clknet_0_clk (net)
                  0.11    0.00   10.40 ^ clkbuf_2_3__f_clk/A (sky130_fd_sc_hd__clkbuf_16)
     8    0.04    0.09    0.25   10.66 ^ clkbuf_2_3__f_clk/X (sky130_fd_sc_hd__clkbuf_16)
                                         clknet_2_3__leaf_clk (net)
                  0.09    0.00   10.66 ^ _349_/CLK (sky130_fd_sc_hd__dfrtp_2)
                         -0.25   10.41   clock uncertainty
                          0.00   10.41   clock reconvergence pessimism
                          0.43   10.84   library recovery time
                                 10.84   data required time
-----------------------------------------------------------------------------
                                 10.84   data required time
                                 -3.04   data arrival time
-----------------------------------------------------------------------------
                                  7.80   slack (MET)


Startpoint: rst (input port clocked by clk)
Endpoint: _354_ (recovery check against rising-edge clock clk)
Path Group: asynchronous
Path Type: max
Corner: Slowest

Fanout     Cap    Slew   Delay    Time   Description
-----------------------------------------------------------------------------
                          0.00    0.00   clock clk (rise edge)
                          0.00    0.00   clock network delay (propagated)
                          2.00    2.00 v input external delay
     1    0.00    0.02    0.01    2.01 v rst (in)
                                         rst (net)
                  0.02    0.00    2.01 v input1/A (sky130_fd_sc_hd__clkbuf_4)
     5    0.07    0.25    0.40    2.41 v input1/X (sky130_fd_sc_hd__clkbuf_4)
                                         net1 (net)
                  0.25    0.00    2.42 v _317_/A (sky130_fd_sc_hd__clkbuf_8)
    10    0.07    0.15    0.44    2.86 v _317_/X (sky130_fd_sc_hd__clkbuf_8)
                                         _161_ (net)
                  0.15    0.00    2.86 v _322_/A (sky130_fd_sc_hd__inv_2)
     1    0.01    0.12    0.17    3.04 ^ _322_/Y (sky130_fd_sc_hd__inv_2)
                                         _052_ (net)
                  0.12    0.00    3.04 ^ _354_/RESET_B (sky130_fd_sc_hd__dfrtp_4)
                                  3.04   data arrival time

                         10.00   10.00   clock clk (rise edge)
                          0.00   10.00   clock source latency
     1    0.02    0.17    0.11   10.11 ^ clk (in)
                                         clk (net)
                  0.17    0.00   10.11 ^ clkbuf_0_clk/A (sky130_fd_sc_hd__clkbuf_16)
     4    0.05    0.11    0.29   10.40 ^ clkbuf_0_clk/X (sky130_fd_sc_hd__clkbuf_16)
                                         clknet_0_clk (net)
                  0.11    0.00   10.40 ^ clkbuf_2_3__f_clk/A (sky130_fd_sc_hd__clkbuf_16)
     8    0.04    0.09    0.25   10.66 ^ clkbuf_2_3__f_clk/X (sky130_fd_sc_hd__clkbuf_16)
                                         clknet_2_3__leaf_clk (net)
                  0.09    0.00   10.66 ^ _354_/CLK (sky130_fd_sc_hd__dfrtp_4)
                         -0.25   10.41   clock uncertainty
                          0.00   10.41   clock reconvergence pessimism
                          0.43   10.83   library recovery time
                                 10.83   data required time
-----------------------------------------------------------------------------
                                 10.83   data required time
                                 -3.04   data arrival time
-----------------------------------------------------------------------------
                                  7.80   slack (MET)


Startpoint: rst (input port clocked by clk)
Endpoint: _331_ (recovery check against rising-edge clock clk)
Path Group: asynchronous
Path Type: max
Corner: Slowest

Fanout     Cap    Slew   Delay    Time   Description
-----------------------------------------------------------------------------
                          0.00    0.00   clock clk (rise edge)
                          0.00    0.00   clock network delay (propagated)
                          2.00    2.00 v input external delay
     1    0.00    0.02    0.01    2.01 v rst (in)
                                         rst (net)
                  0.02    0.00    2.01 v input1/A (sky130_fd_sc_hd__clkbuf_4)
     5    0.07    0.25    0.40    2.41 v input1/X (sky130_fd_sc_hd__clkbuf_4)
                                         net1 (net)
                  0.25    0.00    2.42 v _295_/A (sky130_fd_sc_hd__buf_4)
    10    0.08    0.19    0.49    2.91 v _295_/X (sky130_fd_sc_hd__buf_4)
                                         _159_ (net)
                  0.19    0.00    2.91 v _297_/A (sky130_fd_sc_hd__inv_2)
     1    0.01    0.09    0.15    3.06 ^ _297_/Y (sky130_fd_sc_hd__inv_2)
                                         _029_ (net)
                  0.09    0.00    3.06 ^ _331_/RESET_B (sky130_fd_sc_hd__dfrtp_4)
                                  3.06   data arrival time

                         10.00   10.00   clock clk (rise edge)
                          0.00   10.00   clock source latency
     1    0.02    0.17    0.11   10.11 ^ clk (in)
                                         clk (net)
                  0.17    0.00   10.11 ^ clkbuf_0_clk/A (sky130_fd_sc_hd__clkbuf_16)
     4    0.05    0.11    0.29   10.40 ^ clkbuf_0_clk/X (sky130_fd_sc_hd__clkbuf_16)
                                         clknet_0_clk (net)
                  0.11    0.00   10.40 ^ clkbuf_2_2__f_clk/A (sky130_fd_sc_hd__clkbuf_16)
     7    0.05    0.10    0.26   10.66 ^ clkbuf_2_2__f_clk/X (sky130_fd_sc_hd__clkbuf_16)
                                         clknet_2_2__leaf_clk (net)
                  0.10    0.00   10.67 ^ _331_/CLK (sky130_fd_sc_hd__dfrtp_4)
                         -0.25   10.42   clock uncertainty
                          0.00   10.42   clock reconvergence pessimism
                          0.45   10.86   library recovery time
                                 10.86   data required time
-----------------------------------------------------------------------------
                                 10.86   data required time
                                 -3.06   data arrival time
-----------------------------------------------------------------------------
                                  7.80   slack (MET)


Startpoint: rst (input port clocked by clk)
Endpoint: _335_ (recovery check against rising-edge clock clk)
Path Group: asynchronous
Path Type: max
Corner: Slowest

Fanout     Cap    Slew   Delay    Time   Description
-----------------------------------------------------------------------------
                          0.00    0.00   clock clk (rise edge)
                          0.00    0.00   clock network delay (propagated)
                          2.00    2.00 v input external delay
     1    0.00    0.02    0.01    2.01 v rst (in)
                                         rst (net)
                  0.02    0.00    2.01 v input1/A (sky130_fd_sc_hd__clkbuf_4)
     5    0.07    0.25    0.40    2.41 v input1/X (sky130_fd_sc_hd__clkbuf_4)
                                         net1 (net)
                  0.25    0.00    2.42 v _295_/A (sky130_fd_sc_hd__buf_4)
    10    0.08    0.19    0.49    2.91 v _295_/X (sky130_fd_sc_hd__buf_4)
                                         _159_ (net)
                  0.19    0.00    2.91 v _301_/A (sky130_fd_sc_hd__inv_2)
     1    0.01    0.09    0.15    3.06 ^ _301_/Y (sky130_fd_sc_hd__inv_2)
                                         _033_ (net)
                  0.09    0.00    3.06 ^ _335_/RESET_B (sky130_fd_sc_hd__dfrtp_2)
                                  3.06   data arrival time

                         10.00   10.00   clock clk (rise edge)
                          0.00   10.00   clock source latency
     1    0.02    0.17    0.11   10.11 ^ clk (in)
                                         clk (net)
                  0.17    0.00   10.11 ^ clkbuf_0_clk/A (sky130_fd_sc_hd__clkbuf_16)
     4    0.05    0.11    0.29   10.40 ^ clkbuf_0_clk/X (sky130_fd_sc_hd__clkbuf_16)
                                         clknet_0_clk (net)
                  0.11    0.00   10.40 ^ clkbuf_2_2__f_clk/A (sky130_fd_sc_hd__clkbuf_16)
     7    0.05    0.10    0.26   10.66 ^ clkbuf_2_2__f_clk/X (sky130_fd_sc_hd__clkbuf_16)
                                         clknet_2_2__leaf_clk (net)
                  0.10    0.00   10.66 ^ _335_/CLK (sky130_fd_sc_hd__dfrtp_2)
                         -0.25   10.41   clock uncertainty
                          0.00   10.41   clock reconvergence pessimism
                          0.45   10.86   library recovery time
                                 10.86   data required time
-----------------------------------------------------------------------------
                                 10.86   data required time
                                 -3.06   data arrival time
-----------------------------------------------------------------------------
                                  7.80   slack (MET)


Startpoint: rst (input port clocked by clk)
Endpoint: _355_ (recovery check against rising-edge clock clk)
Path Group: asynchronous
Path Type: max
Corner: Slowest

Fanout     Cap    Slew   Delay    Time   Description
-----------------------------------------------------------------------------
                          0.00    0.00   clock clk (rise edge)
                          0.00    0.00   clock network delay (propagated)
                          2.00    2.00 v input external delay
     1    0.00    0.02    0.01    2.01 v rst (in)
                                         rst (net)
                  0.02    0.00    2.01 v input1/A (sky130_fd_sc_hd__clkbuf_4)
     5    0.07    0.25    0.40    2.41 v input1/X (sky130_fd_sc_hd__clkbuf_4)
                                         net1 (net)
                  0.25    0.00    2.42 v _317_/A (sky130_fd_sc_hd__clkbuf_8)
    10    0.07    0.15    0.44    2.86 v _317_/X (sky130_fd_sc_hd__clkbuf_8)
                                         _161_ (net)
                  0.15    0.00    2.86 v _323_/A (sky130_fd_sc_hd__inv_2)
     1    0.01    0.11    0.16    3.03 ^ _323_/Y (sky130_fd_sc_hd__inv_2)
                                         _053_ (net)
                  0.11    0.00    3.03 ^ _355_/RESET_B (sky130_fd_sc_hd__dfrtp_4)
                                  3.03   data arrival time

                         10.00   10.00   clock clk (rise edge)
                          0.00   10.00   clock source latency
     1    0.02    0.17    0.11   10.11 ^ clk (in)
                                         clk (net)
                  0.17    0.00   10.11 ^ clkbuf_0_clk/A (sky130_fd_sc_hd__clkbuf_16)
     4    0.05    0.11    0.29   10.40 ^ clkbuf_0_clk/X (sky130_fd_sc_hd__clkbuf_16)
                                         clknet_0_clk (net)
                  0.11    0.00   10.40 ^ clkbuf_2_1__f_clk/A (sky130_fd_sc_hd__clkbuf_16)
    11    0.03    0.09    0.25   10.65 ^ clkbuf_2_1__f_clk/X (sky130_fd_sc_hd__clkbuf_16)
                                         clknet_2_1__leaf_clk (net)
                  0.09    0.00   10.65 ^ _355_/CLK (sky130_fd_sc_hd__dfrtp_4)
                         -0.25   10.40   clock uncertainty
                          0.00   10.40   clock reconvergence pessimism
                          0.43   10.83   library recovery time
                                 10.83   data required time
-----------------------------------------------------------------------------
                                 10.83   data required time
                                 -3.03   data arrival time
-----------------------------------------------------------------------------
                                  7.80   slack (MET)


Startpoint: rst (input port clocked by clk)
Endpoint: _359_ (recovery check against rising-edge clock clk)
Path Group: asynchronous
Path Type: max
Corner: Slowest

Fanout     Cap    Slew   Delay    Time   Description
-----------------------------------------------------------------------------
                          0.00    0.00   clock clk (rise edge)
                          0.00    0.00   clock network delay (propagated)
                          2.00    2.00 v input external delay
     1    0.00    0.02    0.01    2.01 v rst (in)
                                         rst (net)
                  0.02    0.00    2.01 v input1/A (sky130_fd_sc_hd__clkbuf_4)
     5    0.07    0.25    0.40    2.41 v input1/X (sky130_fd_sc_hd__clkbuf_4)
                                         net1 (net)
                  0.25    0.00    2.42 v _317_/A (sky130_fd_sc_hd__clkbuf_8)
    10    0.07    0.15    0.44    2.86 v _317_/X (sky130_fd_sc_hd__clkbuf_8)
                                         _161_ (net)
                  0.15    0.00    2.86 v _327_/A (sky130_fd_sc_hd__inv_2)
     1    0.01    0.12    0.17    3.03 ^ _327_/Y (sky130_fd_sc_hd__inv_2)
                                         _057_ (net)
                  0.12    0.00    3.03 ^ _359_/RESET_B (sky130_fd_sc_hd__dfrtp_4)
                                  3.03   data arrival time

                         10.00   10.00   clock clk (rise edge)
                          0.00   10.00   clock source latency
     1    0.02    0.17    0.11   10.11 ^ clk (in)
                                         clk (net)
                  0.17    0.00   10.11 ^ clkbuf_0_clk/A (sky130_fd_sc_hd__clkbuf_16)
     4    0.05    0.11    0.29   10.40 ^ clkbuf_0_clk/X (sky130_fd_sc_hd__clkbuf_16)
                                         clknet_0_clk (net)
                  0.11    0.00   10.40 ^ clkbuf_2_0__f_clk/A (sky130_fd_sc_hd__clkbuf_16)
     9    0.04    0.10    0.25   10.66 ^ clkbuf_2_0__f_clk/X (sky130_fd_sc_hd__clkbuf_16)
                                         clknet_2_0__leaf_clk (net)
                  0.10    0.00   10.66 ^ _359_/CLK (sky130_fd_sc_hd__dfrtp_4)
                         -0.25   10.41   clock uncertainty
                          0.00   10.41   clock reconvergence pessimism
                          0.43   10.84   library recovery time
                                 10.84   data required time
-----------------------------------------------------------------------------
                                 10.84   data required time
                                 -3.03   data arrival time
-----------------------------------------------------------------------------
                                  7.81   slack (MET)


Startpoint: rst (input port clocked by clk)
Endpoint: _341_ (recovery check against rising-edge clock clk)
Path Group: asynchronous
Path Type: max
Corner: Slowest

Fanout     Cap    Slew   Delay    Time   Description
-----------------------------------------------------------------------------
                          0.00    0.00   clock clk (rise edge)
                          0.00    0.00   clock network delay (propagated)
                          2.00    2.00 v input external delay
     1    0.00    0.02    0.01    2.01 v rst (in)
                                         rst (net)
                  0.02    0.00    2.01 v input1/A (sky130_fd_sc_hd__clkbuf_4)
     5    0.07    0.25    0.40    2.41 v input1/X (sky130_fd_sc_hd__clkbuf_4)
                                         net1 (net)
                  0.25    0.00    2.42 v _306_/A (sky130_fd_sc_hd__clkbuf_8)
    10    0.08    0.16    0.45    2.87 v _306_/X (sky130_fd_sc_hd__clkbuf_8)
                                         _160_ (net)
                  0.16    0.01    2.87 v _308_/A (sky130_fd_sc_hd__inv_2)
     1    0.01    0.10    0.16    3.03 ^ _308_/Y (sky130_fd_sc_hd__inv_2)
                                         _039_ (net)
                  0.10    0.00    3.03 ^ _341_/RESET_B (sky130_fd_sc_hd__dfrtp_4)
                                  3.03   data arrival time

                         10.00   10.00   clock clk (rise edge)
                          0.00   10.00   clock source latency
     1    0.02    0.17    0.11   10.11 ^ clk (in)
                                         clk (net)
                  0.17    0.00   10.11 ^ clkbuf_0_clk/A (sky130_fd_sc_hd__clkbuf_16)
     4    0.05    0.11    0.29   10.40 ^ clkbuf_0_clk/X (sky130_fd_sc_hd__clkbuf_16)
                                         clknet_0_clk (net)
                  0.11    0.00   10.40 ^ clkbuf_2_0__f_clk/A (sky130_fd_sc_hd__clkbuf_16)
     9    0.04    0.10    0.25   10.66 ^ clkbuf_2_0__f_clk/X (sky130_fd_sc_hd__clkbuf_16)
                                         clknet_2_0__leaf_clk (net)
                  0.10    0.00   10.66 ^ _341_/CLK (sky130_fd_sc_hd__dfrtp_4)
                         -0.25   10.41   clock uncertainty
                          0.00   10.41   clock reconvergence pessimism
                          0.44   10.85   library recovery time
                                 10.85   data required time
-----------------------------------------------------------------------------
                                 10.85   data required time
                                 -3.03   data arrival time
-----------------------------------------------------------------------------
                                  7.82   slack (MET)


Startpoint: rst (input port clocked by clk)
Endpoint: _352_ (recovery check against rising-edge clock clk)
Path Group: asynchronous
Path Type: max
Corner: Slowest

Fanout     Cap    Slew   Delay    Time   Description
-----------------------------------------------------------------------------
                          0.00    0.00   clock clk (rise edge)
                          0.00    0.00   clock network delay (propagated)
                          2.00    2.00 v input external delay
     1    0.00    0.02    0.01    2.01 v rst (in)
                                         rst (net)
                  0.02    0.00    2.01 v input1/A (sky130_fd_sc_hd__clkbuf_4)
     5    0.07    0.25    0.40    2.41 v input1/X (sky130_fd_sc_hd__clkbuf_4)
                                         net1 (net)
                  0.25    0.00    2.42 v _317_/A (sky130_fd_sc_hd__clkbuf_8)
    10    0.07    0.15    0.44    2.86 v _317_/X (sky130_fd_sc_hd__clkbuf_8)
                                         _161_ (net)
                  0.15    0.00    2.86 v _320_/A (sky130_fd_sc_hd__inv_2)
     1    0.01    0.12    0.17    3.03 ^ _320_/Y (sky130_fd_sc_hd__inv_2)
                                         _050_ (net)
                  0.12    0.00    3.03 ^ _352_/RESET_B (sky130_fd_sc_hd__dfrtp_1)
                                  3.03   data arrival time

                         10.00   10.00   clock clk (rise edge)
                          0.00   10.00   clock source latency
     1    0.02    0.17    0.11   10.11 ^ clk (in)
                                         clk (net)
                  0.17    0.00   10.11 ^ clkbuf_0_clk/A (sky130_fd_sc_hd__clkbuf_16)
     4    0.05    0.11    0.29   10.40 ^ clkbuf_0_clk/X (sky130_fd_sc_hd__clkbuf_16)
                                         clknet_0_clk (net)
                  0.11    0.00   10.40 ^ clkbuf_2_0__f_clk/A (sky130_fd_sc_hd__clkbuf_16)
     9    0.04    0.10    0.25   10.66 ^ clkbuf_2_0__f_clk/X (sky130_fd_sc_hd__clkbuf_16)
                                         clknet_2_0__leaf_clk (net)
                  0.10    0.00   10.66 ^ _352_/CLK (sky130_fd_sc_hd__dfrtp_1)
                         -0.25   10.41   clock uncertainty
                          0.00   10.41   clock reconvergence pessimism
                          0.45   10.86   library recovery time
                                 10.86   data required time
-----------------------------------------------------------------------------
                                 10.86   data required time
                                 -3.03   data arrival time
-----------------------------------------------------------------------------
                                  7.83   slack (MET)


Startpoint: rst (input port clocked by clk)
Endpoint: _342_ (recovery check against rising-edge clock clk)
Path Group: asynchronous
Path Type: max
Corner: Slowest

Fanout     Cap    Slew   Delay    Time   Description
-----------------------------------------------------------------------------
                          0.00    0.00   clock clk (rise edge)
                          0.00    0.00   clock network delay (propagated)
                          2.00    2.00 v input external delay
     1    0.00    0.02    0.01    2.01 v rst (in)
                                         rst (net)
                  0.02    0.00    2.01 v input1/A (sky130_fd_sc_hd__clkbuf_4)
     5    0.07    0.25    0.40    2.41 v input1/X (sky130_fd_sc_hd__clkbuf_4)
                                         net1 (net)
                  0.25    0.00    2.42 v _306_/A (sky130_fd_sc_hd__clkbuf_8)
    10    0.08    0.16    0.45    2.87 v _306_/X (sky130_fd_sc_hd__clkbuf_8)
                                         _160_ (net)
                  0.16    0.01    2.87 v _309_/A (sky130_fd_sc_hd__inv_2)
     1    0.01    0.08    0.13    3.01 ^ _309_/Y (sky130_fd_sc_hd__inv_2)
                                         _040_ (net)
                  0.08    0.00    3.01 ^ _342_/RESET_B (sky130_fd_sc_hd__dfrtp_2)
                                  3.01   data arrival time

                         10.00   10.00   clock clk (rise edge)
                          0.00   10.00   clock source latency
     1    0.02    0.17    0.11   10.11 ^ clk (in)
                                         clk (net)
                  0.17    0.00   10.11 ^ clkbuf_0_clk/A (sky130_fd_sc_hd__clkbuf_16)
     4    0.05    0.11    0.29   10.40 ^ clkbuf_0_clk/X (sky130_fd_sc_hd__clkbuf_16)
                                         clknet_0_clk (net)
                  0.11    0.00   10.40 ^ clkbuf_2_1__f_clk/A (sky130_fd_sc_hd__clkbuf_16)
    11    0.03    0.09    0.25   10.65 ^ clkbuf_2_1__f_clk/X (sky130_fd_sc_hd__clkbuf_16)
                                         clknet_2_1__leaf_clk (net)
                  0.09    0.00   10.65 ^ _342_/CLK (sky130_fd_sc_hd__dfrtp_2)
                         -0.25   10.40   clock uncertainty
                          0.00   10.40   clock reconvergence pessimism
                          0.45   10.85   library recovery time
                                 10.85   data required time
-----------------------------------------------------------------------------
                                 10.85   data required time
                                 -3.01   data arrival time
-----------------------------------------------------------------------------
                                  7.84   slack (MET)


Startpoint: rst (input port clocked by clk)
Endpoint: _357_ (recovery check against rising-edge clock clk)
Path Group: asynchronous
Path Type: max
Corner: Slowest

Fanout     Cap    Slew   Delay    Time   Description
-----------------------------------------------------------------------------
                          0.00    0.00   clock clk (rise edge)
                          0.00    0.00   clock network delay (propagated)
                          2.00    2.00 v input external delay
     1    0.00    0.02    0.01    2.01 v rst (in)
                                         rst (net)
                  0.02    0.00    2.01 v input1/A (sky130_fd_sc_hd__clkbuf_4)
     5    0.07    0.25    0.40    2.41 v input1/X (sky130_fd_sc_hd__clkbuf_4)
                                         net1 (net)
                  0.25    0.00    2.42 v _317_/A (sky130_fd_sc_hd__clkbuf_8)
    10    0.07    0.15    0.44    2.86 v _317_/X (sky130_fd_sc_hd__clkbuf_8)
                                         _161_ (net)
                  0.15    0.00    2.86 v _325_/A (sky130_fd_sc_hd__inv_2)
     1    0.01    0.09    0.14    3.01 ^ _325_/Y (sky130_fd_sc_hd__inv_2)
                                         _055_ (net)
                  0.09    0.00    3.01 ^ _357_/RESET_B (sky130_fd_sc_hd__dfrtp_4)
                                  3.01   data arrival time

                         10.00   10.00   clock clk (rise edge)
                          0.00   10.00   clock source latency
     1    0.02    0.17    0.11   10.11 ^ clk (in)
                                         clk (net)
                  0.17    0.00   10.11 ^ clkbuf_0_clk/A (sky130_fd_sc_hd__clkbuf_16)
     4    0.05    0.11    0.29   10.40 ^ clkbuf_0_clk/X (sky130_fd_sc_hd__clkbuf_16)
                                         clknet_0_clk (net)
                  0.11    0.00   10.40 ^ clkbuf_2_2__f_clk/A (sky130_fd_sc_hd__clkbuf_16)
     7    0.05    0.10    0.26   10.66 ^ clkbuf_2_2__f_clk/X (sky130_fd_sc_hd__clkbuf_16)
                                         clknet_2_2__leaf_clk (net)
                  0.10    0.00   10.67 ^ _357_/CLK (sky130_fd_sc_hd__dfrtp_4)
                         -0.25   10.42   clock uncertainty
                          0.00   10.42   clock reconvergence pessimism
                          0.45   10.86   library recovery time
                                 10.86   data required time
-----------------------------------------------------------------------------
                                 10.86   data required time
                                 -3.01   data arrival time
-----------------------------------------------------------------------------
                                  7.86   slack (MET)


Startpoint: rst (input port clocked by clk)
Endpoint: _353_ (recovery check against rising-edge clock clk)
Path Group: asynchronous
Path Type: max
Corner: Slowest

Fanout     Cap    Slew   Delay    Time   Description
-----------------------------------------------------------------------------
                          0.00    0.00   clock clk (rise edge)
                          0.00    0.00   clock network delay (propagated)
                          2.00    2.00 v input external delay
     1    0.00    0.02    0.01    2.01 v rst (in)
                                         rst (net)
                  0.02    0.00    2.01 v input1/A (sky130_fd_sc_hd__clkbuf_4)
     5    0.07    0.25    0.40    2.41 v input1/X (sky130_fd_sc_hd__clkbuf_4)
                                         net1 (net)
                  0.25    0.00    2.42 v _317_/A (sky130_fd_sc_hd__clkbuf_8)
    10    0.07    0.15    0.44    2.86 v _317_/X (sky130_fd_sc_hd__clkbuf_8)
                                         _161_ (net)
                  0.15    0.00    2.86 v _321_/A (sky130_fd_sc_hd__inv_2)
     1    0.01    0.08    0.13    3.00 ^ _321_/Y (sky130_fd_sc_hd__inv_2)
                                         _051_ (net)
                  0.08    0.00    3.00 ^ _353_/RESET_B (sky130_fd_sc_hd__dfrtp_1)
                                  3.00   data arrival time

                         10.00   10.00   clock clk (rise edge)
                          0.00   10.00   clock source latency
     1    0.02    0.17    0.11   10.11 ^ clk (in)
                                         clk (net)
                  0.17    0.00   10.11 ^ clkbuf_0_clk/A (sky130_fd_sc_hd__clkbuf_16)
     4    0.05    0.11    0.29   10.40 ^ clkbuf_0_clk/X (sky130_fd_sc_hd__clkbuf_16)
                                         clknet_0_clk (net)
                  0.11    0.00   10.40 ^ clkbuf_2_1__f_clk/A (sky130_fd_sc_hd__clkbuf_16)
    11    0.03    0.09    0.25   10.65 ^ clkbuf_2_1__f_clk/X (sky130_fd_sc_hd__clkbuf_16)
                                         clknet_2_1__leaf_clk (net)
                  0.09    0.00   10.65 ^ _353_/CLK (sky130_fd_sc_hd__dfrtp_1)
                         -0.25   10.40   clock uncertainty
                          0.00   10.40   clock reconvergence pessimism
                          0.46   10.86   library recovery time
                                 10.86   data required time
-----------------------------------------------------------------------------
                                 10.86   data required time
                                 -3.00   data arrival time
-----------------------------------------------------------------------------
                                  7.87   slack (MET)


Startpoint: rst (input port clocked by clk)
Endpoint: _345_ (recovery check against rising-edge clock clk)
Path Group: asynchronous
Path Type: max
Corner: Slowest

Fanout     Cap    Slew   Delay    Time   Description
-----------------------------------------------------------------------------
                          0.00    0.00   clock clk (rise edge)
                          0.00    0.00   clock network delay (propagated)
                          2.00    2.00 v input external delay
     1    0.00    0.02    0.01    2.01 v rst (in)
                                         rst (net)
                  0.02    0.00    2.01 v input1/A (sky130_fd_sc_hd__clkbuf_4)
     5    0.07    0.25    0.40    2.41 v input1/X (sky130_fd_sc_hd__clkbuf_4)
                                         net1 (net)
                  0.25    0.00    2.42 v _306_/A (sky130_fd_sc_hd__clkbuf_8)
    10    0.08    0.16    0.45    2.87 v _306_/X (sky130_fd_sc_hd__clkbuf_8)
                                         _160_ (net)
                  0.16    0.01    2.87 v _312_/A (sky130_fd_sc_hd__inv_2)
     1    0.00    0.06    0.11    2.99 ^ _312_/Y (sky130_fd_sc_hd__inv_2)
                                         _043_ (net)
                  0.06    0.00    2.99 ^ _345_/RESET_B (sky130_fd_sc_hd__dfrtp_2)
                                  2.99   data arrival time

                         10.00   10.00   clock clk (rise edge)
                          0.00   10.00   clock source latency
     1    0.02    0.17    0.11   10.11 ^ clk (in)
                                         clk (net)
                  0.17    0.00   10.11 ^ clkbuf_0_clk/A (sky130_fd_sc_hd__clkbuf_16)
     4    0.05    0.11    0.29   10.40 ^ clkbuf_0_clk/X (sky130_fd_sc_hd__clkbuf_16)
                                         clknet_0_clk (net)
                  0.11    0.00   10.40 ^ clkbuf_2_3__f_clk/A (sky130_fd_sc_hd__clkbuf_16)
     8    0.04    0.09    0.25   10.66 ^ clkbuf_2_3__f_clk/X (sky130_fd_sc_hd__clkbuf_16)
                                         clknet_2_3__leaf_clk (net)
                  0.09    0.00   10.66 ^ _345_/CLK (sky130_fd_sc_hd__dfrtp_2)
                         -0.25   10.41   clock uncertainty
                          0.00   10.41   clock reconvergence pessimism
                          0.46   10.86   library recovery time
                                 10.86   data required time
-----------------------------------------------------------------------------
                                 10.86   data required time
                                 -2.99   data arrival time
-----------------------------------------------------------------------------
                                  7.88   slack (MET)


Startpoint: rst (input port clocked by clk)
Endpoint: _346_ (recovery check against rising-edge clock clk)
Path Group: asynchronous
Path Type: max
Corner: Slowest

Fanout     Cap    Slew   Delay    Time   Description
-----------------------------------------------------------------------------
                          0.00    0.00   clock clk (rise edge)
                          0.00    0.00   clock network delay (propagated)
                          2.00    2.00 v input external delay
     1    0.00    0.02    0.01    2.01 v rst (in)
                                         rst (net)
                  0.02    0.00    2.01 v input1/A (sky130_fd_sc_hd__clkbuf_4)
     5    0.07    0.25    0.40    2.41 v input1/X (sky130_fd_sc_hd__clkbuf_4)
                                         net1 (net)
                  0.25    0.00    2.42 v _306_/A (sky130_fd_sc_hd__clkbuf_8)
    10    0.08    0.16    0.45    2.87 v _306_/X (sky130_fd_sc_hd__clkbuf_8)
                                         _160_ (net)
                  0.16    0.01    2.87 v _313_/A (sky130_fd_sc_hd__inv_2)
     1    0.01    0.07    0.12    3.00 ^ _313_/Y (sky130_fd_sc_hd__inv_2)
                                         _044_ (net)
                  0.07    0.00    3.00 ^ _346_/RESET_B (sky130_fd_sc_hd__dfrtp_4)
                                  3.00   data arrival time

                         10.00   10.00   clock clk (rise edge)
                          0.00   10.00   clock source latency
     1    0.02    0.17    0.11   10.11 ^ clk (in)
                                         clk (net)
                  0.17    0.00   10.11 ^ clkbuf_0_clk/A (sky130_fd_sc_hd__clkbuf_16)
     4    0.05    0.11    0.29   10.40 ^ clkbuf_0_clk/X (sky130_fd_sc_hd__clkbuf_16)
                                         clknet_0_clk (net)
                  0.11    0.00   10.40 ^ clkbuf_2_2__f_clk/A (sky130_fd_sc_hd__clkbuf_16)
     7    0.05    0.10    0.26   10.66 ^ clkbuf_2_2__f_clk/X (sky130_fd_sc_hd__clkbuf_16)
                                         clknet_2_2__leaf_clk (net)
                  0.10    0.00   10.67 ^ _346_/CLK (sky130_fd_sc_hd__dfrtp_4)
                         -0.25   10.42   clock uncertainty
                          0.00   10.42   clock reconvergence pessimism
                          0.46   10.87   library recovery time
                                 10.87   data required time
-----------------------------------------------------------------------------
                                 10.87   data required time
                                 -3.00   data arrival time
-----------------------------------------------------------------------------
                                  7.88   slack (MET)


Startpoint: rst (input port clocked by clk)
Endpoint: _351_ (recovery check against rising-edge clock clk)
Path Group: asynchronous
Path Type: max
Corner: Slowest

Fanout     Cap    Slew   Delay    Time   Description
-----------------------------------------------------------------------------
                          0.00    0.00   clock clk (rise edge)
                          0.00    0.00   clock network delay (propagated)
                          2.00    2.00 v input external delay
     1    0.00    0.02    0.01    2.01 v rst (in)
                                         rst (net)
                  0.02    0.00    2.01 v input1/A (sky130_fd_sc_hd__clkbuf_4)
     5    0.07    0.25    0.40    2.41 v input1/X (sky130_fd_sc_hd__clkbuf_4)
                                         net1 (net)
                  0.25    0.00    2.42 v _317_/A (sky130_fd_sc_hd__clkbuf_8)
    10    0.07    0.15    0.44    2.86 v _317_/X (sky130_fd_sc_hd__clkbuf_8)
                                         _161_ (net)
                  0.15    0.00    2.86 v _319_/A (sky130_fd_sc_hd__inv_2)
     1    0.01    0.07    0.13    2.99 ^ _319_/Y (sky130_fd_sc_hd__inv_2)
                                         _049_ (net)
                  0.07    0.00    2.99 ^ _351_/RESET_B (sky130_fd_sc_hd__dfrtp_2)
                                  2.99   data arrival time

                         10.00   10.00   clock clk (rise edge)
                          0.00   10.00   clock source latency
     1    0.02    0.17    0.11   10.11 ^ clk (in)
                                         clk (net)
                  0.17    0.00   10.11 ^ clkbuf_0_clk/A (sky130_fd_sc_hd__clkbuf_16)
     4    0.05    0.11    0.29   10.40 ^ clkbuf_0_clk/X (sky130_fd_sc_hd__clkbuf_16)
                                         clknet_0_clk (net)
                  0.11    0.00   10.40 ^ clkbuf_2_2__f_clk/A (sky130_fd_sc_hd__clkbuf_16)
     7    0.05    0.10    0.26   10.66 ^ clkbuf_2_2__f_clk/X (sky130_fd_sc_hd__clkbuf_16)
                                         clknet_2_2__leaf_clk (net)
                  0.10    0.00   10.67 ^ _351_/CLK (sky130_fd_sc_hd__dfrtp_2)
                         -0.25   10.42   clock uncertainty
                          0.00   10.42   clock reconvergence pessimism
                          0.45   10.87   library recovery time
                                 10.87   data required time
-----------------------------------------------------------------------------
                                 10.87   data required time
                                 -2.99   data arrival time
-----------------------------------------------------------------------------
                                  7.88   slack (MET)


Startpoint: rst (input port clocked by clk)
Endpoint: _361_ (recovery check against rising-edge clock clk)
Path Group: asynchronous
Path Type: max
Corner: Slowest

Fanout     Cap    Slew   Delay    Time   Description
-----------------------------------------------------------------------------
                          0.00    0.00   clock clk (rise edge)
                          0.00    0.00   clock network delay (propagated)
                          2.00    2.00 v input external delay
     1    0.00    0.02    0.01    2.01 v rst (in)
                                         rst (net)
                  0.02    0.00    2.01 v input1/A (sky130_fd_sc_hd__clkbuf_4)
     5    0.07    0.25    0.40    2.41 v input1/X (sky130_fd_sc_hd__clkbuf_4)
                                         net1 (net)
                  0.25    0.00    2.42 v _329_/A (sky130_fd_sc_hd__inv_2)
     1    0.02    0.16    0.25    2.67 ^ _329_/Y (sky130_fd_sc_hd__inv_2)
                                         _059_ (net)
                  0.16    0.00    2.67 ^ _361_/RESET_B (sky130_fd_sc_hd__dfrtp_4)
                                  2.67   data arrival time

                         10.00   10.00   clock clk (rise edge)
                          0.00   10.00   clock source latency
     1    0.02    0.17    0.11   10.11 ^ clk (in)
                                         clk (net)
                  0.17    0.00   10.11 ^ clkbuf_0_clk/A (sky130_fd_sc_hd__clkbuf_16)
     4    0.05    0.11    0.29   10.40 ^ clkbuf_0_clk/X (sky130_fd_sc_hd__clkbuf_16)
                                         clknet_0_clk (net)
                  0.11    0.00   10.40 ^ clkbuf_2_0__f_clk/A (sky130_fd_sc_hd__clkbuf_16)
     9    0.04    0.10    0.25   10.66 ^ clkbuf_2_0__f_clk/X (sky130_fd_sc_hd__clkbuf_16)
                                         clknet_2_0__leaf_clk (net)
                  0.10    0.00   10.66 ^ _361_/CLK (sky130_fd_sc_hd__dfrtp_4)
                         -0.25   10.41   clock uncertainty
                          0.00   10.41   clock reconvergence pessimism
                          0.41   10.82   library recovery time
                                 10.82   data required time
-----------------------------------------------------------------------------
                                 10.82   data required time
                                 -2.67   data arrival time
-----------------------------------------------------------------------------
                                  8.15   slack (MET)


Startpoint: rst (input port clocked by clk)
Endpoint: _360_ (recovery check against rising-edge clock clk)
Path Group: asynchronous
Path Type: max
Corner: Slowest

Fanout     Cap    Slew   Delay    Time   Description
-----------------------------------------------------------------------------
                          0.00    0.00   clock clk (rise edge)
                          0.00    0.00   clock network delay (propagated)
                          2.00    2.00 v input external delay
     1    0.00    0.02    0.01    2.01 v rst (in)
                                         rst (net)
                  0.02    0.00    2.01 v input1/A (sky130_fd_sc_hd__clkbuf_4)
     5    0.07    0.25    0.40    2.41 v input1/X (sky130_fd_sc_hd__clkbuf_4)
                                         net1 (net)
                  0.25    0.00    2.42 v _328_/A (sky130_fd_sc_hd__inv_2)
     1    0.02    0.14    0.22    2.64 ^ _328_/Y (sky130_fd_sc_hd__inv_2)
                                         _058_ (net)
                  0.14    0.00    2.64 ^ _360_/RESET_B (sky130_fd_sc_hd__dfrtp_4)
                                  2.64   data arrival time

                         10.00   10.00   clock clk (rise edge)
                          0.00   10.00   clock source latency
     1    0.02    0.17    0.11   10.11 ^ clk (in)
                                         clk (net)
                  0.17    0.00   10.11 ^ clkbuf_0_clk/A (sky130_fd_sc_hd__clkbuf_16)
     4    0.05    0.11    0.29   10.40 ^ clkbuf_0_clk/X (sky130_fd_sc_hd__clkbuf_16)
                                         clknet_0_clk (net)
                  0.11    0.00   10.40 ^ clkbuf_2_3__f_clk/A (sky130_fd_sc_hd__clkbuf_16)
     8    0.04    0.09    0.25   10.66 ^ clkbuf_2_3__f_clk/X (sky130_fd_sc_hd__clkbuf_16)
                                         clknet_2_3__leaf_clk (net)
                  0.09    0.00   10.66 ^ _360_/CLK (sky130_fd_sc_hd__dfrtp_4)
                         -0.25   10.41   clock uncertainty
                          0.00   10.41   clock reconvergence pessimism
                          0.42   10.82   library recovery time
                                 10.82   data required time
-----------------------------------------------------------------------------
                                 10.82   data required time
                                 -2.64   data arrival time
-----------------------------------------------------------------------------
                                  8.18   slack (MET)



worst slack corner Slowest: 2.5772
======================= Typical Corner ===================================

Startpoint: _361_ (rising edge-triggered flip-flop clocked by clk)
Endpoint: seg[0] (output port clocked by clk)
Path Group: clk
Path Type: max
Corner: Typical

Fanout     Cap    Slew   Delay    Time   Description
-----------------------------------------------------------------------------
                          0.00    0.00   clock clk (rise edge)
                          0.00    0.00   clock source latency
     1    0.02    0.11    0.08    0.08 ^ clk (in)
                                         clk (net)
                  0.11    0.00    0.08 ^ clkbuf_0_clk/A (sky130_fd_sc_hd__clkbuf_16)
     4    0.05    0.07    0.18    0.26 ^ clkbuf_0_clk/X (sky130_fd_sc_hd__clkbuf_16)
                                         clknet_0_clk (net)
                  0.07    0.00    0.26 ^ clkbuf_2_0__f_clk/A (sky130_fd_sc_hd__clkbuf_16)
     9    0.04    0.06    0.16    0.42 ^ clkbuf_2_0__f_clk/X (sky130_fd_sc_hd__clkbuf_16)
                                         clknet_2_0__leaf_clk (net)
                  0.06    0.00    0.42 ^ _361_/CLK (sky130_fd_sc_hd__dfrtp_4)
     6    0.04    0.11    0.57    0.99 v _361_/Q (sky130_fd_sc_hd__dfrtp_4)
                                         decoder.digit[3] (net)
                  0.11    0.00    1.00 v _165_/A (sky130_fd_sc_hd__nor2_2)
     2    0.03    0.33    0.34    1.33 ^ _165_/Y (sky130_fd_sc_hd__nor2_2)
                                         _066_ (net)
                  0.33    0.00    1.33 ^ _166_/B (sky130_fd_sc_hd__nand2_2)
     3    0.04    0.18    0.24    1.57 v _166_/Y (sky130_fd_sc_hd__nand2_2)
                                         _067_ (net)
                  0.18    0.00    1.57 v _167_/B (sky130_fd_sc_hd__nor2_2)
     3    0.03    0.34    0.34    1.92 ^ _167_/Y (sky130_fd_sc_hd__nor2_2)
                                         _068_ (net)
                  0.34    0.00    1.92 ^ _287_/B1 (sky130_fd_sc_hd__a2111o_1)
     2    0.02    0.18    0.28    2.20 ^ _287_/X (sky130_fd_sc_hd__a2111o_1)
                                         net5 (net)
                  0.18    0.00    2.20 ^ _370_/A (sky130_fd_sc_hd__buf_1)
     1    0.02    0.20    0.23    2.43 ^ _370_/X (sky130_fd_sc_hd__buf_1)
                                         net2 (net)
                  0.20    0.00    2.43 ^ output2/A (sky130_fd_sc_hd__buf_2)
     1    0.03    0.17    0.26    2.69 ^ output2/X (sky130_fd_sc_hd__buf_2)
                                         seg[0] (net)
                  0.17    0.00    2.69 ^ seg[0] (out)
                                  2.69   data arrival time

                         10.00   10.00   clock clk (rise edge)
                          0.00   10.00   clock network delay (propagated)
                         -0.25    9.75   clock uncertainty
                          0.00    9.75   clock reconvergence pessimism
                         -2.00    7.75   output external delay
                                  7.75   data required time
-----------------------------------------------------------------------------
                                  7.75   data required time
                                 -2.69   data arrival time
-----------------------------------------------------------------------------
                                  5.06   slack (MET)


Startpoint: _361_ (rising edge-triggered flip-flop clocked by clk)
Endpoint: seg[3] (output port clocked by clk)
Path Group: clk
Path Type: max
Corner: Typical

Fanout     Cap    Slew   Delay    Time   Description
-----------------------------------------------------------------------------
                          0.00    0.00   clock clk (rise edge)
                          0.00    0.00   clock source latency
     1    0.02    0.11    0.08    0.08 ^ clk (in)
                                         clk (net)
                  0.11    0.00    0.08 ^ clkbuf_0_clk/A (sky130_fd_sc_hd__clkbuf_16)
     4    0.05    0.07    0.18    0.26 ^ clkbuf_0_clk/X (sky130_fd_sc_hd__clkbuf_16)
                                         clknet_0_clk (net)
                  0.07    0.00    0.26 ^ clkbuf_2_0__f_clk/A (sky130_fd_sc_hd__clkbuf_16)
     9    0.04    0.06    0.16    0.42 ^ clkbuf_2_0__f_clk/X (sky130_fd_sc_hd__clkbuf_16)
                                         clknet_2_0__leaf_clk (net)
                  0.06    0.00    0.42 ^ _361_/CLK (sky130_fd_sc_hd__dfrtp_4)
     6    0.04    0.11    0.57    0.99 v _361_/Q (sky130_fd_sc_hd__dfrtp_4)
                                         decoder.digit[3] (net)
                  0.11    0.00    1.00 v _165_/A (sky130_fd_sc_hd__nor2_2)
     2    0.03    0.33    0.34    1.33 ^ _165_/Y (sky130_fd_sc_hd__nor2_2)
                                         _066_ (net)
                  0.33    0.00    1.33 ^ _166_/B (sky130_fd_sc_hd__nand2_2)
     3    0.04    0.18    0.24    1.57 v _166_/Y (sky130_fd_sc_hd__nand2_2)
                                         _067_ (net)
                  0.18    0.00    1.57 v _167_/B (sky130_fd_sc_hd__nor2_2)
     3    0.03    0.34    0.34    1.92 ^ _167_/Y (sky130_fd_sc_hd__nor2_2)
                                         _068_ (net)
                  0.34    0.00    1.92 ^ _287_/B1 (sky130_fd_sc_hd__a2111o_1)
     2    0.02    0.18    0.28    2.20 ^ _287_/X (sky130_fd_sc_hd__a2111o_1)
                                         net5 (net)
                  0.18    0.00    2.20 ^ output5/A (sky130_fd_sc_hd__buf_2)
     1    0.03    0.17    0.25    2.46 ^ output5/X (sky130_fd_sc_hd__buf_2)
                                         seg[3] (net)
                  0.17    0.00    2.46 ^ seg[3] (out)
                                  2.46   data arrival time

                         10.00   10.00   clock clk (rise edge)
                          0.00   10.00   clock network delay (propagated)
                         -0.25    9.75   clock uncertainty
                          0.00    9.75   clock reconvergence pessimism
                         -2.00    7.75   output external delay
                                  7.75   data required time
-----------------------------------------------------------------------------
                                  7.75   data required time
                                 -2.46   data arrival time
-----------------------------------------------------------------------------
                                  5.29   slack (MET)


Startpoint: _361_ (rising edge-triggered flip-flop clocked by clk)
Endpoint: seg[1] (output port clocked by clk)
Path Group: clk
Path Type: max
Corner: Typical

Fanout     Cap    Slew   Delay    Time   Description
-----------------------------------------------------------------------------
                          0.00    0.00   clock clk (rise edge)
                          0.00    0.00   clock source latency
     1    0.02    0.11    0.08    0.08 ^ clk (in)
                                         clk (net)
                  0.11    0.00    0.08 ^ clkbuf_0_clk/A (sky130_fd_sc_hd__clkbuf_16)
     4    0.05    0.07    0.18    0.26 ^ clkbuf_0_clk/X (sky130_fd_sc_hd__clkbuf_16)
                                         clknet_0_clk (net)
                  0.07    0.00    0.26 ^ clkbuf_2_0__f_clk/A (sky130_fd_sc_hd__clkbuf_16)
     9    0.04    0.06    0.16    0.42 ^ clkbuf_2_0__f_clk/X (sky130_fd_sc_hd__clkbuf_16)
                                         clknet_2_0__leaf_clk (net)
                  0.06    0.00    0.42 ^ _361_/CLK (sky130_fd_sc_hd__dfrtp_4)
     6    0.04    0.11    0.57    0.99 v _361_/Q (sky130_fd_sc_hd__dfrtp_4)
                                         decoder.digit[3] (net)
                  0.11    0.00    1.00 v _165_/A (sky130_fd_sc_hd__nor2_2)
     2    0.03    0.33    0.34    1.33 ^ _165_/Y (sky130_fd_sc_hd__nor2_2)
                                         _066_ (net)
                  0.33    0.00    1.33 ^ _166_/B (sky130_fd_sc_hd__nand2_2)
     3    0.04    0.18    0.24    1.57 v _166_/Y (sky130_fd_sc_hd__nand2_2)
                                         _067_ (net)
                  0.18    0.00    1.57 v _167_/B (sky130_fd_sc_hd__nor2_2)
     3    0.03    0.34    0.34    1.92 ^ _167_/Y (sky130_fd_sc_hd__nor2_2)
                                         _068_ (net)
                  0.34    0.00    1.92 ^ _288_/A (sky130_fd_sc_hd__nor2_1)
     1    0.02    0.15    0.19    2.11 v _288_/Y (sky130_fd_sc_hd__nor2_1)
                                         net3 (net)
                  0.15    0.00    2.11 v output3/A (sky130_fd_sc_hd__buf_2)
     1    0.03    0.09    0.24    2.35 v output3/X (sky130_fd_sc_hd__buf_2)
                                         seg[1] (net)
                  0.09    0.00    2.35 v seg[1] (out)
                                  2.35   data arrival time

                         10.00   10.00   clock clk (rise edge)
                          0.00   10.00   clock network delay (propagated)
                         -0.25    9.75   clock uncertainty
                          0.00    9.75   clock reconvergence pessimism
                         -2.00    7.75   output external delay
                                  7.75   data required time
-----------------------------------------------------------------------------
                                  7.75   data required time
                                 -2.35   data arrival time
-----------------------------------------------------------------------------
                                  5.40   slack (MET)


Startpoint: _361_ (rising edge-triggered flip-flop clocked by clk)
Endpoint: seg[5] (output port clocked by clk)
Path Group: clk
Path Type: max
Corner: Typical

Fanout     Cap    Slew   Delay    Time   Description
-----------------------------------------------------------------------------
                          0.00    0.00   clock clk (rise edge)
                          0.00    0.00   clock source latency
     1    0.02    0.11    0.08    0.08 ^ clk (in)
                                         clk (net)
                  0.11    0.00    0.08 ^ clkbuf_0_clk/A (sky130_fd_sc_hd__clkbuf_16)
     4    0.05    0.07    0.18    0.26 ^ clkbuf_0_clk/X (sky130_fd_sc_hd__clkbuf_16)
                                         clknet_0_clk (net)
                  0.07    0.00    0.26 ^ clkbuf_2_0__f_clk/A (sky130_fd_sc_hd__clkbuf_16)
     9    0.04    0.06    0.16    0.42 ^ clkbuf_2_0__f_clk/X (sky130_fd_sc_hd__clkbuf_16)
                                         clknet_2_0__leaf_clk (net)
                  0.06    0.00    0.42 ^ _361_/CLK (sky130_fd_sc_hd__dfrtp_4)
     6    0.04    0.11    0.57    0.99 v _361_/Q (sky130_fd_sc_hd__dfrtp_4)
                                         decoder.digit[3] (net)
                  0.11    0.00    1.00 v _285_/A (sky130_fd_sc_hd__nor2_2)
     4    0.04    0.42    0.41    1.40 ^ _285_/Y (sky130_fd_sc_hd__nor2_2)
                                         _155_ (net)
                  0.42    0.00    1.40 ^ _286_/C (sky130_fd_sc_hd__and3b_1)
     2    0.02    0.18    0.34    1.74 ^ _286_/X (sky130_fd_sc_hd__and3b_1)
                                         _156_ (net)
                  0.18    0.00    1.74 ^ _292_/C (sky130_fd_sc_hd__or3_1)
     1    0.01    0.09    0.18    1.92 ^ _292_/X (sky130_fd_sc_hd__or3_1)
                                         _158_ (net)
                  0.09    0.00    1.92 ^ _293_/A (sky130_fd_sc_hd__clkbuf_1)
     1    0.00    0.05    0.10    2.02 ^ _293_/X (sky130_fd_sc_hd__clkbuf_1)
                                         net7 (net)
                  0.05    0.00    2.02 ^ output7/A (sky130_fd_sc_hd__buf_2)
     1    0.03    0.17    0.21    2.23 ^ output7/X (sky130_fd_sc_hd__buf_2)
                                         seg[5] (net)
                  0.17    0.00    2.23 ^ seg[5] (out)
                                  2.23   data arrival time

                         10.00   10.00   clock clk (rise edge)
                          0.00   10.00   clock network delay (propagated)
                         -0.25    9.75   clock uncertainty
                          0.00    9.75   clock reconvergence pessimism
                         -2.00    7.75   output external delay
                                  7.75   data required time
-----------------------------------------------------------------------------
                                  7.75   data required time
                                 -2.23   data arrival time
-----------------------------------------------------------------------------
                                  5.52   slack (MET)


Startpoint: _361_ (rising edge-triggered flip-flop clocked by clk)
Endpoint: seg[6] (output port clocked by clk)
Path Group: clk
Path Type: max
Corner: Typical

Fanout     Cap    Slew   Delay    Time   Description
-----------------------------------------------------------------------------
                          0.00    0.00   clock clk (rise edge)
                          0.00    0.00   clock source latency
     1    0.02    0.11    0.08    0.08 ^ clk (in)
                                         clk (net)
                  0.11    0.00    0.08 ^ clkbuf_0_clk/A (sky130_fd_sc_hd__clkbuf_16)
     4    0.05    0.07    0.18    0.26 ^ clkbuf_0_clk/X (sky130_fd_sc_hd__clkbuf_16)
                                         clknet_0_clk (net)
                  0.07    0.00    0.26 ^ clkbuf_2_0__f_clk/A (sky130_fd_sc_hd__clkbuf_16)
     9    0.04    0.06    0.16    0.42 ^ clkbuf_2_0__f_clk/X (sky130_fd_sc_hd__clkbuf_16)
                                         clknet_2_0__leaf_clk (net)
                  0.06    0.00    0.42 ^ _361_/CLK (sky130_fd_sc_hd__dfrtp_4)
     6    0.04    0.11    0.57    0.99 v _361_/Q (sky130_fd_sc_hd__dfrtp_4)
                                         decoder.digit[3] (net)
                  0.11    0.00    1.00 v _165_/A (sky130_fd_sc_hd__nor2_2)
     2    0.03    0.33    0.34    1.33 ^ _165_/Y (sky130_fd_sc_hd__nor2_2)
                                         _066_ (net)
                  0.33    0.00    1.33 ^ _166_/B (sky130_fd_sc_hd__nand2_2)
     3    0.04    0.18    0.24    1.57 v _166_/Y (sky130_fd_sc_hd__nand2_2)
                                         _067_ (net)
                  0.18    0.00    1.57 v _294_/B1_N (sky130_fd_sc_hd__a21boi_2)
     2    0.02    0.12    0.25    1.83 v _294_/Y (sky130_fd_sc_hd__a21boi_2)
                                         net8 (net)
                  0.12    0.00    1.83 v output8/A (sky130_fd_sc_hd__buf_2)
     1    0.03    0.09    0.22    2.05 v output8/X (sky130_fd_sc_hd__buf_2)
                                         seg[6] (net)
                  0.09    0.00    2.05 v seg[6] (out)
                                  2.05   data arrival time

                         10.00   10.00   clock clk (rise edge)
                          0.00   10.00   clock network delay (propagated)
                         -0.25    9.75   clock uncertainty
                          0.00    9.75   clock reconvergence pessimism
                         -2.00    7.75   output external delay
                                  7.75   data required time
-----------------------------------------------------------------------------
                                  7.75   data required time
                                 -2.05   data arrival time
-----------------------------------------------------------------------------
                                  5.70   slack (MET)


Startpoint: _361_ (rising edge-triggered flip-flop clocked by clk)
Endpoint: seg[2] (output port clocked by clk)
Path Group: clk
Path Type: max
Corner: Typical

Fanout     Cap    Slew   Delay    Time   Description
-----------------------------------------------------------------------------
                          0.00    0.00   clock clk (rise edge)
                          0.00    0.00   clock source latency
     1    0.02    0.11    0.08    0.08 ^ clk (in)
                                         clk (net)
                  0.11    0.00    0.08 ^ clkbuf_0_clk/A (sky130_fd_sc_hd__clkbuf_16)
     4    0.05    0.07    0.18    0.26 ^ clkbuf_0_clk/X (sky130_fd_sc_hd__clkbuf_16)
                                         clknet_0_clk (net)
                  0.07    0.00    0.26 ^ clkbuf_2_0__f_clk/A (sky130_fd_sc_hd__clkbuf_16)
     9    0.04    0.06    0.16    0.42 ^ clkbuf_2_0__f_clk/X (sky130_fd_sc_hd__clkbuf_16)
                                         clknet_2_0__leaf_clk (net)
                  0.06    0.00    0.42 ^ _361_/CLK (sky130_fd_sc_hd__dfrtp_4)
     6    0.04    0.11    0.57    0.99 v _361_/Q (sky130_fd_sc_hd__dfrtp_4)
                                         decoder.digit[3] (net)
                  0.11    0.00    1.00 v _285_/A (sky130_fd_sc_hd__nor2_2)
     4    0.04    0.42    0.41    1.40 ^ _285_/Y (sky130_fd_sc_hd__nor2_2)
                                         _155_ (net)
                  0.42    0.00    1.40 ^ _289_/A2 (sky130_fd_sc_hd__a21oi_1)
     1    0.02    0.16    0.24    1.64 v _289_/Y (sky130_fd_sc_hd__a21oi_1)
                                         net4 (net)
                  0.16    0.00    1.64 v output4/A (sky130_fd_sc_hd__buf_2)
     1    0.03    0.09    0.24    1.88 v output4/X (sky130_fd_sc_hd__buf_2)
                                         seg[2] (net)
                  0.09    0.00    1.88 v seg[2] (out)
                                  1.88   data arrival time

                         10.00   10.00   clock clk (rise edge)
                          0.00   10.00   clock network delay (propagated)
                         -0.25    9.75   clock uncertainty
                          0.00    9.75   clock reconvergence pessimism
                         -2.00    7.75   output external delay
                                  7.75   data required time
-----------------------------------------------------------------------------
                                  7.75   data required time
                                 -1.88   data arrival time
-----------------------------------------------------------------------------
                                  5.87   slack (MET)


Startpoint: _361_ (rising edge-triggered flip-flop clocked by clk)
Endpoint: seg[4] (output port clocked by clk)
Path Group: clk
Path Type: max
Corner: Typical

Fanout     Cap    Slew   Delay    Time   Description
-----------------------------------------------------------------------------
                          0.00    0.00   clock clk (rise edge)
                          0.00    0.00   clock source latency
     1    0.02    0.11    0.08    0.08 ^ clk (in)
                                         clk (net)
                  0.11    0.00    0.08 ^ clkbuf_0_clk/A (sky130_fd_sc_hd__clkbuf_16)
     4    0.05    0.07    0.18    0.26 ^ clkbuf_0_clk/X (sky130_fd_sc_hd__clkbuf_16)
                                         clknet_0_clk (net)
                  0.07    0.00    0.26 ^ clkbuf_2_0__f_clk/A (sky130_fd_sc_hd__clkbuf_16)
     9    0.04    0.06    0.16    0.42 ^ clkbuf_2_0__f_clk/X (sky130_fd_sc_hd__clkbuf_16)
                                         clknet_2_0__leaf_clk (net)
                  0.06    0.00    0.42 ^ _361_/CLK (sky130_fd_sc_hd__dfrtp_4)
     6    0.04    0.11    0.57    0.99 v _361_/Q (sky130_fd_sc_hd__dfrtp_4)
                                         decoder.digit[3] (net)
                  0.11    0.00    1.00 v _290_/A (sky130_fd_sc_hd__or3_1)
     1    0.01    0.08    0.43    1.43 v _290_/X (sky130_fd_sc_hd__or3_1)
                                         _157_ (net)
                  0.08    0.00    1.43 v _291_/A (sky130_fd_sc_hd__buf_1)
     1    0.01    0.07    0.15    1.58 v _291_/X (sky130_fd_sc_hd__buf_1)
                                         net6 (net)
                  0.07    0.00    1.58 v output6/A (sky130_fd_sc_hd__buf_2)
     1    0.04    0.09    0.21    1.78 v output6/X (sky130_fd_sc_hd__buf_2)
                                         seg[4] (net)
                  0.09    0.00    1.78 v seg[4] (out)
                                  1.78   data arrival time

                         10.00   10.00   clock clk (rise edge)
                          0.00   10.00   clock network delay (propagated)
                         -0.25    9.75   clock uncertainty
                          0.00    9.75   clock reconvergence pessimism
                         -2.00    7.75   output external delay
                                  7.75   data required time
-----------------------------------------------------------------------------
                                  7.75   data required time
                                 -1.78   data arrival time
-----------------------------------------------------------------------------
                                  5.97   slack (MET)


Startpoint: _342_ (rising edge-triggered flip-flop clocked by clk)
Endpoint: _339_ (rising edge-triggered flip-flop clocked by clk)
Path Group: clk
Path Type: max
Corner: Typical

Fanout     Cap    Slew   Delay    Time   Description
-----------------------------------------------------------------------------
                          0.00    0.00   clock clk (rise edge)
                          0.00    0.00   clock source latency
     1    0.02    0.11    0.08    0.08 ^ clk (in)
                                         clk (net)
                  0.11    0.00    0.08 ^ clkbuf_0_clk/A (sky130_fd_sc_hd__clkbuf_16)
     4    0.05    0.07    0.18    0.26 ^ clkbuf_0_clk/X (sky130_fd_sc_hd__clkbuf_16)
                                         clknet_0_clk (net)
                  0.07    0.00    0.26 ^ clkbuf_2_1__f_clk/A (sky130_fd_sc_hd__clkbuf_16)
    11    0.04    0.06    0.15    0.42 ^ clkbuf_2_1__f_clk/X (sky130_fd_sc_hd__clkbuf_16)
                                         clknet_2_1__leaf_clk (net)
                  0.06    0.00    0.42 ^ _342_/CLK (sky130_fd_sc_hd__dfrtp_2)
     5    0.03    0.10    0.49    0.90 v _342_/Q (sky130_fd_sc_hd__dfrtp_2)
                                         one_second_counter[12] (net)
                  0.10    0.00    0.90 v _180_/C (sky130_fd_sc_hd__and4_1)
     2    0.02    0.11    0.30    1.20 v _180_/X (sky130_fd_sc_hd__and4_1)
                                         _078_ (net)
                  0.11    0.00    1.20 v _181_/D (sky130_fd_sc_hd__or4_2)
     1    0.02    0.16    0.69    1.89 v _181_/X (sky130_fd_sc_hd__or4_2)
                                         _079_ (net)
                  0.16    0.00    1.89 v _184_/A3 (sky130_fd_sc_hd__o31a_1)
     1    0.02    0.13    0.39    2.28 v _184_/X (sky130_fd_sc_hd__o31a_1)
                                         _082_ (net)
                  0.13    0.00    2.28 v _186_/A2 (sky130_fd_sc_hd__o211ai_2)
     2    0.02    0.28    0.30    2.58 ^ _186_/Y (sky130_fd_sc_hd__o211ai_2)
                                         _084_ (net)
                  0.28    0.00    2.58 ^ _187_/A2 (sky130_fd_sc_hd__a21bo_2)
     9    0.05    0.28    0.38    2.96 ^ _187_/X (sky130_fd_sc_hd__a21bo_2)
                                         _085_ (net)
                  0.28    0.00    2.96 ^ _188_/A (sky130_fd_sc_hd__inv_2)
     2    0.02    0.10    0.13    3.10 v _188_/Y (sky130_fd_sc_hd__inv_2)
                                         _086_ (net)
                  0.10    0.00    3.10 v _189_/A (sky130_fd_sc_hd__buf_4)
    10    0.07    0.10    0.24    3.33 v _189_/X (sky130_fd_sc_hd__buf_4)
                                         _027_ (net)
                  0.10    0.00    3.34 v _222_/A (sky130_fd_sc_hd__nor3_1)
     1    0.02    0.51    0.50    3.83 ^ _222_/Y (sky130_fd_sc_hd__nor3_1)
                                         _026_ (net)
                  0.51    0.00    3.83 ^ _339_/D (sky130_fd_sc_hd__dfrtp_2)
                                  3.83   data arrival time

                         10.00   10.00   clock clk (rise edge)
                          0.00   10.00   clock source latency
     1    0.02    0.11    0.07   10.07 ^ clk (in)
                                         clk (net)
                  0.11    0.00   10.07 ^ clkbuf_0_clk/A (sky130_fd_sc_hd__clkbuf_16)
     4    0.05    0.07    0.16   10.24 ^ clkbuf_0_clk/X (sky130_fd_sc_hd__clkbuf_16)
                                         clknet_0_clk (net)
                  0.07    0.00   10.24 ^ clkbuf_2_0__f_clk/A (sky130_fd_sc_hd__clkbuf_16)
     9    0.04    0.06    0.14   10.38 ^ clkbuf_2_0__f_clk/X (sky130_fd_sc_hd__clkbuf_16)
                                         clknet_2_0__leaf_clk (net)
                  0.06    0.00   10.38 ^ _339_/CLK (sky130_fd_sc_hd__dfrtp_2)
                         -0.25   10.13   clock uncertainty
                          0.02   10.16   clock reconvergence pessimism
                         -0.17    9.99   library setup time
                                  9.99   data required time
-----------------------------------------------------------------------------
                                  9.99   data required time
                                 -3.83   data arrival time
-----------------------------------------------------------------------------
                                  6.16   slack (MET)


Startpoint: _342_ (rising edge-triggered flip-flop clocked by clk)
Endpoint: _340_ (rising edge-triggered flip-flop clocked by clk)
Path Group: clk
Path Type: max
Corner: Typical

Fanout     Cap    Slew   Delay    Time   Description
-----------------------------------------------------------------------------
                          0.00    0.00   clock clk (rise edge)
                          0.00    0.00   clock source latency
     1    0.02    0.11    0.08    0.08 ^ clk (in)
                                         clk (net)
                  0.11    0.00    0.08 ^ clkbuf_0_clk/A (sky130_fd_sc_hd__clkbuf_16)
     4    0.05    0.07    0.18    0.26 ^ clkbuf_0_clk/X (sky130_fd_sc_hd__clkbuf_16)
                                         clknet_0_clk (net)
                  0.07    0.00    0.26 ^ clkbuf_2_1__f_clk/A (sky130_fd_sc_hd__clkbuf_16)
    11    0.04    0.06    0.15    0.42 ^ clkbuf_2_1__f_clk/X (sky130_fd_sc_hd__clkbuf_16)
                                         clknet_2_1__leaf_clk (net)
                  0.06    0.00    0.42 ^ _342_/CLK (sky130_fd_sc_hd__dfrtp_2)
     5    0.03    0.10    0.49    0.90 v _342_/Q (sky130_fd_sc_hd__dfrtp_2)
                                         one_second_counter[12] (net)
                  0.10    0.00    0.90 v _180_/C (sky130_fd_sc_hd__and4_1)
     2    0.02    0.11    0.30    1.20 v _180_/X (sky130_fd_sc_hd__and4_1)
                                         _078_ (net)
                  0.11    0.00    1.20 v _181_/D (sky130_fd_sc_hd__or4_2)
     1    0.02    0.16    0.69    1.89 v _181_/X (sky130_fd_sc_hd__or4_2)
                                         _079_ (net)
                  0.16    0.00    1.89 v _184_/A3 (sky130_fd_sc_hd__o31a_1)
     1    0.02    0.13    0.39    2.28 v _184_/X (sky130_fd_sc_hd__o31a_1)
                                         _082_ (net)
                  0.13    0.00    2.28 v _186_/A2 (sky130_fd_sc_hd__o211ai_2)
     2    0.02    0.28    0.30    2.58 ^ _186_/Y (sky130_fd_sc_hd__o211ai_2)
                                         _084_ (net)
                  0.28    0.00    2.58 ^ _187_/A2 (sky130_fd_sc_hd__a21bo_2)
     9    0.05    0.28    0.38    2.96 ^ _187_/X (sky130_fd_sc_hd__a21bo_2)
                                         _085_ (net)
                  0.28    0.00    2.96 ^ _202_/A (sky130_fd_sc_hd__clkbuf_4)
    10    0.06    0.19    0.34    3.30 ^ _202_/X (sky130_fd_sc_hd__clkbuf_4)
                                         _095_ (net)
                  0.19    0.00    3.31 ^ _225_/A (sky130_fd_sc_hd__and3_1)
     1    0.03    0.27    0.36    3.67 ^ _225_/X (sky130_fd_sc_hd__and3_1)
                                         _112_ (net)
                  0.27    0.00    3.67 ^ _226_/A (sky130_fd_sc_hd__buf_1)
     1    0.01    0.18    0.23    3.90 ^ _226_/X (sky130_fd_sc_hd__buf_1)
                                         _001_ (net)
                  0.18    0.00    3.90 ^ _340_/D (sky130_fd_sc_hd__dfrtp_4)
                                  3.90   data arrival time

                         10.00   10.00   clock clk (rise edge)
                          0.00   10.00   clock source latency
     1    0.02    0.11    0.07   10.07 ^ clk (in)
                                         clk (net)
                  0.11    0.00   10.07 ^ clkbuf_0_clk/A (sky130_fd_sc_hd__clkbuf_16)
     4    0.05    0.07    0.16   10.24 ^ clkbuf_0_clk/X (sky130_fd_sc_hd__clkbuf_16)
                                         clknet_0_clk (net)
                  0.07    0.00   10.24 ^ clkbuf_2_0__f_clk/A (sky130_fd_sc_hd__clkbuf_16)
     9    0.04    0.06    0.14   10.38 ^ clkbuf_2_0__f_clk/X (sky130_fd_sc_hd__clkbuf_16)
                                         clknet_2_0__leaf_clk (net)
                  0.06    0.00   10.38 ^ _340_/CLK (sky130_fd_sc_hd__dfrtp_4)
                         -0.25   10.13   clock uncertainty
                          0.02   10.16   clock reconvergence pessimism
                         -0.09   10.06   library setup time
                                 10.06   data required time
-----------------------------------------------------------------------------
                                 10.06   data required time
                                 -3.90   data arrival time
-----------------------------------------------------------------------------
                                  6.17   slack (MET)


Startpoint: _342_ (rising edge-triggered flip-flop clocked by clk)
Endpoint: _335_ (rising edge-triggered flip-flop clocked by clk)
Path Group: clk
Path Type: max
Corner: Typical

Fanout     Cap    Slew   Delay    Time   Description
-----------------------------------------------------------------------------
                          0.00    0.00   clock clk (rise edge)
                          0.00    0.00   clock source latency
     1    0.02    0.11    0.08    0.08 ^ clk (in)
                                         clk (net)
                  0.11    0.00    0.08 ^ clkbuf_0_clk/A (sky130_fd_sc_hd__clkbuf_16)
     4    0.05    0.07    0.18    0.26 ^ clkbuf_0_clk/X (sky130_fd_sc_hd__clkbuf_16)
                                         clknet_0_clk (net)
                  0.07    0.00    0.26 ^ clkbuf_2_1__f_clk/A (sky130_fd_sc_hd__clkbuf_16)
    11    0.04    0.06    0.15    0.42 ^ clkbuf_2_1__f_clk/X (sky130_fd_sc_hd__clkbuf_16)
                                         clknet_2_1__leaf_clk (net)
                  0.06    0.00    0.42 ^ _342_/CLK (sky130_fd_sc_hd__dfrtp_2)
     5    0.03    0.10    0.49    0.90 v _342_/Q (sky130_fd_sc_hd__dfrtp_2)
                                         one_second_counter[12] (net)
                  0.10    0.00    0.90 v _180_/C (sky130_fd_sc_hd__and4_1)
     2    0.02    0.11    0.30    1.20 v _180_/X (sky130_fd_sc_hd__and4_1)
                                         _078_ (net)
                  0.11    0.00    1.20 v _181_/D (sky130_fd_sc_hd__or4_2)
     1    0.02    0.16    0.69    1.89 v _181_/X (sky130_fd_sc_hd__or4_2)
                                         _079_ (net)
                  0.16    0.00    1.89 v _184_/A3 (sky130_fd_sc_hd__o31a_1)
     1    0.02    0.13    0.39    2.28 v _184_/X (sky130_fd_sc_hd__o31a_1)
                                         _082_ (net)
                  0.13    0.00    2.28 v _186_/A2 (sky130_fd_sc_hd__o211ai_2)
     2    0.02    0.28    0.30    2.58 ^ _186_/Y (sky130_fd_sc_hd__o211ai_2)
                                         _084_ (net)
                  0.28    0.00    2.58 ^ _187_/A2 (sky130_fd_sc_hd__a21bo_2)
     9    0.05    0.28    0.38    2.96 ^ _187_/X (sky130_fd_sc_hd__a21bo_2)
                                         _085_ (net)
                  0.28    0.00    2.96 ^ _188_/A (sky130_fd_sc_hd__inv_2)
     2    0.02    0.10    0.13    3.10 v _188_/Y (sky130_fd_sc_hd__inv_2)
                                         _086_ (net)
                  0.10    0.00    3.10 v _189_/A (sky130_fd_sc_hd__buf_4)
    10    0.07    0.10    0.24    3.33 v _189_/X (sky130_fd_sc_hd__buf_4)
                                         _027_ (net)
                  0.10    0.00    3.34 v _209_/A (sky130_fd_sc_hd__nor3_1)
     1    0.02    0.48    0.47    3.80 ^ _209_/Y (sky130_fd_sc_hd__nor3_1)
                                         _022_ (net)
                  0.48    0.00    3.80 ^ _335_/D (sky130_fd_sc_hd__dfrtp_2)
                                  3.80   data arrival time

                         10.00   10.00   clock clk (rise edge)
                          0.00   10.00   clock source latency
     1    0.02    0.11    0.07   10.07 ^ clk (in)
                                         clk (net)
                  0.11    0.00   10.07 ^ clkbuf_0_clk/A (sky130_fd_sc_hd__clkbuf_16)
     4    0.05    0.07    0.16   10.24 ^ clkbuf_0_clk/X (sky130_fd_sc_hd__clkbuf_16)
                                         clknet_0_clk (net)
                  0.07    0.00   10.24 ^ clkbuf_2_2__f_clk/A (sky130_fd_sc_hd__clkbuf_16)
     7    0.05    0.07    0.15   10.38 ^ clkbuf_2_2__f_clk/X (sky130_fd_sc_hd__clkbuf_16)
                                         clknet_2_2__leaf_clk (net)
                  0.07    0.00   10.38 ^ _335_/CLK (sky130_fd_sc_hd__dfrtp_2)
                         -0.25   10.13   clock uncertainty
                          0.02   10.16   clock reconvergence pessimism
                         -0.16   10.00   library setup time
                                 10.00   data required time
-----------------------------------------------------------------------------
                                 10.00   data required time
                                 -3.80   data arrival time
-----------------------------------------------------------------------------
                                  6.19   slack (MET)


Startpoint: _342_ (rising edge-triggered flip-flop clocked by clk)
Endpoint: _349_ (rising edge-triggered flip-flop clocked by clk)
Path Group: clk
Path Type: max
Corner: Typical

Fanout     Cap    Slew   Delay    Time   Description
-----------------------------------------------------------------------------
                          0.00    0.00   clock clk (rise edge)
                          0.00    0.00   clock source latency
     1    0.02    0.11    0.08    0.08 ^ clk (in)
                                         clk (net)
                  0.11    0.00    0.08 ^ clkbuf_0_clk/A (sky130_fd_sc_hd__clkbuf_16)
     4    0.05    0.07    0.18    0.26 ^ clkbuf_0_clk/X (sky130_fd_sc_hd__clkbuf_16)
                                         clknet_0_clk (net)
                  0.07    0.00    0.26 ^ clkbuf_2_1__f_clk/A (sky130_fd_sc_hd__clkbuf_16)
    11    0.04    0.06    0.15    0.42 ^ clkbuf_2_1__f_clk/X (sky130_fd_sc_hd__clkbuf_16)
                                         clknet_2_1__leaf_clk (net)
                  0.06    0.00    0.42 ^ _342_/CLK (sky130_fd_sc_hd__dfrtp_2)
     5    0.03    0.10    0.49    0.90 v _342_/Q (sky130_fd_sc_hd__dfrtp_2)
                                         one_second_counter[12] (net)
                  0.10    0.00    0.90 v _180_/C (sky130_fd_sc_hd__and4_1)
     2    0.02    0.11    0.30    1.20 v _180_/X (sky130_fd_sc_hd__and4_1)
                                         _078_ (net)
                  0.11    0.00    1.20 v _181_/D (sky130_fd_sc_hd__or4_2)
     1    0.02    0.16    0.69    1.89 v _181_/X (sky130_fd_sc_hd__or4_2)
                                         _079_ (net)
                  0.16    0.00    1.89 v _184_/A3 (sky130_fd_sc_hd__o31a_1)
     1    0.02    0.13    0.39    2.28 v _184_/X (sky130_fd_sc_hd__o31a_1)
                                         _082_ (net)
                  0.13    0.00    2.28 v _186_/A2 (sky130_fd_sc_hd__o211ai_2)
     2    0.02    0.28    0.30    2.58 ^ _186_/Y (sky130_fd_sc_hd__o211ai_2)
                                         _084_ (net)
                  0.28    0.00    2.58 ^ _187_/A2 (sky130_fd_sc_hd__a21bo_2)
     9    0.05    0.28    0.38    2.96 ^ _187_/X (sky130_fd_sc_hd__a21bo_2)
                                         _085_ (net)
                  0.28    0.00    2.96 ^ _202_/A (sky130_fd_sc_hd__clkbuf_4)
    10    0.06    0.19    0.34    3.30 ^ _202_/X (sky130_fd_sc_hd__clkbuf_4)
                                         _095_ (net)
                  0.19    0.00    3.30 ^ _260_/A (sky130_fd_sc_hd__and3_1)
     1    0.02    0.20    0.31    3.61 ^ _260_/X (sky130_fd_sc_hd__and3_1)
                                         _138_ (net)
                  0.20    0.00    3.61 ^ _261_/A (sky130_fd_sc_hd__buf_1)
     1    0.02    0.20    0.23    3.85 ^ _261_/X (sky130_fd_sc_hd__buf_1)
                                         _010_ (net)
                  0.20    0.00    3.85 ^ _349_/D (sky130_fd_sc_hd__dfrtp_2)
                                  3.85   data arrival time

                         10.00   10.00   clock clk (rise edge)
                          0.00   10.00   clock source latency
     1    0.02    0.11    0.07   10.07 ^ clk (in)
                                         clk (net)
                  0.11    0.00   10.07 ^ clkbuf_0_clk/A (sky130_fd_sc_hd__clkbuf_16)
     4    0.05    0.07    0.16   10.24 ^ clkbuf_0_clk/X (sky130_fd_sc_hd__clkbuf_16)
                                         clknet_0_clk (net)
                  0.07    0.00   10.24 ^ clkbuf_2_3__f_clk/A (sky130_fd_sc_hd__clkbuf_16)
     8    0.04    0.06    0.14   10.38 ^ clkbuf_2_3__f_clk/X (sky130_fd_sc_hd__clkbuf_16)
                                         clknet_2_3__leaf_clk (net)
                  0.06    0.00   10.38 ^ _349_/CLK (sky130_fd_sc_hd__dfrtp_2)
                         -0.25   10.13   clock uncertainty
                          0.02   10.15   clock reconvergence pessimism
                         -0.10   10.06   library setup time
                                 10.06   data required time
-----------------------------------------------------------------------------
                                 10.06   data required time
                                 -3.85   data arrival time
-----------------------------------------------------------------------------
                                  6.21   slack (MET)


Startpoint: _343_ (rising edge-triggered flip-flop clocked by clk)
Endpoint: _342_ (rising edge-triggered flip-flop clocked by clk)
Path Group: clk
Path Type: max
Corner: Typical

Fanout     Cap    Slew   Delay    Time   Description
-----------------------------------------------------------------------------
                          0.00    0.00   clock clk (rise edge)
                          0.00    0.00   clock source latency
     1    0.02    0.11    0.08    0.08 ^ clk (in)
                                         clk (net)
                  0.11    0.00    0.08 ^ clkbuf_0_clk/A (sky130_fd_sc_hd__clkbuf_16)
     4    0.05    0.07    0.18    0.26 ^ clkbuf_0_clk/X (sky130_fd_sc_hd__clkbuf_16)
                                         clknet_0_clk (net)
                  0.07    0.00    0.26 ^ clkbuf_2_0__f_clk/A (sky130_fd_sc_hd__clkbuf_16)
     9    0.04    0.06    0.16    0.42 ^ clkbuf_2_0__f_clk/X (sky130_fd_sc_hd__clkbuf_16)
                                         clknet_2_0__leaf_clk (net)
                  0.06    0.00    0.42 ^ _343_/CLK (sky130_fd_sc_hd__dfrtp_1)
     4    0.02    0.11    0.46    0.88 v _343_/Q (sky130_fd_sc_hd__dfrtp_1)
                                         one_second_counter[13] (net)
                  0.11    0.00    0.88 v _180_/D (sky130_fd_sc_hd__and4_1)
     2    0.02    0.11    0.32    1.19 v _180_/X (sky130_fd_sc_hd__and4_1)
                                         _078_ (net)
                  0.11    0.00    1.19 v _181_/D (sky130_fd_sc_hd__or4_2)
     1    0.02    0.16    0.69    1.88 v _181_/X (sky130_fd_sc_hd__or4_2)
                                         _079_ (net)
                  0.16    0.00    1.88 v _184_/A3 (sky130_fd_sc_hd__o31a_1)
     1    0.02    0.13    0.39    2.27 v _184_/X (sky130_fd_sc_hd__o31a_1)
                                         _082_ (net)
                  0.13    0.00    2.27 v _186_/A2 (sky130_fd_sc_hd__o211ai_2)
     2    0.02    0.28    0.30    2.57 ^ _186_/Y (sky130_fd_sc_hd__o211ai_2)
                                         _084_ (net)
                  0.28    0.00    2.57 ^ _187_/A2 (sky130_fd_sc_hd__a21bo_2)
     9    0.05    0.28    0.38    2.95 ^ _187_/X (sky130_fd_sc_hd__a21bo_2)
                                         _085_ (net)
                  0.28    0.00    2.95 ^ _202_/A (sky130_fd_sc_hd__clkbuf_4)
    10    0.06    0.19    0.34    3.29 ^ _202_/X (sky130_fd_sc_hd__clkbuf_4)
                                         _095_ (net)
                  0.19    0.00    3.29 ^ _232_/A (sky130_fd_sc_hd__and3_1)
     1    0.02    0.21    0.32    3.62 ^ _232_/X (sky130_fd_sc_hd__and3_1)
                                         _117_ (net)
                  0.21    0.00    3.62 ^ _233_/A (sky130_fd_sc_hd__buf_1)
     1    0.01    0.17    0.22    3.83 ^ _233_/X (sky130_fd_sc_hd__buf_1)
                                         _003_ (net)
                  0.17    0.00    3.83 ^ _342_/D (sky130_fd_sc_hd__dfrtp_2)
                                  3.83   data arrival time

                         10.00   10.00   clock clk (rise edge)
                          0.00   10.00   clock source latency
     1    0.02    0.11    0.07   10.07 ^ clk (in)
                                         clk (net)
                  0.11    0.00   10.07 ^ clkbuf_0_clk/A (sky130_fd_sc_hd__clkbuf_16)
     4    0.05    0.07    0.16   10.24 ^ clkbuf_0_clk/X (sky130_fd_sc_hd__clkbuf_16)
                                         clknet_0_clk (net)
                  0.07    0.00   10.24 ^ clkbuf_2_1__f_clk/A (sky130_fd_sc_hd__clkbuf_16)
    11    0.04    0.06    0.14   10.38 ^ clkbuf_2_1__f_clk/X (sky130_fd_sc_hd__clkbuf_16)
                                         clknet_2_1__leaf_clk (net)
                  0.06    0.00   10.38 ^ _342_/CLK (sky130_fd_sc_hd__dfrtp_2)
                         -0.25   10.13   clock uncertainty
                          0.02   10.15   clock reconvergence pessimism
                         -0.09   10.06   library setup time
                                 10.06   data required time
-----------------------------------------------------------------------------
                                 10.06   data required time
                                 -3.83   data arrival time
-----------------------------------------------------------------------------
                                  6.23   slack (MET)


Startpoint: _342_ (rising edge-triggered flip-flop clocked by clk)
Endpoint: _354_ (rising edge-triggered flip-flop clocked by clk)
Path Group: clk
Path Type: max
Corner: Typical

Fanout     Cap    Slew   Delay    Time   Description
-----------------------------------------------------------------------------
                          0.00    0.00   clock clk (rise edge)
                          0.00    0.00   clock source latency
     1    0.02    0.11    0.08    0.08 ^ clk (in)
                                         clk (net)
                  0.11    0.00    0.08 ^ clkbuf_0_clk/A (sky130_fd_sc_hd__clkbuf_16)
     4    0.05    0.07    0.18    0.26 ^ clkbuf_0_clk/X (sky130_fd_sc_hd__clkbuf_16)
                                         clknet_0_clk (net)
                  0.07    0.00    0.26 ^ clkbuf_2_1__f_clk/A (sky130_fd_sc_hd__clkbuf_16)
    11    0.04    0.06    0.15    0.42 ^ clkbuf_2_1__f_clk/X (sky130_fd_sc_hd__clkbuf_16)
                                         clknet_2_1__leaf_clk (net)
                  0.06    0.00    0.42 ^ _342_/CLK (sky130_fd_sc_hd__dfrtp_2)
     5    0.03    0.10    0.49    0.90 v _342_/Q (sky130_fd_sc_hd__dfrtp_2)
                                         one_second_counter[12] (net)
                  0.10    0.00    0.90 v _180_/C (sky130_fd_sc_hd__and4_1)
     2    0.02    0.11    0.30    1.20 v _180_/X (sky130_fd_sc_hd__and4_1)
                                         _078_ (net)
                  0.11    0.00    1.20 v _181_/D (sky130_fd_sc_hd__or4_2)
     1    0.02    0.16    0.69    1.89 v _181_/X (sky130_fd_sc_hd__or4_2)
                                         _079_ (net)
                  0.16    0.00    1.89 v _184_/A3 (sky130_fd_sc_hd__o31a_1)
     1    0.02    0.13    0.39    2.28 v _184_/X (sky130_fd_sc_hd__o31a_1)
                                         _082_ (net)
                  0.13    0.00    2.28 v _186_/A2 (sky130_fd_sc_hd__o211ai_2)
     2    0.02    0.28    0.30    2.58 ^ _186_/Y (sky130_fd_sc_hd__o211ai_2)
                                         _084_ (net)
                  0.28    0.00    2.58 ^ _187_/A2 (sky130_fd_sc_hd__a21bo_2)
     9    0.05    0.28    0.38    2.96 ^ _187_/X (sky130_fd_sc_hd__a21bo_2)
                                         _085_ (net)
                  0.28    0.00    2.96 ^ _188_/A (sky130_fd_sc_hd__inv_2)
     2    0.02    0.10    0.13    3.10 v _188_/Y (sky130_fd_sc_hd__inv_2)
                                         _086_ (net)
                  0.10    0.00    3.10 v _189_/A (sky130_fd_sc_hd__buf_4)
    10    0.07    0.10    0.24    3.33 v _189_/X (sky130_fd_sc_hd__buf_4)
                                         _027_ (net)
                  0.10    0.01    3.34 v _278_/A (sky130_fd_sc_hd__nor3_1)
     1    0.01    0.39    0.40    3.74 ^ _278_/Y (sky130_fd_sc_hd__nor3_1)
                                         _016_ (net)
                  0.39    0.00    3.74 ^ _354_/D (sky130_fd_sc_hd__dfrtp_4)
                                  3.74   data arrival time

                         10.00   10.00   clock clk (rise edge)
                          0.00   10.00   clock source latency
     1    0.02    0.11    0.07   10.07 ^ clk (in)
                                         clk (net)
                  0.11    0.00   10.07 ^ clkbuf_0_clk/A (sky130_fd_sc_hd__clkbuf_16)
     4    0.05    0.07    0.16   10.24 ^ clkbuf_0_clk/X (sky130_fd_sc_hd__clkbuf_16)
                                         clknet_0_clk (net)
                  0.07    0.00   10.24 ^ clkbuf_2_3__f_clk/A (sky130_fd_sc_hd__clkbuf_16)
     8    0.04    0.06    0.14   10.38 ^ clkbuf_2_3__f_clk/X (sky130_fd_sc_hd__clkbuf_16)
                                         clknet_2_3__leaf_clk (net)
                  0.06    0.00   10.38 ^ _354_/CLK (sky130_fd_sc_hd__dfrtp_4)
                         -0.25   10.13   clock uncertainty
                          0.02   10.15   clock reconvergence pessimism
                         -0.14   10.01   library setup time
                                 10.01   data required time
-----------------------------------------------------------------------------
                                 10.01   data required time
                                 -3.74   data arrival time
-----------------------------------------------------------------------------
                                  6.28   slack (MET)


Startpoint: _343_ (rising edge-triggered flip-flop clocked by clk)
Endpoint: _336_ (rising edge-triggered flip-flop clocked by clk)
Path Group: clk
Path Type: max
Corner: Typical

Fanout     Cap    Slew   Delay    Time   Description
-----------------------------------------------------------------------------
                          0.00    0.00   clock clk (rise edge)
                          0.00    0.00   clock source latency
     1    0.02    0.11    0.08    0.08 ^ clk (in)
                                         clk (net)
                  0.11    0.00    0.08 ^ clkbuf_0_clk/A (sky130_fd_sc_hd__clkbuf_16)
     4    0.05    0.07    0.18    0.26 ^ clkbuf_0_clk/X (sky130_fd_sc_hd__clkbuf_16)
                                         clknet_0_clk (net)
                  0.07    0.00    0.26 ^ clkbuf_2_0__f_clk/A (sky130_fd_sc_hd__clkbuf_16)
     9    0.04    0.06    0.16    0.42 ^ clkbuf_2_0__f_clk/X (sky130_fd_sc_hd__clkbuf_16)
                                         clknet_2_0__leaf_clk (net)
                  0.06    0.00    0.42 ^ _343_/CLK (sky130_fd_sc_hd__dfrtp_1)
     4    0.02    0.11    0.46    0.88 v _343_/Q (sky130_fd_sc_hd__dfrtp_1)
                                         one_second_counter[13] (net)
                  0.11    0.00    0.88 v _180_/D (sky130_fd_sc_hd__and4_1)
     2    0.02    0.11    0.32    1.19 v _180_/X (sky130_fd_sc_hd__and4_1)
                                         _078_ (net)
                  0.11    0.00    1.19 v _181_/D (sky130_fd_sc_hd__or4_2)
     1    0.02    0.16    0.69    1.88 v _181_/X (sky130_fd_sc_hd__or4_2)
                                         _079_ (net)
                  0.16    0.00    1.88 v _184_/A3 (sky130_fd_sc_hd__o31a_1)
     1    0.02    0.13    0.39    2.27 v _184_/X (sky130_fd_sc_hd__o31a_1)
                                         _082_ (net)
                  0.13    0.00    2.27 v _186_/A2 (sky130_fd_sc_hd__o211ai_2)
     2    0.02    0.28    0.30    2.57 ^ _186_/Y (sky130_fd_sc_hd__o211ai_2)
                                         _084_ (net)
                  0.28    0.00    2.57 ^ _187_/A2 (sky130_fd_sc_hd__a21bo_2)
     9    0.05    0.28    0.38    2.95 ^ _187_/X (sky130_fd_sc_hd__a21bo_2)
                                         _085_ (net)
                  0.28    0.00    2.95 ^ _202_/A (sky130_fd_sc_hd__clkbuf_4)
    10    0.06    0.19    0.34    3.29 ^ _202_/X (sky130_fd_sc_hd__clkbuf_4)
                                         _095_ (net)
                  0.19    0.00    3.29 ^ _212_/A (sky130_fd_sc_hd__and3_1)
     1    0.01    0.08    0.22    3.51 ^ _212_/X (sky130_fd_sc_hd__and3_1)
                                         _103_ (net)
                  0.08    0.00    3.51 ^ _213_/A (sky130_fd_sc_hd__buf_1)
     1    0.02    0.24    0.24    3.75 ^ _213_/X (sky130_fd_sc_hd__buf_1)
                                         _023_ (net)
                  0.24    0.00    3.75 ^ _336_/D (sky130_fd_sc_hd__dfrtp_2)
                                  3.75   data arrival time

                         10.00   10.00   clock clk (rise edge)
                          0.00   10.00   clock source latency
     1    0.02    0.11    0.07   10.07 ^ clk (in)
                                         clk (net)
                  0.11    0.00   10.07 ^ clkbuf_0_clk/A (sky130_fd_sc_hd__clkbuf_16)
     4    0.05    0.07    0.16   10.24 ^ clkbuf_0_clk/X (sky130_fd_sc_hd__clkbuf_16)
                                         clknet_0_clk (net)
                  0.07    0.00   10.24 ^ clkbuf_2_1__f_clk/A (sky130_fd_sc_hd__clkbuf_16)
    11    0.04    0.06    0.14   10.38 ^ clkbuf_2_1__f_clk/X (sky130_fd_sc_hd__clkbuf_16)
                                         clknet_2_1__leaf_clk (net)
                  0.06    0.00   10.38 ^ _336_/CLK (sky130_fd_sc_hd__dfrtp_2)
                         -0.25   10.13   clock uncertainty
                          0.02   10.15   clock reconvergence pessimism
                         -0.11   10.04   library setup time
                                 10.04   data required time
-----------------------------------------------------------------------------
                                 10.04   data required time
                                 -3.75   data arrival time
-----------------------------------------------------------------------------
                                  6.29   slack (MET)


Startpoint: _343_ (rising edge-triggered flip-flop clocked by clk)
Endpoint: _353_ (rising edge-triggered flip-flop clocked by clk)
Path Group: clk
Path Type: max
Corner: Typical

Fanout     Cap    Slew   Delay    Time   Description
-----------------------------------------------------------------------------
                          0.00    0.00   clock clk (rise edge)
                          0.00    0.00   clock source latency
     1    0.02    0.11    0.08    0.08 ^ clk (in)
                                         clk (net)
                  0.11    0.00    0.08 ^ clkbuf_0_clk/A (sky130_fd_sc_hd__clkbuf_16)
     4    0.05    0.07    0.18    0.26 ^ clkbuf_0_clk/X (sky130_fd_sc_hd__clkbuf_16)
                                         clknet_0_clk (net)
                  0.07    0.00    0.26 ^ clkbuf_2_0__f_clk/A (sky130_fd_sc_hd__clkbuf_16)
     9    0.04    0.06    0.16    0.42 ^ clkbuf_2_0__f_clk/X (sky130_fd_sc_hd__clkbuf_16)
                                         clknet_2_0__leaf_clk (net)
                  0.06    0.00    0.42 ^ _343_/CLK (sky130_fd_sc_hd__dfrtp_1)
     4    0.02    0.11    0.46    0.88 v _343_/Q (sky130_fd_sc_hd__dfrtp_1)
                                         one_second_counter[13] (net)
                  0.11    0.00    0.88 v _180_/D (sky130_fd_sc_hd__and4_1)
     2    0.02    0.11    0.32    1.19 v _180_/X (sky130_fd_sc_hd__and4_1)
                                         _078_ (net)
                  0.11    0.00    1.19 v _181_/D (sky130_fd_sc_hd__or4_2)
     1    0.02    0.16    0.69    1.88 v _181_/X (sky130_fd_sc_hd__or4_2)
                                         _079_ (net)
                  0.16    0.00    1.88 v _184_/A3 (sky130_fd_sc_hd__o31a_1)
     1    0.02    0.13    0.39    2.27 v _184_/X (sky130_fd_sc_hd__o31a_1)
                                         _082_ (net)
                  0.13    0.00    2.27 v _186_/A2 (sky130_fd_sc_hd__o211ai_2)
     2    0.02    0.28    0.30    2.57 ^ _186_/Y (sky130_fd_sc_hd__o211ai_2)
                                         _084_ (net)
                  0.28    0.00    2.57 ^ _187_/A2 (sky130_fd_sc_hd__a21bo_2)
     9    0.05    0.28    0.38    2.95 ^ _187_/X (sky130_fd_sc_hd__a21bo_2)
                                         _085_ (net)
                  0.28    0.00    2.95 ^ _188_/A (sky130_fd_sc_hd__inv_2)
     2    0.02    0.10    0.13    3.08 v _188_/Y (sky130_fd_sc_hd__inv_2)
                                         _086_ (net)
                  0.10    0.00    3.09 v _189_/A (sky130_fd_sc_hd__buf_4)
    10    0.07    0.10    0.24    3.32 v _189_/X (sky130_fd_sc_hd__buf_4)
                                         _027_ (net)
                  0.10    0.01    3.33 v _275_/C1 (sky130_fd_sc_hd__a221oi_2)
     1    0.02    0.39    0.35    3.68 ^ _275_/Y (sky130_fd_sc_hd__a221oi_2)
                                         _015_ (net)
                  0.39    0.00    3.68 ^ _353_/D (sky130_fd_sc_hd__dfrtp_1)
                                  3.68   data arrival time

                         10.00   10.00   clock clk (rise edge)
                          0.00   10.00   clock source latency
     1    0.02    0.11    0.07   10.07 ^ clk (in)
                                         clk (net)
                  0.11    0.00   10.07 ^ clkbuf_0_clk/A (sky130_fd_sc_hd__clkbuf_16)
     4    0.05    0.07    0.16   10.24 ^ clkbuf_0_clk/X (sky130_fd_sc_hd__clkbuf_16)
                                         clknet_0_clk (net)
                  0.07    0.00   10.24 ^ clkbuf_2_1__f_clk/A (sky130_fd_sc_hd__clkbuf_16)
    11    0.04    0.06    0.14   10.38 ^ clkbuf_2_1__f_clk/X (sky130_fd_sc_hd__clkbuf_16)
                                         clknet_2_1__leaf_clk (net)
                  0.06    0.00   10.38 ^ _353_/CLK (sky130_fd_sc_hd__dfrtp_1)
                         -0.25   10.13   clock uncertainty
                          0.02   10.15   clock reconvergence pessimism
                         -0.14   10.01   library setup time
                                 10.01   data required time
-----------------------------------------------------------------------------
                                 10.01   data required time
                                 -3.68   data arrival time
-----------------------------------------------------------------------------
                                  6.33   slack (MET)


Startpoint: _342_ (rising edge-triggered flip-flop clocked by clk)
Endpoint: _345_ (rising edge-triggered flip-flop clocked by clk)
Path Group: clk
Path Type: max
Corner: Typical

Fanout     Cap    Slew   Delay    Time   Description
-----------------------------------------------------------------------------
                          0.00    0.00   clock clk (rise edge)
                          0.00    0.00   clock source latency
     1    0.02    0.11    0.08    0.08 ^ clk (in)
                                         clk (net)
                  0.11    0.00    0.08 ^ clkbuf_0_clk/A (sky130_fd_sc_hd__clkbuf_16)
     4    0.05    0.07    0.18    0.26 ^ clkbuf_0_clk/X (sky130_fd_sc_hd__clkbuf_16)
                                         clknet_0_clk (net)
                  0.07    0.00    0.26 ^ clkbuf_2_1__f_clk/A (sky130_fd_sc_hd__clkbuf_16)
    11    0.04    0.06    0.15    0.42 ^ clkbuf_2_1__f_clk/X (sky130_fd_sc_hd__clkbuf_16)
                                         clknet_2_1__leaf_clk (net)
                  0.06    0.00    0.42 ^ _342_/CLK (sky130_fd_sc_hd__dfrtp_2)
     5    0.03    0.10    0.49    0.90 v _342_/Q (sky130_fd_sc_hd__dfrtp_2)
                                         one_second_counter[12] (net)
                  0.10    0.00    0.90 v _180_/C (sky130_fd_sc_hd__and4_1)
     2    0.02    0.11    0.30    1.20 v _180_/X (sky130_fd_sc_hd__and4_1)
                                         _078_ (net)
                  0.11    0.00    1.20 v _181_/D (sky130_fd_sc_hd__or4_2)
     1    0.02    0.16    0.69    1.89 v _181_/X (sky130_fd_sc_hd__or4_2)
                                         _079_ (net)
                  0.16    0.00    1.89 v _184_/A3 (sky130_fd_sc_hd__o31a_1)
     1    0.02    0.13    0.39    2.28 v _184_/X (sky130_fd_sc_hd__o31a_1)
                                         _082_ (net)
                  0.13    0.00    2.28 v _186_/A2 (sky130_fd_sc_hd__o211ai_2)
     2    0.02    0.28    0.30    2.58 ^ _186_/Y (sky130_fd_sc_hd__o211ai_2)
                                         _084_ (net)
                  0.28    0.00    2.58 ^ _187_/A2 (sky130_fd_sc_hd__a21bo_2)
     9    0.05    0.28    0.38    2.96 ^ _187_/X (sky130_fd_sc_hd__a21bo_2)
                                         _085_ (net)
                  0.28    0.00    2.96 ^ _188_/A (sky130_fd_sc_hd__inv_2)
     2    0.02    0.10    0.13    3.10 v _188_/Y (sky130_fd_sc_hd__inv_2)
                                         _086_ (net)
                  0.10    0.00    3.10 v _189_/A (sky130_fd_sc_hd__buf_4)
    10    0.07    0.10    0.24    3.33 v _189_/X (sky130_fd_sc_hd__buf_4)
                                         _027_ (net)
                  0.10    0.00    3.34 v _246_/C1 (sky130_fd_sc_hd__a211oi_2)
     1    0.02    0.37    0.35    3.68 ^ _246_/Y (sky130_fd_sc_hd__a211oi_2)
                                         _006_ (net)
                  0.37    0.00    3.68 ^ _345_/D (sky130_fd_sc_hd__dfrtp_2)
                                  3.68   data arrival time

                         10.00   10.00   clock clk (rise edge)
                          0.00   10.00   clock source latency
     1    0.02    0.11    0.07   10.07 ^ clk (in)
                                         clk (net)
                  0.11    0.00   10.07 ^ clkbuf_0_clk/A (sky130_fd_sc_hd__clkbuf_16)
     4    0.05    0.07    0.16   10.24 ^ clkbuf_0_clk/X (sky130_fd_sc_hd__clkbuf_16)
                                         clknet_0_clk (net)
                  0.07    0.00   10.24 ^ clkbuf_2_3__f_clk/A (sky130_fd_sc_hd__clkbuf_16)
     8    0.04    0.06    0.14   10.38 ^ clkbuf_2_3__f_clk/X (sky130_fd_sc_hd__clkbuf_16)
                                         clknet_2_3__leaf_clk (net)
                  0.06    0.00   10.38 ^ _345_/CLK (sky130_fd_sc_hd__dfrtp_2)
                         -0.25   10.13   clock uncertainty
                          0.02   10.15   clock reconvergence pessimism
                         -0.14   10.02   library setup time
                                 10.02   data required time
-----------------------------------------------------------------------------
                                 10.02   data required time
                                 -3.68   data arrival time
-----------------------------------------------------------------------------
                                  6.33   slack (MET)


Startpoint: _343_ (rising edge-triggered flip-flop clocked by clk)
Endpoint: _337_ (rising edge-triggered flip-flop clocked by clk)
Path Group: clk
Path Type: max
Corner: Typical

Fanout     Cap    Slew   Delay    Time   Description
-----------------------------------------------------------------------------
                          0.00    0.00   clock clk (rise edge)
                          0.00    0.00   clock source latency
     1    0.02    0.11    0.08    0.08 ^ clk (in)
                                         clk (net)
                  0.11    0.00    0.08 ^ clkbuf_0_clk/A (sky130_fd_sc_hd__clkbuf_16)
     4    0.05    0.07    0.18    0.26 ^ clkbuf_0_clk/X (sky130_fd_sc_hd__clkbuf_16)
                                         clknet_0_clk (net)
                  0.07    0.00    0.26 ^ clkbuf_2_0__f_clk/A (sky130_fd_sc_hd__clkbuf_16)
     9    0.04    0.06    0.16    0.42 ^ clkbuf_2_0__f_clk/X (sky130_fd_sc_hd__clkbuf_16)
                                         clknet_2_0__leaf_clk (net)
                  0.06    0.00    0.42 ^ _343_/CLK (sky130_fd_sc_hd__dfrtp_1)
     4    0.02    0.11    0.46    0.88 v _343_/Q (sky130_fd_sc_hd__dfrtp_1)
                                         one_second_counter[13] (net)
                  0.11    0.00    0.88 v _180_/D (sky130_fd_sc_hd__and4_1)
     2    0.02    0.11    0.32    1.19 v _180_/X (sky130_fd_sc_hd__and4_1)
                                         _078_ (net)
                  0.11    0.00    1.19 v _181_/D (sky130_fd_sc_hd__or4_2)
     1    0.02    0.16    0.69    1.88 v _181_/X (sky130_fd_sc_hd__or4_2)
                                         _079_ (net)
                  0.16    0.00    1.88 v _184_/A3 (sky130_fd_sc_hd__o31a_1)
     1    0.02    0.13    0.39    2.27 v _184_/X (sky130_fd_sc_hd__o31a_1)
                                         _082_ (net)
                  0.13    0.00    2.27 v _186_/A2 (sky130_fd_sc_hd__o211ai_2)
     2    0.02    0.28    0.30    2.57 ^ _186_/Y (sky130_fd_sc_hd__o211ai_2)
                                         _084_ (net)
                  0.28    0.00    2.57 ^ _187_/A2 (sky130_fd_sc_hd__a21bo_2)
     9    0.05    0.28    0.38    2.95 ^ _187_/X (sky130_fd_sc_hd__a21bo_2)
                                         _085_ (net)
                  0.28    0.00    2.95 ^ _188_/A (sky130_fd_sc_hd__inv_2)
     2    0.02    0.10    0.13    3.08 v _188_/Y (sky130_fd_sc_hd__inv_2)
                                         _086_ (net)
                  0.10    0.00    3.09 v _215_/B1 (sky130_fd_sc_hd__a211oi_1)
     1    0.02    0.58    0.56    3.64 ^ _215_/Y (sky130_fd_sc_hd__a211oi_1)
                                         _024_ (net)
                  0.58    0.00    3.64 ^ _337_/D (sky130_fd_sc_hd__dfrtp_2)
                                  3.64   data arrival time

                         10.00   10.00   clock clk (rise edge)
                          0.00   10.00   clock source latency
     1    0.02    0.11    0.07   10.07 ^ clk (in)
                                         clk (net)
                  0.11    0.00   10.07 ^ clkbuf_0_clk/A (sky130_fd_sc_hd__clkbuf_16)
     4    0.05    0.07    0.16   10.24 ^ clkbuf_0_clk/X (sky130_fd_sc_hd__clkbuf_16)
                                         clknet_0_clk (net)
                  0.07    0.00   10.24 ^ clkbuf_2_1__f_clk/A (sky130_fd_sc_hd__clkbuf_16)
    11    0.04    0.06    0.14   10.38 ^ clkbuf_2_1__f_clk/X (sky130_fd_sc_hd__clkbuf_16)
                                         clknet_2_1__leaf_clk (net)
                  0.06    0.00   10.38 ^ _337_/CLK (sky130_fd_sc_hd__dfrtp_2)
                         -0.25   10.13   clock uncertainty
                          0.02   10.15   clock reconvergence pessimism
                         -0.17    9.98   library setup time
                                  9.98   data required time
-----------------------------------------------------------------------------
                                  9.98   data required time
                                 -3.64   data arrival time
-----------------------------------------------------------------------------
                                  6.34   slack (MET)


Startpoint: _342_ (rising edge-triggered flip-flop clocked by clk)
Endpoint: _346_ (rising edge-triggered flip-flop clocked by clk)
Path Group: clk
Path Type: max
Corner: Typical

Fanout     Cap    Slew   Delay    Time   Description
-----------------------------------------------------------------------------
                          0.00    0.00   clock clk (rise edge)
                          0.00    0.00   clock source latency
     1    0.02    0.11    0.08    0.08 ^ clk (in)
                                         clk (net)
                  0.11    0.00    0.08 ^ clkbuf_0_clk/A (sky130_fd_sc_hd__clkbuf_16)
     4    0.05    0.07    0.18    0.26 ^ clkbuf_0_clk/X (sky130_fd_sc_hd__clkbuf_16)
                                         clknet_0_clk (net)
                  0.07    0.00    0.26 ^ clkbuf_2_1__f_clk/A (sky130_fd_sc_hd__clkbuf_16)
    11    0.04    0.06    0.15    0.42 ^ clkbuf_2_1__f_clk/X (sky130_fd_sc_hd__clkbuf_16)
                                         clknet_2_1__leaf_clk (net)
                  0.06    0.00    0.42 ^ _342_/CLK (sky130_fd_sc_hd__dfrtp_2)
     5    0.03    0.10    0.49    0.90 v _342_/Q (sky130_fd_sc_hd__dfrtp_2)
                                         one_second_counter[12] (net)
                  0.10    0.00    0.90 v _180_/C (sky130_fd_sc_hd__and4_1)
     2    0.02    0.11    0.30    1.20 v _180_/X (sky130_fd_sc_hd__and4_1)
                                         _078_ (net)
                  0.11    0.00    1.20 v _181_/D (sky130_fd_sc_hd__or4_2)
     1    0.02    0.16    0.69    1.89 v _181_/X (sky130_fd_sc_hd__or4_2)
                                         _079_ (net)
                  0.16    0.00    1.89 v _184_/A3 (sky130_fd_sc_hd__o31a_1)
     1    0.02    0.13    0.39    2.28 v _184_/X (sky130_fd_sc_hd__o31a_1)
                                         _082_ (net)
                  0.13    0.00    2.28 v _186_/A2 (sky130_fd_sc_hd__o211ai_2)
     2    0.02    0.28    0.30    2.58 ^ _186_/Y (sky130_fd_sc_hd__o211ai_2)
                                         _084_ (net)
                  0.28    0.00    2.58 ^ _187_/A2 (sky130_fd_sc_hd__a21bo_2)
     9    0.05    0.28    0.38    2.96 ^ _187_/X (sky130_fd_sc_hd__a21bo_2)
                                         _085_ (net)
                  0.28    0.00    2.96 ^ _202_/A (sky130_fd_sc_hd__clkbuf_4)
    10    0.06    0.19    0.34    3.30 ^ _202_/X (sky130_fd_sc_hd__clkbuf_4)
                                         _095_ (net)
                  0.19    0.00    3.31 ^ _249_/A (sky130_fd_sc_hd__and3_1)
     1    0.01    0.12    0.24    3.55 ^ _249_/X (sky130_fd_sc_hd__and3_1)
                                         _130_ (net)
                  0.12    0.00    3.55 ^ _250_/A (sky130_fd_sc_hd__clkbuf_1)
     1    0.01    0.14    0.17    3.72 ^ _250_/X (sky130_fd_sc_hd__clkbuf_1)
                                         _007_ (net)
                  0.14    0.00    3.72 ^ _346_/D (sky130_fd_sc_hd__dfrtp_4)
                                  3.72   data arrival time

                         10.00   10.00   clock clk (rise edge)
                          0.00   10.00   clock source latency
     1    0.02    0.11    0.07   10.07 ^ clk (in)
                                         clk (net)
                  0.11    0.00   10.07 ^ clkbuf_0_clk/A (sky130_fd_sc_hd__clkbuf_16)
     4    0.05    0.07    0.16   10.24 ^ clkbuf_0_clk/X (sky130_fd_sc_hd__clkbuf_16)
                                         clknet_0_clk (net)
                  0.07    0.00   10.24 ^ clkbuf_2_2__f_clk/A (sky130_fd_sc_hd__clkbuf_16)
     7    0.05    0.07    0.15   10.38 ^ clkbuf_2_2__f_clk/X (sky130_fd_sc_hd__clkbuf_16)
                                         clknet_2_2__leaf_clk (net)
                  0.07    0.00   10.39 ^ _346_/CLK (sky130_fd_sc_hd__dfrtp_4)
                         -0.25   10.14   clock uncertainty
                          0.02   10.16   clock reconvergence pessimism
                         -0.08   10.08   library setup time
                                 10.08   data required time
-----------------------------------------------------------------------------
                                 10.08   data required time
                                 -3.72   data arrival time
-----------------------------------------------------------------------------
                                  6.36   slack (MET)


Startpoint: _342_ (rising edge-triggered flip-flop clocked by clk)
Endpoint: _351_ (rising edge-triggered flip-flop clocked by clk)
Path Group: clk
Path Type: max
Corner: Typical

Fanout     Cap    Slew   Delay    Time   Description
-----------------------------------------------------------------------------
                          0.00    0.00   clock clk (rise edge)
                          0.00    0.00   clock source latency
     1    0.02    0.11    0.08    0.08 ^ clk (in)
                                         clk (net)
                  0.11    0.00    0.08 ^ clkbuf_0_clk/A (sky130_fd_sc_hd__clkbuf_16)
     4    0.05    0.07    0.18    0.26 ^ clkbuf_0_clk/X (sky130_fd_sc_hd__clkbuf_16)
                                         clknet_0_clk (net)
                  0.07    0.00    0.26 ^ clkbuf_2_1__f_clk/A (sky130_fd_sc_hd__clkbuf_16)
    11    0.04    0.06    0.15    0.42 ^ clkbuf_2_1__f_clk/X (sky130_fd_sc_hd__clkbuf_16)
                                         clknet_2_1__leaf_clk (net)
                  0.06    0.00    0.42 ^ _342_/CLK (sky130_fd_sc_hd__dfrtp_2)
     5    0.03    0.10    0.49    0.90 v _342_/Q (sky130_fd_sc_hd__dfrtp_2)
                                         one_second_counter[12] (net)
                  0.10    0.00    0.90 v _180_/C (sky130_fd_sc_hd__and4_1)
     2    0.02    0.11    0.30    1.20 v _180_/X (sky130_fd_sc_hd__and4_1)
                                         _078_ (net)
                  0.11    0.00    1.20 v _181_/D (sky130_fd_sc_hd__or4_2)
     1    0.02    0.16    0.69    1.89 v _181_/X (sky130_fd_sc_hd__or4_2)
                                         _079_ (net)
                  0.16    0.00    1.89 v _184_/A3 (sky130_fd_sc_hd__o31a_1)
     1    0.02    0.13    0.39    2.28 v _184_/X (sky130_fd_sc_hd__o31a_1)
                                         _082_ (net)
                  0.13    0.00    2.28 v _186_/A2 (sky130_fd_sc_hd__o211ai_2)
     2    0.02    0.28    0.30    2.58 ^ _186_/Y (sky130_fd_sc_hd__o211ai_2)
                                         _084_ (net)
                  0.28    0.00    2.58 ^ _187_/A2 (sky130_fd_sc_hd__a21bo_2)
     9    0.05    0.28    0.38    2.96 ^ _187_/X (sky130_fd_sc_hd__a21bo_2)
                                         _085_ (net)
                  0.28    0.00    2.96 ^ _188_/A (sky130_fd_sc_hd__inv_2)
     2    0.02    0.10    0.13    3.10 v _188_/Y (sky130_fd_sc_hd__inv_2)
                                         _086_ (net)
                  0.10    0.00    3.10 v _189_/A (sky130_fd_sc_hd__buf_4)
    10    0.07    0.10    0.24    3.33 v _189_/X (sky130_fd_sc_hd__buf_4)
                                         _027_ (net)
                  0.10    0.00    3.33 v _268_/C1 (sky130_fd_sc_hd__a211oi_2)
     1    0.02    0.35    0.33    3.67 ^ _268_/Y (sky130_fd_sc_hd__a211oi_2)
                                         _013_ (net)
                  0.35    0.00    3.67 ^ _351_/D (sky130_fd_sc_hd__dfrtp_2)
                                  3.67   data arrival time

                         10.00   10.00   clock clk (rise edge)
                          0.00   10.00   clock source latency
     1    0.02    0.11    0.07   10.07 ^ clk (in)
                                         clk (net)
                  0.11    0.00   10.07 ^ clkbuf_0_clk/A (sky130_fd_sc_hd__clkbuf_16)
     4    0.05    0.07    0.16   10.24 ^ clkbuf_0_clk/X (sky130_fd_sc_hd__clkbuf_16)
                                         clknet_0_clk (net)
                  0.07    0.00   10.24 ^ clkbuf_2_2__f_clk/A (sky130_fd_sc_hd__clkbuf_16)
     7    0.05    0.07    0.15   10.38 ^ clkbuf_2_2__f_clk/X (sky130_fd_sc_hd__clkbuf_16)
                                         clknet_2_2__leaf_clk (net)
                  0.07    0.00   10.38 ^ _351_/CLK (sky130_fd_sc_hd__dfrtp_2)
                         -0.25   10.13   clock uncertainty
                          0.02   10.16   clock reconvergence pessimism
                         -0.13   10.03   library setup time
                                 10.03   data required time
-----------------------------------------------------------------------------
                                 10.03   data required time
                                 -3.67   data arrival time
-----------------------------------------------------------------------------
                                  6.36   slack (MET)


Startpoint: _343_ (rising edge-triggered flip-flop clocked by clk)
Endpoint: _334_ (rising edge-triggered flip-flop clocked by clk)
Path Group: clk
Path Type: max
Corner: Typical

Fanout     Cap    Slew   Delay    Time   Description
-----------------------------------------------------------------------------
                          0.00    0.00   clock clk (rise edge)
                          0.00    0.00   clock source latency
     1    0.02    0.11    0.08    0.08 ^ clk (in)
                                         clk (net)
                  0.11    0.00    0.08 ^ clkbuf_0_clk/A (sky130_fd_sc_hd__clkbuf_16)
     4    0.05    0.07    0.18    0.26 ^ clkbuf_0_clk/X (sky130_fd_sc_hd__clkbuf_16)
                                         clknet_0_clk (net)
                  0.07    0.00    0.26 ^ clkbuf_2_0__f_clk/A (sky130_fd_sc_hd__clkbuf_16)
     9    0.04    0.06    0.16    0.42 ^ clkbuf_2_0__f_clk/X (sky130_fd_sc_hd__clkbuf_16)
                                         clknet_2_0__leaf_clk (net)
                  0.06    0.00    0.42 ^ _343_/CLK (sky130_fd_sc_hd__dfrtp_1)
     4    0.02    0.11    0.46    0.88 v _343_/Q (sky130_fd_sc_hd__dfrtp_1)
                                         one_second_counter[13] (net)
                  0.11    0.00    0.88 v _180_/D (sky130_fd_sc_hd__and4_1)
     2    0.02    0.11    0.32    1.19 v _180_/X (sky130_fd_sc_hd__and4_1)
                                         _078_ (net)
                  0.11    0.00    1.19 v _181_/D (sky130_fd_sc_hd__or4_2)
     1    0.02    0.16    0.69    1.88 v _181_/X (sky130_fd_sc_hd__or4_2)
                                         _079_ (net)
                  0.16    0.00    1.88 v _184_/A3 (sky130_fd_sc_hd__o31a_1)
     1    0.02    0.13    0.39    2.27 v _184_/X (sky130_fd_sc_hd__o31a_1)
                                         _082_ (net)
                  0.13    0.00    2.27 v _186_/A2 (sky130_fd_sc_hd__o211ai_2)
     2    0.02    0.28    0.30    2.57 ^ _186_/Y (sky130_fd_sc_hd__o211ai_2)
                                         _084_ (net)
                  0.28    0.00    2.57 ^ _187_/A2 (sky130_fd_sc_hd__a21bo_2)
     9    0.05    0.28    0.38    2.95 ^ _187_/X (sky130_fd_sc_hd__a21bo_2)
                                         _085_ (net)
                  0.28    0.00    2.95 ^ _202_/A (sky130_fd_sc_hd__clkbuf_4)
    10    0.06    0.19    0.34    3.29 ^ _202_/X (sky130_fd_sc_hd__clkbuf_4)
                                         _095_ (net)
                  0.19    0.00    3.29 ^ _205_/A (sky130_fd_sc_hd__and3_1)
     1    0.01    0.09    0.23    3.52 ^ _205_/X (sky130_fd_sc_hd__and3_1)
                                         _098_ (net)
                  0.09    0.00    3.52 ^ _206_/A (sky130_fd_sc_hd__clkbuf_1)
     1    0.01    0.15    0.18    3.70 ^ _206_/X (sky130_fd_sc_hd__clkbuf_1)
                                         _021_ (net)
                  0.15    0.00    3.70 ^ _334_/D (sky130_fd_sc_hd__dfrtp_4)
                                  3.70   data arrival time

                         10.00   10.00   clock clk (rise edge)
                          0.00   10.00   clock source latency
     1    0.02    0.11    0.07   10.07 ^ clk (in)
                                         clk (net)
                  0.11    0.00   10.07 ^ clkbuf_0_clk/A (sky130_fd_sc_hd__clkbuf_16)
     4    0.05    0.07    0.16   10.24 ^ clkbuf_0_clk/X (sky130_fd_sc_hd__clkbuf_16)
                                         clknet_0_clk (net)
                  0.07    0.00   10.24 ^ clkbuf_2_1__f_clk/A (sky130_fd_sc_hd__clkbuf_16)
    11    0.04    0.06    0.14   10.38 ^ clkbuf_2_1__f_clk/X (sky130_fd_sc_hd__clkbuf_16)
                                         clknet_2_1__leaf_clk (net)
                  0.06    0.00   10.38 ^ _334_/CLK (sky130_fd_sc_hd__dfrtp_4)
                         -0.25   10.13   clock uncertainty
                          0.02   10.15   clock reconvergence pessimism
                         -0.09   10.06   library setup time
                                 10.06   data required time
-----------------------------------------------------------------------------
                                 10.06   data required time
                                 -3.70   data arrival time
-----------------------------------------------------------------------------
                                  6.36   slack (MET)


Startpoint: _343_ (rising edge-triggered flip-flop clocked by clk)
Endpoint: _344_ (rising edge-triggered flip-flop clocked by clk)
Path Group: clk
Path Type: max
Corner: Typical

Fanout     Cap    Slew   Delay    Time   Description
-----------------------------------------------------------------------------
                          0.00    0.00   clock clk (rise edge)
                          0.00    0.00   clock source latency
     1    0.02    0.11    0.08    0.08 ^ clk (in)
                                         clk (net)
                  0.11    0.00    0.08 ^ clkbuf_0_clk/A (sky130_fd_sc_hd__clkbuf_16)
     4    0.05    0.07    0.18    0.26 ^ clkbuf_0_clk/X (sky130_fd_sc_hd__clkbuf_16)
                                         clknet_0_clk (net)
                  0.07    0.00    0.26 ^ clkbuf_2_0__f_clk/A (sky130_fd_sc_hd__clkbuf_16)
     9    0.04    0.06    0.16    0.42 ^ clkbuf_2_0__f_clk/X (sky130_fd_sc_hd__clkbuf_16)
                                         clknet_2_0__leaf_clk (net)
                  0.06    0.00    0.42 ^ _343_/CLK (sky130_fd_sc_hd__dfrtp_1)
     4    0.02    0.11    0.46    0.88 v _343_/Q (sky130_fd_sc_hd__dfrtp_1)
                                         one_second_counter[13] (net)
                  0.11    0.00    0.88 v _180_/D (sky130_fd_sc_hd__and4_1)
     2    0.02    0.11    0.32    1.19 v _180_/X (sky130_fd_sc_hd__and4_1)
                                         _078_ (net)
                  0.11    0.00    1.19 v _181_/D (sky130_fd_sc_hd__or4_2)
     1    0.02    0.16    0.69    1.88 v _181_/X (sky130_fd_sc_hd__or4_2)
                                         _079_ (net)
                  0.16    0.00    1.88 v _184_/A3 (sky130_fd_sc_hd__o31a_1)
     1    0.02    0.13    0.39    2.27 v _184_/X (sky130_fd_sc_hd__o31a_1)
                                         _082_ (net)
                  0.13    0.00    2.27 v _186_/A2 (sky130_fd_sc_hd__o211ai_2)
     2    0.02    0.28    0.30    2.57 ^ _186_/Y (sky130_fd_sc_hd__o211ai_2)
                                         _084_ (net)
                  0.28    0.00    2.57 ^ _187_/A2 (sky130_fd_sc_hd__a21bo_2)
     9    0.05    0.28    0.38    2.95 ^ _187_/X (sky130_fd_sc_hd__a21bo_2)
                                         _085_ (net)
                  0.28    0.00    2.95 ^ _202_/A (sky130_fd_sc_hd__clkbuf_4)
    10    0.06    0.19    0.34    3.29 ^ _202_/X (sky130_fd_sc_hd__clkbuf_4)
                                         _095_ (net)
                  0.19    0.00    3.29 ^ _241_/A (sky130_fd_sc_hd__and3_1)
     1    0.01    0.11    0.24    3.53 ^ _241_/X (sky130_fd_sc_hd__and3_1)
                                         _124_ (net)
                  0.11    0.00    3.53 ^ _242_/A (sky130_fd_sc_hd__clkbuf_1)
     1    0.01    0.13    0.17    3.70 ^ _242_/X (sky130_fd_sc_hd__clkbuf_1)
                                         _005_ (net)
                  0.13    0.00    3.70 ^ _344_/D (sky130_fd_sc_hd__dfrtp_1)
                                  3.70   data arrival time

                         10.00   10.00   clock clk (rise edge)
                          0.00   10.00   clock source latency
     1    0.02    0.11    0.07   10.07 ^ clk (in)
                                         clk (net)
                  0.11    0.00   10.07 ^ clkbuf_0_clk/A (sky130_fd_sc_hd__clkbuf_16)
     4    0.05    0.07    0.16   10.24 ^ clkbuf_0_clk/X (sky130_fd_sc_hd__clkbuf_16)
                                         clknet_0_clk (net)
                  0.07    0.00   10.24 ^ clkbuf_2_1__f_clk/A (sky130_fd_sc_hd__clkbuf_16)
    11    0.04    0.06    0.14   10.38 ^ clkbuf_2_1__f_clk/X (sky130_fd_sc_hd__clkbuf_16)
                                         clknet_2_1__leaf_clk (net)
                  0.06    0.00   10.38 ^ _344_/CLK (sky130_fd_sc_hd__dfrtp_1)
                         -0.25   10.13   clock uncertainty
                          0.02   10.15   clock reconvergence pessimism
                         -0.08   10.07   library setup time
                                 10.07   data required time
-----------------------------------------------------------------------------
                                 10.07   data required time
                                 -3.70   data arrival time
-----------------------------------------------------------------------------
                                  6.37   slack (MET)


Startpoint: _342_ (rising edge-triggered flip-flop clocked by clk)
Endpoint: _343_ (rising edge-triggered flip-flop clocked by clk)
Path Group: clk
Path Type: max
Corner: Typical

Fanout     Cap    Slew   Delay    Time   Description
-----------------------------------------------------------------------------
                          0.00    0.00   clock clk (rise edge)
                          0.00    0.00   clock source latency
     1    0.02    0.11    0.08    0.08 ^ clk (in)
                                         clk (net)
                  0.11    0.00    0.08 ^ clkbuf_0_clk/A (sky130_fd_sc_hd__clkbuf_16)
     4    0.05    0.07    0.18    0.26 ^ clkbuf_0_clk/X (sky130_fd_sc_hd__clkbuf_16)
                                         clknet_0_clk (net)
                  0.07    0.00    0.26 ^ clkbuf_2_1__f_clk/A (sky130_fd_sc_hd__clkbuf_16)
    11    0.04    0.06    0.15    0.42 ^ clkbuf_2_1__f_clk/X (sky130_fd_sc_hd__clkbuf_16)
                                         clknet_2_1__leaf_clk (net)
                  0.06    0.00    0.42 ^ _342_/CLK (sky130_fd_sc_hd__dfrtp_2)
     5    0.03    0.10    0.49    0.90 v _342_/Q (sky130_fd_sc_hd__dfrtp_2)
                                         one_second_counter[12] (net)
                  0.10    0.00    0.90 v _180_/C (sky130_fd_sc_hd__and4_1)
     2    0.02    0.11    0.30    1.20 v _180_/X (sky130_fd_sc_hd__and4_1)
                                         _078_ (net)
                  0.11    0.00    1.20 v _181_/D (sky130_fd_sc_hd__or4_2)
     1    0.02    0.16    0.69    1.89 v _181_/X (sky130_fd_sc_hd__or4_2)
                                         _079_ (net)
                  0.16    0.00    1.89 v _184_/A3 (sky130_fd_sc_hd__o31a_1)
     1    0.02    0.13    0.39    2.28 v _184_/X (sky130_fd_sc_hd__o31a_1)
                                         _082_ (net)
                  0.13    0.00    2.28 v _186_/A2 (sky130_fd_sc_hd__o211ai_2)
     2    0.02    0.28    0.30    2.58 ^ _186_/Y (sky130_fd_sc_hd__o211ai_2)
                                         _084_ (net)
                  0.28    0.00    2.58 ^ _187_/A2 (sky130_fd_sc_hd__a21bo_2)
     9    0.05    0.28    0.38    2.96 ^ _187_/X (sky130_fd_sc_hd__a21bo_2)
                                         _085_ (net)
                  0.28    0.00    2.96 ^ _202_/A (sky130_fd_sc_hd__clkbuf_4)
    10    0.06    0.19    0.34    3.30 ^ _202_/X (sky130_fd_sc_hd__clkbuf_4)
                                         _095_ (net)
                  0.19    0.00    3.30 ^ _236_/A (sky130_fd_sc_hd__and3_1)
     1    0.01    0.11    0.24    3.54 ^ _236_/X (sky130_fd_sc_hd__and3_1)
                                         _120_ (net)
                  0.11    0.00    3.54 ^ _237_/A (sky130_fd_sc_hd__clkbuf_1)
     1    0.01    0.08    0.13    3.67 ^ _237_/X (sky130_fd_sc_hd__clkbuf_1)
                                         _004_ (net)
                  0.08    0.00    3.67 ^ _343_/D (sky130_fd_sc_hd__dfrtp_1)
                                  3.67   data arrival time

                         10.00   10.00   clock clk (rise edge)
                          0.00   10.00   clock source latency
     1    0.02    0.11    0.07   10.07 ^ clk (in)
                                         clk (net)
                  0.11    0.00   10.07 ^ clkbuf_0_clk/A (sky130_fd_sc_hd__clkbuf_16)
     4    0.05    0.07    0.16   10.24 ^ clkbuf_0_clk/X (sky130_fd_sc_hd__clkbuf_16)
                                         clknet_0_clk (net)
                  0.07    0.00   10.24 ^ clkbuf_2_0__f_clk/A (sky130_fd_sc_hd__clkbuf_16)
     9    0.04    0.06    0.14   10.38 ^ clkbuf_2_0__f_clk/X (sky130_fd_sc_hd__clkbuf_16)
                                         clknet_2_0__leaf_clk (net)
                  0.06    0.00   10.38 ^ _343_/CLK (sky130_fd_sc_hd__dfrtp_1)
                         -0.25   10.13   clock uncertainty
                          0.02   10.16   clock reconvergence pessimism
                         -0.06   10.09   library setup time
                                 10.09   data required time
-----------------------------------------------------------------------------
                                 10.09   data required time
                                 -3.67   data arrival time
-----------------------------------------------------------------------------
                                  6.42   slack (MET)


Startpoint: _342_ (rising edge-triggered flip-flop clocked by clk)
Endpoint: _341_ (rising edge-triggered flip-flop clocked by clk)
Path Group: clk
Path Type: max
Corner: Typical

Fanout     Cap    Slew   Delay    Time   Description
-----------------------------------------------------------------------------
                          0.00    0.00   clock clk (rise edge)
                          0.00    0.00   clock source latency
     1    0.02    0.11    0.08    0.08 ^ clk (in)
                                         clk (net)
                  0.11    0.00    0.08 ^ clkbuf_0_clk/A (sky130_fd_sc_hd__clkbuf_16)
     4    0.05    0.07    0.18    0.26 ^ clkbuf_0_clk/X (sky130_fd_sc_hd__clkbuf_16)
                                         clknet_0_clk (net)
                  0.07    0.00    0.26 ^ clkbuf_2_1__f_clk/A (sky130_fd_sc_hd__clkbuf_16)
    11    0.04    0.06    0.15    0.42 ^ clkbuf_2_1__f_clk/X (sky130_fd_sc_hd__clkbuf_16)
                                         clknet_2_1__leaf_clk (net)
                  0.06    0.00    0.42 ^ _342_/CLK (sky130_fd_sc_hd__dfrtp_2)
     5    0.03    0.10    0.49    0.90 v _342_/Q (sky130_fd_sc_hd__dfrtp_2)
                                         one_second_counter[12] (net)
                  0.10    0.00    0.90 v _180_/C (sky130_fd_sc_hd__and4_1)
     2    0.02    0.11    0.30    1.20 v _180_/X (sky130_fd_sc_hd__and4_1)
                                         _078_ (net)
                  0.11    0.00    1.20 v _181_/D (sky130_fd_sc_hd__or4_2)
     1    0.02    0.16    0.69    1.89 v _181_/X (sky130_fd_sc_hd__or4_2)
                                         _079_ (net)
                  0.16    0.00    1.89 v _184_/A3 (sky130_fd_sc_hd__o31a_1)
     1    0.02    0.13    0.39    2.28 v _184_/X (sky130_fd_sc_hd__o31a_1)
                                         _082_ (net)
                  0.13    0.00    2.28 v _186_/A2 (sky130_fd_sc_hd__o211ai_2)
     2    0.02    0.28    0.30    2.58 ^ _186_/Y (sky130_fd_sc_hd__o211ai_2)
                                         _084_ (net)
                  0.28    0.00    2.58 ^ _187_/A2 (sky130_fd_sc_hd__a21bo_2)
     9    0.05    0.28    0.38    2.96 ^ _187_/X (sky130_fd_sc_hd__a21bo_2)
                                         _085_ (net)
                  0.28    0.00    2.96 ^ _188_/A (sky130_fd_sc_hd__inv_2)
     2    0.02    0.10    0.13    3.10 v _188_/Y (sky130_fd_sc_hd__inv_2)
                                         _086_ (net)
                  0.10    0.00    3.10 v _189_/A (sky130_fd_sc_hd__buf_4)
    10    0.07    0.10    0.24    3.33 v _189_/X (sky130_fd_sc_hd__buf_4)
                                         _027_ (net)
                  0.10    0.00    3.33 v _229_/A (sky130_fd_sc_hd__nor3_1)
     1    0.01    0.24    0.28    3.62 ^ _229_/Y (sky130_fd_sc_hd__nor3_1)
                                         _002_ (net)
                  0.24    0.00    3.62 ^ _341_/D (sky130_fd_sc_hd__dfrtp_4)
                                  3.62   data arrival time

                         10.00   10.00   clock clk (rise edge)
                          0.00   10.00   clock source latency
     1    0.02    0.11    0.07   10.07 ^ clk (in)
                                         clk (net)
                  0.11    0.00   10.07 ^ clkbuf_0_clk/A (sky130_fd_sc_hd__clkbuf_16)
     4    0.05    0.07    0.16   10.24 ^ clkbuf_0_clk/X (sky130_fd_sc_hd__clkbuf_16)
                                         clknet_0_clk (net)
                  0.07    0.00   10.24 ^ clkbuf_2_0__f_clk/A (sky130_fd_sc_hd__clkbuf_16)
     9    0.04    0.06    0.14   10.38 ^ clkbuf_2_0__f_clk/X (sky130_fd_sc_hd__clkbuf_16)
                                         clknet_2_0__leaf_clk (net)
                  0.06    0.00   10.38 ^ _341_/CLK (sky130_fd_sc_hd__dfrtp_4)
                         -0.25   10.13   clock uncertainty
                          0.02   10.16   clock reconvergence pessimism
                         -0.11   10.05   library setup time
                                 10.05   data required time
-----------------------------------------------------------------------------
                                 10.05   data required time
                                 -3.62   data arrival time
-----------------------------------------------------------------------------
                                  6.43   slack (MET)


Startpoint: _342_ (rising edge-triggered flip-flop clocked by clk)
Endpoint: _352_ (rising edge-triggered flip-flop clocked by clk)
Path Group: clk
Path Type: max
Corner: Typical

Fanout     Cap    Slew   Delay    Time   Description
-----------------------------------------------------------------------------
                          0.00    0.00   clock clk (rise edge)
                          0.00    0.00   clock source latency
     1    0.02    0.11    0.08    0.08 ^ clk (in)
                                         clk (net)
                  0.11    0.00    0.08 ^ clkbuf_0_clk/A (sky130_fd_sc_hd__clkbuf_16)
     4    0.05    0.07    0.18    0.26 ^ clkbuf_0_clk/X (sky130_fd_sc_hd__clkbuf_16)
                                         clknet_0_clk (net)
                  0.07    0.00    0.26 ^ clkbuf_2_1__f_clk/A (sky130_fd_sc_hd__clkbuf_16)
    11    0.04    0.06    0.15    0.42 ^ clkbuf_2_1__f_clk/X (sky130_fd_sc_hd__clkbuf_16)
                                         clknet_2_1__leaf_clk (net)
                  0.06    0.00    0.42 ^ _342_/CLK (sky130_fd_sc_hd__dfrtp_2)
     5    0.03    0.10    0.49    0.90 v _342_/Q (sky130_fd_sc_hd__dfrtp_2)
                                         one_second_counter[12] (net)
                  0.10    0.00    0.90 v _180_/C (sky130_fd_sc_hd__and4_1)
     2    0.02    0.11    0.30    1.20 v _180_/X (sky130_fd_sc_hd__and4_1)
                                         _078_ (net)
                  0.11    0.00    1.20 v _181_/D (sky130_fd_sc_hd__or4_2)
     1    0.02    0.16    0.69    1.89 v _181_/X (sky130_fd_sc_hd__or4_2)
                                         _079_ (net)
                  0.16    0.00    1.89 v _184_/A3 (sky130_fd_sc_hd__o31a_1)
     1    0.02    0.13    0.39    2.28 v _184_/X (sky130_fd_sc_hd__o31a_1)
                                         _082_ (net)
                  0.13    0.00    2.28 v _186_/A2 (sky130_fd_sc_hd__o211ai_2)
     2    0.02    0.28    0.30    2.58 ^ _186_/Y (sky130_fd_sc_hd__o211ai_2)
                                         _084_ (net)
                  0.28    0.00    2.58 ^ _187_/A2 (sky130_fd_sc_hd__a21bo_2)
     9    0.05    0.28    0.38    2.96 ^ _187_/X (sky130_fd_sc_hd__a21bo_2)
                                         _085_ (net)
                  0.28    0.00    2.96 ^ _271_/A (sky130_fd_sc_hd__and3_1)
     1    0.02    0.20    0.34    3.30 ^ _271_/X (sky130_fd_sc_hd__and3_1)
                                         _146_ (net)
                  0.20    0.00    3.30 ^ _272_/A (sky130_fd_sc_hd__buf_1)
     1    0.02    0.25    0.27    3.57 ^ _272_/X (sky130_fd_sc_hd__buf_1)
                                         _014_ (net)
                  0.25    0.00    3.57 ^ _352_/D (sky130_fd_sc_hd__dfrtp_1)
                                  3.57   data arrival time

                         10.00   10.00   clock clk (rise edge)
                          0.00   10.00   clock source latency
     1    0.02    0.11    0.07   10.07 ^ clk (in)
                                         clk (net)
                  0.11    0.00   10.07 ^ clkbuf_0_clk/A (sky130_fd_sc_hd__clkbuf_16)
     4    0.05    0.07    0.16   10.24 ^ clkbuf_0_clk/X (sky130_fd_sc_hd__clkbuf_16)
                                         clknet_0_clk (net)
                  0.07    0.00   10.24 ^ clkbuf_2_0__f_clk/A (sky130_fd_sc_hd__clkbuf_16)
     9    0.04    0.06    0.14   10.38 ^ clkbuf_2_0__f_clk/X (sky130_fd_sc_hd__clkbuf_16)
                                         clknet_2_0__leaf_clk (net)
                  0.06    0.00   10.38 ^ _352_/CLK (sky130_fd_sc_hd__dfrtp_1)
                         -0.25   10.13   clock uncertainty
                          0.02   10.16   clock reconvergence pessimism
                         -0.10   10.05   library setup time
                                 10.05   data required time
-----------------------------------------------------------------------------
                                 10.05   data required time
                                 -3.57   data arrival time
-----------------------------------------------------------------------------
                                  6.48   slack (MET)


Startpoint: _342_ (rising edge-triggered flip-flop clocked by clk)
Endpoint: _348_ (rising edge-triggered flip-flop clocked by clk)
Path Group: clk
Path Type: max
Corner: Typical

Fanout     Cap    Slew   Delay    Time   Description
-----------------------------------------------------------------------------
                          0.00    0.00   clock clk (rise edge)
                          0.00    0.00   clock source latency
     1    0.02    0.11    0.08    0.08 ^ clk (in)
                                         clk (net)
                  0.11    0.00    0.08 ^ clkbuf_0_clk/A (sky130_fd_sc_hd__clkbuf_16)
     4    0.05    0.07    0.18    0.26 ^ clkbuf_0_clk/X (sky130_fd_sc_hd__clkbuf_16)
                                         clknet_0_clk (net)
                  0.07    0.00    0.26 ^ clkbuf_2_1__f_clk/A (sky130_fd_sc_hd__clkbuf_16)
    11    0.04    0.06    0.15    0.42 ^ clkbuf_2_1__f_clk/X (sky130_fd_sc_hd__clkbuf_16)
                                         clknet_2_1__leaf_clk (net)
                  0.06    0.00    0.42 ^ _342_/CLK (sky130_fd_sc_hd__dfrtp_2)
     5    0.03    0.10    0.49    0.90 v _342_/Q (sky130_fd_sc_hd__dfrtp_2)
                                         one_second_counter[12] (net)
                  0.10    0.00    0.90 v _180_/C (sky130_fd_sc_hd__and4_1)
     2    0.02    0.11    0.30    1.20 v _180_/X (sky130_fd_sc_hd__and4_1)
                                         _078_ (net)
                  0.11    0.00    1.20 v _181_/D (sky130_fd_sc_hd__or4_2)
     1    0.02    0.16    0.69    1.89 v _181_/X (sky130_fd_sc_hd__or4_2)
                                         _079_ (net)
                  0.16    0.00    1.89 v _184_/A3 (sky130_fd_sc_hd__o31a_1)
     1    0.02    0.13    0.39    2.28 v _184_/X (sky130_fd_sc_hd__o31a_1)
                                         _082_ (net)
                  0.13    0.00    2.28 v _186_/A2 (sky130_fd_sc_hd__o211ai_2)
     2    0.02    0.28    0.30    2.58 ^ _186_/Y (sky130_fd_sc_hd__o211ai_2)
                                         _084_ (net)
                  0.28    0.00    2.58 ^ _187_/A2 (sky130_fd_sc_hd__a21bo_2)
     9    0.05    0.28    0.38    2.96 ^ _187_/X (sky130_fd_sc_hd__a21bo_2)
                                         _085_ (net)
                  0.28    0.00    2.96 ^ _202_/A (sky130_fd_sc_hd__clkbuf_4)
    10    0.06    0.19    0.34    3.30 ^ _202_/X (sky130_fd_sc_hd__clkbuf_4)
                                         _095_ (net)
                  0.19    0.00    3.31 ^ _255_/C1 (sky130_fd_sc_hd__o211a_1)
     1    0.01    0.12    0.24    3.55 ^ _255_/X (sky130_fd_sc_hd__o211a_1)
                                         _009_ (net)
                  0.12    0.00    3.55 ^ _348_/D (sky130_fd_sc_hd__dfrtp_4)
                                  3.55   data arrival time

                         10.00   10.00   clock clk (rise edge)
                          0.00   10.00   clock source latency
     1    0.02    0.11    0.07   10.07 ^ clk (in)
                                         clk (net)
                  0.11    0.00   10.07 ^ clkbuf_0_clk/A (sky130_fd_sc_hd__clkbuf_16)
     4    0.05    0.07    0.16   10.24 ^ clkbuf_0_clk/X (sky130_fd_sc_hd__clkbuf_16)
                                         clknet_0_clk (net)
                  0.07    0.00   10.24 ^ clkbuf_2_0__f_clk/A (sky130_fd_sc_hd__clkbuf_16)
     9    0.04    0.06    0.14   10.38 ^ clkbuf_2_0__f_clk/X (sky130_fd_sc_hd__clkbuf_16)
                                         clknet_2_0__leaf_clk (net)
                  0.06    0.00   10.38 ^ _348_/CLK (sky130_fd_sc_hd__dfrtp_4)
                         -0.25   10.13   clock uncertainty
                          0.02   10.16   clock reconvergence pessimism
                         -0.08   10.08   library setup time
                                 10.08   data required time
-----------------------------------------------------------------------------
                                 10.08   data required time
                                 -3.55   data arrival time
-----------------------------------------------------------------------------
                                  6.53   slack (MET)


Startpoint: _343_ (rising edge-triggered flip-flop clocked by clk)
Endpoint: _330_ (rising edge-triggered flip-flop clocked by clk)
Path Group: clk
Path Type: max
Corner: Typical

Fanout     Cap    Slew   Delay    Time   Description
-----------------------------------------------------------------------------
                          0.00    0.00   clock clk (rise edge)
                          0.00    0.00   clock source latency
     1    0.02    0.11    0.08    0.08 ^ clk (in)
                                         clk (net)
                  0.11    0.00    0.08 ^ clkbuf_0_clk/A (sky130_fd_sc_hd__clkbuf_16)
     4    0.05    0.07    0.18    0.26 ^ clkbuf_0_clk/X (sky130_fd_sc_hd__clkbuf_16)
                                         clknet_0_clk (net)
                  0.07    0.00    0.26 ^ clkbuf_2_0__f_clk/A (sky130_fd_sc_hd__clkbuf_16)
     9    0.04    0.06    0.16    0.42 ^ clkbuf_2_0__f_clk/X (sky130_fd_sc_hd__clkbuf_16)
                                         clknet_2_0__leaf_clk (net)
                  0.06    0.00    0.42 ^ _343_/CLK (sky130_fd_sc_hd__dfrtp_1)
     4    0.02    0.11    0.46    0.88 v _343_/Q (sky130_fd_sc_hd__dfrtp_1)
                                         one_second_counter[13] (net)
                  0.11    0.00    0.88 v _180_/D (sky130_fd_sc_hd__and4_1)
     2    0.02    0.11    0.32    1.19 v _180_/X (sky130_fd_sc_hd__and4_1)
                                         _078_ (net)
                  0.11    0.00    1.19 v _181_/D (sky130_fd_sc_hd__or4_2)
     1    0.02    0.16    0.69    1.88 v _181_/X (sky130_fd_sc_hd__or4_2)
                                         _079_ (net)
                  0.16    0.00    1.88 v _184_/A3 (sky130_fd_sc_hd__o31a_1)
     1    0.02    0.13    0.39    2.27 v _184_/X (sky130_fd_sc_hd__o31a_1)
                                         _082_ (net)
                  0.13    0.00    2.27 v _186_/A2 (sky130_fd_sc_hd__o211ai_2)
     2    0.02    0.28    0.30    2.57 ^ _186_/Y (sky130_fd_sc_hd__o211ai_2)
                                         _084_ (net)
                  0.28    0.00    2.57 ^ _187_/A2 (sky130_fd_sc_hd__a21bo_2)
     9    0.05    0.28    0.38    2.95 ^ _187_/X (sky130_fd_sc_hd__a21bo_2)
                                         _085_ (net)
                  0.28    0.00    2.95 ^ _188_/A (sky130_fd_sc_hd__inv_2)
     2    0.02    0.10    0.13    3.08 v _188_/Y (sky130_fd_sc_hd__inv_2)
                                         _086_ (net)
                  0.10    0.00    3.09 v _189_/A (sky130_fd_sc_hd__buf_4)
    10    0.07    0.10    0.24    3.32 v _189_/X (sky130_fd_sc_hd__buf_4)
                                         _027_ (net)
                  0.10    0.00    3.33 v _190_/B (sky130_fd_sc_hd__nor2_1)
     1    0.01    0.17    0.18    3.50 ^ _190_/Y (sky130_fd_sc_hd__nor2_1)
                                         _000_ (net)
                  0.17    0.00    3.50 ^ _330_/D (sky130_fd_sc_hd__dfrtp_4)
                                  3.50   data arrival time

                         10.00   10.00   clock clk (rise edge)
                          0.00   10.00   clock source latency
     1    0.02    0.11    0.07   10.07 ^ clk (in)
                                         clk (net)
                  0.11    0.00   10.07 ^ clkbuf_0_clk/A (sky130_fd_sc_hd__clkbuf_16)
     4    0.05    0.07    0.16   10.24 ^ clkbuf_0_clk/X (sky130_fd_sc_hd__clkbuf_16)
                                         clknet_0_clk (net)
                  0.07    0.00   10.24 ^ clkbuf_2_1__f_clk/A (sky130_fd_sc_hd__clkbuf_16)
    11    0.04    0.06    0.14   10.38 ^ clkbuf_2_1__f_clk/X (sky130_fd_sc_hd__clkbuf_16)
                                         clknet_2_1__leaf_clk (net)
                  0.06    0.00   10.38 ^ _330_/CLK (sky130_fd_sc_hd__dfrtp_4)
                         -0.25   10.13   clock uncertainty
                          0.02   10.15   clock reconvergence pessimism
                         -0.09   10.06   library setup time
                                 10.06   data required time
-----------------------------------------------------------------------------
                                 10.06   data required time
                                 -3.50   data arrival time
-----------------------------------------------------------------------------
                                  6.56   slack (MET)


Startpoint: _342_ (rising edge-triggered flip-flop clocked by clk)
Endpoint: _350_ (rising edge-triggered flip-flop clocked by clk)
Path Group: clk
Path Type: max
Corner: Typical

Fanout     Cap    Slew   Delay    Time   Description
-----------------------------------------------------------------------------
                          0.00    0.00   clock clk (rise edge)
                          0.00    0.00   clock source latency
     1    0.02    0.11    0.08    0.08 ^ clk (in)
                                         clk (net)
                  0.11    0.00    0.08 ^ clkbuf_0_clk/A (sky130_fd_sc_hd__clkbuf_16)
     4    0.05    0.07    0.18    0.26 ^ clkbuf_0_clk/X (sky130_fd_sc_hd__clkbuf_16)
                                         clknet_0_clk (net)
                  0.07    0.00    0.26 ^ clkbuf_2_1__f_clk/A (sky130_fd_sc_hd__clkbuf_16)
    11    0.04    0.06    0.15    0.42 ^ clkbuf_2_1__f_clk/X (sky130_fd_sc_hd__clkbuf_16)
                                         clknet_2_1__leaf_clk (net)
                  0.06    0.00    0.42 ^ _342_/CLK (sky130_fd_sc_hd__dfrtp_2)
     5    0.03    0.10    0.49    0.90 v _342_/Q (sky130_fd_sc_hd__dfrtp_2)
                                         one_second_counter[12] (net)
                  0.10    0.00    0.90 v _180_/C (sky130_fd_sc_hd__and4_1)
     2    0.02    0.11    0.30    1.20 v _180_/X (sky130_fd_sc_hd__and4_1)
                                         _078_ (net)
                  0.11    0.00    1.20 v _181_/D (sky130_fd_sc_hd__or4_2)
     1    0.02    0.16    0.69    1.89 v _181_/X (sky130_fd_sc_hd__or4_2)
                                         _079_ (net)
                  0.16    0.00    1.89 v _184_/A3 (sky130_fd_sc_hd__o31a_1)
     1    0.02    0.13    0.39    2.28 v _184_/X (sky130_fd_sc_hd__o31a_1)
                                         _082_ (net)
                  0.13    0.00    2.28 v _186_/A2 (sky130_fd_sc_hd__o211ai_2)
     2    0.02    0.28    0.30    2.58 ^ _186_/Y (sky130_fd_sc_hd__o211ai_2)
                                         _084_ (net)
                  0.28    0.00    2.58 ^ _187_/A2 (sky130_fd_sc_hd__a21bo_2)
     9    0.05    0.28    0.38    2.96 ^ _187_/X (sky130_fd_sc_hd__a21bo_2)
                                         _085_ (net)
                  0.28    0.00    2.96 ^ _264_/A (sky130_fd_sc_hd__and3_1)
     1    0.02    0.24    0.36    3.33 ^ _264_/X (sky130_fd_sc_hd__and3_1)
                                         _141_ (net)
                  0.24    0.00    3.33 ^ _265_/A (sky130_fd_sc_hd__clkbuf_1)
     1    0.01    0.11    0.18    3.50 ^ _265_/X (sky130_fd_sc_hd__clkbuf_1)
                                         _012_ (net)
                  0.11    0.00    3.50 ^ _350_/D (sky130_fd_sc_hd__dfrtp_2)
                                  3.50   data arrival time

                         10.00   10.00   clock clk (rise edge)
                          0.00   10.00   clock source latency
     1    0.02    0.11    0.07   10.07 ^ clk (in)
                                         clk (net)
                  0.11    0.00   10.07 ^ clkbuf_0_clk/A (sky130_fd_sc_hd__clkbuf_16)
     4    0.05    0.07    0.16   10.24 ^ clkbuf_0_clk/X (sky130_fd_sc_hd__clkbuf_16)
                                         clknet_0_clk (net)
                  0.07    0.00   10.24 ^ clkbuf_2_3__f_clk/A (sky130_fd_sc_hd__clkbuf_16)
     8    0.04    0.06    0.14   10.38 ^ clkbuf_2_3__f_clk/X (sky130_fd_sc_hd__clkbuf_16)
                                         clknet_2_3__leaf_clk (net)
                  0.06    0.00   10.38 ^ _350_/CLK (sky130_fd_sc_hd__dfrtp_2)
                         -0.25   10.13   clock uncertainty
                          0.02   10.15   clock reconvergence pessimism
                         -0.08   10.08   library setup time
                                 10.08   data required time
-----------------------------------------------------------------------------
                                 10.08   data required time
                                 -3.50   data arrival time
-----------------------------------------------------------------------------
                                  6.57   slack (MET)


Startpoint: _343_ (rising edge-triggered flip-flop clocked by clk)
Endpoint: _347_ (rising edge-triggered flip-flop clocked by clk)
Path Group: clk
Path Type: max
Corner: Typical

Fanout     Cap    Slew   Delay    Time   Description
-----------------------------------------------------------------------------
                          0.00    0.00   clock clk (rise edge)
                          0.00    0.00   clock source latency
     1    0.02    0.11    0.08    0.08 ^ clk (in)
                                         clk (net)
                  0.11    0.00    0.08 ^ clkbuf_0_clk/A (sky130_fd_sc_hd__clkbuf_16)
     4    0.05    0.07    0.18    0.26 ^ clkbuf_0_clk/X (sky130_fd_sc_hd__clkbuf_16)
                                         clknet_0_clk (net)
                  0.07    0.00    0.26 ^ clkbuf_2_0__f_clk/A (sky130_fd_sc_hd__clkbuf_16)
     9    0.04    0.06    0.16    0.42 ^ clkbuf_2_0__f_clk/X (sky130_fd_sc_hd__clkbuf_16)
                                         clknet_2_0__leaf_clk (net)
                  0.06    0.00    0.42 ^ _343_/CLK (sky130_fd_sc_hd__dfrtp_1)
     4    0.02    0.11    0.46    0.88 v _343_/Q (sky130_fd_sc_hd__dfrtp_1)
                                         one_second_counter[13] (net)
                  0.11    0.00    0.88 v _180_/D (sky130_fd_sc_hd__and4_1)
     2    0.02    0.11    0.32    1.19 v _180_/X (sky130_fd_sc_hd__and4_1)
                                         _078_ (net)
                  0.11    0.00    1.19 v _181_/D (sky130_fd_sc_hd__or4_2)
     1    0.02    0.16    0.69    1.88 v _181_/X (sky130_fd_sc_hd__or4_2)
                                         _079_ (net)
                  0.16    0.00    1.88 v _184_/A3 (sky130_fd_sc_hd__o31a_1)
     1    0.02    0.13    0.39    2.27 v _184_/X (sky130_fd_sc_hd__o31a_1)
                                         _082_ (net)
                  0.13    0.00    2.27 v _186_/A2 (sky130_fd_sc_hd__o211ai_2)
     2    0.02    0.28    0.30    2.57 ^ _186_/Y (sky130_fd_sc_hd__o211ai_2)
                                         _084_ (net)
                  0.28    0.00    2.57 ^ _187_/A2 (sky130_fd_sc_hd__a21bo_2)
     9    0.05    0.28    0.38    2.95 ^ _187_/X (sky130_fd_sc_hd__a21bo_2)
                                         _085_ (net)
                  0.28    0.00    2.95 ^ _188_/A (sky130_fd_sc_hd__inv_2)
     2    0.02    0.10    0.13    3.08 v _188_/Y (sky130_fd_sc_hd__inv_2)
                                         _086_ (net)
                  0.10    0.00    3.09 v _189_/A (sky130_fd_sc_hd__buf_4)
    10    0.07    0.10    0.24    3.32 v _189_/X (sky130_fd_sc_hd__buf_4)
                                         _027_ (net)
                  0.10    0.00    3.33 v _252_/A (sky130_fd_sc_hd__nor2_1)
     1    0.00    0.11    0.15    3.47 ^ _252_/Y (sky130_fd_sc_hd__nor2_1)
                                         _008_ (net)
                  0.11    0.00    3.47 ^ _347_/D (sky130_fd_sc_hd__dfrtp_4)
                                  3.47   data arrival time

                         10.00   10.00   clock clk (rise edge)
                          0.00   10.00   clock source latency
     1    0.02    0.11    0.07   10.07 ^ clk (in)
                                         clk (net)
                  0.11    0.00   10.07 ^ clkbuf_0_clk/A (sky130_fd_sc_hd__clkbuf_16)
     4    0.05    0.07    0.16   10.24 ^ clkbuf_0_clk/X (sky130_fd_sc_hd__clkbuf_16)
                                         clknet_0_clk (net)
                  0.07    0.00   10.24 ^ clkbuf_2_1__f_clk/A (sky130_fd_sc_hd__clkbuf_16)
    11    0.04    0.06    0.14   10.38 ^ clkbuf_2_1__f_clk/X (sky130_fd_sc_hd__clkbuf_16)
                                         clknet_2_1__leaf_clk (net)
                  0.06    0.00   10.38 ^ _347_/CLK (sky130_fd_sc_hd__dfrtp_4)
                         -0.25   10.13   clock uncertainty
                          0.02   10.15   clock reconvergence pessimism
                         -0.08   10.07   library setup time
                                 10.07   data required time
-----------------------------------------------------------------------------
                                 10.07   data required time
                                 -3.47   data arrival time
-----------------------------------------------------------------------------
                                  6.60   slack (MET)


Startpoint: _343_ (rising edge-triggered flip-flop clocked by clk)
Endpoint: _356_ (rising edge-triggered flip-flop clocked by clk)
Path Group: clk
Path Type: max
Corner: Typical

Fanout     Cap    Slew   Delay    Time   Description
-----------------------------------------------------------------------------
                          0.00    0.00   clock clk (rise edge)
                          0.00    0.00   clock source latency
     1    0.02    0.11    0.08    0.08 ^ clk (in)
                                         clk (net)
                  0.11    0.00    0.08 ^ clkbuf_0_clk/A (sky130_fd_sc_hd__clkbuf_16)
     4    0.05    0.07    0.18    0.26 ^ clkbuf_0_clk/X (sky130_fd_sc_hd__clkbuf_16)
                                         clknet_0_clk (net)
                  0.07    0.00    0.26 ^ clkbuf_2_0__f_clk/A (sky130_fd_sc_hd__clkbuf_16)
     9    0.04    0.06    0.16    0.42 ^ clkbuf_2_0__f_clk/X (sky130_fd_sc_hd__clkbuf_16)
                                         clknet_2_0__leaf_clk (net)
                  0.06    0.00    0.42 ^ _343_/CLK (sky130_fd_sc_hd__dfrtp_1)
     4    0.02    0.11    0.46    0.88 v _343_/Q (sky130_fd_sc_hd__dfrtp_1)
                                         one_second_counter[13] (net)
                  0.11    0.00    0.88 v _180_/D (sky130_fd_sc_hd__and4_1)
     2    0.02    0.11    0.32    1.19 v _180_/X (sky130_fd_sc_hd__and4_1)
                                         _078_ (net)
                  0.11    0.00    1.19 v _181_/D (sky130_fd_sc_hd__or4_2)
     1    0.02    0.16    0.69    1.88 v _181_/X (sky130_fd_sc_hd__or4_2)
                                         _079_ (net)
                  0.16    0.00    1.88 v _184_/A3 (sky130_fd_sc_hd__o31a_1)
     1    0.02    0.13    0.39    2.27 v _184_/X (sky130_fd_sc_hd__o31a_1)
                                         _082_ (net)
                  0.13    0.00    2.27 v _186_/A2 (sky130_fd_sc_hd__o211ai_2)
     2    0.02    0.28    0.30    2.57 ^ _186_/Y (sky130_fd_sc_hd__o211ai_2)
                                         _084_ (net)
                  0.28    0.00    2.57 ^ _187_/A2 (sky130_fd_sc_hd__a21bo_2)
     9    0.05    0.28    0.38    2.95 ^ _187_/X (sky130_fd_sc_hd__a21bo_2)
                                         _085_ (net)
                  0.28    0.00    2.95 ^ _202_/A (sky130_fd_sc_hd__clkbuf_4)
    10    0.06    0.19    0.34    3.29 ^ _202_/X (sky130_fd_sc_hd__clkbuf_4)
                                         _095_ (net)
                  0.19    0.00    3.29 ^ _284_/B1 (sky130_fd_sc_hd__o211a_1)
     1    0.00    0.05    0.19    3.49 ^ _284_/X (sky130_fd_sc_hd__o211a_1)
                                         _018_ (net)
                  0.05    0.00    3.49 ^ _356_/D (sky130_fd_sc_hd__dfrtp_1)
                                  3.49   data arrival time

                         10.00   10.00   clock clk (rise edge)
                          0.00   10.00   clock source latency
     1    0.02    0.11    0.07   10.07 ^ clk (in)
                                         clk (net)
                  0.11    0.00   10.07 ^ clkbuf_0_clk/A (sky130_fd_sc_hd__clkbuf_16)
     4    0.05    0.07    0.16   10.24 ^ clkbuf_0_clk/X (sky130_fd_sc_hd__clkbuf_16)
                                         clknet_0_clk (net)
                  0.07    0.00   10.24 ^ clkbuf_2_1__f_clk/A (sky130_fd_sc_hd__clkbuf_16)
    11    0.04    0.06    0.14   10.38 ^ clkbuf_2_1__f_clk/X (sky130_fd_sc_hd__clkbuf_16)
                                         clknet_2_1__leaf_clk (net)
                  0.06    0.00   10.38 ^ _356_/CLK (sky130_fd_sc_hd__dfrtp_1)
                         -0.25   10.13   clock uncertainty
                          0.02   10.15   clock reconvergence pessimism
                         -0.06   10.09   library setup time
                                 10.09   data required time
-----------------------------------------------------------------------------
                                 10.09   data required time
                                 -3.49   data arrival time
-----------------------------------------------------------------------------
                                  6.60   slack (MET)


Startpoint: _342_ (rising edge-triggered flip-flop clocked by clk)
Endpoint: _338_ (rising edge-triggered flip-flop clocked by clk)
Path Group: clk
Path Type: max
Corner: Typical

Fanout     Cap    Slew   Delay    Time   Description
-----------------------------------------------------------------------------
                          0.00    0.00   clock clk (rise edge)
                          0.00    0.00   clock source latency
     1    0.02    0.11    0.08    0.08 ^ clk (in)
                                         clk (net)
                  0.11    0.00    0.08 ^ clkbuf_0_clk/A (sky130_fd_sc_hd__clkbuf_16)
     4    0.05    0.07    0.18    0.26 ^ clkbuf_0_clk/X (sky130_fd_sc_hd__clkbuf_16)
                                         clknet_0_clk (net)
                  0.07    0.00    0.26 ^ clkbuf_2_1__f_clk/A (sky130_fd_sc_hd__clkbuf_16)
    11    0.04    0.06    0.15    0.42 ^ clkbuf_2_1__f_clk/X (sky130_fd_sc_hd__clkbuf_16)
                                         clknet_2_1__leaf_clk (net)
                  0.06    0.00    0.42 ^ _342_/CLK (sky130_fd_sc_hd__dfrtp_2)
     5    0.03    0.10    0.49    0.90 v _342_/Q (sky130_fd_sc_hd__dfrtp_2)
                                         one_second_counter[12] (net)
                  0.10    0.00    0.90 v _180_/C (sky130_fd_sc_hd__and4_1)
     2    0.02    0.11    0.30    1.20 v _180_/X (sky130_fd_sc_hd__and4_1)
                                         _078_ (net)
                  0.11    0.00    1.20 v _181_/D (sky130_fd_sc_hd__or4_2)
     1    0.02    0.16    0.69    1.89 v _181_/X (sky130_fd_sc_hd__or4_2)
                                         _079_ (net)
                  0.16    0.00    1.89 v _184_/A3 (sky130_fd_sc_hd__o31a_1)
     1    0.02    0.13    0.39    2.28 v _184_/X (sky130_fd_sc_hd__o31a_1)
                                         _082_ (net)
                  0.13    0.00    2.28 v _186_/A2 (sky130_fd_sc_hd__o211ai_2)
     2    0.02    0.28    0.30    2.58 ^ _186_/Y (sky130_fd_sc_hd__o211ai_2)
                                         _084_ (net)
                  0.28    0.00    2.58 ^ _187_/A2 (sky130_fd_sc_hd__a21bo_2)
     9    0.05    0.28    0.38    2.96 ^ _187_/X (sky130_fd_sc_hd__a21bo_2)
                                         _085_ (net)
                  0.28    0.00    2.96 ^ _218_/B (sky130_fd_sc_hd__and3_1)
     1    0.02    0.16    0.31    3.27 ^ _218_/X (sky130_fd_sc_hd__and3_1)
                                         _107_ (net)
                  0.16    0.00    3.27 ^ _219_/A (sky130_fd_sc_hd__clkbuf_1)
     1    0.01    0.13    0.18    3.45 ^ _219_/X (sky130_fd_sc_hd__clkbuf_1)
                                         _025_ (net)
                  0.13    0.00    3.45 ^ _338_/D (sky130_fd_sc_hd__dfrtp_4)
                                  3.45   data arrival time

                         10.00   10.00   clock clk (rise edge)
                          0.00   10.00   clock source latency
     1    0.02    0.11    0.07   10.07 ^ clk (in)
                                         clk (net)
                  0.11    0.00   10.07 ^ clkbuf_0_clk/A (sky130_fd_sc_hd__clkbuf_16)
     4    0.05    0.07    0.16   10.24 ^ clkbuf_0_clk/X (sky130_fd_sc_hd__clkbuf_16)
                                         clknet_0_clk (net)
                  0.07    0.00   10.24 ^ clkbuf_2_3__f_clk/A (sky130_fd_sc_hd__clkbuf_16)
     8    0.04    0.06    0.14   10.38 ^ clkbuf_2_3__f_clk/X (sky130_fd_sc_hd__clkbuf_16)
                                         clknet_2_3__leaf_clk (net)
                  0.06    0.00   10.38 ^ _338_/CLK (sky130_fd_sc_hd__dfrtp_4)
                         -0.25   10.13   clock uncertainty
                          0.02   10.15   clock reconvergence pessimism
                         -0.08   10.07   library setup time
                                 10.07   data required time
-----------------------------------------------------------------------------
                                 10.07   data required time
                                 -3.45   data arrival time
-----------------------------------------------------------------------------
                                  6.63   slack (MET)


Startpoint: _342_ (rising edge-triggered flip-flop clocked by clk)
Endpoint: _333_ (rising edge-triggered flip-flop clocked by clk)
Path Group: clk
Path Type: max
Corner: Typical

Fanout     Cap    Slew   Delay    Time   Description
-----------------------------------------------------------------------------
                          0.00    0.00   clock clk (rise edge)
                          0.00    0.00   clock source latency
     1    0.02    0.11    0.08    0.08 ^ clk (in)
                                         clk (net)
                  0.11    0.00    0.08 ^ clkbuf_0_clk/A (sky130_fd_sc_hd__clkbuf_16)
     4    0.05    0.07    0.18    0.26 ^ clkbuf_0_clk/X (sky130_fd_sc_hd__clkbuf_16)
                                         clknet_0_clk (net)
                  0.07    0.00    0.26 ^ clkbuf_2_1__f_clk/A (sky130_fd_sc_hd__clkbuf_16)
    11    0.04    0.06    0.15    0.42 ^ clkbuf_2_1__f_clk/X (sky130_fd_sc_hd__clkbuf_16)
                                         clknet_2_1__leaf_clk (net)
                  0.06    0.00    0.42 ^ _342_/CLK (sky130_fd_sc_hd__dfrtp_2)
     5    0.03    0.10    0.49    0.90 v _342_/Q (sky130_fd_sc_hd__dfrtp_2)
                                         one_second_counter[12] (net)
                  0.10    0.00    0.90 v _180_/C (sky130_fd_sc_hd__and4_1)
     2    0.02    0.11    0.30    1.20 v _180_/X (sky130_fd_sc_hd__and4_1)
                                         _078_ (net)
                  0.11    0.00    1.20 v _181_/D (sky130_fd_sc_hd__or4_2)
     1    0.02    0.16    0.69    1.89 v _181_/X (sky130_fd_sc_hd__or4_2)
                                         _079_ (net)
                  0.16    0.00    1.89 v _184_/A3 (sky130_fd_sc_hd__o31a_1)
     1    0.02    0.13    0.39    2.28 v _184_/X (sky130_fd_sc_hd__o31a_1)
                                         _082_ (net)
                  0.13    0.00    2.28 v _186_/A2 (sky130_fd_sc_hd__o211ai_2)
     2    0.02    0.28    0.30    2.58 ^ _186_/Y (sky130_fd_sc_hd__o211ai_2)
                                         _084_ (net)
                  0.28    0.00    2.58 ^ _187_/A2 (sky130_fd_sc_hd__a21bo_2)
     9    0.05    0.28    0.38    2.96 ^ _187_/X (sky130_fd_sc_hd__a21bo_2)
                                         _085_ (net)
                  0.28    0.00    2.96 ^ _200_/B (sky130_fd_sc_hd__and3b_1)
     1    0.01    0.14    0.29    3.25 ^ _200_/X (sky130_fd_sc_hd__and3b_1)
                                         _094_ (net)
                  0.14    0.00    3.26 ^ _201_/A (sky130_fd_sc_hd__clkbuf_1)
     1    0.01    0.09    0.15    3.40 ^ _201_/X (sky130_fd_sc_hd__clkbuf_1)
                                         _020_ (net)
                  0.09    0.00    3.40 ^ _333_/D (sky130_fd_sc_hd__dfrtp_1)
                                  3.40   data arrival time

                         10.00   10.00   clock clk (rise edge)
                          0.00   10.00   clock source latency
     1    0.02    0.11    0.07   10.07 ^ clk (in)
                                         clk (net)
                  0.11    0.00   10.07 ^ clkbuf_0_clk/A (sky130_fd_sc_hd__clkbuf_16)
     4    0.05    0.07    0.16   10.24 ^ clkbuf_0_clk/X (sky130_fd_sc_hd__clkbuf_16)
                                         clknet_0_clk (net)
                  0.07    0.00   10.24 ^ clkbuf_2_3__f_clk/A (sky130_fd_sc_hd__clkbuf_16)
     8    0.04    0.06    0.14   10.38 ^ clkbuf_2_3__f_clk/X (sky130_fd_sc_hd__clkbuf_16)
                                         clknet_2_3__leaf_clk (net)
                  0.06    0.00   10.38 ^ _333_/CLK (sky130_fd_sc_hd__dfrtp_1)
                         -0.25   10.13   clock uncertainty
                          0.02   10.15   clock reconvergence pessimism
                         -0.07   10.08   library setup time
                                 10.08   data required time
-----------------------------------------------------------------------------
                                 10.08   data required time
                                 -3.40   data arrival time
-----------------------------------------------------------------------------
                                  6.68   slack (MET)


Startpoint: _342_ (rising edge-triggered flip-flop clocked by clk)
Endpoint: _357_ (rising edge-triggered flip-flop clocked by clk)
Path Group: clk
Path Type: max
Corner: Typical

Fanout     Cap    Slew   Delay    Time   Description
-----------------------------------------------------------------------------
                          0.00    0.00   clock clk (rise edge)
                          0.00    0.00   clock source latency
     1    0.02    0.11    0.08    0.08 ^ clk (in)
                                         clk (net)
                  0.11    0.00    0.08 ^ clkbuf_0_clk/A (sky130_fd_sc_hd__clkbuf_16)
     4    0.05    0.07    0.18    0.26 ^ clkbuf_0_clk/X (sky130_fd_sc_hd__clkbuf_16)
                                         clknet_0_clk (net)
                  0.07    0.00    0.26 ^ clkbuf_2_1__f_clk/A (sky130_fd_sc_hd__clkbuf_16)
    11    0.04    0.06    0.15    0.42 ^ clkbuf_2_1__f_clk/X (sky130_fd_sc_hd__clkbuf_16)
                                         clknet_2_1__leaf_clk (net)
                  0.06    0.00    0.42 ^ _342_/CLK (sky130_fd_sc_hd__dfrtp_2)
     5    0.03    0.10    0.49    0.90 v _342_/Q (sky130_fd_sc_hd__dfrtp_2)
                                         one_second_counter[12] (net)
                  0.10    0.00    0.90 v _180_/C (sky130_fd_sc_hd__and4_1)
     2    0.02    0.11    0.30    1.20 v _180_/X (sky130_fd_sc_hd__and4_1)
                                         _078_ (net)
                  0.11    0.00    1.20 v _181_/D (sky130_fd_sc_hd__or4_2)
     1    0.02    0.16    0.69    1.89 v _181_/X (sky130_fd_sc_hd__or4_2)
                                         _079_ (net)
                  0.16    0.00    1.89 v _184_/A3 (sky130_fd_sc_hd__o31a_1)
     1    0.02    0.13    0.39    2.28 v _184_/X (sky130_fd_sc_hd__o31a_1)
                                         _082_ (net)
                  0.13    0.00    2.28 v _186_/A2 (sky130_fd_sc_hd__o211ai_2)
     2    0.02    0.28    0.30    2.58 ^ _186_/Y (sky130_fd_sc_hd__o211ai_2)
                                         _084_ (net)
                  0.28    0.00    2.58 ^ _187_/A2 (sky130_fd_sc_hd__a21bo_2)
     9    0.05    0.28    0.38    2.96 ^ _187_/X (sky130_fd_sc_hd__a21bo_2)
                                         _085_ (net)
                  0.28    0.00    2.96 ^ _188_/A (sky130_fd_sc_hd__inv_2)
     2    0.02    0.10    0.13    3.10 v _188_/Y (sky130_fd_sc_hd__inv_2)
                                         _086_ (net)
                  0.10    0.00    3.10 v _189_/A (sky130_fd_sc_hd__buf_4)
    10    0.07    0.10    0.24    3.33 v _189_/X (sky130_fd_sc_hd__buf_4)
                                         _027_ (net)
                  0.10    0.01    3.34 v _357_/D (sky130_fd_sc_hd__dfrtp_4)
                                  3.34   data arrival time

                         10.00   10.00   clock clk (rise edge)
                          0.00   10.00   clock source latency
     1    0.02    0.11    0.07   10.07 ^ clk (in)
                                         clk (net)
                  0.11    0.00   10.07 ^ clkbuf_0_clk/A (sky130_fd_sc_hd__clkbuf_16)
     4    0.05    0.07    0.16   10.24 ^ clkbuf_0_clk/X (sky130_fd_sc_hd__clkbuf_16)
                                         clknet_0_clk (net)
                  0.07    0.00   10.24 ^ clkbuf_2_2__f_clk/A (sky130_fd_sc_hd__clkbuf_16)
     7    0.05    0.07    0.15   10.38 ^ clkbuf_2_2__f_clk/X (sky130_fd_sc_hd__clkbuf_16)
                                         clknet_2_2__leaf_clk (net)
                  0.07    0.00   10.39 ^ _357_/CLK (sky130_fd_sc_hd__dfrtp_4)
                         -0.25   10.14   clock uncertainty
                          0.02   10.16   clock reconvergence pessimism
                         -0.13   10.03   library setup time
                                 10.03   data required time
-----------------------------------------------------------------------------
                                 10.03   data required time
                                 -3.34   data arrival time
-----------------------------------------------------------------------------
                                  6.69   slack (MET)


Startpoint: _343_ (rising edge-triggered flip-flop clocked by clk)
Endpoint: _332_ (rising edge-triggered flip-flop clocked by clk)
Path Group: clk
Path Type: max
Corner: Typical

Fanout     Cap    Slew   Delay    Time   Description
-----------------------------------------------------------------------------
                          0.00    0.00   clock clk (rise edge)
                          0.00    0.00   clock source latency
     1    0.02    0.11    0.08    0.08 ^ clk (in)
                                         clk (net)
                  0.11    0.00    0.08 ^ clkbuf_0_clk/A (sky130_fd_sc_hd__clkbuf_16)
     4    0.05    0.07    0.18    0.26 ^ clkbuf_0_clk/X (sky130_fd_sc_hd__clkbuf_16)
                                         clknet_0_clk (net)
                  0.07    0.00    0.26 ^ clkbuf_2_0__f_clk/A (sky130_fd_sc_hd__clkbuf_16)
     9    0.04    0.06    0.16    0.42 ^ clkbuf_2_0__f_clk/X (sky130_fd_sc_hd__clkbuf_16)
                                         clknet_2_0__leaf_clk (net)
                  0.06    0.00    0.42 ^ _343_/CLK (sky130_fd_sc_hd__dfrtp_1)
     4    0.02    0.11    0.46    0.88 v _343_/Q (sky130_fd_sc_hd__dfrtp_1)
                                         one_second_counter[13] (net)
                  0.11    0.00    0.88 v _180_/D (sky130_fd_sc_hd__and4_1)
     2    0.02    0.11    0.32    1.19 v _180_/X (sky130_fd_sc_hd__and4_1)
                                         _078_ (net)
                  0.11    0.00    1.19 v _181_/D (sky130_fd_sc_hd__or4_2)
     1    0.02    0.16    0.69    1.88 v _181_/X (sky130_fd_sc_hd__or4_2)
                                         _079_ (net)
                  0.16    0.00    1.88 v _184_/A3 (sky130_fd_sc_hd__o31a_1)
     1    0.02    0.13    0.39    2.27 v _184_/X (sky130_fd_sc_hd__o31a_1)
                                         _082_ (net)
                  0.13    0.00    2.27 v _186_/A2 (sky130_fd_sc_hd__o211ai_2)
     2    0.02    0.28    0.30    2.57 ^ _186_/Y (sky130_fd_sc_hd__o211ai_2)
                                         _084_ (net)
                  0.28    0.00    2.57 ^ _187_/A2 (sky130_fd_sc_hd__a21bo_2)
     9    0.05    0.28    0.38    2.95 ^ _187_/X (sky130_fd_sc_hd__a21bo_2)
                                         _085_ (net)
                  0.28    0.00    2.95 ^ _197_/B (sky130_fd_sc_hd__and3_1)
     1    0.01    0.08    0.23    3.18 ^ _197_/X (sky130_fd_sc_hd__and3_1)
                                         _092_ (net)
                  0.08    0.00    3.18 ^ _198_/A (sky130_fd_sc_hd__buf_1)
     1    0.01    0.16    0.18    3.37 ^ _198_/X (sky130_fd_sc_hd__buf_1)
                                         _019_ (net)
                  0.16    0.00    3.37 ^ _332_/D (sky130_fd_sc_hd__dfrtp_4)
                                  3.37   data arrival time

                         10.00   10.00   clock clk (rise edge)
                          0.00   10.00   clock source latency
     1    0.02    0.11    0.07   10.07 ^ clk (in)
                                         clk (net)
                  0.11    0.00   10.07 ^ clkbuf_0_clk/A (sky130_fd_sc_hd__clkbuf_16)
     4    0.05    0.07    0.16   10.24 ^ clkbuf_0_clk/X (sky130_fd_sc_hd__clkbuf_16)
                                         clknet_0_clk (net)
                  0.07    0.00   10.24 ^ clkbuf_2_1__f_clk/A (sky130_fd_sc_hd__clkbuf_16)
    11    0.04    0.06    0.14   10.38 ^ clkbuf_2_1__f_clk/X (sky130_fd_sc_hd__clkbuf_16)
                                         clknet_2_1__leaf_clk (net)
                  0.06    0.00   10.38 ^ _332_/CLK (sky130_fd_sc_hd__dfrtp_4)
                         -0.25   10.13   clock uncertainty
                          0.02   10.15   clock reconvergence pessimism
                         -0.09   10.06   library setup time
                                 10.06   data required time
-----------------------------------------------------------------------------
                                 10.06   data required time
                                 -3.37   data arrival time
-----------------------------------------------------------------------------
                                  6.70   slack (MET)


Startpoint: _343_ (rising edge-triggered flip-flop clocked by clk)
Endpoint: _355_ (rising edge-triggered flip-flop clocked by clk)
Path Group: clk
Path Type: max
Corner: Typical

Fanout     Cap    Slew   Delay    Time   Description
-----------------------------------------------------------------------------
                          0.00    0.00   clock clk (rise edge)
                          0.00    0.00   clock source latency
     1    0.02    0.11    0.08    0.08 ^ clk (in)
                                         clk (net)
                  0.11    0.00    0.08 ^ clkbuf_0_clk/A (sky130_fd_sc_hd__clkbuf_16)
     4    0.05    0.07    0.18    0.26 ^ clkbuf_0_clk/X (sky130_fd_sc_hd__clkbuf_16)
                                         clknet_0_clk (net)
                  0.07    0.00    0.26 ^ clkbuf_2_0__f_clk/A (sky130_fd_sc_hd__clkbuf_16)
     9    0.04    0.06    0.16    0.42 ^ clkbuf_2_0__f_clk/X (sky130_fd_sc_hd__clkbuf_16)
                                         clknet_2_0__leaf_clk (net)
                  0.06    0.00    0.42 ^ _343_/CLK (sky130_fd_sc_hd__dfrtp_1)
     4    0.02    0.11    0.46    0.88 v _343_/Q (sky130_fd_sc_hd__dfrtp_1)
                                         one_second_counter[13] (net)
                  0.11    0.00    0.88 v _180_/D (sky130_fd_sc_hd__and4_1)
     2    0.02    0.11    0.32    1.19 v _180_/X (sky130_fd_sc_hd__and4_1)
                                         _078_ (net)
                  0.11    0.00    1.19 v _181_/D (sky130_fd_sc_hd__or4_2)
     1    0.02    0.16    0.69    1.88 v _181_/X (sky130_fd_sc_hd__or4_2)
                                         _079_ (net)
                  0.16    0.00    1.88 v _184_/A3 (sky130_fd_sc_hd__o31a_1)
     1    0.02    0.13    0.39    2.27 v _184_/X (sky130_fd_sc_hd__o31a_1)
                                         _082_ (net)
                  0.13    0.00    2.27 v _186_/A2 (sky130_fd_sc_hd__o211ai_2)
     2    0.02    0.28    0.30    2.57 ^ _186_/Y (sky130_fd_sc_hd__o211ai_2)
                                         _084_ (net)
                  0.28    0.00    2.57 ^ _187_/A2 (sky130_fd_sc_hd__a21bo_2)
     9    0.05    0.28    0.38    2.95 ^ _187_/X (sky130_fd_sc_hd__a21bo_2)
                                         _085_ (net)
                  0.28    0.00    2.95 ^ _281_/A (sky130_fd_sc_hd__and3_1)
     1    0.01    0.12    0.27    3.23 ^ _281_/X (sky130_fd_sc_hd__and3_1)
                                         _153_ (net)
                  0.12    0.00    3.23 ^ _282_/A (sky130_fd_sc_hd__clkbuf_1)
     1    0.01    0.10    0.15    3.37 ^ _282_/X (sky130_fd_sc_hd__clkbuf_1)
                                         _017_ (net)
                  0.10    0.00    3.38 ^ _355_/D (sky130_fd_sc_hd__dfrtp_4)
                                  3.38   data arrival time

                         10.00   10.00   clock clk (rise edge)
                          0.00   10.00   clock source latency
     1    0.02    0.11    0.07   10.07 ^ clk (in)
                                         clk (net)
                  0.11    0.00   10.07 ^ clkbuf_0_clk/A (sky130_fd_sc_hd__clkbuf_16)
     4    0.05    0.07    0.16   10.24 ^ clkbuf_0_clk/X (sky130_fd_sc_hd__clkbuf_16)
                                         clknet_0_clk (net)
                  0.07    0.00   10.24 ^ clkbuf_2_1__f_clk/A (sky130_fd_sc_hd__clkbuf_16)
    11    0.04    0.06    0.14   10.38 ^ clkbuf_2_1__f_clk/X (sky130_fd_sc_hd__clkbuf_16)
                                         clknet_2_1__leaf_clk (net)
                  0.06    0.00   10.38 ^ _355_/CLK (sky130_fd_sc_hd__dfrtp_4)
                         -0.25   10.13   clock uncertainty
                          0.02   10.15   clock reconvergence pessimism
                         -0.07   10.08   library setup time
                                 10.08   data required time
-----------------------------------------------------------------------------
                                 10.08   data required time
                                 -3.38   data arrival time
-----------------------------------------------------------------------------
                                  6.70   slack (MET)


Startpoint: _342_ (rising edge-triggered flip-flop clocked by clk)
Endpoint: _331_ (rising edge-triggered flip-flop clocked by clk)
Path Group: clk
Path Type: max
Corner: Typical

Fanout     Cap    Slew   Delay    Time   Description
-----------------------------------------------------------------------------
                          0.00    0.00   clock clk (rise edge)
                          0.00    0.00   clock source latency
     1    0.02    0.11    0.08    0.08 ^ clk (in)
                                         clk (net)
                  0.11    0.00    0.08 ^ clkbuf_0_clk/A (sky130_fd_sc_hd__clkbuf_16)
     4    0.05    0.07    0.18    0.26 ^ clkbuf_0_clk/X (sky130_fd_sc_hd__clkbuf_16)
                                         clknet_0_clk (net)
                  0.07    0.00    0.26 ^ clkbuf_2_1__f_clk/A (sky130_fd_sc_hd__clkbuf_16)
    11    0.04    0.06    0.15    0.42 ^ clkbuf_2_1__f_clk/X (sky130_fd_sc_hd__clkbuf_16)
                                         clknet_2_1__leaf_clk (net)
                  0.06    0.00    0.42 ^ _342_/CLK (sky130_fd_sc_hd__dfrtp_2)
     5    0.03    0.10    0.49    0.90 v _342_/Q (sky130_fd_sc_hd__dfrtp_2)
                                         one_second_counter[12] (net)
                  0.10    0.00    0.90 v _180_/C (sky130_fd_sc_hd__and4_1)
     2    0.02    0.11    0.30    1.20 v _180_/X (sky130_fd_sc_hd__and4_1)
                                         _078_ (net)
                  0.11    0.00    1.20 v _181_/D (sky130_fd_sc_hd__or4_2)
     1    0.02    0.16    0.69    1.89 v _181_/X (sky130_fd_sc_hd__or4_2)
                                         _079_ (net)
                  0.16    0.00    1.89 v _184_/A3 (sky130_fd_sc_hd__o31a_1)
     1    0.02    0.13    0.39    2.28 v _184_/X (sky130_fd_sc_hd__o31a_1)
                                         _082_ (net)
                  0.13    0.00    2.28 v _186_/A2 (sky130_fd_sc_hd__o211ai_2)
     2    0.02    0.28    0.30    2.58 ^ _186_/Y (sky130_fd_sc_hd__o211ai_2)
                                         _084_ (net)
                  0.28    0.00    2.58 ^ _187_/A2 (sky130_fd_sc_hd__a21bo_2)
     9    0.05    0.28    0.38    2.96 ^ _187_/X (sky130_fd_sc_hd__a21bo_2)
                                         _085_ (net)
                  0.28    0.00    2.96 ^ _193_/B (sky130_fd_sc_hd__and3_1)
     1    0.01    0.11    0.26    3.23 ^ _193_/X (sky130_fd_sc_hd__and3_1)
                                         _089_ (net)
                  0.11    0.00    3.23 ^ _194_/A (sky130_fd_sc_hd__clkbuf_1)
     1    0.01    0.11    0.15    3.38 ^ _194_/X (sky130_fd_sc_hd__clkbuf_1)
                                         _011_ (net)
                  0.11    0.00    3.38 ^ _331_/D (sky130_fd_sc_hd__dfrtp_4)
                                  3.38   data arrival time

                         10.00   10.00   clock clk (rise edge)
                          0.00   10.00   clock source latency
     1    0.02    0.11    0.07   10.07 ^ clk (in)
                                         clk (net)
                  0.11    0.00   10.07 ^ clkbuf_0_clk/A (sky130_fd_sc_hd__clkbuf_16)
     4    0.05    0.07    0.16   10.24 ^ clkbuf_0_clk/X (sky130_fd_sc_hd__clkbuf_16)
                                         clknet_0_clk (net)
                  0.07    0.00   10.24 ^ clkbuf_2_2__f_clk/A (sky130_fd_sc_hd__clkbuf_16)
     7    0.05    0.07    0.15   10.38 ^ clkbuf_2_2__f_clk/X (sky130_fd_sc_hd__clkbuf_16)
                                         clknet_2_2__leaf_clk (net)
                  0.07    0.00   10.39 ^ _331_/CLK (sky130_fd_sc_hd__dfrtp_4)
                         -0.25   10.14   clock uncertainty
                          0.02   10.16   clock reconvergence pessimism
                         -0.07   10.09   library setup time
                                 10.09   data required time
-----------------------------------------------------------------------------
                                 10.09   data required time
                                 -3.38   data arrival time
-----------------------------------------------------------------------------
                                  6.71   slack (MET)


Startpoint: _361_ (rising edge-triggered flip-flop clocked by clk)
Endpoint: _360_ (rising edge-triggered flip-flop clocked by clk)
Path Group: clk
Path Type: max
Corner: Typical

Fanout     Cap    Slew   Delay    Time   Description
-----------------------------------------------------------------------------
                          0.00    0.00   clock clk (rise edge)
                          0.00    0.00   clock source latency
     1    0.02    0.11    0.08    0.08 ^ clk (in)
                                         clk (net)
                  0.11    0.00    0.08 ^ clkbuf_0_clk/A (sky130_fd_sc_hd__clkbuf_16)
     4    0.05    0.07    0.18    0.26 ^ clkbuf_0_clk/X (sky130_fd_sc_hd__clkbuf_16)
                                         clknet_0_clk (net)
                  0.07    0.00    0.26 ^ clkbuf_2_0__f_clk/A (sky130_fd_sc_hd__clkbuf_16)
     9    0.04    0.06    0.16    0.42 ^ clkbuf_2_0__f_clk/X (sky130_fd_sc_hd__clkbuf_16)
                                         clknet_2_0__leaf_clk (net)
                  0.06    0.00    0.42 ^ _361_/CLK (sky130_fd_sc_hd__dfrtp_4)
     6    0.04    0.11    0.57    0.99 v _361_/Q (sky130_fd_sc_hd__dfrtp_4)
                                         decoder.digit[3] (net)
                  0.11    0.00    1.00 v _165_/A (sky130_fd_sc_hd__nor2_2)
     2    0.03    0.33    0.34    1.33 ^ _165_/Y (sky130_fd_sc_hd__nor2_2)
                                         _066_ (net)
                  0.33    0.00    1.33 ^ _166_/B (sky130_fd_sc_hd__nand2_2)
     3    0.04    0.18    0.24    1.57 v _166_/Y (sky130_fd_sc_hd__nand2_2)
                                         _067_ (net)
                  0.18    0.00    1.57 v _167_/B (sky130_fd_sc_hd__nor2_2)
     3    0.03    0.34    0.34    1.92 ^ _167_/Y (sky130_fd_sc_hd__nor2_2)
                                         _068_ (net)
                  0.34    0.00    1.92 ^ _168_/A2_N (sky130_fd_sc_hd__o2bb2a_1)
     1    0.02    0.12    0.35    2.28 v _168_/X (sky130_fd_sc_hd__o2bb2a_1)
                                         _069_ (net)
                  0.12    0.00    2.28 v _169_/B (sky130_fd_sc_hd__and2_1)
     1    0.01    0.05    0.22    2.49 v _169_/X (sky130_fd_sc_hd__and2_1)
                                         _070_ (net)
                  0.05    0.00    2.49 v _170_/A (sky130_fd_sc_hd__clkbuf_1)
     1    0.01    0.06    0.13    2.62 v _170_/X (sky130_fd_sc_hd__clkbuf_1)
                                         _062_ (net)
                  0.06    0.00    2.62 v _360_/D (sky130_fd_sc_hd__dfrtp_4)
                                  2.62   data arrival time

                         10.00   10.00   clock clk (rise edge)
                          0.00   10.00   clock source latency
     1    0.02    0.11    0.07   10.07 ^ clk (in)
                                         clk (net)
                  0.11    0.00   10.07 ^ clkbuf_0_clk/A (sky130_fd_sc_hd__clkbuf_16)
     4    0.05    0.07    0.16   10.24 ^ clkbuf_0_clk/X (sky130_fd_sc_hd__clkbuf_16)
                                         clknet_0_clk (net)
                  0.07    0.00   10.24 ^ clkbuf_2_3__f_clk/A (sky130_fd_sc_hd__clkbuf_16)
     8    0.04    0.06    0.14   10.38 ^ clkbuf_2_3__f_clk/X (sky130_fd_sc_hd__clkbuf_16)
                                         clknet_2_3__leaf_clk (net)
                  0.06    0.00   10.38 ^ _360_/CLK (sky130_fd_sc_hd__dfrtp_4)
                         -0.25   10.13   clock uncertainty
                          0.02   10.15   clock reconvergence pessimism
                         -0.12   10.04   library setup time
                                 10.04   data required time
-----------------------------------------------------------------------------
                                 10.04   data required time
                                 -2.62   data arrival time
-----------------------------------------------------------------------------
                                  7.41   slack (MET)


Startpoint: rst (input port clocked by clk)
Endpoint: _340_ (recovery check against rising-edge clock clk)
Path Group: asynchronous
Path Type: max
Corner: Typical

Fanout     Cap    Slew   Delay    Time   Description
-----------------------------------------------------------------------------
                          0.00    0.00   clock clk (rise edge)
                          0.00    0.00   clock network delay (propagated)
                          2.00    2.00 v input external delay
     1    0.00    0.01    0.00    2.00 v rst (in)
                                         rst (net)
                  0.01    0.00    2.00 v input1/A (sky130_fd_sc_hd__clkbuf_4)
     5    0.07    0.14    0.23    2.23 v input1/X (sky130_fd_sc_hd__clkbuf_4)
                                         net1 (net)
                  0.14    0.00    2.24 v _306_/A (sky130_fd_sc_hd__clkbuf_8)
    10    0.08    0.09    0.25    2.48 v _306_/X (sky130_fd_sc_hd__clkbuf_8)
                                         _160_ (net)
                  0.09    0.01    2.49 v _307_/A (sky130_fd_sc_hd__inv_2)
     1    0.03    0.15    0.17    2.66 ^ _307_/Y (sky130_fd_sc_hd__inv_2)
                                         _038_ (net)
                  0.15    0.00    2.66 ^ _340_/RESET_B (sky130_fd_sc_hd__dfrtp_4)
                                  2.66   data arrival time

                         10.00   10.00   clock clk (rise edge)
                          0.00   10.00   clock source latency
     1    0.02    0.11    0.07   10.07 ^ clk (in)
                                         clk (net)
                  0.11    0.00   10.07 ^ clkbuf_0_clk/A (sky130_fd_sc_hd__clkbuf_16)
     4    0.05    0.07    0.16   10.24 ^ clkbuf_0_clk/X (sky130_fd_sc_hd__clkbuf_16)
                                         clknet_0_clk (net)
                  0.07    0.00   10.24 ^ clkbuf_2_0__f_clk/A (sky130_fd_sc_hd__clkbuf_16)
     9    0.04    0.06    0.14   10.38 ^ clkbuf_2_0__f_clk/X (sky130_fd_sc_hd__clkbuf_16)
                                         clknet_2_0__leaf_clk (net)
                  0.06    0.00   10.38 ^ _340_/CLK (sky130_fd_sc_hd__dfrtp_4)
                         -0.25   10.13   clock uncertainty
                          0.00   10.13   clock reconvergence pessimism
                          0.19   10.32   library recovery time
                                 10.32   data required time
-----------------------------------------------------------------------------
                                 10.32   data required time
                                 -2.66   data arrival time
-----------------------------------------------------------------------------
                                  7.66   slack (MET)


Startpoint: rst (input port clocked by clk)
Endpoint: _336_ (recovery check against rising-edge clock clk)
Path Group: asynchronous
Path Type: max
Corner: Typical

Fanout     Cap    Slew   Delay    Time   Description
-----------------------------------------------------------------------------
                          0.00    0.00   clock clk (rise edge)
                          0.00    0.00   clock network delay (propagated)
                          2.00    2.00 v input external delay
     1    0.00    0.01    0.00    2.00 v rst (in)
                                         rst (net)
                  0.01    0.00    2.00 v input1/A (sky130_fd_sc_hd__clkbuf_4)
     5    0.07    0.14    0.23    2.23 v input1/X (sky130_fd_sc_hd__clkbuf_4)
                                         net1 (net)
                  0.14    0.00    2.23 v _295_/A (sky130_fd_sc_hd__buf_4)
    10    0.08    0.11    0.27    2.50 v _295_/X (sky130_fd_sc_hd__buf_4)
                                         _159_ (net)
                  0.11    0.00    2.50 v _302_/A (sky130_fd_sc_hd__inv_2)
     1    0.02    0.12    0.14    2.64 ^ _302_/Y (sky130_fd_sc_hd__inv_2)
                                         _034_ (net)
                  0.12    0.00    2.64 ^ _336_/RESET_B (sky130_fd_sc_hd__dfrtp_2)
                                  2.64   data arrival time

                         10.00   10.00   clock clk (rise edge)
                          0.00   10.00   clock source latency
     1    0.02    0.11    0.07   10.07 ^ clk (in)
                                         clk (net)
                  0.11    0.00   10.07 ^ clkbuf_0_clk/A (sky130_fd_sc_hd__clkbuf_16)
     4    0.05    0.07    0.16   10.24 ^ clkbuf_0_clk/X (sky130_fd_sc_hd__clkbuf_16)
                                         clknet_0_clk (net)
                  0.07    0.00   10.24 ^ clkbuf_2_1__f_clk/A (sky130_fd_sc_hd__clkbuf_16)
    11    0.04    0.06    0.14   10.38 ^ clkbuf_2_1__f_clk/X (sky130_fd_sc_hd__clkbuf_16)
                                         clknet_2_1__leaf_clk (net)
                  0.06    0.00   10.38 ^ _336_/CLK (sky130_fd_sc_hd__dfrtp_2)
                         -0.25   10.13   clock uncertainty
                          0.00   10.13   clock reconvergence pessimism
                          0.20   10.33   library recovery time
                                 10.33   data required time
-----------------------------------------------------------------------------
                                 10.33   data required time
                                 -2.64   data arrival time
-----------------------------------------------------------------------------
                                  7.68   slack (MET)


Startpoint: rst (input port clocked by clk)
Endpoint: _330_ (recovery check against rising-edge clock clk)
Path Group: asynchronous
Path Type: max
Corner: Typical

Fanout     Cap    Slew   Delay    Time   Description
-----------------------------------------------------------------------------
                          0.00    0.00   clock clk (rise edge)
                          0.00    0.00   clock network delay (propagated)
                          2.00    2.00 v input external delay
     1    0.00    0.01    0.00    2.00 v rst (in)
                                         rst (net)
                  0.01    0.00    2.00 v input1/A (sky130_fd_sc_hd__clkbuf_4)
     5    0.07    0.14    0.23    2.23 v input1/X (sky130_fd_sc_hd__clkbuf_4)
                                         net1 (net)
                  0.14    0.00    2.23 v _295_/A (sky130_fd_sc_hd__buf_4)
    10    0.08    0.11    0.27    2.50 v _295_/X (sky130_fd_sc_hd__buf_4)
                                         _159_ (net)
                  0.11    0.00    2.50 v _296_/A (sky130_fd_sc_hd__inv_2)
     1    0.02    0.10    0.13    2.63 ^ _296_/Y (sky130_fd_sc_hd__inv_2)
                                         _028_ (net)
                  0.10    0.00    2.63 ^ _330_/RESET_B (sky130_fd_sc_hd__dfrtp_4)
                                  2.63   data arrival time

                         10.00   10.00   clock clk (rise edge)
                          0.00   10.00   clock source latency
     1    0.02    0.11    0.07   10.07 ^ clk (in)
                                         clk (net)
                  0.11    0.00   10.07 ^ clkbuf_0_clk/A (sky130_fd_sc_hd__clkbuf_16)
     4    0.05    0.07    0.16   10.24 ^ clkbuf_0_clk/X (sky130_fd_sc_hd__clkbuf_16)
                                         clknet_0_clk (net)
                  0.07    0.00   10.24 ^ clkbuf_2_1__f_clk/A (sky130_fd_sc_hd__clkbuf_16)
    11    0.04    0.06    0.14   10.38 ^ clkbuf_2_1__f_clk/X (sky130_fd_sc_hd__clkbuf_16)
                                         clknet_2_1__leaf_clk (net)
                  0.06    0.00   10.38 ^ _330_/CLK (sky130_fd_sc_hd__dfrtp_4)
                         -0.25   10.13   clock uncertainty
                          0.00   10.13   clock reconvergence pessimism
                          0.20   10.33   library recovery time
                                 10.33   data required time
-----------------------------------------------------------------------------
                                 10.33   data required time
                                 -2.63   data arrival time
-----------------------------------------------------------------------------
                                  7.70   slack (MET)


Startpoint: rst (input port clocked by clk)
Endpoint: _332_ (recovery check against rising-edge clock clk)
Path Group: asynchronous
Path Type: max
Corner: Typical

Fanout     Cap    Slew   Delay    Time   Description
-----------------------------------------------------------------------------
                          0.00    0.00   clock clk (rise edge)
                          0.00    0.00   clock network delay (propagated)
                          2.00    2.00 v input external delay
     1    0.00    0.01    0.00    2.00 v rst (in)
                                         rst (net)
                  0.01    0.00    2.00 v input1/A (sky130_fd_sc_hd__clkbuf_4)
     5    0.07    0.14    0.23    2.23 v input1/X (sky130_fd_sc_hd__clkbuf_4)
                                         net1 (net)
                  0.14    0.00    2.23 v _295_/A (sky130_fd_sc_hd__buf_4)
    10    0.08    0.11    0.27    2.50 v _295_/X (sky130_fd_sc_hd__buf_4)
                                         _159_ (net)
                  0.11    0.00    2.50 v _298_/A (sky130_fd_sc_hd__inv_2)
     1    0.02    0.09    0.12    2.62 ^ _298_/Y (sky130_fd_sc_hd__inv_2)
                                         _030_ (net)
                  0.09    0.00    2.63 ^ _332_/RESET_B (sky130_fd_sc_hd__dfrtp_4)
                                  2.63   data arrival time

                         10.00   10.00   clock clk (rise edge)
                          0.00   10.00   clock source latency
     1    0.02    0.11    0.07   10.07 ^ clk (in)
                                         clk (net)
                  0.11    0.00   10.07 ^ clkbuf_0_clk/A (sky130_fd_sc_hd__clkbuf_16)
     4    0.05    0.07    0.16   10.24 ^ clkbuf_0_clk/X (sky130_fd_sc_hd__clkbuf_16)
                                         clknet_0_clk (net)
                  0.07    0.00   10.24 ^ clkbuf_2_1__f_clk/A (sky130_fd_sc_hd__clkbuf_16)
    11    0.04    0.06    0.14   10.38 ^ clkbuf_2_1__f_clk/X (sky130_fd_sc_hd__clkbuf_16)
                                         clknet_2_1__leaf_clk (net)
                  0.06    0.00   10.38 ^ _332_/CLK (sky130_fd_sc_hd__dfrtp_4)
                         -0.25   10.13   clock uncertainty
                          0.00   10.13   clock reconvergence pessimism
                          0.21   10.33   library recovery time
                                 10.33   data required time
-----------------------------------------------------------------------------
                                 10.33   data required time
                                 -2.63   data arrival time
-----------------------------------------------------------------------------
                                  7.71   slack (MET)


Startpoint: rst (input port clocked by clk)
Endpoint: _339_ (recovery check against rising-edge clock clk)
Path Group: asynchronous
Path Type: max
Corner: Typical

Fanout     Cap    Slew   Delay    Time   Description
-----------------------------------------------------------------------------
                          0.00    0.00   clock clk (rise edge)
                          0.00    0.00   clock network delay (propagated)
                          2.00    2.00 v input external delay
     1    0.00    0.01    0.00    2.00 v rst (in)
                                         rst (net)
                  0.01    0.00    2.00 v input1/A (sky130_fd_sc_hd__clkbuf_4)
     5    0.07    0.14    0.23    2.23 v input1/X (sky130_fd_sc_hd__clkbuf_4)
                                         net1 (net)
                  0.14    0.00    2.23 v _295_/A (sky130_fd_sc_hd__buf_4)
    10    0.08    0.11    0.27    2.50 v _295_/X (sky130_fd_sc_hd__buf_4)
                                         _159_ (net)
                  0.11    0.00    2.50 v _305_/A (sky130_fd_sc_hd__inv_2)
     1    0.02    0.10    0.13    2.63 ^ _305_/Y (sky130_fd_sc_hd__inv_2)
                                         _037_ (net)
                  0.10    0.00    2.63 ^ _339_/RESET_B (sky130_fd_sc_hd__dfrtp_2)
                                  2.63   data arrival time

                         10.00   10.00   clock clk (rise edge)
                          0.00   10.00   clock source latency
     1    0.02    0.11    0.07   10.07 ^ clk (in)
                                         clk (net)
                  0.11    0.00   10.07 ^ clkbuf_0_clk/A (sky130_fd_sc_hd__clkbuf_16)
     4    0.05    0.07    0.16   10.24 ^ clkbuf_0_clk/X (sky130_fd_sc_hd__clkbuf_16)
                                         clknet_0_clk (net)
                  0.07    0.00   10.24 ^ clkbuf_2_0__f_clk/A (sky130_fd_sc_hd__clkbuf_16)
     9    0.04    0.06    0.14   10.38 ^ clkbuf_2_0__f_clk/X (sky130_fd_sc_hd__clkbuf_16)
                                         clknet_2_0__leaf_clk (net)
                  0.06    0.00   10.38 ^ _339_/CLK (sky130_fd_sc_hd__dfrtp_2)
                         -0.25   10.13   clock uncertainty
                          0.00   10.13   clock reconvergence pessimism
                          0.21   10.34   library recovery time
                                 10.34   data required time
-----------------------------------------------------------------------------
                                 10.34   data required time
                                 -2.63   data arrival time
-----------------------------------------------------------------------------
                                  7.71   slack (MET)


Startpoint: rst (input port clocked by clk)
Endpoint: _348_ (recovery check against rising-edge clock clk)
Path Group: asynchronous
Path Type: max
Corner: Typical

Fanout     Cap    Slew   Delay    Time   Description
-----------------------------------------------------------------------------
                          0.00    0.00   clock clk (rise edge)
                          0.00    0.00   clock network delay (propagated)
                          2.00    2.00 v input external delay
     1    0.00    0.01    0.00    2.00 v rst (in)
                                         rst (net)
                  0.01    0.00    2.00 v input1/A (sky130_fd_sc_hd__clkbuf_4)
     5    0.07    0.14    0.23    2.23 v input1/X (sky130_fd_sc_hd__clkbuf_4)
                                         net1 (net)
                  0.14    0.00    2.24 v _306_/A (sky130_fd_sc_hd__clkbuf_8)
    10    0.08    0.09    0.25    2.48 v _306_/X (sky130_fd_sc_hd__clkbuf_8)
                                         _160_ (net)
                  0.09    0.01    2.49 v _315_/A (sky130_fd_sc_hd__inv_2)
     1    0.02    0.11    0.13    2.62 ^ _315_/Y (sky130_fd_sc_hd__inv_2)
                                         _046_ (net)
                  0.11    0.00    2.62 ^ _348_/RESET_B (sky130_fd_sc_hd__dfrtp_4)
                                  2.62   data arrival time

                         10.00   10.00   clock clk (rise edge)
                          0.00   10.00   clock source latency
     1    0.02    0.11    0.07   10.07 ^ clk (in)
                                         clk (net)
                  0.11    0.00   10.07 ^ clkbuf_0_clk/A (sky130_fd_sc_hd__clkbuf_16)
     4    0.05    0.07    0.16   10.24 ^ clkbuf_0_clk/X (sky130_fd_sc_hd__clkbuf_16)
                                         clknet_0_clk (net)
                  0.07    0.00   10.24 ^ clkbuf_2_0__f_clk/A (sky130_fd_sc_hd__clkbuf_16)
     9    0.04    0.06    0.14   10.38 ^ clkbuf_2_0__f_clk/X (sky130_fd_sc_hd__clkbuf_16)
                                         clknet_2_0__leaf_clk (net)
                  0.06    0.00   10.38 ^ _348_/CLK (sky130_fd_sc_hd__dfrtp_4)
                         -0.25   10.13   clock uncertainty
                          0.00   10.13   clock reconvergence pessimism
                          0.20   10.33   library recovery time
                                 10.33   data required time
-----------------------------------------------------------------------------
                                 10.33   data required time
                                 -2.62   data arrival time
-----------------------------------------------------------------------------
                                  7.71   slack (MET)


Startpoint: rst (input port clocked by clk)
Endpoint: _338_ (recovery check against rising-edge clock clk)
Path Group: asynchronous
Path Type: max
Corner: Typical

Fanout     Cap    Slew   Delay    Time   Description
-----------------------------------------------------------------------------
                          0.00    0.00   clock clk (rise edge)
                          0.00    0.00   clock network delay (propagated)
                          2.00    2.00 v input external delay
     1    0.00    0.01    0.00    2.00 v rst (in)
                                         rst (net)
                  0.01    0.00    2.00 v input1/A (sky130_fd_sc_hd__clkbuf_4)
     5    0.07    0.14    0.23    2.23 v input1/X (sky130_fd_sc_hd__clkbuf_4)
                                         net1 (net)
                  0.14    0.00    2.23 v _295_/A (sky130_fd_sc_hd__buf_4)
    10    0.08    0.11    0.27    2.50 v _295_/X (sky130_fd_sc_hd__buf_4)
                                         _159_ (net)
                  0.11    0.00    2.50 v _304_/A (sky130_fd_sc_hd__inv_2)
     1    0.02    0.09    0.12    2.62 ^ _304_/Y (sky130_fd_sc_hd__inv_2)
                                         _036_ (net)
                  0.09    0.00    2.62 ^ _338_/RESET_B (sky130_fd_sc_hd__dfrtp_4)
                                  2.62   data arrival time

                         10.00   10.00   clock clk (rise edge)
                          0.00   10.00   clock source latency
     1    0.02    0.11    0.07   10.07 ^ clk (in)
                                         clk (net)
                  0.11    0.00   10.07 ^ clkbuf_0_clk/A (sky130_fd_sc_hd__clkbuf_16)
     4    0.05    0.07    0.16   10.24 ^ clkbuf_0_clk/X (sky130_fd_sc_hd__clkbuf_16)
                                         clknet_0_clk (net)
                  0.07    0.00   10.24 ^ clkbuf_2_3__f_clk/A (sky130_fd_sc_hd__clkbuf_16)
     8    0.04    0.06    0.14   10.38 ^ clkbuf_2_3__f_clk/X (sky130_fd_sc_hd__clkbuf_16)
                                         clknet_2_3__leaf_clk (net)
                  0.06    0.00   10.38 ^ _338_/CLK (sky130_fd_sc_hd__dfrtp_4)
                         -0.25   10.13   clock uncertainty
                          0.00   10.13   clock reconvergence pessimism
                          0.21   10.34   library recovery time
                                 10.34   data required time
-----------------------------------------------------------------------------
                                 10.34   data required time
                                 -2.62   data arrival time
-----------------------------------------------------------------------------
                                  7.71   slack (MET)


Startpoint: rst (input port clocked by clk)
Endpoint: _347_ (recovery check against rising-edge clock clk)
Path Group: asynchronous
Path Type: max
Corner: Typical

Fanout     Cap    Slew   Delay    Time   Description
-----------------------------------------------------------------------------
                          0.00    0.00   clock clk (rise edge)
                          0.00    0.00   clock network delay (propagated)
                          2.00    2.00 v input external delay
     1    0.00    0.01    0.00    2.00 v rst (in)
                                         rst (net)
                  0.01    0.00    2.00 v input1/A (sky130_fd_sc_hd__clkbuf_4)
     5    0.07    0.14    0.23    2.23 v input1/X (sky130_fd_sc_hd__clkbuf_4)
                                         net1 (net)
                  0.14    0.00    2.24 v _306_/A (sky130_fd_sc_hd__clkbuf_8)
    10    0.08    0.09    0.25    2.48 v _306_/X (sky130_fd_sc_hd__clkbuf_8)
                                         _160_ (net)
                  0.09    0.01    2.49 v _314_/A (sky130_fd_sc_hd__inv_2)
     1    0.02    0.09    0.11    2.60 ^ _314_/Y (sky130_fd_sc_hd__inv_2)
                                         _045_ (net)
                  0.09    0.00    2.60 ^ _347_/RESET_B (sky130_fd_sc_hd__dfrtp_4)
                                  2.60   data arrival time

                         10.00   10.00   clock clk (rise edge)
                          0.00   10.00   clock source latency
     1    0.02    0.11    0.07   10.07 ^ clk (in)
                                         clk (net)
                  0.11    0.00   10.07 ^ clkbuf_0_clk/A (sky130_fd_sc_hd__clkbuf_16)
     4    0.05    0.07    0.16   10.24 ^ clkbuf_0_clk/X (sky130_fd_sc_hd__clkbuf_16)
                                         clknet_0_clk (net)
                  0.07    0.00   10.24 ^ clkbuf_2_1__f_clk/A (sky130_fd_sc_hd__clkbuf_16)
    11    0.04    0.06    0.14   10.38 ^ clkbuf_2_1__f_clk/X (sky130_fd_sc_hd__clkbuf_16)
                                         clknet_2_1__leaf_clk (net)
                  0.06    0.00   10.38 ^ _347_/CLK (sky130_fd_sc_hd__dfrtp_4)
                         -0.25   10.13   clock uncertainty
                          0.00   10.13   clock reconvergence pessimism
                          0.21   10.33   library recovery time
                                 10.33   data required time
-----------------------------------------------------------------------------
                                 10.33   data required time
                                 -2.60   data arrival time
-----------------------------------------------------------------------------
                                  7.73   slack (MET)


Startpoint: rst (input port clocked by clk)
Endpoint: _356_ (recovery check against rising-edge clock clk)
Path Group: asynchronous
Path Type: max
Corner: Typical

Fanout     Cap    Slew   Delay    Time   Description
-----------------------------------------------------------------------------
                          0.00    0.00   clock clk (rise edge)
                          0.00    0.00   clock network delay (propagated)
                          2.00    2.00 v input external delay
     1    0.00    0.01    0.00    2.00 v rst (in)
                                         rst (net)
                  0.01    0.00    2.00 v input1/A (sky130_fd_sc_hd__clkbuf_4)
     5    0.07    0.14    0.23    2.23 v input1/X (sky130_fd_sc_hd__clkbuf_4)
                                         net1 (net)
                  0.14    0.00    2.23 v _317_/A (sky130_fd_sc_hd__clkbuf_8)
    10    0.07    0.09    0.25    2.48 v _317_/X (sky130_fd_sc_hd__clkbuf_8)
                                         _161_ (net)
                  0.09    0.00    2.48 v _324_/A (sky130_fd_sc_hd__inv_2)
     1    0.02    0.11    0.13    2.61 ^ _324_/Y (sky130_fd_sc_hd__inv_2)
                                         _054_ (net)
                  0.11    0.00    2.61 ^ _356_/RESET_B (sky130_fd_sc_hd__dfrtp_1)
                                  2.61   data arrival time

                         10.00   10.00   clock clk (rise edge)
                          0.00   10.00   clock source latency
     1    0.02    0.11    0.07   10.07 ^ clk (in)
                                         clk (net)
                  0.11    0.00   10.07 ^ clkbuf_0_clk/A (sky130_fd_sc_hd__clkbuf_16)
     4    0.05    0.07    0.16   10.24 ^ clkbuf_0_clk/X (sky130_fd_sc_hd__clkbuf_16)
                                         clknet_0_clk (net)
                  0.07    0.00   10.24 ^ clkbuf_2_1__f_clk/A (sky130_fd_sc_hd__clkbuf_16)
    11    0.04    0.06    0.14   10.38 ^ clkbuf_2_1__f_clk/X (sky130_fd_sc_hd__clkbuf_16)
                                         clknet_2_1__leaf_clk (net)
                  0.06    0.00   10.38 ^ _356_/CLK (sky130_fd_sc_hd__dfrtp_1)
                         -0.25   10.13   clock uncertainty
                          0.00   10.13   clock reconvergence pessimism
                          0.22   10.34   library recovery time
                                 10.34   data required time
-----------------------------------------------------------------------------
                                 10.34   data required time
                                 -2.61   data arrival time
-----------------------------------------------------------------------------
                                  7.73   slack (MET)


Startpoint: rst (input port clocked by clk)
Endpoint: _343_ (recovery check against rising-edge clock clk)
Path Group: asynchronous
Path Type: max
Corner: Typical

Fanout     Cap    Slew   Delay    Time   Description
-----------------------------------------------------------------------------
                          0.00    0.00   clock clk (rise edge)
                          0.00    0.00   clock network delay (propagated)
                          2.00    2.00 v input external delay
     1    0.00    0.01    0.00    2.00 v rst (in)
                                         rst (net)
                  0.01    0.00    2.00 v input1/A (sky130_fd_sc_hd__clkbuf_4)
     5    0.07    0.14    0.23    2.23 v input1/X (sky130_fd_sc_hd__clkbuf_4)
                                         net1 (net)
                  0.14    0.00    2.24 v _306_/A (sky130_fd_sc_hd__clkbuf_8)
    10    0.08    0.09    0.25    2.48 v _306_/X (sky130_fd_sc_hd__clkbuf_8)
                                         _160_ (net)
                  0.09    0.01    2.49 v _310_/A (sky130_fd_sc_hd__inv_2)
     1    0.02    0.10    0.12    2.61 ^ _310_/Y (sky130_fd_sc_hd__inv_2)
                                         _041_ (net)
                  0.10    0.00    2.62 ^ _343_/RESET_B (sky130_fd_sc_hd__dfrtp_1)
                                  2.62   data arrival time

                         10.00   10.00   clock clk (rise edge)
                          0.00   10.00   clock source latency
     1    0.02    0.11    0.07   10.07 ^ clk (in)
                                         clk (net)
                  0.11    0.00   10.07 ^ clkbuf_0_clk/A (sky130_fd_sc_hd__clkbuf_16)
     4    0.05    0.07    0.16   10.24 ^ clkbuf_0_clk/X (sky130_fd_sc_hd__clkbuf_16)
                                         clknet_0_clk (net)
                  0.07    0.00   10.24 ^ clkbuf_2_0__f_clk/A (sky130_fd_sc_hd__clkbuf_16)
     9    0.04    0.06    0.14   10.38 ^ clkbuf_2_0__f_clk/X (sky130_fd_sc_hd__clkbuf_16)
                                         clknet_2_0__leaf_clk (net)
                  0.06    0.00   10.38 ^ _343_/CLK (sky130_fd_sc_hd__dfrtp_1)
                         -0.25   10.13   clock uncertainty
                          0.00   10.13   clock reconvergence pessimism
                          0.22   10.35   library recovery time
                                 10.35   data required time
-----------------------------------------------------------------------------
                                 10.35   data required time
                                 -2.62   data arrival time
-----------------------------------------------------------------------------
                                  7.74   slack (MET)


Startpoint: rst (input port clocked by clk)
Endpoint: _344_ (recovery check against rising-edge clock clk)
Path Group: asynchronous
Path Type: max
Corner: Typical

Fanout     Cap    Slew   Delay    Time   Description
-----------------------------------------------------------------------------
                          0.00    0.00   clock clk (rise edge)
                          0.00    0.00   clock network delay (propagated)
                          2.00    2.00 v input external delay
     1    0.00    0.01    0.00    2.00 v rst (in)
                                         rst (net)
                  0.01    0.00    2.00 v input1/A (sky130_fd_sc_hd__clkbuf_4)
     5    0.07    0.14    0.23    2.23 v input1/X (sky130_fd_sc_hd__clkbuf_4)
                                         net1 (net)
                  0.14    0.00    2.24 v _306_/A (sky130_fd_sc_hd__clkbuf_8)
    10    0.08    0.09    0.25    2.48 v _306_/X (sky130_fd_sc_hd__clkbuf_8)
                                         _160_ (net)
                  0.09    0.01    2.49 v _311_/A (sky130_fd_sc_hd__inv_2)
     1    0.02    0.09    0.12    2.61 ^ _311_/Y (sky130_fd_sc_hd__inv_2)
                                         _042_ (net)
                  0.09    0.00    2.61 ^ _344_/RESET_B (sky130_fd_sc_hd__dfrtp_1)
                                  2.61   data arrival time

                         10.00   10.00   clock clk (rise edge)
                          0.00   10.00   clock source latency
     1    0.02    0.11    0.07   10.07 ^ clk (in)
                                         clk (net)
                  0.11    0.00   10.07 ^ clkbuf_0_clk/A (sky130_fd_sc_hd__clkbuf_16)
     4    0.05    0.07    0.16   10.24 ^ clkbuf_0_clk/X (sky130_fd_sc_hd__clkbuf_16)
                                         clknet_0_clk (net)
                  0.07    0.00   10.24 ^ clkbuf_2_1__f_clk/A (sky130_fd_sc_hd__clkbuf_16)
    11    0.04    0.06    0.14   10.38 ^ clkbuf_2_1__f_clk/X (sky130_fd_sc_hd__clkbuf_16)
                                         clknet_2_1__leaf_clk (net)
                  0.06    0.00   10.38 ^ _344_/CLK (sky130_fd_sc_hd__dfrtp_1)
                         -0.25   10.13   clock uncertainty
                          0.00   10.13   clock reconvergence pessimism
                          0.22   10.35   library recovery time
                                 10.35   data required time
-----------------------------------------------------------------------------
                                 10.35   data required time
                                 -2.61   data arrival time
-----------------------------------------------------------------------------
                                  7.74   slack (MET)


Startpoint: rst (input port clocked by clk)
Endpoint: _350_ (recovery check against rising-edge clock clk)
Path Group: asynchronous
Path Type: max
Corner: Typical

Fanout     Cap    Slew   Delay    Time   Description
-----------------------------------------------------------------------------
                          0.00    0.00   clock clk (rise edge)
                          0.00    0.00   clock network delay (propagated)
                          2.00    2.00 v input external delay
     1    0.00    0.01    0.00    2.00 v rst (in)
                                         rst (net)
                  0.01    0.00    2.00 v input1/A (sky130_fd_sc_hd__clkbuf_4)
     5    0.07    0.14    0.23    2.23 v input1/X (sky130_fd_sc_hd__clkbuf_4)
                                         net1 (net)
                  0.14    0.00    2.23 v _317_/A (sky130_fd_sc_hd__clkbuf_8)
    10    0.07    0.09    0.25    2.48 v _317_/X (sky130_fd_sc_hd__clkbuf_8)
                                         _161_ (net)
                  0.09    0.00    2.48 v _318_/A (sky130_fd_sc_hd__inv_2)
     1    0.02    0.09    0.11    2.59 ^ _318_/Y (sky130_fd_sc_hd__inv_2)
                                         _048_ (net)
                  0.09    0.00    2.59 ^ _350_/RESET_B (sky130_fd_sc_hd__dfrtp_2)
                                  2.59   data arrival time

                         10.00   10.00   clock clk (rise edge)
                          0.00   10.00   clock source latency
     1    0.02    0.11    0.07   10.07 ^ clk (in)
                                         clk (net)
                  0.11    0.00   10.07 ^ clkbuf_0_clk/A (sky130_fd_sc_hd__clkbuf_16)
     4    0.05    0.07    0.16   10.24 ^ clkbuf_0_clk/X (sky130_fd_sc_hd__clkbuf_16)
                                         clknet_0_clk (net)
                  0.07    0.00   10.24 ^ clkbuf_2_3__f_clk/A (sky130_fd_sc_hd__clkbuf_16)
     8    0.04    0.06    0.14   10.38 ^ clkbuf_2_3__f_clk/X (sky130_fd_sc_hd__clkbuf_16)
                                         clknet_2_3__leaf_clk (net)
                  0.06    0.00   10.38 ^ _350_/CLK (sky130_fd_sc_hd__dfrtp_2)
                         -0.25   10.13   clock uncertainty
                          0.00   10.13   clock reconvergence pessimism
                          0.21   10.34   library recovery time
                                 10.34   data required time
-----------------------------------------------------------------------------
                                 10.34   data required time
                                 -2.59   data arrival time
-----------------------------------------------------------------------------
                                  7.74   slack (MET)


Startpoint: rst (input port clocked by clk)
Endpoint: _333_ (recovery check against rising-edge clock clk)
Path Group: asynchronous
Path Type: max
Corner: Typical

Fanout     Cap    Slew   Delay    Time   Description
-----------------------------------------------------------------------------
                          0.00    0.00   clock clk (rise edge)
                          0.00    0.00   clock network delay (propagated)
                          2.00    2.00 v input external delay
     1    0.00    0.01    0.00    2.00 v rst (in)
                                         rst (net)
                  0.01    0.00    2.00 v input1/A (sky130_fd_sc_hd__clkbuf_4)
     5    0.07    0.14    0.23    2.23 v input1/X (sky130_fd_sc_hd__clkbuf_4)
                                         net1 (net)
                  0.14    0.00    2.23 v _295_/A (sky130_fd_sc_hd__buf_4)
    10    0.08    0.11    0.27    2.50 v _295_/X (sky130_fd_sc_hd__buf_4)
                                         _159_ (net)
                  0.11    0.00    2.50 v _299_/A (sky130_fd_sc_hd__inv_2)
     1    0.01    0.07    0.11    2.61 ^ _299_/Y (sky130_fd_sc_hd__inv_2)
                                         _031_ (net)
                  0.07    0.00    2.61 ^ _333_/RESET_B (sky130_fd_sc_hd__dfrtp_1)
                                  2.61   data arrival time

                         10.00   10.00   clock clk (rise edge)
                          0.00   10.00   clock source latency
     1    0.02    0.11    0.07   10.07 ^ clk (in)
                                         clk (net)
                  0.11    0.00   10.07 ^ clkbuf_0_clk/A (sky130_fd_sc_hd__clkbuf_16)
     4    0.05    0.07    0.16   10.24 ^ clkbuf_0_clk/X (sky130_fd_sc_hd__clkbuf_16)
                                         clknet_0_clk (net)
                  0.07    0.00   10.24 ^ clkbuf_2_3__f_clk/A (sky130_fd_sc_hd__clkbuf_16)
     8    0.04    0.06    0.14   10.38 ^ clkbuf_2_3__f_clk/X (sky130_fd_sc_hd__clkbuf_16)
                                         clknet_2_3__leaf_clk (net)
                  0.06    0.00   10.38 ^ _333_/CLK (sky130_fd_sc_hd__dfrtp_1)
                         -0.25   10.13   clock uncertainty
                          0.00   10.13   clock reconvergence pessimism
                          0.23   10.36   library recovery time
                                 10.36   data required time
-----------------------------------------------------------------------------
                                 10.36   data required time
                                 -2.61   data arrival time
-----------------------------------------------------------------------------
                                  7.75   slack (MET)


Startpoint: rst (input port clocked by clk)
Endpoint: _337_ (recovery check against rising-edge clock clk)
Path Group: asynchronous
Path Type: max
Corner: Typical

Fanout     Cap    Slew   Delay    Time   Description
-----------------------------------------------------------------------------
                          0.00    0.00   clock clk (rise edge)
                          0.00    0.00   clock network delay (propagated)
                          2.00    2.00 v input external delay
     1    0.00    0.01    0.00    2.00 v rst (in)
                                         rst (net)
                  0.01    0.00    2.00 v input1/A (sky130_fd_sc_hd__clkbuf_4)
     5    0.07    0.14    0.23    2.23 v input1/X (sky130_fd_sc_hd__clkbuf_4)
                                         net1 (net)
                  0.14    0.00    2.23 v _295_/A (sky130_fd_sc_hd__buf_4)
    10    0.08    0.11    0.27    2.50 v _295_/X (sky130_fd_sc_hd__buf_4)
                                         _159_ (net)
                  0.11    0.00    2.50 v _303_/A (sky130_fd_sc_hd__inv_2)
     1    0.01    0.06    0.09    2.60 ^ _303_/Y (sky130_fd_sc_hd__inv_2)
                                         _035_ (net)
                  0.06    0.00    2.60 ^ _337_/RESET_B (sky130_fd_sc_hd__dfrtp_2)
                                  2.60   data arrival time

                         10.00   10.00   clock clk (rise edge)
                          0.00   10.00   clock source latency
     1    0.02    0.11    0.07   10.07 ^ clk (in)
                                         clk (net)
                  0.11    0.00   10.07 ^ clkbuf_0_clk/A (sky130_fd_sc_hd__clkbuf_16)
     4    0.05    0.07    0.16   10.24 ^ clkbuf_0_clk/X (sky130_fd_sc_hd__clkbuf_16)
                                         clknet_0_clk (net)
                  0.07    0.00   10.24 ^ clkbuf_2_1__f_clk/A (sky130_fd_sc_hd__clkbuf_16)
    11    0.04    0.06    0.14   10.38 ^ clkbuf_2_1__f_clk/X (sky130_fd_sc_hd__clkbuf_16)
                                         clknet_2_1__leaf_clk (net)
                  0.06    0.00   10.38 ^ _337_/CLK (sky130_fd_sc_hd__dfrtp_2)
                         -0.25   10.13   clock uncertainty
                          0.00   10.13   clock reconvergence pessimism
                          0.22   10.34   library recovery time
                                 10.34   data required time
-----------------------------------------------------------------------------
                                 10.34   data required time
                                 -2.60   data arrival time
-----------------------------------------------------------------------------
                                  7.75   slack (MET)


Startpoint: rst (input port clocked by clk)
Endpoint: _358_ (recovery check against rising-edge clock clk)
Path Group: asynchronous
Path Type: max
Corner: Typical

Fanout     Cap    Slew   Delay    Time   Description
-----------------------------------------------------------------------------
                          0.00    0.00   clock clk (rise edge)
                          0.00    0.00   clock network delay (propagated)
                          2.00    2.00 v input external delay
     1    0.00    0.01    0.00    2.00 v rst (in)
                                         rst (net)
                  0.01    0.00    2.00 v input1/A (sky130_fd_sc_hd__clkbuf_4)
     5    0.07    0.14    0.23    2.23 v input1/X (sky130_fd_sc_hd__clkbuf_4)
                                         net1 (net)
                  0.14    0.00    2.23 v _317_/A (sky130_fd_sc_hd__clkbuf_8)
    10    0.07    0.09    0.25    2.48 v _317_/X (sky130_fd_sc_hd__clkbuf_8)
                                         _161_ (net)
                  0.09    0.00    2.48 v _326_/A (sky130_fd_sc_hd__inv_2)
     1    0.02    0.08    0.11    2.59 ^ _326_/Y (sky130_fd_sc_hd__inv_2)
                                         _056_ (net)
                  0.08    0.00    2.59 ^ _358_/RESET_B (sky130_fd_sc_hd__dfrtp_4)
                                  2.59   data arrival time

                         10.00   10.00   clock clk (rise edge)
                          0.00   10.00   clock source latency
     1    0.02    0.11    0.07   10.07 ^ clk (in)
                                         clk (net)
                  0.11    0.00   10.07 ^ clkbuf_0_clk/A (sky130_fd_sc_hd__clkbuf_16)
     4    0.05    0.07    0.16   10.24 ^ clkbuf_0_clk/X (sky130_fd_sc_hd__clkbuf_16)
                                         clknet_0_clk (net)
                  0.07    0.00   10.24 ^ clkbuf_2_2__f_clk/A (sky130_fd_sc_hd__clkbuf_16)
     7    0.05    0.07    0.15   10.38 ^ clkbuf_2_2__f_clk/X (sky130_fd_sc_hd__clkbuf_16)
                                         clknet_2_2__leaf_clk (net)
                  0.07    0.00   10.39 ^ _358_/CLK (sky130_fd_sc_hd__dfrtp_4)
                         -0.25   10.14   clock uncertainty
                          0.00   10.14   clock reconvergence pessimism
                          0.21   10.35   library recovery time
                                 10.35   data required time
-----------------------------------------------------------------------------
                                 10.35   data required time
                                 -2.59   data arrival time
-----------------------------------------------------------------------------
                                  7.75   slack (MET)


Startpoint: rst (input port clocked by clk)
Endpoint: _354_ (recovery check against rising-edge clock clk)
Path Group: asynchronous
Path Type: max
Corner: Typical

Fanout     Cap    Slew   Delay    Time   Description
-----------------------------------------------------------------------------
                          0.00    0.00   clock clk (rise edge)
                          0.00    0.00   clock network delay (propagated)
                          2.00    2.00 v input external delay
     1    0.00    0.01    0.00    2.00 v rst (in)
                                         rst (net)
                  0.01    0.00    2.00 v input1/A (sky130_fd_sc_hd__clkbuf_4)
     5    0.07    0.14    0.23    2.23 v input1/X (sky130_fd_sc_hd__clkbuf_4)
                                         net1 (net)
                  0.14    0.00    2.23 v _317_/A (sky130_fd_sc_hd__clkbuf_8)
    10    0.07    0.09    0.25    2.48 v _317_/X (sky130_fd_sc_hd__clkbuf_8)
                                         _161_ (net)
                  0.09    0.00    2.48 v _322_/A (sky130_fd_sc_hd__inv_2)
     1    0.01    0.08    0.10    2.59 ^ _322_/Y (sky130_fd_sc_hd__inv_2)
                                         _052_ (net)
                  0.08    0.00    2.59 ^ _354_/RESET_B (sky130_fd_sc_hd__dfrtp_4)
                                  2.59   data arrival time

                         10.00   10.00   clock clk (rise edge)
                          0.00   10.00   clock source latency
     1    0.02    0.11    0.07   10.07 ^ clk (in)
                                         clk (net)
                  0.11    0.00   10.07 ^ clkbuf_0_clk/A (sky130_fd_sc_hd__clkbuf_16)
     4    0.05    0.07    0.16   10.24 ^ clkbuf_0_clk/X (sky130_fd_sc_hd__clkbuf_16)
                                         clknet_0_clk (net)
                  0.07    0.00   10.24 ^ clkbuf_2_3__f_clk/A (sky130_fd_sc_hd__clkbuf_16)
     8    0.04    0.06    0.14   10.38 ^ clkbuf_2_3__f_clk/X (sky130_fd_sc_hd__clkbuf_16)
                                         clknet_2_3__leaf_clk (net)
                  0.06    0.00   10.38 ^ _354_/CLK (sky130_fd_sc_hd__dfrtp_4)
                         -0.25   10.13   clock uncertainty
                          0.00   10.13   clock reconvergence pessimism
                          0.21   10.34   library recovery time
                                 10.34   data required time
-----------------------------------------------------------------------------
                                 10.34   data required time
                                 -2.59   data arrival time
-----------------------------------------------------------------------------
                                  7.75   slack (MET)


Startpoint: rst (input port clocked by clk)
Endpoint: _334_ (recovery check against rising-edge clock clk)
Path Group: asynchronous
Path Type: max
Corner: Typical

Fanout     Cap    Slew   Delay    Time   Description
-----------------------------------------------------------------------------
                          0.00    0.00   clock clk (rise edge)
                          0.00    0.00   clock network delay (propagated)
                          2.00    2.00 v input external delay
     1    0.00    0.01    0.00    2.00 v rst (in)
                                         rst (net)
                  0.01    0.00    2.00 v input1/A (sky130_fd_sc_hd__clkbuf_4)
     5    0.07    0.14    0.23    2.23 v input1/X (sky130_fd_sc_hd__clkbuf_4)
                                         net1 (net)
                  0.14    0.00    2.23 v _295_/A (sky130_fd_sc_hd__buf_4)
    10    0.08    0.11    0.27    2.50 v _295_/X (sky130_fd_sc_hd__buf_4)
                                         _159_ (net)
                  0.11    0.00    2.50 v _300_/A (sky130_fd_sc_hd__inv_2)
     1    0.01    0.05    0.09    2.59 ^ _300_/Y (sky130_fd_sc_hd__inv_2)
                                         _032_ (net)
                  0.05    0.00    2.59 ^ _334_/RESET_B (sky130_fd_sc_hd__dfrtp_4)
                                  2.59   data arrival time

                         10.00   10.00   clock clk (rise edge)
                          0.00   10.00   clock source latency
     1    0.02    0.11    0.07   10.07 ^ clk (in)
                                         clk (net)
                  0.11    0.00   10.07 ^ clkbuf_0_clk/A (sky130_fd_sc_hd__clkbuf_16)
     4    0.05    0.07    0.16   10.24 ^ clkbuf_0_clk/X (sky130_fd_sc_hd__clkbuf_16)
                                         clknet_0_clk (net)
                  0.07    0.00   10.24 ^ clkbuf_2_1__f_clk/A (sky130_fd_sc_hd__clkbuf_16)
    11    0.04    0.06    0.14   10.38 ^ clkbuf_2_1__f_clk/X (sky130_fd_sc_hd__clkbuf_16)
                                         clknet_2_1__leaf_clk (net)
                  0.06    0.00   10.38 ^ _334_/CLK (sky130_fd_sc_hd__dfrtp_4)
                         -0.25   10.13   clock uncertainty
                          0.00   10.13   clock reconvergence pessimism
                          0.22   10.34   library recovery time
                                 10.34   data required time
-----------------------------------------------------------------------------
                                 10.34   data required time
                                 -2.59   data arrival time
-----------------------------------------------------------------------------
                                  7.75   slack (MET)


Startpoint: rst (input port clocked by clk)
Endpoint: _349_ (recovery check against rising-edge clock clk)
Path Group: asynchronous
Path Type: max
Corner: Typical

Fanout     Cap    Slew   Delay    Time   Description
-----------------------------------------------------------------------------
                          0.00    0.00   clock clk (rise edge)
                          0.00    0.00   clock network delay (propagated)
                          2.00    2.00 v input external delay
     1    0.00    0.01    0.00    2.00 v rst (in)
                                         rst (net)
                  0.01    0.00    2.00 v input1/A (sky130_fd_sc_hd__clkbuf_4)
     5    0.07    0.14    0.23    2.23 v input1/X (sky130_fd_sc_hd__clkbuf_4)
                                         net1 (net)
                  0.14    0.00    2.24 v _306_/A (sky130_fd_sc_hd__clkbuf_8)
    10    0.08    0.09    0.25    2.48 v _306_/X (sky130_fd_sc_hd__clkbuf_8)
                                         _160_ (net)
                  0.09    0.00    2.49 v _316_/A (sky130_fd_sc_hd__inv_2)
     1    0.01    0.07    0.10    2.59 ^ _316_/Y (sky130_fd_sc_hd__inv_2)
                                         _047_ (net)
                  0.07    0.00    2.59 ^ _349_/RESET_B (sky130_fd_sc_hd__dfrtp_2)
                                  2.59   data arrival time

                         10.00   10.00   clock clk (rise edge)
                          0.00   10.00   clock source latency
     1    0.02    0.11    0.07   10.07 ^ clk (in)
                                         clk (net)
                  0.11    0.00   10.07 ^ clkbuf_0_clk/A (sky130_fd_sc_hd__clkbuf_16)
     4    0.05    0.07    0.16   10.24 ^ clkbuf_0_clk/X (sky130_fd_sc_hd__clkbuf_16)
                                         clknet_0_clk (net)
                  0.07    0.00   10.24 ^ clkbuf_2_3__f_clk/A (sky130_fd_sc_hd__clkbuf_16)
     8    0.04    0.06    0.14   10.38 ^ clkbuf_2_3__f_clk/X (sky130_fd_sc_hd__clkbuf_16)
                                         clknet_2_3__leaf_clk (net)
                  0.06    0.00   10.38 ^ _349_/CLK (sky130_fd_sc_hd__dfrtp_2)
                         -0.25   10.13   clock uncertainty
                          0.00   10.13   clock reconvergence pessimism
                          0.22   10.34   library recovery time
                                 10.34   data required time
-----------------------------------------------------------------------------
                                 10.34   data required time
                                 -2.59   data arrival time
-----------------------------------------------------------------------------
                                  7.76   slack (MET)


Startpoint: rst (input port clocked by clk)
Endpoint: _355_ (recovery check against rising-edge clock clk)
Path Group: asynchronous
Path Type: max
Corner: Typical

Fanout     Cap    Slew   Delay    Time   Description
-----------------------------------------------------------------------------
                          0.00    0.00   clock clk (rise edge)
                          0.00    0.00   clock network delay (propagated)
                          2.00    2.00 v input external delay
     1    0.00    0.01    0.00    2.00 v rst (in)
                                         rst (net)
                  0.01    0.00    2.00 v input1/A (sky130_fd_sc_hd__clkbuf_4)
     5    0.07    0.14    0.23    2.23 v input1/X (sky130_fd_sc_hd__clkbuf_4)
                                         net1 (net)
                  0.14    0.00    2.23 v _317_/A (sky130_fd_sc_hd__clkbuf_8)
    10    0.07    0.09    0.25    2.48 v _317_/X (sky130_fd_sc_hd__clkbuf_8)
                                         _161_ (net)
                  0.09    0.00    2.48 v _323_/A (sky130_fd_sc_hd__inv_2)
     1    0.01    0.07    0.10    2.58 ^ _323_/Y (sky130_fd_sc_hd__inv_2)
                                         _053_ (net)
                  0.07    0.00    2.58 ^ _355_/RESET_B (sky130_fd_sc_hd__dfrtp_4)
                                  2.58   data arrival time

                         10.00   10.00   clock clk (rise edge)
                          0.00   10.00   clock source latency
     1    0.02    0.11    0.07   10.07 ^ clk (in)
                                         clk (net)
                  0.11    0.00   10.07 ^ clkbuf_0_clk/A (sky130_fd_sc_hd__clkbuf_16)
     4    0.05    0.07    0.16   10.24 ^ clkbuf_0_clk/X (sky130_fd_sc_hd__clkbuf_16)
                                         clknet_0_clk (net)
                  0.07    0.00   10.24 ^ clkbuf_2_1__f_clk/A (sky130_fd_sc_hd__clkbuf_16)
    11    0.04    0.06    0.14   10.38 ^ clkbuf_2_1__f_clk/X (sky130_fd_sc_hd__clkbuf_16)
                                         clknet_2_1__leaf_clk (net)
                  0.06    0.00   10.38 ^ _355_/CLK (sky130_fd_sc_hd__dfrtp_4)
                         -0.25   10.13   clock uncertainty
                          0.00   10.13   clock reconvergence pessimism
                          0.21   10.34   library recovery time
                                 10.34   data required time
-----------------------------------------------------------------------------
                                 10.34   data required time
                                 -2.58   data arrival time
-----------------------------------------------------------------------------
                                  7.76   slack (MET)


Startpoint: rst (input port clocked by clk)
Endpoint: _359_ (recovery check against rising-edge clock clk)
Path Group: asynchronous
Path Type: max
Corner: Typical

Fanout     Cap    Slew   Delay    Time   Description
-----------------------------------------------------------------------------
                          0.00    0.00   clock clk (rise edge)
                          0.00    0.00   clock network delay (propagated)
                          2.00    2.00 v input external delay
     1    0.00    0.01    0.00    2.00 v rst (in)
                                         rst (net)
                  0.01    0.00    2.00 v input1/A (sky130_fd_sc_hd__clkbuf_4)
     5    0.07    0.14    0.23    2.23 v input1/X (sky130_fd_sc_hd__clkbuf_4)
                                         net1 (net)
                  0.14    0.00    2.23 v _317_/A (sky130_fd_sc_hd__clkbuf_8)
    10    0.07    0.09    0.25    2.48 v _317_/X (sky130_fd_sc_hd__clkbuf_8)
                                         _161_ (net)
                  0.09    0.00    2.48 v _327_/A (sky130_fd_sc_hd__inv_2)
     1    0.01    0.07    0.10    2.58 ^ _327_/Y (sky130_fd_sc_hd__inv_2)
                                         _057_ (net)
                  0.07    0.00    2.58 ^ _359_/RESET_B (sky130_fd_sc_hd__dfrtp_4)
                                  2.58   data arrival time

                         10.00   10.00   clock clk (rise edge)
                          0.00   10.00   clock source latency
     1    0.02    0.11    0.07   10.07 ^ clk (in)
                                         clk (net)
                  0.11    0.00   10.07 ^ clkbuf_0_clk/A (sky130_fd_sc_hd__clkbuf_16)
     4    0.05    0.07    0.16   10.24 ^ clkbuf_0_clk/X (sky130_fd_sc_hd__clkbuf_16)
                                         clknet_0_clk (net)
                  0.07    0.00   10.24 ^ clkbuf_2_0__f_clk/A (sky130_fd_sc_hd__clkbuf_16)
     9    0.04    0.06    0.14   10.38 ^ clkbuf_2_0__f_clk/X (sky130_fd_sc_hd__clkbuf_16)
                                         clknet_2_0__leaf_clk (net)
                  0.06    0.00   10.38 ^ _359_/CLK (sky130_fd_sc_hd__dfrtp_4)
                         -0.25   10.13   clock uncertainty
                          0.00   10.13   clock reconvergence pessimism
                          0.21   10.34   library recovery time
                                 10.34   data required time
-----------------------------------------------------------------------------
                                 10.34   data required time
                                 -2.58   data arrival time
-----------------------------------------------------------------------------
                                  7.76   slack (MET)


Startpoint: rst (input port clocked by clk)
Endpoint: _341_ (recovery check against rising-edge clock clk)
Path Group: asynchronous
Path Type: max
Corner: Typical

Fanout     Cap    Slew   Delay    Time   Description
-----------------------------------------------------------------------------
                          0.00    0.00   clock clk (rise edge)
                          0.00    0.00   clock network delay (propagated)
                          2.00    2.00 v input external delay
     1    0.00    0.01    0.00    2.00 v rst (in)
                                         rst (net)
                  0.01    0.00    2.00 v input1/A (sky130_fd_sc_hd__clkbuf_4)
     5    0.07    0.14    0.23    2.23 v input1/X (sky130_fd_sc_hd__clkbuf_4)
                                         net1 (net)
                  0.14    0.00    2.24 v _306_/A (sky130_fd_sc_hd__clkbuf_8)
    10    0.08    0.09    0.25    2.48 v _306_/X (sky130_fd_sc_hd__clkbuf_8)
                                         _160_ (net)
                  0.09    0.01    2.49 v _308_/A (sky130_fd_sc_hd__inv_2)
     1    0.01    0.06    0.09    2.58 ^ _308_/Y (sky130_fd_sc_hd__inv_2)
                                         _039_ (net)
                  0.06    0.00    2.58 ^ _341_/RESET_B (sky130_fd_sc_hd__dfrtp_4)
                                  2.58   data arrival time

                         10.00   10.00   clock clk (rise edge)
                          0.00   10.00   clock source latency
     1    0.02    0.11    0.07   10.07 ^ clk (in)
                                         clk (net)
                  0.11    0.00   10.07 ^ clkbuf_0_clk/A (sky130_fd_sc_hd__clkbuf_16)
     4    0.05    0.07    0.16   10.24 ^ clkbuf_0_clk/X (sky130_fd_sc_hd__clkbuf_16)
                                         clknet_0_clk (net)
                  0.07    0.00   10.24 ^ clkbuf_2_0__f_clk/A (sky130_fd_sc_hd__clkbuf_16)
     9    0.04    0.06    0.14   10.38 ^ clkbuf_2_0__f_clk/X (sky130_fd_sc_hd__clkbuf_16)
                                         clknet_2_0__leaf_clk (net)
                  0.06    0.00   10.38 ^ _341_/CLK (sky130_fd_sc_hd__dfrtp_4)
                         -0.25   10.13   clock uncertainty
                          0.00   10.13   clock reconvergence pessimism
                          0.22   10.35   library recovery time
                                 10.35   data required time
-----------------------------------------------------------------------------
                                 10.35   data required time
                                 -2.58   data arrival time
-----------------------------------------------------------------------------
                                  7.77   slack (MET)


Startpoint: rst (input port clocked by clk)
Endpoint: _331_ (recovery check against rising-edge clock clk)
Path Group: asynchronous
Path Type: max
Corner: Typical

Fanout     Cap    Slew   Delay    Time   Description
-----------------------------------------------------------------------------
                          0.00    0.00   clock clk (rise edge)
                          0.00    0.00   clock network delay (propagated)
                          2.00    2.00 v input external delay
     1    0.00    0.01    0.00    2.00 v rst (in)
                                         rst (net)
                  0.01    0.00    2.00 v input1/A (sky130_fd_sc_hd__clkbuf_4)
     5    0.07    0.14    0.23    2.23 v input1/X (sky130_fd_sc_hd__clkbuf_4)
                                         net1 (net)
                  0.14    0.00    2.23 v _295_/A (sky130_fd_sc_hd__buf_4)
    10    0.08    0.11    0.27    2.50 v _295_/X (sky130_fd_sc_hd__buf_4)
                                         _159_ (net)
                  0.11    0.00    2.50 v _297_/A (sky130_fd_sc_hd__inv_2)
     1    0.01    0.05    0.09    2.59 ^ _297_/Y (sky130_fd_sc_hd__inv_2)
                                         _029_ (net)
                  0.05    0.00    2.59 ^ _331_/RESET_B (sky130_fd_sc_hd__dfrtp_4)
                                  2.59   data arrival time

                         10.00   10.00   clock clk (rise edge)
                          0.00   10.00   clock source latency
     1    0.02    0.11    0.07   10.07 ^ clk (in)
                                         clk (net)
                  0.11    0.00   10.07 ^ clkbuf_0_clk/A (sky130_fd_sc_hd__clkbuf_16)
     4    0.05    0.07    0.16   10.24 ^ clkbuf_0_clk/X (sky130_fd_sc_hd__clkbuf_16)
                                         clknet_0_clk (net)
                  0.07    0.00   10.24 ^ clkbuf_2_2__f_clk/A (sky130_fd_sc_hd__clkbuf_16)
     7    0.05    0.07    0.15   10.38 ^ clkbuf_2_2__f_clk/X (sky130_fd_sc_hd__clkbuf_16)
                                         clknet_2_2__leaf_clk (net)
                  0.07    0.00   10.39 ^ _331_/CLK (sky130_fd_sc_hd__dfrtp_4)
                         -0.25   10.14   clock uncertainty
                          0.00   10.14   clock reconvergence pessimism
                          0.22   10.36   library recovery time
                                 10.36   data required time
-----------------------------------------------------------------------------
                                 10.36   data required time
                                 -2.59   data arrival time
-----------------------------------------------------------------------------
                                  7.77   slack (MET)


Startpoint: rst (input port clocked by clk)
Endpoint: _335_ (recovery check against rising-edge clock clk)
Path Group: asynchronous
Path Type: max
Corner: Typical

Fanout     Cap    Slew   Delay    Time   Description
-----------------------------------------------------------------------------
                          0.00    0.00   clock clk (rise edge)
                          0.00    0.00   clock network delay (propagated)
                          2.00    2.00 v input external delay
     1    0.00    0.01    0.00    2.00 v rst (in)
                                         rst (net)
                  0.01    0.00    2.00 v input1/A (sky130_fd_sc_hd__clkbuf_4)
     5    0.07    0.14    0.23    2.23 v input1/X (sky130_fd_sc_hd__clkbuf_4)
                                         net1 (net)
                  0.14    0.00    2.23 v _295_/A (sky130_fd_sc_hd__buf_4)
    10    0.08    0.11    0.27    2.50 v _295_/X (sky130_fd_sc_hd__buf_4)
                                         _159_ (net)
                  0.11    0.00    2.50 v _301_/A (sky130_fd_sc_hd__inv_2)
     1    0.01    0.05    0.09    2.59 ^ _301_/Y (sky130_fd_sc_hd__inv_2)
                                         _033_ (net)
                  0.05    0.00    2.59 ^ _335_/RESET_B (sky130_fd_sc_hd__dfrtp_2)
                                  2.59   data arrival time

                         10.00   10.00   clock clk (rise edge)
                          0.00   10.00   clock source latency
     1    0.02    0.11    0.07   10.07 ^ clk (in)
                                         clk (net)
                  0.11    0.00   10.07 ^ clkbuf_0_clk/A (sky130_fd_sc_hd__clkbuf_16)
     4    0.05    0.07    0.16   10.24 ^ clkbuf_0_clk/X (sky130_fd_sc_hd__clkbuf_16)
                                         clknet_0_clk (net)
                  0.07    0.00   10.24 ^ clkbuf_2_2__f_clk/A (sky130_fd_sc_hd__clkbuf_16)
     7    0.05    0.07    0.15   10.38 ^ clkbuf_2_2__f_clk/X (sky130_fd_sc_hd__clkbuf_16)
                                         clknet_2_2__leaf_clk (net)
                  0.07    0.00   10.38 ^ _335_/CLK (sky130_fd_sc_hd__dfrtp_2)
                         -0.25   10.13   clock uncertainty
                          0.00   10.13   clock reconvergence pessimism
                          0.22   10.36   library recovery time
                                 10.36   data required time
-----------------------------------------------------------------------------
                                 10.36   data required time
                                 -2.59   data arrival time
-----------------------------------------------------------------------------
                                  7.77   slack (MET)


Startpoint: rst (input port clocked by clk)
Endpoint: _352_ (recovery check against rising-edge clock clk)
Path Group: asynchronous
Path Type: max
Corner: Typical

Fanout     Cap    Slew   Delay    Time   Description
-----------------------------------------------------------------------------
                          0.00    0.00   clock clk (rise edge)
                          0.00    0.00   clock network delay (propagated)
                          2.00    2.00 v input external delay
     1    0.00    0.01    0.00    2.00 v rst (in)
                                         rst (net)
                  0.01    0.00    2.00 v input1/A (sky130_fd_sc_hd__clkbuf_4)
     5    0.07    0.14    0.23    2.23 v input1/X (sky130_fd_sc_hd__clkbuf_4)
                                         net1 (net)
                  0.14    0.00    2.23 v _317_/A (sky130_fd_sc_hd__clkbuf_8)
    10    0.07    0.09    0.25    2.48 v _317_/X (sky130_fd_sc_hd__clkbuf_8)
                                         _161_ (net)
                  0.09    0.00    2.48 v _320_/A (sky130_fd_sc_hd__inv_2)
     1    0.01    0.07    0.10    2.58 ^ _320_/Y (sky130_fd_sc_hd__inv_2)
                                         _050_ (net)
                  0.07    0.00    2.58 ^ _352_/RESET_B (sky130_fd_sc_hd__dfrtp_1)
                                  2.58   data arrival time

                         10.00   10.00   clock clk (rise edge)
                          0.00   10.00   clock source latency
     1    0.02    0.11    0.07   10.07 ^ clk (in)
                                         clk (net)
                  0.11    0.00   10.07 ^ clkbuf_0_clk/A (sky130_fd_sc_hd__clkbuf_16)
     4    0.05    0.07    0.16   10.24 ^ clkbuf_0_clk/X (sky130_fd_sc_hd__clkbuf_16)
                                         clknet_0_clk (net)
                  0.07    0.00   10.24 ^ clkbuf_2_0__f_clk/A (sky130_fd_sc_hd__clkbuf_16)
     9    0.04    0.06    0.14   10.38 ^ clkbuf_2_0__f_clk/X (sky130_fd_sc_hd__clkbuf_16)
                                         clknet_2_0__leaf_clk (net)
                  0.06    0.00   10.38 ^ _352_/CLK (sky130_fd_sc_hd__dfrtp_1)
                         -0.25   10.13   clock uncertainty
                          0.00   10.13   clock reconvergence pessimism
                          0.23   10.36   library recovery time
                                 10.36   data required time
-----------------------------------------------------------------------------
                                 10.36   data required time
                                 -2.58   data arrival time
-----------------------------------------------------------------------------
                                  7.78   slack (MET)


Startpoint: rst (input port clocked by clk)
Endpoint: _342_ (recovery check against rising-edge clock clk)
Path Group: asynchronous
Path Type: max
Corner: Typical

Fanout     Cap    Slew   Delay    Time   Description
-----------------------------------------------------------------------------
                          0.00    0.00   clock clk (rise edge)
                          0.00    0.00   clock network delay (propagated)
                          2.00    2.00 v input external delay
     1    0.00    0.01    0.00    2.00 v rst (in)
                                         rst (net)
                  0.01    0.00    2.00 v input1/A (sky130_fd_sc_hd__clkbuf_4)
     5    0.07    0.14    0.23    2.23 v input1/X (sky130_fd_sc_hd__clkbuf_4)
                                         net1 (net)
                  0.14    0.00    2.24 v _306_/A (sky130_fd_sc_hd__clkbuf_8)
    10    0.08    0.09    0.25    2.48 v _306_/X (sky130_fd_sc_hd__clkbuf_8)
                                         _160_ (net)
                  0.09    0.01    2.49 v _309_/A (sky130_fd_sc_hd__inv_2)
     1    0.01    0.05    0.08    2.57 ^ _309_/Y (sky130_fd_sc_hd__inv_2)
                                         _040_ (net)
                  0.05    0.00    2.57 ^ _342_/RESET_B (sky130_fd_sc_hd__dfrtp_2)
                                  2.57   data arrival time

                         10.00   10.00   clock clk (rise edge)
                          0.00   10.00   clock source latency
     1    0.02    0.11    0.07   10.07 ^ clk (in)
                                         clk (net)
                  0.11    0.00   10.07 ^ clkbuf_0_clk/A (sky130_fd_sc_hd__clkbuf_16)
     4    0.05    0.07    0.16   10.24 ^ clkbuf_0_clk/X (sky130_fd_sc_hd__clkbuf_16)
                                         clknet_0_clk (net)
                  0.07    0.00   10.24 ^ clkbuf_2_1__f_clk/A (sky130_fd_sc_hd__clkbuf_16)
    11    0.04    0.06    0.14   10.38 ^ clkbuf_2_1__f_clk/X (sky130_fd_sc_hd__clkbuf_16)
                                         clknet_2_1__leaf_clk (net)
                  0.06    0.00   10.38 ^ _342_/CLK (sky130_fd_sc_hd__dfrtp_2)
                         -0.25   10.13   clock uncertainty
                          0.00   10.13   clock reconvergence pessimism
                          0.22   10.35   library recovery time
                                 10.35   data required time
-----------------------------------------------------------------------------
                                 10.35   data required time
                                 -2.57   data arrival time
-----------------------------------------------------------------------------
                                  7.78   slack (MET)


Startpoint: rst (input port clocked by clk)
Endpoint: _357_ (recovery check against rising-edge clock clk)
Path Group: asynchronous
Path Type: max
Corner: Typical

Fanout     Cap    Slew   Delay    Time   Description
-----------------------------------------------------------------------------
                          0.00    0.00   clock clk (rise edge)
                          0.00    0.00   clock network delay (propagated)
                          2.00    2.00 v input external delay
     1    0.00    0.01    0.00    2.00 v rst (in)
                                         rst (net)
                  0.01    0.00    2.00 v input1/A (sky130_fd_sc_hd__clkbuf_4)
     5    0.07    0.14    0.23    2.23 v input1/X (sky130_fd_sc_hd__clkbuf_4)
                                         net1 (net)
                  0.14    0.00    2.23 v _317_/A (sky130_fd_sc_hd__clkbuf_8)
    10    0.07    0.09    0.25    2.48 v _317_/X (sky130_fd_sc_hd__clkbuf_8)
                                         _161_ (net)
                  0.09    0.00    2.48 v _325_/A (sky130_fd_sc_hd__inv_2)
     1    0.01    0.05    0.08    2.57 ^ _325_/Y (sky130_fd_sc_hd__inv_2)
                                         _055_ (net)
                  0.05    0.00    2.57 ^ _357_/RESET_B (sky130_fd_sc_hd__dfrtp_4)
                                  2.57   data arrival time

                         10.00   10.00   clock clk (rise edge)
                          0.00   10.00   clock source latency
     1    0.02    0.11    0.07   10.07 ^ clk (in)
                                         clk (net)
                  0.11    0.00   10.07 ^ clkbuf_0_clk/A (sky130_fd_sc_hd__clkbuf_16)
     4    0.05    0.07    0.16   10.24 ^ clkbuf_0_clk/X (sky130_fd_sc_hd__clkbuf_16)
                                         clknet_0_clk (net)
                  0.07    0.00   10.24 ^ clkbuf_2_2__f_clk/A (sky130_fd_sc_hd__clkbuf_16)
     7    0.05    0.07    0.15   10.38 ^ clkbuf_2_2__f_clk/X (sky130_fd_sc_hd__clkbuf_16)
                                         clknet_2_2__leaf_clk (net)
                  0.07    0.00   10.39 ^ _357_/CLK (sky130_fd_sc_hd__dfrtp_4)
                         -0.25   10.14   clock uncertainty
                          0.00   10.14   clock reconvergence pessimism
                          0.22   10.36   library recovery time
                                 10.36   data required time
-----------------------------------------------------------------------------
                                 10.36   data required time
                                 -2.57   data arrival time
-----------------------------------------------------------------------------
                                  7.79   slack (MET)


Startpoint: rst (input port clocked by clk)
Endpoint: _353_ (recovery check against rising-edge clock clk)
Path Group: asynchronous
Path Type: max
Corner: Typical

Fanout     Cap    Slew   Delay    Time   Description
-----------------------------------------------------------------------------
                          0.00    0.00   clock clk (rise edge)
                          0.00    0.00   clock network delay (propagated)
                          2.00    2.00 v input external delay
     1    0.00    0.01    0.00    2.00 v rst (in)
                                         rst (net)
                  0.01    0.00    2.00 v input1/A (sky130_fd_sc_hd__clkbuf_4)
     5    0.07    0.14    0.23    2.23 v input1/X (sky130_fd_sc_hd__clkbuf_4)
                                         net1 (net)
                  0.14    0.00    2.23 v _317_/A (sky130_fd_sc_hd__clkbuf_8)
    10    0.07    0.09    0.25    2.48 v _317_/X (sky130_fd_sc_hd__clkbuf_8)
                                         _161_ (net)
                  0.09    0.00    2.48 v _321_/A (sky130_fd_sc_hd__inv_2)
     1    0.01    0.05    0.08    2.56 ^ _321_/Y (sky130_fd_sc_hd__inv_2)
                                         _051_ (net)
                  0.05    0.00    2.56 ^ _353_/RESET_B (sky130_fd_sc_hd__dfrtp_1)
                                  2.56   data arrival time

                         10.00   10.00   clock clk (rise edge)
                          0.00   10.00   clock source latency
     1    0.02    0.11    0.07   10.07 ^ clk (in)
                                         clk (net)
                  0.11    0.00   10.07 ^ clkbuf_0_clk/A (sky130_fd_sc_hd__clkbuf_16)
     4    0.05    0.07    0.16   10.24 ^ clkbuf_0_clk/X (sky130_fd_sc_hd__clkbuf_16)
                                         clknet_0_clk (net)
                  0.07    0.00   10.24 ^ clkbuf_2_1__f_clk/A (sky130_fd_sc_hd__clkbuf_16)
    11    0.04    0.06    0.14   10.38 ^ clkbuf_2_1__f_clk/X (sky130_fd_sc_hd__clkbuf_16)
                                         clknet_2_1__leaf_clk (net)
                  0.06    0.00   10.38 ^ _353_/CLK (sky130_fd_sc_hd__dfrtp_1)
                         -0.25   10.13   clock uncertainty
                          0.00   10.13   clock reconvergence pessimism
                          0.23   10.36   library recovery time
                                 10.36   data required time
-----------------------------------------------------------------------------
                                 10.36   data required time
                                 -2.56   data arrival time
-----------------------------------------------------------------------------
                                  7.80   slack (MET)


Startpoint: rst (input port clocked by clk)
Endpoint: _345_ (recovery check against rising-edge clock clk)
Path Group: asynchronous
Path Type: max
Corner: Typical

Fanout     Cap    Slew   Delay    Time   Description
-----------------------------------------------------------------------------
                          0.00    0.00   clock clk (rise edge)
                          0.00    0.00   clock network delay (propagated)
                          2.00    2.00 v input external delay
     1    0.00    0.01    0.00    2.00 v rst (in)
                                         rst (net)
                  0.01    0.00    2.00 v input1/A (sky130_fd_sc_hd__clkbuf_4)
     5    0.07    0.14    0.23    2.23 v input1/X (sky130_fd_sc_hd__clkbuf_4)
                                         net1 (net)
                  0.14    0.00    2.24 v _306_/A (sky130_fd_sc_hd__clkbuf_8)
    10    0.08    0.09    0.25    2.48 v _306_/X (sky130_fd_sc_hd__clkbuf_8)
                                         _160_ (net)
                  0.09    0.01    2.49 v _312_/A (sky130_fd_sc_hd__inv_2)
     1    0.00    0.04    0.07    2.56 ^ _312_/Y (sky130_fd_sc_hd__inv_2)
                                         _043_ (net)
                  0.04    0.00    2.56 ^ _345_/RESET_B (sky130_fd_sc_hd__dfrtp_2)
                                  2.56   data arrival time

                         10.00   10.00   clock clk (rise edge)
                          0.00   10.00   clock source latency
     1    0.02    0.11    0.07   10.07 ^ clk (in)
                                         clk (net)
                  0.11    0.00   10.07 ^ clkbuf_0_clk/A (sky130_fd_sc_hd__clkbuf_16)
     4    0.05    0.07    0.16   10.24 ^ clkbuf_0_clk/X (sky130_fd_sc_hd__clkbuf_16)
                                         clknet_0_clk (net)
                  0.07    0.00   10.24 ^ clkbuf_2_3__f_clk/A (sky130_fd_sc_hd__clkbuf_16)
     8    0.04    0.06    0.14   10.38 ^ clkbuf_2_3__f_clk/X (sky130_fd_sc_hd__clkbuf_16)
                                         clknet_2_3__leaf_clk (net)
                  0.06    0.00   10.38 ^ _345_/CLK (sky130_fd_sc_hd__dfrtp_2)
                         -0.25   10.13   clock uncertainty
                          0.00   10.13   clock reconvergence pessimism
                          0.23   10.35   library recovery time
                                 10.35   data required time
-----------------------------------------------------------------------------
                                 10.35   data required time
                                 -2.56   data arrival time
-----------------------------------------------------------------------------
                                  7.80   slack (MET)


Startpoint: rst (input port clocked by clk)
Endpoint: _346_ (recovery check against rising-edge clock clk)
Path Group: asynchronous
Path Type: max
Corner: Typical

Fanout     Cap    Slew   Delay    Time   Description
-----------------------------------------------------------------------------
                          0.00    0.00   clock clk (rise edge)
                          0.00    0.00   clock network delay (propagated)
                          2.00    2.00 v input external delay
     1    0.00    0.01    0.00    2.00 v rst (in)
                                         rst (net)
                  0.01    0.00    2.00 v input1/A (sky130_fd_sc_hd__clkbuf_4)
     5    0.07    0.14    0.23    2.23 v input1/X (sky130_fd_sc_hd__clkbuf_4)
                                         net1 (net)
                  0.14    0.00    2.24 v _306_/A (sky130_fd_sc_hd__clkbuf_8)
    10    0.08    0.09    0.25    2.48 v _306_/X (sky130_fd_sc_hd__clkbuf_8)
                                         _160_ (net)
                  0.09    0.01    2.49 v _313_/A (sky130_fd_sc_hd__inv_2)
     1    0.01    0.04    0.07    2.56 ^ _313_/Y (sky130_fd_sc_hd__inv_2)
                                         _044_ (net)
                  0.04    0.00    2.56 ^ _346_/RESET_B (sky130_fd_sc_hd__dfrtp_4)
                                  2.56   data arrival time

                         10.00   10.00   clock clk (rise edge)
                          0.00   10.00   clock source latency
     1    0.02    0.11    0.07   10.07 ^ clk (in)
                                         clk (net)
                  0.11    0.00   10.07 ^ clkbuf_0_clk/A (sky130_fd_sc_hd__clkbuf_16)
     4    0.05    0.07    0.16   10.24 ^ clkbuf_0_clk/X (sky130_fd_sc_hd__clkbuf_16)
                                         clknet_0_clk (net)
                  0.07    0.00   10.24 ^ clkbuf_2_2__f_clk/A (sky130_fd_sc_hd__clkbuf_16)
     7    0.05    0.07    0.15   10.38 ^ clkbuf_2_2__f_clk/X (sky130_fd_sc_hd__clkbuf_16)
                                         clknet_2_2__leaf_clk (net)
                  0.07    0.00   10.39 ^ _346_/CLK (sky130_fd_sc_hd__dfrtp_4)
                         -0.25   10.14   clock uncertainty
                          0.00   10.14   clock reconvergence pessimism
                          0.22   10.36   library recovery time
                                 10.36   data required time
-----------------------------------------------------------------------------
                                 10.36   data required time
                                 -2.56   data arrival time
-----------------------------------------------------------------------------
                                  7.80   slack (MET)


Startpoint: rst (input port clocked by clk)
Endpoint: _351_ (recovery check against rising-edge clock clk)
Path Group: asynchronous
Path Type: max
Corner: Typical

Fanout     Cap    Slew   Delay    Time   Description
-----------------------------------------------------------------------------
                          0.00    0.00   clock clk (rise edge)
                          0.00    0.00   clock network delay (propagated)
                          2.00    2.00 v input external delay
     1    0.00    0.01    0.00    2.00 v rst (in)
                                         rst (net)
                  0.01    0.00    2.00 v input1/A (sky130_fd_sc_hd__clkbuf_4)
     5    0.07    0.14    0.23    2.23 v input1/X (sky130_fd_sc_hd__clkbuf_4)
                                         net1 (net)
                  0.14    0.00    2.23 v _317_/A (sky130_fd_sc_hd__clkbuf_8)
    10    0.07    0.09    0.25    2.48 v _317_/X (sky130_fd_sc_hd__clkbuf_8)
                                         _161_ (net)
                  0.09    0.00    2.48 v _319_/A (sky130_fd_sc_hd__inv_2)
     1    0.01    0.04    0.07    2.55 ^ _319_/Y (sky130_fd_sc_hd__inv_2)
                                         _049_ (net)
                  0.04    0.00    2.55 ^ _351_/RESET_B (sky130_fd_sc_hd__dfrtp_2)
                                  2.55   data arrival time

                         10.00   10.00   clock clk (rise edge)
                          0.00   10.00   clock source latency
     1    0.02    0.11    0.07   10.07 ^ clk (in)
                                         clk (net)
                  0.11    0.00   10.07 ^ clkbuf_0_clk/A (sky130_fd_sc_hd__clkbuf_16)
     4    0.05    0.07    0.16   10.24 ^ clkbuf_0_clk/X (sky130_fd_sc_hd__clkbuf_16)
                                         clknet_0_clk (net)
                  0.07    0.00   10.24 ^ clkbuf_2_2__f_clk/A (sky130_fd_sc_hd__clkbuf_16)
     7    0.05    0.07    0.15   10.38 ^ clkbuf_2_2__f_clk/X (sky130_fd_sc_hd__clkbuf_16)
                                         clknet_2_2__leaf_clk (net)
                  0.07    0.00   10.38 ^ _351_/CLK (sky130_fd_sc_hd__dfrtp_2)
                         -0.25   10.13   clock uncertainty
                          0.00   10.13   clock reconvergence pessimism
                          0.23   10.36   library recovery time
                                 10.36   data required time
-----------------------------------------------------------------------------
                                 10.36   data required time
                                 -2.55   data arrival time
-----------------------------------------------------------------------------
                                  7.81   slack (MET)


Startpoint: _361_ (rising edge-triggered flip-flop clocked by clk)
Endpoint: _358_ (rising edge-triggered flip-flop clocked by clk)
Path Group: clk
Path Type: max
Corner: Typical

Fanout     Cap    Slew   Delay    Time   Description
-----------------------------------------------------------------------------
                          0.00    0.00   clock clk (rise edge)
                          0.00    0.00   clock source latency
     1    0.02    0.11    0.08    0.08 ^ clk (in)
                                         clk (net)
                  0.11    0.00    0.08 ^ clkbuf_0_clk/A (sky130_fd_sc_hd__clkbuf_16)
     4    0.05    0.07    0.18    0.26 ^ clkbuf_0_clk/X (sky130_fd_sc_hd__clkbuf_16)
                                         clknet_0_clk (net)
                  0.07    0.00    0.26 ^ clkbuf_2_0__f_clk/A (sky130_fd_sc_hd__clkbuf_16)
     9    0.04    0.06    0.16    0.42 ^ clkbuf_2_0__f_clk/X (sky130_fd_sc_hd__clkbuf_16)
                                         clknet_2_0__leaf_clk (net)
                  0.06    0.00    0.42 ^ _361_/CLK (sky130_fd_sc_hd__dfrtp_4)
     6    0.04    0.11    0.57    0.99 v _361_/Q (sky130_fd_sc_hd__dfrtp_4)
                                         decoder.digit[3] (net)
                  0.11    0.00    1.00 v _165_/A (sky130_fd_sc_hd__nor2_2)
     2    0.03    0.33    0.34    1.33 ^ _165_/Y (sky130_fd_sc_hd__nor2_2)
                                         _066_ (net)
                  0.33    0.00    1.33 ^ _166_/B (sky130_fd_sc_hd__nand2_2)
     3    0.04    0.18    0.24    1.57 v _166_/Y (sky130_fd_sc_hd__nand2_2)
                                         _067_ (net)
                  0.18    0.00    1.57 v _173_/A2 (sky130_fd_sc_hd__a21oi_1)
     1    0.02    0.36    0.39    1.97 ^ _173_/Y (sky130_fd_sc_hd__a21oi_1)
                                         _072_ (net)
                  0.36    0.00    1.97 ^ _174_/B1 (sky130_fd_sc_hd__a21oi_1)
     1    0.01    0.13    0.17    2.14 v _174_/Y (sky130_fd_sc_hd__a21oi_1)
                                         _060_ (net)
                  0.13    0.00    2.14 v _358_/D (sky130_fd_sc_hd__dfrtp_4)
                                  2.14   data arrival time

                         10.00   10.00   clock clk (rise edge)
                          0.00   10.00   clock source latency
     1    0.02    0.11    0.07   10.07 ^ clk (in)
                                         clk (net)
                  0.11    0.00   10.07 ^ clkbuf_0_clk/A (sky130_fd_sc_hd__clkbuf_16)
     4    0.05    0.07    0.16   10.24 ^ clkbuf_0_clk/X (sky130_fd_sc_hd__clkbuf_16)
                                         clknet_0_clk (net)
                  0.07    0.00   10.24 ^ clkbuf_2_2__f_clk/A (sky130_fd_sc_hd__clkbuf_16)
     7    0.05    0.07    0.15   10.38 ^ clkbuf_2_2__f_clk/X (sky130_fd_sc_hd__clkbuf_16)
                                         clknet_2_2__leaf_clk (net)
                  0.07    0.00   10.39 ^ _358_/CLK (sky130_fd_sc_hd__dfrtp_4)
                         -0.25   10.14   clock uncertainty
                          0.02   10.16   clock reconvergence pessimism
                         -0.15   10.01   library setup time
                                 10.01   data required time
-----------------------------------------------------------------------------
                                 10.01   data required time
                                 -2.14   data arrival time
-----------------------------------------------------------------------------
                                  7.88   slack (MET)


Startpoint: rst (input port clocked by clk)
Endpoint: _361_ (recovery check against rising-edge clock clk)
Path Group: asynchronous
Path Type: max
Corner: Typical

Fanout     Cap    Slew   Delay    Time   Description
-----------------------------------------------------------------------------
                          0.00    0.00   clock clk (rise edge)
                          0.00    0.00   clock network delay (propagated)
                          2.00    2.00 v input external delay
     1    0.00    0.01    0.00    2.00 v rst (in)
                                         rst (net)
                  0.01    0.00    2.00 v input1/A (sky130_fd_sc_hd__clkbuf_4)
     5    0.07    0.14    0.23    2.23 v input1/X (sky130_fd_sc_hd__clkbuf_4)
                                         net1 (net)
                  0.14    0.00    2.23 v _329_/A (sky130_fd_sc_hd__inv_2)
     1    0.02    0.10    0.14    2.38 ^ _329_/Y (sky130_fd_sc_hd__inv_2)
                                         _059_ (net)
                  0.10    0.00    2.38 ^ _361_/RESET_B (sky130_fd_sc_hd__dfrtp_4)
                                  2.38   data arrival time

                         10.00   10.00   clock clk (rise edge)
                          0.00   10.00   clock source latency
     1    0.02    0.11    0.07   10.07 ^ clk (in)
                                         clk (net)
                  0.11    0.00   10.07 ^ clkbuf_0_clk/A (sky130_fd_sc_hd__clkbuf_16)
     4    0.05    0.07    0.16   10.24 ^ clkbuf_0_clk/X (sky130_fd_sc_hd__clkbuf_16)
                                         clknet_0_clk (net)
                  0.07    0.00   10.24 ^ clkbuf_2_0__f_clk/A (sky130_fd_sc_hd__clkbuf_16)
     9    0.04    0.06    0.14   10.38 ^ clkbuf_2_0__f_clk/X (sky130_fd_sc_hd__clkbuf_16)
                                         clknet_2_0__leaf_clk (net)
                  0.06    0.00   10.38 ^ _361_/CLK (sky130_fd_sc_hd__dfrtp_4)
                         -0.25   10.13   clock uncertainty
                          0.00   10.13   clock reconvergence pessimism
                          0.20   10.33   library recovery time
                                 10.33   data required time
-----------------------------------------------------------------------------
                                 10.33   data required time
                                 -2.38   data arrival time
-----------------------------------------------------------------------------
                                  7.96   slack (MET)


Startpoint: rst (input port clocked by clk)
Endpoint: _360_ (recovery check against rising-edge clock clk)
Path Group: asynchronous
Path Type: max
Corner: Typical

Fanout     Cap    Slew   Delay    Time   Description
-----------------------------------------------------------------------------
                          0.00    0.00   clock clk (rise edge)
                          0.00    0.00   clock network delay (propagated)
                          2.00    2.00 v input external delay
     1    0.00    0.01    0.00    2.00 v rst (in)
                                         rst (net)
                  0.01    0.00    2.00 v input1/A (sky130_fd_sc_hd__clkbuf_4)
     5    0.07    0.14    0.23    2.23 v input1/X (sky130_fd_sc_hd__clkbuf_4)
                                         net1 (net)
                  0.14    0.00    2.23 v _328_/A (sky130_fd_sc_hd__inv_2)
     1    0.02    0.09    0.13    2.36 ^ _328_/Y (sky130_fd_sc_hd__inv_2)
                                         _058_ (net)
                  0.09    0.00    2.36 ^ _360_/RESET_B (sky130_fd_sc_hd__dfrtp_4)
                                  2.36   data arrival time

                         10.00   10.00   clock clk (rise edge)
                          0.00   10.00   clock source latency
     1    0.02    0.11    0.07   10.07 ^ clk (in)
                                         clk (net)
                  0.11    0.00   10.07 ^ clkbuf_0_clk/A (sky130_fd_sc_hd__clkbuf_16)
     4    0.05    0.07    0.16   10.24 ^ clkbuf_0_clk/X (sky130_fd_sc_hd__clkbuf_16)
                                         clknet_0_clk (net)
                  0.07    0.00   10.24 ^ clkbuf_2_3__f_clk/A (sky130_fd_sc_hd__clkbuf_16)
     8    0.04    0.06    0.14   10.38 ^ clkbuf_2_3__f_clk/X (sky130_fd_sc_hd__clkbuf_16)
                                         clknet_2_3__leaf_clk (net)
                  0.06    0.00   10.38 ^ _360_/CLK (sky130_fd_sc_hd__dfrtp_4)
                         -0.25   10.13   clock uncertainty
                          0.00   10.13   clock reconvergence pessimism
                          0.21   10.34   library recovery time
                                 10.34   data required time
-----------------------------------------------------------------------------
                                 10.34   data required time
                                 -2.36   data arrival time
-----------------------------------------------------------------------------
                                  7.97   slack (MET)


Startpoint: _358_ (rising edge-triggered flip-flop clocked by clk)
Endpoint: _361_ (rising edge-triggered flip-flop clocked by clk)
Path Group: clk
Path Type: max
Corner: Typical

Fanout     Cap    Slew   Delay    Time   Description
-----------------------------------------------------------------------------
                          0.00    0.00   clock clk (rise edge)
                          0.00    0.00   clock source latency
     1    0.02    0.11    0.08    0.08 ^ clk (in)
                                         clk (net)
                  0.11    0.00    0.08 ^ clkbuf_0_clk/A (sky130_fd_sc_hd__clkbuf_16)
     4    0.05    0.07    0.18    0.26 ^ clkbuf_0_clk/X (sky130_fd_sc_hd__clkbuf_16)
                                         clknet_0_clk (net)
                  0.07    0.00    0.26 ^ clkbuf_2_2__f_clk/A (sky130_fd_sc_hd__clkbuf_16)
     7    0.05    0.07    0.16    0.42 ^ clkbuf_2_2__f_clk/X (sky130_fd_sc_hd__clkbuf_16)
                                         clknet_2_2__leaf_clk (net)
                  0.07    0.00    0.43 ^ _358_/CLK (sky130_fd_sc_hd__dfrtp_4)
     8    0.06    0.18    0.55    0.97 ^ _358_/Q (sky130_fd_sc_hd__dfrtp_4)
                                         decoder.digit[0] (net)
                  0.18    0.00    0.98 ^ _162_/C (sky130_fd_sc_hd__and3_2)
     3    0.03    0.18    0.33    1.31 ^ _162_/X (sky130_fd_sc_hd__and3_2)
                                         _064_ (net)
                  0.18    0.00    1.31 ^ _163_/B (sky130_fd_sc_hd__nand2_1)
     2    0.02    0.13    0.16    1.47 v _163_/Y (sky130_fd_sc_hd__nand2_1)
                                         _065_ (net)
                  0.13    0.00    1.47 v _164_/B (sky130_fd_sc_hd__xnor2_1)
     1    0.01    0.24    0.27    1.74 ^ _164_/Y (sky130_fd_sc_hd__xnor2_1)
                                         _063_ (net)
                  0.24    0.00    1.74 ^ _361_/D (sky130_fd_sc_hd__dfrtp_4)
                                  1.74   data arrival time

                         10.00   10.00   clock clk (rise edge)
                          0.00   10.00   clock source latency
     1    0.02    0.11    0.07   10.07 ^ clk (in)
                                         clk (net)
                  0.11    0.00   10.07 ^ clkbuf_0_clk/A (sky130_fd_sc_hd__clkbuf_16)
     4    0.05    0.07    0.16   10.24 ^ clkbuf_0_clk/X (sky130_fd_sc_hd__clkbuf_16)
                                         clknet_0_clk (net)
                  0.07    0.00   10.24 ^ clkbuf_2_0__f_clk/A (sky130_fd_sc_hd__clkbuf_16)
     9    0.04    0.06    0.14   10.38 ^ clkbuf_2_0__f_clk/X (sky130_fd_sc_hd__clkbuf_16)
                                         clknet_2_0__leaf_clk (net)
                  0.06    0.00   10.38 ^ _361_/CLK (sky130_fd_sc_hd__dfrtp_4)
                         -0.25   10.13   clock uncertainty
                          0.02   10.16   clock reconvergence pessimism
                         -0.11   10.05   library setup time
                                 10.05   data required time
-----------------------------------------------------------------------------
                                 10.05   data required time
                                 -1.74   data arrival time
-----------------------------------------------------------------------------
                                  8.31   slack (MET)


Startpoint: _358_ (rising edge-triggered flip-flop clocked by clk)
Endpoint: _359_ (rising edge-triggered flip-flop clocked by clk)
Path Group: clk
Path Type: max
Corner: Typical

Fanout     Cap    Slew   Delay    Time   Description
-----------------------------------------------------------------------------
                          0.00    0.00   clock clk (rise edge)
                          0.00    0.00   clock source latency
     1    0.02    0.11    0.08    0.08 ^ clk (in)
                                         clk (net)
                  0.11    0.00    0.08 ^ clkbuf_0_clk/A (sky130_fd_sc_hd__clkbuf_16)
     4    0.05    0.07    0.18    0.26 ^ clkbuf_0_clk/X (sky130_fd_sc_hd__clkbuf_16)
                                         clknet_0_clk (net)
                  0.07    0.00    0.26 ^ clkbuf_2_2__f_clk/A (sky130_fd_sc_hd__clkbuf_16)
     7    0.05    0.07    0.16    0.42 ^ clkbuf_2_2__f_clk/X (sky130_fd_sc_hd__clkbuf_16)
                                         clknet_2_2__leaf_clk (net)
                  0.07    0.00    0.43 ^ _358_/CLK (sky130_fd_sc_hd__dfrtp_4)
     8    0.05    0.12    0.59    1.02 v _358_/Q (sky130_fd_sc_hd__dfrtp_4)
                                         decoder.digit[0] (net)
                  0.12    0.00    1.02 v _162_/C (sky130_fd_sc_hd__and3_2)
     3    0.03    0.10    0.33    1.35 v _162_/X (sky130_fd_sc_hd__and3_2)
                                         _064_ (net)
                  0.10    0.00    1.35 v _172_/A (sky130_fd_sc_hd__nor2_1)
     1    0.02    0.32    0.32    1.67 ^ _172_/Y (sky130_fd_sc_hd__nor2_1)
                                         _061_ (net)
                  0.32    0.00    1.67 ^ _359_/D (sky130_fd_sc_hd__dfrtp_4)
                                  1.67   data arrival time

                         10.00   10.00   clock clk (rise edge)
                          0.00   10.00   clock source latency
     1    0.02    0.11    0.07   10.07 ^ clk (in)
                                         clk (net)
                  0.11    0.00   10.07 ^ clkbuf_0_clk/A (sky130_fd_sc_hd__clkbuf_16)
     4    0.05    0.07    0.16   10.24 ^ clkbuf_0_clk/X (sky130_fd_sc_hd__clkbuf_16)
                                         clknet_0_clk (net)
                  0.07    0.00   10.24 ^ clkbuf_2_0__f_clk/A (sky130_fd_sc_hd__clkbuf_16)
     9    0.04    0.06    0.14   10.38 ^ clkbuf_2_0__f_clk/X (sky130_fd_sc_hd__clkbuf_16)
                                         clknet_2_0__leaf_clk (net)
                  0.06    0.00   10.38 ^ _359_/CLK (sky130_fd_sc_hd__dfrtp_4)
                         -0.25   10.13   clock uncertainty
                          0.02   10.16   clock reconvergence pessimism
                         -0.13   10.03   library setup time
                                 10.03   data required time
-----------------------------------------------------------------------------
                                 10.03   data required time
                                 -1.67   data arrival time
-----------------------------------------------------------------------------
                                  8.36   slack (MET)



worst slack corner Typical: 5.0576
