
===========================================================================
report_checks -path_delay min (Hold)
============================================================================
======================= Fastest Corner ===================================

Startpoint: _355_ (rising edge-triggered flip-flop clocked by clk)
Endpoint: _356_ (rising edge-triggered flip-flop clocked by clk)
Path Group: clk
Path Type: min
Corner: Fastest

Fanout     Cap    Slew   Delay    Time   Description
-----------------------------------------------------------------------------
                          0.00    0.00   clock clk (rise edge)
                          0.00    0.00   clock source latency
     1    0.02    0.08    0.05    0.05 ^ clk (in)
                                         clk (net)
                  0.08    0.00    0.05 ^ clkbuf_0_clk/A (sky130_fd_sc_hd__clkbuf_16)
     4    0.05    0.05    0.11    0.16 ^ clkbuf_0_clk/X (sky130_fd_sc_hd__clkbuf_16)
                                         clknet_0_clk (net)
                  0.05    0.00    0.16 ^ clkbuf_2_1__f_clk/A (sky130_fd_sc_hd__clkbuf_16)
    11    0.04    0.04    0.10    0.26 ^ clkbuf_2_1__f_clk/X (sky130_fd_sc_hd__clkbuf_16)
                                         clknet_2_1__leaf_clk (net)
                  0.04    0.00    0.26 ^ _355_/CLK (sky130_fd_sc_hd__dfrtp_4)
     4    0.04    0.10    0.29    0.55 ^ _355_/Q (sky130_fd_sc_hd__dfrtp_4)
                                         one_second_counter[25] (net)
                  0.10    0.00    0.55 ^ _284_/A2 (sky130_fd_sc_hd__o211a_1)
     1    0.00    0.04    0.09    0.64 ^ _284_/X (sky130_fd_sc_hd__o211a_1)
                                         _018_ (net)
                  0.04    0.00    0.64 ^ _356_/D (sky130_fd_sc_hd__dfrtp_1)
                                  0.64   data arrival time

                          0.00    0.00   clock clk (rise edge)
                          0.00    0.00   clock source latency
     1    0.02    0.08    0.06    0.06 ^ clk (in)
                                         clk (net)
                  0.08    0.00    0.06 ^ clkbuf_0_clk/A (sky130_fd_sc_hd__clkbuf_16)
     4    0.05    0.05    0.12    0.18 ^ clkbuf_0_clk/X (sky130_fd_sc_hd__clkbuf_16)
                                         clknet_0_clk (net)
                  0.05    0.00    0.18 ^ clkbuf_2_1__f_clk/A (sky130_fd_sc_hd__clkbuf_16)
    11    0.04    0.04    0.11    0.29 ^ clkbuf_2_1__f_clk/X (sky130_fd_sc_hd__clkbuf_16)
                                         clknet_2_1__leaf_clk (net)
                  0.04    0.00    0.29 ^ _356_/CLK (sky130_fd_sc_hd__dfrtp_1)
                          0.25    0.54   clock uncertainty
                         -0.03    0.51   clock reconvergence pessimism
                         -0.02    0.49   library hold time
                                  0.49   data required time
-----------------------------------------------------------------------------
                                  0.49   data required time
                                 -0.64   data arrival time
-----------------------------------------------------------------------------
                                  0.15   slack (MET)


Startpoint: _330_ (rising edge-triggered flip-flop clocked by clk)
Endpoint: _330_ (rising edge-triggered flip-flop clocked by clk)
Path Group: clk
Path Type: min
Corner: Fastest

Fanout     Cap    Slew   Delay    Time   Description
-----------------------------------------------------------------------------
                          0.00    0.00   clock clk (rise edge)
                          0.00    0.00   clock source latency
     1    0.02    0.08    0.05    0.05 ^ clk (in)
                                         clk (net)
                  0.08    0.00    0.05 ^ clkbuf_0_clk/A (sky130_fd_sc_hd__clkbuf_16)
     4    0.05    0.05    0.11    0.16 ^ clkbuf_0_clk/X (sky130_fd_sc_hd__clkbuf_16)
                                         clknet_0_clk (net)
                  0.05    0.00    0.16 ^ clkbuf_2_1__f_clk/A (sky130_fd_sc_hd__clkbuf_16)
    11    0.04    0.04    0.10    0.26 ^ clkbuf_2_1__f_clk/X (sky130_fd_sc_hd__clkbuf_16)
                                         clknet_2_1__leaf_clk (net)
                  0.04    0.00    0.26 ^ _330_/CLK (sky130_fd_sc_hd__dfrtp_4)
     7    0.05    0.13    0.31    0.57 ^ _330_/Q (sky130_fd_sc_hd__dfrtp_4)
                                         one_second_counter[0] (net)
                  0.13    0.00    0.57 ^ _190_/A (sky130_fd_sc_hd__nor2_1)
     1    0.01    0.05    0.05    0.63 v _190_/Y (sky130_fd_sc_hd__nor2_1)
                                         _000_ (net)
                  0.05    0.00    0.63 v _330_/D (sky130_fd_sc_hd__dfrtp_4)
                                  0.63   data arrival time

                          0.00    0.00   clock clk (rise edge)
                          0.00    0.00   clock source latency
     1    0.02    0.08    0.06    0.06 ^ clk (in)
                                         clk (net)
                  0.08    0.00    0.06 ^ clkbuf_0_clk/A (sky130_fd_sc_hd__clkbuf_16)
     4    0.05    0.05    0.12    0.18 ^ clkbuf_0_clk/X (sky130_fd_sc_hd__clkbuf_16)
                                         clknet_0_clk (net)
                  0.05    0.00    0.18 ^ clkbuf_2_1__f_clk/A (sky130_fd_sc_hd__clkbuf_16)
    11    0.04    0.04    0.11    0.29 ^ clkbuf_2_1__f_clk/X (sky130_fd_sc_hd__clkbuf_16)
                                         clknet_2_1__leaf_clk (net)
                  0.04    0.00    0.29 ^ _330_/CLK (sky130_fd_sc_hd__dfrtp_4)
                          0.25    0.54   clock uncertainty
                         -0.03    0.51   clock reconvergence pessimism
                         -0.03    0.48   library hold time
                                  0.48   data required time
-----------------------------------------------------------------------------
                                  0.48   data required time
                                 -0.63   data arrival time
-----------------------------------------------------------------------------
                                  0.15   slack (MET)


Startpoint: _361_ (rising edge-triggered flip-flop clocked by clk)
Endpoint: _361_ (rising edge-triggered flip-flop clocked by clk)
Path Group: clk
Path Type: min
Corner: Fastest

Fanout     Cap    Slew   Delay    Time   Description
-----------------------------------------------------------------------------
                          0.00    0.00   clock clk (rise edge)
                          0.00    0.00   clock source latency
     1    0.02    0.08    0.05    0.05 ^ clk (in)
                                         clk (net)
                  0.08    0.00    0.05 ^ clkbuf_0_clk/A (sky130_fd_sc_hd__clkbuf_16)
     4    0.05    0.05    0.11    0.16 ^ clkbuf_0_clk/X (sky130_fd_sc_hd__clkbuf_16)
                                         clknet_0_clk (net)
                  0.05    0.00    0.16 ^ clkbuf_2_0__f_clk/A (sky130_fd_sc_hd__clkbuf_16)
     9    0.04    0.05    0.10    0.26 ^ clkbuf_2_0__f_clk/X (sky130_fd_sc_hd__clkbuf_16)
                                         clknet_2_0__leaf_clk (net)
                  0.05    0.00    0.26 ^ _361_/CLK (sky130_fd_sc_hd__dfrtp_4)
     6    0.05    0.11    0.30    0.57 ^ _361_/Q (sky130_fd_sc_hd__dfrtp_4)
                                         decoder.digit[3] (net)
                  0.11    0.00    0.57 ^ _164_/A (sky130_fd_sc_hd__xnor2_1)
     1    0.01    0.05    0.07    0.64 v _164_/Y (sky130_fd_sc_hd__xnor2_1)
                                         _063_ (net)
                  0.05    0.00    0.64 v _361_/D (sky130_fd_sc_hd__dfrtp_4)
                                  0.64   data arrival time

                          0.00    0.00   clock clk (rise edge)
                          0.00    0.00   clock source latency
     1    0.02    0.08    0.06    0.06 ^ clk (in)
                                         clk (net)
                  0.08    0.00    0.06 ^ clkbuf_0_clk/A (sky130_fd_sc_hd__clkbuf_16)
     4    0.05    0.05    0.12    0.18 ^ clkbuf_0_clk/X (sky130_fd_sc_hd__clkbuf_16)
                                         clknet_0_clk (net)
                  0.05    0.00    0.18 ^ clkbuf_2_0__f_clk/A (sky130_fd_sc_hd__clkbuf_16)
     9    0.04    0.05    0.11    0.29 ^ clkbuf_2_0__f_clk/X (sky130_fd_sc_hd__clkbuf_16)
                                         clknet_2_0__leaf_clk (net)
                  0.05    0.00    0.29 ^ _361_/CLK (sky130_fd_sc_hd__dfrtp_4)
                          0.25    0.54   clock uncertainty
                         -0.03    0.51   clock reconvergence pessimism
                         -0.03    0.48   library hold time
                                  0.48   data required time
-----------------------------------------------------------------------------
                                  0.48   data required time
                                 -0.64   data arrival time
-----------------------------------------------------------------------------
                                  0.16   slack (MET)


Startpoint: _357_ (rising edge-triggered flip-flop clocked by clk)
Endpoint: _358_ (rising edge-triggered flip-flop clocked by clk)
Path Group: clk
Path Type: min
Corner: Fastest

Fanout     Cap    Slew   Delay    Time   Description
-----------------------------------------------------------------------------
                          0.00    0.00   clock clk (rise edge)
                          0.00    0.00   clock source latency
     1    0.02    0.08    0.05    0.05 ^ clk (in)
                                         clk (net)
                  0.08    0.00    0.05 ^ clkbuf_0_clk/A (sky130_fd_sc_hd__clkbuf_16)
     4    0.05    0.05    0.11    0.16 ^ clkbuf_0_clk/X (sky130_fd_sc_hd__clkbuf_16)
                                         clknet_0_clk (net)
                  0.05    0.00    0.16 ^ clkbuf_2_2__f_clk/A (sky130_fd_sc_hd__clkbuf_16)
     7    0.05    0.05    0.10    0.27 ^ clkbuf_2_2__f_clk/X (sky130_fd_sc_hd__clkbuf_16)
                                         clknet_2_2__leaf_clk (net)
                  0.05    0.00    0.27 ^ _357_/CLK (sky130_fd_sc_hd__dfrtp_4)
     5    0.04    0.10    0.30    0.57 ^ _357_/Q (sky130_fd_sc_hd__dfrtp_4)
                                         one_second_enable (net)
                  0.10    0.00    0.57 ^ _174_/A1 (sky130_fd_sc_hd__a21oi_1)
     1    0.01    0.08    0.08    0.65 v _174_/Y (sky130_fd_sc_hd__a21oi_1)
                                         _060_ (net)
                  0.08    0.00    0.65 v _358_/D (sky130_fd_sc_hd__dfrtp_4)
                                  0.65   data arrival time

                          0.00    0.00   clock clk (rise edge)
                          0.00    0.00   clock source latency
     1    0.02    0.08    0.06    0.06 ^ clk (in)
                                         clk (net)
                  0.08    0.00    0.06 ^ clkbuf_0_clk/A (sky130_fd_sc_hd__clkbuf_16)
     4    0.05    0.05    0.12    0.18 ^ clkbuf_0_clk/X (sky130_fd_sc_hd__clkbuf_16)
                                         clknet_0_clk (net)
                  0.05    0.00    0.18 ^ clkbuf_2_2__f_clk/A (sky130_fd_sc_hd__clkbuf_16)
     7    0.05    0.05    0.11    0.29 ^ clkbuf_2_2__f_clk/X (sky130_fd_sc_hd__clkbuf_16)
                                         clknet_2_2__leaf_clk (net)
                  0.05    0.00    0.30 ^ _358_/CLK (sky130_fd_sc_hd__dfrtp_4)
                          0.25    0.55   clock uncertainty
                         -0.03    0.52   clock reconvergence pessimism
                         -0.04    0.48   library hold time
                                  0.48   data required time
-----------------------------------------------------------------------------
                                  0.48   data required time
                                 -0.65   data arrival time
-----------------------------------------------------------------------------
                                  0.17   slack (MET)


Startpoint: _337_ (rising edge-triggered flip-flop clocked by clk)
Endpoint: _337_ (rising edge-triggered flip-flop clocked by clk)
Path Group: clk
Path Type: min
Corner: Fastest

Fanout     Cap    Slew   Delay    Time   Description
-----------------------------------------------------------------------------
                          0.00    0.00   clock clk (rise edge)
                          0.00    0.00   clock source latency
     1    0.02    0.08    0.05    0.05 ^ clk (in)
                                         clk (net)
                  0.08    0.00    0.05 ^ clkbuf_0_clk/A (sky130_fd_sc_hd__clkbuf_16)
     4    0.05    0.05    0.11    0.16 ^ clkbuf_0_clk/X (sky130_fd_sc_hd__clkbuf_16)
                                         clknet_0_clk (net)
                  0.05    0.00    0.16 ^ clkbuf_2_1__f_clk/A (sky130_fd_sc_hd__clkbuf_16)
    11    0.04    0.04    0.10    0.26 ^ clkbuf_2_1__f_clk/X (sky130_fd_sc_hd__clkbuf_16)
                                         clknet_2_1__leaf_clk (net)
                  0.04    0.00    0.26 ^ _337_/CLK (sky130_fd_sc_hd__dfrtp_2)
     2    0.03    0.07    0.27    0.53 v _337_/Q (sky130_fd_sc_hd__dfrtp_2)
                                         one_second_counter[7] (net)
                  0.07    0.00    0.54 v _214_/A (sky130_fd_sc_hd__inv_2)
     1    0.01    0.03    0.05    0.58 ^ _214_/Y (sky130_fd_sc_hd__inv_2)
                                         _104_ (net)
                  0.03    0.00    0.58 ^ _215_/A1 (sky130_fd_sc_hd__a211oi_1)
     1    0.02    0.07    0.08    0.66 v _215_/Y (sky130_fd_sc_hd__a211oi_1)
                                         _024_ (net)
                  0.07    0.00    0.66 v _337_/D (sky130_fd_sc_hd__dfrtp_2)
                                  0.66   data arrival time

                          0.00    0.00   clock clk (rise edge)
                          0.00    0.00   clock source latency
     1    0.02    0.08    0.06    0.06 ^ clk (in)
                                         clk (net)
                  0.08    0.00    0.06 ^ clkbuf_0_clk/A (sky130_fd_sc_hd__clkbuf_16)
     4    0.05    0.05    0.12    0.18 ^ clkbuf_0_clk/X (sky130_fd_sc_hd__clkbuf_16)
                                         clknet_0_clk (net)
                  0.05    0.00    0.18 ^ clkbuf_2_1__f_clk/A (sky130_fd_sc_hd__clkbuf_16)
    11    0.04    0.04    0.11    0.29 ^ clkbuf_2_1__f_clk/X (sky130_fd_sc_hd__clkbuf_16)
                                         clknet_2_1__leaf_clk (net)
                  0.04    0.00    0.29 ^ _337_/CLK (sky130_fd_sc_hd__dfrtp_2)
                          0.25    0.54   clock uncertainty
                         -0.03    0.51   clock reconvergence pessimism
                         -0.04    0.47   library hold time
                                  0.47   data required time
-----------------------------------------------------------------------------
                                  0.47   data required time
                                 -0.66   data arrival time
-----------------------------------------------------------------------------
                                  0.19   slack (MET)


Startpoint: _353_ (rising edge-triggered flip-flop clocked by clk)
Endpoint: _353_ (rising edge-triggered flip-flop clocked by clk)
Path Group: clk
Path Type: min
Corner: Fastest

Fanout     Cap    Slew   Delay    Time   Description
-----------------------------------------------------------------------------
                          0.00    0.00   clock clk (rise edge)
                          0.00    0.00   clock source latency
     1    0.02    0.08    0.05    0.05 ^ clk (in)
                                         clk (net)
                  0.08    0.00    0.05 ^ clkbuf_0_clk/A (sky130_fd_sc_hd__clkbuf_16)
     4    0.05    0.05    0.11    0.16 ^ clkbuf_0_clk/X (sky130_fd_sc_hd__clkbuf_16)
                                         clknet_0_clk (net)
                  0.05    0.00    0.16 ^ clkbuf_2_1__f_clk/A (sky130_fd_sc_hd__clkbuf_16)
    11    0.04    0.04    0.10    0.26 ^ clkbuf_2_1__f_clk/X (sky130_fd_sc_hd__clkbuf_16)
                                         clknet_2_1__leaf_clk (net)
                  0.04    0.00    0.26 ^ _353_/CLK (sky130_fd_sc_hd__dfrtp_1)
     2    0.02    0.07    0.25    0.52 v _353_/Q (sky130_fd_sc_hd__dfrtp_1)
                                         one_second_counter[23] (net)
                  0.07    0.00    0.52 v _273_/A (sky130_fd_sc_hd__inv_2)
     1    0.02    0.09    0.09    0.60 ^ _273_/Y (sky130_fd_sc_hd__inv_2)
                                         _147_ (net)
                  0.09    0.00    0.60 ^ _275_/A1 (sky130_fd_sc_hd__a221oi_2)
     1    0.02    0.06    0.06    0.66 v _275_/Y (sky130_fd_sc_hd__a221oi_2)
                                         _015_ (net)
                  0.06    0.00    0.67 v _353_/D (sky130_fd_sc_hd__dfrtp_1)
                                  0.67   data arrival time

                          0.00    0.00   clock clk (rise edge)
                          0.00    0.00   clock source latency
     1    0.02    0.08    0.06    0.06 ^ clk (in)
                                         clk (net)
                  0.08    0.00    0.06 ^ clkbuf_0_clk/A (sky130_fd_sc_hd__clkbuf_16)
     4    0.05    0.05    0.12    0.18 ^ clkbuf_0_clk/X (sky130_fd_sc_hd__clkbuf_16)
                                         clknet_0_clk (net)
                  0.05    0.00    0.18 ^ clkbuf_2_1__f_clk/A (sky130_fd_sc_hd__clkbuf_16)
    11    0.04    0.04    0.11    0.29 ^ clkbuf_2_1__f_clk/X (sky130_fd_sc_hd__clkbuf_16)
                                         clknet_2_1__leaf_clk (net)
                  0.04    0.00    0.29 ^ _353_/CLK (sky130_fd_sc_hd__dfrtp_1)
                          0.25    0.54   clock uncertainty
                         -0.03    0.51   clock reconvergence pessimism
                         -0.04    0.47   library hold time
                                  0.47   data required time
-----------------------------------------------------------------------------
                                  0.47   data required time
                                 -0.67   data arrival time
-----------------------------------------------------------------------------
                                  0.19   slack (MET)


Startpoint: _345_ (rising edge-triggered flip-flop clocked by clk)
Endpoint: _345_ (rising edge-triggered flip-flop clocked by clk)
Path Group: clk
Path Type: min
Corner: Fastest

Fanout     Cap    Slew   Delay    Time   Description
-----------------------------------------------------------------------------
                          0.00    0.00   clock clk (rise edge)
                          0.00    0.00   clock source latency
     1    0.02    0.08    0.05    0.05 ^ clk (in)
                                         clk (net)
                  0.08    0.00    0.05 ^ clkbuf_0_clk/A (sky130_fd_sc_hd__clkbuf_16)
     4    0.05    0.05    0.11    0.16 ^ clkbuf_0_clk/X (sky130_fd_sc_hd__clkbuf_16)
                                         clknet_0_clk (net)
                  0.05    0.00    0.16 ^ clkbuf_2_3__f_clk/A (sky130_fd_sc_hd__clkbuf_16)
     8    0.04    0.05    0.10    0.26 ^ clkbuf_2_3__f_clk/X (sky130_fd_sc_hd__clkbuf_16)
                                         clknet_2_3__leaf_clk (net)
                  0.05    0.00    0.26 ^ _345_/CLK (sky130_fd_sc_hd__dfrtp_2)
     3    0.03    0.07    0.28    0.54 v _345_/Q (sky130_fd_sc_hd__dfrtp_2)
                                         one_second_counter[15] (net)
                  0.07    0.00    0.54 v _243_/A (sky130_fd_sc_hd__inv_2)
     1    0.02    0.06    0.07    0.61 ^ _243_/Y (sky130_fd_sc_hd__inv_2)
                                         _125_ (net)
                  0.06    0.00    0.61 ^ _246_/A1 (sky130_fd_sc_hd__a211oi_2)
     1    0.02    0.06    0.07    0.68 v _246_/Y (sky130_fd_sc_hd__a211oi_2)
                                         _006_ (net)
                  0.06    0.00    0.68 v _345_/D (sky130_fd_sc_hd__dfrtp_2)
                                  0.68   data arrival time

                          0.00    0.00   clock clk (rise edge)
                          0.00    0.00   clock source latency
     1    0.02    0.08    0.06    0.06 ^ clk (in)
                                         clk (net)
                  0.08    0.00    0.06 ^ clkbuf_0_clk/A (sky130_fd_sc_hd__clkbuf_16)
     4    0.05    0.05    0.12    0.18 ^ clkbuf_0_clk/X (sky130_fd_sc_hd__clkbuf_16)
                                         clknet_0_clk (net)
                  0.05    0.00    0.18 ^ clkbuf_2_3__f_clk/A (sky130_fd_sc_hd__clkbuf_16)
     8    0.04    0.05    0.11    0.29 ^ clkbuf_2_3__f_clk/X (sky130_fd_sc_hd__clkbuf_16)
                                         clknet_2_3__leaf_clk (net)
                  0.05    0.00    0.29 ^ _345_/CLK (sky130_fd_sc_hd__dfrtp_2)
                          0.25    0.54   clock uncertainty
                         -0.03    0.51   clock reconvergence pessimism
                         -0.04    0.48   library hold time
                                  0.48   data required time
-----------------------------------------------------------------------------
                                  0.48   data required time
                                 -0.68   data arrival time
-----------------------------------------------------------------------------
                                  0.20   slack (MET)


Startpoint: _351_ (rising edge-triggered flip-flop clocked by clk)
Endpoint: _351_ (rising edge-triggered flip-flop clocked by clk)
Path Group: clk
Path Type: min
Corner: Fastest

Fanout     Cap    Slew   Delay    Time   Description
-----------------------------------------------------------------------------
                          0.00    0.00   clock clk (rise edge)
                          0.00    0.00   clock source latency
     1    0.02    0.08    0.05    0.05 ^ clk (in)
                                         clk (net)
                  0.08    0.00    0.05 ^ clkbuf_0_clk/A (sky130_fd_sc_hd__clkbuf_16)
     4    0.05    0.05    0.11    0.16 ^ clkbuf_0_clk/X (sky130_fd_sc_hd__clkbuf_16)
                                         clknet_0_clk (net)
                  0.05    0.00    0.16 ^ clkbuf_2_2__f_clk/A (sky130_fd_sc_hd__clkbuf_16)
     7    0.05    0.05    0.10    0.27 ^ clkbuf_2_2__f_clk/X (sky130_fd_sc_hd__clkbuf_16)
                                         clknet_2_2__leaf_clk (net)
                  0.05    0.00    0.27 ^ _351_/CLK (sky130_fd_sc_hd__dfrtp_2)
     3    0.03    0.08    0.29    0.55 v _351_/Q (sky130_fd_sc_hd__dfrtp_2)
                                         one_second_counter[21] (net)
                  0.08    0.00    0.56 v _266_/A (sky130_fd_sc_hd__inv_2)
     1    0.03    0.10    0.10    0.65 ^ _266_/Y (sky130_fd_sc_hd__inv_2)
                                         _142_ (net)
                  0.10    0.00    0.66 ^ _268_/A1 (sky130_fd_sc_hd__a211oi_2)
     1    0.02    0.06    0.07    0.73 v _268_/Y (sky130_fd_sc_hd__a211oi_2)
                                         _013_ (net)
                  0.06    0.00    0.73 v _351_/D (sky130_fd_sc_hd__dfrtp_2)
                                  0.73   data arrival time

                          0.00    0.00   clock clk (rise edge)
                          0.00    0.00   clock source latency
     1    0.02    0.08    0.06    0.06 ^ clk (in)
                                         clk (net)
                  0.08    0.00    0.06 ^ clkbuf_0_clk/A (sky130_fd_sc_hd__clkbuf_16)
     4    0.05    0.05    0.12    0.18 ^ clkbuf_0_clk/X (sky130_fd_sc_hd__clkbuf_16)
                                         clknet_0_clk (net)
                  0.05    0.00    0.18 ^ clkbuf_2_2__f_clk/A (sky130_fd_sc_hd__clkbuf_16)
     7    0.05    0.05    0.11    0.29 ^ clkbuf_2_2__f_clk/X (sky130_fd_sc_hd__clkbuf_16)
                                         clknet_2_2__leaf_clk (net)
                  0.05    0.00    0.30 ^ _351_/CLK (sky130_fd_sc_hd__dfrtp_2)
                          0.25    0.55   clock uncertainty
                         -0.03    0.52   clock reconvergence pessimism
                         -0.04    0.48   library hold time
                                  0.48   data required time
-----------------------------------------------------------------------------
                                  0.48   data required time
                                 -0.73   data arrival time
-----------------------------------------------------------------------------
                                  0.25   slack (MET)


Startpoint: _347_ (rising edge-triggered flip-flop clocked by clk)
Endpoint: _347_ (rising edge-triggered flip-flop clocked by clk)
Path Group: clk
Path Type: min
Corner: Fastest

Fanout     Cap    Slew   Delay    Time   Description
-----------------------------------------------------------------------------
                          0.00    0.00   clock clk (rise edge)
                          0.00    0.00   clock source latency
     1    0.02    0.08    0.05    0.05 ^ clk (in)
                                         clk (net)
                  0.08    0.00    0.05 ^ clkbuf_0_clk/A (sky130_fd_sc_hd__clkbuf_16)
     4    0.05    0.05    0.11    0.16 ^ clkbuf_0_clk/X (sky130_fd_sc_hd__clkbuf_16)
                                         clknet_0_clk (net)
                  0.05    0.00    0.16 ^ clkbuf_2_1__f_clk/A (sky130_fd_sc_hd__clkbuf_16)
    11    0.04    0.04    0.10    0.26 ^ clkbuf_2_1__f_clk/X (sky130_fd_sc_hd__clkbuf_16)
                                         clknet_2_1__leaf_clk (net)
                  0.04    0.00    0.26 ^ _347_/CLK (sky130_fd_sc_hd__dfrtp_4)
     7    0.05    0.12    0.31    0.57 ^ _347_/Q (sky130_fd_sc_hd__dfrtp_4)
                                         one_second_counter[17] (net)
                  0.12    0.00    0.57 ^ _251_/A (sky130_fd_sc_hd__xor2_1)
     1    0.02    0.06    0.09    0.66 v _251_/X (sky130_fd_sc_hd__xor2_1)
                                         _131_ (net)
                  0.06    0.00    0.66 v _252_/B (sky130_fd_sc_hd__nor2_1)
     1    0.00    0.08    0.08    0.74 ^ _252_/Y (sky130_fd_sc_hd__nor2_1)
                                         _008_ (net)
                  0.08    0.00    0.74 ^ _347_/D (sky130_fd_sc_hd__dfrtp_4)
                                  0.74   data arrival time

                          0.00    0.00   clock clk (rise edge)
                          0.00    0.00   clock source latency
     1    0.02    0.08    0.06    0.06 ^ clk (in)
                                         clk (net)
                  0.08    0.00    0.06 ^ clkbuf_0_clk/A (sky130_fd_sc_hd__clkbuf_16)
     4    0.05    0.05    0.12    0.18 ^ clkbuf_0_clk/X (sky130_fd_sc_hd__clkbuf_16)
                                         clknet_0_clk (net)
                  0.05    0.00    0.18 ^ clkbuf_2_1__f_clk/A (sky130_fd_sc_hd__clkbuf_16)
    11    0.04    0.04    0.11    0.29 ^ clkbuf_2_1__f_clk/X (sky130_fd_sc_hd__clkbuf_16)
                                         clknet_2_1__leaf_clk (net)
                  0.04    0.00    0.29 ^ _347_/CLK (sky130_fd_sc_hd__dfrtp_4)
                          0.25    0.54   clock uncertainty
                         -0.03    0.51   clock reconvergence pessimism
                         -0.02    0.49   library hold time
                                  0.49   data required time
-----------------------------------------------------------------------------
                                  0.49   data required time
                                 -0.74   data arrival time
-----------------------------------------------------------------------------
                                  0.25   slack (MET)


Startpoint: _348_ (rising edge-triggered flip-flop clocked by clk)
Endpoint: _348_ (rising edge-triggered flip-flop clocked by clk)
Path Group: clk
Path Type: min
Corner: Fastest

Fanout     Cap    Slew   Delay    Time   Description
-----------------------------------------------------------------------------
                          0.00    0.00   clock clk (rise edge)
                          0.00    0.00   clock source latency
     1    0.02    0.08    0.05    0.05 ^ clk (in)
                                         clk (net)
                  0.08    0.00    0.05 ^ clkbuf_0_clk/A (sky130_fd_sc_hd__clkbuf_16)
     4    0.05    0.05    0.11    0.16 ^ clkbuf_0_clk/X (sky130_fd_sc_hd__clkbuf_16)
                                         clknet_0_clk (net)
                  0.05    0.00    0.16 ^ clkbuf_2_0__f_clk/A (sky130_fd_sc_hd__clkbuf_16)
     9    0.04    0.05    0.10    0.26 ^ clkbuf_2_0__f_clk/X (sky130_fd_sc_hd__clkbuf_16)
                                         clknet_2_0__leaf_clk (net)
                  0.05    0.00    0.26 ^ _348_/CLK (sky130_fd_sc_hd__dfrtp_4)
     6    0.04    0.10    0.29    0.56 ^ _348_/Q (sky130_fd_sc_hd__dfrtp_4)
                                         one_second_counter[18] (net)
                  0.10    0.00    0.56 ^ _254_/B1 (sky130_fd_sc_hd__a31o_1)
     1    0.01    0.10    0.10    0.66 ^ _254_/X (sky130_fd_sc_hd__a31o_1)
                                         _133_ (net)
                  0.10    0.00    0.66 ^ _255_/B1 (sky130_fd_sc_hd__o211a_1)
     1    0.01    0.09    0.12    0.78 ^ _255_/X (sky130_fd_sc_hd__o211a_1)
                                         _009_ (net)
                  0.09    0.00    0.78 ^ _348_/D (sky130_fd_sc_hd__dfrtp_4)
                                  0.78   data arrival time

                          0.00    0.00   clock clk (rise edge)
                          0.00    0.00   clock source latency
     1    0.02    0.08    0.06    0.06 ^ clk (in)
                                         clk (net)
                  0.08    0.00    0.06 ^ clkbuf_0_clk/A (sky130_fd_sc_hd__clkbuf_16)
     4    0.05    0.05    0.12    0.18 ^ clkbuf_0_clk/X (sky130_fd_sc_hd__clkbuf_16)
                                         clknet_0_clk (net)
                  0.05    0.00    0.18 ^ clkbuf_2_0__f_clk/A (sky130_fd_sc_hd__clkbuf_16)
     9    0.04    0.05    0.11    0.29 ^ clkbuf_2_0__f_clk/X (sky130_fd_sc_hd__clkbuf_16)
                                         clknet_2_0__leaf_clk (net)
                  0.05    0.00    0.29 ^ _348_/CLK (sky130_fd_sc_hd__dfrtp_4)
                          0.25    0.54   clock uncertainty
                         -0.03    0.51   clock reconvergence pessimism
                         -0.02    0.49   library hold time
                                  0.49   data required time
-----------------------------------------------------------------------------
                                  0.49   data required time
                                 -0.78   data arrival time
-----------------------------------------------------------------------------
                                  0.29   slack (MET)


Startpoint: _341_ (rising edge-triggered flip-flop clocked by clk)
Endpoint: _341_ (rising edge-triggered flip-flop clocked by clk)
Path Group: clk
Path Type: min
Corner: Fastest

Fanout     Cap    Slew   Delay    Time   Description
-----------------------------------------------------------------------------
                          0.00    0.00   clock clk (rise edge)
                          0.00    0.00   clock source latency
     1    0.02    0.08    0.05    0.05 ^ clk (in)
                                         clk (net)
                  0.08    0.00    0.05 ^ clkbuf_0_clk/A (sky130_fd_sc_hd__clkbuf_16)
     4    0.05    0.05    0.11    0.16 ^ clkbuf_0_clk/X (sky130_fd_sc_hd__clkbuf_16)
                                         clknet_0_clk (net)
                  0.05    0.00    0.16 ^ clkbuf_2_0__f_clk/A (sky130_fd_sc_hd__clkbuf_16)
     9    0.04    0.05    0.10    0.26 ^ clkbuf_2_0__f_clk/X (sky130_fd_sc_hd__clkbuf_16)
                                         clknet_2_0__leaf_clk (net)
                  0.05    0.00    0.26 ^ _341_/CLK (sky130_fd_sc_hd__dfrtp_4)
     4    0.04    0.10    0.29    0.56 ^ _341_/Q (sky130_fd_sc_hd__dfrtp_4)
                                         one_second_counter[11] (net)
                  0.10    0.00    0.56 ^ _227_/B1 (sky130_fd_sc_hd__a21oi_2)
     1    0.03    0.06    0.06    0.61 v _227_/Y (sky130_fd_sc_hd__a21oi_2)
                                         _113_ (net)
                  0.06    0.00    0.62 v _229_/B (sky130_fd_sc_hd__nor3_1)
     1    0.01    0.17    0.16    0.78 ^ _229_/Y (sky130_fd_sc_hd__nor3_1)
                                         _002_ (net)
                  0.17    0.00    0.78 ^ _341_/D (sky130_fd_sc_hd__dfrtp_4)
                                  0.78   data arrival time

                          0.00    0.00   clock clk (rise edge)
                          0.00    0.00   clock source latency
     1    0.02    0.08    0.06    0.06 ^ clk (in)
                                         clk (net)
                  0.08    0.00    0.06 ^ clkbuf_0_clk/A (sky130_fd_sc_hd__clkbuf_16)
     4    0.05    0.05    0.12    0.18 ^ clkbuf_0_clk/X (sky130_fd_sc_hd__clkbuf_16)
                                         clknet_0_clk (net)
                  0.05    0.00    0.18 ^ clkbuf_2_0__f_clk/A (sky130_fd_sc_hd__clkbuf_16)
     9    0.04    0.05    0.11    0.29 ^ clkbuf_2_0__f_clk/X (sky130_fd_sc_hd__clkbuf_16)
                                         clknet_2_0__leaf_clk (net)
                  0.05    0.00    0.29 ^ _341_/CLK (sky130_fd_sc_hd__dfrtp_4)
                          0.25    0.54   clock uncertainty
                         -0.03    0.51   clock reconvergence pessimism
                         -0.03    0.48   library hold time
                                  0.48   data required time
-----------------------------------------------------------------------------
                                  0.48   data required time
                                 -0.78   data arrival time
-----------------------------------------------------------------------------
                                  0.29   slack (MET)


Startpoint: _339_ (rising edge-triggered flip-flop clocked by clk)
Endpoint: _339_ (rising edge-triggered flip-flop clocked by clk)
Path Group: clk
Path Type: min
Corner: Fastest

Fanout     Cap    Slew   Delay    Time   Description
-----------------------------------------------------------------------------
                          0.00    0.00   clock clk (rise edge)
                          0.00    0.00   clock source latency
     1    0.02    0.08    0.05    0.05 ^ clk (in)
                                         clk (net)
                  0.08    0.00    0.05 ^ clkbuf_0_clk/A (sky130_fd_sc_hd__clkbuf_16)
     4    0.05    0.05    0.11    0.16 ^ clkbuf_0_clk/X (sky130_fd_sc_hd__clkbuf_16)
                                         clknet_0_clk (net)
                  0.05    0.00    0.16 ^ clkbuf_2_0__f_clk/A (sky130_fd_sc_hd__clkbuf_16)
     9    0.04    0.05    0.10    0.26 ^ clkbuf_2_0__f_clk/X (sky130_fd_sc_hd__clkbuf_16)
                                         clknet_2_0__leaf_clk (net)
                  0.05    0.00    0.26 ^ _339_/CLK (sky130_fd_sc_hd__dfrtp_2)
     3    0.03    0.07    0.28    0.55 v _339_/Q (sky130_fd_sc_hd__dfrtp_2)
                                         one_second_counter[9] (net)
                  0.07    0.00    0.55 v _220_/B1 (sky130_fd_sc_hd__a21oi_2)
     1    0.02    0.15    0.14    0.68 ^ _220_/Y (sky130_fd_sc_hd__a21oi_2)
                                         _108_ (net)
                  0.15    0.00    0.68 ^ _222_/B (sky130_fd_sc_hd__nor3_1)
     1    0.02    0.07    0.08    0.77 v _222_/Y (sky130_fd_sc_hd__nor3_1)
                                         _026_ (net)
                  0.07    0.00    0.77 v _339_/D (sky130_fd_sc_hd__dfrtp_2)
                                  0.77   data arrival time

                          0.00    0.00   clock clk (rise edge)
                          0.00    0.00   clock source latency
     1    0.02    0.08    0.06    0.06 ^ clk (in)
                                         clk (net)
                  0.08    0.00    0.06 ^ clkbuf_0_clk/A (sky130_fd_sc_hd__clkbuf_16)
     4    0.05    0.05    0.12    0.18 ^ clkbuf_0_clk/X (sky130_fd_sc_hd__clkbuf_16)
                                         clknet_0_clk (net)
                  0.05    0.00    0.18 ^ clkbuf_2_0__f_clk/A (sky130_fd_sc_hd__clkbuf_16)
     9    0.04    0.05    0.11    0.29 ^ clkbuf_2_0__f_clk/X (sky130_fd_sc_hd__clkbuf_16)
                                         clknet_2_0__leaf_clk (net)
                  0.05    0.00    0.29 ^ _339_/CLK (sky130_fd_sc_hd__dfrtp_2)
                          0.25    0.54   clock uncertainty
                         -0.03    0.51   clock reconvergence pessimism
                         -0.04    0.47   library hold time
                                  0.47   data required time
-----------------------------------------------------------------------------
                                  0.47   data required time
                                 -0.77   data arrival time
-----------------------------------------------------------------------------
                                  0.29   slack (MET)


Startpoint: _335_ (rising edge-triggered flip-flop clocked by clk)
Endpoint: _335_ (rising edge-triggered flip-flop clocked by clk)
Path Group: clk
Path Type: min
Corner: Fastest

Fanout     Cap    Slew   Delay    Time   Description
-----------------------------------------------------------------------------
                          0.00    0.00   clock clk (rise edge)
                          0.00    0.00   clock source latency
     1    0.02    0.08    0.05    0.05 ^ clk (in)
                                         clk (net)
                  0.08    0.00    0.05 ^ clkbuf_0_clk/A (sky130_fd_sc_hd__clkbuf_16)
     4    0.05    0.05    0.11    0.16 ^ clkbuf_0_clk/X (sky130_fd_sc_hd__clkbuf_16)
                                         clknet_0_clk (net)
                  0.05    0.00    0.16 ^ clkbuf_2_2__f_clk/A (sky130_fd_sc_hd__clkbuf_16)
     7    0.05    0.05    0.10    0.27 ^ clkbuf_2_2__f_clk/X (sky130_fd_sc_hd__clkbuf_16)
                                         clknet_2_2__leaf_clk (net)
                  0.05    0.00    0.27 ^ _335_/CLK (sky130_fd_sc_hd__dfrtp_2)
     3    0.04    0.08    0.29    0.56 v _335_/Q (sky130_fd_sc_hd__dfrtp_2)
                                         one_second_counter[5] (net)
                  0.08    0.00    0.56 v _207_/B1 (sky130_fd_sc_hd__a21oi_1)
     1    0.01    0.14    0.13    0.69 ^ _207_/Y (sky130_fd_sc_hd__a21oi_1)
                                         _099_ (net)
                  0.14    0.00    0.69 ^ _209_/B (sky130_fd_sc_hd__nor3_1)
     1    0.02    0.07    0.08    0.77 v _209_/Y (sky130_fd_sc_hd__nor3_1)
                                         _022_ (net)
                  0.07    0.00    0.77 v _335_/D (sky130_fd_sc_hd__dfrtp_2)
                                  0.77   data arrival time

                          0.00    0.00   clock clk (rise edge)
                          0.00    0.00   clock source latency
     1    0.02    0.08    0.06    0.06 ^ clk (in)
                                         clk (net)
                  0.08    0.00    0.06 ^ clkbuf_0_clk/A (sky130_fd_sc_hd__clkbuf_16)
     4    0.05    0.05    0.12    0.18 ^ clkbuf_0_clk/X (sky130_fd_sc_hd__clkbuf_16)
                                         clknet_0_clk (net)
                  0.05    0.00    0.18 ^ clkbuf_2_2__f_clk/A (sky130_fd_sc_hd__clkbuf_16)
     7    0.05    0.05    0.11    0.29 ^ clkbuf_2_2__f_clk/X (sky130_fd_sc_hd__clkbuf_16)
                                         clknet_2_2__leaf_clk (net)
                  0.05    0.00    0.29 ^ _335_/CLK (sky130_fd_sc_hd__dfrtp_2)
                          0.25    0.54   clock uncertainty
                         -0.03    0.52   clock reconvergence pessimism
                         -0.04    0.48   library hold time
                                  0.48   data required time
-----------------------------------------------------------------------------
                                  0.48   data required time
                                 -0.77   data arrival time
-----------------------------------------------------------------------------
                                  0.29   slack (MET)


Startpoint: _333_ (rising edge-triggered flip-flop clocked by clk)
Endpoint: _333_ (rising edge-triggered flip-flop clocked by clk)
Path Group: clk
Path Type: min
Corner: Fastest

Fanout     Cap    Slew   Delay    Time   Description
-----------------------------------------------------------------------------
                          0.00    0.00   clock clk (rise edge)
                          0.00    0.00   clock source latency
     1    0.02    0.08    0.05    0.05 ^ clk (in)
                                         clk (net)
                  0.08    0.00    0.05 ^ clkbuf_0_clk/A (sky130_fd_sc_hd__clkbuf_16)
     4    0.05    0.05    0.11    0.16 ^ clkbuf_0_clk/X (sky130_fd_sc_hd__clkbuf_16)
                                         clknet_0_clk (net)
                  0.05    0.00    0.16 ^ clkbuf_2_3__f_clk/A (sky130_fd_sc_hd__clkbuf_16)
     8    0.04    0.05    0.10    0.26 ^ clkbuf_2_3__f_clk/X (sky130_fd_sc_hd__clkbuf_16)
                                         clknet_2_3__leaf_clk (net)
                  0.05    0.00    0.26 ^ _333_/CLK (sky130_fd_sc_hd__dfrtp_1)
     2    0.01    0.10    0.24    0.50 ^ _333_/Q (sky130_fd_sc_hd__dfrtp_1)
                                         one_second_counter[3] (net)
                  0.10    0.00    0.50 ^ _199_/B1 (sky130_fd_sc_hd__a31o_1)
     1    0.00    0.03    0.06    0.56 ^ _199_/X (sky130_fd_sc_hd__a31o_1)
                                         _093_ (net)
                  0.03    0.00    0.56 ^ _200_/C (sky130_fd_sc_hd__and3b_1)
     1    0.01    0.11    0.14    0.70 ^ _200_/X (sky130_fd_sc_hd__and3b_1)
                                         _094_ (net)
                  0.11    0.00    0.70 ^ _201_/A (sky130_fd_sc_hd__clkbuf_1)
     1    0.01    0.07    0.08    0.79 ^ _201_/X (sky130_fd_sc_hd__clkbuf_1)
                                         _020_ (net)
                  0.07    0.00    0.79 ^ _333_/D (sky130_fd_sc_hd__dfrtp_1)
                                  0.79   data arrival time

                          0.00    0.00   clock clk (rise edge)
                          0.00    0.00   clock source latency
     1    0.02    0.08    0.06    0.06 ^ clk (in)
                                         clk (net)
                  0.08    0.00    0.06 ^ clkbuf_0_clk/A (sky130_fd_sc_hd__clkbuf_16)
     4    0.05    0.05    0.12    0.18 ^ clkbuf_0_clk/X (sky130_fd_sc_hd__clkbuf_16)
                                         clknet_0_clk (net)
                  0.05    0.00    0.18 ^ clkbuf_2_3__f_clk/A (sky130_fd_sc_hd__clkbuf_16)
     8    0.04    0.05    0.11    0.29 ^ clkbuf_2_3__f_clk/X (sky130_fd_sc_hd__clkbuf_16)
                                         clknet_2_3__leaf_clk (net)
                  0.05    0.00    0.29 ^ _333_/CLK (sky130_fd_sc_hd__dfrtp_1)
                          0.25    0.54   clock uncertainty
                         -0.03    0.51   clock reconvergence pessimism
                         -0.02    0.49   library hold time
                                  0.49   data required time
-----------------------------------------------------------------------------
                                  0.49   data required time
                                 -0.79   data arrival time
-----------------------------------------------------------------------------
                                  0.29   slack (MET)


Startpoint: _354_ (rising edge-triggered flip-flop clocked by clk)
Endpoint: _354_ (rising edge-triggered flip-flop clocked by clk)
Path Group: clk
Path Type: min
Corner: Fastest

Fanout     Cap    Slew   Delay    Time   Description
-----------------------------------------------------------------------------
                          0.00    0.00   clock clk (rise edge)
                          0.00    0.00   clock source latency
     1    0.02    0.08    0.05    0.05 ^ clk (in)
                                         clk (net)
                  0.08    0.00    0.05 ^ clkbuf_0_clk/A (sky130_fd_sc_hd__clkbuf_16)
     4    0.05    0.05    0.11    0.16 ^ clkbuf_0_clk/X (sky130_fd_sc_hd__clkbuf_16)
                                         clknet_0_clk (net)
                  0.05    0.00    0.16 ^ clkbuf_2_3__f_clk/A (sky130_fd_sc_hd__clkbuf_16)
     8    0.04    0.05    0.10    0.26 ^ clkbuf_2_3__f_clk/X (sky130_fd_sc_hd__clkbuf_16)
                                         clknet_2_3__leaf_clk (net)
                  0.05    0.00    0.26 ^ _354_/CLK (sky130_fd_sc_hd__dfrtp_4)
     3    0.04    0.07    0.32    0.58 v _354_/Q (sky130_fd_sc_hd__dfrtp_4)
                                         one_second_counter[24] (net)
                  0.07    0.00    0.58 v _276_/B1 (sky130_fd_sc_hd__a21oi_1)
     1    0.01    0.14    0.13    0.71 ^ _276_/Y (sky130_fd_sc_hd__a21oi_1)
                                         _149_ (net)
                  0.14    0.00    0.71 ^ _278_/B (sky130_fd_sc_hd__nor3_1)
     1    0.01    0.07    0.07    0.78 v _278_/Y (sky130_fd_sc_hd__nor3_1)
                                         _016_ (net)
                  0.07    0.00    0.78 v _354_/D (sky130_fd_sc_hd__dfrtp_4)
                                  0.78   data arrival time

                          0.00    0.00   clock clk (rise edge)
                          0.00    0.00   clock source latency
     1    0.02    0.08    0.06    0.06 ^ clk (in)
                                         clk (net)
                  0.08    0.00    0.06 ^ clkbuf_0_clk/A (sky130_fd_sc_hd__clkbuf_16)
     4    0.05    0.05    0.12    0.18 ^ clkbuf_0_clk/X (sky130_fd_sc_hd__clkbuf_16)
                                         clknet_0_clk (net)
                  0.05    0.00    0.18 ^ clkbuf_2_3__f_clk/A (sky130_fd_sc_hd__clkbuf_16)
     8    0.04    0.05    0.11    0.29 ^ clkbuf_2_3__f_clk/X (sky130_fd_sc_hd__clkbuf_16)
                                         clknet_2_3__leaf_clk (net)
                  0.05    0.00    0.29 ^ _354_/CLK (sky130_fd_sc_hd__dfrtp_4)
                          0.25    0.54   clock uncertainty
                         -0.03    0.51   clock reconvergence pessimism
                         -0.04    0.48   library hold time
                                  0.48   data required time
-----------------------------------------------------------------------------
                                  0.48   data required time
                                 -0.78   data arrival time
-----------------------------------------------------------------------------
                                  0.30   slack (MET)


Startpoint: _355_ (rising edge-triggered flip-flop clocked by clk)
Endpoint: _355_ (rising edge-triggered flip-flop clocked by clk)
Path Group: clk
Path Type: min
Corner: Fastest

Fanout     Cap    Slew   Delay    Time   Description
-----------------------------------------------------------------------------
                          0.00    0.00   clock clk (rise edge)
                          0.00    0.00   clock source latency
     1    0.02    0.08    0.05    0.05 ^ clk (in)
                                         clk (net)
                  0.08    0.00    0.05 ^ clkbuf_0_clk/A (sky130_fd_sc_hd__clkbuf_16)
     4    0.05    0.05    0.11    0.16 ^ clkbuf_0_clk/X (sky130_fd_sc_hd__clkbuf_16)
                                         clknet_0_clk (net)
                  0.05    0.00    0.16 ^ clkbuf_2_1__f_clk/A (sky130_fd_sc_hd__clkbuf_16)
    11    0.04    0.04    0.10    0.26 ^ clkbuf_2_1__f_clk/X (sky130_fd_sc_hd__clkbuf_16)
                                         clknet_2_1__leaf_clk (net)
                  0.04    0.00    0.26 ^ _355_/CLK (sky130_fd_sc_hd__dfrtp_4)
     4    0.04    0.10    0.29    0.55 ^ _355_/Q (sky130_fd_sc_hd__dfrtp_4)
                                         one_second_counter[25] (net)
                  0.10    0.00    0.55 ^ _280_/A (sky130_fd_sc_hd__nand2_1)
     1    0.00    0.04    0.04    0.59 v _280_/Y (sky130_fd_sc_hd__nand2_1)
                                         _152_ (net)
                  0.04    0.00    0.59 v _281_/C (sky130_fd_sc_hd__and3_1)
     1    0.01    0.05    0.13    0.73 v _281_/X (sky130_fd_sc_hd__and3_1)
                                         _153_ (net)
                  0.05    0.00    0.73 v _282_/A (sky130_fd_sc_hd__clkbuf_1)
     1    0.01    0.04    0.08    0.80 v _282_/X (sky130_fd_sc_hd__clkbuf_1)
                                         _017_ (net)
                  0.04    0.00    0.80 v _355_/D (sky130_fd_sc_hd__dfrtp_4)
                                  0.80   data arrival time

                          0.00    0.00   clock clk (rise edge)
                          0.00    0.00   clock source latency
     1    0.02    0.08    0.06    0.06 ^ clk (in)
                                         clk (net)
                  0.08    0.00    0.06 ^ clkbuf_0_clk/A (sky130_fd_sc_hd__clkbuf_16)
     4    0.05    0.05    0.12    0.18 ^ clkbuf_0_clk/X (sky130_fd_sc_hd__clkbuf_16)
                                         clknet_0_clk (net)
                  0.05    0.00    0.18 ^ clkbuf_2_1__f_clk/A (sky130_fd_sc_hd__clkbuf_16)
    11    0.04    0.04    0.11    0.29 ^ clkbuf_2_1__f_clk/X (sky130_fd_sc_hd__clkbuf_16)
                                         clknet_2_1__leaf_clk (net)
                  0.04    0.00    0.29 ^ _355_/CLK (sky130_fd_sc_hd__dfrtp_4)
                          0.25    0.54   clock uncertainty
                         -0.03    0.51   clock reconvergence pessimism
                         -0.03    0.48   library hold time
                                  0.48   data required time
-----------------------------------------------------------------------------
                                  0.48   data required time
                                 -0.80   data arrival time
-----------------------------------------------------------------------------
                                  0.32   slack (MET)


Startpoint: _343_ (rising edge-triggered flip-flop clocked by clk)
Endpoint: _343_ (rising edge-triggered flip-flop clocked by clk)
Path Group: clk
Path Type: min
Corner: Fastest

Fanout     Cap    Slew   Delay    Time   Description
-----------------------------------------------------------------------------
                          0.00    0.00   clock clk (rise edge)
                          0.00    0.00   clock source latency
     1    0.02    0.08    0.05    0.05 ^ clk (in)
                                         clk (net)
                  0.08    0.00    0.05 ^ clkbuf_0_clk/A (sky130_fd_sc_hd__clkbuf_16)
     4    0.05    0.05    0.11    0.16 ^ clkbuf_0_clk/X (sky130_fd_sc_hd__clkbuf_16)
                                         clknet_0_clk (net)
                  0.05    0.00    0.16 ^ clkbuf_2_0__f_clk/A (sky130_fd_sc_hd__clkbuf_16)
     9    0.04    0.05    0.10    0.26 ^ clkbuf_2_0__f_clk/X (sky130_fd_sc_hd__clkbuf_16)
                                         clknet_2_0__leaf_clk (net)
                  0.05    0.00    0.26 ^ _343_/CLK (sky130_fd_sc_hd__dfrtp_1)
     4    0.02    0.14    0.27    0.53 ^ _343_/Q (sky130_fd_sc_hd__dfrtp_1)
                                         one_second_counter[13] (net)
                  0.14    0.00    0.53 ^ _234_/B1 (sky130_fd_sc_hd__a21o_1)
     1    0.01    0.08    0.09    0.62 ^ _234_/X (sky130_fd_sc_hd__a21o_1)
                                         _118_ (net)
                  0.08    0.00    0.62 ^ _236_/B (sky130_fd_sc_hd__and3_1)
     1    0.01    0.08    0.12    0.75 ^ _236_/X (sky130_fd_sc_hd__and3_1)
                                         _120_ (net)
                  0.08    0.00    0.75 ^ _237_/A (sky130_fd_sc_hd__clkbuf_1)
     1    0.01    0.06    0.07    0.82 ^ _237_/X (sky130_fd_sc_hd__clkbuf_1)
                                         _004_ (net)
                  0.06    0.00    0.82 ^ _343_/D (sky130_fd_sc_hd__dfrtp_1)
                                  0.82   data arrival time

                          0.00    0.00   clock clk (rise edge)
                          0.00    0.00   clock source latency
     1    0.02    0.08    0.06    0.06 ^ clk (in)
                                         clk (net)
                  0.08    0.00    0.06 ^ clkbuf_0_clk/A (sky130_fd_sc_hd__clkbuf_16)
     4    0.05    0.05    0.12    0.18 ^ clkbuf_0_clk/X (sky130_fd_sc_hd__clkbuf_16)
                                         clknet_0_clk (net)
                  0.05    0.00    0.18 ^ clkbuf_2_0__f_clk/A (sky130_fd_sc_hd__clkbuf_16)
     9    0.04    0.05    0.11    0.29 ^ clkbuf_2_0__f_clk/X (sky130_fd_sc_hd__clkbuf_16)
                                         clknet_2_0__leaf_clk (net)
                  0.05    0.00    0.29 ^ _343_/CLK (sky130_fd_sc_hd__dfrtp_1)
                          0.25    0.54   clock uncertainty
                         -0.03    0.51   clock reconvergence pessimism
                         -0.02    0.49   library hold time
                                  0.49   data required time
-----------------------------------------------------------------------------
                                  0.49   data required time
                                 -0.82   data arrival time
-----------------------------------------------------------------------------
                                  0.32   slack (MET)


Startpoint: _357_ (rising edge-triggered flip-flop clocked by clk)
Endpoint: _359_ (rising edge-triggered flip-flop clocked by clk)
Path Group: clk
Path Type: min
Corner: Fastest

Fanout     Cap    Slew   Delay    Time   Description
-----------------------------------------------------------------------------
                          0.00    0.00   clock clk (rise edge)
                          0.00    0.00   clock source latency
     1    0.02    0.08    0.05    0.05 ^ clk (in)
                                         clk (net)
                  0.08    0.00    0.05 ^ clkbuf_0_clk/A (sky130_fd_sc_hd__clkbuf_16)
     4    0.05    0.05    0.11    0.16 ^ clkbuf_0_clk/X (sky130_fd_sc_hd__clkbuf_16)
                                         clknet_0_clk (net)
                  0.05    0.00    0.16 ^ clkbuf_2_2__f_clk/A (sky130_fd_sc_hd__clkbuf_16)
     7    0.05    0.05    0.10    0.27 ^ clkbuf_2_2__f_clk/X (sky130_fd_sc_hd__clkbuf_16)
                                         clknet_2_2__leaf_clk (net)
                  0.05    0.00    0.27 ^ _357_/CLK (sky130_fd_sc_hd__dfrtp_4)
     5    0.04    0.10    0.30    0.57 ^ _357_/Q (sky130_fd_sc_hd__dfrtp_4)
                                         one_second_enable (net)
                  0.10    0.00    0.57 ^ _162_/A (sky130_fd_sc_hd__and3_2)
     3    0.03    0.13    0.18    0.75 ^ _162_/X (sky130_fd_sc_hd__and3_2)
                                         _064_ (net)
                  0.13    0.00    0.75 ^ _172_/A (sky130_fd_sc_hd__nor2_1)
     1    0.02    0.08    0.08    0.83 v _172_/Y (sky130_fd_sc_hd__nor2_1)
                                         _061_ (net)
                  0.08    0.00    0.83 v _359_/D (sky130_fd_sc_hd__dfrtp_4)
                                  0.83   data arrival time

                          0.00    0.00   clock clk (rise edge)
                          0.00    0.00   clock source latency
     1    0.02    0.08    0.06    0.06 ^ clk (in)
                                         clk (net)
                  0.08    0.00    0.06 ^ clkbuf_0_clk/A (sky130_fd_sc_hd__clkbuf_16)
     4    0.05    0.05    0.12    0.18 ^ clkbuf_0_clk/X (sky130_fd_sc_hd__clkbuf_16)
                                         clknet_0_clk (net)
                  0.05    0.00    0.18 ^ clkbuf_2_0__f_clk/A (sky130_fd_sc_hd__clkbuf_16)
     9    0.04    0.05    0.11    0.29 ^ clkbuf_2_0__f_clk/X (sky130_fd_sc_hd__clkbuf_16)
                                         clknet_2_0__leaf_clk (net)
                  0.05    0.00    0.29 ^ _359_/CLK (sky130_fd_sc_hd__dfrtp_4)
                          0.25    0.54   clock uncertainty
                         -0.02    0.52   clock reconvergence pessimism
                         -0.04    0.48   library hold time
                                  0.48   data required time
-----------------------------------------------------------------------------
                                  0.48   data required time
                                 -0.83   data arrival time
-----------------------------------------------------------------------------
                                  0.35   slack (MET)


Startpoint: _332_ (rising edge-triggered flip-flop clocked by clk)
Endpoint: _332_ (rising edge-triggered flip-flop clocked by clk)
Path Group: clk
Path Type: min
Corner: Fastest

Fanout     Cap    Slew   Delay    Time   Description
-----------------------------------------------------------------------------
                          0.00    0.00   clock clk (rise edge)
                          0.00    0.00   clock source latency
     1    0.02    0.08    0.05    0.05 ^ clk (in)
                                         clk (net)
                  0.08    0.00    0.05 ^ clkbuf_0_clk/A (sky130_fd_sc_hd__clkbuf_16)
     4    0.05    0.05    0.11    0.16 ^ clkbuf_0_clk/X (sky130_fd_sc_hd__clkbuf_16)
                                         clknet_0_clk (net)
                  0.05    0.00    0.16 ^ clkbuf_2_1__f_clk/A (sky130_fd_sc_hd__clkbuf_16)
    11    0.04    0.04    0.10    0.26 ^ clkbuf_2_1__f_clk/X (sky130_fd_sc_hd__clkbuf_16)
                                         clknet_2_1__leaf_clk (net)
                  0.04    0.00    0.26 ^ _332_/CLK (sky130_fd_sc_hd__dfrtp_4)
     4    0.04    0.09    0.29    0.55 ^ _332_/Q (sky130_fd_sc_hd__dfrtp_4)
                                         one_second_counter[2] (net)
                  0.09    0.00    0.55 ^ _196_/B1 (sky130_fd_sc_hd__a21o_1)
     1    0.01    0.08    0.09    0.63 ^ _196_/X (sky130_fd_sc_hd__a21o_1)
                                         _091_ (net)
                  0.08    0.00    0.63 ^ _197_/C (sky130_fd_sc_hd__and3_1)
     1    0.01    0.05    0.11    0.74 ^ _197_/X (sky130_fd_sc_hd__and3_1)
                                         _092_ (net)
                  0.05    0.00    0.74 ^ _198_/A (sky130_fd_sc_hd__buf_1)
     1    0.01    0.12    0.11    0.85 ^ _198_/X (sky130_fd_sc_hd__buf_1)
                                         _019_ (net)
                  0.12    0.00    0.85 ^ _332_/D (sky130_fd_sc_hd__dfrtp_4)
                                  0.85   data arrival time

                          0.00    0.00   clock clk (rise edge)
                          0.00    0.00   clock source latency
     1    0.02    0.08    0.06    0.06 ^ clk (in)
                                         clk (net)
                  0.08    0.00    0.06 ^ clkbuf_0_clk/A (sky130_fd_sc_hd__clkbuf_16)
     4    0.05    0.05    0.12    0.18 ^ clkbuf_0_clk/X (sky130_fd_sc_hd__clkbuf_16)
                                         clknet_0_clk (net)
                  0.05    0.00    0.18 ^ clkbuf_2_1__f_clk/A (sky130_fd_sc_hd__clkbuf_16)
    11    0.04    0.04    0.11    0.29 ^ clkbuf_2_1__f_clk/X (sky130_fd_sc_hd__clkbuf_16)
                                         clknet_2_1__leaf_clk (net)
                  0.04    0.00    0.29 ^ _332_/CLK (sky130_fd_sc_hd__dfrtp_4)
                          0.25    0.54   clock uncertainty
                         -0.03    0.51   clock reconvergence pessimism
                         -0.03    0.48   library hold time
                                  0.48   data required time
-----------------------------------------------------------------------------
                                  0.48   data required time
                                 -0.85   data arrival time
-----------------------------------------------------------------------------
                                  0.37   slack (MET)


Startpoint: _338_ (rising edge-triggered flip-flop clocked by clk)
Endpoint: _338_ (rising edge-triggered flip-flop clocked by clk)
Path Group: clk
Path Type: min
Corner: Fastest

Fanout     Cap    Slew   Delay    Time   Description
-----------------------------------------------------------------------------
                          0.00    0.00   clock clk (rise edge)
                          0.00    0.00   clock source latency
     1    0.02    0.08    0.05    0.05 ^ clk (in)
                                         clk (net)
                  0.08    0.00    0.05 ^ clkbuf_0_clk/A (sky130_fd_sc_hd__clkbuf_16)
     4    0.05    0.05    0.11    0.16 ^ clkbuf_0_clk/X (sky130_fd_sc_hd__clkbuf_16)
                                         clknet_0_clk (net)
                  0.05    0.00    0.16 ^ clkbuf_2_3__f_clk/A (sky130_fd_sc_hd__clkbuf_16)
     8    0.04    0.05    0.10    0.26 ^ clkbuf_2_3__f_clk/X (sky130_fd_sc_hd__clkbuf_16)
                                         clknet_2_3__leaf_clk (net)
                  0.05    0.00    0.26 ^ _338_/CLK (sky130_fd_sc_hd__dfrtp_4)
     5    0.04    0.10    0.29    0.55 ^ _338_/Q (sky130_fd_sc_hd__dfrtp_4)
                                         one_second_counter[8] (net)
                  0.10    0.00    0.56 ^ _217_/A (sky130_fd_sc_hd__nand2_1)
     1    0.01    0.05    0.05    0.61 v _217_/Y (sky130_fd_sc_hd__nand2_1)
                                         _106_ (net)
                  0.05    0.00    0.61 v _218_/C (sky130_fd_sc_hd__and3_1)
     1    0.02    0.06    0.15    0.76 v _218_/X (sky130_fd_sc_hd__and3_1)
                                         _107_ (net)
                  0.06    0.00    0.76 v _219_/A (sky130_fd_sc_hd__clkbuf_1)
     1    0.01    0.05    0.09    0.85 v _219_/X (sky130_fd_sc_hd__clkbuf_1)
                                         _025_ (net)
                  0.05    0.00    0.85 v _338_/D (sky130_fd_sc_hd__dfrtp_4)
                                  0.85   data arrival time

                          0.00    0.00   clock clk (rise edge)
                          0.00    0.00   clock source latency
     1    0.02    0.08    0.06    0.06 ^ clk (in)
                                         clk (net)
                  0.08    0.00    0.06 ^ clkbuf_0_clk/A (sky130_fd_sc_hd__clkbuf_16)
     4    0.05    0.05    0.12    0.18 ^ clkbuf_0_clk/X (sky130_fd_sc_hd__clkbuf_16)
                                         clknet_0_clk (net)
                  0.05    0.00    0.18 ^ clkbuf_2_3__f_clk/A (sky130_fd_sc_hd__clkbuf_16)
     8    0.04    0.05    0.11    0.29 ^ clkbuf_2_3__f_clk/X (sky130_fd_sc_hd__clkbuf_16)
                                         clknet_2_3__leaf_clk (net)
                  0.05    0.00    0.29 ^ _338_/CLK (sky130_fd_sc_hd__dfrtp_4)
                          0.25    0.54   clock uncertainty
                         -0.03    0.51   clock reconvergence pessimism
                         -0.03    0.48   library hold time
                                  0.48   data required time
-----------------------------------------------------------------------------
                                  0.48   data required time
                                 -0.85   data arrival time
-----------------------------------------------------------------------------
                                  0.37   slack (MET)


Startpoint: _360_ (rising edge-triggered flip-flop clocked by clk)
Endpoint: _360_ (rising edge-triggered flip-flop clocked by clk)
Path Group: clk
Path Type: min
Corner: Fastest

Fanout     Cap    Slew   Delay    Time   Description
-----------------------------------------------------------------------------
                          0.00    0.00   clock clk (rise edge)
                          0.00    0.00   clock source latency
     1    0.02    0.08    0.05    0.05 ^ clk (in)
                                         clk (net)
                  0.08    0.00    0.05 ^ clkbuf_0_clk/A (sky130_fd_sc_hd__clkbuf_16)
     4    0.05    0.05    0.11    0.16 ^ clkbuf_0_clk/X (sky130_fd_sc_hd__clkbuf_16)
                                         clknet_0_clk (net)
                  0.05    0.00    0.16 ^ clkbuf_2_3__f_clk/A (sky130_fd_sc_hd__clkbuf_16)
     8    0.04    0.05    0.10    0.26 ^ clkbuf_2_3__f_clk/X (sky130_fd_sc_hd__clkbuf_16)
                                         clknet_2_3__leaf_clk (net)
                  0.05    0.00    0.26 ^ _360_/CLK (sky130_fd_sc_hd__dfrtp_4)
     6    0.06    0.13    0.31    0.58 ^ _360_/Q (sky130_fd_sc_hd__dfrtp_4)
                                         decoder.digit[2] (net)
                  0.13    0.00    0.58 ^ _163_/A (sky130_fd_sc_hd__nand2_1)
     2    0.02    0.08    0.08    0.66 v _163_/Y (sky130_fd_sc_hd__nand2_1)
                                         _065_ (net)
                  0.08    0.00    0.66 v _169_/A (sky130_fd_sc_hd__and2_1)
     1    0.01    0.04    0.11    0.77 v _169_/X (sky130_fd_sc_hd__and2_1)
                                         _070_ (net)
                  0.04    0.00    0.77 v _170_/A (sky130_fd_sc_hd__clkbuf_1)
     1    0.01    0.04    0.08    0.85 v _170_/X (sky130_fd_sc_hd__clkbuf_1)
                                         _062_ (net)
                  0.04    0.00    0.85 v _360_/D (sky130_fd_sc_hd__dfrtp_4)
                                  0.85   data arrival time

                          0.00    0.00   clock clk (rise edge)
                          0.00    0.00   clock source latency
     1    0.02    0.08    0.06    0.06 ^ clk (in)
                                         clk (net)
                  0.08    0.00    0.06 ^ clkbuf_0_clk/A (sky130_fd_sc_hd__clkbuf_16)
     4    0.05    0.05    0.12    0.18 ^ clkbuf_0_clk/X (sky130_fd_sc_hd__clkbuf_16)
                                         clknet_0_clk (net)
                  0.05    0.00    0.18 ^ clkbuf_2_3__f_clk/A (sky130_fd_sc_hd__clkbuf_16)
     8    0.04    0.05    0.11    0.29 ^ clkbuf_2_3__f_clk/X (sky130_fd_sc_hd__clkbuf_16)
                                         clknet_2_3__leaf_clk (net)
                  0.05    0.00    0.29 ^ _360_/CLK (sky130_fd_sc_hd__dfrtp_4)
                          0.25    0.54   clock uncertainty
                         -0.03    0.51   clock reconvergence pessimism
                         -0.03    0.48   library hold time
                                  0.48   data required time
-----------------------------------------------------------------------------
                                  0.48   data required time
                                 -0.85   data arrival time
-----------------------------------------------------------------------------
                                  0.37   slack (MET)


Startpoint: _330_ (rising edge-triggered flip-flop clocked by clk)
Endpoint: _331_ (rising edge-triggered flip-flop clocked by clk)
Path Group: clk
Path Type: min
Corner: Fastest

Fanout     Cap    Slew   Delay    Time   Description
-----------------------------------------------------------------------------
                          0.00    0.00   clock clk (rise edge)
                          0.00    0.00   clock source latency
     1    0.02    0.08    0.05    0.05 ^ clk (in)
                                         clk (net)
                  0.08    0.00    0.05 ^ clkbuf_0_clk/A (sky130_fd_sc_hd__clkbuf_16)
     4    0.05    0.05    0.11    0.16 ^ clkbuf_0_clk/X (sky130_fd_sc_hd__clkbuf_16)
                                         clknet_0_clk (net)
                  0.05    0.00    0.16 ^ clkbuf_2_1__f_clk/A (sky130_fd_sc_hd__clkbuf_16)
    11    0.04    0.04    0.10    0.26 ^ clkbuf_2_1__f_clk/X (sky130_fd_sc_hd__clkbuf_16)
                                         clknet_2_1__leaf_clk (net)
                  0.04    0.00    0.26 ^ _330_/CLK (sky130_fd_sc_hd__dfrtp_4)
     7    0.05    0.13    0.31    0.57 ^ _330_/Q (sky130_fd_sc_hd__dfrtp_4)
                                         one_second_counter[0] (net)
                  0.13    0.00    0.58 ^ _191_/B (sky130_fd_sc_hd__nand2_1)
     1    0.02    0.09    0.10    0.67 v _191_/Y (sky130_fd_sc_hd__nand2_1)
                                         _087_ (net)
                  0.09    0.00    0.67 v _193_/A (sky130_fd_sc_hd__and3_1)
     1    0.01    0.04    0.13    0.80 v _193_/X (sky130_fd_sc_hd__and3_1)
                                         _089_ (net)
                  0.04    0.00    0.80 v _194_/A (sky130_fd_sc_hd__clkbuf_1)
     1    0.01    0.04    0.08    0.88 v _194_/X (sky130_fd_sc_hd__clkbuf_1)
                                         _011_ (net)
                  0.04    0.00    0.88 v _331_/D (sky130_fd_sc_hd__dfrtp_4)
                                  0.88   data arrival time

                          0.00    0.00   clock clk (rise edge)
                          0.00    0.00   clock source latency
     1    0.02    0.08    0.06    0.06 ^ clk (in)
                                         clk (net)
                  0.08    0.00    0.06 ^ clkbuf_0_clk/A (sky130_fd_sc_hd__clkbuf_16)
     4    0.05    0.05    0.12    0.18 ^ clkbuf_0_clk/X (sky130_fd_sc_hd__clkbuf_16)
                                         clknet_0_clk (net)
                  0.05    0.00    0.18 ^ clkbuf_2_2__f_clk/A (sky130_fd_sc_hd__clkbuf_16)
     7    0.05    0.05    0.11    0.29 ^ clkbuf_2_2__f_clk/X (sky130_fd_sc_hd__clkbuf_16)
                                         clknet_2_2__leaf_clk (net)
                  0.05    0.00    0.30 ^ _331_/CLK (sky130_fd_sc_hd__dfrtp_4)
                          0.25    0.55   clock uncertainty
                         -0.02    0.53   clock reconvergence pessimism
                         -0.03    0.50   library hold time
                                  0.50   data required time
-----------------------------------------------------------------------------
                                  0.50   data required time
                                 -0.88   data arrival time
-----------------------------------------------------------------------------
                                  0.38   slack (MET)


Startpoint: _336_ (rising edge-triggered flip-flop clocked by clk)
Endpoint: _336_ (rising edge-triggered flip-flop clocked by clk)
Path Group: clk
Path Type: min
Corner: Fastest

Fanout     Cap    Slew   Delay    Time   Description
-----------------------------------------------------------------------------
                          0.00    0.00   clock clk (rise edge)
                          0.00    0.00   clock source latency
     1    0.02    0.08    0.05    0.05 ^ clk (in)
                                         clk (net)
                  0.08    0.00    0.05 ^ clkbuf_0_clk/A (sky130_fd_sc_hd__clkbuf_16)
     4    0.05    0.05    0.11    0.16 ^ clkbuf_0_clk/X (sky130_fd_sc_hd__clkbuf_16)
                                         clknet_0_clk (net)
                  0.05    0.00    0.16 ^ clkbuf_2_1__f_clk/A (sky130_fd_sc_hd__clkbuf_16)
    11    0.04    0.04    0.10    0.26 ^ clkbuf_2_1__f_clk/X (sky130_fd_sc_hd__clkbuf_16)
                                         clknet_2_1__leaf_clk (net)
                  0.04    0.00    0.26 ^ _336_/CLK (sky130_fd_sc_hd__dfrtp_2)
     3    0.03    0.11    0.27    0.53 ^ _336_/Q (sky130_fd_sc_hd__dfrtp_2)
                                         one_second_counter[6] (net)
                  0.11    0.00    0.53 ^ _211_/A (sky130_fd_sc_hd__nand2_1)
     2    0.02    0.08    0.08    0.61 v _211_/Y (sky130_fd_sc_hd__nand2_1)
                                         _102_ (net)
                  0.08    0.00    0.61 v _212_/C (sky130_fd_sc_hd__and3_1)
     1    0.01    0.03    0.14    0.75 v _212_/X (sky130_fd_sc_hd__and3_1)
                                         _103_ (net)
                  0.03    0.00    0.75 v _213_/A (sky130_fd_sc_hd__buf_1)
     1    0.02    0.08    0.10    0.86 v _213_/X (sky130_fd_sc_hd__buf_1)
                                         _023_ (net)
                  0.08    0.00    0.86 v _336_/D (sky130_fd_sc_hd__dfrtp_2)
                                  0.86   data arrival time

                          0.00    0.00   clock clk (rise edge)
                          0.00    0.00   clock source latency
     1    0.02    0.08    0.06    0.06 ^ clk (in)
                                         clk (net)
                  0.08    0.00    0.06 ^ clkbuf_0_clk/A (sky130_fd_sc_hd__clkbuf_16)
     4    0.05    0.05    0.12    0.18 ^ clkbuf_0_clk/X (sky130_fd_sc_hd__clkbuf_16)
                                         clknet_0_clk (net)
                  0.05    0.00    0.18 ^ clkbuf_2_1__f_clk/A (sky130_fd_sc_hd__clkbuf_16)
    11    0.04    0.04    0.11    0.29 ^ clkbuf_2_1__f_clk/X (sky130_fd_sc_hd__clkbuf_16)
                                         clknet_2_1__leaf_clk (net)
                  0.04    0.00    0.29 ^ _336_/CLK (sky130_fd_sc_hd__dfrtp_2)
                          0.25    0.54   clock uncertainty
                         -0.03    0.51   clock reconvergence pessimism
                         -0.04    0.47   library hold time
                                  0.47   data required time
-----------------------------------------------------------------------------
                                  0.47   data required time
                                 -0.86   data arrival time
-----------------------------------------------------------------------------
                                  0.39   slack (MET)


Startpoint: _334_ (rising edge-triggered flip-flop clocked by clk)
Endpoint: _334_ (rising edge-triggered flip-flop clocked by clk)
Path Group: clk
Path Type: min
Corner: Fastest

Fanout     Cap    Slew   Delay    Time   Description
-----------------------------------------------------------------------------
                          0.00    0.00   clock clk (rise edge)
                          0.00    0.00   clock source latency
     1    0.02    0.08    0.05    0.05 ^ clk (in)
                                         clk (net)
                  0.08    0.00    0.05 ^ clkbuf_0_clk/A (sky130_fd_sc_hd__clkbuf_16)
     4    0.05    0.05    0.11    0.16 ^ clkbuf_0_clk/X (sky130_fd_sc_hd__clkbuf_16)
                                         clknet_0_clk (net)
                  0.05    0.00    0.16 ^ clkbuf_2_1__f_clk/A (sky130_fd_sc_hd__clkbuf_16)
    11    0.04    0.04    0.10    0.26 ^ clkbuf_2_1__f_clk/X (sky130_fd_sc_hd__clkbuf_16)
                                         clknet_2_1__leaf_clk (net)
                  0.04    0.00    0.26 ^ _334_/CLK (sky130_fd_sc_hd__dfrtp_4)
     5    0.04    0.10    0.30    0.56 ^ _334_/Q (sky130_fd_sc_hd__dfrtp_4)
                                         one_second_counter[4] (net)
                  0.10    0.00    0.56 ^ _203_/A (sky130_fd_sc_hd__nand2_1)
     1    0.02    0.10    0.10    0.66 v _203_/Y (sky130_fd_sc_hd__nand2_1)
                                         _096_ (net)
                  0.10    0.00    0.66 v _205_/B (sky130_fd_sc_hd__and3_1)
     1    0.01    0.04    0.14    0.80 v _205_/X (sky130_fd_sc_hd__and3_1)
                                         _098_ (net)
                  0.04    0.00    0.80 v _206_/A (sky130_fd_sc_hd__clkbuf_1)
     1    0.01    0.05    0.08    0.88 v _206_/X (sky130_fd_sc_hd__clkbuf_1)
                                         _021_ (net)
                  0.05    0.00    0.88 v _334_/D (sky130_fd_sc_hd__dfrtp_4)
                                  0.88   data arrival time

                          0.00    0.00   clock clk (rise edge)
                          0.00    0.00   clock source latency
     1    0.02    0.08    0.06    0.06 ^ clk (in)
                                         clk (net)
                  0.08    0.00    0.06 ^ clkbuf_0_clk/A (sky130_fd_sc_hd__clkbuf_16)
     4    0.05    0.05    0.12    0.18 ^ clkbuf_0_clk/X (sky130_fd_sc_hd__clkbuf_16)
                                         clknet_0_clk (net)
                  0.05    0.00    0.18 ^ clkbuf_2_1__f_clk/A (sky130_fd_sc_hd__clkbuf_16)
    11    0.04    0.04    0.11    0.29 ^ clkbuf_2_1__f_clk/X (sky130_fd_sc_hd__clkbuf_16)
                                         clknet_2_1__leaf_clk (net)
                  0.04    0.00    0.29 ^ _334_/CLK (sky130_fd_sc_hd__dfrtp_4)
                          0.25    0.54   clock uncertainty
                         -0.03    0.51   clock reconvergence pessimism
                         -0.03    0.48   library hold time
                                  0.48   data required time
-----------------------------------------------------------------------------
                                  0.48   data required time
                                 -0.88   data arrival time
-----------------------------------------------------------------------------
                                  0.41   slack (MET)


Startpoint: _346_ (rising edge-triggered flip-flop clocked by clk)
Endpoint: _346_ (rising edge-triggered flip-flop clocked by clk)
Path Group: clk
Path Type: min
Corner: Fastest

Fanout     Cap    Slew   Delay    Time   Description
-----------------------------------------------------------------------------
                          0.00    0.00   clock clk (rise edge)
                          0.00    0.00   clock source latency
     1    0.02    0.08    0.05    0.05 ^ clk (in)
                                         clk (net)
                  0.08    0.00    0.05 ^ clkbuf_0_clk/A (sky130_fd_sc_hd__clkbuf_16)
     4    0.05    0.05    0.11    0.16 ^ clkbuf_0_clk/X (sky130_fd_sc_hd__clkbuf_16)
                                         clknet_0_clk (net)
                  0.05    0.00    0.16 ^ clkbuf_2_2__f_clk/A (sky130_fd_sc_hd__clkbuf_16)
     7    0.05    0.05    0.10    0.27 ^ clkbuf_2_2__f_clk/X (sky130_fd_sc_hd__clkbuf_16)
                                         clknet_2_2__leaf_clk (net)
                  0.05    0.00    0.27 ^ _346_/CLK (sky130_fd_sc_hd__dfrtp_4)
     6    0.04    0.11    0.30    0.57 ^ _346_/Q (sky130_fd_sc_hd__dfrtp_4)
                                         one_second_counter[16] (net)
                  0.11    0.00    0.57 ^ _248_/A (sky130_fd_sc_hd__nand2_1)
     3    0.02    0.09    0.09    0.66 v _248_/Y (sky130_fd_sc_hd__nand2_1)
                                         _129_ (net)
                  0.09    0.00    0.66 v _249_/C (sky130_fd_sc_hd__and3_1)
     1    0.01    0.05    0.15    0.81 v _249_/X (sky130_fd_sc_hd__and3_1)
                                         _130_ (net)
                  0.05    0.00    0.81 v _250_/A (sky130_fd_sc_hd__clkbuf_1)
     1    0.01    0.05    0.08    0.89 v _250_/X (sky130_fd_sc_hd__clkbuf_1)
                                         _007_ (net)
                  0.05    0.00    0.89 v _346_/D (sky130_fd_sc_hd__dfrtp_4)
                                  0.89   data arrival time

                          0.00    0.00   clock clk (rise edge)
                          0.00    0.00   clock source latency
     1    0.02    0.08    0.06    0.06 ^ clk (in)
                                         clk (net)
                  0.08    0.00    0.06 ^ clkbuf_0_clk/A (sky130_fd_sc_hd__clkbuf_16)
     4    0.05    0.05    0.12    0.18 ^ clkbuf_0_clk/X (sky130_fd_sc_hd__clkbuf_16)
                                         clknet_0_clk (net)
                  0.05    0.00    0.18 ^ clkbuf_2_2__f_clk/A (sky130_fd_sc_hd__clkbuf_16)
     7    0.05    0.05    0.11    0.29 ^ clkbuf_2_2__f_clk/X (sky130_fd_sc_hd__clkbuf_16)
                                         clknet_2_2__leaf_clk (net)
                  0.05    0.00    0.30 ^ _346_/CLK (sky130_fd_sc_hd__dfrtp_4)
                          0.25    0.55   clock uncertainty
                         -0.03    0.52   clock reconvergence pessimism
                         -0.03    0.49   library hold time
                                  0.49   data required time
-----------------------------------------------------------------------------
                                  0.49   data required time
                                 -0.89   data arrival time
-----------------------------------------------------------------------------
                                  0.41   slack (MET)


Startpoint: _349_ (rising edge-triggered flip-flop clocked by clk)
Endpoint: _349_ (rising edge-triggered flip-flop clocked by clk)
Path Group: clk
Path Type: min
Corner: Fastest

Fanout     Cap    Slew   Delay    Time   Description
-----------------------------------------------------------------------------
                          0.00    0.00   clock clk (rise edge)
                          0.00    0.00   clock source latency
     1    0.02    0.08    0.05    0.05 ^ clk (in)
                                         clk (net)
                  0.08    0.00    0.05 ^ clkbuf_0_clk/A (sky130_fd_sc_hd__clkbuf_16)
     4    0.05    0.05    0.11    0.16 ^ clkbuf_0_clk/X (sky130_fd_sc_hd__clkbuf_16)
                                         clknet_0_clk (net)
                  0.05    0.00    0.16 ^ clkbuf_2_3__f_clk/A (sky130_fd_sc_hd__clkbuf_16)
     8    0.04    0.05    0.10    0.26 ^ clkbuf_2_3__f_clk/X (sky130_fd_sc_hd__clkbuf_16)
                                         clknet_2_3__leaf_clk (net)
                  0.05    0.00    0.26 ^ _349_/CLK (sky130_fd_sc_hd__dfrtp_2)
     4    0.03    0.07    0.28    0.54 v _349_/Q (sky130_fd_sc_hd__dfrtp_2)
                                         one_second_counter[19] (net)
                  0.07    0.00    0.55 v _256_/B1 (sky130_fd_sc_hd__a41o_1)
     1    0.01    0.05    0.10    0.65 v _256_/X (sky130_fd_sc_hd__a41o_1)
                                         _134_ (net)
                  0.05    0.00    0.65 v _260_/B (sky130_fd_sc_hd__and3_1)
     1    0.02    0.07    0.15    0.80 v _260_/X (sky130_fd_sc_hd__and3_1)
                                         _138_ (net)
                  0.07    0.00    0.80 v _261_/A (sky130_fd_sc_hd__buf_1)
     1    0.02    0.07    0.11    0.91 v _261_/X (sky130_fd_sc_hd__buf_1)
                                         _010_ (net)
                  0.07    0.00    0.91 v _349_/D (sky130_fd_sc_hd__dfrtp_2)
                                  0.91   data arrival time

                          0.00    0.00   clock clk (rise edge)
                          0.00    0.00   clock source latency
     1    0.02    0.08    0.06    0.06 ^ clk (in)
                                         clk (net)
                  0.08    0.00    0.06 ^ clkbuf_0_clk/A (sky130_fd_sc_hd__clkbuf_16)
     4    0.05    0.05    0.12    0.18 ^ clkbuf_0_clk/X (sky130_fd_sc_hd__clkbuf_16)
                                         clknet_0_clk (net)
                  0.05    0.00    0.18 ^ clkbuf_2_3__f_clk/A (sky130_fd_sc_hd__clkbuf_16)
     8    0.04    0.05    0.11    0.29 ^ clkbuf_2_3__f_clk/X (sky130_fd_sc_hd__clkbuf_16)
                                         clknet_2_3__leaf_clk (net)
                  0.05    0.00    0.29 ^ _349_/CLK (sky130_fd_sc_hd__dfrtp_2)
                          0.25    0.54   clock uncertainty
                         -0.03    0.51   clock reconvergence pessimism
                         -0.04    0.47   library hold time
                                  0.47   data required time
-----------------------------------------------------------------------------
                                  0.47   data required time
                                 -0.91   data arrival time
-----------------------------------------------------------------------------
                                  0.43   slack (MET)


Startpoint: _350_ (rising edge-triggered flip-flop clocked by clk)
Endpoint: _350_ (rising edge-triggered flip-flop clocked by clk)
Path Group: clk
Path Type: min
Corner: Fastest

Fanout     Cap    Slew   Delay    Time   Description
-----------------------------------------------------------------------------
                          0.00    0.00   clock clk (rise edge)
                          0.00    0.00   clock source latency
     1    0.02    0.08    0.05    0.05 ^ clk (in)
                                         clk (net)
                  0.08    0.00    0.05 ^ clkbuf_0_clk/A (sky130_fd_sc_hd__clkbuf_16)
     4    0.05    0.05    0.11    0.16 ^ clkbuf_0_clk/X (sky130_fd_sc_hd__clkbuf_16)
                                         clknet_0_clk (net)
                  0.05    0.00    0.16 ^ clkbuf_2_3__f_clk/A (sky130_fd_sc_hd__clkbuf_16)
     8    0.04    0.05    0.10    0.26 ^ clkbuf_2_3__f_clk/X (sky130_fd_sc_hd__clkbuf_16)
                                         clknet_2_3__leaf_clk (net)
                  0.05    0.00    0.26 ^ _350_/CLK (sky130_fd_sc_hd__dfrtp_2)
     4    0.04    0.14    0.28    0.55 ^ _350_/Q (sky130_fd_sc_hd__dfrtp_2)
                                         one_second_counter[20] (net)
                  0.14    0.00    0.55 ^ _263_/A (sky130_fd_sc_hd__nand2_1)
     2    0.02    0.09    0.09    0.64 v _263_/Y (sky130_fd_sc_hd__nand2_1)
                                         _140_ (net)
                  0.09    0.00    0.64 v _264_/C (sky130_fd_sc_hd__and3_1)
     1    0.02    0.09    0.18    0.83 v _264_/X (sky130_fd_sc_hd__and3_1)
                                         _141_ (net)
                  0.09    0.00    0.83 v _265_/A (sky130_fd_sc_hd__clkbuf_1)
     1    0.01    0.04    0.09    0.92 v _265_/X (sky130_fd_sc_hd__clkbuf_1)
                                         _012_ (net)
                  0.04    0.00    0.92 v _350_/D (sky130_fd_sc_hd__dfrtp_2)
                                  0.92   data arrival time

                          0.00    0.00   clock clk (rise edge)
                          0.00    0.00   clock source latency
     1    0.02    0.08    0.06    0.06 ^ clk (in)
                                         clk (net)
                  0.08    0.00    0.06 ^ clkbuf_0_clk/A (sky130_fd_sc_hd__clkbuf_16)
     4    0.05    0.05    0.12    0.18 ^ clkbuf_0_clk/X (sky130_fd_sc_hd__clkbuf_16)
                                         clknet_0_clk (net)
                  0.05    0.00    0.18 ^ clkbuf_2_3__f_clk/A (sky130_fd_sc_hd__clkbuf_16)
     8    0.04    0.05    0.11    0.29 ^ clkbuf_2_3__f_clk/X (sky130_fd_sc_hd__clkbuf_16)
                                         clknet_2_3__leaf_clk (net)
                  0.05    0.00    0.29 ^ _350_/CLK (sky130_fd_sc_hd__dfrtp_2)
                          0.25    0.54   clock uncertainty
                         -0.03    0.51   clock reconvergence pessimism
                         -0.03    0.48   library hold time
                                  0.48   data required time
-----------------------------------------------------------------------------
                                  0.48   data required time
                                 -0.92   data arrival time
-----------------------------------------------------------------------------
                                  0.44   slack (MET)


Startpoint: _342_ (rising edge-triggered flip-flop clocked by clk)
Endpoint: _342_ (rising edge-triggered flip-flop clocked by clk)
Path Group: clk
Path Type: min
Corner: Fastest

Fanout     Cap    Slew   Delay    Time   Description
-----------------------------------------------------------------------------
                          0.00    0.00   clock clk (rise edge)
                          0.00    0.00   clock source latency
     1    0.02    0.08    0.05    0.05 ^ clk (in)
                                         clk (net)
                  0.08    0.00    0.05 ^ clkbuf_0_clk/A (sky130_fd_sc_hd__clkbuf_16)
     4    0.05    0.05    0.11    0.16 ^ clkbuf_0_clk/X (sky130_fd_sc_hd__clkbuf_16)
                                         clknet_0_clk (net)
                  0.05    0.00    0.16 ^ clkbuf_2_1__f_clk/A (sky130_fd_sc_hd__clkbuf_16)
    11    0.04    0.04    0.10    0.26 ^ clkbuf_2_1__f_clk/X (sky130_fd_sc_hd__clkbuf_16)
                                         clknet_2_1__leaf_clk (net)
                  0.04    0.00    0.26 ^ _342_/CLK (sky130_fd_sc_hd__dfrtp_2)
     5    0.03    0.12    0.27    0.53 ^ _342_/Q (sky130_fd_sc_hd__dfrtp_2)
                                         one_second_counter[12] (net)
                  0.12    0.00    0.53 ^ _231_/A (sky130_fd_sc_hd__nand2_1)
     1    0.02    0.10    0.10    0.63 v _231_/Y (sky130_fd_sc_hd__nand2_1)
                                         _116_ (net)
                  0.10    0.00    0.63 v _232_/C (sky130_fd_sc_hd__and3_1)
     1    0.02    0.08    0.18    0.81 v _232_/X (sky130_fd_sc_hd__and3_1)
                                         _117_ (net)
                  0.08    0.00    0.81 v _233_/A (sky130_fd_sc_hd__buf_1)
     1    0.01    0.06    0.10    0.92 v _233_/X (sky130_fd_sc_hd__buf_1)
                                         _003_ (net)
                  0.06    0.00    0.92 v _342_/D (sky130_fd_sc_hd__dfrtp_2)
                                  0.92   data arrival time

                          0.00    0.00   clock clk (rise edge)
                          0.00    0.00   clock source latency
     1    0.02    0.08    0.06    0.06 ^ clk (in)
                                         clk (net)
                  0.08    0.00    0.06 ^ clkbuf_0_clk/A (sky130_fd_sc_hd__clkbuf_16)
     4    0.05    0.05    0.12    0.18 ^ clkbuf_0_clk/X (sky130_fd_sc_hd__clkbuf_16)
                                         clknet_0_clk (net)
                  0.05    0.00    0.18 ^ clkbuf_2_1__f_clk/A (sky130_fd_sc_hd__clkbuf_16)
    11    0.04    0.04    0.11    0.29 ^ clkbuf_2_1__f_clk/X (sky130_fd_sc_hd__clkbuf_16)
                                         clknet_2_1__leaf_clk (net)
                  0.04    0.00    0.29 ^ _342_/CLK (sky130_fd_sc_hd__dfrtp_2)
                          0.25    0.54   clock uncertainty
                         -0.03    0.51   clock reconvergence pessimism
                         -0.04    0.47   library hold time
                                  0.47   data required time
-----------------------------------------------------------------------------
                                  0.47   data required time
                                 -0.92   data arrival time
-----------------------------------------------------------------------------
                                  0.45   slack (MET)


Startpoint: _344_ (rising edge-triggered flip-flop clocked by clk)
Endpoint: _344_ (rising edge-triggered flip-flop clocked by clk)
Path Group: clk
Path Type: min
Corner: Fastest

Fanout     Cap    Slew   Delay    Time   Description
-----------------------------------------------------------------------------
                          0.00    0.00   clock clk (rise edge)
                          0.00    0.00   clock source latency
     1    0.02    0.08    0.05    0.05 ^ clk (in)
                                         clk (net)
                  0.08    0.00    0.05 ^ clkbuf_0_clk/A (sky130_fd_sc_hd__clkbuf_16)
     4    0.05    0.05    0.11    0.16 ^ clkbuf_0_clk/X (sky130_fd_sc_hd__clkbuf_16)
                                         clknet_0_clk (net)
                  0.05    0.00    0.16 ^ clkbuf_2_1__f_clk/A (sky130_fd_sc_hd__clkbuf_16)
    11    0.04    0.04    0.10    0.26 ^ clkbuf_2_1__f_clk/X (sky130_fd_sc_hd__clkbuf_16)
                                         clknet_2_1__leaf_clk (net)
                  0.04    0.00    0.26 ^ _344_/CLK (sky130_fd_sc_hd__dfrtp_1)
     3    0.02    0.09    0.27    0.53 v _344_/Q (sky130_fd_sc_hd__dfrtp_1)
                                         one_second_counter[14] (net)
                  0.09    0.00    0.53 v _238_/A (sky130_fd_sc_hd__inv_2)
     2    0.02    0.07    0.08    0.61 ^ _238_/Y (sky130_fd_sc_hd__inv_2)
                                         _121_ (net)
                  0.07    0.00    0.61 ^ _239_/A (sky130_fd_sc_hd__nand2_1)
     2    0.02    0.10    0.09    0.70 v _239_/Y (sky130_fd_sc_hd__nand2_1)
                                         _122_ (net)
                  0.10    0.00    0.70 v _241_/B (sky130_fd_sc_hd__and3_1)
     1    0.01    0.04    0.14    0.85 v _241_/X (sky130_fd_sc_hd__and3_1)
                                         _124_ (net)
                  0.04    0.00    0.85 v _242_/A (sky130_fd_sc_hd__clkbuf_1)
     1    0.01    0.05    0.08    0.93 v _242_/X (sky130_fd_sc_hd__clkbuf_1)
                                         _005_ (net)
                  0.05    0.00    0.93 v _344_/D (sky130_fd_sc_hd__dfrtp_1)
                                  0.93   data arrival time

                          0.00    0.00   clock clk (rise edge)
                          0.00    0.00   clock source latency
     1    0.02    0.08    0.06    0.06 ^ clk (in)
                                         clk (net)
                  0.08    0.00    0.06 ^ clkbuf_0_clk/A (sky130_fd_sc_hd__clkbuf_16)
     4    0.05    0.05    0.12    0.18 ^ clkbuf_0_clk/X (sky130_fd_sc_hd__clkbuf_16)
                                         clknet_0_clk (net)
                  0.05    0.00    0.18 ^ clkbuf_2_1__f_clk/A (sky130_fd_sc_hd__clkbuf_16)
    11    0.04    0.04    0.11    0.29 ^ clkbuf_2_1__f_clk/X (sky130_fd_sc_hd__clkbuf_16)
                                         clknet_2_1__leaf_clk (net)
                  0.04    0.00    0.29 ^ _344_/CLK (sky130_fd_sc_hd__dfrtp_1)
                          0.25    0.54   clock uncertainty
                         -0.03    0.51   clock reconvergence pessimism
                         -0.04    0.47   library hold time
                                  0.47   data required time
-----------------------------------------------------------------------------
                                  0.47   data required time
                                 -0.93   data arrival time
-----------------------------------------------------------------------------
                                  0.45   slack (MET)


Startpoint: _356_ (rising edge-triggered flip-flop clocked by clk)
Endpoint: _357_ (rising edge-triggered flip-flop clocked by clk)
Path Group: clk
Path Type: min
Corner: Fastest

Fanout     Cap    Slew   Delay    Time   Description
-----------------------------------------------------------------------------
                          0.00    0.00   clock clk (rise edge)
                          0.00    0.00   clock source latency
     1    0.02    0.08    0.05    0.05 ^ clk (in)
                                         clk (net)
                  0.08    0.00    0.05 ^ clkbuf_0_clk/A (sky130_fd_sc_hd__clkbuf_16)
     4    0.05    0.05    0.11    0.16 ^ clkbuf_0_clk/X (sky130_fd_sc_hd__clkbuf_16)
                                         clknet_0_clk (net)
                  0.05    0.00    0.16 ^ clkbuf_2_1__f_clk/A (sky130_fd_sc_hd__clkbuf_16)
    11    0.04    0.04    0.10    0.26 ^ clkbuf_2_1__f_clk/X (sky130_fd_sc_hd__clkbuf_16)
                                         clknet_2_1__leaf_clk (net)
                  0.04    0.00    0.26 ^ _356_/CLK (sky130_fd_sc_hd__dfrtp_1)
     2    0.02    0.11    0.25    0.51 ^ _356_/Q (sky130_fd_sc_hd__dfrtp_1)
                                         one_second_counter[26] (net)
                  0.11    0.00    0.51 ^ _187_/B1_N (sky130_fd_sc_hd__a21bo_2)
     9    0.05    0.09    0.17    0.69 v _187_/X (sky130_fd_sc_hd__a21bo_2)
                                         _085_ (net)
                  0.09    0.00    0.69 v _188_/A (sky130_fd_sc_hd__inv_2)
     2    0.02    0.09    0.10    0.79 ^ _188_/Y (sky130_fd_sc_hd__inv_2)
                                         _086_ (net)
                  0.09    0.00    0.79 ^ _189_/A (sky130_fd_sc_hd__buf_4)
    10    0.07    0.16    0.16    0.95 ^ _189_/X (sky130_fd_sc_hd__buf_4)
                                         _027_ (net)
                  0.16    0.00    0.96 ^ _357_/D (sky130_fd_sc_hd__dfrtp_4)
                                  0.96   data arrival time

                          0.00    0.00   clock clk (rise edge)
                          0.00    0.00   clock source latency
     1    0.02    0.08    0.06    0.06 ^ clk (in)
                                         clk (net)
                  0.08    0.00    0.06 ^ clkbuf_0_clk/A (sky130_fd_sc_hd__clkbuf_16)
     4    0.05    0.05    0.12    0.18 ^ clkbuf_0_clk/X (sky130_fd_sc_hd__clkbuf_16)
                                         clknet_0_clk (net)
                  0.05    0.00    0.18 ^ clkbuf_2_2__f_clk/A (sky130_fd_sc_hd__clkbuf_16)
     7    0.05    0.05    0.11    0.29 ^ clkbuf_2_2__f_clk/X (sky130_fd_sc_hd__clkbuf_16)
                                         clknet_2_2__leaf_clk (net)
                  0.05    0.00    0.30 ^ _357_/CLK (sky130_fd_sc_hd__dfrtp_4)
                          0.25    0.55   clock uncertainty
                         -0.02    0.53   clock reconvergence pessimism
                         -0.03    0.50   library hold time
                                  0.50   data required time
-----------------------------------------------------------------------------
                                  0.50   data required time
                                 -0.96   data arrival time
-----------------------------------------------------------------------------
                                  0.45   slack (MET)


Startpoint: _340_ (rising edge-triggered flip-flop clocked by clk)
Endpoint: _340_ (rising edge-triggered flip-flop clocked by clk)
Path Group: clk
Path Type: min
Corner: Fastest

Fanout     Cap    Slew   Delay    Time   Description
-----------------------------------------------------------------------------
                          0.00    0.00   clock clk (rise edge)
                          0.00    0.00   clock source latency
     1    0.02    0.08    0.05    0.05 ^ clk (in)
                                         clk (net)
                  0.08    0.00    0.05 ^ clkbuf_0_clk/A (sky130_fd_sc_hd__clkbuf_16)
     4    0.05    0.05    0.11    0.16 ^ clkbuf_0_clk/X (sky130_fd_sc_hd__clkbuf_16)
                                         clknet_0_clk (net)
                  0.05    0.00    0.16 ^ clkbuf_2_0__f_clk/A (sky130_fd_sc_hd__clkbuf_16)
     9    0.04    0.05    0.10    0.26 ^ clkbuf_2_0__f_clk/X (sky130_fd_sc_hd__clkbuf_16)
                                         clknet_2_0__leaf_clk (net)
                  0.05    0.00    0.26 ^ _340_/CLK (sky130_fd_sc_hd__dfrtp_4)
     6    0.05    0.13    0.31    0.58 ^ _340_/Q (sky130_fd_sc_hd__dfrtp_4)
                                         one_second_counter[10] (net)
                  0.13    0.00    0.58 ^ _224_/A (sky130_fd_sc_hd__nand2_1)
     1    0.01    0.06    0.07    0.65 v _224_/Y (sky130_fd_sc_hd__nand2_1)
                                         _111_ (net)
                  0.06    0.00    0.65 v _225_/C (sky130_fd_sc_hd__and3_1)
     1    0.03    0.09    0.18    0.83 v _225_/X (sky130_fd_sc_hd__and3_1)
                                         _112_ (net)
                  0.09    0.00    0.83 v _226_/A (sky130_fd_sc_hd__buf_1)
     1    0.01    0.06    0.11    0.94 v _226_/X (sky130_fd_sc_hd__buf_1)
                                         _001_ (net)
                  0.06    0.00    0.94 v _340_/D (sky130_fd_sc_hd__dfrtp_4)
                                  0.94   data arrival time

                          0.00    0.00   clock clk (rise edge)
                          0.00    0.00   clock source latency
     1    0.02    0.08    0.06    0.06 ^ clk (in)
                                         clk (net)
                  0.08    0.00    0.06 ^ clkbuf_0_clk/A (sky130_fd_sc_hd__clkbuf_16)
     4    0.05    0.05    0.12    0.18 ^ clkbuf_0_clk/X (sky130_fd_sc_hd__clkbuf_16)
                                         clknet_0_clk (net)
                  0.05    0.00    0.18 ^ clkbuf_2_0__f_clk/A (sky130_fd_sc_hd__clkbuf_16)
     9    0.04    0.05    0.11    0.29 ^ clkbuf_2_0__f_clk/X (sky130_fd_sc_hd__clkbuf_16)
                                         clknet_2_0__leaf_clk (net)
                  0.05    0.00    0.29 ^ _340_/CLK (sky130_fd_sc_hd__dfrtp_4)
                          0.25    0.54   clock uncertainty
                         -0.03    0.51   clock reconvergence pessimism
                         -0.04    0.48   library hold time
                                  0.48   data required time
-----------------------------------------------------------------------------
                                  0.48   data required time
                                 -0.94   data arrival time
-----------------------------------------------------------------------------
                                  0.46   slack (MET)


Startpoint: _352_ (rising edge-triggered flip-flop clocked by clk)
Endpoint: _352_ (rising edge-triggered flip-flop clocked by clk)
Path Group: clk
Path Type: min
Corner: Fastest

Fanout     Cap    Slew   Delay    Time   Description
-----------------------------------------------------------------------------
                          0.00    0.00   clock clk (rise edge)
                          0.00    0.00   clock source latency
     1    0.02    0.08    0.05    0.05 ^ clk (in)
                                         clk (net)
                  0.08    0.00    0.05 ^ clkbuf_0_clk/A (sky130_fd_sc_hd__clkbuf_16)
     4    0.05    0.05    0.11    0.16 ^ clkbuf_0_clk/X (sky130_fd_sc_hd__clkbuf_16)
                                         clknet_0_clk (net)
                  0.05    0.00    0.16 ^ clkbuf_2_0__f_clk/A (sky130_fd_sc_hd__clkbuf_16)
     9    0.04    0.05    0.10    0.26 ^ clkbuf_2_0__f_clk/X (sky130_fd_sc_hd__clkbuf_16)
                                         clknet_2_0__leaf_clk (net)
                  0.05    0.00    0.26 ^ _352_/CLK (sky130_fd_sc_hd__dfrtp_1)
     3    0.02    0.16    0.28    0.55 ^ _352_/Q (sky130_fd_sc_hd__dfrtp_1)
                                         one_second_counter[22] (net)
                  0.16    0.00    0.55 ^ _270_/A (sky130_fd_sc_hd__nand2_2)
     2    0.03    0.09    0.09    0.63 v _270_/Y (sky130_fd_sc_hd__nand2_2)
                                         _145_ (net)
                  0.09    0.00    0.63 v _271_/C (sky130_fd_sc_hd__and3_1)
     1    0.02    0.07    0.18    0.81 v _271_/X (sky130_fd_sc_hd__and3_1)
                                         _146_ (net)
                  0.07    0.00    0.81 v _272_/A (sky130_fd_sc_hd__buf_1)
     1    0.02    0.08    0.12    0.93 v _272_/X (sky130_fd_sc_hd__buf_1)
                                         _014_ (net)
                  0.08    0.00    0.93 v _352_/D (sky130_fd_sc_hd__dfrtp_1)
                                  0.93   data arrival time

                          0.00    0.00   clock clk (rise edge)
                          0.00    0.00   clock source latency
     1    0.02    0.08    0.06    0.06 ^ clk (in)
                                         clk (net)
                  0.08    0.00    0.06 ^ clkbuf_0_clk/A (sky130_fd_sc_hd__clkbuf_16)
     4    0.05    0.05    0.12    0.18 ^ clkbuf_0_clk/X (sky130_fd_sc_hd__clkbuf_16)
                                         clknet_0_clk (net)
                  0.05    0.00    0.18 ^ clkbuf_2_0__f_clk/A (sky130_fd_sc_hd__clkbuf_16)
     9    0.04    0.05    0.11    0.29 ^ clkbuf_2_0__f_clk/X (sky130_fd_sc_hd__clkbuf_16)
                                         clknet_2_0__leaf_clk (net)
                  0.05    0.00    0.29 ^ _352_/CLK (sky130_fd_sc_hd__dfrtp_1)
                          0.25    0.54   clock uncertainty
                         -0.03    0.51   clock reconvergence pessimism
                         -0.05    0.47   library hold time
                                  0.47   data required time
-----------------------------------------------------------------------------
                                  0.47   data required time
                                 -0.93   data arrival time
-----------------------------------------------------------------------------
                                  0.47   slack (MET)


Startpoint: rst (input port clocked by clk)
Endpoint: _360_ (removal check against rising-edge clock clk)
Path Group: asynchronous
Path Type: min
Corner: Fastest

Fanout     Cap    Slew   Delay    Time   Description
-----------------------------------------------------------------------------
                          0.00    0.00   clock clk (rise edge)
                          0.00    0.00   clock network delay (propagated)
                          2.00    2.00 v input external delay
     1    0.00    0.00    0.00    2.00 v rst (in)
                                         rst (net)
                  0.00    0.00    2.00 v input1/A (sky130_fd_sc_hd__clkbuf_4)
     5    0.07    0.10    0.14    2.14 v input1/X (sky130_fd_sc_hd__clkbuf_4)
                                         net1 (net)
                  0.10    0.00    2.14 v _328_/A (sky130_fd_sc_hd__inv_2)
     1    0.02    0.07    0.08    2.23 ^ _328_/Y (sky130_fd_sc_hd__inv_2)
                                         _058_ (net)
                  0.07    0.00    2.23 ^ _360_/RESET_B (sky130_fd_sc_hd__dfrtp_4)
                                  2.23   data arrival time

                          0.00    0.00   clock clk (rise edge)
                          0.00    0.00   clock source latency
     1    0.02    0.08    0.06    0.06 ^ clk (in)
                                         clk (net)
                  0.08    0.00    0.06 ^ clkbuf_0_clk/A (sky130_fd_sc_hd__clkbuf_16)
     4    0.05    0.05    0.12    0.18 ^ clkbuf_0_clk/X (sky130_fd_sc_hd__clkbuf_16)
                                         clknet_0_clk (net)
                  0.05    0.00    0.18 ^ clkbuf_2_3__f_clk/A (sky130_fd_sc_hd__clkbuf_16)
     8    0.04    0.05    0.11    0.29 ^ clkbuf_2_3__f_clk/X (sky130_fd_sc_hd__clkbuf_16)
                                         clknet_2_3__leaf_clk (net)
                  0.05    0.00    0.29 ^ _360_/CLK (sky130_fd_sc_hd__dfrtp_4)
                          0.25    0.54   clock uncertainty
                          0.00    0.54   clock reconvergence pessimism
                          0.21    0.75   library removal time
                                  0.75   data required time
-----------------------------------------------------------------------------
                                  0.75   data required time
                                 -2.23   data arrival time
-----------------------------------------------------------------------------
                                  1.48   slack (MET)


Startpoint: rst (input port clocked by clk)
Endpoint: _361_ (removal check against rising-edge clock clk)
Path Group: asynchronous
Path Type: min
Corner: Fastest

Fanout     Cap    Slew   Delay    Time   Description
-----------------------------------------------------------------------------
                          0.00    0.00   clock clk (rise edge)
                          0.00    0.00   clock network delay (propagated)
                          2.00    2.00 v input external delay
     1    0.00    0.00    0.00    2.00 v rst (in)
                                         rst (net)
                  0.00    0.00    2.00 v input1/A (sky130_fd_sc_hd__clkbuf_4)
     5    0.07    0.10    0.14    2.14 v input1/X (sky130_fd_sc_hd__clkbuf_4)
                                         net1 (net)
                  0.10    0.00    2.15 v _329_/A (sky130_fd_sc_hd__inv_2)
     1    0.02    0.08    0.09    2.24 ^ _329_/Y (sky130_fd_sc_hd__inv_2)
                                         _059_ (net)
                  0.08    0.00    2.24 ^ _361_/RESET_B (sky130_fd_sc_hd__dfrtp_4)
                                  2.24   data arrival time

                          0.00    0.00   clock clk (rise edge)
                          0.00    0.00   clock source latency
     1    0.02    0.08    0.06    0.06 ^ clk (in)
                                         clk (net)
                  0.08    0.00    0.06 ^ clkbuf_0_clk/A (sky130_fd_sc_hd__clkbuf_16)
     4    0.05    0.05    0.12    0.18 ^ clkbuf_0_clk/X (sky130_fd_sc_hd__clkbuf_16)
                                         clknet_0_clk (net)
                  0.05    0.00    0.18 ^ clkbuf_2_0__f_clk/A (sky130_fd_sc_hd__clkbuf_16)
     9    0.04    0.05    0.11    0.29 ^ clkbuf_2_0__f_clk/X (sky130_fd_sc_hd__clkbuf_16)
                                         clknet_2_0__leaf_clk (net)
                  0.05    0.00    0.29 ^ _361_/CLK (sky130_fd_sc_hd__dfrtp_4)
                          0.25    0.54   clock uncertainty
                          0.00    0.54   clock reconvergence pessimism
                          0.21    0.75   library removal time
                                  0.75   data required time
-----------------------------------------------------------------------------
                                  0.75   data required time
                                 -2.24   data arrival time
-----------------------------------------------------------------------------
                                  1.48   slack (MET)


Startpoint: rst (input port clocked by clk)
Endpoint: _351_ (removal check against rising-edge clock clk)
Path Group: asynchronous
Path Type: min
Corner: Fastest

Fanout     Cap    Slew   Delay    Time   Description
-----------------------------------------------------------------------------
                          0.00    0.00   clock clk (rise edge)
                          0.00    0.00   clock network delay (propagated)
                          2.00    2.00 v input external delay
     1    0.00    0.00    0.00    2.00 v rst (in)
                                         rst (net)
                  0.00    0.00    2.00 v input1/A (sky130_fd_sc_hd__clkbuf_4)
     5    0.07    0.10    0.14    2.14 v input1/X (sky130_fd_sc_hd__clkbuf_4)
                                         net1 (net)
                  0.10    0.00    2.14 v _317_/A (sky130_fd_sc_hd__clkbuf_8)
    10    0.07    0.07    0.15    2.29 v _317_/X (sky130_fd_sc_hd__clkbuf_8)
                                         _161_ (net)
                  0.07    0.00    2.29 v _319_/A (sky130_fd_sc_hd__inv_2)
     1    0.01    0.03    0.05    2.34 ^ _319_/Y (sky130_fd_sc_hd__inv_2)
                                         _049_ (net)
                  0.03    0.00    2.34 ^ _351_/RESET_B (sky130_fd_sc_hd__dfrtp_2)
                                  2.34   data arrival time

                          0.00    0.00   clock clk (rise edge)
                          0.00    0.00   clock source latency
     1    0.02    0.08    0.06    0.06 ^ clk (in)
                                         clk (net)
                  0.08    0.00    0.06 ^ clkbuf_0_clk/A (sky130_fd_sc_hd__clkbuf_16)
     4    0.05    0.05    0.12    0.18 ^ clkbuf_0_clk/X (sky130_fd_sc_hd__clkbuf_16)
                                         clknet_0_clk (net)
                  0.05    0.00    0.18 ^ clkbuf_2_2__f_clk/A (sky130_fd_sc_hd__clkbuf_16)
     7    0.05    0.05    0.11    0.29 ^ clkbuf_2_2__f_clk/X (sky130_fd_sc_hd__clkbuf_16)
                                         clknet_2_2__leaf_clk (net)
                  0.05    0.00    0.30 ^ _351_/CLK (sky130_fd_sc_hd__dfrtp_2)
                          0.25    0.55   clock uncertainty
                          0.00    0.55   clock reconvergence pessimism
                          0.20    0.75   library removal time
                                  0.75   data required time
-----------------------------------------------------------------------------
                                  0.75   data required time
                                 -2.34   data arrival time
-----------------------------------------------------------------------------
                                  1.60   slack (MET)


Startpoint: rst (input port clocked by clk)
Endpoint: _346_ (removal check against rising-edge clock clk)
Path Group: asynchronous
Path Type: min
Corner: Fastest

Fanout     Cap    Slew   Delay    Time   Description
-----------------------------------------------------------------------------
                          0.00    0.00   clock clk (rise edge)
                          0.00    0.00   clock network delay (propagated)
                          2.00    2.00 v input external delay
     1    0.00    0.00    0.00    2.00 v rst (in)
                                         rst (net)
                  0.00    0.00    2.00 v input1/A (sky130_fd_sc_hd__clkbuf_4)
     5    0.07    0.10    0.14    2.14 v input1/X (sky130_fd_sc_hd__clkbuf_4)
                                         net1 (net)
                  0.10    0.00    2.15 v _306_/A (sky130_fd_sc_hd__clkbuf_8)
    10    0.08    0.07    0.15    2.30 v _306_/X (sky130_fd_sc_hd__clkbuf_8)
                                         _160_ (net)
                  0.07    0.00    2.30 v _313_/A (sky130_fd_sc_hd__inv_2)
     1    0.01    0.03    0.05    2.35 ^ _313_/Y (sky130_fd_sc_hd__inv_2)
                                         _044_ (net)
                  0.03    0.00    2.35 ^ _346_/RESET_B (sky130_fd_sc_hd__dfrtp_4)
                                  2.35   data arrival time

                          0.00    0.00   clock clk (rise edge)
                          0.00    0.00   clock source latency
     1    0.02    0.08    0.06    0.06 ^ clk (in)
                                         clk (net)
                  0.08    0.00    0.06 ^ clkbuf_0_clk/A (sky130_fd_sc_hd__clkbuf_16)
     4    0.05    0.05    0.12    0.18 ^ clkbuf_0_clk/X (sky130_fd_sc_hd__clkbuf_16)
                                         clknet_0_clk (net)
                  0.05    0.00    0.18 ^ clkbuf_2_2__f_clk/A (sky130_fd_sc_hd__clkbuf_16)
     7    0.05    0.05    0.11    0.29 ^ clkbuf_2_2__f_clk/X (sky130_fd_sc_hd__clkbuf_16)
                                         clknet_2_2__leaf_clk (net)
                  0.05    0.00    0.30 ^ _346_/CLK (sky130_fd_sc_hd__dfrtp_4)
                          0.25    0.55   clock uncertainty
                          0.00    0.55   clock reconvergence pessimism
                          0.20    0.75   library removal time
                                  0.75   data required time
-----------------------------------------------------------------------------
                                  0.75   data required time
                                 -2.35   data arrival time
-----------------------------------------------------------------------------
                                  1.60   slack (MET)


Startpoint: rst (input port clocked by clk)
Endpoint: _357_ (removal check against rising-edge clock clk)
Path Group: asynchronous
Path Type: min
Corner: Fastest

Fanout     Cap    Slew   Delay    Time   Description
-----------------------------------------------------------------------------
                          0.00    0.00   clock clk (rise edge)
                          0.00    0.00   clock network delay (propagated)
                          2.00    2.00 v input external delay
     1    0.00    0.00    0.00    2.00 v rst (in)
                                         rst (net)
                  0.00    0.00    2.00 v input1/A (sky130_fd_sc_hd__clkbuf_4)
     5    0.07    0.10    0.14    2.14 v input1/X (sky130_fd_sc_hd__clkbuf_4)
                                         net1 (net)
                  0.10    0.00    2.14 v _317_/A (sky130_fd_sc_hd__clkbuf_8)
    10    0.07    0.07    0.15    2.29 v _317_/X (sky130_fd_sc_hd__clkbuf_8)
                                         _161_ (net)
                  0.07    0.00    2.30 v _325_/A (sky130_fd_sc_hd__inv_2)
     1    0.01    0.04    0.05    2.35 ^ _325_/Y (sky130_fd_sc_hd__inv_2)
                                         _055_ (net)
                  0.04    0.00    2.35 ^ _357_/RESET_B (sky130_fd_sc_hd__dfrtp_4)
                                  2.35   data arrival time

                          0.00    0.00   clock clk (rise edge)
                          0.00    0.00   clock source latency
     1    0.02    0.08    0.06    0.06 ^ clk (in)
                                         clk (net)
                  0.08    0.00    0.06 ^ clkbuf_0_clk/A (sky130_fd_sc_hd__clkbuf_16)
     4    0.05    0.05    0.12    0.18 ^ clkbuf_0_clk/X (sky130_fd_sc_hd__clkbuf_16)
                                         clknet_0_clk (net)
                  0.05    0.00    0.18 ^ clkbuf_2_2__f_clk/A (sky130_fd_sc_hd__clkbuf_16)
     7    0.05    0.05    0.11    0.29 ^ clkbuf_2_2__f_clk/X (sky130_fd_sc_hd__clkbuf_16)
                                         clknet_2_2__leaf_clk (net)
                  0.05    0.00    0.30 ^ _357_/CLK (sky130_fd_sc_hd__dfrtp_4)
                          0.25    0.55   clock uncertainty
                          0.00    0.55   clock reconvergence pessimism
                          0.20    0.75   library removal time
                                  0.75   data required time
-----------------------------------------------------------------------------
                                  0.75   data required time
                                 -2.35   data arrival time
-----------------------------------------------------------------------------
                                  1.60   slack (MET)


Startpoint: rst (input port clocked by clk)
Endpoint: _345_ (removal check against rising-edge clock clk)
Path Group: asynchronous
Path Type: min
Corner: Fastest

Fanout     Cap    Slew   Delay    Time   Description
-----------------------------------------------------------------------------
                          0.00    0.00   clock clk (rise edge)
                          0.00    0.00   clock network delay (propagated)
                          2.00    2.00 v input external delay
     1    0.00    0.00    0.00    2.00 v rst (in)
                                         rst (net)
                  0.00    0.00    2.00 v input1/A (sky130_fd_sc_hd__clkbuf_4)
     5    0.07    0.10    0.14    2.14 v input1/X (sky130_fd_sc_hd__clkbuf_4)
                                         net1 (net)
                  0.10    0.00    2.15 v _306_/A (sky130_fd_sc_hd__clkbuf_8)
    10    0.08    0.07    0.15    2.30 v _306_/X (sky130_fd_sc_hd__clkbuf_8)
                                         _160_ (net)
                  0.07    0.01    2.30 v _312_/A (sky130_fd_sc_hd__inv_2)
     1    0.00    0.03    0.04    2.35 ^ _312_/Y (sky130_fd_sc_hd__inv_2)
                                         _043_ (net)
                  0.03    0.00    2.35 ^ _345_/RESET_B (sky130_fd_sc_hd__dfrtp_2)
                                  2.35   data arrival time

                          0.00    0.00   clock clk (rise edge)
                          0.00    0.00   clock source latency
     1    0.02    0.08    0.06    0.06 ^ clk (in)
                                         clk (net)
                  0.08    0.00    0.06 ^ clkbuf_0_clk/A (sky130_fd_sc_hd__clkbuf_16)
     4    0.05    0.05    0.12    0.18 ^ clkbuf_0_clk/X (sky130_fd_sc_hd__clkbuf_16)
                                         clknet_0_clk (net)
                  0.05    0.00    0.18 ^ clkbuf_2_3__f_clk/A (sky130_fd_sc_hd__clkbuf_16)
     8    0.04    0.05    0.11    0.29 ^ clkbuf_2_3__f_clk/X (sky130_fd_sc_hd__clkbuf_16)
                                         clknet_2_3__leaf_clk (net)
                  0.05    0.00    0.29 ^ _345_/CLK (sky130_fd_sc_hd__dfrtp_2)
                          0.25    0.54   clock uncertainty
                          0.00    0.54   clock reconvergence pessimism
                          0.20    0.74   library removal time
                                  0.74   data required time
-----------------------------------------------------------------------------
                                  0.74   data required time
                                 -2.35   data arrival time
-----------------------------------------------------------------------------
                                  1.61   slack (MET)


Startpoint: rst (input port clocked by clk)
Endpoint: _353_ (removal check against rising-edge clock clk)
Path Group: asynchronous
Path Type: min
Corner: Fastest

Fanout     Cap    Slew   Delay    Time   Description
-----------------------------------------------------------------------------
                          0.00    0.00   clock clk (rise edge)
                          0.00    0.00   clock network delay (propagated)
                          2.00    2.00 v input external delay
     1    0.00    0.00    0.00    2.00 v rst (in)
                                         rst (net)
                  0.00    0.00    2.00 v input1/A (sky130_fd_sc_hd__clkbuf_4)
     5    0.07    0.10    0.14    2.14 v input1/X (sky130_fd_sc_hd__clkbuf_4)
                                         net1 (net)
                  0.10    0.00    2.14 v _317_/A (sky130_fd_sc_hd__clkbuf_8)
    10    0.07    0.07    0.15    2.29 v _317_/X (sky130_fd_sc_hd__clkbuf_8)
                                         _161_ (net)
                  0.07    0.00    2.30 v _321_/A (sky130_fd_sc_hd__inv_2)
     1    0.01    0.04    0.05    2.35 ^ _321_/Y (sky130_fd_sc_hd__inv_2)
                                         _051_ (net)
                  0.04    0.00    2.35 ^ _353_/RESET_B (sky130_fd_sc_hd__dfrtp_1)
                                  2.35   data arrival time

                          0.00    0.00   clock clk (rise edge)
                          0.00    0.00   clock source latency
     1    0.02    0.08    0.06    0.06 ^ clk (in)
                                         clk (net)
                  0.08    0.00    0.06 ^ clkbuf_0_clk/A (sky130_fd_sc_hd__clkbuf_16)
     4    0.05    0.05    0.12    0.18 ^ clkbuf_0_clk/X (sky130_fd_sc_hd__clkbuf_16)
                                         clknet_0_clk (net)
                  0.05    0.00    0.18 ^ clkbuf_2_1__f_clk/A (sky130_fd_sc_hd__clkbuf_16)
    11    0.04    0.04    0.11    0.29 ^ clkbuf_2_1__f_clk/X (sky130_fd_sc_hd__clkbuf_16)
                                         clknet_2_1__leaf_clk (net)
                  0.04    0.00    0.29 ^ _353_/CLK (sky130_fd_sc_hd__dfrtp_1)
                          0.25    0.54   clock uncertainty
                          0.00    0.54   clock reconvergence pessimism
                          0.20    0.74   library removal time
                                  0.74   data required time
-----------------------------------------------------------------------------
                                  0.74   data required time
                                 -2.35   data arrival time
-----------------------------------------------------------------------------
                                  1.61   slack (MET)


Startpoint: rst (input port clocked by clk)
Endpoint: _331_ (removal check against rising-edge clock clk)
Path Group: asynchronous
Path Type: min
Corner: Fastest

Fanout     Cap    Slew   Delay    Time   Description
-----------------------------------------------------------------------------
                          0.00    0.00   clock clk (rise edge)
                          0.00    0.00   clock network delay (propagated)
                          2.00    2.00 v input external delay
     1    0.00    0.00    0.00    2.00 v rst (in)
                                         rst (net)
                  0.00    0.00    2.00 v input1/A (sky130_fd_sc_hd__clkbuf_4)
     5    0.07    0.10    0.14    2.14 v input1/X (sky130_fd_sc_hd__clkbuf_4)
                                         net1 (net)
                  0.10    0.00    2.14 v _295_/A (sky130_fd_sc_hd__buf_4)
    10    0.08    0.08    0.16    2.31 v _295_/X (sky130_fd_sc_hd__buf_4)
                                         _159_ (net)
                  0.08    0.00    2.31 v _297_/A (sky130_fd_sc_hd__inv_2)
     1    0.01    0.04    0.06    2.36 ^ _297_/Y (sky130_fd_sc_hd__inv_2)
                                         _029_ (net)
                  0.04    0.00    2.36 ^ _331_/RESET_B (sky130_fd_sc_hd__dfrtp_4)
                                  2.36   data arrival time

                          0.00    0.00   clock clk (rise edge)
                          0.00    0.00   clock source latency
     1    0.02    0.08    0.06    0.06 ^ clk (in)
                                         clk (net)
                  0.08    0.00    0.06 ^ clkbuf_0_clk/A (sky130_fd_sc_hd__clkbuf_16)
     4    0.05    0.05    0.12    0.18 ^ clkbuf_0_clk/X (sky130_fd_sc_hd__clkbuf_16)
                                         clknet_0_clk (net)
                  0.05    0.00    0.18 ^ clkbuf_2_2__f_clk/A (sky130_fd_sc_hd__clkbuf_16)
     7    0.05    0.05    0.11    0.29 ^ clkbuf_2_2__f_clk/X (sky130_fd_sc_hd__clkbuf_16)
                                         clknet_2_2__leaf_clk (net)
                  0.05    0.00    0.30 ^ _331_/CLK (sky130_fd_sc_hd__dfrtp_4)
                          0.25    0.55   clock uncertainty
                          0.00    0.55   clock reconvergence pessimism
                          0.20    0.75   library removal time
                                  0.75   data required time
-----------------------------------------------------------------------------
                                  0.75   data required time
                                 -2.36   data arrival time
-----------------------------------------------------------------------------
                                  1.61   slack (MET)


Startpoint: rst (input port clocked by clk)
Endpoint: _358_ (removal check against rising-edge clock clk)
Path Group: asynchronous
Path Type: min
Corner: Fastest

Fanout     Cap    Slew   Delay    Time   Description
-----------------------------------------------------------------------------
                          0.00    0.00   clock clk (rise edge)
                          0.00    0.00   clock network delay (propagated)
                          2.00    2.00 v input external delay
     1    0.00    0.00    0.00    2.00 v rst (in)
                                         rst (net)
                  0.00    0.00    2.00 v input1/A (sky130_fd_sc_hd__clkbuf_4)
     5    0.07    0.10    0.14    2.14 v input1/X (sky130_fd_sc_hd__clkbuf_4)
                                         net1 (net)
                  0.10    0.00    2.14 v _317_/A (sky130_fd_sc_hd__clkbuf_8)
    10    0.07    0.07    0.15    2.29 v _317_/X (sky130_fd_sc_hd__clkbuf_8)
                                         _161_ (net)
                  0.07    0.00    2.30 v _326_/A (sky130_fd_sc_hd__inv_2)
     1    0.02    0.06    0.07    2.37 ^ _326_/Y (sky130_fd_sc_hd__inv_2)
                                         _056_ (net)
                  0.06    0.00    2.37 ^ _358_/RESET_B (sky130_fd_sc_hd__dfrtp_4)
                                  2.37   data arrival time

                          0.00    0.00   clock clk (rise edge)
                          0.00    0.00   clock source latency
     1    0.02    0.08    0.06    0.06 ^ clk (in)
                                         clk (net)
                  0.08    0.00    0.06 ^ clkbuf_0_clk/A (sky130_fd_sc_hd__clkbuf_16)
     4    0.05    0.05    0.12    0.18 ^ clkbuf_0_clk/X (sky130_fd_sc_hd__clkbuf_16)
                                         clknet_0_clk (net)
                  0.05    0.00    0.18 ^ clkbuf_2_2__f_clk/A (sky130_fd_sc_hd__clkbuf_16)
     7    0.05    0.05    0.11    0.29 ^ clkbuf_2_2__f_clk/X (sky130_fd_sc_hd__clkbuf_16)
                                         clknet_2_2__leaf_clk (net)
                  0.05    0.00    0.30 ^ _358_/CLK (sky130_fd_sc_hd__dfrtp_4)
                          0.25    0.55   clock uncertainty
                          0.00    0.55   clock reconvergence pessimism
                          0.21    0.76   library removal time
                                  0.76   data required time
-----------------------------------------------------------------------------
                                  0.76   data required time
                                 -2.37   data arrival time
-----------------------------------------------------------------------------
                                  1.61   slack (MET)


Startpoint: rst (input port clocked by clk)
Endpoint: _352_ (removal check against rising-edge clock clk)
Path Group: asynchronous
Path Type: min
Corner: Fastest

Fanout     Cap    Slew   Delay    Time   Description
-----------------------------------------------------------------------------
                          0.00    0.00   clock clk (rise edge)
                          0.00    0.00   clock network delay (propagated)
                          2.00    2.00 v input external delay
     1    0.00    0.00    0.00    2.00 v rst (in)
                                         rst (net)
                  0.00    0.00    2.00 v input1/A (sky130_fd_sc_hd__clkbuf_4)
     5    0.07    0.10    0.14    2.14 v input1/X (sky130_fd_sc_hd__clkbuf_4)
                                         net1 (net)
                  0.10    0.00    2.14 v _317_/A (sky130_fd_sc_hd__clkbuf_8)
    10    0.07    0.07    0.15    2.29 v _317_/X (sky130_fd_sc_hd__clkbuf_8)
                                         _161_ (net)
                  0.07    0.00    2.29 v _320_/A (sky130_fd_sc_hd__inv_2)
     1    0.01    0.06    0.07    2.36 ^ _320_/Y (sky130_fd_sc_hd__inv_2)
                                         _050_ (net)
                  0.06    0.00    2.36 ^ _352_/RESET_B (sky130_fd_sc_hd__dfrtp_1)
                                  2.36   data arrival time

                          0.00    0.00   clock clk (rise edge)
                          0.00    0.00   clock source latency
     1    0.02    0.08    0.06    0.06 ^ clk (in)
                                         clk (net)
                  0.08    0.00    0.06 ^ clkbuf_0_clk/A (sky130_fd_sc_hd__clkbuf_16)
     4    0.05    0.05    0.12    0.18 ^ clkbuf_0_clk/X (sky130_fd_sc_hd__clkbuf_16)
                                         clknet_0_clk (net)
                  0.05    0.00    0.18 ^ clkbuf_2_0__f_clk/A (sky130_fd_sc_hd__clkbuf_16)
     9    0.04    0.05    0.11    0.29 ^ clkbuf_2_0__f_clk/X (sky130_fd_sc_hd__clkbuf_16)
                                         clknet_2_0__leaf_clk (net)
                  0.05    0.00    0.29 ^ _352_/CLK (sky130_fd_sc_hd__dfrtp_1)
                          0.25    0.54   clock uncertainty
                          0.00    0.54   clock reconvergence pessimism
                          0.21    0.75   library removal time
                                  0.75   data required time
-----------------------------------------------------------------------------
                                  0.75   data required time
                                 -2.36   data arrival time
-----------------------------------------------------------------------------
                                  1.61   slack (MET)


Startpoint: rst (input port clocked by clk)
Endpoint: _342_ (removal check against rising-edge clock clk)
Path Group: asynchronous
Path Type: min
Corner: Fastest

Fanout     Cap    Slew   Delay    Time   Description
-----------------------------------------------------------------------------
                          0.00    0.00   clock clk (rise edge)
                          0.00    0.00   clock network delay (propagated)
                          2.00    2.00 v input external delay
     1    0.00    0.00    0.00    2.00 v rst (in)
                                         rst (net)
                  0.00    0.00    2.00 v input1/A (sky130_fd_sc_hd__clkbuf_4)
     5    0.07    0.10    0.14    2.14 v input1/X (sky130_fd_sc_hd__clkbuf_4)
                                         net1 (net)
                  0.10    0.00    2.15 v _306_/A (sky130_fd_sc_hd__clkbuf_8)
    10    0.08    0.07    0.15    2.30 v _306_/X (sky130_fd_sc_hd__clkbuf_8)
                                         _160_ (net)
                  0.07    0.01    2.30 v _309_/A (sky130_fd_sc_hd__inv_2)
     1    0.01    0.04    0.05    2.35 ^ _309_/Y (sky130_fd_sc_hd__inv_2)
                                         _040_ (net)
                  0.04    0.00    2.35 ^ _342_/RESET_B (sky130_fd_sc_hd__dfrtp_2)
                                  2.35   data arrival time

                          0.00    0.00   clock clk (rise edge)
                          0.00    0.00   clock source latency
     1    0.02    0.08    0.06    0.06 ^ clk (in)
                                         clk (net)
                  0.08    0.00    0.06 ^ clkbuf_0_clk/A (sky130_fd_sc_hd__clkbuf_16)
     4    0.05    0.05    0.12    0.18 ^ clkbuf_0_clk/X (sky130_fd_sc_hd__clkbuf_16)
                                         clknet_0_clk (net)
                  0.05    0.00    0.18 ^ clkbuf_2_1__f_clk/A (sky130_fd_sc_hd__clkbuf_16)
    11    0.04    0.04    0.11    0.29 ^ clkbuf_2_1__f_clk/X (sky130_fd_sc_hd__clkbuf_16)
                                         clknet_2_1__leaf_clk (net)
                  0.04    0.00    0.29 ^ _342_/CLK (sky130_fd_sc_hd__dfrtp_2)
                          0.25    0.54   clock uncertainty
                          0.00    0.54   clock reconvergence pessimism
                          0.20    0.74   library removal time
                                  0.74   data required time
-----------------------------------------------------------------------------
                                  0.74   data required time
                                 -2.35   data arrival time
-----------------------------------------------------------------------------
                                  1.61   slack (MET)


Startpoint: rst (input port clocked by clk)
Endpoint: _359_ (removal check against rising-edge clock clk)
Path Group: asynchronous
Path Type: min
Corner: Fastest

Fanout     Cap    Slew   Delay    Time   Description
-----------------------------------------------------------------------------
                          0.00    0.00   clock clk (rise edge)
                          0.00    0.00   clock network delay (propagated)
                          2.00    2.00 v input external delay
     1    0.00    0.00    0.00    2.00 v rst (in)
                                         rst (net)
                  0.00    0.00    2.00 v input1/A (sky130_fd_sc_hd__clkbuf_4)
     5    0.07    0.10    0.14    2.14 v input1/X (sky130_fd_sc_hd__clkbuf_4)
                                         net1 (net)
                  0.10    0.00    2.14 v _317_/A (sky130_fd_sc_hd__clkbuf_8)
    10    0.07    0.07    0.15    2.29 v _317_/X (sky130_fd_sc_hd__clkbuf_8)
                                         _161_ (net)
                  0.07    0.00    2.30 v _327_/A (sky130_fd_sc_hd__inv_2)
     1    0.01    0.05    0.07    2.36 ^ _327_/Y (sky130_fd_sc_hd__inv_2)
                                         _057_ (net)
                  0.05    0.00    2.36 ^ _359_/RESET_B (sky130_fd_sc_hd__dfrtp_4)
                                  2.36   data arrival time

                          0.00    0.00   clock clk (rise edge)
                          0.00    0.00   clock source latency
     1    0.02    0.08    0.06    0.06 ^ clk (in)
                                         clk (net)
                  0.08    0.00    0.06 ^ clkbuf_0_clk/A (sky130_fd_sc_hd__clkbuf_16)
     4    0.05    0.05    0.12    0.18 ^ clkbuf_0_clk/X (sky130_fd_sc_hd__clkbuf_16)
                                         clknet_0_clk (net)
                  0.05    0.00    0.18 ^ clkbuf_2_0__f_clk/A (sky130_fd_sc_hd__clkbuf_16)
     9    0.04    0.05    0.11    0.29 ^ clkbuf_2_0__f_clk/X (sky130_fd_sc_hd__clkbuf_16)
                                         clknet_2_0__leaf_clk (net)
                  0.05    0.00    0.29 ^ _359_/CLK (sky130_fd_sc_hd__dfrtp_4)
                          0.25    0.54   clock uncertainty
                          0.00    0.54   clock reconvergence pessimism
                          0.21    0.75   library removal time
                                  0.75   data required time
-----------------------------------------------------------------------------
                                  0.75   data required time
                                 -2.36   data arrival time
-----------------------------------------------------------------------------
                                  1.61   slack (MET)


Startpoint: rst (input port clocked by clk)
Endpoint: _335_ (removal check against rising-edge clock clk)
Path Group: asynchronous
Path Type: min
Corner: Fastest

Fanout     Cap    Slew   Delay    Time   Description
-----------------------------------------------------------------------------
                          0.00    0.00   clock clk (rise edge)
                          0.00    0.00   clock network delay (propagated)
                          2.00    2.00 v input external delay
     1    0.00    0.00    0.00    2.00 v rst (in)
                                         rst (net)
                  0.00    0.00    2.00 v input1/A (sky130_fd_sc_hd__clkbuf_4)
     5    0.07    0.10    0.14    2.14 v input1/X (sky130_fd_sc_hd__clkbuf_4)
                                         net1 (net)
                  0.10    0.00    2.14 v _295_/A (sky130_fd_sc_hd__buf_4)
    10    0.08    0.08    0.16    2.31 v _295_/X (sky130_fd_sc_hd__buf_4)
                                         _159_ (net)
                  0.08    0.00    2.31 v _301_/A (sky130_fd_sc_hd__inv_2)
     1    0.01    0.04    0.05    2.36 ^ _301_/Y (sky130_fd_sc_hd__inv_2)
                                         _033_ (net)
                  0.04    0.00    2.36 ^ _335_/RESET_B (sky130_fd_sc_hd__dfrtp_2)
                                  2.36   data arrival time

                          0.00    0.00   clock clk (rise edge)
                          0.00    0.00   clock source latency
     1    0.02    0.08    0.06    0.06 ^ clk (in)
                                         clk (net)
                  0.08    0.00    0.06 ^ clkbuf_0_clk/A (sky130_fd_sc_hd__clkbuf_16)
     4    0.05    0.05    0.12    0.18 ^ clkbuf_0_clk/X (sky130_fd_sc_hd__clkbuf_16)
                                         clknet_0_clk (net)
                  0.05    0.00    0.18 ^ clkbuf_2_2__f_clk/A (sky130_fd_sc_hd__clkbuf_16)
     7    0.05    0.05    0.11    0.29 ^ clkbuf_2_2__f_clk/X (sky130_fd_sc_hd__clkbuf_16)
                                         clknet_2_2__leaf_clk (net)
                  0.05    0.00    0.29 ^ _335_/CLK (sky130_fd_sc_hd__dfrtp_2)
                          0.25    0.54   clock uncertainty
                          0.00    0.54   clock reconvergence pessimism
                          0.20    0.75   library removal time
                                  0.75   data required time
-----------------------------------------------------------------------------
                                  0.75   data required time
                                 -2.36   data arrival time
-----------------------------------------------------------------------------
                                  1.61   slack (MET)


Startpoint: rst (input port clocked by clk)
Endpoint: _341_ (removal check against rising-edge clock clk)
Path Group: asynchronous
Path Type: min
Corner: Fastest

Fanout     Cap    Slew   Delay    Time   Description
-----------------------------------------------------------------------------
                          0.00    0.00   clock clk (rise edge)
                          0.00    0.00   clock network delay (propagated)
                          2.00    2.00 v input external delay
     1    0.00    0.00    0.00    2.00 v rst (in)
                                         rst (net)
                  0.00    0.00    2.00 v input1/A (sky130_fd_sc_hd__clkbuf_4)
     5    0.07    0.10    0.14    2.14 v input1/X (sky130_fd_sc_hd__clkbuf_4)
                                         net1 (net)
                  0.10    0.00    2.15 v _306_/A (sky130_fd_sc_hd__clkbuf_8)
    10    0.08    0.07    0.15    2.30 v _306_/X (sky130_fd_sc_hd__clkbuf_8)
                                         _160_ (net)
                  0.07    0.01    2.30 v _308_/A (sky130_fd_sc_hd__inv_2)
     1    0.01    0.05    0.06    2.36 ^ _308_/Y (sky130_fd_sc_hd__inv_2)
                                         _039_ (net)
                  0.05    0.00    2.36 ^ _341_/RESET_B (sky130_fd_sc_hd__dfrtp_4)
                                  2.36   data arrival time

                          0.00    0.00   clock clk (rise edge)
                          0.00    0.00   clock source latency
     1    0.02    0.08    0.06    0.06 ^ clk (in)
                                         clk (net)
                  0.08    0.00    0.06 ^ clkbuf_0_clk/A (sky130_fd_sc_hd__clkbuf_16)
     4    0.05    0.05    0.12    0.18 ^ clkbuf_0_clk/X (sky130_fd_sc_hd__clkbuf_16)
                                         clknet_0_clk (net)
                  0.05    0.00    0.18 ^ clkbuf_2_0__f_clk/A (sky130_fd_sc_hd__clkbuf_16)
     9    0.04    0.05    0.11    0.29 ^ clkbuf_2_0__f_clk/X (sky130_fd_sc_hd__clkbuf_16)
                                         clknet_2_0__leaf_clk (net)
                  0.05    0.00    0.29 ^ _341_/CLK (sky130_fd_sc_hd__dfrtp_4)
                          0.25    0.54   clock uncertainty
                          0.00    0.54   clock reconvergence pessimism
                          0.20    0.75   library removal time
                                  0.75   data required time
-----------------------------------------------------------------------------
                                  0.75   data required time
                                 -2.36   data arrival time
-----------------------------------------------------------------------------
                                  1.62   slack (MET)


Startpoint: rst (input port clocked by clk)
Endpoint: _355_ (removal check against rising-edge clock clk)
Path Group: asynchronous
Path Type: min
Corner: Fastest

Fanout     Cap    Slew   Delay    Time   Description
-----------------------------------------------------------------------------
                          0.00    0.00   clock clk (rise edge)
                          0.00    0.00   clock network delay (propagated)
                          2.00    2.00 v input external delay
     1    0.00    0.00    0.00    2.00 v rst (in)
                                         rst (net)
                  0.00    0.00    2.00 v input1/A (sky130_fd_sc_hd__clkbuf_4)
     5    0.07    0.10    0.14    2.14 v input1/X (sky130_fd_sc_hd__clkbuf_4)
                                         net1 (net)
                  0.10    0.00    2.14 v _317_/A (sky130_fd_sc_hd__clkbuf_8)
    10    0.07    0.07    0.15    2.29 v _317_/X (sky130_fd_sc_hd__clkbuf_8)
                                         _161_ (net)
                  0.07    0.00    2.30 v _323_/A (sky130_fd_sc_hd__inv_2)
     1    0.01    0.05    0.06    2.36 ^ _323_/Y (sky130_fd_sc_hd__inv_2)
                                         _053_ (net)
                  0.05    0.00    2.36 ^ _355_/RESET_B (sky130_fd_sc_hd__dfrtp_4)
                                  2.36   data arrival time

                          0.00    0.00   clock clk (rise edge)
                          0.00    0.00   clock source latency
     1    0.02    0.08    0.06    0.06 ^ clk (in)
                                         clk (net)
                  0.08    0.00    0.06 ^ clkbuf_0_clk/A (sky130_fd_sc_hd__clkbuf_16)
     4    0.05    0.05    0.12    0.18 ^ clkbuf_0_clk/X (sky130_fd_sc_hd__clkbuf_16)
                                         clknet_0_clk (net)
                  0.05    0.00    0.18 ^ clkbuf_2_1__f_clk/A (sky130_fd_sc_hd__clkbuf_16)
    11    0.04    0.04    0.11    0.29 ^ clkbuf_2_1__f_clk/X (sky130_fd_sc_hd__clkbuf_16)
                                         clknet_2_1__leaf_clk (net)
                  0.04    0.00    0.29 ^ _355_/CLK (sky130_fd_sc_hd__dfrtp_4)
                          0.25    0.54   clock uncertainty
                          0.00    0.54   clock reconvergence pessimism
                          0.21    0.74   library removal time
                                  0.74   data required time
-----------------------------------------------------------------------------
                                  0.74   data required time
                                 -2.36   data arrival time
-----------------------------------------------------------------------------
                                  1.62   slack (MET)


Startpoint: rst (input port clocked by clk)
Endpoint: _354_ (removal check against rising-edge clock clk)
Path Group: asynchronous
Path Type: min
Corner: Fastest

Fanout     Cap    Slew   Delay    Time   Description
-----------------------------------------------------------------------------
                          0.00    0.00   clock clk (rise edge)
                          0.00    0.00   clock network delay (propagated)
                          2.00    2.00 v input external delay
     1    0.00    0.00    0.00    2.00 v rst (in)
                                         rst (net)
                  0.00    0.00    2.00 v input1/A (sky130_fd_sc_hd__clkbuf_4)
     5    0.07    0.10    0.14    2.14 v input1/X (sky130_fd_sc_hd__clkbuf_4)
                                         net1 (net)
                  0.10    0.00    2.14 v _317_/A (sky130_fd_sc_hd__clkbuf_8)
    10    0.07    0.07    0.15    2.29 v _317_/X (sky130_fd_sc_hd__clkbuf_8)
                                         _161_ (net)
                  0.07    0.00    2.30 v _322_/A (sky130_fd_sc_hd__inv_2)
     1    0.01    0.06    0.07    2.36 ^ _322_/Y (sky130_fd_sc_hd__inv_2)
                                         _052_ (net)
                  0.06    0.00    2.36 ^ _354_/RESET_B (sky130_fd_sc_hd__dfrtp_4)
                                  2.36   data arrival time

                          0.00    0.00   clock clk (rise edge)
                          0.00    0.00   clock source latency
     1    0.02    0.08    0.06    0.06 ^ clk (in)
                                         clk (net)
                  0.08    0.00    0.06 ^ clkbuf_0_clk/A (sky130_fd_sc_hd__clkbuf_16)
     4    0.05    0.05    0.12    0.18 ^ clkbuf_0_clk/X (sky130_fd_sc_hd__clkbuf_16)
                                         clknet_0_clk (net)
                  0.05    0.00    0.18 ^ clkbuf_2_3__f_clk/A (sky130_fd_sc_hd__clkbuf_16)
     8    0.04    0.05    0.11    0.29 ^ clkbuf_2_3__f_clk/X (sky130_fd_sc_hd__clkbuf_16)
                                         clknet_2_3__leaf_clk (net)
                  0.05    0.00    0.29 ^ _354_/CLK (sky130_fd_sc_hd__dfrtp_4)
                          0.25    0.54   clock uncertainty
                          0.00    0.54   clock reconvergence pessimism
                          0.21    0.75   library removal time
                                  0.75   data required time
-----------------------------------------------------------------------------
                                  0.75   data required time
                                 -2.36   data arrival time
-----------------------------------------------------------------------------
                                  1.62   slack (MET)


Startpoint: rst (input port clocked by clk)
Endpoint: _349_ (removal check against rising-edge clock clk)
Path Group: asynchronous
Path Type: min
Corner: Fastest

Fanout     Cap    Slew   Delay    Time   Description
-----------------------------------------------------------------------------
                          0.00    0.00   clock clk (rise edge)
                          0.00    0.00   clock network delay (propagated)
                          2.00    2.00 v input external delay
     1    0.00    0.00    0.00    2.00 v rst (in)
                                         rst (net)
                  0.00    0.00    2.00 v input1/A (sky130_fd_sc_hd__clkbuf_4)
     5    0.07    0.10    0.14    2.14 v input1/X (sky130_fd_sc_hd__clkbuf_4)
                                         net1 (net)
                  0.10    0.00    2.15 v _306_/A (sky130_fd_sc_hd__clkbuf_8)
    10    0.08    0.07    0.15    2.30 v _306_/X (sky130_fd_sc_hd__clkbuf_8)
                                         _160_ (net)
                  0.07    0.00    2.30 v _316_/A (sky130_fd_sc_hd__inv_2)
     1    0.01    0.05    0.07    2.37 ^ _316_/Y (sky130_fd_sc_hd__inv_2)
                                         _047_ (net)
                  0.05    0.00    2.37 ^ _349_/RESET_B (sky130_fd_sc_hd__dfrtp_2)
                                  2.37   data arrival time

                          0.00    0.00   clock clk (rise edge)
                          0.00    0.00   clock source latency
     1    0.02    0.08    0.06    0.06 ^ clk (in)
                                         clk (net)
                  0.08    0.00    0.06 ^ clkbuf_0_clk/A (sky130_fd_sc_hd__clkbuf_16)
     4    0.05    0.05    0.12    0.18 ^ clkbuf_0_clk/X (sky130_fd_sc_hd__clkbuf_16)
                                         clknet_0_clk (net)
                  0.05    0.00    0.18 ^ clkbuf_2_3__f_clk/A (sky130_fd_sc_hd__clkbuf_16)
     8    0.04    0.05    0.11    0.29 ^ clkbuf_2_3__f_clk/X (sky130_fd_sc_hd__clkbuf_16)
                                         clknet_2_3__leaf_clk (net)
                  0.05    0.00    0.29 ^ _349_/CLK (sky130_fd_sc_hd__dfrtp_2)
                          0.25    0.54   clock uncertainty
                          0.00    0.54   clock reconvergence pessimism
                          0.21    0.75   library removal time
                                  0.75   data required time
-----------------------------------------------------------------------------
                                  0.75   data required time
                                 -2.37   data arrival time
-----------------------------------------------------------------------------
                                  1.62   slack (MET)


Startpoint: rst (input port clocked by clk)
Endpoint: _350_ (removal check against rising-edge clock clk)
Path Group: asynchronous
Path Type: min
Corner: Fastest

Fanout     Cap    Slew   Delay    Time   Description
-----------------------------------------------------------------------------
                          0.00    0.00   clock clk (rise edge)
                          0.00    0.00   clock network delay (propagated)
                          2.00    2.00 v input external delay
     1    0.00    0.00    0.00    2.00 v rst (in)
                                         rst (net)
                  0.00    0.00    2.00 v input1/A (sky130_fd_sc_hd__clkbuf_4)
     5    0.07    0.10    0.14    2.14 v input1/X (sky130_fd_sc_hd__clkbuf_4)
                                         net1 (net)
                  0.10    0.00    2.14 v _317_/A (sky130_fd_sc_hd__clkbuf_8)
    10    0.07    0.07    0.15    2.29 v _317_/X (sky130_fd_sc_hd__clkbuf_8)
                                         _161_ (net)
                  0.07    0.00    2.30 v _318_/A (sky130_fd_sc_hd__inv_2)
     1    0.02    0.07    0.07    2.37 ^ _318_/Y (sky130_fd_sc_hd__inv_2)
                                         _048_ (net)
                  0.07    0.00    2.37 ^ _350_/RESET_B (sky130_fd_sc_hd__dfrtp_2)
                                  2.37   data arrival time

                          0.00    0.00   clock clk (rise edge)
                          0.00    0.00   clock source latency
     1    0.02    0.08    0.06    0.06 ^ clk (in)
                                         clk (net)
                  0.08    0.00    0.06 ^ clkbuf_0_clk/A (sky130_fd_sc_hd__clkbuf_16)
     4    0.05    0.05    0.12    0.18 ^ clkbuf_0_clk/X (sky130_fd_sc_hd__clkbuf_16)
                                         clknet_0_clk (net)
                  0.05    0.00    0.18 ^ clkbuf_2_3__f_clk/A (sky130_fd_sc_hd__clkbuf_16)
     8    0.04    0.05    0.11    0.29 ^ clkbuf_2_3__f_clk/X (sky130_fd_sc_hd__clkbuf_16)
                                         clknet_2_3__leaf_clk (net)
                  0.05    0.00    0.29 ^ _350_/CLK (sky130_fd_sc_hd__dfrtp_2)
                          0.25    0.54   clock uncertainty
                          0.00    0.54   clock reconvergence pessimism
                          0.21    0.75   library removal time
                                  0.75   data required time
-----------------------------------------------------------------------------
                                  0.75   data required time
                                 -2.37   data arrival time
-----------------------------------------------------------------------------
                                  1.62   slack (MET)


Startpoint: rst (input port clocked by clk)
Endpoint: _334_ (removal check against rising-edge clock clk)
Path Group: asynchronous
Path Type: min
Corner: Fastest

Fanout     Cap    Slew   Delay    Time   Description
-----------------------------------------------------------------------------
                          0.00    0.00   clock clk (rise edge)
                          0.00    0.00   clock network delay (propagated)
                          2.00    2.00 v input external delay
     1    0.00    0.00    0.00    2.00 v rst (in)
                                         rst (net)
                  0.00    0.00    2.00 v input1/A (sky130_fd_sc_hd__clkbuf_4)
     5    0.07    0.10    0.14    2.14 v input1/X (sky130_fd_sc_hd__clkbuf_4)
                                         net1 (net)
                  0.10    0.00    2.14 v _295_/A (sky130_fd_sc_hd__buf_4)
    10    0.08    0.08    0.16    2.31 v _295_/X (sky130_fd_sc_hd__buf_4)
                                         _159_ (net)
                  0.08    0.00    2.31 v _300_/A (sky130_fd_sc_hd__inv_2)
     1    0.01    0.04    0.05    2.36 ^ _300_/Y (sky130_fd_sc_hd__inv_2)
                                         _032_ (net)
                  0.04    0.00    2.36 ^ _334_/RESET_B (sky130_fd_sc_hd__dfrtp_4)
                                  2.36   data arrival time

                          0.00    0.00   clock clk (rise edge)
                          0.00    0.00   clock source latency
     1    0.02    0.08    0.06    0.06 ^ clk (in)
                                         clk (net)
                  0.08    0.00    0.06 ^ clkbuf_0_clk/A (sky130_fd_sc_hd__clkbuf_16)
     4    0.05    0.05    0.12    0.18 ^ clkbuf_0_clk/X (sky130_fd_sc_hd__clkbuf_16)
                                         clknet_0_clk (net)
                  0.05    0.00    0.18 ^ clkbuf_2_1__f_clk/A (sky130_fd_sc_hd__clkbuf_16)
    11    0.04    0.04    0.11    0.29 ^ clkbuf_2_1__f_clk/X (sky130_fd_sc_hd__clkbuf_16)
                                         clknet_2_1__leaf_clk (net)
                  0.04    0.00    0.29 ^ _334_/CLK (sky130_fd_sc_hd__dfrtp_4)
                          0.25    0.54   clock uncertainty
                          0.00    0.54   clock reconvergence pessimism
                          0.20    0.74   library removal time
                                  0.74   data required time
-----------------------------------------------------------------------------
                                  0.74   data required time
                                 -2.36   data arrival time
-----------------------------------------------------------------------------
                                  1.62   slack (MET)


Startpoint: rst (input port clocked by clk)
Endpoint: _337_ (removal check against rising-edge clock clk)
Path Group: asynchronous
Path Type: min
Corner: Fastest

Fanout     Cap    Slew   Delay    Time   Description
-----------------------------------------------------------------------------
                          0.00    0.00   clock clk (rise edge)
                          0.00    0.00   clock network delay (propagated)
                          2.00    2.00 v input external delay
     1    0.00    0.00    0.00    2.00 v rst (in)
                                         rst (net)
                  0.00    0.00    2.00 v input1/A (sky130_fd_sc_hd__clkbuf_4)
     5    0.07    0.10    0.14    2.14 v input1/X (sky130_fd_sc_hd__clkbuf_4)
                                         net1 (net)
                  0.10    0.00    2.14 v _295_/A (sky130_fd_sc_hd__buf_4)
    10    0.08    0.08    0.16    2.31 v _295_/X (sky130_fd_sc_hd__buf_4)
                                         _159_ (net)
                  0.08    0.00    2.31 v _303_/A (sky130_fd_sc_hd__inv_2)
     1    0.01    0.05    0.06    2.37 ^ _303_/Y (sky130_fd_sc_hd__inv_2)
                                         _035_ (net)
                  0.05    0.00    2.37 ^ _337_/RESET_B (sky130_fd_sc_hd__dfrtp_2)
                                  2.37   data arrival time

                          0.00    0.00   clock clk (rise edge)
                          0.00    0.00   clock source latency
     1    0.02    0.08    0.06    0.06 ^ clk (in)
                                         clk (net)
                  0.08    0.00    0.06 ^ clkbuf_0_clk/A (sky130_fd_sc_hd__clkbuf_16)
     4    0.05    0.05    0.12    0.18 ^ clkbuf_0_clk/X (sky130_fd_sc_hd__clkbuf_16)
                                         clknet_0_clk (net)
                  0.05    0.00    0.18 ^ clkbuf_2_1__f_clk/A (sky130_fd_sc_hd__clkbuf_16)
    11    0.04    0.04    0.11    0.29 ^ clkbuf_2_1__f_clk/X (sky130_fd_sc_hd__clkbuf_16)
                                         clknet_2_1__leaf_clk (net)
                  0.04    0.00    0.29 ^ _337_/CLK (sky130_fd_sc_hd__dfrtp_2)
                          0.25    0.54   clock uncertainty
                          0.00    0.54   clock reconvergence pessimism
                          0.20    0.74   library removal time
                                  0.74   data required time
-----------------------------------------------------------------------------
                                  0.74   data required time
                                 -2.37   data arrival time
-----------------------------------------------------------------------------
                                  1.63   slack (MET)


Startpoint: rst (input port clocked by clk)
Endpoint: _356_ (removal check against rising-edge clock clk)
Path Group: asynchronous
Path Type: min
Corner: Fastest

Fanout     Cap    Slew   Delay    Time   Description
-----------------------------------------------------------------------------
                          0.00    0.00   clock clk (rise edge)
                          0.00    0.00   clock network delay (propagated)
                          2.00    2.00 v input external delay
     1    0.00    0.00    0.00    2.00 v rst (in)
                                         rst (net)
                  0.00    0.00    2.00 v input1/A (sky130_fd_sc_hd__clkbuf_4)
     5    0.07    0.10    0.14    2.14 v input1/X (sky130_fd_sc_hd__clkbuf_4)
                                         net1 (net)
                  0.10    0.00    2.14 v _317_/A (sky130_fd_sc_hd__clkbuf_8)
    10    0.07    0.07    0.15    2.29 v _317_/X (sky130_fd_sc_hd__clkbuf_8)
                                         _161_ (net)
                  0.07    0.00    2.30 v _324_/A (sky130_fd_sc_hd__inv_2)
     1    0.02    0.08    0.08    2.38 ^ _324_/Y (sky130_fd_sc_hd__inv_2)
                                         _054_ (net)
                  0.08    0.00    2.38 ^ _356_/RESET_B (sky130_fd_sc_hd__dfrtp_1)
                                  2.38   data arrival time

                          0.00    0.00   clock clk (rise edge)
                          0.00    0.00   clock source latency
     1    0.02    0.08    0.06    0.06 ^ clk (in)
                                         clk (net)
                  0.08    0.00    0.06 ^ clkbuf_0_clk/A (sky130_fd_sc_hd__clkbuf_16)
     4    0.05    0.05    0.12    0.18 ^ clkbuf_0_clk/X (sky130_fd_sc_hd__clkbuf_16)
                                         clknet_0_clk (net)
                  0.05    0.00    0.18 ^ clkbuf_2_1__f_clk/A (sky130_fd_sc_hd__clkbuf_16)
    11    0.04    0.04    0.11    0.29 ^ clkbuf_2_1__f_clk/X (sky130_fd_sc_hd__clkbuf_16)
                                         clknet_2_1__leaf_clk (net)
                  0.04    0.00    0.29 ^ _356_/CLK (sky130_fd_sc_hd__dfrtp_1)
                          0.25    0.54   clock uncertainty
                          0.00    0.54   clock reconvergence pessimism
                          0.21    0.75   library removal time
                                  0.75   data required time
-----------------------------------------------------------------------------
                                  0.75   data required time
                                 -2.38   data arrival time
-----------------------------------------------------------------------------
                                  1.63   slack (MET)


Startpoint: rst (input port clocked by clk)
Endpoint: _347_ (removal check against rising-edge clock clk)
Path Group: asynchronous
Path Type: min
Corner: Fastest

Fanout     Cap    Slew   Delay    Time   Description
-----------------------------------------------------------------------------
                          0.00    0.00   clock clk (rise edge)
                          0.00    0.00   clock network delay (propagated)
                          2.00    2.00 v input external delay
     1    0.00    0.00    0.00    2.00 v rst (in)
                                         rst (net)
                  0.00    0.00    2.00 v input1/A (sky130_fd_sc_hd__clkbuf_4)
     5    0.07    0.10    0.14    2.14 v input1/X (sky130_fd_sc_hd__clkbuf_4)
                                         net1 (net)
                  0.10    0.00    2.15 v _306_/A (sky130_fd_sc_hd__clkbuf_8)
    10    0.08    0.07    0.15    2.30 v _306_/X (sky130_fd_sc_hd__clkbuf_8)
                                         _160_ (net)
                  0.07    0.01    2.30 v _314_/A (sky130_fd_sc_hd__inv_2)
     1    0.02    0.06    0.07    2.38 ^ _314_/Y (sky130_fd_sc_hd__inv_2)
                                         _045_ (net)
                  0.06    0.00    2.38 ^ _347_/RESET_B (sky130_fd_sc_hd__dfrtp_4)
                                  2.38   data arrival time

                          0.00    0.00   clock clk (rise edge)
                          0.00    0.00   clock source latency
     1    0.02    0.08    0.06    0.06 ^ clk (in)
                                         clk (net)
                  0.08    0.00    0.06 ^ clkbuf_0_clk/A (sky130_fd_sc_hd__clkbuf_16)
     4    0.05    0.05    0.12    0.18 ^ clkbuf_0_clk/X (sky130_fd_sc_hd__clkbuf_16)
                                         clknet_0_clk (net)
                  0.05    0.00    0.18 ^ clkbuf_2_1__f_clk/A (sky130_fd_sc_hd__clkbuf_16)
    11    0.04    0.04    0.11    0.29 ^ clkbuf_2_1__f_clk/X (sky130_fd_sc_hd__clkbuf_16)
                                         clknet_2_1__leaf_clk (net)
                  0.04    0.00    0.29 ^ _347_/CLK (sky130_fd_sc_hd__dfrtp_4)
                          0.25    0.54   clock uncertainty
                          0.00    0.54   clock reconvergence pessimism
                          0.21    0.75   library removal time
                                  0.75   data required time
-----------------------------------------------------------------------------
                                  0.75   data required time
                                 -2.38   data arrival time
-----------------------------------------------------------------------------
                                  1.63   slack (MET)


Startpoint: rst (input port clocked by clk)
Endpoint: _333_ (removal check against rising-edge clock clk)
Path Group: asynchronous
Path Type: min
Corner: Fastest

Fanout     Cap    Slew   Delay    Time   Description
-----------------------------------------------------------------------------
                          0.00    0.00   clock clk (rise edge)
                          0.00    0.00   clock network delay (propagated)
                          2.00    2.00 v input external delay
     1    0.00    0.00    0.00    2.00 v rst (in)
                                         rst (net)
                  0.00    0.00    2.00 v input1/A (sky130_fd_sc_hd__clkbuf_4)
     5    0.07    0.10    0.14    2.14 v input1/X (sky130_fd_sc_hd__clkbuf_4)
                                         net1 (net)
                  0.10    0.00    2.14 v _295_/A (sky130_fd_sc_hd__buf_4)
    10    0.08    0.08    0.16    2.31 v _295_/X (sky130_fd_sc_hd__buf_4)
                                         _159_ (net)
                  0.08    0.00    2.31 v _299_/A (sky130_fd_sc_hd__inv_2)
     1    0.01    0.05    0.07    2.38 ^ _299_/Y (sky130_fd_sc_hd__inv_2)
                                         _031_ (net)
                  0.05    0.00    2.38 ^ _333_/RESET_B (sky130_fd_sc_hd__dfrtp_1)
                                  2.38   data arrival time

                          0.00    0.00   clock clk (rise edge)
                          0.00    0.00   clock source latency
     1    0.02    0.08    0.06    0.06 ^ clk (in)
                                         clk (net)
                  0.08    0.00    0.06 ^ clkbuf_0_clk/A (sky130_fd_sc_hd__clkbuf_16)
     4    0.05    0.05    0.12    0.18 ^ clkbuf_0_clk/X (sky130_fd_sc_hd__clkbuf_16)
                                         clknet_0_clk (net)
                  0.05    0.00    0.18 ^ clkbuf_2_3__f_clk/A (sky130_fd_sc_hd__clkbuf_16)
     8    0.04    0.05    0.11    0.29 ^ clkbuf_2_3__f_clk/X (sky130_fd_sc_hd__clkbuf_16)
                                         clknet_2_3__leaf_clk (net)
                  0.05    0.00    0.29 ^ _333_/CLK (sky130_fd_sc_hd__dfrtp_1)
                          0.25    0.54   clock uncertainty
                          0.00    0.54   clock reconvergence pessimism
                          0.21    0.75   library removal time
                                  0.75   data required time
-----------------------------------------------------------------------------
                                  0.75   data required time
                                 -2.38   data arrival time
-----------------------------------------------------------------------------
                                  1.63   slack (MET)


Startpoint: rst (input port clocked by clk)
Endpoint: _343_ (removal check against rising-edge clock clk)
Path Group: asynchronous
Path Type: min
Corner: Fastest

Fanout     Cap    Slew   Delay    Time   Description
-----------------------------------------------------------------------------
                          0.00    0.00   clock clk (rise edge)
                          0.00    0.00   clock network delay (propagated)
                          2.00    2.00 v input external delay
     1    0.00    0.00    0.00    2.00 v rst (in)
                                         rst (net)
                  0.00    0.00    2.00 v input1/A (sky130_fd_sc_hd__clkbuf_4)
     5    0.07    0.10    0.14    2.14 v input1/X (sky130_fd_sc_hd__clkbuf_4)
                                         net1 (net)
                  0.10    0.00    2.15 v _306_/A (sky130_fd_sc_hd__clkbuf_8)
    10    0.08    0.07    0.15    2.30 v _306_/X (sky130_fd_sc_hd__clkbuf_8)
                                         _160_ (net)
                  0.07    0.01    2.30 v _310_/A (sky130_fd_sc_hd__inv_2)
     1    0.02    0.07    0.08    2.38 ^ _310_/Y (sky130_fd_sc_hd__inv_2)
                                         _041_ (net)
                  0.07    0.00    2.39 ^ _343_/RESET_B (sky130_fd_sc_hd__dfrtp_1)
                                  2.39   data arrival time

                          0.00    0.00   clock clk (rise edge)
                          0.00    0.00   clock source latency
     1    0.02    0.08    0.06    0.06 ^ clk (in)
                                         clk (net)
                  0.08    0.00    0.06 ^ clkbuf_0_clk/A (sky130_fd_sc_hd__clkbuf_16)
     4    0.05    0.05    0.12    0.18 ^ clkbuf_0_clk/X (sky130_fd_sc_hd__clkbuf_16)
                                         clknet_0_clk (net)
                  0.05    0.00    0.18 ^ clkbuf_2_0__f_clk/A (sky130_fd_sc_hd__clkbuf_16)
     9    0.04    0.05    0.11    0.29 ^ clkbuf_2_0__f_clk/X (sky130_fd_sc_hd__clkbuf_16)
                                         clknet_2_0__leaf_clk (net)
                  0.05    0.00    0.29 ^ _343_/CLK (sky130_fd_sc_hd__dfrtp_1)
                          0.25    0.54   clock uncertainty
                          0.00    0.54   clock reconvergence pessimism
                          0.21    0.75   library removal time
                                  0.75   data required time
-----------------------------------------------------------------------------
                                  0.75   data required time
                                 -2.39   data arrival time
-----------------------------------------------------------------------------
                                  1.63   slack (MET)


Startpoint: rst (input port clocked by clk)
Endpoint: _348_ (removal check against rising-edge clock clk)
Path Group: asynchronous
Path Type: min
Corner: Fastest

Fanout     Cap    Slew   Delay    Time   Description
-----------------------------------------------------------------------------
                          0.00    0.00   clock clk (rise edge)
                          0.00    0.00   clock network delay (propagated)
                          2.00    2.00 v input external delay
     1    0.00    0.00    0.00    2.00 v rst (in)
                                         rst (net)
                  0.00    0.00    2.00 v input1/A (sky130_fd_sc_hd__clkbuf_4)
     5    0.07    0.10    0.14    2.14 v input1/X (sky130_fd_sc_hd__clkbuf_4)
                                         net1 (net)
                  0.10    0.00    2.15 v _306_/A (sky130_fd_sc_hd__clkbuf_8)
    10    0.08    0.07    0.15    2.30 v _306_/X (sky130_fd_sc_hd__clkbuf_8)
                                         _160_ (net)
                  0.07    0.01    2.30 v _315_/A (sky130_fd_sc_hd__inv_2)
     1    0.02    0.08    0.09    2.39 ^ _315_/Y (sky130_fd_sc_hd__inv_2)
                                         _046_ (net)
                  0.08    0.00    2.39 ^ _348_/RESET_B (sky130_fd_sc_hd__dfrtp_4)
                                  2.39   data arrival time

                          0.00    0.00   clock clk (rise edge)
                          0.00    0.00   clock source latency
     1    0.02    0.08    0.06    0.06 ^ clk (in)
                                         clk (net)
                  0.08    0.00    0.06 ^ clkbuf_0_clk/A (sky130_fd_sc_hd__clkbuf_16)
     4    0.05    0.05    0.12    0.18 ^ clkbuf_0_clk/X (sky130_fd_sc_hd__clkbuf_16)
                                         clknet_0_clk (net)
                  0.05    0.00    0.18 ^ clkbuf_2_0__f_clk/A (sky130_fd_sc_hd__clkbuf_16)
     9    0.04    0.05    0.11    0.29 ^ clkbuf_2_0__f_clk/X (sky130_fd_sc_hd__clkbuf_16)
                                         clknet_2_0__leaf_clk (net)
                  0.05    0.00    0.29 ^ _348_/CLK (sky130_fd_sc_hd__dfrtp_4)
                          0.25    0.54   clock uncertainty
                          0.00    0.54   clock reconvergence pessimism
                          0.21    0.76   library removal time
                                  0.76   data required time
-----------------------------------------------------------------------------
                                  0.76   data required time
                                 -2.39   data arrival time
-----------------------------------------------------------------------------
                                  1.63   slack (MET)


Startpoint: rst (input port clocked by clk)
Endpoint: _344_ (removal check against rising-edge clock clk)
Path Group: asynchronous
Path Type: min
Corner: Fastest

Fanout     Cap    Slew   Delay    Time   Description
-----------------------------------------------------------------------------
                          0.00    0.00   clock clk (rise edge)
                          0.00    0.00   clock network delay (propagated)
                          2.00    2.00 v input external delay
     1    0.00    0.00    0.00    2.00 v rst (in)
                                         rst (net)
                  0.00    0.00    2.00 v input1/A (sky130_fd_sc_hd__clkbuf_4)
     5    0.07    0.10    0.14    2.14 v input1/X (sky130_fd_sc_hd__clkbuf_4)
                                         net1 (net)
                  0.10    0.00    2.15 v _306_/A (sky130_fd_sc_hd__clkbuf_8)
    10    0.08    0.07    0.15    2.30 v _306_/X (sky130_fd_sc_hd__clkbuf_8)
                                         _160_ (net)
                  0.07    0.01    2.30 v _311_/A (sky130_fd_sc_hd__inv_2)
     1    0.02    0.07    0.08    2.38 ^ _311_/Y (sky130_fd_sc_hd__inv_2)
                                         _042_ (net)
                  0.07    0.00    2.38 ^ _344_/RESET_B (sky130_fd_sc_hd__dfrtp_1)
                                  2.38   data arrival time

                          0.00    0.00   clock clk (rise edge)
                          0.00    0.00   clock source latency
     1    0.02    0.08    0.06    0.06 ^ clk (in)
                                         clk (net)
                  0.08    0.00    0.06 ^ clkbuf_0_clk/A (sky130_fd_sc_hd__clkbuf_16)
     4    0.05    0.05    0.12    0.18 ^ clkbuf_0_clk/X (sky130_fd_sc_hd__clkbuf_16)
                                         clknet_0_clk (net)
                  0.05    0.00    0.18 ^ clkbuf_2_1__f_clk/A (sky130_fd_sc_hd__clkbuf_16)
    11    0.04    0.04    0.11    0.29 ^ clkbuf_2_1__f_clk/X (sky130_fd_sc_hd__clkbuf_16)
                                         clknet_2_1__leaf_clk (net)
                  0.04    0.00    0.29 ^ _344_/CLK (sky130_fd_sc_hd__dfrtp_1)
                          0.25    0.54   clock uncertainty
                          0.00    0.54   clock reconvergence pessimism
                          0.21    0.75   library removal time
                                  0.75   data required time
-----------------------------------------------------------------------------
                                  0.75   data required time
                                 -2.38   data arrival time
-----------------------------------------------------------------------------
                                  1.63   slack (MET)


Startpoint: rst (input port clocked by clk)
Endpoint: _338_ (removal check against rising-edge clock clk)
Path Group: asynchronous
Path Type: min
Corner: Fastest

Fanout     Cap    Slew   Delay    Time   Description
-----------------------------------------------------------------------------
                          0.00    0.00   clock clk (rise edge)
                          0.00    0.00   clock network delay (propagated)
                          2.00    2.00 v input external delay
     1    0.00    0.00    0.00    2.00 v rst (in)
                                         rst (net)
                  0.00    0.00    2.00 v input1/A (sky130_fd_sc_hd__clkbuf_4)
     5    0.07    0.10    0.14    2.14 v input1/X (sky130_fd_sc_hd__clkbuf_4)
                                         net1 (net)
                  0.10    0.00    2.14 v _295_/A (sky130_fd_sc_hd__buf_4)
    10    0.08    0.08    0.16    2.31 v _295_/X (sky130_fd_sc_hd__buf_4)
                                         _159_ (net)
                  0.08    0.00    2.31 v _304_/A (sky130_fd_sc_hd__inv_2)
     1    0.02    0.07    0.08    2.39 ^ _304_/Y (sky130_fd_sc_hd__inv_2)
                                         _036_ (net)
                  0.07    0.00    2.39 ^ _338_/RESET_B (sky130_fd_sc_hd__dfrtp_4)
                                  2.39   data arrival time

                          0.00    0.00   clock clk (rise edge)
                          0.00    0.00   clock source latency
     1    0.02    0.08    0.06    0.06 ^ clk (in)
                                         clk (net)
                  0.08    0.00    0.06 ^ clkbuf_0_clk/A (sky130_fd_sc_hd__clkbuf_16)
     4    0.05    0.05    0.12    0.18 ^ clkbuf_0_clk/X (sky130_fd_sc_hd__clkbuf_16)
                                         clknet_0_clk (net)
                  0.05    0.00    0.18 ^ clkbuf_2_3__f_clk/A (sky130_fd_sc_hd__clkbuf_16)
     8    0.04    0.05    0.11    0.29 ^ clkbuf_2_3__f_clk/X (sky130_fd_sc_hd__clkbuf_16)
                                         clknet_2_3__leaf_clk (net)
                  0.05    0.00    0.29 ^ _338_/CLK (sky130_fd_sc_hd__dfrtp_4)
                          0.25    0.54   clock uncertainty
                          0.00    0.54   clock reconvergence pessimism
                          0.21    0.75   library removal time
                                  0.75   data required time
-----------------------------------------------------------------------------
                                  0.75   data required time
                                 -2.39   data arrival time
-----------------------------------------------------------------------------
                                  1.64   slack (MET)


Startpoint: rst (input port clocked by clk)
Endpoint: _339_ (removal check against rising-edge clock clk)
Path Group: asynchronous
Path Type: min
Corner: Fastest

Fanout     Cap    Slew   Delay    Time   Description
-----------------------------------------------------------------------------
                          0.00    0.00   clock clk (rise edge)
                          0.00    0.00   clock network delay (propagated)
                          2.00    2.00 v input external delay
     1    0.00    0.00    0.00    2.00 v rst (in)
                                         rst (net)
                  0.00    0.00    2.00 v input1/A (sky130_fd_sc_hd__clkbuf_4)
     5    0.07    0.10    0.14    2.14 v input1/X (sky130_fd_sc_hd__clkbuf_4)
                                         net1 (net)
                  0.10    0.00    2.14 v _295_/A (sky130_fd_sc_hd__buf_4)
    10    0.08    0.08    0.16    2.31 v _295_/X (sky130_fd_sc_hd__buf_4)
                                         _159_ (net)
                  0.08    0.00    2.31 v _305_/A (sky130_fd_sc_hd__inv_2)
     1    0.02    0.07    0.08    2.39 ^ _305_/Y (sky130_fd_sc_hd__inv_2)
                                         _037_ (net)
                  0.07    0.00    2.39 ^ _339_/RESET_B (sky130_fd_sc_hd__dfrtp_2)
                                  2.39   data arrival time

                          0.00    0.00   clock clk (rise edge)
                          0.00    0.00   clock source latency
     1    0.02    0.08    0.06    0.06 ^ clk (in)
                                         clk (net)
                  0.08    0.00    0.06 ^ clkbuf_0_clk/A (sky130_fd_sc_hd__clkbuf_16)
     4    0.05    0.05    0.12    0.18 ^ clkbuf_0_clk/X (sky130_fd_sc_hd__clkbuf_16)
                                         clknet_0_clk (net)
                  0.05    0.00    0.18 ^ clkbuf_2_0__f_clk/A (sky130_fd_sc_hd__clkbuf_16)
     9    0.04    0.05    0.11    0.29 ^ clkbuf_2_0__f_clk/X (sky130_fd_sc_hd__clkbuf_16)
                                         clknet_2_0__leaf_clk (net)
                  0.05    0.00    0.29 ^ _339_/CLK (sky130_fd_sc_hd__dfrtp_2)
                          0.25    0.54   clock uncertainty
                          0.00    0.54   clock reconvergence pessimism
                          0.21    0.75   library removal time
                                  0.75   data required time
-----------------------------------------------------------------------------
                                  0.75   data required time
                                 -2.39   data arrival time
-----------------------------------------------------------------------------
                                  1.64   slack (MET)


Startpoint: rst (input port clocked by clk)
Endpoint: _332_ (removal check against rising-edge clock clk)
Path Group: asynchronous
Path Type: min
Corner: Fastest

Fanout     Cap    Slew   Delay    Time   Description
-----------------------------------------------------------------------------
                          0.00    0.00   clock clk (rise edge)
                          0.00    0.00   clock network delay (propagated)
                          2.00    2.00 v input external delay
     1    0.00    0.00    0.00    2.00 v rst (in)
                                         rst (net)
                  0.00    0.00    2.00 v input1/A (sky130_fd_sc_hd__clkbuf_4)
     5    0.07    0.10    0.14    2.14 v input1/X (sky130_fd_sc_hd__clkbuf_4)
                                         net1 (net)
                  0.10    0.00    2.14 v _295_/A (sky130_fd_sc_hd__buf_4)
    10    0.08    0.08    0.16    2.31 v _295_/X (sky130_fd_sc_hd__buf_4)
                                         _159_ (net)
                  0.08    0.00    2.31 v _298_/A (sky130_fd_sc_hd__inv_2)
     1    0.02    0.07    0.08    2.39 ^ _298_/Y (sky130_fd_sc_hd__inv_2)
                                         _030_ (net)
                  0.07    0.00    2.39 ^ _332_/RESET_B (sky130_fd_sc_hd__dfrtp_4)
                                  2.39   data arrival time

                          0.00    0.00   clock clk (rise edge)
                          0.00    0.00   clock source latency
     1    0.02    0.08    0.06    0.06 ^ clk (in)
                                         clk (net)
                  0.08    0.00    0.06 ^ clkbuf_0_clk/A (sky130_fd_sc_hd__clkbuf_16)
     4    0.05    0.05    0.12    0.18 ^ clkbuf_0_clk/X (sky130_fd_sc_hd__clkbuf_16)
                                         clknet_0_clk (net)
                  0.05    0.00    0.18 ^ clkbuf_2_1__f_clk/A (sky130_fd_sc_hd__clkbuf_16)
    11    0.04    0.04    0.11    0.29 ^ clkbuf_2_1__f_clk/X (sky130_fd_sc_hd__clkbuf_16)
                                         clknet_2_1__leaf_clk (net)
                  0.04    0.00    0.29 ^ _332_/CLK (sky130_fd_sc_hd__dfrtp_4)
                          0.25    0.54   clock uncertainty
                          0.00    0.54   clock reconvergence pessimism
                          0.21    0.75   library removal time
                                  0.75   data required time
-----------------------------------------------------------------------------
                                  0.75   data required time
                                 -2.39   data arrival time
-----------------------------------------------------------------------------
                                  1.64   slack (MET)


Startpoint: rst (input port clocked by clk)
Endpoint: _330_ (removal check against rising-edge clock clk)
Path Group: asynchronous
Path Type: min
Corner: Fastest

Fanout     Cap    Slew   Delay    Time   Description
-----------------------------------------------------------------------------
                          0.00    0.00   clock clk (rise edge)
                          0.00    0.00   clock network delay (propagated)
                          2.00    2.00 v input external delay
     1    0.00    0.00    0.00    2.00 v rst (in)
                                         rst (net)
                  0.00    0.00    2.00 v input1/A (sky130_fd_sc_hd__clkbuf_4)
     5    0.07    0.10    0.14    2.14 v input1/X (sky130_fd_sc_hd__clkbuf_4)
                                         net1 (net)
                  0.10    0.00    2.14 v _295_/A (sky130_fd_sc_hd__buf_4)
    10    0.08    0.08    0.16    2.31 v _295_/X (sky130_fd_sc_hd__buf_4)
                                         _159_ (net)
                  0.08    0.00    2.31 v _296_/A (sky130_fd_sc_hd__inv_2)
     1    0.02    0.07    0.08    2.39 ^ _296_/Y (sky130_fd_sc_hd__inv_2)
                                         _028_ (net)
                  0.07    0.00    2.39 ^ _330_/RESET_B (sky130_fd_sc_hd__dfrtp_4)
                                  2.39   data arrival time

                          0.00    0.00   clock clk (rise edge)
                          0.00    0.00   clock source latency
     1    0.02    0.08    0.06    0.06 ^ clk (in)
                                         clk (net)
                  0.08    0.00    0.06 ^ clkbuf_0_clk/A (sky130_fd_sc_hd__clkbuf_16)
     4    0.05    0.05    0.12    0.18 ^ clkbuf_0_clk/X (sky130_fd_sc_hd__clkbuf_16)
                                         clknet_0_clk (net)
                  0.05    0.00    0.18 ^ clkbuf_2_1__f_clk/A (sky130_fd_sc_hd__clkbuf_16)
    11    0.04    0.04    0.11    0.29 ^ clkbuf_2_1__f_clk/X (sky130_fd_sc_hd__clkbuf_16)
                                         clknet_2_1__leaf_clk (net)
                  0.04    0.00    0.29 ^ _330_/CLK (sky130_fd_sc_hd__dfrtp_4)
                          0.25    0.54   clock uncertainty
                          0.00    0.54   clock reconvergence pessimism
                          0.21    0.75   library removal time
                                  0.75   data required time
-----------------------------------------------------------------------------
                                  0.75   data required time
                                 -2.39   data arrival time
-----------------------------------------------------------------------------
                                  1.64   slack (MET)


Startpoint: rst (input port clocked by clk)
Endpoint: _336_ (removal check against rising-edge clock clk)
Path Group: asynchronous
Path Type: min
Corner: Fastest

Fanout     Cap    Slew   Delay    Time   Description
-----------------------------------------------------------------------------
                          0.00    0.00   clock clk (rise edge)
                          0.00    0.00   clock network delay (propagated)
                          2.00    2.00 v input external delay
     1    0.00    0.00    0.00    2.00 v rst (in)
                                         rst (net)
                  0.00    0.00    2.00 v input1/A (sky130_fd_sc_hd__clkbuf_4)
     5    0.07    0.10    0.14    2.14 v input1/X (sky130_fd_sc_hd__clkbuf_4)
                                         net1 (net)
                  0.10    0.00    2.14 v _295_/A (sky130_fd_sc_hd__buf_4)
    10    0.08    0.08    0.16    2.31 v _295_/X (sky130_fd_sc_hd__buf_4)
                                         _159_ (net)
                  0.08    0.00    2.31 v _302_/A (sky130_fd_sc_hd__inv_2)
     1    0.02    0.09    0.09    2.40 ^ _302_/Y (sky130_fd_sc_hd__inv_2)
                                         _034_ (net)
                  0.09    0.00    2.40 ^ _336_/RESET_B (sky130_fd_sc_hd__dfrtp_2)
                                  2.40   data arrival time

                          0.00    0.00   clock clk (rise edge)
                          0.00    0.00   clock source latency
     1    0.02    0.08    0.06    0.06 ^ clk (in)
                                         clk (net)
                  0.08    0.00    0.06 ^ clkbuf_0_clk/A (sky130_fd_sc_hd__clkbuf_16)
     4    0.05    0.05    0.12    0.18 ^ clkbuf_0_clk/X (sky130_fd_sc_hd__clkbuf_16)
                                         clknet_0_clk (net)
                  0.05    0.00    0.18 ^ clkbuf_2_1__f_clk/A (sky130_fd_sc_hd__clkbuf_16)
    11    0.04    0.04    0.11    0.29 ^ clkbuf_2_1__f_clk/X (sky130_fd_sc_hd__clkbuf_16)
                                         clknet_2_1__leaf_clk (net)
                  0.04    0.00    0.29 ^ _336_/CLK (sky130_fd_sc_hd__dfrtp_2)
                          0.25    0.54   clock uncertainty
                          0.00    0.54   clock reconvergence pessimism
                          0.21    0.75   library removal time
                                  0.75   data required time
-----------------------------------------------------------------------------
                                  0.75   data required time
                                 -2.40   data arrival time
-----------------------------------------------------------------------------
                                  1.65   slack (MET)


Startpoint: rst (input port clocked by clk)
Endpoint: _340_ (removal check against rising-edge clock clk)
Path Group: asynchronous
Path Type: min
Corner: Fastest

Fanout     Cap    Slew   Delay    Time   Description
-----------------------------------------------------------------------------
                          0.00    0.00   clock clk (rise edge)
                          0.00    0.00   clock network delay (propagated)
                          2.00    2.00 v input external delay
     1    0.00    0.00    0.00    2.00 v rst (in)
                                         rst (net)
                  0.00    0.00    2.00 v input1/A (sky130_fd_sc_hd__clkbuf_4)
     5    0.07    0.10    0.14    2.14 v input1/X (sky130_fd_sc_hd__clkbuf_4)
                                         net1 (net)
                  0.10    0.00    2.15 v _306_/A (sky130_fd_sc_hd__clkbuf_8)
    10    0.08    0.07    0.15    2.30 v _306_/X (sky130_fd_sc_hd__clkbuf_8)
                                         _160_ (net)
                  0.07    0.01    2.30 v _307_/A (sky130_fd_sc_hd__inv_2)
     1    0.03    0.12    0.11    2.41 ^ _307_/Y (sky130_fd_sc_hd__inv_2)
                                         _038_ (net)
                  0.12    0.00    2.41 ^ _340_/RESET_B (sky130_fd_sc_hd__dfrtp_4)
                                  2.41   data arrival time

                          0.00    0.00   clock clk (rise edge)
                          0.00    0.00   clock source latency
     1    0.02    0.08    0.06    0.06 ^ clk (in)
                                         clk (net)
                  0.08    0.00    0.06 ^ clkbuf_0_clk/A (sky130_fd_sc_hd__clkbuf_16)
     4    0.05    0.05    0.12    0.18 ^ clkbuf_0_clk/X (sky130_fd_sc_hd__clkbuf_16)
                                         clknet_0_clk (net)
                  0.05    0.00    0.18 ^ clkbuf_2_0__f_clk/A (sky130_fd_sc_hd__clkbuf_16)
     9    0.04    0.05    0.11    0.29 ^ clkbuf_2_0__f_clk/X (sky130_fd_sc_hd__clkbuf_16)
                                         clknet_2_0__leaf_clk (net)
                  0.05    0.00    0.29 ^ _340_/CLK (sky130_fd_sc_hd__dfrtp_4)
                          0.25    0.54   clock uncertainty
                          0.00    0.54   clock reconvergence pessimism
                          0.22    0.77   library removal time
                                  0.77   data required time
-----------------------------------------------------------------------------
                                  0.77   data required time
                                 -2.41   data arrival time
-----------------------------------------------------------------------------
                                  1.65   slack (MET)


Startpoint: _359_ (rising edge-triggered flip-flop clocked by clk)
Endpoint: seg[6] (output port clocked by clk)
Path Group: clk
Path Type: min
Corner: Fastest

Fanout     Cap    Slew   Delay    Time   Description
-----------------------------------------------------------------------------
                          0.00    0.00   clock clk (rise edge)
                          0.00    0.00   clock source latency
     1    0.02    0.08    0.05    0.05 ^ clk (in)
                                         clk (net)
                  0.08    0.00    0.05 ^ clkbuf_0_clk/A (sky130_fd_sc_hd__clkbuf_16)
     4    0.05    0.05    0.11    0.16 ^ clkbuf_0_clk/X (sky130_fd_sc_hd__clkbuf_16)
                                         clknet_0_clk (net)
                  0.05    0.00    0.16 ^ clkbuf_2_0__f_clk/A (sky130_fd_sc_hd__clkbuf_16)
     9    0.04    0.05    0.10    0.26 ^ clkbuf_2_0__f_clk/X (sky130_fd_sc_hd__clkbuf_16)
                                         clknet_2_0__leaf_clk (net)
                  0.05    0.00    0.26 ^ _359_/CLK (sky130_fd_sc_hd__dfrtp_4)
     7    0.05    0.13    0.31    0.58 ^ _359_/Q (sky130_fd_sc_hd__dfrtp_4)
                                         decoder.digit[1] (net)
                  0.13    0.00    0.58 ^ _294_/A1 (sky130_fd_sc_hd__a21boi_2)
     2    0.02    0.04    0.06    0.64 v _294_/Y (sky130_fd_sc_hd__a21boi_2)
                                         net8 (net)
                  0.04    0.00    0.64 v output8/A (sky130_fd_sc_hd__buf_2)
     1    0.03    0.06    0.12    0.76 v output8/X (sky130_fd_sc_hd__buf_2)
                                         seg[6] (net)
                  0.06    0.00    0.76 v seg[6] (out)
                                  0.76   data arrival time

                          0.00    0.00   clock clk (rise edge)
                          0.00    0.00   clock network delay (propagated)
                          0.25    0.25   clock uncertainty
                          0.00    0.25   clock reconvergence pessimism
                         -2.00   -1.75   output external delay
                                 -1.75   data required time
-----------------------------------------------------------------------------
                                 -1.75   data required time
                                 -0.76   data arrival time
-----------------------------------------------------------------------------
                                  2.51   slack (MET)


Startpoint: _358_ (rising edge-triggered flip-flop clocked by clk)
Endpoint: seg[2] (output port clocked by clk)
Path Group: clk
Path Type: min
Corner: Fastest

Fanout     Cap    Slew   Delay    Time   Description
-----------------------------------------------------------------------------
                          0.00    0.00   clock clk (rise edge)
                          0.00    0.00   clock source latency
     1    0.02    0.08    0.05    0.05 ^ clk (in)
                                         clk (net)
                  0.08    0.00    0.05 ^ clkbuf_0_clk/A (sky130_fd_sc_hd__clkbuf_16)
     4    0.05    0.05    0.11    0.16 ^ clkbuf_0_clk/X (sky130_fd_sc_hd__clkbuf_16)
                                         clknet_0_clk (net)
                  0.05    0.00    0.16 ^ clkbuf_2_2__f_clk/A (sky130_fd_sc_hd__clkbuf_16)
     7    0.05    0.05    0.10    0.27 ^ clkbuf_2_2__f_clk/X (sky130_fd_sc_hd__clkbuf_16)
                                         clknet_2_2__leaf_clk (net)
                  0.05    0.00    0.27 ^ _358_/CLK (sky130_fd_sc_hd__dfrtp_4)
     8    0.06    0.13    0.32    0.59 ^ _358_/Q (sky130_fd_sc_hd__dfrtp_4)
                                         decoder.digit[0] (net)
                  0.13    0.00    0.59 ^ _289_/A1 (sky130_fd_sc_hd__a21oi_1)
     1    0.02    0.09    0.09    0.68 v _289_/Y (sky130_fd_sc_hd__a21oi_1)
                                         net4 (net)
                  0.09    0.00    0.68 v output4/A (sky130_fd_sc_hd__buf_2)
     1    0.03    0.06    0.13    0.81 v output4/X (sky130_fd_sc_hd__buf_2)
                                         seg[2] (net)
                  0.06    0.00    0.81 v seg[2] (out)
                                  0.81   data arrival time

                          0.00    0.00   clock clk (rise edge)
                          0.00    0.00   clock network delay (propagated)
                          0.25    0.25   clock uncertainty
                          0.00    0.25   clock reconvergence pessimism
                         -2.00   -1.75   output external delay
                                 -1.75   data required time
-----------------------------------------------------------------------------
                                 -1.75   data required time
                                 -0.81   data arrival time
-----------------------------------------------------------------------------
                                  2.56   slack (MET)


Startpoint: _361_ (rising edge-triggered flip-flop clocked by clk)
Endpoint: seg[3] (output port clocked by clk)
Path Group: clk
Path Type: min
Corner: Fastest

Fanout     Cap    Slew   Delay    Time   Description
-----------------------------------------------------------------------------
                          0.00    0.00   clock clk (rise edge)
                          0.00    0.00   clock source latency
     1    0.02    0.08    0.05    0.05 ^ clk (in)
                                         clk (net)
                  0.08    0.00    0.05 ^ clkbuf_0_clk/A (sky130_fd_sc_hd__clkbuf_16)
     4    0.05    0.05    0.11    0.16 ^ clkbuf_0_clk/X (sky130_fd_sc_hd__clkbuf_16)
                                         clknet_0_clk (net)
                  0.05    0.00    0.16 ^ clkbuf_2_0__f_clk/A (sky130_fd_sc_hd__clkbuf_16)
     9    0.04    0.05    0.10    0.26 ^ clkbuf_2_0__f_clk/X (sky130_fd_sc_hd__clkbuf_16)
                                         clknet_2_0__leaf_clk (net)
                  0.05    0.00    0.26 ^ _361_/CLK (sky130_fd_sc_hd__dfrtp_4)
     6    0.05    0.11    0.30    0.57 ^ _361_/Q (sky130_fd_sc_hd__dfrtp_4)
                                         decoder.digit[3] (net)
                  0.11    0.00    0.57 ^ _287_/D1 (sky130_fd_sc_hd__a2111o_1)
     2    0.02    0.13    0.13    0.70 ^ _287_/X (sky130_fd_sc_hd__a2111o_1)
                                         net5 (net)
                  0.13    0.00    0.70 ^ output5/A (sky130_fd_sc_hd__buf_2)
     1    0.03    0.13    0.15    0.85 ^ output5/X (sky130_fd_sc_hd__buf_2)
                                         seg[3] (net)
                  0.13    0.00    0.85 ^ seg[3] (out)
                                  0.85   data arrival time

                          0.00    0.00   clock clk (rise edge)
                          0.00    0.00   clock network delay (propagated)
                          0.25    0.25   clock uncertainty
                          0.00    0.25   clock reconvergence pessimism
                         -2.00   -1.75   output external delay
                                 -1.75   data required time
-----------------------------------------------------------------------------
                                 -1.75   data required time
                                 -0.85   data arrival time
-----------------------------------------------------------------------------
                                  2.60   slack (MET)


Startpoint: _361_ (rising edge-triggered flip-flop clocked by clk)
Endpoint: seg[5] (output port clocked by clk)
Path Group: clk
Path Type: min
Corner: Fastest

Fanout     Cap    Slew   Delay    Time   Description
-----------------------------------------------------------------------------
                          0.00    0.00   clock clk (rise edge)
                          0.00    0.00   clock source latency
     1    0.02    0.08    0.05    0.05 ^ clk (in)
                                         clk (net)
                  0.08    0.00    0.05 ^ clkbuf_0_clk/A (sky130_fd_sc_hd__clkbuf_16)
     4    0.05    0.05    0.11    0.16 ^ clkbuf_0_clk/X (sky130_fd_sc_hd__clkbuf_16)
                                         clknet_0_clk (net)
                  0.05    0.00    0.16 ^ clkbuf_2_0__f_clk/A (sky130_fd_sc_hd__clkbuf_16)
     9    0.04    0.05    0.10    0.26 ^ clkbuf_2_0__f_clk/X (sky130_fd_sc_hd__clkbuf_16)
                                         clknet_2_0__leaf_clk (net)
                  0.05    0.00    0.26 ^ _361_/CLK (sky130_fd_sc_hd__dfrtp_4)
     6    0.05    0.11    0.30    0.57 ^ _361_/Q (sky130_fd_sc_hd__dfrtp_4)
                                         decoder.digit[3] (net)
                  0.11    0.00    0.57 ^ _292_/A (sky130_fd_sc_hd__or3_1)
     1    0.01    0.07    0.11    0.68 ^ _292_/X (sky130_fd_sc_hd__or3_1)
                                         _158_ (net)
                  0.07    0.00    0.68 ^ _293_/A (sky130_fd_sc_hd__clkbuf_1)
     1    0.00    0.04    0.06    0.73 ^ _293_/X (sky130_fd_sc_hd__clkbuf_1)
                                         net7 (net)
                  0.04    0.00    0.73 ^ output7/A (sky130_fd_sc_hd__buf_2)
     1    0.03    0.13    0.13    0.87 ^ output7/X (sky130_fd_sc_hd__buf_2)
                                         seg[5] (net)
                  0.13    0.00    0.87 ^ seg[5] (out)
                                  0.87   data arrival time

                          0.00    0.00   clock clk (rise edge)
                          0.00    0.00   clock network delay (propagated)
                          0.25    0.25   clock uncertainty
                          0.00    0.25   clock reconvergence pessimism
                         -2.00   -1.75   output external delay
                                 -1.75   data required time
-----------------------------------------------------------------------------
                                 -1.75   data required time
                                 -0.87   data arrival time
-----------------------------------------------------------------------------
                                  2.62   slack (MET)


Startpoint: _361_ (rising edge-triggered flip-flop clocked by clk)
Endpoint: seg[4] (output port clocked by clk)
Path Group: clk
Path Type: min
Corner: Fastest

Fanout     Cap    Slew   Delay    Time   Description
-----------------------------------------------------------------------------
                          0.00    0.00   clock clk (rise edge)
                          0.00    0.00   clock source latency
     1    0.02    0.08    0.05    0.05 ^ clk (in)
                                         clk (net)
                  0.08    0.00    0.05 ^ clkbuf_0_clk/A (sky130_fd_sc_hd__clkbuf_16)
     4    0.05    0.05    0.11    0.16 ^ clkbuf_0_clk/X (sky130_fd_sc_hd__clkbuf_16)
                                         clknet_0_clk (net)
                  0.05    0.00    0.16 ^ clkbuf_2_0__f_clk/A (sky130_fd_sc_hd__clkbuf_16)
     9    0.04    0.05    0.10    0.26 ^ clkbuf_2_0__f_clk/X (sky130_fd_sc_hd__clkbuf_16)
                                         clknet_2_0__leaf_clk (net)
                  0.05    0.00    0.26 ^ _361_/CLK (sky130_fd_sc_hd__dfrtp_4)
     6    0.05    0.11    0.30    0.57 ^ _361_/Q (sky130_fd_sc_hd__dfrtp_4)
                                         decoder.digit[3] (net)
                  0.11    0.00    0.57 ^ _290_/A (sky130_fd_sc_hd__or3_1)
     1    0.01    0.05    0.09    0.66 ^ _290_/X (sky130_fd_sc_hd__or3_1)
                                         _157_ (net)
                  0.05    0.00    0.66 ^ _291_/A (sky130_fd_sc_hd__buf_1)
     1    0.01    0.11    0.10    0.77 ^ _291_/X (sky130_fd_sc_hd__buf_1)
                                         net6 (net)
                  0.11    0.00    0.77 ^ output6/A (sky130_fd_sc_hd__buf_2)
     1    0.04    0.13    0.15    0.92 ^ output6/X (sky130_fd_sc_hd__buf_2)
                                         seg[4] (net)
                  0.13    0.00    0.92 ^ seg[4] (out)
                                  0.92   data arrival time

                          0.00    0.00   clock clk (rise edge)
                          0.00    0.00   clock network delay (propagated)
                          0.25    0.25   clock uncertainty
                          0.00    0.25   clock reconvergence pessimism
                         -2.00   -1.75   output external delay
                                 -1.75   data required time
-----------------------------------------------------------------------------
                                 -1.75   data required time
                                 -0.92   data arrival time
-----------------------------------------------------------------------------
                                  2.67   slack (MET)


Startpoint: _361_ (rising edge-triggered flip-flop clocked by clk)
Endpoint: seg[0] (output port clocked by clk)
Path Group: clk
Path Type: min
Corner: Fastest

Fanout     Cap    Slew   Delay    Time   Description
-----------------------------------------------------------------------------
                          0.00    0.00   clock clk (rise edge)
                          0.00    0.00   clock source latency
     1    0.02    0.08    0.05    0.05 ^ clk (in)
                                         clk (net)
                  0.08    0.00    0.05 ^ clkbuf_0_clk/A (sky130_fd_sc_hd__clkbuf_16)
     4    0.05    0.05    0.11    0.16 ^ clkbuf_0_clk/X (sky130_fd_sc_hd__clkbuf_16)
                                         clknet_0_clk (net)
                  0.05    0.00    0.16 ^ clkbuf_2_0__f_clk/A (sky130_fd_sc_hd__clkbuf_16)
     9    0.04    0.05    0.10    0.26 ^ clkbuf_2_0__f_clk/X (sky130_fd_sc_hd__clkbuf_16)
                                         clknet_2_0__leaf_clk (net)
                  0.05    0.00    0.26 ^ _361_/CLK (sky130_fd_sc_hd__dfrtp_4)
     6    0.05    0.11    0.30    0.57 ^ _361_/Q (sky130_fd_sc_hd__dfrtp_4)
                                         decoder.digit[3] (net)
                  0.11    0.00    0.57 ^ _287_/D1 (sky130_fd_sc_hd__a2111o_1)
     2    0.02    0.13    0.13    0.70 ^ _287_/X (sky130_fd_sc_hd__a2111o_1)
                                         net5 (net)
                  0.13    0.00    0.70 ^ _370_/A (sky130_fd_sc_hd__buf_1)
     1    0.02    0.15    0.13    0.83 ^ _370_/X (sky130_fd_sc_hd__buf_1)
                                         net2 (net)
                  0.15    0.00    0.84 ^ output2/A (sky130_fd_sc_hd__buf_2)
     1    0.03    0.13    0.15    0.99 ^ output2/X (sky130_fd_sc_hd__buf_2)
                                         seg[0] (net)
                  0.13    0.00    0.99 ^ seg[0] (out)
                                  0.99   data arrival time

                          0.00    0.00   clock clk (rise edge)
                          0.00    0.00   clock network delay (propagated)
                          0.25    0.25   clock uncertainty
                          0.00    0.25   clock reconvergence pessimism
                         -2.00   -1.75   output external delay
                                 -1.75   data required time
-----------------------------------------------------------------------------
                                 -1.75   data required time
                                 -0.99   data arrival time
-----------------------------------------------------------------------------
                                  2.74   slack (MET)


Startpoint: _361_ (rising edge-triggered flip-flop clocked by clk)
Endpoint: seg[1] (output port clocked by clk)
Path Group: clk
Path Type: min
Corner: Fastest

Fanout     Cap    Slew   Delay    Time   Description
-----------------------------------------------------------------------------
                          0.00    0.00   clock clk (rise edge)
                          0.00    0.00   clock source latency
     1    0.02    0.08    0.05    0.05 ^ clk (in)
                                         clk (net)
                  0.08    0.00    0.05 ^ clkbuf_0_clk/A (sky130_fd_sc_hd__clkbuf_16)
     4    0.05    0.05    0.11    0.16 ^ clkbuf_0_clk/X (sky130_fd_sc_hd__clkbuf_16)
                                         clknet_0_clk (net)
                  0.05    0.00    0.16 ^ clkbuf_2_0__f_clk/A (sky130_fd_sc_hd__clkbuf_16)
     9    0.04    0.05    0.10    0.26 ^ clkbuf_2_0__f_clk/X (sky130_fd_sc_hd__clkbuf_16)
                                         clknet_2_0__leaf_clk (net)
                  0.05    0.00    0.26 ^ _361_/CLK (sky130_fd_sc_hd__dfrtp_4)
     6    0.05    0.11    0.30    0.57 ^ _361_/Q (sky130_fd_sc_hd__dfrtp_4)
                                         decoder.digit[3] (net)
                  0.11    0.00    0.57 ^ _285_/A (sky130_fd_sc_hd__nor2_2)
     4    0.04    0.08    0.08    0.65 v _285_/Y (sky130_fd_sc_hd__nor2_2)
                                         _155_ (net)
                  0.08    0.00    0.65 v _288_/B (sky130_fd_sc_hd__nor2_1)
     1    0.02    0.23    0.19    0.84 ^ _288_/Y (sky130_fd_sc_hd__nor2_1)
                                         net3 (net)
                  0.23    0.00    0.84 ^ output3/A (sky130_fd_sc_hd__buf_2)
     1    0.03    0.13    0.16    1.01 ^ output3/X (sky130_fd_sc_hd__buf_2)
                                         seg[1] (net)
                  0.13    0.00    1.01 ^ seg[1] (out)
                                  1.01   data arrival time

                          0.00    0.00   clock clk (rise edge)
                          0.00    0.00   clock network delay (propagated)
                          0.25    0.25   clock uncertainty
                          0.00    0.25   clock reconvergence pessimism
                         -2.00   -1.75   output external delay
                                 -1.75   data required time
-----------------------------------------------------------------------------
                                 -1.75   data required time
                                 -1.01   data arrival time
-----------------------------------------------------------------------------
                                  2.76   slack (MET)



worst slack corner Fastest: 0.1507
======================= Slowest Corner ===================================

Startpoint: rst (input port clocked by clk)
Endpoint: _360_ (removal check against rising-edge clock clk)
Path Group: asynchronous
Path Type: min
Corner: Slowest

Fanout     Cap    Slew   Delay    Time   Description
-----------------------------------------------------------------------------
                          0.00    0.00   clock clk (rise edge)
                          0.00    0.00   clock network delay (propagated)
                          2.00    2.00 v input external delay
     1    0.00    0.02    0.01    2.01 v rst (in)
                                         rst (net)
                  0.02    0.00    2.01 v input1/A (sky130_fd_sc_hd__clkbuf_4)
     5    0.07    0.25    0.37    2.38 v input1/X (sky130_fd_sc_hd__clkbuf_4)
                                         net1 (net)
                  0.25    0.00    2.38 v _328_/A (sky130_fd_sc_hd__inv_2)
     1    0.02    0.14    0.20    2.58 ^ _328_/Y (sky130_fd_sc_hd__inv_2)
                                         _058_ (net)
                  0.14    0.00    2.58 ^ _360_/RESET_B (sky130_fd_sc_hd__dfrtp_4)
                                  2.58   data arrival time

                          0.00    0.00   clock clk (rise edge)
                          0.00    0.00   clock source latency
     1    0.02    0.17    0.12    0.12 ^ clk (in)
                                         clk (net)
                  0.17    0.00    0.12 ^ clkbuf_0_clk/A (sky130_fd_sc_hd__clkbuf_16)
     4    0.05    0.11    0.32    0.45 ^ clkbuf_0_clk/X (sky130_fd_sc_hd__clkbuf_16)
                                         clknet_0_clk (net)
                  0.11    0.00    0.45 ^ clkbuf_2_3__f_clk/A (sky130_fd_sc_hd__clkbuf_16)
     8    0.04    0.09    0.28    0.72 ^ clkbuf_2_3__f_clk/X (sky130_fd_sc_hd__clkbuf_16)
                                         clknet_2_3__leaf_clk (net)
                  0.09    0.00    0.72 ^ _360_/CLK (sky130_fd_sc_hd__dfrtp_4)
                          0.25    0.97   clock uncertainty
                          0.00    0.97   clock reconvergence pessimism
                          0.69    1.66   library removal time
                                  1.66   data required time
-----------------------------------------------------------------------------
                                  1.66   data required time
                                 -2.58   data arrival time
-----------------------------------------------------------------------------
                                  0.92   slack (MET)


Startpoint: rst (input port clocked by clk)
Endpoint: _361_ (removal check against rising-edge clock clk)
Path Group: asynchronous
Path Type: min
Corner: Slowest

Fanout     Cap    Slew   Delay    Time   Description
-----------------------------------------------------------------------------
                          0.00    0.00   clock clk (rise edge)
                          0.00    0.00   clock network delay (propagated)
                          2.00    2.00 v input external delay
     1    0.00    0.02    0.01    2.01 v rst (in)
                                         rst (net)
                  0.02    0.00    2.01 v input1/A (sky130_fd_sc_hd__clkbuf_4)
     5    0.07    0.25    0.37    2.38 v input1/X (sky130_fd_sc_hd__clkbuf_4)
                                         net1 (net)
                  0.25    0.00    2.38 v _329_/A (sky130_fd_sc_hd__inv_2)
     1    0.02    0.16    0.22    2.60 ^ _329_/Y (sky130_fd_sc_hd__inv_2)
                                         _059_ (net)
                  0.16    0.00    2.60 ^ _361_/RESET_B (sky130_fd_sc_hd__dfrtp_4)
                                  2.60   data arrival time

                          0.00    0.00   clock clk (rise edge)
                          0.00    0.00   clock source latency
     1    0.02    0.17    0.12    0.12 ^ clk (in)
                                         clk (net)
                  0.17    0.00    0.12 ^ clkbuf_0_clk/A (sky130_fd_sc_hd__clkbuf_16)
     4    0.05    0.11    0.32    0.45 ^ clkbuf_0_clk/X (sky130_fd_sc_hd__clkbuf_16)
                                         clknet_0_clk (net)
                  0.11    0.00    0.45 ^ clkbuf_2_0__f_clk/A (sky130_fd_sc_hd__clkbuf_16)
     9    0.04    0.10    0.28    0.73 ^ clkbuf_2_0__f_clk/X (sky130_fd_sc_hd__clkbuf_16)
                                         clknet_2_0__leaf_clk (net)
                  0.10    0.00    0.73 ^ _361_/CLK (sky130_fd_sc_hd__dfrtp_4)
                          0.25    0.98   clock uncertainty
                          0.00    0.98   clock reconvergence pessimism
                          0.69    1.67   library removal time
                                  1.67   data required time
-----------------------------------------------------------------------------
                                  1.67   data required time
                                 -2.60   data arrival time
-----------------------------------------------------------------------------
                                  0.93   slack (MET)


Startpoint: _330_ (rising edge-triggered flip-flop clocked by clk)
Endpoint: _330_ (rising edge-triggered flip-flop clocked by clk)
Path Group: clk
Path Type: min
Corner: Slowest

Fanout     Cap    Slew   Delay    Time   Description
-----------------------------------------------------------------------------
                          0.00    0.00   clock clk (rise edge)
                          0.00    0.00   clock source latency
     1    0.02    0.17    0.11    0.11 ^ clk (in)
                                         clk (net)
                  0.17    0.00    0.11 ^ clkbuf_0_clk/A (sky130_fd_sc_hd__clkbuf_16)
     4    0.05    0.11    0.29    0.40 ^ clkbuf_0_clk/X (sky130_fd_sc_hd__clkbuf_16)
                                         clknet_0_clk (net)
                  0.11    0.00    0.40 ^ clkbuf_2_1__f_clk/A (sky130_fd_sc_hd__clkbuf_16)
    11    0.03    0.09    0.25    0.65 ^ clkbuf_2_1__f_clk/X (sky130_fd_sc_hd__clkbuf_16)
                                         clknet_2_1__leaf_clk (net)
                  0.09    0.00    0.65 ^ _330_/CLK (sky130_fd_sc_hd__dfrtp_4)
     7    0.05    0.29    0.95    1.60 ^ _330_/Q (sky130_fd_sc_hd__dfrtp_4)
                                         one_second_counter[0] (net)
                  0.29    0.00    1.60 ^ _190_/A (sky130_fd_sc_hd__nor2_1)
     1    0.01    0.11    0.20    1.80 v _190_/Y (sky130_fd_sc_hd__nor2_1)
                                         _000_ (net)
                  0.11    0.00    1.80 v _330_/D (sky130_fd_sc_hd__dfrtp_4)
                                  1.80   data arrival time

                          0.00    0.00   clock clk (rise edge)
                          0.00    0.00   clock source latency
     1    0.02    0.17    0.12    0.12 ^ clk (in)
                                         clk (net)
                  0.17    0.00    0.12 ^ clkbuf_0_clk/A (sky130_fd_sc_hd__clkbuf_16)
     4    0.05    0.11    0.32    0.45 ^ clkbuf_0_clk/X (sky130_fd_sc_hd__clkbuf_16)
                                         clknet_0_clk (net)
                  0.11    0.00    0.45 ^ clkbuf_2_1__f_clk/A (sky130_fd_sc_hd__clkbuf_16)
    11    0.03    0.09    0.27    0.72 ^ clkbuf_2_1__f_clk/X (sky130_fd_sc_hd__clkbuf_16)
                                         clknet_2_1__leaf_clk (net)
                  0.09    0.00    0.72 ^ _330_/CLK (sky130_fd_sc_hd__dfrtp_4)
                          0.25    0.97   clock uncertainty
                         -0.07    0.90   clock reconvergence pessimism
                         -0.10    0.80   library hold time
                                  0.80   data required time
-----------------------------------------------------------------------------
                                  0.80   data required time
                                 -1.80   data arrival time
-----------------------------------------------------------------------------
                                  1.01   slack (MET)


Startpoint: _355_ (rising edge-triggered flip-flop clocked by clk)
Endpoint: _356_ (rising edge-triggered flip-flop clocked by clk)
Path Group: clk
Path Type: min
Corner: Slowest

Fanout     Cap    Slew   Delay    Time   Description
-----------------------------------------------------------------------------
                          0.00    0.00   clock clk (rise edge)
                          0.00    0.00   clock source latency
     1    0.02    0.17    0.11    0.11 ^ clk (in)
                                         clk (net)
                  0.17    0.00    0.11 ^ clkbuf_0_clk/A (sky130_fd_sc_hd__clkbuf_16)
     4    0.05    0.11    0.29    0.40 ^ clkbuf_0_clk/X (sky130_fd_sc_hd__clkbuf_16)
                                         clknet_0_clk (net)
                  0.11    0.00    0.40 ^ clkbuf_2_1__f_clk/A (sky130_fd_sc_hd__clkbuf_16)
    11    0.03    0.09    0.25    0.65 ^ clkbuf_2_1__f_clk/X (sky130_fd_sc_hd__clkbuf_16)
                                         clknet_2_1__leaf_clk (net)
                  0.09    0.00    0.65 ^ _355_/CLK (sky130_fd_sc_hd__dfrtp_4)
     4    0.04    0.23    0.91    1.56 ^ _355_/Q (sky130_fd_sc_hd__dfrtp_4)
                                         one_second_counter[25] (net)
                  0.23    0.00    1.56 ^ _284_/A2 (sky130_fd_sc_hd__o211a_1)
     1    0.00    0.09    0.33    1.89 ^ _284_/X (sky130_fd_sc_hd__o211a_1)
                                         _018_ (net)
                  0.09    0.00    1.89 ^ _356_/D (sky130_fd_sc_hd__dfrtp_1)
                                  1.89   data arrival time

                          0.00    0.00   clock clk (rise edge)
                          0.00    0.00   clock source latency
     1    0.02    0.17    0.12    0.12 ^ clk (in)
                                         clk (net)
                  0.17    0.00    0.12 ^ clkbuf_0_clk/A (sky130_fd_sc_hd__clkbuf_16)
     4    0.05    0.11    0.32    0.45 ^ clkbuf_0_clk/X (sky130_fd_sc_hd__clkbuf_16)
                                         clknet_0_clk (net)
                  0.11    0.00    0.45 ^ clkbuf_2_1__f_clk/A (sky130_fd_sc_hd__clkbuf_16)
    11    0.03    0.09    0.27    0.72 ^ clkbuf_2_1__f_clk/X (sky130_fd_sc_hd__clkbuf_16)
                                         clknet_2_1__leaf_clk (net)
                  0.09    0.00    0.72 ^ _356_/CLK (sky130_fd_sc_hd__dfrtp_1)
                          0.25    0.97   clock uncertainty
                         -0.07    0.90   clock reconvergence pessimism
                         -0.08    0.82   library hold time
                                  0.82   data required time
-----------------------------------------------------------------------------
                                  0.82   data required time
                                 -1.89   data arrival time
-----------------------------------------------------------------------------
                                  1.07   slack (MET)


Startpoint: _361_ (rising edge-triggered flip-flop clocked by clk)
Endpoint: _361_ (rising edge-triggered flip-flop clocked by clk)
Path Group: clk
Path Type: min
Corner: Slowest

Fanout     Cap    Slew   Delay    Time   Description
-----------------------------------------------------------------------------
                          0.00    0.00   clock clk (rise edge)
                          0.00    0.00   clock source latency
     1    0.02    0.17    0.11    0.11 ^ clk (in)
                                         clk (net)
                  0.17    0.00    0.11 ^ clkbuf_0_clk/A (sky130_fd_sc_hd__clkbuf_16)
     4    0.05    0.11    0.29    0.40 ^ clkbuf_0_clk/X (sky130_fd_sc_hd__clkbuf_16)
                                         clknet_0_clk (net)
                  0.11    0.00    0.40 ^ clkbuf_2_0__f_clk/A (sky130_fd_sc_hd__clkbuf_16)
     9    0.04    0.10    0.25    0.66 ^ clkbuf_2_0__f_clk/X (sky130_fd_sc_hd__clkbuf_16)
                                         clknet_2_0__leaf_clk (net)
                  0.10    0.00    0.66 ^ _361_/CLK (sky130_fd_sc_hd__dfrtp_4)
     6    0.05    0.26    0.93    1.59 ^ _361_/Q (sky130_fd_sc_hd__dfrtp_4)
                                         decoder.digit[3] (net)
                  0.26    0.00    1.60 ^ _164_/A (sky130_fd_sc_hd__xnor2_1)
     1    0.01    0.16    0.27    1.86 v _164_/Y (sky130_fd_sc_hd__xnor2_1)
                                         _063_ (net)
                  0.16    0.00    1.86 v _361_/D (sky130_fd_sc_hd__dfrtp_4)
                                  1.86   data arrival time

                          0.00    0.00   clock clk (rise edge)
                          0.00    0.00   clock source latency
     1    0.02    0.17    0.12    0.12 ^ clk (in)
                                         clk (net)
                  0.17    0.00    0.12 ^ clkbuf_0_clk/A (sky130_fd_sc_hd__clkbuf_16)
     4    0.05    0.11    0.32    0.45 ^ clkbuf_0_clk/X (sky130_fd_sc_hd__clkbuf_16)
                                         clknet_0_clk (net)
                  0.11    0.00    0.45 ^ clkbuf_2_0__f_clk/A (sky130_fd_sc_hd__clkbuf_16)
     9    0.04    0.10    0.28    0.73 ^ clkbuf_2_0__f_clk/X (sky130_fd_sc_hd__clkbuf_16)
                                         clknet_2_0__leaf_clk (net)
                  0.10    0.00    0.73 ^ _361_/CLK (sky130_fd_sc_hd__dfrtp_4)
                          0.25    0.98   clock uncertainty
                         -0.07    0.91   clock reconvergence pessimism
                         -0.12    0.79   library hold time
                                  0.79   data required time
-----------------------------------------------------------------------------
                                  0.79   data required time
                                 -1.86   data arrival time
-----------------------------------------------------------------------------
                                  1.07   slack (MET)


Startpoint: _357_ (rising edge-triggered flip-flop clocked by clk)
Endpoint: _358_ (rising edge-triggered flip-flop clocked by clk)
Path Group: clk
Path Type: min
Corner: Slowest

Fanout     Cap    Slew   Delay    Time   Description
-----------------------------------------------------------------------------
                          0.00    0.00   clock clk (rise edge)
                          0.00    0.00   clock source latency
     1    0.02    0.17    0.11    0.11 ^ clk (in)
                                         clk (net)
                  0.17    0.00    0.11 ^ clkbuf_0_clk/A (sky130_fd_sc_hd__clkbuf_16)
     4    0.05    0.11    0.29    0.40 ^ clkbuf_0_clk/X (sky130_fd_sc_hd__clkbuf_16)
                                         clknet_0_clk (net)
                  0.11    0.00    0.40 ^ clkbuf_2_2__f_clk/A (sky130_fd_sc_hd__clkbuf_16)
     7    0.05    0.10    0.26    0.66 ^ clkbuf_2_2__f_clk/X (sky130_fd_sc_hd__clkbuf_16)
                                         clknet_2_2__leaf_clk (net)
                  0.10    0.00    0.67 ^ _357_/CLK (sky130_fd_sc_hd__dfrtp_4)
     5    0.04    0.24    0.92    1.59 ^ _357_/Q (sky130_fd_sc_hd__dfrtp_4)
                                         one_second_enable (net)
                  0.24    0.00    1.59 ^ _174_/A1 (sky130_fd_sc_hd__a21oi_1)
     1    0.01    0.20    0.30    1.89 v _174_/Y (sky130_fd_sc_hd__a21oi_1)
                                         _060_ (net)
                  0.20    0.00    1.89 v _358_/D (sky130_fd_sc_hd__dfrtp_4)
                                  1.89   data arrival time

                          0.00    0.00   clock clk (rise edge)
                          0.00    0.00   clock source latency
     1    0.02    0.17    0.12    0.12 ^ clk (in)
                                         clk (net)
                  0.17    0.00    0.12 ^ clkbuf_0_clk/A (sky130_fd_sc_hd__clkbuf_16)
     4    0.05    0.11    0.32    0.45 ^ clkbuf_0_clk/X (sky130_fd_sc_hd__clkbuf_16)
                                         clknet_0_clk (net)
                  0.11    0.00    0.45 ^ clkbuf_2_2__f_clk/A (sky130_fd_sc_hd__clkbuf_16)
     7    0.05    0.10    0.29    0.73 ^ clkbuf_2_2__f_clk/X (sky130_fd_sc_hd__clkbuf_16)
                                         clknet_2_2__leaf_clk (net)
                  0.10    0.00    0.74 ^ _358_/CLK (sky130_fd_sc_hd__dfrtp_4)
                          0.25    0.99   clock uncertainty
                         -0.07    0.92   clock reconvergence pessimism
                         -0.13    0.78   library hold time
                                  0.78   data required time
-----------------------------------------------------------------------------
                                  0.78   data required time
                                 -1.89   data arrival time
-----------------------------------------------------------------------------
                                  1.11   slack (MET)


Startpoint: _353_ (rising edge-triggered flip-flop clocked by clk)
Endpoint: _353_ (rising edge-triggered flip-flop clocked by clk)
Path Group: clk
Path Type: min
Corner: Slowest

Fanout     Cap    Slew   Delay    Time   Description
-----------------------------------------------------------------------------
                          0.00    0.00   clock clk (rise edge)
                          0.00    0.00   clock source latency
     1    0.02    0.17    0.11    0.11 ^ clk (in)
                                         clk (net)
                  0.17    0.00    0.11 ^ clkbuf_0_clk/A (sky130_fd_sc_hd__clkbuf_16)
     4    0.05    0.11    0.29    0.40 ^ clkbuf_0_clk/X (sky130_fd_sc_hd__clkbuf_16)
                                         clknet_0_clk (net)
                  0.11    0.00    0.40 ^ clkbuf_2_1__f_clk/A (sky130_fd_sc_hd__clkbuf_16)
    11    0.03    0.09    0.25    0.65 ^ clkbuf_2_1__f_clk/X (sky130_fd_sc_hd__clkbuf_16)
                                         clknet_2_1__leaf_clk (net)
                  0.09    0.00    0.65 ^ _353_/CLK (sky130_fd_sc_hd__dfrtp_1)
     2    0.02    0.18    0.82    1.47 v _353_/Q (sky130_fd_sc_hd__dfrtp_1)
                                         one_second_counter[23] (net)
                  0.18    0.00    1.47 v _273_/A (sky130_fd_sc_hd__inv_2)
     1    0.02    0.18    0.21    1.68 ^ _273_/Y (sky130_fd_sc_hd__inv_2)
                                         _147_ (net)
                  0.18    0.00    1.68 ^ _275_/A1 (sky130_fd_sc_hd__a221oi_2)
     1    0.02    0.13    0.23    1.91 v _275_/Y (sky130_fd_sc_hd__a221oi_2)
                                         _015_ (net)
                  0.13    0.00    1.91 v _353_/D (sky130_fd_sc_hd__dfrtp_1)
                                  1.91   data arrival time

                          0.00    0.00   clock clk (rise edge)
                          0.00    0.00   clock source latency
     1    0.02    0.17    0.12    0.12 ^ clk (in)
                                         clk (net)
                  0.17    0.00    0.12 ^ clkbuf_0_clk/A (sky130_fd_sc_hd__clkbuf_16)
     4    0.05    0.11    0.32    0.45 ^ clkbuf_0_clk/X (sky130_fd_sc_hd__clkbuf_16)
                                         clknet_0_clk (net)
                  0.11    0.00    0.45 ^ clkbuf_2_1__f_clk/A (sky130_fd_sc_hd__clkbuf_16)
    11    0.03    0.09    0.27    0.72 ^ clkbuf_2_1__f_clk/X (sky130_fd_sc_hd__clkbuf_16)
                                         clknet_2_1__leaf_clk (net)
                  0.09    0.00    0.72 ^ _353_/CLK (sky130_fd_sc_hd__dfrtp_1)
                          0.25    0.97   clock uncertainty
                         -0.07    0.90   clock reconvergence pessimism
                         -0.12    0.78   library hold time
                                  0.78   data required time
-----------------------------------------------------------------------------
                                  0.78   data required time
                                 -1.91   data arrival time
-----------------------------------------------------------------------------
                                  1.13   slack (MET)


Startpoint: _345_ (rising edge-triggered flip-flop clocked by clk)
Endpoint: _345_ (rising edge-triggered flip-flop clocked by clk)
Path Group: clk
Path Type: min
Corner: Slowest

Fanout     Cap    Slew   Delay    Time   Description
-----------------------------------------------------------------------------
                          0.00    0.00   clock clk (rise edge)
                          0.00    0.00   clock source latency
     1    0.02    0.17    0.11    0.11 ^ clk (in)
                                         clk (net)
                  0.17    0.00    0.11 ^ clkbuf_0_clk/A (sky130_fd_sc_hd__clkbuf_16)
     4    0.05    0.11    0.29    0.40 ^ clkbuf_0_clk/X (sky130_fd_sc_hd__clkbuf_16)
                                         clknet_0_clk (net)
                  0.11    0.00    0.40 ^ clkbuf_2_3__f_clk/A (sky130_fd_sc_hd__clkbuf_16)
     8    0.04    0.09    0.25    0.66 ^ clkbuf_2_3__f_clk/X (sky130_fd_sc_hd__clkbuf_16)
                                         clknet_2_3__leaf_clk (net)
                  0.09    0.00    0.66 ^ _345_/CLK (sky130_fd_sc_hd__dfrtp_2)
     3    0.03    0.18    0.89    1.55 v _345_/Q (sky130_fd_sc_hd__dfrtp_2)
                                         one_second_counter[15] (net)
                  0.18    0.00    1.55 v _243_/A (sky130_fd_sc_hd__inv_2)
     1    0.02    0.13    0.18    1.73 ^ _243_/Y (sky130_fd_sc_hd__inv_2)
                                         _125_ (net)
                  0.13    0.00    1.73 ^ _246_/A1 (sky130_fd_sc_hd__a211oi_2)
     1    0.02    0.13    0.23    1.96 v _246_/Y (sky130_fd_sc_hd__a211oi_2)
                                         _006_ (net)
                  0.13    0.00    1.96 v _345_/D (sky130_fd_sc_hd__dfrtp_2)
                                  1.96   data arrival time

                          0.00    0.00   clock clk (rise edge)
                          0.00    0.00   clock source latency
     1    0.02    0.17    0.12    0.12 ^ clk (in)
                                         clk (net)
                  0.17    0.00    0.12 ^ clkbuf_0_clk/A (sky130_fd_sc_hd__clkbuf_16)
     4    0.05    0.11    0.32    0.45 ^ clkbuf_0_clk/X (sky130_fd_sc_hd__clkbuf_16)
                                         clknet_0_clk (net)
                  0.11    0.00    0.45 ^ clkbuf_2_3__f_clk/A (sky130_fd_sc_hd__clkbuf_16)
     8    0.04    0.09    0.28    0.72 ^ clkbuf_2_3__f_clk/X (sky130_fd_sc_hd__clkbuf_16)
                                         clknet_2_3__leaf_clk (net)
                  0.09    0.00    0.73 ^ _345_/CLK (sky130_fd_sc_hd__dfrtp_2)
                          0.25    0.98   clock uncertainty
                         -0.07    0.91   clock reconvergence pessimism
                         -0.11    0.80   library hold time
                                  0.80   data required time
-----------------------------------------------------------------------------
                                  0.80   data required time
                                 -1.96   data arrival time
-----------------------------------------------------------------------------
                                  1.16   slack (MET)


Startpoint: _337_ (rising edge-triggered flip-flop clocked by clk)
Endpoint: _337_ (rising edge-triggered flip-flop clocked by clk)
Path Group: clk
Path Type: min
Corner: Slowest

Fanout     Cap    Slew   Delay    Time   Description
-----------------------------------------------------------------------------
                          0.00    0.00   clock clk (rise edge)
                          0.00    0.00   clock source latency
     1    0.02    0.17    0.11    0.11 ^ clk (in)
                                         clk (net)
                  0.17    0.00    0.11 ^ clkbuf_0_clk/A (sky130_fd_sc_hd__clkbuf_16)
     4    0.05    0.11    0.29    0.40 ^ clkbuf_0_clk/X (sky130_fd_sc_hd__clkbuf_16)
                                         clknet_0_clk (net)
                  0.11    0.00    0.40 ^ clkbuf_2_1__f_clk/A (sky130_fd_sc_hd__clkbuf_16)
    11    0.03    0.09    0.25    0.65 ^ clkbuf_2_1__f_clk/X (sky130_fd_sc_hd__clkbuf_16)
                                         clknet_2_1__leaf_clk (net)
                  0.09    0.00    0.65 ^ _337_/CLK (sky130_fd_sc_hd__dfrtp_2)
     2    0.03    0.17    0.89    1.54 v _337_/Q (sky130_fd_sc_hd__dfrtp_2)
                                         one_second_counter[7] (net)
                  0.17    0.00    1.54 v _214_/A (sky130_fd_sc_hd__inv_2)
     1    0.01    0.08    0.12    1.66 ^ _214_/Y (sky130_fd_sc_hd__inv_2)
                                         _104_ (net)
                  0.08    0.00    1.66 ^ _215_/A1 (sky130_fd_sc_hd__a211oi_1)
     1    0.02    0.16    0.28    1.94 v _215_/Y (sky130_fd_sc_hd__a211oi_1)
                                         _024_ (net)
                  0.16    0.00    1.94 v _337_/D (sky130_fd_sc_hd__dfrtp_2)
                                  1.94   data arrival time

                          0.00    0.00   clock clk (rise edge)
                          0.00    0.00   clock source latency
     1    0.02    0.17    0.12    0.12 ^ clk (in)
                                         clk (net)
                  0.17    0.00    0.12 ^ clkbuf_0_clk/A (sky130_fd_sc_hd__clkbuf_16)
     4    0.05    0.11    0.32    0.45 ^ clkbuf_0_clk/X (sky130_fd_sc_hd__clkbuf_16)
                                         clknet_0_clk (net)
                  0.11    0.00    0.45 ^ clkbuf_2_1__f_clk/A (sky130_fd_sc_hd__clkbuf_16)
    11    0.03    0.09    0.27    0.72 ^ clkbuf_2_1__f_clk/X (sky130_fd_sc_hd__clkbuf_16)
                                         clknet_2_1__leaf_clk (net)
                  0.09    0.00    0.72 ^ _337_/CLK (sky130_fd_sc_hd__dfrtp_2)
                          0.25    0.97   clock uncertainty
                         -0.07    0.90   clock reconvergence pessimism
                         -0.12    0.78   library hold time
                                  0.78   data required time
-----------------------------------------------------------------------------
                                  0.78   data required time
                                 -1.94   data arrival time
-----------------------------------------------------------------------------
                                  1.16   slack (MET)


Startpoint: rst (input port clocked by clk)
Endpoint: _351_ (removal check against rising-edge clock clk)
Path Group: asynchronous
Path Type: min
Corner: Slowest

Fanout     Cap    Slew   Delay    Time   Description
-----------------------------------------------------------------------------
                          0.00    0.00   clock clk (rise edge)
                          0.00    0.00   clock network delay (propagated)
                          2.00    2.00 v input external delay
     1    0.00    0.02    0.01    2.01 v rst (in)
                                         rst (net)
                  0.02    0.00    2.01 v input1/A (sky130_fd_sc_hd__clkbuf_4)
     5    0.07    0.25    0.37    2.38 v input1/X (sky130_fd_sc_hd__clkbuf_4)
                                         net1 (net)
                  0.25    0.00    2.38 v _317_/A (sky130_fd_sc_hd__clkbuf_8)
    10    0.07    0.15    0.40    2.78 v _317_/X (sky130_fd_sc_hd__clkbuf_8)
                                         _161_ (net)
                  0.15    0.00    2.78 v _319_/A (sky130_fd_sc_hd__inv_2)
     1    0.01    0.07    0.11    2.89 ^ _319_/Y (sky130_fd_sc_hd__inv_2)
                                         _049_ (net)
                  0.07    0.00    2.89 ^ _351_/RESET_B (sky130_fd_sc_hd__dfrtp_2)
                                  2.89   data arrival time

                          0.00    0.00   clock clk (rise edge)
                          0.00    0.00   clock source latency
     1    0.02    0.17    0.12    0.12 ^ clk (in)
                                         clk (net)
                  0.17    0.00    0.12 ^ clkbuf_0_clk/A (sky130_fd_sc_hd__clkbuf_16)
     4    0.05    0.11    0.32    0.45 ^ clkbuf_0_clk/X (sky130_fd_sc_hd__clkbuf_16)
                                         clknet_0_clk (net)
                  0.11    0.00    0.45 ^ clkbuf_2_2__f_clk/A (sky130_fd_sc_hd__clkbuf_16)
     7    0.05    0.10    0.29    0.73 ^ clkbuf_2_2__f_clk/X (sky130_fd_sc_hd__clkbuf_16)
                                         clknet_2_2__leaf_clk (net)
                  0.10    0.00    0.74 ^ _351_/CLK (sky130_fd_sc_hd__dfrtp_2)
                          0.25    0.99   clock uncertainty
                          0.00    0.99   clock reconvergence pessimism
                          0.67    1.65   library removal time
                                  1.65   data required time
-----------------------------------------------------------------------------
                                  1.65   data required time
                                 -2.89   data arrival time
-----------------------------------------------------------------------------
                                  1.24   slack (MET)


Startpoint: rst (input port clocked by clk)
Endpoint: _346_ (removal check against rising-edge clock clk)
Path Group: asynchronous
Path Type: min
Corner: Slowest

Fanout     Cap    Slew   Delay    Time   Description
-----------------------------------------------------------------------------
                          0.00    0.00   clock clk (rise edge)
                          0.00    0.00   clock network delay (propagated)
                          2.00    2.00 v input external delay
     1    0.00    0.02    0.01    2.01 v rst (in)
                                         rst (net)
                  0.02    0.00    2.01 v input1/A (sky130_fd_sc_hd__clkbuf_4)
     5    0.07    0.25    0.37    2.38 v input1/X (sky130_fd_sc_hd__clkbuf_4)
                                         net1 (net)
                  0.25    0.00    2.38 v _306_/A (sky130_fd_sc_hd__clkbuf_8)
    10    0.08    0.16    0.40    2.78 v _306_/X (sky130_fd_sc_hd__clkbuf_8)
                                         _160_ (net)
                  0.16    0.00    2.79 v _313_/A (sky130_fd_sc_hd__inv_2)
     1    0.01    0.07    0.11    2.90 ^ _313_/Y (sky130_fd_sc_hd__inv_2)
                                         _044_ (net)
                  0.07    0.00    2.90 ^ _346_/RESET_B (sky130_fd_sc_hd__dfrtp_4)
                                  2.90   data arrival time

                          0.00    0.00   clock clk (rise edge)
                          0.00    0.00   clock source latency
     1    0.02    0.17    0.12    0.12 ^ clk (in)
                                         clk (net)
                  0.17    0.00    0.12 ^ clkbuf_0_clk/A (sky130_fd_sc_hd__clkbuf_16)
     4    0.05    0.11    0.32    0.45 ^ clkbuf_0_clk/X (sky130_fd_sc_hd__clkbuf_16)
                                         clknet_0_clk (net)
                  0.11    0.00    0.45 ^ clkbuf_2_2__f_clk/A (sky130_fd_sc_hd__clkbuf_16)
     7    0.05    0.10    0.29    0.73 ^ clkbuf_2_2__f_clk/X (sky130_fd_sc_hd__clkbuf_16)
                                         clknet_2_2__leaf_clk (net)
                  0.10    0.00    0.74 ^ _346_/CLK (sky130_fd_sc_hd__dfrtp_4)
                          0.25    0.99   clock uncertainty
                          0.00    0.99   clock reconvergence pessimism
                          0.67    1.65   library removal time
                                  1.65   data required time
-----------------------------------------------------------------------------
                                  1.65   data required time
                                 -2.90   data arrival time
-----------------------------------------------------------------------------
                                  1.25   slack (MET)


Startpoint: rst (input port clocked by clk)
Endpoint: _357_ (removal check against rising-edge clock clk)
Path Group: asynchronous
Path Type: min
Corner: Slowest

Fanout     Cap    Slew   Delay    Time   Description
-----------------------------------------------------------------------------
                          0.00    0.00   clock clk (rise edge)
                          0.00    0.00   clock network delay (propagated)
                          2.00    2.00 v input external delay
     1    0.00    0.02    0.01    2.01 v rst (in)
                                         rst (net)
                  0.02    0.00    2.01 v input1/A (sky130_fd_sc_hd__clkbuf_4)
     5    0.07    0.25    0.37    2.38 v input1/X (sky130_fd_sc_hd__clkbuf_4)
                                         net1 (net)
                  0.25    0.00    2.38 v _317_/A (sky130_fd_sc_hd__clkbuf_8)
    10    0.07    0.15    0.40    2.78 v _317_/X (sky130_fd_sc_hd__clkbuf_8)
                                         _161_ (net)
                  0.15    0.00    2.78 v _325_/A (sky130_fd_sc_hd__inv_2)
     1    0.01    0.09    0.13    2.91 ^ _325_/Y (sky130_fd_sc_hd__inv_2)
                                         _055_ (net)
                  0.09    0.00    2.91 ^ _357_/RESET_B (sky130_fd_sc_hd__dfrtp_4)
                                  2.91   data arrival time

                          0.00    0.00   clock clk (rise edge)
                          0.00    0.00   clock source latency
     1    0.02    0.17    0.12    0.12 ^ clk (in)
                                         clk (net)
                  0.17    0.00    0.12 ^ clkbuf_0_clk/A (sky130_fd_sc_hd__clkbuf_16)
     4    0.05    0.11    0.32    0.45 ^ clkbuf_0_clk/X (sky130_fd_sc_hd__clkbuf_16)
                                         clknet_0_clk (net)
                  0.11    0.00    0.45 ^ clkbuf_2_2__f_clk/A (sky130_fd_sc_hd__clkbuf_16)
     7    0.05    0.10    0.29    0.73 ^ clkbuf_2_2__f_clk/X (sky130_fd_sc_hd__clkbuf_16)
                                         clknet_2_2__leaf_clk (net)
                  0.10    0.00    0.74 ^ _357_/CLK (sky130_fd_sc_hd__dfrtp_4)
                          0.25    0.99   clock uncertainty
                          0.00    0.99   clock reconvergence pessimism
                          0.67    1.66   library removal time
                                  1.66   data required time
-----------------------------------------------------------------------------
                                  1.66   data required time
                                 -2.91   data arrival time
-----------------------------------------------------------------------------
                                  1.25   slack (MET)


Startpoint: rst (input port clocked by clk)
Endpoint: _345_ (removal check against rising-edge clock clk)
Path Group: asynchronous
Path Type: min
Corner: Slowest

Fanout     Cap    Slew   Delay    Time   Description
-----------------------------------------------------------------------------
                          0.00    0.00   clock clk (rise edge)
                          0.00    0.00   clock network delay (propagated)
                          2.00    2.00 v input external delay
     1    0.00    0.02    0.01    2.01 v rst (in)
                                         rst (net)
                  0.02    0.00    2.01 v input1/A (sky130_fd_sc_hd__clkbuf_4)
     5    0.07    0.25    0.37    2.38 v input1/X (sky130_fd_sc_hd__clkbuf_4)
                                         net1 (net)
                  0.25    0.00    2.38 v _306_/A (sky130_fd_sc_hd__clkbuf_8)
    10    0.08    0.16    0.40    2.78 v _306_/X (sky130_fd_sc_hd__clkbuf_8)
                                         _160_ (net)
                  0.16    0.01    2.79 v _312_/A (sky130_fd_sc_hd__inv_2)
     1    0.00    0.06    0.10    2.89 ^ _312_/Y (sky130_fd_sc_hd__inv_2)
                                         _043_ (net)
                  0.06    0.00    2.89 ^ _345_/RESET_B (sky130_fd_sc_hd__dfrtp_2)
                                  2.89   data arrival time

                          0.00    0.00   clock clk (rise edge)
                          0.00    0.00   clock source latency
     1    0.02    0.17    0.12    0.12 ^ clk (in)
                                         clk (net)
                  0.17    0.00    0.12 ^ clkbuf_0_clk/A (sky130_fd_sc_hd__clkbuf_16)
     4    0.05    0.11    0.32    0.45 ^ clkbuf_0_clk/X (sky130_fd_sc_hd__clkbuf_16)
                                         clknet_0_clk (net)
                  0.11    0.00    0.45 ^ clkbuf_2_3__f_clk/A (sky130_fd_sc_hd__clkbuf_16)
     8    0.04    0.09    0.28    0.72 ^ clkbuf_2_3__f_clk/X (sky130_fd_sc_hd__clkbuf_16)
                                         clknet_2_3__leaf_clk (net)
                  0.09    0.00    0.73 ^ _345_/CLK (sky130_fd_sc_hd__dfrtp_2)
                          0.25    0.98   clock uncertainty
                          0.00    0.98   clock reconvergence pessimism
                          0.66    1.64   library removal time
                                  1.64   data required time
-----------------------------------------------------------------------------
                                  1.64   data required time
                                 -2.89   data arrival time
-----------------------------------------------------------------------------
                                  1.26   slack (MET)


Startpoint: _351_ (rising edge-triggered flip-flop clocked by clk)
Endpoint: _351_ (rising edge-triggered flip-flop clocked by clk)
Path Group: clk
Path Type: min
Corner: Slowest

Fanout     Cap    Slew   Delay    Time   Description
-----------------------------------------------------------------------------
                          0.00    0.00   clock clk (rise edge)
                          0.00    0.00   clock source latency
     1    0.02    0.17    0.11    0.11 ^ clk (in)
                                         clk (net)
                  0.17    0.00    0.11 ^ clkbuf_0_clk/A (sky130_fd_sc_hd__clkbuf_16)
     4    0.05    0.11    0.29    0.40 ^ clkbuf_0_clk/X (sky130_fd_sc_hd__clkbuf_16)
                                         clknet_0_clk (net)
                  0.11    0.00    0.40 ^ clkbuf_2_2__f_clk/A (sky130_fd_sc_hd__clkbuf_16)
     7    0.05    0.10    0.26    0.66 ^ clkbuf_2_2__f_clk/X (sky130_fd_sc_hd__clkbuf_16)
                                         clknet_2_2__leaf_clk (net)
                  0.10    0.00    0.67 ^ _351_/CLK (sky130_fd_sc_hd__dfrtp_2)
     3    0.03    0.20    0.92    1.59 v _351_/Q (sky130_fd_sc_hd__dfrtp_2)
                                         one_second_counter[21] (net)
                  0.20    0.00    1.59 v _266_/A (sky130_fd_sc_hd__inv_2)
     1    0.03    0.21    0.24    1.83 ^ _266_/Y (sky130_fd_sc_hd__inv_2)
                                         _142_ (net)
                  0.21    0.00    1.83 ^ _268_/A1 (sky130_fd_sc_hd__a211oi_2)
     1    0.02    0.13    0.25    2.08 v _268_/Y (sky130_fd_sc_hd__a211oi_2)
                                         _013_ (net)
                  0.13    0.00    2.08 v _351_/D (sky130_fd_sc_hd__dfrtp_2)
                                  2.08   data arrival time

                          0.00    0.00   clock clk (rise edge)
                          0.00    0.00   clock source latency
     1    0.02    0.17    0.12    0.12 ^ clk (in)
                                         clk (net)
                  0.17    0.00    0.12 ^ clkbuf_0_clk/A (sky130_fd_sc_hd__clkbuf_16)
     4    0.05    0.11    0.32    0.45 ^ clkbuf_0_clk/X (sky130_fd_sc_hd__clkbuf_16)
                                         clknet_0_clk (net)
                  0.11    0.00    0.45 ^ clkbuf_2_2__f_clk/A (sky130_fd_sc_hd__clkbuf_16)
     7    0.05    0.10    0.29    0.73 ^ clkbuf_2_2__f_clk/X (sky130_fd_sc_hd__clkbuf_16)
                                         clknet_2_2__leaf_clk (net)
                  0.10    0.00    0.74 ^ _351_/CLK (sky130_fd_sc_hd__dfrtp_2)
                          0.25    0.99   clock uncertainty
                         -0.07    0.92   clock reconvergence pessimism
                         -0.10    0.81   library hold time
                                  0.81   data required time
-----------------------------------------------------------------------------
                                  0.81   data required time
                                 -2.08   data arrival time
-----------------------------------------------------------------------------
                                  1.27   slack (MET)


Startpoint: rst (input port clocked by clk)
Endpoint: _353_ (removal check against rising-edge clock clk)
Path Group: asynchronous
Path Type: min
Corner: Slowest

Fanout     Cap    Slew   Delay    Time   Description
-----------------------------------------------------------------------------
                          0.00    0.00   clock clk (rise edge)
                          0.00    0.00   clock network delay (propagated)
                          2.00    2.00 v input external delay
     1    0.00    0.02    0.01    2.01 v rst (in)
                                         rst (net)
                  0.02    0.00    2.01 v input1/A (sky130_fd_sc_hd__clkbuf_4)
     5    0.07    0.25    0.37    2.38 v input1/X (sky130_fd_sc_hd__clkbuf_4)
                                         net1 (net)
                  0.25    0.00    2.38 v _317_/A (sky130_fd_sc_hd__clkbuf_8)
    10    0.07    0.15    0.40    2.78 v _317_/X (sky130_fd_sc_hd__clkbuf_8)
                                         _161_ (net)
                  0.15    0.00    2.78 v _321_/A (sky130_fd_sc_hd__inv_2)
     1    0.01    0.08    0.12    2.90 ^ _321_/Y (sky130_fd_sc_hd__inv_2)
                                         _051_ (net)
                  0.08    0.00    2.90 ^ _353_/RESET_B (sky130_fd_sc_hd__dfrtp_1)
                                  2.90   data arrival time

                          0.00    0.00   clock clk (rise edge)
                          0.00    0.00   clock source latency
     1    0.02    0.17    0.12    0.12 ^ clk (in)
                                         clk (net)
                  0.17    0.00    0.12 ^ clkbuf_0_clk/A (sky130_fd_sc_hd__clkbuf_16)
     4    0.05    0.11    0.32    0.45 ^ clkbuf_0_clk/X (sky130_fd_sc_hd__clkbuf_16)
                                         clknet_0_clk (net)
                  0.11    0.00    0.45 ^ clkbuf_2_1__f_clk/A (sky130_fd_sc_hd__clkbuf_16)
    11    0.03    0.09    0.27    0.72 ^ clkbuf_2_1__f_clk/X (sky130_fd_sc_hd__clkbuf_16)
                                         clknet_2_1__leaf_clk (net)
                  0.09    0.00    0.72 ^ _353_/CLK (sky130_fd_sc_hd__dfrtp_1)
                          0.25    0.97   clock uncertainty
                          0.00    0.97   clock reconvergence pessimism
                          0.67    1.63   library removal time
                                  1.63   data required time
-----------------------------------------------------------------------------
                                  1.63   data required time
                                 -2.90   data arrival time
-----------------------------------------------------------------------------
                                  1.27   slack (MET)


Startpoint: rst (input port clocked by clk)
Endpoint: _358_ (removal check against rising-edge clock clk)
Path Group: asynchronous
Path Type: min
Corner: Slowest

Fanout     Cap    Slew   Delay    Time   Description
-----------------------------------------------------------------------------
                          0.00    0.00   clock clk (rise edge)
                          0.00    0.00   clock network delay (propagated)
                          2.00    2.00 v input external delay
     1    0.00    0.02    0.01    2.01 v rst (in)
                                         rst (net)
                  0.02    0.00    2.01 v input1/A (sky130_fd_sc_hd__clkbuf_4)
     5    0.07    0.25    0.37    2.38 v input1/X (sky130_fd_sc_hd__clkbuf_4)
                                         net1 (net)
                  0.25    0.00    2.38 v _317_/A (sky130_fd_sc_hd__clkbuf_8)
    10    0.07    0.15    0.40    2.78 v _317_/X (sky130_fd_sc_hd__clkbuf_8)
                                         _161_ (net)
                  0.15    0.00    2.78 v _326_/A (sky130_fd_sc_hd__inv_2)
     1    0.02    0.13    0.17    2.95 ^ _326_/Y (sky130_fd_sc_hd__inv_2)
                                         _056_ (net)
                  0.13    0.00    2.95 ^ _358_/RESET_B (sky130_fd_sc_hd__dfrtp_4)
                                  2.95   data arrival time

                          0.00    0.00   clock clk (rise edge)
                          0.00    0.00   clock source latency
     1    0.02    0.17    0.12    0.12 ^ clk (in)
                                         clk (net)
                  0.17    0.00    0.12 ^ clkbuf_0_clk/A (sky130_fd_sc_hd__clkbuf_16)
     4    0.05    0.11    0.32    0.45 ^ clkbuf_0_clk/X (sky130_fd_sc_hd__clkbuf_16)
                                         clknet_0_clk (net)
                  0.11    0.00    0.45 ^ clkbuf_2_2__f_clk/A (sky130_fd_sc_hd__clkbuf_16)
     7    0.05    0.10    0.29    0.73 ^ clkbuf_2_2__f_clk/X (sky130_fd_sc_hd__clkbuf_16)
                                         clknet_2_2__leaf_clk (net)
                  0.10    0.00    0.74 ^ _358_/CLK (sky130_fd_sc_hd__dfrtp_4)
                          0.25    0.99   clock uncertainty
                          0.00    0.99   clock reconvergence pessimism
                          0.69    1.67   library removal time
                                  1.67   data required time
-----------------------------------------------------------------------------
                                  1.67   data required time
                                 -2.95   data arrival time
-----------------------------------------------------------------------------
                                  1.27   slack (MET)


Startpoint: rst (input port clocked by clk)
Endpoint: _359_ (removal check against rising-edge clock clk)
Path Group: asynchronous
Path Type: min
Corner: Slowest

Fanout     Cap    Slew   Delay    Time   Description
-----------------------------------------------------------------------------
                          0.00    0.00   clock clk (rise edge)
                          0.00    0.00   clock network delay (propagated)
                          2.00    2.00 v input external delay
     1    0.00    0.02    0.01    2.01 v rst (in)
                                         rst (net)
                  0.02    0.00    2.01 v input1/A (sky130_fd_sc_hd__clkbuf_4)
     5    0.07    0.25    0.37    2.38 v input1/X (sky130_fd_sc_hd__clkbuf_4)
                                         net1 (net)
                  0.25    0.00    2.38 v _317_/A (sky130_fd_sc_hd__clkbuf_8)
    10    0.07    0.15    0.40    2.78 v _317_/X (sky130_fd_sc_hd__clkbuf_8)
                                         _161_ (net)
                  0.15    0.00    2.78 v _327_/A (sky130_fd_sc_hd__inv_2)
     1    0.01    0.12    0.15    2.93 ^ _327_/Y (sky130_fd_sc_hd__inv_2)
                                         _057_ (net)
                  0.12    0.00    2.93 ^ _359_/RESET_B (sky130_fd_sc_hd__dfrtp_4)
                                  2.93   data arrival time

                          0.00    0.00   clock clk (rise edge)
                          0.00    0.00   clock source latency
     1    0.02    0.17    0.12    0.12 ^ clk (in)
                                         clk (net)
                  0.17    0.00    0.12 ^ clkbuf_0_clk/A (sky130_fd_sc_hd__clkbuf_16)
     4    0.05    0.11    0.32    0.45 ^ clkbuf_0_clk/X (sky130_fd_sc_hd__clkbuf_16)
                                         clknet_0_clk (net)
                  0.11    0.00    0.45 ^ clkbuf_2_0__f_clk/A (sky130_fd_sc_hd__clkbuf_16)
     9    0.04    0.10    0.28    0.73 ^ clkbuf_2_0__f_clk/X (sky130_fd_sc_hd__clkbuf_16)
                                         clknet_2_0__leaf_clk (net)
                  0.10    0.00    0.73 ^ _359_/CLK (sky130_fd_sc_hd__dfrtp_4)
                          0.25    0.98   clock uncertainty
                          0.00    0.98   clock reconvergence pessimism
                          0.68    1.66   library removal time
                                  1.66   data required time
-----------------------------------------------------------------------------
                                  1.66   data required time
                                 -2.93   data arrival time
-----------------------------------------------------------------------------
                                  1.27   slack (MET)


Startpoint: rst (input port clocked by clk)
Endpoint: _352_ (removal check against rising-edge clock clk)
Path Group: asynchronous
Path Type: min
Corner: Slowest

Fanout     Cap    Slew   Delay    Time   Description
-----------------------------------------------------------------------------
                          0.00    0.00   clock clk (rise edge)
                          0.00    0.00   clock network delay (propagated)
                          2.00    2.00 v input external delay
     1    0.00    0.02    0.01    2.01 v rst (in)
                                         rst (net)
                  0.02    0.00    2.01 v input1/A (sky130_fd_sc_hd__clkbuf_4)
     5    0.07    0.25    0.37    2.38 v input1/X (sky130_fd_sc_hd__clkbuf_4)
                                         net1 (net)
                  0.25    0.00    2.38 v _317_/A (sky130_fd_sc_hd__clkbuf_8)
    10    0.07    0.15    0.40    2.78 v _317_/X (sky130_fd_sc_hd__clkbuf_8)
                                         _161_ (net)
                  0.15    0.00    2.78 v _320_/A (sky130_fd_sc_hd__inv_2)
     1    0.01    0.12    0.16    2.93 ^ _320_/Y (sky130_fd_sc_hd__inv_2)
                                         _050_ (net)
                  0.12    0.00    2.93 ^ _352_/RESET_B (sky130_fd_sc_hd__dfrtp_1)
                                  2.93   data arrival time

                          0.00    0.00   clock clk (rise edge)
                          0.00    0.00   clock source latency
     1    0.02    0.17    0.12    0.12 ^ clk (in)
                                         clk (net)
                  0.17    0.00    0.12 ^ clkbuf_0_clk/A (sky130_fd_sc_hd__clkbuf_16)
     4    0.05    0.11    0.32    0.45 ^ clkbuf_0_clk/X (sky130_fd_sc_hd__clkbuf_16)
                                         clknet_0_clk (net)
                  0.11    0.00    0.45 ^ clkbuf_2_0__f_clk/A (sky130_fd_sc_hd__clkbuf_16)
     9    0.04    0.10    0.28    0.73 ^ clkbuf_2_0__f_clk/X (sky130_fd_sc_hd__clkbuf_16)
                                         clknet_2_0__leaf_clk (net)
                  0.10    0.00    0.73 ^ _352_/CLK (sky130_fd_sc_hd__dfrtp_1)
                          0.25    0.98   clock uncertainty
                          0.00    0.98   clock reconvergence pessimism
                          0.68    1.66   library removal time
                                  1.66   data required time
-----------------------------------------------------------------------------
                                  1.66   data required time
                                 -2.93   data arrival time
-----------------------------------------------------------------------------
                                  1.27   slack (MET)


Startpoint: rst (input port clocked by clk)
Endpoint: _341_ (removal check against rising-edge clock clk)
Path Group: asynchronous
Path Type: min
Corner: Slowest

Fanout     Cap    Slew   Delay    Time   Description
-----------------------------------------------------------------------------
                          0.00    0.00   clock clk (rise edge)
                          0.00    0.00   clock network delay (propagated)
                          2.00    2.00 v input external delay
     1    0.00    0.02    0.01    2.01 v rst (in)
                                         rst (net)
                  0.02    0.00    2.01 v input1/A (sky130_fd_sc_hd__clkbuf_4)
     5    0.07    0.25    0.37    2.38 v input1/X (sky130_fd_sc_hd__clkbuf_4)
                                         net1 (net)
                  0.25    0.00    2.38 v _306_/A (sky130_fd_sc_hd__clkbuf_8)
    10    0.08    0.16    0.40    2.78 v _306_/X (sky130_fd_sc_hd__clkbuf_8)
                                         _160_ (net)
                  0.16    0.01    2.79 v _308_/A (sky130_fd_sc_hd__inv_2)
     1    0.01    0.10    0.14    2.93 ^ _308_/Y (sky130_fd_sc_hd__inv_2)
                                         _039_ (net)
                  0.10    0.00    2.93 ^ _341_/RESET_B (sky130_fd_sc_hd__dfrtp_4)
                                  2.93   data arrival time

                          0.00    0.00   clock clk (rise edge)
                          0.00    0.00   clock source latency
     1    0.02    0.17    0.12    0.12 ^ clk (in)
                                         clk (net)
                  0.17    0.00    0.12 ^ clkbuf_0_clk/A (sky130_fd_sc_hd__clkbuf_16)
     4    0.05    0.11    0.32    0.45 ^ clkbuf_0_clk/X (sky130_fd_sc_hd__clkbuf_16)
                                         clknet_0_clk (net)
                  0.11    0.00    0.45 ^ clkbuf_2_0__f_clk/A (sky130_fd_sc_hd__clkbuf_16)
     9    0.04    0.10    0.28    0.73 ^ clkbuf_2_0__f_clk/X (sky130_fd_sc_hd__clkbuf_16)
                                         clknet_2_0__leaf_clk (net)
                  0.10    0.00    0.73 ^ _341_/CLK (sky130_fd_sc_hd__dfrtp_4)
                          0.25    0.98   clock uncertainty
                          0.00    0.98   clock reconvergence pessimism
                          0.68    1.65   library removal time
                                  1.65   data required time
-----------------------------------------------------------------------------
                                  1.65   data required time
                                 -2.93   data arrival time
-----------------------------------------------------------------------------
                                  1.28   slack (MET)


Startpoint: rst (input port clocked by clk)
Endpoint: _342_ (removal check against rising-edge clock clk)
Path Group: asynchronous
Path Type: min
Corner: Slowest

Fanout     Cap    Slew   Delay    Time   Description
-----------------------------------------------------------------------------
                          0.00    0.00   clock clk (rise edge)
                          0.00    0.00   clock network delay (propagated)
                          2.00    2.00 v input external delay
     1    0.00    0.02    0.01    2.01 v rst (in)
                                         rst (net)
                  0.02    0.00    2.01 v input1/A (sky130_fd_sc_hd__clkbuf_4)
     5    0.07    0.25    0.37    2.38 v input1/X (sky130_fd_sc_hd__clkbuf_4)
                                         net1 (net)
                  0.25    0.00    2.38 v _306_/A (sky130_fd_sc_hd__clkbuf_8)
    10    0.08    0.16    0.40    2.78 v _306_/X (sky130_fd_sc_hd__clkbuf_8)
                                         _160_ (net)
                  0.16    0.01    2.79 v _309_/A (sky130_fd_sc_hd__inv_2)
     1    0.01    0.08    0.12    2.91 ^ _309_/Y (sky130_fd_sc_hd__inv_2)
                                         _040_ (net)
                  0.08    0.00    2.91 ^ _342_/RESET_B (sky130_fd_sc_hd__dfrtp_2)
                                  2.91   data arrival time

                          0.00    0.00   clock clk (rise edge)
                          0.00    0.00   clock source latency
     1    0.02    0.17    0.12    0.12 ^ clk (in)
                                         clk (net)
                  0.17    0.00    0.12 ^ clkbuf_0_clk/A (sky130_fd_sc_hd__clkbuf_16)
     4    0.05    0.11    0.32    0.45 ^ clkbuf_0_clk/X (sky130_fd_sc_hd__clkbuf_16)
                                         clknet_0_clk (net)
                  0.11    0.00    0.45 ^ clkbuf_2_1__f_clk/A (sky130_fd_sc_hd__clkbuf_16)
    11    0.03    0.09    0.27    0.72 ^ clkbuf_2_1__f_clk/X (sky130_fd_sc_hd__clkbuf_16)
                                         clknet_2_1__leaf_clk (net)
                  0.09    0.00    0.72 ^ _342_/CLK (sky130_fd_sc_hd__dfrtp_2)
                          0.25    0.97   clock uncertainty
                          0.00    0.97   clock reconvergence pessimism
                          0.66    1.63   library removal time
                                  1.63   data required time
-----------------------------------------------------------------------------
                                  1.63   data required time
                                 -2.91   data arrival time
-----------------------------------------------------------------------------
                                  1.28   slack (MET)


Startpoint: rst (input port clocked by clk)
Endpoint: _354_ (removal check against rising-edge clock clk)
Path Group: asynchronous
Path Type: min
Corner: Slowest

Fanout     Cap    Slew   Delay    Time   Description
-----------------------------------------------------------------------------
                          0.00    0.00   clock clk (rise edge)
                          0.00    0.00   clock network delay (propagated)
                          2.00    2.00 v input external delay
     1    0.00    0.02    0.01    2.01 v rst (in)
                                         rst (net)
                  0.02    0.00    2.01 v input1/A (sky130_fd_sc_hd__clkbuf_4)
     5    0.07    0.25    0.37    2.38 v input1/X (sky130_fd_sc_hd__clkbuf_4)
                                         net1 (net)
                  0.25    0.00    2.38 v _317_/A (sky130_fd_sc_hd__clkbuf_8)
    10    0.07    0.15    0.40    2.78 v _317_/X (sky130_fd_sc_hd__clkbuf_8)
                                         _161_ (net)
                  0.15    0.00    2.78 v _322_/A (sky130_fd_sc_hd__inv_2)
     1    0.01    0.12    0.16    2.94 ^ _322_/Y (sky130_fd_sc_hd__inv_2)
                                         _052_ (net)
                  0.12    0.00    2.94 ^ _354_/RESET_B (sky130_fd_sc_hd__dfrtp_4)
                                  2.94   data arrival time

                          0.00    0.00   clock clk (rise edge)
                          0.00    0.00   clock source latency
     1    0.02    0.17    0.12    0.12 ^ clk (in)
                                         clk (net)
                  0.17    0.00    0.12 ^ clkbuf_0_clk/A (sky130_fd_sc_hd__clkbuf_16)
     4    0.05    0.11    0.32    0.45 ^ clkbuf_0_clk/X (sky130_fd_sc_hd__clkbuf_16)
                                         clknet_0_clk (net)
                  0.11    0.00    0.45 ^ clkbuf_2_3__f_clk/A (sky130_fd_sc_hd__clkbuf_16)
     8    0.04    0.09    0.28    0.72 ^ clkbuf_2_3__f_clk/X (sky130_fd_sc_hd__clkbuf_16)
                                         clknet_2_3__leaf_clk (net)
                  0.09    0.00    0.73 ^ _354_/CLK (sky130_fd_sc_hd__dfrtp_4)
                          0.25    0.98   clock uncertainty
                          0.00    0.98   clock reconvergence pessimism
                          0.68    1.66   library removal time
                                  1.66   data required time
-----------------------------------------------------------------------------
                                  1.66   data required time
                                 -2.94   data arrival time
-----------------------------------------------------------------------------
                                  1.28   slack (MET)


Startpoint: rst (input port clocked by clk)
Endpoint: _355_ (removal check against rising-edge clock clk)
Path Group: asynchronous
Path Type: min
Corner: Slowest

Fanout     Cap    Slew   Delay    Time   Description
-----------------------------------------------------------------------------
                          0.00    0.00   clock clk (rise edge)
                          0.00    0.00   clock network delay (propagated)
                          2.00    2.00 v input external delay
     1    0.00    0.02    0.01    2.01 v rst (in)
                                         rst (net)
                  0.02    0.00    2.01 v input1/A (sky130_fd_sc_hd__clkbuf_4)
     5    0.07    0.25    0.37    2.38 v input1/X (sky130_fd_sc_hd__clkbuf_4)
                                         net1 (net)
                  0.25    0.00    2.38 v _317_/A (sky130_fd_sc_hd__clkbuf_8)
    10    0.07    0.15    0.40    2.78 v _317_/X (sky130_fd_sc_hd__clkbuf_8)
                                         _161_ (net)
                  0.15    0.00    2.78 v _323_/A (sky130_fd_sc_hd__inv_2)
     1    0.01    0.11    0.15    2.93 ^ _323_/Y (sky130_fd_sc_hd__inv_2)
                                         _053_ (net)
                  0.11    0.00    2.93 ^ _355_/RESET_B (sky130_fd_sc_hd__dfrtp_4)
                                  2.93   data arrival time

                          0.00    0.00   clock clk (rise edge)
                          0.00    0.00   clock source latency
     1    0.02    0.17    0.12    0.12 ^ clk (in)
                                         clk (net)
                  0.17    0.00    0.12 ^ clkbuf_0_clk/A (sky130_fd_sc_hd__clkbuf_16)
     4    0.05    0.11    0.32    0.45 ^ clkbuf_0_clk/X (sky130_fd_sc_hd__clkbuf_16)
                                         clknet_0_clk (net)
                  0.11    0.00    0.45 ^ clkbuf_2_1__f_clk/A (sky130_fd_sc_hd__clkbuf_16)
    11    0.03    0.09    0.27    0.72 ^ clkbuf_2_1__f_clk/X (sky130_fd_sc_hd__clkbuf_16)
                                         clknet_2_1__leaf_clk (net)
                  0.09    0.00    0.72 ^ _355_/CLK (sky130_fd_sc_hd__dfrtp_4)
                          0.25    0.97   clock uncertainty
                          0.00    0.97   clock reconvergence pessimism
                          0.68    1.65   library removal time
                                  1.65   data required time
-----------------------------------------------------------------------------
                                  1.65   data required time
                                 -2.93   data arrival time
-----------------------------------------------------------------------------
                                  1.28   slack (MET)


Startpoint: rst (input port clocked by clk)
Endpoint: _349_ (removal check against rising-edge clock clk)
Path Group: asynchronous
Path Type: min
Corner: Slowest

Fanout     Cap    Slew   Delay    Time   Description
-----------------------------------------------------------------------------
                          0.00    0.00   clock clk (rise edge)
                          0.00    0.00   clock network delay (propagated)
                          2.00    2.00 v input external delay
     1    0.00    0.02    0.01    2.01 v rst (in)
                                         rst (net)
                  0.02    0.00    2.01 v input1/A (sky130_fd_sc_hd__clkbuf_4)
     5    0.07    0.25    0.37    2.38 v input1/X (sky130_fd_sc_hd__clkbuf_4)
                                         net1 (net)
                  0.25    0.00    2.38 v _306_/A (sky130_fd_sc_hd__clkbuf_8)
    10    0.08    0.16    0.40    2.78 v _306_/X (sky130_fd_sc_hd__clkbuf_8)
                                         _160_ (net)
                  0.16    0.00    2.79 v _316_/A (sky130_fd_sc_hd__inv_2)
     1    0.01    0.11    0.15    2.94 ^ _316_/Y (sky130_fd_sc_hd__inv_2)
                                         _047_ (net)
                  0.11    0.00    2.94 ^ _349_/RESET_B (sky130_fd_sc_hd__dfrtp_2)
                                  2.94   data arrival time

                          0.00    0.00   clock clk (rise edge)
                          0.00    0.00   clock source latency
     1    0.02    0.17    0.12    0.12 ^ clk (in)
                                         clk (net)
                  0.17    0.00    0.12 ^ clkbuf_0_clk/A (sky130_fd_sc_hd__clkbuf_16)
     4    0.05    0.11    0.32    0.45 ^ clkbuf_0_clk/X (sky130_fd_sc_hd__clkbuf_16)
                                         clknet_0_clk (net)
                  0.11    0.00    0.45 ^ clkbuf_2_3__f_clk/A (sky130_fd_sc_hd__clkbuf_16)
     8    0.04    0.09    0.28    0.72 ^ clkbuf_2_3__f_clk/X (sky130_fd_sc_hd__clkbuf_16)
                                         clknet_2_3__leaf_clk (net)
                  0.09    0.00    0.73 ^ _349_/CLK (sky130_fd_sc_hd__dfrtp_2)
                          0.25    0.98   clock uncertainty
                          0.00    0.98   clock reconvergence pessimism
                          0.68    1.65   library removal time
                                  1.65   data required time
-----------------------------------------------------------------------------
                                  1.65   data required time
                                 -2.94   data arrival time
-----------------------------------------------------------------------------
                                  1.29   slack (MET)


Startpoint: rst (input port clocked by clk)
Endpoint: _350_ (removal check against rising-edge clock clk)
Path Group: asynchronous
Path Type: min
Corner: Slowest

Fanout     Cap    Slew   Delay    Time   Description
-----------------------------------------------------------------------------
                          0.00    0.00   clock clk (rise edge)
                          0.00    0.00   clock network delay (propagated)
                          2.00    2.00 v input external delay
     1    0.00    0.02    0.01    2.01 v rst (in)
                                         rst (net)
                  0.02    0.00    2.01 v input1/A (sky130_fd_sc_hd__clkbuf_4)
     5    0.07    0.25    0.37    2.38 v input1/X (sky130_fd_sc_hd__clkbuf_4)
                                         net1 (net)
                  0.25    0.00    2.38 v _317_/A (sky130_fd_sc_hd__clkbuf_8)
    10    0.07    0.15    0.40    2.78 v _317_/X (sky130_fd_sc_hd__clkbuf_8)
                                         _161_ (net)
                  0.15    0.00    2.78 v _318_/A (sky130_fd_sc_hd__inv_2)
     1    0.02    0.14    0.17    2.95 ^ _318_/Y (sky130_fd_sc_hd__inv_2)
                                         _048_ (net)
                  0.14    0.00    2.95 ^ _350_/RESET_B (sky130_fd_sc_hd__dfrtp_2)
                                  2.95   data arrival time

                          0.00    0.00   clock clk (rise edge)
                          0.00    0.00   clock source latency
     1    0.02    0.17    0.12    0.12 ^ clk (in)
                                         clk (net)
                  0.17    0.00    0.12 ^ clkbuf_0_clk/A (sky130_fd_sc_hd__clkbuf_16)
     4    0.05    0.11    0.32    0.45 ^ clkbuf_0_clk/X (sky130_fd_sc_hd__clkbuf_16)
                                         clknet_0_clk (net)
                  0.11    0.00    0.45 ^ clkbuf_2_3__f_clk/A (sky130_fd_sc_hd__clkbuf_16)
     8    0.04    0.09    0.28    0.72 ^ clkbuf_2_3__f_clk/X (sky130_fd_sc_hd__clkbuf_16)
                                         clknet_2_3__leaf_clk (net)
                  0.09    0.00    0.73 ^ _350_/CLK (sky130_fd_sc_hd__dfrtp_2)
                          0.25    0.98   clock uncertainty
                          0.00    0.98   clock reconvergence pessimism
                          0.69    1.66   library removal time
                                  1.66   data required time
-----------------------------------------------------------------------------
                                  1.66   data required time
                                 -2.95   data arrival time
-----------------------------------------------------------------------------
                                  1.29   slack (MET)


Startpoint: rst (input port clocked by clk)
Endpoint: _331_ (removal check against rising-edge clock clk)
Path Group: asynchronous
Path Type: min
Corner: Slowest

Fanout     Cap    Slew   Delay    Time   Description
-----------------------------------------------------------------------------
                          0.00    0.00   clock clk (rise edge)
                          0.00    0.00   clock network delay (propagated)
                          2.00    2.00 v input external delay
     1    0.00    0.02    0.01    2.01 v rst (in)
                                         rst (net)
                  0.02    0.00    2.01 v input1/A (sky130_fd_sc_hd__clkbuf_4)
     5    0.07    0.25    0.37    2.38 v input1/X (sky130_fd_sc_hd__clkbuf_4)
                                         net1 (net)
                  0.25    0.00    2.38 v _295_/A (sky130_fd_sc_hd__buf_4)
    10    0.08    0.19    0.44    2.82 v _295_/X (sky130_fd_sc_hd__buf_4)
                                         _159_ (net)
                  0.19    0.00    2.82 v _297_/A (sky130_fd_sc_hd__inv_2)
     1    0.01    0.09    0.14    2.96 ^ _297_/Y (sky130_fd_sc_hd__inv_2)
                                         _029_ (net)
                  0.09    0.00    2.96 ^ _331_/RESET_B (sky130_fd_sc_hd__dfrtp_4)
                                  2.96   data arrival time

                          0.00    0.00   clock clk (rise edge)
                          0.00    0.00   clock source latency
     1    0.02    0.17    0.12    0.12 ^ clk (in)
                                         clk (net)
                  0.17    0.00    0.12 ^ clkbuf_0_clk/A (sky130_fd_sc_hd__clkbuf_16)
     4    0.05    0.11    0.32    0.45 ^ clkbuf_0_clk/X (sky130_fd_sc_hd__clkbuf_16)
                                         clknet_0_clk (net)
                  0.11    0.00    0.45 ^ clkbuf_2_2__f_clk/A (sky130_fd_sc_hd__clkbuf_16)
     7    0.05    0.10    0.29    0.73 ^ clkbuf_2_2__f_clk/X (sky130_fd_sc_hd__clkbuf_16)
                                         clknet_2_2__leaf_clk (net)
                  0.10    0.00    0.74 ^ _331_/CLK (sky130_fd_sc_hd__dfrtp_4)
                          0.25    0.99   clock uncertainty
                          0.00    0.99   clock reconvergence pessimism
                          0.67    1.66   library removal time
                                  1.66   data required time
-----------------------------------------------------------------------------
                                  1.66   data required time
                                 -2.96   data arrival time
-----------------------------------------------------------------------------
                                  1.30   slack (MET)


Startpoint: rst (input port clocked by clk)
Endpoint: _335_ (removal check against rising-edge clock clk)
Path Group: asynchronous
Path Type: min
Corner: Slowest

Fanout     Cap    Slew   Delay    Time   Description
-----------------------------------------------------------------------------
                          0.00    0.00   clock clk (rise edge)
                          0.00    0.00   clock network delay (propagated)
                          2.00    2.00 v input external delay
     1    0.00    0.02    0.01    2.01 v rst (in)
                                         rst (net)
                  0.02    0.00    2.01 v input1/A (sky130_fd_sc_hd__clkbuf_4)
     5    0.07    0.25    0.37    2.38 v input1/X (sky130_fd_sc_hd__clkbuf_4)
                                         net1 (net)
                  0.25    0.00    2.38 v _295_/A (sky130_fd_sc_hd__buf_4)
    10    0.08    0.19    0.44    2.82 v _295_/X (sky130_fd_sc_hd__buf_4)
                                         _159_ (net)
                  0.19    0.00    2.82 v _301_/A (sky130_fd_sc_hd__inv_2)
     1    0.01    0.09    0.14    2.96 ^ _301_/Y (sky130_fd_sc_hd__inv_2)
                                         _033_ (net)
                  0.09    0.00    2.96 ^ _335_/RESET_B (sky130_fd_sc_hd__dfrtp_2)
                                  2.96   data arrival time

                          0.00    0.00   clock clk (rise edge)
                          0.00    0.00   clock source latency
     1    0.02    0.17    0.12    0.12 ^ clk (in)
                                         clk (net)
                  0.17    0.00    0.12 ^ clkbuf_0_clk/A (sky130_fd_sc_hd__clkbuf_16)
     4    0.05    0.11    0.32    0.45 ^ clkbuf_0_clk/X (sky130_fd_sc_hd__clkbuf_16)
                                         clknet_0_clk (net)
                  0.11    0.00    0.45 ^ clkbuf_2_2__f_clk/A (sky130_fd_sc_hd__clkbuf_16)
     7    0.05    0.10    0.29    0.73 ^ clkbuf_2_2__f_clk/X (sky130_fd_sc_hd__clkbuf_16)
                                         clknet_2_2__leaf_clk (net)
                  0.10    0.00    0.73 ^ _335_/CLK (sky130_fd_sc_hd__dfrtp_2)
                          0.25    0.98   clock uncertainty
                          0.00    0.98   clock reconvergence pessimism
                          0.67    1.66   library removal time
                                  1.66   data required time
-----------------------------------------------------------------------------
                                  1.66   data required time
                                 -2.96   data arrival time
-----------------------------------------------------------------------------
                                  1.30   slack (MET)


Startpoint: rst (input port clocked by clk)
Endpoint: _343_ (removal check against rising-edge clock clk)
Path Group: asynchronous
Path Type: min
Corner: Slowest

Fanout     Cap    Slew   Delay    Time   Description
-----------------------------------------------------------------------------
                          0.00    0.00   clock clk (rise edge)
                          0.00    0.00   clock network delay (propagated)
                          2.00    2.00 v input external delay
     1    0.00    0.02    0.01    2.01 v rst (in)
                                         rst (net)
                  0.02    0.00    2.01 v input1/A (sky130_fd_sc_hd__clkbuf_4)
     5    0.07    0.25    0.37    2.38 v input1/X (sky130_fd_sc_hd__clkbuf_4)
                                         net1 (net)
                  0.25    0.00    2.38 v _306_/A (sky130_fd_sc_hd__clkbuf_8)
    10    0.08    0.16    0.40    2.78 v _306_/X (sky130_fd_sc_hd__clkbuf_8)
                                         _160_ (net)
                  0.16    0.01    2.79 v _310_/A (sky130_fd_sc_hd__inv_2)
     1    0.02    0.15    0.19    2.98 ^ _310_/Y (sky130_fd_sc_hd__inv_2)
                                         _041_ (net)
                  0.15    0.00    2.98 ^ _343_/RESET_B (sky130_fd_sc_hd__dfrtp_1)
                                  2.98   data arrival time

                          0.00    0.00   clock clk (rise edge)
                          0.00    0.00   clock source latency
     1    0.02    0.17    0.12    0.12 ^ clk (in)
                                         clk (net)
                  0.17    0.00    0.12 ^ clkbuf_0_clk/A (sky130_fd_sc_hd__clkbuf_16)
     4    0.05    0.11    0.32    0.45 ^ clkbuf_0_clk/X (sky130_fd_sc_hd__clkbuf_16)
                                         clknet_0_clk (net)
                  0.11    0.00    0.45 ^ clkbuf_2_0__f_clk/A (sky130_fd_sc_hd__clkbuf_16)
     9    0.04    0.10    0.28    0.73 ^ clkbuf_2_0__f_clk/X (sky130_fd_sc_hd__clkbuf_16)
                                         clknet_2_0__leaf_clk (net)
                  0.10    0.00    0.73 ^ _343_/CLK (sky130_fd_sc_hd__dfrtp_1)
                          0.25    0.98   clock uncertainty
                          0.00    0.98   clock reconvergence pessimism
                          0.69    1.67   library removal time
                                  1.67   data required time
-----------------------------------------------------------------------------
                                  1.67   data required time
                                 -2.98   data arrival time
-----------------------------------------------------------------------------
                                  1.31   slack (MET)


Startpoint: rst (input port clocked by clk)
Endpoint: _347_ (removal check against rising-edge clock clk)
Path Group: asynchronous
Path Type: min
Corner: Slowest

Fanout     Cap    Slew   Delay    Time   Description
-----------------------------------------------------------------------------
                          0.00    0.00   clock clk (rise edge)
                          0.00    0.00   clock network delay (propagated)
                          2.00    2.00 v input external delay
     1    0.00    0.02    0.01    2.01 v rst (in)
                                         rst (net)
                  0.02    0.00    2.01 v input1/A (sky130_fd_sc_hd__clkbuf_4)
     5    0.07    0.25    0.37    2.38 v input1/X (sky130_fd_sc_hd__clkbuf_4)
                                         net1 (net)
                  0.25    0.00    2.38 v _306_/A (sky130_fd_sc_hd__clkbuf_8)
    10    0.08    0.16    0.40    2.78 v _306_/X (sky130_fd_sc_hd__clkbuf_8)
                                         _160_ (net)
                  0.16    0.01    2.79 v _314_/A (sky130_fd_sc_hd__inv_2)
     1    0.02    0.14    0.17    2.96 ^ _314_/Y (sky130_fd_sc_hd__inv_2)
                                         _045_ (net)
                  0.14    0.00    2.96 ^ _347_/RESET_B (sky130_fd_sc_hd__dfrtp_4)
                                  2.96   data arrival time

                          0.00    0.00   clock clk (rise edge)
                          0.00    0.00   clock source latency
     1    0.02    0.17    0.12    0.12 ^ clk (in)
                                         clk (net)
                  0.17    0.00    0.12 ^ clkbuf_0_clk/A (sky130_fd_sc_hd__clkbuf_16)
     4    0.05    0.11    0.32    0.45 ^ clkbuf_0_clk/X (sky130_fd_sc_hd__clkbuf_16)
                                         clknet_0_clk (net)
                  0.11    0.00    0.45 ^ clkbuf_2_1__f_clk/A (sky130_fd_sc_hd__clkbuf_16)
    11    0.03    0.09    0.27    0.72 ^ clkbuf_2_1__f_clk/X (sky130_fd_sc_hd__clkbuf_16)
                                         clknet_2_1__leaf_clk (net)
                  0.09    0.00    0.72 ^ _347_/CLK (sky130_fd_sc_hd__dfrtp_4)
                          0.25    0.97   clock uncertainty
                          0.00    0.97   clock reconvergence pessimism
                          0.68    1.65   library removal time
                                  1.65   data required time
-----------------------------------------------------------------------------
                                  1.65   data required time
                                 -2.96   data arrival time
-----------------------------------------------------------------------------
                                  1.31   slack (MET)


Startpoint: rst (input port clocked by clk)
Endpoint: _356_ (removal check against rising-edge clock clk)
Path Group: asynchronous
Path Type: min
Corner: Slowest

Fanout     Cap    Slew   Delay    Time   Description
-----------------------------------------------------------------------------
                          0.00    0.00   clock clk (rise edge)
                          0.00    0.00   clock network delay (propagated)
                          2.00    2.00 v input external delay
     1    0.00    0.02    0.01    2.01 v rst (in)
                                         rst (net)
                  0.02    0.00    2.01 v input1/A (sky130_fd_sc_hd__clkbuf_4)
     5    0.07    0.25    0.37    2.38 v input1/X (sky130_fd_sc_hd__clkbuf_4)
                                         net1 (net)
                  0.25    0.00    2.38 v _317_/A (sky130_fd_sc_hd__clkbuf_8)
    10    0.07    0.15    0.40    2.78 v _317_/X (sky130_fd_sc_hd__clkbuf_8)
                                         _161_ (net)
                  0.15    0.00    2.78 v _324_/A (sky130_fd_sc_hd__inv_2)
     1    0.02    0.17    0.19    2.97 ^ _324_/Y (sky130_fd_sc_hd__inv_2)
                                         _054_ (net)
                  0.17    0.00    2.97 ^ _356_/RESET_B (sky130_fd_sc_hd__dfrtp_1)
                                  2.97   data arrival time

                          0.00    0.00   clock clk (rise edge)
                          0.00    0.00   clock source latency
     1    0.02    0.17    0.12    0.12 ^ clk (in)
                                         clk (net)
                  0.17    0.00    0.12 ^ clkbuf_0_clk/A (sky130_fd_sc_hd__clkbuf_16)
     4    0.05    0.11    0.32    0.45 ^ clkbuf_0_clk/X (sky130_fd_sc_hd__clkbuf_16)
                                         clknet_0_clk (net)
                  0.11    0.00    0.45 ^ clkbuf_2_1__f_clk/A (sky130_fd_sc_hd__clkbuf_16)
    11    0.03    0.09    0.27    0.72 ^ clkbuf_2_1__f_clk/X (sky130_fd_sc_hd__clkbuf_16)
                                         clknet_2_1__leaf_clk (net)
                  0.09    0.00    0.72 ^ _356_/CLK (sky130_fd_sc_hd__dfrtp_1)
                          0.25    0.97   clock uncertainty
                          0.00    0.97   clock reconvergence pessimism
                          0.69    1.66   library removal time
                                  1.66   data required time
-----------------------------------------------------------------------------
                                  1.66   data required time
                                 -2.97   data arrival time
-----------------------------------------------------------------------------
                                  1.31   slack (MET)


Startpoint: rst (input port clocked by clk)
Endpoint: _348_ (removal check against rising-edge clock clk)
Path Group: asynchronous
Path Type: min
Corner: Slowest

Fanout     Cap    Slew   Delay    Time   Description
-----------------------------------------------------------------------------
                          0.00    0.00   clock clk (rise edge)
                          0.00    0.00   clock network delay (propagated)
                          2.00    2.00 v input external delay
     1    0.00    0.02    0.01    2.01 v rst (in)
                                         rst (net)
                  0.02    0.00    2.01 v input1/A (sky130_fd_sc_hd__clkbuf_4)
     5    0.07    0.25    0.37    2.38 v input1/X (sky130_fd_sc_hd__clkbuf_4)
                                         net1 (net)
                  0.25    0.00    2.38 v _306_/A (sky130_fd_sc_hd__clkbuf_8)
    10    0.08    0.16    0.40    2.78 v _306_/X (sky130_fd_sc_hd__clkbuf_8)
                                         _160_ (net)
                  0.16    0.01    2.79 v _315_/A (sky130_fd_sc_hd__inv_2)
     1    0.02    0.17    0.20    2.99 ^ _315_/Y (sky130_fd_sc_hd__inv_2)
                                         _046_ (net)
                  0.17    0.00    2.99 ^ _348_/RESET_B (sky130_fd_sc_hd__dfrtp_4)
                                  2.99   data arrival time

                          0.00    0.00   clock clk (rise edge)
                          0.00    0.00   clock source latency
     1    0.02    0.17    0.12    0.12 ^ clk (in)
                                         clk (net)
                  0.17    0.00    0.12 ^ clkbuf_0_clk/A (sky130_fd_sc_hd__clkbuf_16)
     4    0.05    0.11    0.32    0.45 ^ clkbuf_0_clk/X (sky130_fd_sc_hd__clkbuf_16)
                                         clknet_0_clk (net)
                  0.11    0.00    0.45 ^ clkbuf_2_0__f_clk/A (sky130_fd_sc_hd__clkbuf_16)
     9    0.04    0.10    0.28    0.73 ^ clkbuf_2_0__f_clk/X (sky130_fd_sc_hd__clkbuf_16)
                                         clknet_2_0__leaf_clk (net)
                  0.10    0.00    0.73 ^ _348_/CLK (sky130_fd_sc_hd__dfrtp_4)
                          0.25    0.98   clock uncertainty
                          0.00    0.98   clock reconvergence pessimism
                          0.70    1.68   library removal time
                                  1.68   data required time
-----------------------------------------------------------------------------
                                  1.68   data required time
                                 -2.99   data arrival time
-----------------------------------------------------------------------------
                                  1.31   slack (MET)


Startpoint: rst (input port clocked by clk)
Endpoint: _344_ (removal check against rising-edge clock clk)
Path Group: asynchronous
Path Type: min
Corner: Slowest

Fanout     Cap    Slew   Delay    Time   Description
-----------------------------------------------------------------------------
                          0.00    0.00   clock clk (rise edge)
                          0.00    0.00   clock network delay (propagated)
                          2.00    2.00 v input external delay
     1    0.00    0.02    0.01    2.01 v rst (in)
                                         rst (net)
                  0.02    0.00    2.01 v input1/A (sky130_fd_sc_hd__clkbuf_4)
     5    0.07    0.25    0.37    2.38 v input1/X (sky130_fd_sc_hd__clkbuf_4)
                                         net1 (net)
                  0.25    0.00    2.38 v _306_/A (sky130_fd_sc_hd__clkbuf_8)
    10    0.08    0.16    0.40    2.78 v _306_/X (sky130_fd_sc_hd__clkbuf_8)
                                         _160_ (net)
                  0.16    0.01    2.79 v _311_/A (sky130_fd_sc_hd__inv_2)
     1    0.02    0.14    0.18    2.97 ^ _311_/Y (sky130_fd_sc_hd__inv_2)
                                         _042_ (net)
                  0.14    0.00    2.97 ^ _344_/RESET_B (sky130_fd_sc_hd__dfrtp_1)
                                  2.97   data arrival time

                          0.00    0.00   clock clk (rise edge)
                          0.00    0.00   clock source latency
     1    0.02    0.17    0.12    0.12 ^ clk (in)
                                         clk (net)
                  0.17    0.00    0.12 ^ clkbuf_0_clk/A (sky130_fd_sc_hd__clkbuf_16)
     4    0.05    0.11    0.32    0.45 ^ clkbuf_0_clk/X (sky130_fd_sc_hd__clkbuf_16)
                                         clknet_0_clk (net)
                  0.11    0.00    0.45 ^ clkbuf_2_1__f_clk/A (sky130_fd_sc_hd__clkbuf_16)
    11    0.03    0.09    0.27    0.72 ^ clkbuf_2_1__f_clk/X (sky130_fd_sc_hd__clkbuf_16)
                                         clknet_2_1__leaf_clk (net)
                  0.09    0.00    0.72 ^ _344_/CLK (sky130_fd_sc_hd__dfrtp_1)
                          0.25    0.97   clock uncertainty
                          0.00    0.97   clock reconvergence pessimism
                          0.69    1.65   library removal time
                                  1.65   data required time
-----------------------------------------------------------------------------
                                  1.65   data required time
                                 -2.97   data arrival time
-----------------------------------------------------------------------------
                                  1.32   slack (MET)


Startpoint: _347_ (rising edge-triggered flip-flop clocked by clk)
Endpoint: _347_ (rising edge-triggered flip-flop clocked by clk)
Path Group: clk
Path Type: min
Corner: Slowest

Fanout     Cap    Slew   Delay    Time   Description
-----------------------------------------------------------------------------
                          0.00    0.00   clock clk (rise edge)
                          0.00    0.00   clock source latency
     1    0.02    0.17    0.11    0.11 ^ clk (in)
                                         clk (net)
                  0.17    0.00    0.11 ^ clkbuf_0_clk/A (sky130_fd_sc_hd__clkbuf_16)
     4    0.05    0.11    0.29    0.40 ^ clkbuf_0_clk/X (sky130_fd_sc_hd__clkbuf_16)
                                         clknet_0_clk (net)
                  0.11    0.00    0.40 ^ clkbuf_2_1__f_clk/A (sky130_fd_sc_hd__clkbuf_16)
    11    0.03    0.09    0.25    0.65 ^ clkbuf_2_1__f_clk/X (sky130_fd_sc_hd__clkbuf_16)
                                         clknet_2_1__leaf_clk (net)
                  0.09    0.00    0.65 ^ _347_/CLK (sky130_fd_sc_hd__dfrtp_4)
     7    0.05    0.28    0.95    1.60 ^ _347_/Q (sky130_fd_sc_hd__dfrtp_4)
                                         one_second_counter[17] (net)
                  0.28    0.00    1.60 ^ _251_/A (sky130_fd_sc_hd__xor2_1)
     1    0.02    0.16    0.32    1.92 v _251_/X (sky130_fd_sc_hd__xor2_1)
                                         _131_ (net)
                  0.16    0.00    1.92 v _252_/B (sky130_fd_sc_hd__nor2_1)
     1    0.00    0.18    0.20    2.12 ^ _252_/Y (sky130_fd_sc_hd__nor2_1)
                                         _008_ (net)
                  0.18    0.00    2.12 ^ _347_/D (sky130_fd_sc_hd__dfrtp_4)
                                  2.12   data arrival time

                          0.00    0.00   clock clk (rise edge)
                          0.00    0.00   clock source latency
     1    0.02    0.17    0.12    0.12 ^ clk (in)
                                         clk (net)
                  0.17    0.00    0.12 ^ clkbuf_0_clk/A (sky130_fd_sc_hd__clkbuf_16)
     4    0.05    0.11    0.32    0.45 ^ clkbuf_0_clk/X (sky130_fd_sc_hd__clkbuf_16)
                                         clknet_0_clk (net)
                  0.11    0.00    0.45 ^ clkbuf_2_1__f_clk/A (sky130_fd_sc_hd__clkbuf_16)
    11    0.03    0.09    0.27    0.72 ^ clkbuf_2_1__f_clk/X (sky130_fd_sc_hd__clkbuf_16)
                                         clknet_2_1__leaf_clk (net)
                  0.09    0.00    0.72 ^ _347_/CLK (sky130_fd_sc_hd__dfrtp_4)
                          0.25    0.97   clock uncertainty
                         -0.07    0.90   clock reconvergence pessimism
                         -0.10    0.80   library hold time
                                  0.80   data required time
-----------------------------------------------------------------------------
                                  0.80   data required time
                                 -2.12   data arrival time
-----------------------------------------------------------------------------
                                  1.32   slack (MET)


Startpoint: rst (input port clocked by clk)
Endpoint: _334_ (removal check against rising-edge clock clk)
Path Group: asynchronous
Path Type: min
Corner: Slowest

Fanout     Cap    Slew   Delay    Time   Description
-----------------------------------------------------------------------------
                          0.00    0.00   clock clk (rise edge)
                          0.00    0.00   clock network delay (propagated)
                          2.00    2.00 v input external delay
     1    0.00    0.02    0.01    2.01 v rst (in)
                                         rst (net)
                  0.02    0.00    2.01 v input1/A (sky130_fd_sc_hd__clkbuf_4)
     5    0.07    0.25    0.37    2.38 v input1/X (sky130_fd_sc_hd__clkbuf_4)
                                         net1 (net)
                  0.25    0.00    2.38 v _295_/A (sky130_fd_sc_hd__buf_4)
    10    0.08    0.19    0.44    2.82 v _295_/X (sky130_fd_sc_hd__buf_4)
                                         _159_ (net)
                  0.19    0.00    2.82 v _300_/A (sky130_fd_sc_hd__inv_2)
     1    0.01    0.09    0.14    2.96 ^ _300_/Y (sky130_fd_sc_hd__inv_2)
                                         _032_ (net)
                  0.09    0.00    2.96 ^ _334_/RESET_B (sky130_fd_sc_hd__dfrtp_4)
                                  2.96   data arrival time

                          0.00    0.00   clock clk (rise edge)
                          0.00    0.00   clock source latency
     1    0.02    0.17    0.12    0.12 ^ clk (in)
                                         clk (net)
                  0.17    0.00    0.12 ^ clkbuf_0_clk/A (sky130_fd_sc_hd__clkbuf_16)
     4    0.05    0.11    0.32    0.45 ^ clkbuf_0_clk/X (sky130_fd_sc_hd__clkbuf_16)
                                         clknet_0_clk (net)
                  0.11    0.00    0.45 ^ clkbuf_2_1__f_clk/A (sky130_fd_sc_hd__clkbuf_16)
    11    0.03    0.09    0.27    0.72 ^ clkbuf_2_1__f_clk/X (sky130_fd_sc_hd__clkbuf_16)
                                         clknet_2_1__leaf_clk (net)
                  0.09    0.00    0.72 ^ _334_/CLK (sky130_fd_sc_hd__dfrtp_4)
                          0.25    0.97   clock uncertainty
                          0.00    0.97   clock reconvergence pessimism
                          0.67    1.64   library removal time
                                  1.64   data required time
-----------------------------------------------------------------------------
                                  1.64   data required time
                                 -2.96   data arrival time
-----------------------------------------------------------------------------
                                  1.32   slack (MET)


Startpoint: rst (input port clocked by clk)
Endpoint: _337_ (removal check against rising-edge clock clk)
Path Group: asynchronous
Path Type: min
Corner: Slowest

Fanout     Cap    Slew   Delay    Time   Description
-----------------------------------------------------------------------------
                          0.00    0.00   clock clk (rise edge)
                          0.00    0.00   clock network delay (propagated)
                          2.00    2.00 v input external delay
     1    0.00    0.02    0.01    2.01 v rst (in)
                                         rst (net)
                  0.02    0.00    2.01 v input1/A (sky130_fd_sc_hd__clkbuf_4)
     5    0.07    0.25    0.37    2.38 v input1/X (sky130_fd_sc_hd__clkbuf_4)
                                         net1 (net)
                  0.25    0.00    2.38 v _295_/A (sky130_fd_sc_hd__buf_4)
    10    0.08    0.19    0.44    2.82 v _295_/X (sky130_fd_sc_hd__buf_4)
                                         _159_ (net)
                  0.19    0.00    2.82 v _303_/A (sky130_fd_sc_hd__inv_2)
     1    0.01    0.10    0.15    2.97 ^ _303_/Y (sky130_fd_sc_hd__inv_2)
                                         _035_ (net)
                  0.10    0.00    2.97 ^ _337_/RESET_B (sky130_fd_sc_hd__dfrtp_2)
                                  2.97   data arrival time

                          0.00    0.00   clock clk (rise edge)
                          0.00    0.00   clock source latency
     1    0.02    0.17    0.12    0.12 ^ clk (in)
                                         clk (net)
                  0.17    0.00    0.12 ^ clkbuf_0_clk/A (sky130_fd_sc_hd__clkbuf_16)
     4    0.05    0.11    0.32    0.45 ^ clkbuf_0_clk/X (sky130_fd_sc_hd__clkbuf_16)
                                         clknet_0_clk (net)
                  0.11    0.00    0.45 ^ clkbuf_2_1__f_clk/A (sky130_fd_sc_hd__clkbuf_16)
    11    0.03    0.09    0.27    0.72 ^ clkbuf_2_1__f_clk/X (sky130_fd_sc_hd__clkbuf_16)
                                         clknet_2_1__leaf_clk (net)
                  0.09    0.00    0.72 ^ _337_/CLK (sky130_fd_sc_hd__dfrtp_2)
                          0.25    0.97   clock uncertainty
                          0.00    0.97   clock reconvergence pessimism
                          0.67    1.64   library removal time
                                  1.64   data required time
-----------------------------------------------------------------------------
                                  1.64   data required time
                                 -2.97   data arrival time
-----------------------------------------------------------------------------
                                  1.33   slack (MET)


Startpoint: rst (input port clocked by clk)
Endpoint: _333_ (removal check against rising-edge clock clk)
Path Group: asynchronous
Path Type: min
Corner: Slowest

Fanout     Cap    Slew   Delay    Time   Description
-----------------------------------------------------------------------------
                          0.00    0.00   clock clk (rise edge)
                          0.00    0.00   clock network delay (propagated)
                          2.00    2.00 v input external delay
     1    0.00    0.02    0.01    2.01 v rst (in)
                                         rst (net)
                  0.02    0.00    2.01 v input1/A (sky130_fd_sc_hd__clkbuf_4)
     5    0.07    0.25    0.37    2.38 v input1/X (sky130_fd_sc_hd__clkbuf_4)
                                         net1 (net)
                  0.25    0.00    2.38 v _295_/A (sky130_fd_sc_hd__buf_4)
    10    0.08    0.19    0.44    2.82 v _295_/X (sky130_fd_sc_hd__buf_4)
                                         _159_ (net)
                  0.19    0.00    2.82 v _299_/A (sky130_fd_sc_hd__inv_2)
     1    0.01    0.12    0.17    2.99 ^ _299_/Y (sky130_fd_sc_hd__inv_2)
                                         _031_ (net)
                  0.12    0.00    2.99 ^ _333_/RESET_B (sky130_fd_sc_hd__dfrtp_1)
                                  2.99   data arrival time

                          0.00    0.00   clock clk (rise edge)
                          0.00    0.00   clock source latency
     1    0.02    0.17    0.12    0.12 ^ clk (in)
                                         clk (net)
                  0.17    0.00    0.12 ^ clkbuf_0_clk/A (sky130_fd_sc_hd__clkbuf_16)
     4    0.05    0.11    0.32    0.45 ^ clkbuf_0_clk/X (sky130_fd_sc_hd__clkbuf_16)
                                         clknet_0_clk (net)
                  0.11    0.00    0.45 ^ clkbuf_2_3__f_clk/A (sky130_fd_sc_hd__clkbuf_16)
     8    0.04    0.09    0.28    0.72 ^ clkbuf_2_3__f_clk/X (sky130_fd_sc_hd__clkbuf_16)
                                         clknet_2_3__leaf_clk (net)
                  0.09    0.00    0.73 ^ _333_/CLK (sky130_fd_sc_hd__dfrtp_1)
                          0.25    0.98   clock uncertainty
                          0.00    0.98   clock reconvergence pessimism
                          0.68    1.65   library removal time
                                  1.65   data required time
-----------------------------------------------------------------------------
                                  1.65   data required time
                                 -2.99   data arrival time
-----------------------------------------------------------------------------
                                  1.34   slack (MET)


Startpoint: rst (input port clocked by clk)
Endpoint: _340_ (removal check against rising-edge clock clk)
Path Group: asynchronous
Path Type: min
Corner: Slowest

Fanout     Cap    Slew   Delay    Time   Description
-----------------------------------------------------------------------------
                          0.00    0.00   clock clk (rise edge)
                          0.00    0.00   clock network delay (propagated)
                          2.00    2.00 v input external delay
     1    0.00    0.02    0.01    2.01 v rst (in)
                                         rst (net)
                  0.02    0.00    2.01 v input1/A (sky130_fd_sc_hd__clkbuf_4)
     5    0.07    0.25    0.37    2.38 v input1/X (sky130_fd_sc_hd__clkbuf_4)
                                         net1 (net)
                  0.25    0.00    2.38 v _306_/A (sky130_fd_sc_hd__clkbuf_8)
    10    0.08    0.16    0.40    2.78 v _306_/X (sky130_fd_sc_hd__clkbuf_8)
                                         _160_ (net)
                  0.16    0.01    2.79 v _307_/A (sky130_fd_sc_hd__inv_2)
     1    0.03    0.24    0.25    3.04 ^ _307_/Y (sky130_fd_sc_hd__inv_2)
                                         _038_ (net)
                  0.24    0.00    3.04 ^ _340_/RESET_B (sky130_fd_sc_hd__dfrtp_4)
                                  3.04   data arrival time

                          0.00    0.00   clock clk (rise edge)
                          0.00    0.00   clock source latency
     1    0.02    0.17    0.12    0.12 ^ clk (in)
                                         clk (net)
                  0.17    0.00    0.12 ^ clkbuf_0_clk/A (sky130_fd_sc_hd__clkbuf_16)
     4    0.05    0.11    0.32    0.45 ^ clkbuf_0_clk/X (sky130_fd_sc_hd__clkbuf_16)
                                         clknet_0_clk (net)
                  0.11    0.00    0.45 ^ clkbuf_2_0__f_clk/A (sky130_fd_sc_hd__clkbuf_16)
     9    0.04    0.10    0.28    0.73 ^ clkbuf_2_0__f_clk/X (sky130_fd_sc_hd__clkbuf_16)
                                         clknet_2_0__leaf_clk (net)
                  0.10    0.00    0.73 ^ _340_/CLK (sky130_fd_sc_hd__dfrtp_4)
                          0.25    0.98   clock uncertainty
                          0.00    0.98   clock reconvergence pessimism
                          0.72    1.70   library removal time
                                  1.70   data required time
-----------------------------------------------------------------------------
                                  1.70   data required time
                                 -3.04   data arrival time
-----------------------------------------------------------------------------
                                  1.34   slack (MET)


Startpoint: rst (input port clocked by clk)
Endpoint: _338_ (removal check against rising-edge clock clk)
Path Group: asynchronous
Path Type: min
Corner: Slowest

Fanout     Cap    Slew   Delay    Time   Description
-----------------------------------------------------------------------------
                          0.00    0.00   clock clk (rise edge)
                          0.00    0.00   clock network delay (propagated)
                          2.00    2.00 v input external delay
     1    0.00    0.02    0.01    2.01 v rst (in)
                                         rst (net)
                  0.02    0.00    2.01 v input1/A (sky130_fd_sc_hd__clkbuf_4)
     5    0.07    0.25    0.37    2.38 v input1/X (sky130_fd_sc_hd__clkbuf_4)
                                         net1 (net)
                  0.25    0.00    2.38 v _295_/A (sky130_fd_sc_hd__buf_4)
    10    0.08    0.19    0.44    2.82 v _295_/X (sky130_fd_sc_hd__buf_4)
                                         _159_ (net)
                  0.19    0.00    2.82 v _304_/A (sky130_fd_sc_hd__inv_2)
     1    0.02    0.14    0.19    3.01 ^ _304_/Y (sky130_fd_sc_hd__inv_2)
                                         _036_ (net)
                  0.14    0.00    3.01 ^ _338_/RESET_B (sky130_fd_sc_hd__dfrtp_4)
                                  3.01   data arrival time

                          0.00    0.00   clock clk (rise edge)
                          0.00    0.00   clock source latency
     1    0.02    0.17    0.12    0.12 ^ clk (in)
                                         clk (net)
                  0.17    0.00    0.12 ^ clkbuf_0_clk/A (sky130_fd_sc_hd__clkbuf_16)
     4    0.05    0.11    0.32    0.45 ^ clkbuf_0_clk/X (sky130_fd_sc_hd__clkbuf_16)
                                         clknet_0_clk (net)
                  0.11    0.00    0.45 ^ clkbuf_2_3__f_clk/A (sky130_fd_sc_hd__clkbuf_16)
     8    0.04    0.09    0.28    0.72 ^ clkbuf_2_3__f_clk/X (sky130_fd_sc_hd__clkbuf_16)
                                         clknet_2_3__leaf_clk (net)
                  0.09    0.00    0.73 ^ _338_/CLK (sky130_fd_sc_hd__dfrtp_4)
                          0.25    0.98   clock uncertainty
                          0.00    0.98   clock reconvergence pessimism
                          0.69    1.66   library removal time
                                  1.66   data required time
-----------------------------------------------------------------------------
                                  1.66   data required time
                                 -3.01   data arrival time
-----------------------------------------------------------------------------
                                  1.35   slack (MET)


Startpoint: rst (input port clocked by clk)
Endpoint: _339_ (removal check against rising-edge clock clk)
Path Group: asynchronous
Path Type: min
Corner: Slowest

Fanout     Cap    Slew   Delay    Time   Description
-----------------------------------------------------------------------------
                          0.00    0.00   clock clk (rise edge)
                          0.00    0.00   clock network delay (propagated)
                          2.00    2.00 v input external delay
     1    0.00    0.02    0.01    2.01 v rst (in)
                                         rst (net)
                  0.02    0.00    2.01 v input1/A (sky130_fd_sc_hd__clkbuf_4)
     5    0.07    0.25    0.37    2.38 v input1/X (sky130_fd_sc_hd__clkbuf_4)
                                         net1 (net)
                  0.25    0.00    2.38 v _295_/A (sky130_fd_sc_hd__buf_4)
    10    0.08    0.19    0.44    2.82 v _295_/X (sky130_fd_sc_hd__buf_4)
                                         _159_ (net)
                  0.19    0.00    2.82 v _305_/A (sky130_fd_sc_hd__inv_2)
     1    0.02    0.15    0.20    3.02 ^ _305_/Y (sky130_fd_sc_hd__inv_2)
                                         _037_ (net)
                  0.15    0.00    3.02 ^ _339_/RESET_B (sky130_fd_sc_hd__dfrtp_2)
                                  3.02   data arrival time

                          0.00    0.00   clock clk (rise edge)
                          0.00    0.00   clock source latency
     1    0.02    0.17    0.12    0.12 ^ clk (in)
                                         clk (net)
                  0.17    0.00    0.12 ^ clkbuf_0_clk/A (sky130_fd_sc_hd__clkbuf_16)
     4    0.05    0.11    0.32    0.45 ^ clkbuf_0_clk/X (sky130_fd_sc_hd__clkbuf_16)
                                         clknet_0_clk (net)
                  0.11    0.00    0.45 ^ clkbuf_2_0__f_clk/A (sky130_fd_sc_hd__clkbuf_16)
     9    0.04    0.10    0.28    0.73 ^ clkbuf_2_0__f_clk/X (sky130_fd_sc_hd__clkbuf_16)
                                         clknet_2_0__leaf_clk (net)
                  0.10    0.00    0.73 ^ _339_/CLK (sky130_fd_sc_hd__dfrtp_2)
                          0.25    0.98   clock uncertainty
                          0.00    0.98   clock reconvergence pessimism
                          0.69    1.67   library removal time
                                  1.67   data required time
-----------------------------------------------------------------------------
                                  1.67   data required time
                                 -3.02   data arrival time
-----------------------------------------------------------------------------
                                  1.35   slack (MET)


Startpoint: rst (input port clocked by clk)
Endpoint: _332_ (removal check against rising-edge clock clk)
Path Group: asynchronous
Path Type: min
Corner: Slowest

Fanout     Cap    Slew   Delay    Time   Description
-----------------------------------------------------------------------------
                          0.00    0.00   clock clk (rise edge)
                          0.00    0.00   clock network delay (propagated)
                          2.00    2.00 v input external delay
     1    0.00    0.02    0.01    2.01 v rst (in)
                                         rst (net)
                  0.02    0.00    2.01 v input1/A (sky130_fd_sc_hd__clkbuf_4)
     5    0.07    0.25    0.37    2.38 v input1/X (sky130_fd_sc_hd__clkbuf_4)
                                         net1 (net)
                  0.25    0.00    2.38 v _295_/A (sky130_fd_sc_hd__buf_4)
    10    0.08    0.19    0.44    2.82 v _295_/X (sky130_fd_sc_hd__buf_4)
                                         _159_ (net)
                  0.19    0.00    2.82 v _298_/A (sky130_fd_sc_hd__inv_2)
     1    0.02    0.14    0.19    3.01 ^ _298_/Y (sky130_fd_sc_hd__inv_2)
                                         _030_ (net)
                  0.14    0.00    3.02 ^ _332_/RESET_B (sky130_fd_sc_hd__dfrtp_4)
                                  3.02   data arrival time

                          0.00    0.00   clock clk (rise edge)
                          0.00    0.00   clock source latency
     1    0.02    0.17    0.12    0.12 ^ clk (in)
                                         clk (net)
                  0.17    0.00    0.12 ^ clkbuf_0_clk/A (sky130_fd_sc_hd__clkbuf_16)
     4    0.05    0.11    0.32    0.45 ^ clkbuf_0_clk/X (sky130_fd_sc_hd__clkbuf_16)
                                         clknet_0_clk (net)
                  0.11    0.00    0.45 ^ clkbuf_2_1__f_clk/A (sky130_fd_sc_hd__clkbuf_16)
    11    0.03    0.09    0.27    0.72 ^ clkbuf_2_1__f_clk/X (sky130_fd_sc_hd__clkbuf_16)
                                         clknet_2_1__leaf_clk (net)
                  0.09    0.00    0.72 ^ _332_/CLK (sky130_fd_sc_hd__dfrtp_4)
                          0.25    0.97   clock uncertainty
                          0.00    0.97   clock reconvergence pessimism
                          0.69    1.66   library removal time
                                  1.66   data required time
-----------------------------------------------------------------------------
                                  1.66   data required time
                                 -3.02   data arrival time
-----------------------------------------------------------------------------
                                  1.36   slack (MET)


Startpoint: rst (input port clocked by clk)
Endpoint: _330_ (removal check against rising-edge clock clk)
Path Group: asynchronous
Path Type: min
Corner: Slowest

Fanout     Cap    Slew   Delay    Time   Description
-----------------------------------------------------------------------------
                          0.00    0.00   clock clk (rise edge)
                          0.00    0.00   clock network delay (propagated)
                          2.00    2.00 v input external delay
     1    0.00    0.02    0.01    2.01 v rst (in)
                                         rst (net)
                  0.02    0.00    2.01 v input1/A (sky130_fd_sc_hd__clkbuf_4)
     5    0.07    0.25    0.37    2.38 v input1/X (sky130_fd_sc_hd__clkbuf_4)
                                         net1 (net)
                  0.25    0.00    2.38 v _295_/A (sky130_fd_sc_hd__buf_4)
    10    0.08    0.19    0.44    2.82 v _295_/X (sky130_fd_sc_hd__buf_4)
                                         _159_ (net)
                  0.19    0.00    2.82 v _296_/A (sky130_fd_sc_hd__inv_2)
     1    0.02    0.15    0.20    3.02 ^ _296_/Y (sky130_fd_sc_hd__inv_2)
                                         _028_ (net)
                  0.15    0.00    3.02 ^ _330_/RESET_B (sky130_fd_sc_hd__dfrtp_4)
                                  3.02   data arrival time

                          0.00    0.00   clock clk (rise edge)
                          0.00    0.00   clock source latency
     1    0.02    0.17    0.12    0.12 ^ clk (in)
                                         clk (net)
                  0.17    0.00    0.12 ^ clkbuf_0_clk/A (sky130_fd_sc_hd__clkbuf_16)
     4    0.05    0.11    0.32    0.45 ^ clkbuf_0_clk/X (sky130_fd_sc_hd__clkbuf_16)
                                         clknet_0_clk (net)
                  0.11    0.00    0.45 ^ clkbuf_2_1__f_clk/A (sky130_fd_sc_hd__clkbuf_16)
    11    0.03    0.09    0.27    0.72 ^ clkbuf_2_1__f_clk/X (sky130_fd_sc_hd__clkbuf_16)
                                         clknet_2_1__leaf_clk (net)
                  0.09    0.00    0.72 ^ _330_/CLK (sky130_fd_sc_hd__dfrtp_4)
                          0.25    0.97   clock uncertainty
                          0.00    0.97   clock reconvergence pessimism
                          0.69    1.66   library removal time
                                  1.66   data required time
-----------------------------------------------------------------------------
                                  1.66   data required time
                                 -3.02   data arrival time
-----------------------------------------------------------------------------
                                  1.36   slack (MET)


Startpoint: rst (input port clocked by clk)
Endpoint: _336_ (removal check against rising-edge clock clk)
Path Group: asynchronous
Path Type: min
Corner: Slowest

Fanout     Cap    Slew   Delay    Time   Description
-----------------------------------------------------------------------------
                          0.00    0.00   clock clk (rise edge)
                          0.00    0.00   clock network delay (propagated)
                          2.00    2.00 v input external delay
     1    0.00    0.02    0.01    2.01 v rst (in)
                                         rst (net)
                  0.02    0.00    2.01 v input1/A (sky130_fd_sc_hd__clkbuf_4)
     5    0.07    0.25    0.37    2.38 v input1/X (sky130_fd_sc_hd__clkbuf_4)
                                         net1 (net)
                  0.25    0.00    2.38 v _295_/A (sky130_fd_sc_hd__buf_4)
    10    0.08    0.19    0.44    2.82 v _295_/X (sky130_fd_sc_hd__buf_4)
                                         _159_ (net)
                  0.19    0.00    2.82 v _302_/A (sky130_fd_sc_hd__inv_2)
     1    0.02    0.18    0.22    3.04 ^ _302_/Y (sky130_fd_sc_hd__inv_2)
                                         _034_ (net)
                  0.18    0.00    3.04 ^ _336_/RESET_B (sky130_fd_sc_hd__dfrtp_2)
                                  3.04   data arrival time

                          0.00    0.00   clock clk (rise edge)
                          0.00    0.00   clock source latency
     1    0.02    0.17    0.12    0.12 ^ clk (in)
                                         clk (net)
                  0.17    0.00    0.12 ^ clkbuf_0_clk/A (sky130_fd_sc_hd__clkbuf_16)
     4    0.05    0.11    0.32    0.45 ^ clkbuf_0_clk/X (sky130_fd_sc_hd__clkbuf_16)
                                         clknet_0_clk (net)
                  0.11    0.00    0.45 ^ clkbuf_2_1__f_clk/A (sky130_fd_sc_hd__clkbuf_16)
    11    0.03    0.09    0.27    0.72 ^ clkbuf_2_1__f_clk/X (sky130_fd_sc_hd__clkbuf_16)
                                         clknet_2_1__leaf_clk (net)
                  0.09    0.00    0.72 ^ _336_/CLK (sky130_fd_sc_hd__dfrtp_2)
                          0.25    0.97   clock uncertainty
                          0.00    0.97   clock reconvergence pessimism
                          0.70    1.66   library removal time
                                  1.66   data required time
-----------------------------------------------------------------------------
                                  1.66   data required time
                                 -3.04   data arrival time
-----------------------------------------------------------------------------
                                  1.38   slack (MET)


Startpoint: _341_ (rising edge-triggered flip-flop clocked by clk)
Endpoint: _341_ (rising edge-triggered flip-flop clocked by clk)
Path Group: clk
Path Type: min
Corner: Slowest

Fanout     Cap    Slew   Delay    Time   Description
-----------------------------------------------------------------------------
                          0.00    0.00   clock clk (rise edge)
                          0.00    0.00   clock source latency
     1    0.02    0.17    0.11    0.11 ^ clk (in)
                                         clk (net)
                  0.17    0.00    0.11 ^ clkbuf_0_clk/A (sky130_fd_sc_hd__clkbuf_16)
     4    0.05    0.11    0.29    0.40 ^ clkbuf_0_clk/X (sky130_fd_sc_hd__clkbuf_16)
                                         clknet_0_clk (net)
                  0.11    0.00    0.40 ^ clkbuf_2_0__f_clk/A (sky130_fd_sc_hd__clkbuf_16)
     9    0.04    0.10    0.25    0.66 ^ clkbuf_2_0__f_clk/X (sky130_fd_sc_hd__clkbuf_16)
                                         clknet_2_0__leaf_clk (net)
                  0.10    0.00    0.66 ^ _341_/CLK (sky130_fd_sc_hd__dfrtp_4)
     4    0.04    0.23    0.91    1.57 ^ _341_/Q (sky130_fd_sc_hd__dfrtp_4)
                                         one_second_counter[11] (net)
                  0.23    0.00    1.57 ^ _227_/B1 (sky130_fd_sc_hd__a21oi_2)
     1    0.03    0.13    0.19    1.76 v _227_/Y (sky130_fd_sc_hd__a21oi_2)
                                         _113_ (net)
                  0.13    0.00    1.76 v _229_/B (sky130_fd_sc_hd__nor3_1)
     1    0.01    0.41    0.42    2.18 ^ _229_/Y (sky130_fd_sc_hd__nor3_1)
                                         _002_ (net)
                  0.41    0.00    2.18 ^ _341_/D (sky130_fd_sc_hd__dfrtp_4)
                                  2.18   data arrival time

                          0.00    0.00   clock clk (rise edge)
                          0.00    0.00   clock source latency
     1    0.02    0.17    0.12    0.12 ^ clk (in)
                                         clk (net)
                  0.17    0.00    0.12 ^ clkbuf_0_clk/A (sky130_fd_sc_hd__clkbuf_16)
     4    0.05    0.11    0.32    0.45 ^ clkbuf_0_clk/X (sky130_fd_sc_hd__clkbuf_16)
                                         clknet_0_clk (net)
                  0.11    0.00    0.45 ^ clkbuf_2_0__f_clk/A (sky130_fd_sc_hd__clkbuf_16)
     9    0.04    0.10    0.28    0.73 ^ clkbuf_2_0__f_clk/X (sky130_fd_sc_hd__clkbuf_16)
                                         clknet_2_0__leaf_clk (net)
                  0.10    0.00    0.73 ^ _341_/CLK (sky130_fd_sc_hd__dfrtp_4)
                          0.25    0.98   clock uncertainty
                         -0.07    0.91   clock reconvergence pessimism
                         -0.15    0.76   library hold time
                                  0.76   data required time
-----------------------------------------------------------------------------
                                  0.76   data required time
                                 -2.18   data arrival time
-----------------------------------------------------------------------------
                                  1.42   slack (MET)


Startpoint: _333_ (rising edge-triggered flip-flop clocked by clk)
Endpoint: _333_ (rising edge-triggered flip-flop clocked by clk)
Path Group: clk
Path Type: min
Corner: Slowest

Fanout     Cap    Slew   Delay    Time   Description
-----------------------------------------------------------------------------
                          0.00    0.00   clock clk (rise edge)
                          0.00    0.00   clock source latency
     1    0.02    0.17    0.11    0.11 ^ clk (in)
                                         clk (net)
                  0.17    0.00    0.11 ^ clkbuf_0_clk/A (sky130_fd_sc_hd__clkbuf_16)
     4    0.05    0.11    0.29    0.40 ^ clkbuf_0_clk/X (sky130_fd_sc_hd__clkbuf_16)
                                         clknet_0_clk (net)
                  0.11    0.00    0.40 ^ clkbuf_2_3__f_clk/A (sky130_fd_sc_hd__clkbuf_16)
     8    0.04    0.09    0.25    0.66 ^ clkbuf_2_3__f_clk/X (sky130_fd_sc_hd__clkbuf_16)
                                         clknet_2_3__leaf_clk (net)
                  0.09    0.00    0.66 ^ _333_/CLK (sky130_fd_sc_hd__dfrtp_1)
     2    0.01    0.20    0.72    1.38 ^ _333_/Q (sky130_fd_sc_hd__dfrtp_1)
                                         one_second_counter[3] (net)
                  0.20    0.00    1.38 ^ _199_/B1 (sky130_fd_sc_hd__a31o_1)
     1    0.00    0.08    0.22    1.59 ^ _199_/X (sky130_fd_sc_hd__a31o_1)
                                         _093_ (net)
                  0.08    0.00    1.59 ^ _200_/C (sky130_fd_sc_hd__and3b_1)
     1    0.01    0.23    0.42    2.02 ^ _200_/X (sky130_fd_sc_hd__and3b_1)
                                         _094_ (net)
                  0.23    0.00    2.02 ^ _201_/A (sky130_fd_sc_hd__clkbuf_1)
     1    0.01    0.15    0.26    2.28 ^ _201_/X (sky130_fd_sc_hd__clkbuf_1)
                                         _020_ (net)
                  0.15    0.00    2.28 ^ _333_/D (sky130_fd_sc_hd__dfrtp_1)
                                  2.28   data arrival time

                          0.00    0.00   clock clk (rise edge)
                          0.00    0.00   clock source latency
     1    0.02    0.17    0.12    0.12 ^ clk (in)
                                         clk (net)
                  0.17    0.00    0.12 ^ clkbuf_0_clk/A (sky130_fd_sc_hd__clkbuf_16)
     4    0.05    0.11    0.32    0.45 ^ clkbuf_0_clk/X (sky130_fd_sc_hd__clkbuf_16)
                                         clknet_0_clk (net)
                  0.11    0.00    0.45 ^ clkbuf_2_3__f_clk/A (sky130_fd_sc_hd__clkbuf_16)
     8    0.04    0.09    0.28    0.72 ^ clkbuf_2_3__f_clk/X (sky130_fd_sc_hd__clkbuf_16)
                                         clknet_2_3__leaf_clk (net)
                  0.09    0.00    0.73 ^ _333_/CLK (sky130_fd_sc_hd__dfrtp_1)
                          0.25    0.98   clock uncertainty
                         -0.07    0.91   clock reconvergence pessimism
                         -0.09    0.81   library hold time
                                  0.81   data required time
-----------------------------------------------------------------------------
                                  0.81   data required time
                                 -2.28   data arrival time
-----------------------------------------------------------------------------
                                  1.46   slack (MET)


Startpoint: _348_ (rising edge-triggered flip-flop clocked by clk)
Endpoint: _348_ (rising edge-triggered flip-flop clocked by clk)
Path Group: clk
Path Type: min
Corner: Slowest

Fanout     Cap    Slew   Delay    Time   Description
-----------------------------------------------------------------------------
                          0.00    0.00   clock clk (rise edge)
                          0.00    0.00   clock source latency
     1    0.02    0.17    0.11    0.11 ^ clk (in)
                                         clk (net)
                  0.17    0.00    0.11 ^ clkbuf_0_clk/A (sky130_fd_sc_hd__clkbuf_16)
     4    0.05    0.11    0.29    0.40 ^ clkbuf_0_clk/X (sky130_fd_sc_hd__clkbuf_16)
                                         clknet_0_clk (net)
                  0.11    0.00    0.40 ^ clkbuf_2_0__f_clk/A (sky130_fd_sc_hd__clkbuf_16)
     9    0.04    0.10    0.25    0.66 ^ clkbuf_2_0__f_clk/X (sky130_fd_sc_hd__clkbuf_16)
                                         clknet_2_0__leaf_clk (net)
                  0.10    0.00    0.66 ^ _348_/CLK (sky130_fd_sc_hd__dfrtp_4)
     6    0.04    0.23    0.91    1.57 ^ _348_/Q (sky130_fd_sc_hd__dfrtp_4)
                                         one_second_counter[18] (net)
                  0.23    0.00    1.57 ^ _253_/A (sky130_fd_sc_hd__nand2_1)
     1    0.01    0.15    0.21    1.78 v _253_/Y (sky130_fd_sc_hd__nand2_1)
                                         _132_ (net)
                  0.15    0.00    1.78 v _255_/A1 (sky130_fd_sc_hd__o211a_1)
     1    0.01    0.14    0.50    2.28 v _255_/X (sky130_fd_sc_hd__o211a_1)
                                         _009_ (net)
                  0.14    0.00    2.28 v _348_/D (sky130_fd_sc_hd__dfrtp_4)
                                  2.28   data arrival time

                          0.00    0.00   clock clk (rise edge)
                          0.00    0.00   clock source latency
     1    0.02    0.17    0.12    0.12 ^ clk (in)
                                         clk (net)
                  0.17    0.00    0.12 ^ clkbuf_0_clk/A (sky130_fd_sc_hd__clkbuf_16)
     4    0.05    0.11    0.32    0.45 ^ clkbuf_0_clk/X (sky130_fd_sc_hd__clkbuf_16)
                                         clknet_0_clk (net)
                  0.11    0.00    0.45 ^ clkbuf_2_0__f_clk/A (sky130_fd_sc_hd__clkbuf_16)
     9    0.04    0.10    0.28    0.73 ^ clkbuf_2_0__f_clk/X (sky130_fd_sc_hd__clkbuf_16)
                                         clknet_2_0__leaf_clk (net)
                  0.10    0.00    0.73 ^ _348_/CLK (sky130_fd_sc_hd__dfrtp_4)
                          0.25    0.98   clock uncertainty
                         -0.07    0.91   clock reconvergence pessimism
                         -0.11    0.80   library hold time
                                  0.80   data required time
-----------------------------------------------------------------------------
                                  0.80   data required time
                                 -2.28   data arrival time
-----------------------------------------------------------------------------
                                  1.48   slack (MET)


Startpoint: _343_ (rising edge-triggered flip-flop clocked by clk)
Endpoint: _343_ (rising edge-triggered flip-flop clocked by clk)
Path Group: clk
Path Type: min
Corner: Slowest

Fanout     Cap    Slew   Delay    Time   Description
-----------------------------------------------------------------------------
                          0.00    0.00   clock clk (rise edge)
                          0.00    0.00   clock source latency
     1    0.02    0.17    0.11    0.11 ^ clk (in)
                                         clk (net)
                  0.17    0.00    0.11 ^ clkbuf_0_clk/A (sky130_fd_sc_hd__clkbuf_16)
     4    0.05    0.11    0.29    0.40 ^ clkbuf_0_clk/X (sky130_fd_sc_hd__clkbuf_16)
                                         clknet_0_clk (net)
                  0.11    0.00    0.40 ^ clkbuf_2_0__f_clk/A (sky130_fd_sc_hd__clkbuf_16)
     9    0.04    0.10    0.25    0.66 ^ clkbuf_2_0__f_clk/X (sky130_fd_sc_hd__clkbuf_16)
                                         clknet_2_0__leaf_clk (net)
                  0.10    0.00    0.66 ^ _343_/CLK (sky130_fd_sc_hd__dfrtp_1)
     4    0.02    0.29    0.78    1.44 ^ _343_/Q (sky130_fd_sc_hd__dfrtp_1)
                                         one_second_counter[13] (net)
                  0.29    0.00    1.44 ^ _234_/B1 (sky130_fd_sc_hd__a21o_1)
     1    0.01    0.17    0.29    1.73 ^ _234_/X (sky130_fd_sc_hd__a21o_1)
                                         _118_ (net)
                  0.17    0.00    1.73 ^ _236_/B (sky130_fd_sc_hd__and3_1)
     1    0.01    0.17    0.38    2.11 ^ _236_/X (sky130_fd_sc_hd__and3_1)
                                         _120_ (net)
                  0.17    0.00    2.11 ^ _237_/A (sky130_fd_sc_hd__clkbuf_1)
     1    0.01    0.12    0.22    2.33 ^ _237_/X (sky130_fd_sc_hd__clkbuf_1)
                                         _004_ (net)
                  0.12    0.00    2.33 ^ _343_/D (sky130_fd_sc_hd__dfrtp_1)
                                  2.33   data arrival time

                          0.00    0.00   clock clk (rise edge)
                          0.00    0.00   clock source latency
     1    0.02    0.17    0.12    0.12 ^ clk (in)
                                         clk (net)
                  0.17    0.00    0.12 ^ clkbuf_0_clk/A (sky130_fd_sc_hd__clkbuf_16)
     4    0.05    0.11    0.32    0.45 ^ clkbuf_0_clk/X (sky130_fd_sc_hd__clkbuf_16)
                                         clknet_0_clk (net)
                  0.11    0.00    0.45 ^ clkbuf_2_0__f_clk/A (sky130_fd_sc_hd__clkbuf_16)
     9    0.04    0.10    0.28    0.73 ^ clkbuf_2_0__f_clk/X (sky130_fd_sc_hd__clkbuf_16)
                                         clknet_2_0__leaf_clk (net)
                  0.10    0.00    0.73 ^ _343_/CLK (sky130_fd_sc_hd__dfrtp_1)
                          0.25    0.98   clock uncertainty
                         -0.07    0.91   clock reconvergence pessimism
                         -0.08    0.82   library hold time
                                  0.82   data required time
-----------------------------------------------------------------------------
                                  0.82   data required time
                                 -2.33   data arrival time
-----------------------------------------------------------------------------
                                  1.51   slack (MET)


Startpoint: _335_ (rising edge-triggered flip-flop clocked by clk)
Endpoint: _335_ (rising edge-triggered flip-flop clocked by clk)
Path Group: clk
Path Type: min
Corner: Slowest

Fanout     Cap    Slew   Delay    Time   Description
-----------------------------------------------------------------------------
                          0.00    0.00   clock clk (rise edge)
                          0.00    0.00   clock source latency
     1    0.02    0.17    0.11    0.11 ^ clk (in)
                                         clk (net)
                  0.17    0.00    0.11 ^ clkbuf_0_clk/A (sky130_fd_sc_hd__clkbuf_16)
     4    0.05    0.11    0.29    0.40 ^ clkbuf_0_clk/X (sky130_fd_sc_hd__clkbuf_16)
                                         clknet_0_clk (net)
                  0.11    0.00    0.40 ^ clkbuf_2_2__f_clk/A (sky130_fd_sc_hd__clkbuf_16)
     7    0.05    0.10    0.26    0.66 ^ clkbuf_2_2__f_clk/X (sky130_fd_sc_hd__clkbuf_16)
                                         clknet_2_2__leaf_clk (net)
                  0.10    0.00    0.66 ^ _335_/CLK (sky130_fd_sc_hd__dfrtp_2)
     3    0.04    0.21    0.93    1.59 v _335_/Q (sky130_fd_sc_hd__dfrtp_2)
                                         one_second_counter[5] (net)
                  0.21    0.00    1.60 v _207_/B1 (sky130_fd_sc_hd__a21oi_1)
     1    0.01    0.42    0.43    2.02 ^ _207_/Y (sky130_fd_sc_hd__a21oi_1)
                                         _099_ (net)
                  0.42    0.00    2.02 ^ _209_/B (sky130_fd_sc_hd__nor3_1)
     1    0.02    0.18    0.30    2.32 v _209_/Y (sky130_fd_sc_hd__nor3_1)
                                         _022_ (net)
                  0.18    0.00    2.32 v _335_/D (sky130_fd_sc_hd__dfrtp_2)
                                  2.32   data arrival time

                          0.00    0.00   clock clk (rise edge)
                          0.00    0.00   clock source latency
     1    0.02    0.17    0.12    0.12 ^ clk (in)
                                         clk (net)
                  0.17    0.00    0.12 ^ clkbuf_0_clk/A (sky130_fd_sc_hd__clkbuf_16)
     4    0.05    0.11    0.32    0.45 ^ clkbuf_0_clk/X (sky130_fd_sc_hd__clkbuf_16)
                                         clknet_0_clk (net)
                  0.11    0.00    0.45 ^ clkbuf_2_2__f_clk/A (sky130_fd_sc_hd__clkbuf_16)
     7    0.05    0.10    0.29    0.73 ^ clkbuf_2_2__f_clk/X (sky130_fd_sc_hd__clkbuf_16)
                                         clknet_2_2__leaf_clk (net)
                  0.10    0.00    0.73 ^ _335_/CLK (sky130_fd_sc_hd__dfrtp_2)
                          0.25    0.98   clock uncertainty
                         -0.07    0.91   clock reconvergence pessimism
                         -0.12    0.79   library hold time
                                  0.79   data required time
-----------------------------------------------------------------------------
                                  0.79   data required time
                                 -2.32   data arrival time
-----------------------------------------------------------------------------
                                  1.53   slack (MET)


Startpoint: _339_ (rising edge-triggered flip-flop clocked by clk)
Endpoint: _339_ (rising edge-triggered flip-flop clocked by clk)
Path Group: clk
Path Type: min
Corner: Slowest

Fanout     Cap    Slew   Delay    Time   Description
-----------------------------------------------------------------------------
                          0.00    0.00   clock clk (rise edge)
                          0.00    0.00   clock source latency
     1    0.02    0.17    0.11    0.11 ^ clk (in)
                                         clk (net)
                  0.17    0.00    0.11 ^ clkbuf_0_clk/A (sky130_fd_sc_hd__clkbuf_16)
     4    0.05    0.11    0.29    0.40 ^ clkbuf_0_clk/X (sky130_fd_sc_hd__clkbuf_16)
                                         clknet_0_clk (net)
                  0.11    0.00    0.40 ^ clkbuf_2_0__f_clk/A (sky130_fd_sc_hd__clkbuf_16)
     9    0.04    0.10    0.25    0.66 ^ clkbuf_2_0__f_clk/X (sky130_fd_sc_hd__clkbuf_16)
                                         clknet_2_0__leaf_clk (net)
                  0.10    0.00    0.66 ^ _339_/CLK (sky130_fd_sc_hd__dfrtp_2)
     3    0.03    0.19    0.91    1.57 v _339_/Q (sky130_fd_sc_hd__dfrtp_2)
                                         one_second_counter[9] (net)
                  0.19    0.00    1.57 v _220_/B1 (sky130_fd_sc_hd__a21oi_2)
     1    0.02    0.46    0.43    2.00 ^ _220_/Y (sky130_fd_sc_hd__a21oi_2)
                                         _108_ (net)
                  0.46    0.00    2.00 ^ _222_/B (sky130_fd_sc_hd__nor3_1)
     1    0.02    0.17    0.32    2.32 v _222_/Y (sky130_fd_sc_hd__nor3_1)
                                         _026_ (net)
                  0.17    0.00    2.32 v _339_/D (sky130_fd_sc_hd__dfrtp_2)
                                  2.32   data arrival time

                          0.00    0.00   clock clk (rise edge)
                          0.00    0.00   clock source latency
     1    0.02    0.17    0.12    0.12 ^ clk (in)
                                         clk (net)
                  0.17    0.00    0.12 ^ clkbuf_0_clk/A (sky130_fd_sc_hd__clkbuf_16)
     4    0.05    0.11    0.32    0.45 ^ clkbuf_0_clk/X (sky130_fd_sc_hd__clkbuf_16)
                                         clknet_0_clk (net)
                  0.11    0.00    0.45 ^ clkbuf_2_0__f_clk/A (sky130_fd_sc_hd__clkbuf_16)
     9    0.04    0.10    0.28    0.73 ^ clkbuf_2_0__f_clk/X (sky130_fd_sc_hd__clkbuf_16)
                                         clknet_2_0__leaf_clk (net)
                  0.10    0.00    0.73 ^ _339_/CLK (sky130_fd_sc_hd__dfrtp_2)
                          0.25    0.98   clock uncertainty
                         -0.07    0.91   clock reconvergence pessimism
                         -0.12    0.79   library hold time
                                  0.79   data required time
-----------------------------------------------------------------------------
                                  0.79   data required time
                                 -2.32   data arrival time
-----------------------------------------------------------------------------
                                  1.53   slack (MET)


Startpoint: _355_ (rising edge-triggered flip-flop clocked by clk)
Endpoint: _355_ (rising edge-triggered flip-flop clocked by clk)
Path Group: clk
Path Type: min
Corner: Slowest

Fanout     Cap    Slew   Delay    Time   Description
-----------------------------------------------------------------------------
                          0.00    0.00   clock clk (rise edge)
                          0.00    0.00   clock source latency
     1    0.02    0.17    0.11    0.11 ^ clk (in)
                                         clk (net)
                  0.17    0.00    0.11 ^ clkbuf_0_clk/A (sky130_fd_sc_hd__clkbuf_16)
     4    0.05    0.11    0.29    0.40 ^ clkbuf_0_clk/X (sky130_fd_sc_hd__clkbuf_16)
                                         clknet_0_clk (net)
                  0.11    0.00    0.40 ^ clkbuf_2_1__f_clk/A (sky130_fd_sc_hd__clkbuf_16)
    11    0.03    0.09    0.25    0.65 ^ clkbuf_2_1__f_clk/X (sky130_fd_sc_hd__clkbuf_16)
                                         clknet_2_1__leaf_clk (net)
                  0.09    0.00    0.65 ^ _355_/CLK (sky130_fd_sc_hd__dfrtp_4)
     4    0.04    0.23    0.91    1.56 ^ _355_/Q (sky130_fd_sc_hd__dfrtp_4)
                                         one_second_counter[25] (net)
                  0.23    0.00    1.56 ^ _280_/A (sky130_fd_sc_hd__nand2_1)
     1    0.00    0.11    0.18    1.74 v _280_/Y (sky130_fd_sc_hd__nand2_1)
                                         _152_ (net)
                  0.11    0.00    1.74 v _281_/C (sky130_fd_sc_hd__and3_1)
     1    0.01    0.13    0.43    2.17 v _281_/X (sky130_fd_sc_hd__and3_1)
                                         _153_ (net)
                  0.13    0.00    2.17 v _282_/A (sky130_fd_sc_hd__clkbuf_1)
     1    0.01    0.10    0.22    2.39 v _282_/X (sky130_fd_sc_hd__clkbuf_1)
                                         _017_ (net)
                  0.10    0.00    2.39 v _355_/D (sky130_fd_sc_hd__dfrtp_4)
                                  2.39   data arrival time

                          0.00    0.00   clock clk (rise edge)
                          0.00    0.00   clock source latency
     1    0.02    0.17    0.12    0.12 ^ clk (in)
                                         clk (net)
                  0.17    0.00    0.12 ^ clkbuf_0_clk/A (sky130_fd_sc_hd__clkbuf_16)
     4    0.05    0.11    0.32    0.45 ^ clkbuf_0_clk/X (sky130_fd_sc_hd__clkbuf_16)
                                         clknet_0_clk (net)
                  0.11    0.00    0.45 ^ clkbuf_2_1__f_clk/A (sky130_fd_sc_hd__clkbuf_16)
    11    0.03    0.09    0.27    0.72 ^ clkbuf_2_1__f_clk/X (sky130_fd_sc_hd__clkbuf_16)
                                         clknet_2_1__leaf_clk (net)
                  0.09    0.00    0.72 ^ _355_/CLK (sky130_fd_sc_hd__dfrtp_4)
                          0.25    0.97   clock uncertainty
                         -0.07    0.90   clock reconvergence pessimism
                         -0.10    0.80   library hold time
                                  0.80   data required time
-----------------------------------------------------------------------------
                                  0.80   data required time
                                 -2.39   data arrival time
-----------------------------------------------------------------------------
                                  1.58   slack (MET)


Startpoint: _359_ (rising edge-triggered flip-flop clocked by clk)
Endpoint: _359_ (rising edge-triggered flip-flop clocked by clk)
Path Group: clk
Path Type: min
Corner: Slowest

Fanout     Cap    Slew   Delay    Time   Description
-----------------------------------------------------------------------------
                          0.00    0.00   clock clk (rise edge)
                          0.00    0.00   clock source latency
     1    0.02    0.17    0.11    0.11 ^ clk (in)
                                         clk (net)
                  0.17    0.00    0.11 ^ clkbuf_0_clk/A (sky130_fd_sc_hd__clkbuf_16)
     4    0.05    0.11    0.29    0.40 ^ clkbuf_0_clk/X (sky130_fd_sc_hd__clkbuf_16)
                                         clknet_0_clk (net)
                  0.11    0.00    0.40 ^ clkbuf_2_0__f_clk/A (sky130_fd_sc_hd__clkbuf_16)
     9    0.04    0.10    0.25    0.66 ^ clkbuf_2_0__f_clk/X (sky130_fd_sc_hd__clkbuf_16)
                                         clknet_2_0__leaf_clk (net)
                  0.10    0.00    0.66 ^ _359_/CLK (sky130_fd_sc_hd__dfrtp_4)
     7    0.05    0.29    0.96    1.62 ^ _359_/Q (sky130_fd_sc_hd__dfrtp_4)
                                         decoder.digit[1] (net)
                  0.29    0.00    1.62 ^ _171_/B1 (sky130_fd_sc_hd__a21oi_1)
     1    0.02    0.17    0.24    1.86 v _171_/Y (sky130_fd_sc_hd__a21oi_1)
                                         _071_ (net)
                  0.17    0.00    1.86 v _172_/B (sky130_fd_sc_hd__nor2_1)
     1    0.02    0.53    0.46    2.32 ^ _172_/Y (sky130_fd_sc_hd__nor2_1)
                                         _061_ (net)
                  0.53    0.00    2.32 ^ _359_/D (sky130_fd_sc_hd__dfrtp_4)
                                  2.32   data arrival time

                          0.00    0.00   clock clk (rise edge)
                          0.00    0.00   clock source latency
     1    0.02    0.17    0.12    0.12 ^ clk (in)
                                         clk (net)
                  0.17    0.00    0.12 ^ clkbuf_0_clk/A (sky130_fd_sc_hd__clkbuf_16)
     4    0.05    0.11    0.32    0.45 ^ clkbuf_0_clk/X (sky130_fd_sc_hd__clkbuf_16)
                                         clknet_0_clk (net)
                  0.11    0.00    0.45 ^ clkbuf_2_0__f_clk/A (sky130_fd_sc_hd__clkbuf_16)
     9    0.04    0.10    0.28    0.73 ^ clkbuf_2_0__f_clk/X (sky130_fd_sc_hd__clkbuf_16)
                                         clknet_2_0__leaf_clk (net)
                  0.10    0.00    0.73 ^ _359_/CLK (sky130_fd_sc_hd__dfrtp_4)
                          0.25    0.98   clock uncertainty
                         -0.07    0.91   clock reconvergence pessimism
                         -0.18    0.73   library hold time
                                  0.73   data required time
-----------------------------------------------------------------------------
                                  0.73   data required time
                                 -2.32   data arrival time
-----------------------------------------------------------------------------
                                  1.59   slack (MET)


Startpoint: _354_ (rising edge-triggered flip-flop clocked by clk)
Endpoint: _354_ (rising edge-triggered flip-flop clocked by clk)
Path Group: clk
Path Type: min
Corner: Slowest

Fanout     Cap    Slew   Delay    Time   Description
-----------------------------------------------------------------------------
                          0.00    0.00   clock clk (rise edge)
                          0.00    0.00   clock source latency
     1    0.02    0.17    0.11    0.11 ^ clk (in)
                                         clk (net)
                  0.17    0.00    0.11 ^ clkbuf_0_clk/A (sky130_fd_sc_hd__clkbuf_16)
     4    0.05    0.11    0.29    0.40 ^ clkbuf_0_clk/X (sky130_fd_sc_hd__clkbuf_16)
                                         clknet_0_clk (net)
                  0.11    0.00    0.40 ^ clkbuf_2_3__f_clk/A (sky130_fd_sc_hd__clkbuf_16)
     8    0.04    0.09    0.25    0.66 ^ clkbuf_2_3__f_clk/X (sky130_fd_sc_hd__clkbuf_16)
                                         clknet_2_3__leaf_clk (net)
                  0.09    0.00    0.66 ^ _354_/CLK (sky130_fd_sc_hd__dfrtp_4)
     3    0.04    0.22    0.90    1.56 ^ _354_/Q (sky130_fd_sc_hd__dfrtp_4)
                                         one_second_counter[24] (net)
                  0.22    0.00    1.56 ^ _277_/A (sky130_fd_sc_hd__and3_2)
     4    0.04    0.33    0.59    2.15 ^ _277_/X (sky130_fd_sc_hd__and3_2)
                                         _150_ (net)
                  0.33    0.00    2.15 ^ _278_/C (sky130_fd_sc_hd__nor3_1)
     1    0.01    0.15    0.23    2.38 v _278_/Y (sky130_fd_sc_hd__nor3_1)
                                         _016_ (net)
                  0.15    0.00    2.38 v _354_/D (sky130_fd_sc_hd__dfrtp_4)
                                  2.38   data arrival time

                          0.00    0.00   clock clk (rise edge)
                          0.00    0.00   clock source latency
     1    0.02    0.17    0.12    0.12 ^ clk (in)
                                         clk (net)
                  0.17    0.00    0.12 ^ clkbuf_0_clk/A (sky130_fd_sc_hd__clkbuf_16)
     4    0.05    0.11    0.32    0.45 ^ clkbuf_0_clk/X (sky130_fd_sc_hd__clkbuf_16)
                                         clknet_0_clk (net)
                  0.11    0.00    0.45 ^ clkbuf_2_3__f_clk/A (sky130_fd_sc_hd__clkbuf_16)
     8    0.04    0.09    0.28    0.72 ^ clkbuf_2_3__f_clk/X (sky130_fd_sc_hd__clkbuf_16)
                                         clknet_2_3__leaf_clk (net)
                  0.09    0.00    0.73 ^ _354_/CLK (sky130_fd_sc_hd__dfrtp_4)
                          0.25    0.98   clock uncertainty
                         -0.07    0.91   clock reconvergence pessimism
                         -0.11    0.79   library hold time
                                  0.79   data required time
-----------------------------------------------------------------------------
                                  0.79   data required time
                                 -2.38   data arrival time
-----------------------------------------------------------------------------
                                  1.59   slack (MET)


Startpoint: _332_ (rising edge-triggered flip-flop clocked by clk)
Endpoint: _332_ (rising edge-triggered flip-flop clocked by clk)
Path Group: clk
Path Type: min
Corner: Slowest

Fanout     Cap    Slew   Delay    Time   Description
-----------------------------------------------------------------------------
                          0.00    0.00   clock clk (rise edge)
                          0.00    0.00   clock source latency
     1    0.02    0.17    0.11    0.11 ^ clk (in)
                                         clk (net)
                  0.17    0.00    0.11 ^ clkbuf_0_clk/A (sky130_fd_sc_hd__clkbuf_16)
     4    0.05    0.11    0.29    0.40 ^ clkbuf_0_clk/X (sky130_fd_sc_hd__clkbuf_16)
                                         clknet_0_clk (net)
                  0.11    0.00    0.40 ^ clkbuf_2_1__f_clk/A (sky130_fd_sc_hd__clkbuf_16)
    11    0.03    0.09    0.25    0.65 ^ clkbuf_2_1__f_clk/X (sky130_fd_sc_hd__clkbuf_16)
                                         clknet_2_1__leaf_clk (net)
                  0.09    0.00    0.65 ^ _332_/CLK (sky130_fd_sc_hd__dfrtp_4)
     4    0.04    0.22    0.89    1.54 ^ _332_/Q (sky130_fd_sc_hd__dfrtp_4)
                                         one_second_counter[2] (net)
                  0.22    0.00    1.54 ^ _196_/B1 (sky130_fd_sc_hd__a21o_1)
     1    0.01    0.16    0.26    1.81 ^ _196_/X (sky130_fd_sc_hd__a21o_1)
                                         _091_ (net)
                  0.16    0.00    1.81 ^ _197_/C (sky130_fd_sc_hd__and3_1)
     1    0.01    0.12    0.35    2.16 ^ _197_/X (sky130_fd_sc_hd__and3_1)
                                         _092_ (net)
                  0.12    0.00    2.16 ^ _198_/A (sky130_fd_sc_hd__buf_1)
     1    0.01    0.26    0.29    2.45 ^ _198_/X (sky130_fd_sc_hd__buf_1)
                                         _019_ (net)
                  0.26    0.00    2.45 ^ _332_/D (sky130_fd_sc_hd__dfrtp_4)
                                  2.45   data arrival time

                          0.00    0.00   clock clk (rise edge)
                          0.00    0.00   clock source latency
     1    0.02    0.17    0.12    0.12 ^ clk (in)
                                         clk (net)
                  0.17    0.00    0.12 ^ clkbuf_0_clk/A (sky130_fd_sc_hd__clkbuf_16)
     4    0.05    0.11    0.32    0.45 ^ clkbuf_0_clk/X (sky130_fd_sc_hd__clkbuf_16)
                                         clknet_0_clk (net)
                  0.11    0.00    0.45 ^ clkbuf_2_1__f_clk/A (sky130_fd_sc_hd__clkbuf_16)
    11    0.03    0.09    0.27    0.72 ^ clkbuf_2_1__f_clk/X (sky130_fd_sc_hd__clkbuf_16)
                                         clknet_2_1__leaf_clk (net)
                  0.09    0.00    0.72 ^ _332_/CLK (sky130_fd_sc_hd__dfrtp_4)
                          0.25    0.97   clock uncertainty
                         -0.07    0.90   clock reconvergence pessimism
                         -0.12    0.78   library hold time
                                  0.78   data required time
-----------------------------------------------------------------------------
                                  0.78   data required time
                                 -2.45   data arrival time
-----------------------------------------------------------------------------
                                  1.67   slack (MET)


Startpoint: _336_ (rising edge-triggered flip-flop clocked by clk)
Endpoint: _336_ (rising edge-triggered flip-flop clocked by clk)
Path Group: clk
Path Type: min
Corner: Slowest

Fanout     Cap    Slew   Delay    Time   Description
-----------------------------------------------------------------------------
                          0.00    0.00   clock clk (rise edge)
                          0.00    0.00   clock source latency
     1    0.02    0.17    0.11    0.11 ^ clk (in)
                                         clk (net)
                  0.17    0.00    0.11 ^ clkbuf_0_clk/A (sky130_fd_sc_hd__clkbuf_16)
     4    0.05    0.11    0.29    0.40 ^ clkbuf_0_clk/X (sky130_fd_sc_hd__clkbuf_16)
                                         clknet_0_clk (net)
                  0.11    0.00    0.40 ^ clkbuf_2_1__f_clk/A (sky130_fd_sc_hd__clkbuf_16)
    11    0.03    0.09    0.25    0.65 ^ clkbuf_2_1__f_clk/X (sky130_fd_sc_hd__clkbuf_16)
                                         clknet_2_1__leaf_clk (net)
                  0.09    0.00    0.65 ^ _336_/CLK (sky130_fd_sc_hd__dfrtp_2)
     3    0.03    0.25    0.81    1.46 ^ _336_/Q (sky130_fd_sc_hd__dfrtp_2)
                                         one_second_counter[6] (net)
                  0.25    0.00    1.46 ^ _210_/A (sky130_fd_sc_hd__or2_1)
     1    0.01    0.12    0.27    1.73 ^ _210_/X (sky130_fd_sc_hd__or2_1)
                                         _101_ (net)
                  0.12    0.00    1.73 ^ _212_/B (sky130_fd_sc_hd__and3_1)
     1    0.01    0.13    0.34    2.07 ^ _212_/X (sky130_fd_sc_hd__and3_1)
                                         _103_ (net)
                  0.13    0.00    2.07 ^ _213_/A (sky130_fd_sc_hd__buf_1)
     1    0.02    0.39    0.38    2.45 ^ _213_/X (sky130_fd_sc_hd__buf_1)
                                         _023_ (net)
                  0.39    0.00    2.45 ^ _336_/D (sky130_fd_sc_hd__dfrtp_2)
                                  2.45   data arrival time

                          0.00    0.00   clock clk (rise edge)
                          0.00    0.00   clock source latency
     1    0.02    0.17    0.12    0.12 ^ clk (in)
                                         clk (net)
                  0.17    0.00    0.12 ^ clkbuf_0_clk/A (sky130_fd_sc_hd__clkbuf_16)
     4    0.05    0.11    0.32    0.45 ^ clkbuf_0_clk/X (sky130_fd_sc_hd__clkbuf_16)
                                         clknet_0_clk (net)
                  0.11    0.00    0.45 ^ clkbuf_2_1__f_clk/A (sky130_fd_sc_hd__clkbuf_16)
    11    0.03    0.09    0.27    0.72 ^ clkbuf_2_1__f_clk/X (sky130_fd_sc_hd__clkbuf_16)
                                         clknet_2_1__leaf_clk (net)
                  0.09    0.00    0.72 ^ _336_/CLK (sky130_fd_sc_hd__dfrtp_2)
                          0.25    0.97   clock uncertainty
                         -0.07    0.90   clock reconvergence pessimism
                         -0.15    0.75   library hold time
                                  0.75   data required time
-----------------------------------------------------------------------------
                                  0.75   data required time
                                 -2.45   data arrival time
-----------------------------------------------------------------------------
                                  1.70   slack (MET)


Startpoint: _338_ (rising edge-triggered flip-flop clocked by clk)
Endpoint: _338_ (rising edge-triggered flip-flop clocked by clk)
Path Group: clk
Path Type: min
Corner: Slowest

Fanout     Cap    Slew   Delay    Time   Description
-----------------------------------------------------------------------------
                          0.00    0.00   clock clk (rise edge)
                          0.00    0.00   clock source latency
     1    0.02    0.17    0.11    0.11 ^ clk (in)
                                         clk (net)
                  0.17    0.00    0.11 ^ clkbuf_0_clk/A (sky130_fd_sc_hd__clkbuf_16)
     4    0.05    0.11    0.29    0.40 ^ clkbuf_0_clk/X (sky130_fd_sc_hd__clkbuf_16)
                                         clknet_0_clk (net)
                  0.11    0.00    0.40 ^ clkbuf_2_3__f_clk/A (sky130_fd_sc_hd__clkbuf_16)
     8    0.04    0.09    0.25    0.66 ^ clkbuf_2_3__f_clk/X (sky130_fd_sc_hd__clkbuf_16)
                                         clknet_2_3__leaf_clk (net)
                  0.09    0.00    0.66 ^ _338_/CLK (sky130_fd_sc_hd__dfrtp_4)
     5    0.04    0.23    0.91    1.57 ^ _338_/Q (sky130_fd_sc_hd__dfrtp_4)
                                         one_second_counter[8] (net)
                  0.23    0.00    1.57 ^ _217_/A (sky130_fd_sc_hd__nand2_1)
     1    0.01    0.16    0.22    1.78 v _217_/Y (sky130_fd_sc_hd__nand2_1)
                                         _106_ (net)
                  0.16    0.00    1.78 v _218_/C (sky130_fd_sc_hd__and3_1)
     1    0.02    0.16    0.48    2.26 v _218_/X (sky130_fd_sc_hd__and3_1)
                                         _107_ (net)
                  0.16    0.00    2.27 v _219_/A (sky130_fd_sc_hd__clkbuf_1)
     1    0.01    0.13    0.26    2.52 v _219_/X (sky130_fd_sc_hd__clkbuf_1)
                                         _025_ (net)
                  0.13    0.00    2.52 v _338_/D (sky130_fd_sc_hd__dfrtp_4)
                                  2.52   data arrival time

                          0.00    0.00   clock clk (rise edge)
                          0.00    0.00   clock source latency
     1    0.02    0.17    0.12    0.12 ^ clk (in)
                                         clk (net)
                  0.17    0.00    0.12 ^ clkbuf_0_clk/A (sky130_fd_sc_hd__clkbuf_16)
     4    0.05    0.11    0.32    0.45 ^ clkbuf_0_clk/X (sky130_fd_sc_hd__clkbuf_16)
                                         clknet_0_clk (net)
                  0.11    0.00    0.45 ^ clkbuf_2_3__f_clk/A (sky130_fd_sc_hd__clkbuf_16)
     8    0.04    0.09    0.28    0.72 ^ clkbuf_2_3__f_clk/X (sky130_fd_sc_hd__clkbuf_16)
                                         clknet_2_3__leaf_clk (net)
                  0.09    0.00    0.73 ^ _338_/CLK (sky130_fd_sc_hd__dfrtp_4)
                          0.25    0.98   clock uncertainty
                         -0.07    0.91   clock reconvergence pessimism
                         -0.11    0.80   library hold time
                                  0.80   data required time
-----------------------------------------------------------------------------
                                  0.80   data required time
                                 -2.52   data arrival time
-----------------------------------------------------------------------------
                                  1.72   slack (MET)


Startpoint: _360_ (rising edge-triggered flip-flop clocked by clk)
Endpoint: _360_ (rising edge-triggered flip-flop clocked by clk)
Path Group: clk
Path Type: min
Corner: Slowest

Fanout     Cap    Slew   Delay    Time   Description
-----------------------------------------------------------------------------
                          0.00    0.00   clock clk (rise edge)
                          0.00    0.00   clock source latency
     1    0.02    0.17    0.11    0.11 ^ clk (in)
                                         clk (net)
                  0.17    0.00    0.11 ^ clkbuf_0_clk/A (sky130_fd_sc_hd__clkbuf_16)
     4    0.05    0.11    0.29    0.40 ^ clkbuf_0_clk/X (sky130_fd_sc_hd__clkbuf_16)
                                         clknet_0_clk (net)
                  0.11    0.00    0.40 ^ clkbuf_2_3__f_clk/A (sky130_fd_sc_hd__clkbuf_16)
     8    0.04    0.09    0.25    0.66 ^ clkbuf_2_3__f_clk/X (sky130_fd_sc_hd__clkbuf_16)
                                         clknet_2_3__leaf_clk (net)
                  0.09    0.00    0.66 ^ _360_/CLK (sky130_fd_sc_hd__dfrtp_4)
     6    0.06    0.29    0.96    1.62 ^ _360_/Q (sky130_fd_sc_hd__dfrtp_4)
                                         decoder.digit[2] (net)
                  0.29    0.00    1.62 ^ _163_/A (sky130_fd_sc_hd__nand2_1)
     2    0.02    0.26    0.32    1.94 v _163_/Y (sky130_fd_sc_hd__nand2_1)
                                         _065_ (net)
                  0.26    0.00    1.94 v _169_/A (sky130_fd_sc_hd__and2_1)
     1    0.01    0.10    0.39    2.33 v _169_/X (sky130_fd_sc_hd__and2_1)
                                         _070_ (net)
                  0.10    0.00    2.33 v _170_/A (sky130_fd_sc_hd__clkbuf_1)
     1    0.01    0.12    0.22    2.54 v _170_/X (sky130_fd_sc_hd__clkbuf_1)
                                         _062_ (net)
                  0.12    0.00    2.55 v _360_/D (sky130_fd_sc_hd__dfrtp_4)
                                  2.55   data arrival time

                          0.00    0.00   clock clk (rise edge)
                          0.00    0.00   clock source latency
     1    0.02    0.17    0.12    0.12 ^ clk (in)
                                         clk (net)
                  0.17    0.00    0.12 ^ clkbuf_0_clk/A (sky130_fd_sc_hd__clkbuf_16)
     4    0.05    0.11    0.32    0.45 ^ clkbuf_0_clk/X (sky130_fd_sc_hd__clkbuf_16)
                                         clknet_0_clk (net)
                  0.11    0.00    0.45 ^ clkbuf_2_3__f_clk/A (sky130_fd_sc_hd__clkbuf_16)
     8    0.04    0.09    0.28    0.72 ^ clkbuf_2_3__f_clk/X (sky130_fd_sc_hd__clkbuf_16)
                                         clknet_2_3__leaf_clk (net)
                  0.09    0.00    0.72 ^ _360_/CLK (sky130_fd_sc_hd__dfrtp_4)
                          0.25    0.97   clock uncertainty
                         -0.07    0.91   clock reconvergence pessimism
                         -0.10    0.80   library hold time
                                  0.80   data required time
-----------------------------------------------------------------------------
                                  0.80   data required time
                                 -2.55   data arrival time
-----------------------------------------------------------------------------
                                  1.74   slack (MET)


Startpoint: _330_ (rising edge-triggered flip-flop clocked by clk)
Endpoint: _331_ (rising edge-triggered flip-flop clocked by clk)
Path Group: clk
Path Type: min
Corner: Slowest

Fanout     Cap    Slew   Delay    Time   Description
-----------------------------------------------------------------------------
                          0.00    0.00   clock clk (rise edge)
                          0.00    0.00   clock source latency
     1    0.02    0.17    0.11    0.11 ^ clk (in)
                                         clk (net)
                  0.17    0.00    0.11 ^ clkbuf_0_clk/A (sky130_fd_sc_hd__clkbuf_16)
     4    0.05    0.11    0.29    0.40 ^ clkbuf_0_clk/X (sky130_fd_sc_hd__clkbuf_16)
                                         clknet_0_clk (net)
                  0.11    0.00    0.40 ^ clkbuf_2_1__f_clk/A (sky130_fd_sc_hd__clkbuf_16)
    11    0.03    0.09    0.25    0.65 ^ clkbuf_2_1__f_clk/X (sky130_fd_sc_hd__clkbuf_16)
                                         clknet_2_1__leaf_clk (net)
                  0.09    0.00    0.65 ^ _330_/CLK (sky130_fd_sc_hd__dfrtp_4)
     7    0.05    0.29    0.95    1.60 ^ _330_/Q (sky130_fd_sc_hd__dfrtp_4)
                                         one_second_counter[0] (net)
                  0.29    0.00    1.61 ^ _191_/B (sky130_fd_sc_hd__nand2_1)
     1    0.02    0.33    0.36    1.97 v _191_/Y (sky130_fd_sc_hd__nand2_1)
                                         _087_ (net)
                  0.33    0.00    1.97 v _193_/A (sky130_fd_sc_hd__and3_1)
     1    0.01    0.12    0.45    2.42 v _193_/X (sky130_fd_sc_hd__and3_1)
                                         _089_ (net)
                  0.12    0.00    2.42 v _194_/A (sky130_fd_sc_hd__clkbuf_1)
     1    0.01    0.11    0.22    2.64 v _194_/X (sky130_fd_sc_hd__clkbuf_1)
                                         _011_ (net)
                  0.11    0.00    2.64 v _331_/D (sky130_fd_sc_hd__dfrtp_4)
                                  2.64   data arrival time

                          0.00    0.00   clock clk (rise edge)
                          0.00    0.00   clock source latency
     1    0.02    0.17    0.12    0.12 ^ clk (in)
                                         clk (net)
                  0.17    0.00    0.12 ^ clkbuf_0_clk/A (sky130_fd_sc_hd__clkbuf_16)
     4    0.05    0.11    0.32    0.45 ^ clkbuf_0_clk/X (sky130_fd_sc_hd__clkbuf_16)
                                         clknet_0_clk (net)
                  0.11    0.00    0.45 ^ clkbuf_2_2__f_clk/A (sky130_fd_sc_hd__clkbuf_16)
     7    0.05    0.10    0.29    0.73 ^ clkbuf_2_2__f_clk/X (sky130_fd_sc_hd__clkbuf_16)
                                         clknet_2_2__leaf_clk (net)
                  0.10    0.00    0.74 ^ _331_/CLK (sky130_fd_sc_hd__dfrtp_4)
                          0.25    0.99   clock uncertainty
                         -0.04    0.94   clock reconvergence pessimism
                         -0.10    0.85   library hold time
                                  0.85   data required time
-----------------------------------------------------------------------------
                                  0.85   data required time
                                 -2.64   data arrival time
-----------------------------------------------------------------------------
                                  1.79   slack (MET)


Startpoint: _344_ (rising edge-triggered flip-flop clocked by clk)
Endpoint: _344_ (rising edge-triggered flip-flop clocked by clk)
Path Group: clk
Path Type: min
Corner: Slowest

Fanout     Cap    Slew   Delay    Time   Description
-----------------------------------------------------------------------------
                          0.00    0.00   clock clk (rise edge)
                          0.00    0.00   clock source latency
     1    0.02    0.17    0.11    0.11 ^ clk (in)
                                         clk (net)
                  0.17    0.00    0.11 ^ clkbuf_0_clk/A (sky130_fd_sc_hd__clkbuf_16)
     4    0.05    0.11    0.29    0.40 ^ clkbuf_0_clk/X (sky130_fd_sc_hd__clkbuf_16)
                                         clknet_0_clk (net)
                  0.11    0.00    0.40 ^ clkbuf_2_1__f_clk/A (sky130_fd_sc_hd__clkbuf_16)
    11    0.03    0.09    0.25    0.65 ^ clkbuf_2_1__f_clk/X (sky130_fd_sc_hd__clkbuf_16)
                                         clknet_2_1__leaf_clk (net)
                  0.09    0.00    0.65 ^ _344_/CLK (sky130_fd_sc_hd__dfrtp_1)
     3    0.02    0.32    0.80    1.45 ^ _344_/Q (sky130_fd_sc_hd__dfrtp_1)
                                         one_second_counter[14] (net)
                  0.32    0.00    1.45 ^ _238_/A (sky130_fd_sc_hd__inv_2)
     2    0.02    0.12    0.19    1.64 v _238_/Y (sky130_fd_sc_hd__inv_2)
                                         _121_ (net)
                  0.12    0.00    1.64 v _239_/A (sky130_fd_sc_hd__nand2_1)
     2    0.02    0.33    0.29    1.93 ^ _239_/Y (sky130_fd_sc_hd__nand2_1)
                                         _122_ (net)
                  0.33    0.00    1.93 ^ _241_/B (sky130_fd_sc_hd__and3_1)
     1    0.01    0.17    0.44    2.37 ^ _241_/X (sky130_fd_sc_hd__and3_1)
                                         _124_ (net)
                  0.17    0.00    2.37 ^ _242_/A (sky130_fd_sc_hd__clkbuf_1)
     1    0.01    0.21    0.28    2.65 ^ _242_/X (sky130_fd_sc_hd__clkbuf_1)
                                         _005_ (net)
                  0.21    0.00    2.65 ^ _344_/D (sky130_fd_sc_hd__dfrtp_1)
                                  2.65   data arrival time

                          0.00    0.00   clock clk (rise edge)
                          0.00    0.00   clock source latency
     1    0.02    0.17    0.12    0.12 ^ clk (in)
                                         clk (net)
                  0.17    0.00    0.12 ^ clkbuf_0_clk/A (sky130_fd_sc_hd__clkbuf_16)
     4    0.05    0.11    0.32    0.45 ^ clkbuf_0_clk/X (sky130_fd_sc_hd__clkbuf_16)
                                         clknet_0_clk (net)
                  0.11    0.00    0.45 ^ clkbuf_2_1__f_clk/A (sky130_fd_sc_hd__clkbuf_16)
    11    0.03    0.09    0.27    0.72 ^ clkbuf_2_1__f_clk/X (sky130_fd_sc_hd__clkbuf_16)
                                         clknet_2_1__leaf_clk (net)
                  0.09    0.00    0.72 ^ _344_/CLK (sky130_fd_sc_hd__dfrtp_1)
                          0.25    0.97   clock uncertainty
                         -0.07    0.90   clock reconvergence pessimism
                         -0.11    0.79   library hold time
                                  0.79   data required time
-----------------------------------------------------------------------------
                                  0.79   data required time
                                 -2.65   data arrival time
-----------------------------------------------------------------------------
                                  1.86   slack (MET)


Startpoint: _334_ (rising edge-triggered flip-flop clocked by clk)
Endpoint: _334_ (rising edge-triggered flip-flop clocked by clk)
Path Group: clk
Path Type: min
Corner: Slowest

Fanout     Cap    Slew   Delay    Time   Description
-----------------------------------------------------------------------------
                          0.00    0.00   clock clk (rise edge)
                          0.00    0.00   clock source latency
     1    0.02    0.17    0.11    0.11 ^ clk (in)
                                         clk (net)
                  0.17    0.00    0.11 ^ clkbuf_0_clk/A (sky130_fd_sc_hd__clkbuf_16)
     4    0.05    0.11    0.29    0.40 ^ clkbuf_0_clk/X (sky130_fd_sc_hd__clkbuf_16)
                                         clknet_0_clk (net)
                  0.11    0.00    0.40 ^ clkbuf_2_1__f_clk/A (sky130_fd_sc_hd__clkbuf_16)
    11    0.03    0.09    0.25    0.65 ^ clkbuf_2_1__f_clk/X (sky130_fd_sc_hd__clkbuf_16)
                                         clknet_2_1__leaf_clk (net)
                  0.09    0.00    0.65 ^ _334_/CLK (sky130_fd_sc_hd__dfrtp_4)
     5    0.04    0.24    0.92    1.57 ^ _334_/Q (sky130_fd_sc_hd__dfrtp_4)
                                         one_second_counter[4] (net)
                  0.24    0.00    1.57 ^ _204_/A (sky130_fd_sc_hd__or2_1)
     1    0.02    0.28    0.37    1.94 ^ _204_/X (sky130_fd_sc_hd__or2_1)
                                         _097_ (net)
                  0.28    0.00    1.94 ^ _205_/C (sky130_fd_sc_hd__and3_1)
     1    0.01    0.15    0.41    2.35 ^ _205_/X (sky130_fd_sc_hd__and3_1)
                                         _098_ (net)
                  0.15    0.00    2.35 ^ _206_/A (sky130_fd_sc_hd__clkbuf_1)
     1    0.01    0.24    0.29    2.65 ^ _206_/X (sky130_fd_sc_hd__clkbuf_1)
                                         _021_ (net)
                  0.24    0.00    2.65 ^ _334_/D (sky130_fd_sc_hd__dfrtp_4)
                                  2.65   data arrival time

                          0.00    0.00   clock clk (rise edge)
                          0.00    0.00   clock source latency
     1    0.02    0.17    0.12    0.12 ^ clk (in)
                                         clk (net)
                  0.17    0.00    0.12 ^ clkbuf_0_clk/A (sky130_fd_sc_hd__clkbuf_16)
     4    0.05    0.11    0.32    0.45 ^ clkbuf_0_clk/X (sky130_fd_sc_hd__clkbuf_16)
                                         clknet_0_clk (net)
                  0.11    0.00    0.45 ^ clkbuf_2_1__f_clk/A (sky130_fd_sc_hd__clkbuf_16)
    11    0.03    0.09    0.27    0.72 ^ clkbuf_2_1__f_clk/X (sky130_fd_sc_hd__clkbuf_16)
                                         clknet_2_1__leaf_clk (net)
                  0.09    0.00    0.72 ^ _334_/CLK (sky130_fd_sc_hd__dfrtp_4)
                          0.25    0.97   clock uncertainty
                         -0.07    0.90   clock reconvergence pessimism
                         -0.11    0.79   library hold time
                                  0.79   data required time
-----------------------------------------------------------------------------
                                  0.79   data required time
                                 -2.65   data arrival time
-----------------------------------------------------------------------------
                                  1.86   slack (MET)


Startpoint: _346_ (rising edge-triggered flip-flop clocked by clk)
Endpoint: _346_ (rising edge-triggered flip-flop clocked by clk)
Path Group: clk
Path Type: min
Corner: Slowest

Fanout     Cap    Slew   Delay    Time   Description
-----------------------------------------------------------------------------
                          0.00    0.00   clock clk (rise edge)
                          0.00    0.00   clock source latency
     1    0.02    0.17    0.11    0.11 ^ clk (in)
                                         clk (net)
                  0.17    0.00    0.11 ^ clkbuf_0_clk/A (sky130_fd_sc_hd__clkbuf_16)
     4    0.05    0.11    0.29    0.40 ^ clkbuf_0_clk/X (sky130_fd_sc_hd__clkbuf_16)
                                         clknet_0_clk (net)
                  0.11    0.00    0.40 ^ clkbuf_2_2__f_clk/A (sky130_fd_sc_hd__clkbuf_16)
     7    0.05    0.10    0.26    0.66 ^ clkbuf_2_2__f_clk/X (sky130_fd_sc_hd__clkbuf_16)
                                         clknet_2_2__leaf_clk (net)
                  0.10    0.00    0.67 ^ _346_/CLK (sky130_fd_sc_hd__dfrtp_4)
     6    0.04    0.24    0.93    1.59 ^ _346_/Q (sky130_fd_sc_hd__dfrtp_4)
                                         one_second_counter[16] (net)
                  0.24    0.00    1.59 ^ _247_/A (sky130_fd_sc_hd__or2_1)
     1    0.02    0.26    0.36    1.95 ^ _247_/X (sky130_fd_sc_hd__or2_1)
                                         _128_ (net)
                  0.26    0.00    1.96 ^ _249_/B (sky130_fd_sc_hd__and3_1)
     1    0.01    0.19    0.43    2.38 ^ _249_/X (sky130_fd_sc_hd__and3_1)
                                         _130_ (net)
                  0.19    0.00    2.38 ^ _250_/A (sky130_fd_sc_hd__clkbuf_1)
     1    0.01    0.22    0.29    2.67 ^ _250_/X (sky130_fd_sc_hd__clkbuf_1)
                                         _007_ (net)
                  0.22    0.00    2.67 ^ _346_/D (sky130_fd_sc_hd__dfrtp_4)
                                  2.67   data arrival time

                          0.00    0.00   clock clk (rise edge)
                          0.00    0.00   clock source latency
     1    0.02    0.17    0.12    0.12 ^ clk (in)
                                         clk (net)
                  0.17    0.00    0.12 ^ clkbuf_0_clk/A (sky130_fd_sc_hd__clkbuf_16)
     4    0.05    0.11    0.32    0.45 ^ clkbuf_0_clk/X (sky130_fd_sc_hd__clkbuf_16)
                                         clknet_0_clk (net)
                  0.11    0.00    0.45 ^ clkbuf_2_2__f_clk/A (sky130_fd_sc_hd__clkbuf_16)
     7    0.05    0.10    0.29    0.73 ^ clkbuf_2_2__f_clk/X (sky130_fd_sc_hd__clkbuf_16)
                                         clknet_2_2__leaf_clk (net)
                  0.10    0.00    0.74 ^ _346_/CLK (sky130_fd_sc_hd__dfrtp_4)
                          0.25    0.99   clock uncertainty
                         -0.07    0.92   clock reconvergence pessimism
                         -0.11    0.81   library hold time
                                  0.81   data required time
-----------------------------------------------------------------------------
                                  0.81   data required time
                                 -2.67   data arrival time
-----------------------------------------------------------------------------
                                  1.86   slack (MET)


Startpoint: _350_ (rising edge-triggered flip-flop clocked by clk)
Endpoint: _350_ (rising edge-triggered flip-flop clocked by clk)
Path Group: clk
Path Type: min
Corner: Slowest

Fanout     Cap    Slew   Delay    Time   Description
-----------------------------------------------------------------------------
                          0.00    0.00   clock clk (rise edge)
                          0.00    0.00   clock source latency
     1    0.02    0.17    0.11    0.11 ^ clk (in)
                                         clk (net)
                  0.17    0.00    0.11 ^ clkbuf_0_clk/A (sky130_fd_sc_hd__clkbuf_16)
     4    0.05    0.11    0.29    0.40 ^ clkbuf_0_clk/X (sky130_fd_sc_hd__clkbuf_16)
                                         clknet_0_clk (net)
                  0.11    0.00    0.40 ^ clkbuf_2_3__f_clk/A (sky130_fd_sc_hd__clkbuf_16)
     8    0.04    0.09    0.25    0.66 ^ clkbuf_2_3__f_clk/X (sky130_fd_sc_hd__clkbuf_16)
                                         clknet_2_3__leaf_clk (net)
                  0.09    0.00    0.66 ^ _350_/CLK (sky130_fd_sc_hd__dfrtp_2)
     4    0.04    0.29    0.85    1.50 ^ _350_/Q (sky130_fd_sc_hd__dfrtp_2)
                                         one_second_counter[20] (net)
                  0.29    0.00    1.51 ^ _262_/A (sky130_fd_sc_hd__or2_1)
     1    0.01    0.19    0.33    1.83 ^ _262_/X (sky130_fd_sc_hd__or2_1)
                                         _139_ (net)
                  0.19    0.00    1.83 ^ _264_/B (sky130_fd_sc_hd__and3_1)
     1    0.02    0.38    0.54    2.37 ^ _264_/X (sky130_fd_sc_hd__and3_1)
                                         _141_ (net)
                  0.38    0.00    2.37 ^ _265_/A (sky130_fd_sc_hd__clkbuf_1)
     1    0.01    0.18    0.32    2.69 ^ _265_/X (sky130_fd_sc_hd__clkbuf_1)
                                         _012_ (net)
                  0.18    0.00    2.69 ^ _350_/D (sky130_fd_sc_hd__dfrtp_2)
                                  2.69   data arrival time

                          0.00    0.00   clock clk (rise edge)
                          0.00    0.00   clock source latency
     1    0.02    0.17    0.12    0.12 ^ clk (in)
                                         clk (net)
                  0.17    0.00    0.12 ^ clkbuf_0_clk/A (sky130_fd_sc_hd__clkbuf_16)
     4    0.05    0.11    0.32    0.45 ^ clkbuf_0_clk/X (sky130_fd_sc_hd__clkbuf_16)
                                         clknet_0_clk (net)
                  0.11    0.00    0.45 ^ clkbuf_2_3__f_clk/A (sky130_fd_sc_hd__clkbuf_16)
     8    0.04    0.09    0.28    0.72 ^ clkbuf_2_3__f_clk/X (sky130_fd_sc_hd__clkbuf_16)
                                         clknet_2_3__leaf_clk (net)
                  0.09    0.00    0.73 ^ _350_/CLK (sky130_fd_sc_hd__dfrtp_2)
                          0.25    0.98   clock uncertainty
                         -0.07    0.91   clock reconvergence pessimism
                         -0.10    0.81   library hold time
                                  0.81   data required time
-----------------------------------------------------------------------------
                                  0.81   data required time
                                 -2.69   data arrival time
-----------------------------------------------------------------------------
                                  1.89   slack (MET)


Startpoint: _356_ (rising edge-triggered flip-flop clocked by clk)
Endpoint: _357_ (rising edge-triggered flip-flop clocked by clk)
Path Group: clk
Path Type: min
Corner: Slowest

Fanout     Cap    Slew   Delay    Time   Description
-----------------------------------------------------------------------------
                          0.00    0.00   clock clk (rise edge)
                          0.00    0.00   clock source latency
     1    0.02    0.17    0.11    0.11 ^ clk (in)
                                         clk (net)
                  0.17    0.00    0.11 ^ clkbuf_0_clk/A (sky130_fd_sc_hd__clkbuf_16)
     4    0.05    0.11    0.29    0.40 ^ clkbuf_0_clk/X (sky130_fd_sc_hd__clkbuf_16)
                                         clknet_0_clk (net)
                  0.11    0.00    0.40 ^ clkbuf_2_1__f_clk/A (sky130_fd_sc_hd__clkbuf_16)
    11    0.03    0.09    0.25    0.65 ^ clkbuf_2_1__f_clk/X (sky130_fd_sc_hd__clkbuf_16)
                                         clknet_2_1__leaf_clk (net)
                  0.09    0.00    0.65 ^ _356_/CLK (sky130_fd_sc_hd__dfrtp_1)
     2    0.02    0.23    0.74    1.39 ^ _356_/Q (sky130_fd_sc_hd__dfrtp_1)
                                         one_second_counter[26] (net)
                  0.23    0.00    1.39 ^ _187_/B1_N (sky130_fd_sc_hd__a21bo_2)
     9    0.05    0.25    0.63    2.02 v _187_/X (sky130_fd_sc_hd__a21bo_2)
                                         _085_ (net)
                  0.25    0.00    2.03 v _188_/A (sky130_fd_sc_hd__inv_2)
     2    0.02    0.19    0.25    2.27 ^ _188_/Y (sky130_fd_sc_hd__inv_2)
                                         _086_ (net)
                  0.19    0.00    2.27 ^ _189_/A (sky130_fd_sc_hd__buf_4)
    10    0.07    0.33    0.43    2.71 ^ _189_/X (sky130_fd_sc_hd__buf_4)
                                         _027_ (net)
                  0.33    0.00    2.71 ^ _357_/D (sky130_fd_sc_hd__dfrtp_4)
                                  2.71   data arrival time

                          0.00    0.00   clock clk (rise edge)
                          0.00    0.00   clock source latency
     1    0.02    0.17    0.12    0.12 ^ clk (in)
                                         clk (net)
                  0.17    0.00    0.12 ^ clkbuf_0_clk/A (sky130_fd_sc_hd__clkbuf_16)
     4    0.05    0.11    0.32    0.45 ^ clkbuf_0_clk/X (sky130_fd_sc_hd__clkbuf_16)
                                         clknet_0_clk (net)
                  0.11    0.00    0.45 ^ clkbuf_2_2__f_clk/A (sky130_fd_sc_hd__clkbuf_16)
     7    0.05    0.10    0.29    0.73 ^ clkbuf_2_2__f_clk/X (sky130_fd_sc_hd__clkbuf_16)
                                         clknet_2_2__leaf_clk (net)
                  0.10    0.00    0.74 ^ _357_/CLK (sky130_fd_sc_hd__dfrtp_4)
                          0.25    0.99   clock uncertainty
                         -0.04    0.94   clock reconvergence pessimism
                         -0.13    0.81   library hold time
                                  0.81   data required time
-----------------------------------------------------------------------------
                                  0.81   data required time
                                 -2.71   data arrival time
-----------------------------------------------------------------------------
                                  1.90   slack (MET)


Startpoint: _349_ (rising edge-triggered flip-flop clocked by clk)
Endpoint: _349_ (rising edge-triggered flip-flop clocked by clk)
Path Group: clk
Path Type: min
Corner: Slowest

Fanout     Cap    Slew   Delay    Time   Description
-----------------------------------------------------------------------------
                          0.00    0.00   clock clk (rise edge)
                          0.00    0.00   clock source latency
     1    0.02    0.17    0.11    0.11 ^ clk (in)
                                         clk (net)
                  0.17    0.00    0.11 ^ clkbuf_0_clk/A (sky130_fd_sc_hd__clkbuf_16)
     4    0.05    0.11    0.29    0.40 ^ clkbuf_0_clk/X (sky130_fd_sc_hd__clkbuf_16)
                                         clknet_0_clk (net)
                  0.11    0.00    0.40 ^ clkbuf_2_3__f_clk/A (sky130_fd_sc_hd__clkbuf_16)
     8    0.04    0.09    0.25    0.66 ^ clkbuf_2_3__f_clk/X (sky130_fd_sc_hd__clkbuf_16)
                                         clknet_2_3__leaf_clk (net)
                  0.09    0.00    0.66 ^ _349_/CLK (sky130_fd_sc_hd__dfrtp_2)
     4    0.03    0.26    0.82    1.48 ^ _349_/Q (sky130_fd_sc_hd__dfrtp_2)
                                         one_second_counter[19] (net)
                  0.26    0.00    1.48 ^ _256_/B1 (sky130_fd_sc_hd__a41o_1)
     1    0.01    0.19    0.31    1.79 ^ _256_/X (sky130_fd_sc_hd__a41o_1)
                                         _134_ (net)
                  0.19    0.00    1.79 ^ _260_/B (sky130_fd_sc_hd__and3_1)
     1    0.02    0.31    0.50    2.28 ^ _260_/X (sky130_fd_sc_hd__and3_1)
                                         _138_ (net)
                  0.31    0.00    2.28 ^ _261_/A (sky130_fd_sc_hd__buf_1)
     1    0.02    0.32    0.40    2.68 ^ _261_/X (sky130_fd_sc_hd__buf_1)
                                         _010_ (net)
                  0.32    0.00    2.68 ^ _349_/D (sky130_fd_sc_hd__dfrtp_2)
                                  2.68   data arrival time

                          0.00    0.00   clock clk (rise edge)
                          0.00    0.00   clock source latency
     1    0.02    0.17    0.12    0.12 ^ clk (in)
                                         clk (net)
                  0.17    0.00    0.12 ^ clkbuf_0_clk/A (sky130_fd_sc_hd__clkbuf_16)
     4    0.05    0.11    0.32    0.45 ^ clkbuf_0_clk/X (sky130_fd_sc_hd__clkbuf_16)
                                         clknet_0_clk (net)
                  0.11    0.00    0.45 ^ clkbuf_2_3__f_clk/A (sky130_fd_sc_hd__clkbuf_16)
     8    0.04    0.09    0.28    0.72 ^ clkbuf_2_3__f_clk/X (sky130_fd_sc_hd__clkbuf_16)
                                         clknet_2_3__leaf_clk (net)
                  0.09    0.00    0.73 ^ _349_/CLK (sky130_fd_sc_hd__dfrtp_2)
                          0.25    0.98   clock uncertainty
                         -0.07    0.91   clock reconvergence pessimism
                         -0.13    0.78   library hold time
                                  0.78   data required time
-----------------------------------------------------------------------------
                                  0.78   data required time
                                 -2.68   data arrival time
-----------------------------------------------------------------------------
                                  1.91   slack (MET)


Startpoint: _352_ (rising edge-triggered flip-flop clocked by clk)
Endpoint: _352_ (rising edge-triggered flip-flop clocked by clk)
Path Group: clk
Path Type: min
Corner: Slowest

Fanout     Cap    Slew   Delay    Time   Description
-----------------------------------------------------------------------------
                          0.00    0.00   clock clk (rise edge)
                          0.00    0.00   clock source latency
     1    0.02    0.17    0.11    0.11 ^ clk (in)
                                         clk (net)
                  0.17    0.00    0.11 ^ clkbuf_0_clk/A (sky130_fd_sc_hd__clkbuf_16)
     4    0.05    0.11    0.29    0.40 ^ clkbuf_0_clk/X (sky130_fd_sc_hd__clkbuf_16)
                                         clknet_0_clk (net)
                  0.11    0.00    0.40 ^ clkbuf_2_0__f_clk/A (sky130_fd_sc_hd__clkbuf_16)
     9    0.04    0.10    0.25    0.66 ^ clkbuf_2_0__f_clk/X (sky130_fd_sc_hd__clkbuf_16)
                                         clknet_2_0__leaf_clk (net)
                  0.10    0.00    0.66 ^ _352_/CLK (sky130_fd_sc_hd__dfrtp_1)
     3    0.02    0.33    0.81    1.47 ^ _352_/Q (sky130_fd_sc_hd__dfrtp_1)
                                         one_second_counter[22] (net)
                  0.33    0.00    1.47 ^ _269_/A (sky130_fd_sc_hd__or2_1)
     1    0.01    0.10    0.28    1.75 ^ _269_/X (sky130_fd_sc_hd__or2_1)
                                         _144_ (net)
                  0.10    0.00    1.75 ^ _271_/B (sky130_fd_sc_hd__and3_1)
     1    0.02    0.32    0.47    2.22 ^ _271_/X (sky130_fd_sc_hd__and3_1)
                                         _146_ (net)
                  0.32    0.00    2.22 ^ _272_/A (sky130_fd_sc_hd__buf_1)
     1    0.02    0.40    0.45    2.67 ^ _272_/X (sky130_fd_sc_hd__buf_1)
                                         _014_ (net)
                  0.40    0.00    2.67 ^ _352_/D (sky130_fd_sc_hd__dfrtp_1)
                                  2.67   data arrival time

                          0.00    0.00   clock clk (rise edge)
                          0.00    0.00   clock source latency
     1    0.02    0.17    0.12    0.12 ^ clk (in)
                                         clk (net)
                  0.17    0.00    0.12 ^ clkbuf_0_clk/A (sky130_fd_sc_hd__clkbuf_16)
     4    0.05    0.11    0.32    0.45 ^ clkbuf_0_clk/X (sky130_fd_sc_hd__clkbuf_16)
                                         clknet_0_clk (net)
                  0.11    0.00    0.45 ^ clkbuf_2_0__f_clk/A (sky130_fd_sc_hd__clkbuf_16)
     9    0.04    0.10    0.28    0.73 ^ clkbuf_2_0__f_clk/X (sky130_fd_sc_hd__clkbuf_16)
                                         clknet_2_0__leaf_clk (net)
                  0.10    0.00    0.73 ^ _352_/CLK (sky130_fd_sc_hd__dfrtp_1)
                          0.25    0.98   clock uncertainty
                         -0.07    0.91   clock reconvergence pessimism
                         -0.15    0.76   library hold time
                                  0.76   data required time
-----------------------------------------------------------------------------
                                  0.76   data required time
                                 -2.67   data arrival time
-----------------------------------------------------------------------------
                                  1.91   slack (MET)


Startpoint: _342_ (rising edge-triggered flip-flop clocked by clk)
Endpoint: _342_ (rising edge-triggered flip-flop clocked by clk)
Path Group: clk
Path Type: min
Corner: Slowest

Fanout     Cap    Slew   Delay    Time   Description
-----------------------------------------------------------------------------
                          0.00    0.00   clock clk (rise edge)
                          0.00    0.00   clock source latency
     1    0.02    0.17    0.11    0.11 ^ clk (in)
                                         clk (net)
                  0.17    0.00    0.11 ^ clkbuf_0_clk/A (sky130_fd_sc_hd__clkbuf_16)
     4    0.05    0.11    0.29    0.40 ^ clkbuf_0_clk/X (sky130_fd_sc_hd__clkbuf_16)
                                         clknet_0_clk (net)
                  0.11    0.00    0.40 ^ clkbuf_2_1__f_clk/A (sky130_fd_sc_hd__clkbuf_16)
    11    0.03    0.09    0.25    0.65 ^ clkbuf_2_1__f_clk/X (sky130_fd_sc_hd__clkbuf_16)
                                         clknet_2_1__leaf_clk (net)
                  0.09    0.00    0.65 ^ _342_/CLK (sky130_fd_sc_hd__dfrtp_2)
     5    0.03    0.26    0.82    1.47 ^ _342_/Q (sky130_fd_sc_hd__dfrtp_2)
                                         one_second_counter[12] (net)
                  0.26    0.00    1.47 ^ _230_/A (sky130_fd_sc_hd__or2_1)
     1    0.01    0.22    0.34    1.81 ^ _230_/X (sky130_fd_sc_hd__or2_1)
                                         _115_ (net)
                  0.22    0.00    1.81 ^ _232_/B (sky130_fd_sc_hd__and3_1)
     1    0.02    0.34    0.53    2.34 ^ _232_/X (sky130_fd_sc_hd__and3_1)
                                         _117_ (net)
                  0.34    0.00    2.34 ^ _233_/A (sky130_fd_sc_hd__buf_1)
     1    0.01    0.28    0.37    2.71 ^ _233_/X (sky130_fd_sc_hd__buf_1)
                                         _003_ (net)
                  0.28    0.00    2.71 ^ _342_/D (sky130_fd_sc_hd__dfrtp_2)
                                  2.71   data arrival time

                          0.00    0.00   clock clk (rise edge)
                          0.00    0.00   clock source latency
     1    0.02    0.17    0.12    0.12 ^ clk (in)
                                         clk (net)
                  0.17    0.00    0.12 ^ clkbuf_0_clk/A (sky130_fd_sc_hd__clkbuf_16)
     4    0.05    0.11    0.32    0.45 ^ clkbuf_0_clk/X (sky130_fd_sc_hd__clkbuf_16)
                                         clknet_0_clk (net)
                  0.11    0.00    0.45 ^ clkbuf_2_1__f_clk/A (sky130_fd_sc_hd__clkbuf_16)
    11    0.03    0.09    0.27    0.72 ^ clkbuf_2_1__f_clk/X (sky130_fd_sc_hd__clkbuf_16)
                                         clknet_2_1__leaf_clk (net)
                  0.09    0.00    0.72 ^ _342_/CLK (sky130_fd_sc_hd__dfrtp_2)
                          0.25    0.97   clock uncertainty
                         -0.07    0.90   clock reconvergence pessimism
                         -0.12    0.78   library hold time
                                  0.78   data required time
-----------------------------------------------------------------------------
                                  0.78   data required time
                                 -2.71   data arrival time
-----------------------------------------------------------------------------
                                  1.93   slack (MET)


Startpoint: _340_ (rising edge-triggered flip-flop clocked by clk)
Endpoint: _340_ (rising edge-triggered flip-flop clocked by clk)
Path Group: clk
Path Type: min
Corner: Slowest

Fanout     Cap    Slew   Delay    Time   Description
-----------------------------------------------------------------------------
                          0.00    0.00   clock clk (rise edge)
                          0.00    0.00   clock source latency
     1    0.02    0.17    0.11    0.11 ^ clk (in)
                                         clk (net)
                  0.17    0.00    0.11 ^ clkbuf_0_clk/A (sky130_fd_sc_hd__clkbuf_16)
     4    0.05    0.11    0.29    0.40 ^ clkbuf_0_clk/X (sky130_fd_sc_hd__clkbuf_16)
                                         clknet_0_clk (net)
                  0.11    0.00    0.40 ^ clkbuf_2_0__f_clk/A (sky130_fd_sc_hd__clkbuf_16)
     9    0.04    0.10    0.25    0.66 ^ clkbuf_2_0__f_clk/X (sky130_fd_sc_hd__clkbuf_16)
                                         clknet_2_0__leaf_clk (net)
                  0.10    0.00    0.66 ^ _340_/CLK (sky130_fd_sc_hd__dfrtp_4)
     6    0.05    0.29    0.96    1.62 ^ _340_/Q (sky130_fd_sc_hd__dfrtp_4)
                                         one_second_counter[10] (net)
                  0.29    0.00    1.62 ^ _224_/A (sky130_fd_sc_hd__nand2_1)
     1    0.01    0.20    0.27    1.89 v _224_/Y (sky130_fd_sc_hd__nand2_1)
                                         _111_ (net)
                  0.20    0.00    1.89 v _225_/C (sky130_fd_sc_hd__and3_1)
     1    0.03    0.26    0.58    2.46 v _225_/X (sky130_fd_sc_hd__and3_1)
                                         _112_ (net)
                  0.26    0.00    2.46 v _226_/A (sky130_fd_sc_hd__buf_1)
     1    0.01    0.17    0.33    2.79 v _226_/X (sky130_fd_sc_hd__buf_1)
                                         _001_ (net)
                  0.17    0.00    2.79 v _340_/D (sky130_fd_sc_hd__dfrtp_4)
                                  2.79   data arrival time

                          0.00    0.00   clock clk (rise edge)
                          0.00    0.00   clock source latency
     1    0.02    0.17    0.12    0.12 ^ clk (in)
                                         clk (net)
                  0.17    0.00    0.12 ^ clkbuf_0_clk/A (sky130_fd_sc_hd__clkbuf_16)
     4    0.05    0.11    0.32    0.45 ^ clkbuf_0_clk/X (sky130_fd_sc_hd__clkbuf_16)
                                         clknet_0_clk (net)
                  0.11    0.00    0.45 ^ clkbuf_2_0__f_clk/A (sky130_fd_sc_hd__clkbuf_16)
     9    0.04    0.10    0.28    0.73 ^ clkbuf_2_0__f_clk/X (sky130_fd_sc_hd__clkbuf_16)
                                         clknet_2_0__leaf_clk (net)
                  0.10    0.00    0.73 ^ _340_/CLK (sky130_fd_sc_hd__dfrtp_4)
                          0.25    0.98   clock uncertainty
                         -0.07    0.91   clock reconvergence pessimism
                         -0.12    0.79   library hold time
                                  0.79   data required time
-----------------------------------------------------------------------------
                                  0.79   data required time
                                 -2.79   data arrival time
-----------------------------------------------------------------------------
                                  2.00   slack (MET)


Startpoint: _359_ (rising edge-triggered flip-flop clocked by clk)
Endpoint: seg[6] (output port clocked by clk)
Path Group: clk
Path Type: min
Corner: Slowest

Fanout     Cap    Slew   Delay    Time   Description
-----------------------------------------------------------------------------
                          0.00    0.00   clock clk (rise edge)
                          0.00    0.00   clock source latency
     1    0.02    0.17    0.11    0.11 ^ clk (in)
                                         clk (net)
                  0.17    0.00    0.11 ^ clkbuf_0_clk/A (sky130_fd_sc_hd__clkbuf_16)
     4    0.05    0.11    0.29    0.40 ^ clkbuf_0_clk/X (sky130_fd_sc_hd__clkbuf_16)
                                         clknet_0_clk (net)
                  0.11    0.00    0.40 ^ clkbuf_2_0__f_clk/A (sky130_fd_sc_hd__clkbuf_16)
     9    0.04    0.10    0.25    0.66 ^ clkbuf_2_0__f_clk/X (sky130_fd_sc_hd__clkbuf_16)
                                         clknet_2_0__leaf_clk (net)
                  0.10    0.00    0.66 ^ _359_/CLK (sky130_fd_sc_hd__dfrtp_4)
     7    0.05    0.29    0.96    1.62 ^ _359_/Q (sky130_fd_sc_hd__dfrtp_4)
                                         decoder.digit[1] (net)
                  0.29    0.00    1.62 ^ _294_/A1 (sky130_fd_sc_hd__a21boi_2)
     2    0.02    0.12    0.24    1.86 v _294_/Y (sky130_fd_sc_hd__a21boi_2)
                                         net8 (net)
                  0.12    0.00    1.86 v output8/A (sky130_fd_sc_hd__buf_2)
     1    0.03    0.16    0.35    2.21 v output8/X (sky130_fd_sc_hd__buf_2)
                                         seg[6] (net)
                  0.16    0.00    2.21 v seg[6] (out)
                                  2.21   data arrival time

                          0.00    0.00   clock clk (rise edge)
                          0.00    0.00   clock network delay (propagated)
                          0.25    0.25   clock uncertainty
                          0.00    0.25   clock reconvergence pessimism
                         -2.00   -1.75   output external delay
                                 -1.75   data required time
-----------------------------------------------------------------------------
                                 -1.75   data required time
                                 -2.21   data arrival time
-----------------------------------------------------------------------------
                                  3.96   slack (MET)


Startpoint: _358_ (rising edge-triggered flip-flop clocked by clk)
Endpoint: seg[2] (output port clocked by clk)
Path Group: clk
Path Type: min
Corner: Slowest

Fanout     Cap    Slew   Delay    Time   Description
-----------------------------------------------------------------------------
                          0.00    0.00   clock clk (rise edge)
                          0.00    0.00   clock source latency
     1    0.02    0.17    0.11    0.11 ^ clk (in)
                                         clk (net)
                  0.17    0.00    0.11 ^ clkbuf_0_clk/A (sky130_fd_sc_hd__clkbuf_16)
     4    0.05    0.11    0.29    0.40 ^ clkbuf_0_clk/X (sky130_fd_sc_hd__clkbuf_16)
                                         clknet_0_clk (net)
                  0.11    0.00    0.40 ^ clkbuf_2_2__f_clk/A (sky130_fd_sc_hd__clkbuf_16)
     7    0.05    0.10    0.26    0.66 ^ clkbuf_2_2__f_clk/X (sky130_fd_sc_hd__clkbuf_16)
                                         clknet_2_2__leaf_clk (net)
                  0.10    0.00    0.67 ^ _358_/CLK (sky130_fd_sc_hd__dfrtp_4)
     8    0.06    0.30    0.97    1.63 ^ _358_/Q (sky130_fd_sc_hd__dfrtp_4)
                                         decoder.digit[0] (net)
                  0.30    0.00    1.64 ^ _289_/A1 (sky130_fd_sc_hd__a21oi_1)
     1    0.02    0.21    0.34    1.97 v _289_/Y (sky130_fd_sc_hd__a21oi_1)
                                         net4 (net)
                  0.21    0.00    1.97 v output4/A (sky130_fd_sc_hd__buf_2)
     1    0.03    0.17    0.39    2.36 v output4/X (sky130_fd_sc_hd__buf_2)
                                         seg[2] (net)
                  0.17    0.00    2.36 v seg[2] (out)
                                  2.36   data arrival time

                          0.00    0.00   clock clk (rise edge)
                          0.00    0.00   clock network delay (propagated)
                          0.25    0.25   clock uncertainty
                          0.00    0.25   clock reconvergence pessimism
                         -2.00   -1.75   output external delay
                                 -1.75   data required time
-----------------------------------------------------------------------------
                                 -1.75   data required time
                                 -2.36   data arrival time
-----------------------------------------------------------------------------
                                  4.11   slack (MET)


Startpoint: _361_ (rising edge-triggered flip-flop clocked by clk)
Endpoint: seg[3] (output port clocked by clk)
Path Group: clk
Path Type: min
Corner: Slowest

Fanout     Cap    Slew   Delay    Time   Description
-----------------------------------------------------------------------------
                          0.00    0.00   clock clk (rise edge)
                          0.00    0.00   clock source latency
     1    0.02    0.17    0.11    0.11 ^ clk (in)
                                         clk (net)
                  0.17    0.00    0.11 ^ clkbuf_0_clk/A (sky130_fd_sc_hd__clkbuf_16)
     4    0.05    0.11    0.29    0.40 ^ clkbuf_0_clk/X (sky130_fd_sc_hd__clkbuf_16)
                                         clknet_0_clk (net)
                  0.11    0.00    0.40 ^ clkbuf_2_0__f_clk/A (sky130_fd_sc_hd__clkbuf_16)
     9    0.04    0.10    0.25    0.66 ^ clkbuf_2_0__f_clk/X (sky130_fd_sc_hd__clkbuf_16)
                                         clknet_2_0__leaf_clk (net)
                  0.10    0.00    0.66 ^ _361_/CLK (sky130_fd_sc_hd__dfrtp_4)
     6    0.05    0.26    0.93    1.59 ^ _361_/Q (sky130_fd_sc_hd__dfrtp_4)
                                         decoder.digit[3] (net)
                  0.26    0.00    1.60 ^ _287_/D1 (sky130_fd_sc_hd__a2111o_1)
     2    0.02    0.28    0.37    1.97 ^ _287_/X (sky130_fd_sc_hd__a2111o_1)
                                         net5 (net)
                  0.28    0.00    1.97 ^ output5/A (sky130_fd_sc_hd__buf_2)
     1    0.03    0.27    0.41    2.38 ^ output5/X (sky130_fd_sc_hd__buf_2)
                                         seg[3] (net)
                  0.27    0.00    2.38 ^ seg[3] (out)
                                  2.38   data arrival time

                          0.00    0.00   clock clk (rise edge)
                          0.00    0.00   clock network delay (propagated)
                          0.25    0.25   clock uncertainty
                          0.00    0.25   clock reconvergence pessimism
                         -2.00   -1.75   output external delay
                                 -1.75   data required time
-----------------------------------------------------------------------------
                                 -1.75   data required time
                                 -2.38   data arrival time
-----------------------------------------------------------------------------
                                  4.13   slack (MET)


Startpoint: _361_ (rising edge-triggered flip-flop clocked by clk)
Endpoint: seg[5] (output port clocked by clk)
Path Group: clk
Path Type: min
Corner: Slowest

Fanout     Cap    Slew   Delay    Time   Description
-----------------------------------------------------------------------------
                          0.00    0.00   clock clk (rise edge)
                          0.00    0.00   clock source latency
     1    0.02    0.17    0.11    0.11 ^ clk (in)
                                         clk (net)
                  0.17    0.00    0.11 ^ clkbuf_0_clk/A (sky130_fd_sc_hd__clkbuf_16)
     4    0.05    0.11    0.29    0.40 ^ clkbuf_0_clk/X (sky130_fd_sc_hd__clkbuf_16)
                                         clknet_0_clk (net)
                  0.11    0.00    0.40 ^ clkbuf_2_0__f_clk/A (sky130_fd_sc_hd__clkbuf_16)
     9    0.04    0.10    0.25    0.66 ^ clkbuf_2_0__f_clk/X (sky130_fd_sc_hd__clkbuf_16)
                                         clknet_2_0__leaf_clk (net)
                  0.10    0.00    0.66 ^ _361_/CLK (sky130_fd_sc_hd__dfrtp_4)
     6    0.05    0.26    0.93    1.59 ^ _361_/Q (sky130_fd_sc_hd__dfrtp_4)
                                         decoder.digit[3] (net)
                  0.26    0.00    1.60 ^ _292_/A (sky130_fd_sc_hd__or3_1)
     1    0.01    0.15    0.30    1.90 ^ _292_/X (sky130_fd_sc_hd__or3_1)
                                         _158_ (net)
                  0.15    0.00    1.90 ^ _293_/A (sky130_fd_sc_hd__clkbuf_1)
     1    0.00    0.08    0.18    2.08 ^ _293_/X (sky130_fd_sc_hd__clkbuf_1)
                                         net7 (net)
                  0.08    0.00    2.08 ^ output7/A (sky130_fd_sc_hd__buf_2)
     1    0.03    0.27    0.33    2.41 ^ output7/X (sky130_fd_sc_hd__buf_2)
                                         seg[5] (net)
                  0.27    0.00    2.41 ^ seg[5] (out)
                                  2.41   data arrival time

                          0.00    0.00   clock clk (rise edge)
                          0.00    0.00   clock network delay (propagated)
                          0.25    0.25   clock uncertainty
                          0.00    0.25   clock reconvergence pessimism
                         -2.00   -1.75   output external delay
                                 -1.75   data required time
-----------------------------------------------------------------------------
                                 -1.75   data required time
                                 -2.41   data arrival time
-----------------------------------------------------------------------------
                                  4.16   slack (MET)


Startpoint: _361_ (rising edge-triggered flip-flop clocked by clk)
Endpoint: seg[4] (output port clocked by clk)
Path Group: clk
Path Type: min
Corner: Slowest

Fanout     Cap    Slew   Delay    Time   Description
-----------------------------------------------------------------------------
                          0.00    0.00   clock clk (rise edge)
                          0.00    0.00   clock source latency
     1    0.02    0.17    0.11    0.11 ^ clk (in)
                                         clk (net)
                  0.17    0.00    0.11 ^ clkbuf_0_clk/A (sky130_fd_sc_hd__clkbuf_16)
     4    0.05    0.11    0.29    0.40 ^ clkbuf_0_clk/X (sky130_fd_sc_hd__clkbuf_16)
                                         clknet_0_clk (net)
                  0.11    0.00    0.40 ^ clkbuf_2_0__f_clk/A (sky130_fd_sc_hd__clkbuf_16)
     9    0.04    0.10    0.25    0.66 ^ clkbuf_2_0__f_clk/X (sky130_fd_sc_hd__clkbuf_16)
                                         clknet_2_0__leaf_clk (net)
                  0.10    0.00    0.66 ^ _361_/CLK (sky130_fd_sc_hd__dfrtp_4)
     6    0.05    0.26    0.93    1.59 ^ _361_/Q (sky130_fd_sc_hd__dfrtp_4)
                                         decoder.digit[3] (net)
                  0.26    0.00    1.59 ^ _290_/A (sky130_fd_sc_hd__or3_1)
     1    0.01    0.11    0.27    1.87 ^ _290_/X (sky130_fd_sc_hd__or3_1)
                                         _157_ (net)
                  0.11    0.00    1.87 ^ _291_/A (sky130_fd_sc_hd__buf_1)
     1    0.01    0.24    0.27    2.14 ^ _291_/X (sky130_fd_sc_hd__buf_1)
                                         net6 (net)
                  0.24    0.00    2.14 ^ output6/A (sky130_fd_sc_hd__buf_2)
     1    0.04    0.28    0.40    2.54 ^ output6/X (sky130_fd_sc_hd__buf_2)
                                         seg[4] (net)
                  0.28    0.00    2.54 ^ seg[4] (out)
                                  2.54   data arrival time

                          0.00    0.00   clock clk (rise edge)
                          0.00    0.00   clock network delay (propagated)
                          0.25    0.25   clock uncertainty
                          0.00    0.25   clock reconvergence pessimism
                         -2.00   -1.75   output external delay
                                 -1.75   data required time
-----------------------------------------------------------------------------
                                 -1.75   data required time
                                 -2.54   data arrival time
-----------------------------------------------------------------------------
                                  4.29   slack (MET)


Startpoint: _361_ (rising edge-triggered flip-flop clocked by clk)
Endpoint: seg[0] (output port clocked by clk)
Path Group: clk
Path Type: min
Corner: Slowest

Fanout     Cap    Slew   Delay    Time   Description
-----------------------------------------------------------------------------
                          0.00    0.00   clock clk (rise edge)
                          0.00    0.00   clock source latency
     1    0.02    0.17    0.11    0.11 ^ clk (in)
                                         clk (net)
                  0.17    0.00    0.11 ^ clkbuf_0_clk/A (sky130_fd_sc_hd__clkbuf_16)
     4    0.05    0.11    0.29    0.40 ^ clkbuf_0_clk/X (sky130_fd_sc_hd__clkbuf_16)
                                         clknet_0_clk (net)
                  0.11    0.00    0.40 ^ clkbuf_2_0__f_clk/A (sky130_fd_sc_hd__clkbuf_16)
     9    0.04    0.10    0.25    0.66 ^ clkbuf_2_0__f_clk/X (sky130_fd_sc_hd__clkbuf_16)
                                         clknet_2_0__leaf_clk (net)
                  0.10    0.00    0.66 ^ _361_/CLK (sky130_fd_sc_hd__dfrtp_4)
     6    0.05    0.26    0.93    1.59 ^ _361_/Q (sky130_fd_sc_hd__dfrtp_4)
                                         decoder.digit[3] (net)
                  0.26    0.00    1.60 ^ _287_/D1 (sky130_fd_sc_hd__a2111o_1)
     2    0.02    0.28    0.37    1.97 ^ _287_/X (sky130_fd_sc_hd__a2111o_1)
                                         net5 (net)
                  0.28    0.00    1.97 ^ _370_/A (sky130_fd_sc_hd__buf_1)
     1    0.02    0.32    0.39    2.35 ^ _370_/X (sky130_fd_sc_hd__buf_1)
                                         net2 (net)
                  0.32    0.00    2.36 ^ output2/A (sky130_fd_sc_hd__buf_2)
     1    0.03    0.27    0.43    2.78 ^ output2/X (sky130_fd_sc_hd__buf_2)
                                         seg[0] (net)
                  0.27    0.00    2.78 ^ seg[0] (out)
                                  2.78   data arrival time

                          0.00    0.00   clock clk (rise edge)
                          0.00    0.00   clock network delay (propagated)
                          0.25    0.25   clock uncertainty
                          0.00    0.25   clock reconvergence pessimism
                         -2.00   -1.75   output external delay
                                 -1.75   data required time
-----------------------------------------------------------------------------
                                 -1.75   data required time
                                 -2.78   data arrival time
-----------------------------------------------------------------------------
                                  4.53   slack (MET)


Startpoint: _361_ (rising edge-triggered flip-flop clocked by clk)
Endpoint: seg[1] (output port clocked by clk)
Path Group: clk
Path Type: min
Corner: Slowest

Fanout     Cap    Slew   Delay    Time   Description
-----------------------------------------------------------------------------
                          0.00    0.00   clock clk (rise edge)
                          0.00    0.00   clock source latency
     1    0.02    0.17    0.11    0.11 ^ clk (in)
                                         clk (net)
                  0.17    0.00    0.11 ^ clkbuf_0_clk/A (sky130_fd_sc_hd__clkbuf_16)
     4    0.05    0.11    0.29    0.40 ^ clkbuf_0_clk/X (sky130_fd_sc_hd__clkbuf_16)
                                         clknet_0_clk (net)
                  0.11    0.00    0.40 ^ clkbuf_2_0__f_clk/A (sky130_fd_sc_hd__clkbuf_16)
     9    0.04    0.10    0.25    0.66 ^ clkbuf_2_0__f_clk/X (sky130_fd_sc_hd__clkbuf_16)
                                         clknet_2_0__leaf_clk (net)
                  0.10    0.00    0.66 ^ _361_/CLK (sky130_fd_sc_hd__dfrtp_4)
     6    0.05    0.26    0.93    1.59 ^ _361_/Q (sky130_fd_sc_hd__dfrtp_4)
                                         decoder.digit[3] (net)
                  0.26    0.00    1.60 ^ _285_/A (sky130_fd_sc_hd__nor2_2)
     4    0.04    0.18    0.25    1.84 v _285_/Y (sky130_fd_sc_hd__nor2_2)
                                         _155_ (net)
                  0.18    0.00    1.84 v _288_/B (sky130_fd_sc_hd__nor2_1)
     1    0.02    0.55    0.47    2.32 ^ _288_/Y (sky130_fd_sc_hd__nor2_1)
                                         net3 (net)
                  0.55    0.00    2.32 ^ output3/A (sky130_fd_sc_hd__buf_2)
     1    0.03    0.27    0.51    2.83 ^ output3/X (sky130_fd_sc_hd__buf_2)
                                         seg[1] (net)
                  0.27    0.00    2.83 ^ seg[1] (out)
                                  2.83   data arrival time

                          0.00    0.00   clock clk (rise edge)
                          0.00    0.00   clock network delay (propagated)
                          0.25    0.25   clock uncertainty
                          0.00    0.25   clock reconvergence pessimism
                         -2.00   -1.75   output external delay
                                 -1.75   data required time
-----------------------------------------------------------------------------
                                 -1.75   data required time
                                 -2.83   data arrival time
-----------------------------------------------------------------------------
                                  4.58   slack (MET)



worst slack corner Slowest: 0.9170
======================= Typical Corner ===================================

Startpoint: _330_ (rising edge-triggered flip-flop clocked by clk)
Endpoint: _330_ (rising edge-triggered flip-flop clocked by clk)
Path Group: clk
Path Type: min
Corner: Typical

Fanout     Cap    Slew   Delay    Time   Description
-----------------------------------------------------------------------------
                          0.00    0.00   clock clk (rise edge)
                          0.00    0.00   clock source latency
     1    0.02    0.11    0.07    0.07 ^ clk (in)
                                         clk (net)
                  0.11    0.00    0.07 ^ clkbuf_0_clk/A (sky130_fd_sc_hd__clkbuf_16)
     4    0.05    0.07    0.16    0.24 ^ clkbuf_0_clk/X (sky130_fd_sc_hd__clkbuf_16)
                                         clknet_0_clk (net)
                  0.07    0.00    0.24 ^ clkbuf_2_1__f_clk/A (sky130_fd_sc_hd__clkbuf_16)
    11    0.04    0.06    0.14    0.38 ^ clkbuf_2_1__f_clk/X (sky130_fd_sc_hd__clkbuf_16)
                                         clknet_2_1__leaf_clk (net)
                  0.06    0.00    0.38 ^ _330_/CLK (sky130_fd_sc_hd__dfrtp_4)
     7    0.05    0.17    0.49    0.86 ^ _330_/Q (sky130_fd_sc_hd__dfrtp_4)
                                         one_second_counter[0] (net)
                  0.17    0.00    0.87 ^ _190_/A (sky130_fd_sc_hd__nor2_1)
     1    0.01    0.07    0.09    0.96 v _190_/Y (sky130_fd_sc_hd__nor2_1)
                                         _000_ (net)
                  0.07    0.00    0.96 v _330_/D (sky130_fd_sc_hd__dfrtp_4)
                                  0.96   data arrival time

                          0.00    0.00   clock clk (rise edge)
                          0.00    0.00   clock source latency
     1    0.02    0.11    0.08    0.08 ^ clk (in)
                                         clk (net)
                  0.11    0.00    0.08 ^ clkbuf_0_clk/A (sky130_fd_sc_hd__clkbuf_16)
     4    0.05    0.07    0.18    0.26 ^ clkbuf_0_clk/X (sky130_fd_sc_hd__clkbuf_16)
                                         clknet_0_clk (net)
                  0.07    0.00    0.26 ^ clkbuf_2_1__f_clk/A (sky130_fd_sc_hd__clkbuf_16)
    11    0.04    0.06    0.15    0.42 ^ clkbuf_2_1__f_clk/X (sky130_fd_sc_hd__clkbuf_16)
                                         clknet_2_1__leaf_clk (net)
                  0.06    0.00    0.42 ^ _330_/CLK (sky130_fd_sc_hd__dfrtp_4)
                          0.25    0.67   clock uncertainty
                         -0.04    0.63   clock reconvergence pessimism
                         -0.05    0.58   library hold time
                                  0.58   data required time
-----------------------------------------------------------------------------
                                  0.58   data required time
                                 -0.96   data arrival time
-----------------------------------------------------------------------------
                                  0.38   slack (MET)


Startpoint: _355_ (rising edge-triggered flip-flop clocked by clk)
Endpoint: _356_ (rising edge-triggered flip-flop clocked by clk)
Path Group: clk
Path Type: min
Corner: Typical

Fanout     Cap    Slew   Delay    Time   Description
-----------------------------------------------------------------------------
                          0.00    0.00   clock clk (rise edge)
                          0.00    0.00   clock source latency
     1    0.02    0.11    0.07    0.07 ^ clk (in)
                                         clk (net)
                  0.11    0.00    0.07 ^ clkbuf_0_clk/A (sky130_fd_sc_hd__clkbuf_16)
     4    0.05    0.07    0.16    0.24 ^ clkbuf_0_clk/X (sky130_fd_sc_hd__clkbuf_16)
                                         clknet_0_clk (net)
                  0.07    0.00    0.24 ^ clkbuf_2_1__f_clk/A (sky130_fd_sc_hd__clkbuf_16)
    11    0.04    0.06    0.14    0.38 ^ clkbuf_2_1__f_clk/X (sky130_fd_sc_hd__clkbuf_16)
                                         clknet_2_1__leaf_clk (net)
                  0.06    0.00    0.38 ^ _355_/CLK (sky130_fd_sc_hd__dfrtp_4)
     4    0.04    0.14    0.46    0.83 ^ _355_/Q (sky130_fd_sc_hd__dfrtp_4)
                                         one_second_counter[25] (net)
                  0.14    0.00    0.84 ^ _284_/A2 (sky130_fd_sc_hd__o211a_1)
     1    0.00    0.05    0.15    0.99 ^ _284_/X (sky130_fd_sc_hd__o211a_1)
                                         _018_ (net)
                  0.05    0.00    0.99 ^ _356_/D (sky130_fd_sc_hd__dfrtp_1)
                                  0.99   data arrival time

                          0.00    0.00   clock clk (rise edge)
                          0.00    0.00   clock source latency
     1    0.02    0.11    0.08    0.08 ^ clk (in)
                                         clk (net)
                  0.11    0.00    0.08 ^ clkbuf_0_clk/A (sky130_fd_sc_hd__clkbuf_16)
     4    0.05    0.07    0.18    0.26 ^ clkbuf_0_clk/X (sky130_fd_sc_hd__clkbuf_16)
                                         clknet_0_clk (net)
                  0.07    0.00    0.26 ^ clkbuf_2_1__f_clk/A (sky130_fd_sc_hd__clkbuf_16)
    11    0.04    0.06    0.15    0.42 ^ clkbuf_2_1__f_clk/X (sky130_fd_sc_hd__clkbuf_16)
                                         clknet_2_1__leaf_clk (net)
                  0.06    0.00    0.42 ^ _356_/CLK (sky130_fd_sc_hd__dfrtp_1)
                          0.25    0.67   clock uncertainty
                         -0.04    0.63   clock reconvergence pessimism
                         -0.03    0.59   library hold time
                                  0.59   data required time
-----------------------------------------------------------------------------
                                  0.59   data required time
                                 -0.99   data arrival time
-----------------------------------------------------------------------------
                                  0.39   slack (MET)


Startpoint: _361_ (rising edge-triggered flip-flop clocked by clk)
Endpoint: _361_ (rising edge-triggered flip-flop clocked by clk)
Path Group: clk
Path Type: min
Corner: Typical

Fanout     Cap    Slew   Delay    Time   Description
-----------------------------------------------------------------------------
                          0.00    0.00   clock clk (rise edge)
                          0.00    0.00   clock source latency
     1    0.02    0.11    0.07    0.07 ^ clk (in)
                                         clk (net)
                  0.11    0.00    0.07 ^ clkbuf_0_clk/A (sky130_fd_sc_hd__clkbuf_16)
     4    0.05    0.07    0.16    0.24 ^ clkbuf_0_clk/X (sky130_fd_sc_hd__clkbuf_16)
                                         clknet_0_clk (net)
                  0.07    0.00    0.24 ^ clkbuf_2_0__f_clk/A (sky130_fd_sc_hd__clkbuf_16)
     9    0.04    0.06    0.14    0.38 ^ clkbuf_2_0__f_clk/X (sky130_fd_sc_hd__clkbuf_16)
                                         clknet_2_0__leaf_clk (net)
                  0.06    0.00    0.38 ^ _361_/CLK (sky130_fd_sc_hd__dfrtp_4)
     6    0.05    0.16    0.48    0.86 ^ _361_/Q (sky130_fd_sc_hd__dfrtp_4)
                                         decoder.digit[3] (net)
                  0.16    0.00    0.86 ^ _164_/A (sky130_fd_sc_hd__xnor2_1)
     1    0.01    0.08    0.12    0.98 v _164_/Y (sky130_fd_sc_hd__xnor2_1)
                                         _063_ (net)
                  0.08    0.00    0.98 v _361_/D (sky130_fd_sc_hd__dfrtp_4)
                                  0.98   data arrival time

                          0.00    0.00   clock clk (rise edge)
                          0.00    0.00   clock source latency
     1    0.02    0.11    0.08    0.08 ^ clk (in)
                                         clk (net)
                  0.11    0.00    0.08 ^ clkbuf_0_clk/A (sky130_fd_sc_hd__clkbuf_16)
     4    0.05    0.07    0.18    0.26 ^ clkbuf_0_clk/X (sky130_fd_sc_hd__clkbuf_16)
                                         clknet_0_clk (net)
                  0.07    0.00    0.26 ^ clkbuf_2_0__f_clk/A (sky130_fd_sc_hd__clkbuf_16)
     9    0.04    0.06    0.16    0.42 ^ clkbuf_2_0__f_clk/X (sky130_fd_sc_hd__clkbuf_16)
                                         clknet_2_0__leaf_clk (net)
                  0.06    0.00    0.42 ^ _361_/CLK (sky130_fd_sc_hd__dfrtp_4)
                          0.25    0.67   clock uncertainty
                         -0.04    0.63   clock reconvergence pessimism
                         -0.05    0.58   library hold time
                                  0.58   data required time
-----------------------------------------------------------------------------
                                  0.58   data required time
                                 -0.98   data arrival time
-----------------------------------------------------------------------------
                                  0.40   slack (MET)


Startpoint: _357_ (rising edge-triggered flip-flop clocked by clk)
Endpoint: _358_ (rising edge-triggered flip-flop clocked by clk)
Path Group: clk
Path Type: min
Corner: Typical

Fanout     Cap    Slew   Delay    Time   Description
-----------------------------------------------------------------------------
                          0.00    0.00   clock clk (rise edge)
                          0.00    0.00   clock source latency
     1    0.02    0.11    0.07    0.07 ^ clk (in)
                                         clk (net)
                  0.11    0.00    0.07 ^ clkbuf_0_clk/A (sky130_fd_sc_hd__clkbuf_16)
     4    0.05    0.07    0.16    0.24 ^ clkbuf_0_clk/X (sky130_fd_sc_hd__clkbuf_16)
                                         clknet_0_clk (net)
                  0.07    0.00    0.24 ^ clkbuf_2_2__f_clk/A (sky130_fd_sc_hd__clkbuf_16)
     7    0.05    0.07    0.15    0.38 ^ clkbuf_2_2__f_clk/X (sky130_fd_sc_hd__clkbuf_16)
                                         clknet_2_2__leaf_clk (net)
                  0.07    0.00    0.39 ^ _357_/CLK (sky130_fd_sc_hd__dfrtp_4)
     5    0.04    0.14    0.47    0.85 ^ _357_/Q (sky130_fd_sc_hd__dfrtp_4)
                                         one_second_enable (net)
                  0.14    0.00    0.85 ^ _174_/A1 (sky130_fd_sc_hd__a21oi_1)
     1    0.01    0.12    0.14    0.99 v _174_/Y (sky130_fd_sc_hd__a21oi_1)
                                         _060_ (net)
                  0.12    0.00    0.99 v _358_/D (sky130_fd_sc_hd__dfrtp_4)
                                  0.99   data arrival time

                          0.00    0.00   clock clk (rise edge)
                          0.00    0.00   clock source latency
     1    0.02    0.11    0.08    0.08 ^ clk (in)
                                         clk (net)
                  0.11    0.00    0.08 ^ clkbuf_0_clk/A (sky130_fd_sc_hd__clkbuf_16)
     4    0.05    0.07    0.18    0.26 ^ clkbuf_0_clk/X (sky130_fd_sc_hd__clkbuf_16)
                                         clknet_0_clk (net)
                  0.07    0.00    0.26 ^ clkbuf_2_2__f_clk/A (sky130_fd_sc_hd__clkbuf_16)
     7    0.05    0.07    0.16    0.42 ^ clkbuf_2_2__f_clk/X (sky130_fd_sc_hd__clkbuf_16)
                                         clknet_2_2__leaf_clk (net)
                  0.07    0.00    0.43 ^ _358_/CLK (sky130_fd_sc_hd__dfrtp_4)
                          0.25    0.68   clock uncertainty
                         -0.04    0.64   clock reconvergence pessimism
                         -0.07    0.57   library hold time
                                  0.57   data required time
-----------------------------------------------------------------------------
                                  0.57   data required time
                                 -0.99   data arrival time
-----------------------------------------------------------------------------
                                  0.42   slack (MET)


Startpoint: _337_ (rising edge-triggered flip-flop clocked by clk)
Endpoint: _337_ (rising edge-triggered flip-flop clocked by clk)
Path Group: clk
Path Type: min
Corner: Typical

Fanout     Cap    Slew   Delay    Time   Description
-----------------------------------------------------------------------------
                          0.00    0.00   clock clk (rise edge)
                          0.00    0.00   clock source latency
     1    0.02    0.11    0.07    0.07 ^ clk (in)
                                         clk (net)
                  0.11    0.00    0.07 ^ clkbuf_0_clk/A (sky130_fd_sc_hd__clkbuf_16)
     4    0.05    0.07    0.16    0.24 ^ clkbuf_0_clk/X (sky130_fd_sc_hd__clkbuf_16)
                                         clknet_0_clk (net)
                  0.07    0.00    0.24 ^ clkbuf_2_1__f_clk/A (sky130_fd_sc_hd__clkbuf_16)
    11    0.04    0.06    0.14    0.38 ^ clkbuf_2_1__f_clk/X (sky130_fd_sc_hd__clkbuf_16)
                                         clknet_2_1__leaf_clk (net)
                  0.06    0.00    0.38 ^ _337_/CLK (sky130_fd_sc_hd__dfrtp_2)
     2    0.03    0.09    0.43    0.81 v _337_/Q (sky130_fd_sc_hd__dfrtp_2)
                                         one_second_counter[7] (net)
                  0.09    0.00    0.81 v _214_/A (sky130_fd_sc_hd__inv_2)
     1    0.01    0.04    0.07    0.87 ^ _214_/Y (sky130_fd_sc_hd__inv_2)
                                         _104_ (net)
                  0.04    0.00    0.87 ^ _215_/A1 (sky130_fd_sc_hd__a211oi_1)
     1    0.02    0.09    0.13    1.00 v _215_/Y (sky130_fd_sc_hd__a211oi_1)
                                         _024_ (net)
                  0.09    0.00    1.00 v _337_/D (sky130_fd_sc_hd__dfrtp_2)
                                  1.00   data arrival time

                          0.00    0.00   clock clk (rise edge)
                          0.00    0.00   clock source latency
     1    0.02    0.11    0.08    0.08 ^ clk (in)
                                         clk (net)
                  0.11    0.00    0.08 ^ clkbuf_0_clk/A (sky130_fd_sc_hd__clkbuf_16)
     4    0.05    0.07    0.18    0.26 ^ clkbuf_0_clk/X (sky130_fd_sc_hd__clkbuf_16)
                                         clknet_0_clk (net)
                  0.07    0.00    0.26 ^ clkbuf_2_1__f_clk/A (sky130_fd_sc_hd__clkbuf_16)
    11    0.04    0.06    0.15    0.42 ^ clkbuf_2_1__f_clk/X (sky130_fd_sc_hd__clkbuf_16)
                                         clknet_2_1__leaf_clk (net)
                  0.06    0.00    0.42 ^ _337_/CLK (sky130_fd_sc_hd__dfrtp_2)
                          0.25    0.67   clock uncertainty
                         -0.04    0.63   clock reconvergence pessimism
                         -0.06    0.57   library hold time
                                  0.57   data required time
-----------------------------------------------------------------------------
                                  0.57   data required time
                                 -1.00   data arrival time
-----------------------------------------------------------------------------
                                  0.43   slack (MET)


Startpoint: _353_ (rising edge-triggered flip-flop clocked by clk)
Endpoint: _353_ (rising edge-triggered flip-flop clocked by clk)
Path Group: clk
Path Type: min
Corner: Typical

Fanout     Cap    Slew   Delay    Time   Description
-----------------------------------------------------------------------------
                          0.00    0.00   clock clk (rise edge)
                          0.00    0.00   clock source latency
     1    0.02    0.11    0.07    0.07 ^ clk (in)
                                         clk (net)
                  0.11    0.00    0.07 ^ clkbuf_0_clk/A (sky130_fd_sc_hd__clkbuf_16)
     4    0.05    0.07    0.16    0.24 ^ clkbuf_0_clk/X (sky130_fd_sc_hd__clkbuf_16)
                                         clknet_0_clk (net)
                  0.07    0.00    0.24 ^ clkbuf_2_1__f_clk/A (sky130_fd_sc_hd__clkbuf_16)
    11    0.04    0.06    0.14    0.38 ^ clkbuf_2_1__f_clk/X (sky130_fd_sc_hd__clkbuf_16)
                                         clknet_2_1__leaf_clk (net)
                  0.06    0.00    0.38 ^ _353_/CLK (sky130_fd_sc_hd__dfrtp_1)
     2    0.02    0.10    0.40    0.77 v _353_/Q (sky130_fd_sc_hd__dfrtp_1)
                                         one_second_counter[23] (net)
                  0.10    0.00    0.77 v _273_/A (sky130_fd_sc_hd__inv_2)
     1    0.02    0.11    0.12    0.90 ^ _273_/Y (sky130_fd_sc_hd__inv_2)
                                         _147_ (net)
                  0.11    0.00    0.90 ^ _275_/A1 (sky130_fd_sc_hd__a221oi_2)
     1    0.02    0.08    0.11    1.00 v _275_/Y (sky130_fd_sc_hd__a221oi_2)
                                         _015_ (net)
                  0.08    0.00    1.00 v _353_/D (sky130_fd_sc_hd__dfrtp_1)
                                  1.00   data arrival time

                          0.00    0.00   clock clk (rise edge)
                          0.00    0.00   clock source latency
     1    0.02    0.11    0.08    0.08 ^ clk (in)
                                         clk (net)
                  0.11    0.00    0.08 ^ clkbuf_0_clk/A (sky130_fd_sc_hd__clkbuf_16)
     4    0.05    0.07    0.18    0.26 ^ clkbuf_0_clk/X (sky130_fd_sc_hd__clkbuf_16)
                                         clknet_0_clk (net)
                  0.07    0.00    0.26 ^ clkbuf_2_1__f_clk/A (sky130_fd_sc_hd__clkbuf_16)
    11    0.04    0.06    0.15    0.42 ^ clkbuf_2_1__f_clk/X (sky130_fd_sc_hd__clkbuf_16)
                                         clknet_2_1__leaf_clk (net)
                  0.06    0.00    0.42 ^ _353_/CLK (sky130_fd_sc_hd__dfrtp_1)
                          0.25    0.67   clock uncertainty
                         -0.04    0.63   clock reconvergence pessimism
                         -0.06    0.57   library hold time
                                  0.57   data required time
-----------------------------------------------------------------------------
                                  0.57   data required time
                                 -1.00   data arrival time
-----------------------------------------------------------------------------
                                  0.44   slack (MET)


Startpoint: _345_ (rising edge-triggered flip-flop clocked by clk)
Endpoint: _345_ (rising edge-triggered flip-flop clocked by clk)
Path Group: clk
Path Type: min
Corner: Typical

Fanout     Cap    Slew   Delay    Time   Description
-----------------------------------------------------------------------------
                          0.00    0.00   clock clk (rise edge)
                          0.00    0.00   clock source latency
     1    0.02    0.11    0.07    0.07 ^ clk (in)
                                         clk (net)
                  0.11    0.00    0.07 ^ clkbuf_0_clk/A (sky130_fd_sc_hd__clkbuf_16)
     4    0.05    0.07    0.16    0.24 ^ clkbuf_0_clk/X (sky130_fd_sc_hd__clkbuf_16)
                                         clknet_0_clk (net)
                  0.07    0.00    0.24 ^ clkbuf_2_3__f_clk/A (sky130_fd_sc_hd__clkbuf_16)
     8    0.04    0.06    0.14    0.38 ^ clkbuf_2_3__f_clk/X (sky130_fd_sc_hd__clkbuf_16)
                                         clknet_2_3__leaf_clk (net)
                  0.06    0.00    0.38 ^ _345_/CLK (sky130_fd_sc_hd__dfrtp_2)
     3    0.03    0.10    0.43    0.81 v _345_/Q (sky130_fd_sc_hd__dfrtp_2)
                                         one_second_counter[15] (net)
                  0.10    0.00    0.82 v _243_/A (sky130_fd_sc_hd__inv_2)
     1    0.02    0.08    0.10    0.92 ^ _243_/Y (sky130_fd_sc_hd__inv_2)
                                         _125_ (net)
                  0.08    0.00    0.92 ^ _246_/A1 (sky130_fd_sc_hd__a211oi_2)
     1    0.02    0.08    0.11    1.02 v _246_/Y (sky130_fd_sc_hd__a211oi_2)
                                         _006_ (net)
                  0.08    0.00    1.02 v _345_/D (sky130_fd_sc_hd__dfrtp_2)
                                  1.02   data arrival time

                          0.00    0.00   clock clk (rise edge)
                          0.00    0.00   clock source latency
     1    0.02    0.11    0.08    0.08 ^ clk (in)
                                         clk (net)
                  0.11    0.00    0.08 ^ clkbuf_0_clk/A (sky130_fd_sc_hd__clkbuf_16)
     4    0.05    0.07    0.18    0.26 ^ clkbuf_0_clk/X (sky130_fd_sc_hd__clkbuf_16)
                                         clknet_0_clk (net)
                  0.07    0.00    0.26 ^ clkbuf_2_3__f_clk/A (sky130_fd_sc_hd__clkbuf_16)
     8    0.04    0.06    0.16    0.42 ^ clkbuf_2_3__f_clk/X (sky130_fd_sc_hd__clkbuf_16)
                                         clknet_2_3__leaf_clk (net)
                  0.06    0.00    0.42 ^ _345_/CLK (sky130_fd_sc_hd__dfrtp_2)
                          0.25    0.67   clock uncertainty
                         -0.04    0.63   clock reconvergence pessimism
                         -0.05    0.58   library hold time
                                  0.58   data required time
-----------------------------------------------------------------------------
                                  0.58   data required time
                                 -1.02   data arrival time
-----------------------------------------------------------------------------
                                  0.45   slack (MET)


Startpoint: _351_ (rising edge-triggered flip-flop clocked by clk)
Endpoint: _351_ (rising edge-triggered flip-flop clocked by clk)
Path Group: clk
Path Type: min
Corner: Typical

Fanout     Cap    Slew   Delay    Time   Description
-----------------------------------------------------------------------------
                          0.00    0.00   clock clk (rise edge)
                          0.00    0.00   clock source latency
     1    0.02    0.11    0.07    0.07 ^ clk (in)
                                         clk (net)
                  0.11    0.00    0.07 ^ clkbuf_0_clk/A (sky130_fd_sc_hd__clkbuf_16)
     4    0.05    0.07    0.16    0.24 ^ clkbuf_0_clk/X (sky130_fd_sc_hd__clkbuf_16)
                                         clknet_0_clk (net)
                  0.07    0.00    0.24 ^ clkbuf_2_2__f_clk/A (sky130_fd_sc_hd__clkbuf_16)
     7    0.05    0.07    0.15    0.38 ^ clkbuf_2_2__f_clk/X (sky130_fd_sc_hd__clkbuf_16)
                                         clknet_2_2__leaf_clk (net)
                  0.07    0.00    0.38 ^ _351_/CLK (sky130_fd_sc_hd__dfrtp_2)
     3    0.03    0.11    0.45    0.84 v _351_/Q (sky130_fd_sc_hd__dfrtp_2)
                                         one_second_counter[21] (net)
                  0.11    0.00    0.84 v _266_/A (sky130_fd_sc_hd__inv_2)
     1    0.03    0.13    0.14    0.98 ^ _266_/Y (sky130_fd_sc_hd__inv_2)
                                         _142_ (net)
                  0.13    0.00    0.98 ^ _268_/A1 (sky130_fd_sc_hd__a211oi_2)
     1    0.02    0.08    0.12    1.10 v _268_/Y (sky130_fd_sc_hd__a211oi_2)
                                         _013_ (net)
                  0.08    0.00    1.10 v _351_/D (sky130_fd_sc_hd__dfrtp_2)
                                  1.10   data arrival time

                          0.00    0.00   clock clk (rise edge)
                          0.00    0.00   clock source latency
     1    0.02    0.11    0.08    0.08 ^ clk (in)
                                         clk (net)
                  0.11    0.00    0.08 ^ clkbuf_0_clk/A (sky130_fd_sc_hd__clkbuf_16)
     4    0.05    0.07    0.18    0.26 ^ clkbuf_0_clk/X (sky130_fd_sc_hd__clkbuf_16)
                                         clknet_0_clk (net)
                  0.07    0.00    0.26 ^ clkbuf_2_2__f_clk/A (sky130_fd_sc_hd__clkbuf_16)
     7    0.05    0.07    0.16    0.42 ^ clkbuf_2_2__f_clk/X (sky130_fd_sc_hd__clkbuf_16)
                                         clknet_2_2__leaf_clk (net)
                  0.07    0.00    0.43 ^ _351_/CLK (sky130_fd_sc_hd__dfrtp_2)
                          0.25    0.68   clock uncertainty
                         -0.04    0.63   clock reconvergence pessimism
                         -0.05    0.58   library hold time
                                  0.58   data required time
-----------------------------------------------------------------------------
                                  0.58   data required time
                                 -1.10   data arrival time
-----------------------------------------------------------------------------
                                  0.51   slack (MET)


Startpoint: _347_ (rising edge-triggered flip-flop clocked by clk)
Endpoint: _347_ (rising edge-triggered flip-flop clocked by clk)
Path Group: clk
Path Type: min
Corner: Typical

Fanout     Cap    Slew   Delay    Time   Description
-----------------------------------------------------------------------------
                          0.00    0.00   clock clk (rise edge)
                          0.00    0.00   clock source latency
     1    0.02    0.11    0.07    0.07 ^ clk (in)
                                         clk (net)
                  0.11    0.00    0.07 ^ clkbuf_0_clk/A (sky130_fd_sc_hd__clkbuf_16)
     4    0.05    0.07    0.16    0.24 ^ clkbuf_0_clk/X (sky130_fd_sc_hd__clkbuf_16)
                                         clknet_0_clk (net)
                  0.07    0.00    0.24 ^ clkbuf_2_1__f_clk/A (sky130_fd_sc_hd__clkbuf_16)
    11    0.04    0.06    0.14    0.38 ^ clkbuf_2_1__f_clk/X (sky130_fd_sc_hd__clkbuf_16)
                                         clknet_2_1__leaf_clk (net)
                  0.06    0.00    0.38 ^ _347_/CLK (sky130_fd_sc_hd__dfrtp_4)
     7    0.05    0.17    0.48    0.86 ^ _347_/Q (sky130_fd_sc_hd__dfrtp_4)
                                         one_second_counter[17] (net)
                  0.17    0.00    0.86 ^ _251_/A (sky130_fd_sc_hd__xor2_1)
     1    0.02    0.08    0.15    1.01 v _251_/X (sky130_fd_sc_hd__xor2_1)
                                         _131_ (net)
                  0.08    0.00    1.01 v _252_/B (sky130_fd_sc_hd__nor2_1)
     1    0.00    0.11    0.11    1.12 ^ _252_/Y (sky130_fd_sc_hd__nor2_1)
                                         _008_ (net)
                  0.11    0.00    1.12 ^ _347_/D (sky130_fd_sc_hd__dfrtp_4)
                                  1.12   data arrival time

                          0.00    0.00   clock clk (rise edge)
                          0.00    0.00   clock source latency
     1    0.02    0.11    0.08    0.08 ^ clk (in)
                                         clk (net)
                  0.11    0.00    0.08 ^ clkbuf_0_clk/A (sky130_fd_sc_hd__clkbuf_16)
     4    0.05    0.07    0.18    0.26 ^ clkbuf_0_clk/X (sky130_fd_sc_hd__clkbuf_16)
                                         clknet_0_clk (net)
                  0.07    0.00    0.26 ^ clkbuf_2_1__f_clk/A (sky130_fd_sc_hd__clkbuf_16)
    11    0.04    0.06    0.15    0.42 ^ clkbuf_2_1__f_clk/X (sky130_fd_sc_hd__clkbuf_16)
                                         clknet_2_1__leaf_clk (net)
                  0.06    0.00    0.42 ^ _347_/CLK (sky130_fd_sc_hd__dfrtp_4)
                          0.25    0.67   clock uncertainty
                         -0.04    0.63   clock reconvergence pessimism
                         -0.05    0.58   library hold time
                                  0.58   data required time
-----------------------------------------------------------------------------
                                  0.58   data required time
                                 -1.12   data arrival time
-----------------------------------------------------------------------------
                                  0.54   slack (MET)


Startpoint: _348_ (rising edge-triggered flip-flop clocked by clk)
Endpoint: _348_ (rising edge-triggered flip-flop clocked by clk)
Path Group: clk
Path Type: min
Corner: Typical

Fanout     Cap    Slew   Delay    Time   Description
-----------------------------------------------------------------------------
                          0.00    0.00   clock clk (rise edge)
                          0.00    0.00   clock source latency
     1    0.02    0.11    0.07    0.07 ^ clk (in)
                                         clk (net)
                  0.11    0.00    0.07 ^ clkbuf_0_clk/A (sky130_fd_sc_hd__clkbuf_16)
     4    0.05    0.07    0.16    0.24 ^ clkbuf_0_clk/X (sky130_fd_sc_hd__clkbuf_16)
                                         clknet_0_clk (net)
                  0.07    0.00    0.24 ^ clkbuf_2_0__f_clk/A (sky130_fd_sc_hd__clkbuf_16)
     9    0.04    0.06    0.14    0.38 ^ clkbuf_2_0__f_clk/X (sky130_fd_sc_hd__clkbuf_16)
                                         clknet_2_0__leaf_clk (net)
                  0.06    0.00    0.38 ^ _348_/CLK (sky130_fd_sc_hd__dfrtp_4)
     6    0.04    0.14    0.46    0.84 ^ _348_/Q (sky130_fd_sc_hd__dfrtp_4)
                                         one_second_counter[18] (net)
                  0.14    0.00    0.84 ^ _253_/A (sky130_fd_sc_hd__nand2_1)
     1    0.01    0.07    0.09    0.93 v _253_/Y (sky130_fd_sc_hd__nand2_1)
                                         _132_ (net)
                  0.07    0.00    0.93 v _255_/A1 (sky130_fd_sc_hd__o211a_1)
     1    0.01    0.07    0.26    1.20 v _255_/X (sky130_fd_sc_hd__o211a_1)
                                         _009_ (net)
                  0.07    0.00    1.20 v _348_/D (sky130_fd_sc_hd__dfrtp_4)
                                  1.20   data arrival time

                          0.00    0.00   clock clk (rise edge)
                          0.00    0.00   clock source latency
     1    0.02    0.11    0.08    0.08 ^ clk (in)
                                         clk (net)
                  0.11    0.00    0.08 ^ clkbuf_0_clk/A (sky130_fd_sc_hd__clkbuf_16)
     4    0.05    0.07    0.18    0.26 ^ clkbuf_0_clk/X (sky130_fd_sc_hd__clkbuf_16)
                                         clknet_0_clk (net)
                  0.07    0.00    0.26 ^ clkbuf_2_0__f_clk/A (sky130_fd_sc_hd__clkbuf_16)
     9    0.04    0.06    0.16    0.42 ^ clkbuf_2_0__f_clk/X (sky130_fd_sc_hd__clkbuf_16)
                                         clknet_2_0__leaf_clk (net)
                  0.06    0.00    0.42 ^ _348_/CLK (sky130_fd_sc_hd__dfrtp_4)
                          0.25    0.67   clock uncertainty
                         -0.04    0.63   clock reconvergence pessimism
                         -0.05    0.58   library hold time
                                  0.58   data required time
-----------------------------------------------------------------------------
                                  0.58   data required time
                                 -1.20   data arrival time
-----------------------------------------------------------------------------
                                  0.62   slack (MET)


Startpoint: _341_ (rising edge-triggered flip-flop clocked by clk)
Endpoint: _341_ (rising edge-triggered flip-flop clocked by clk)
Path Group: clk
Path Type: min
Corner: Typical

Fanout     Cap    Slew   Delay    Time   Description
-----------------------------------------------------------------------------
                          0.00    0.00   clock clk (rise edge)
                          0.00    0.00   clock source latency
     1    0.02    0.11    0.07    0.07 ^ clk (in)
                                         clk (net)
                  0.11    0.00    0.07 ^ clkbuf_0_clk/A (sky130_fd_sc_hd__clkbuf_16)
     4    0.05    0.07    0.16    0.24 ^ clkbuf_0_clk/X (sky130_fd_sc_hd__clkbuf_16)
                                         clknet_0_clk (net)
                  0.07    0.00    0.24 ^ clkbuf_2_0__f_clk/A (sky130_fd_sc_hd__clkbuf_16)
     9    0.04    0.06    0.14    0.38 ^ clkbuf_2_0__f_clk/X (sky130_fd_sc_hd__clkbuf_16)
                                         clknet_2_0__leaf_clk (net)
                  0.06    0.00    0.38 ^ _341_/CLK (sky130_fd_sc_hd__dfrtp_4)
     4    0.04    0.14    0.46    0.84 ^ _341_/Q (sky130_fd_sc_hd__dfrtp_4)
                                         one_second_counter[11] (net)
                  0.14    0.00    0.84 ^ _227_/B1 (sky130_fd_sc_hd__a21oi_2)
     1    0.03    0.08    0.09    0.93 v _227_/Y (sky130_fd_sc_hd__a21oi_2)
                                         _113_ (net)
                  0.08    0.00    0.94 v _229_/B (sky130_fd_sc_hd__nor3_1)
     1    0.01    0.24    0.24    1.17 ^ _229_/Y (sky130_fd_sc_hd__nor3_1)
                                         _002_ (net)
                  0.24    0.00    1.17 ^ _341_/D (sky130_fd_sc_hd__dfrtp_4)
                                  1.17   data arrival time

                          0.00    0.00   clock clk (rise edge)
                          0.00    0.00   clock source latency
     1    0.02    0.11    0.08    0.08 ^ clk (in)
                                         clk (net)
                  0.11    0.00    0.08 ^ clkbuf_0_clk/A (sky130_fd_sc_hd__clkbuf_16)
     4    0.05    0.07    0.18    0.26 ^ clkbuf_0_clk/X (sky130_fd_sc_hd__clkbuf_16)
                                         clknet_0_clk (net)
                  0.07    0.00    0.26 ^ clkbuf_2_0__f_clk/A (sky130_fd_sc_hd__clkbuf_16)
     9    0.04    0.06    0.16    0.42 ^ clkbuf_2_0__f_clk/X (sky130_fd_sc_hd__clkbuf_16)
                                         clknet_2_0__leaf_clk (net)
                  0.06    0.00    0.42 ^ _341_/CLK (sky130_fd_sc_hd__dfrtp_4)
                          0.25    0.67   clock uncertainty
                         -0.04    0.63   clock reconvergence pessimism
                         -0.07    0.56   library hold time
                                  0.56   data required time
-----------------------------------------------------------------------------
                                  0.56   data required time
                                 -1.17   data arrival time
-----------------------------------------------------------------------------
                                  0.62   slack (MET)


Startpoint: _333_ (rising edge-triggered flip-flop clocked by clk)
Endpoint: _333_ (rising edge-triggered flip-flop clocked by clk)
Path Group: clk
Path Type: min
Corner: Typical

Fanout     Cap    Slew   Delay    Time   Description
-----------------------------------------------------------------------------
                          0.00    0.00   clock clk (rise edge)
                          0.00    0.00   clock source latency
     1    0.02    0.11    0.07    0.07 ^ clk (in)
                                         clk (net)
                  0.11    0.00    0.07 ^ clkbuf_0_clk/A (sky130_fd_sc_hd__clkbuf_16)
     4    0.05    0.07    0.16    0.24 ^ clkbuf_0_clk/X (sky130_fd_sc_hd__clkbuf_16)
                                         clknet_0_clk (net)
                  0.07    0.00    0.24 ^ clkbuf_2_3__f_clk/A (sky130_fd_sc_hd__clkbuf_16)
     8    0.04    0.06    0.14    0.38 ^ clkbuf_2_3__f_clk/X (sky130_fd_sc_hd__clkbuf_16)
                                         clknet_2_3__leaf_clk (net)
                  0.06    0.00    0.38 ^ _333_/CLK (sky130_fd_sc_hd__dfrtp_1)
     2    0.01    0.13    0.37    0.75 ^ _333_/Q (sky130_fd_sc_hd__dfrtp_1)
                                         one_second_counter[3] (net)
                  0.13    0.00    0.75 ^ _199_/B1 (sky130_fd_sc_hd__a31o_1)
     1    0.00    0.05    0.11    0.86 ^ _199_/X (sky130_fd_sc_hd__a31o_1)
                                         _093_ (net)
                  0.05    0.00    0.86 ^ _200_/C (sky130_fd_sc_hd__and3b_1)
     1    0.01    0.14    0.22    1.08 ^ _200_/X (sky130_fd_sc_hd__and3b_1)
                                         _094_ (net)
                  0.14    0.00    1.08 ^ _201_/A (sky130_fd_sc_hd__clkbuf_1)
     1    0.01    0.09    0.13    1.21 ^ _201_/X (sky130_fd_sc_hd__clkbuf_1)
                                         _020_ (net)
                  0.09    0.00    1.21 ^ _333_/D (sky130_fd_sc_hd__dfrtp_1)
                                  1.21   data arrival time

                          0.00    0.00   clock clk (rise edge)
                          0.00    0.00   clock source latency
     1    0.02    0.11    0.08    0.08 ^ clk (in)
                                         clk (net)
                  0.11    0.00    0.08 ^ clkbuf_0_clk/A (sky130_fd_sc_hd__clkbuf_16)
     4    0.05    0.07    0.18    0.26 ^ clkbuf_0_clk/X (sky130_fd_sc_hd__clkbuf_16)
                                         clknet_0_clk (net)
                  0.07    0.00    0.26 ^ clkbuf_2_3__f_clk/A (sky130_fd_sc_hd__clkbuf_16)
     8    0.04    0.06    0.16    0.42 ^ clkbuf_2_3__f_clk/X (sky130_fd_sc_hd__clkbuf_16)
                                         clknet_2_3__leaf_clk (net)
                  0.06    0.00    0.42 ^ _333_/CLK (sky130_fd_sc_hd__dfrtp_1)
                          0.25    0.67   clock uncertainty
                         -0.04    0.63   clock reconvergence pessimism
                         -0.04    0.59   library hold time
                                  0.59   data required time
-----------------------------------------------------------------------------
                                  0.59   data required time
                                 -1.21   data arrival time
-----------------------------------------------------------------------------
                                  0.63   slack (MET)


Startpoint: _355_ (rising edge-triggered flip-flop clocked by clk)
Endpoint: _355_ (rising edge-triggered flip-flop clocked by clk)
Path Group: clk
Path Type: min
Corner: Typical

Fanout     Cap    Slew   Delay    Time   Description
-----------------------------------------------------------------------------
                          0.00    0.00   clock clk (rise edge)
                          0.00    0.00   clock source latency
     1    0.02    0.11    0.07    0.07 ^ clk (in)
                                         clk (net)
                  0.11    0.00    0.07 ^ clkbuf_0_clk/A (sky130_fd_sc_hd__clkbuf_16)
     4    0.05    0.07    0.16    0.24 ^ clkbuf_0_clk/X (sky130_fd_sc_hd__clkbuf_16)
                                         clknet_0_clk (net)
                  0.07    0.00    0.24 ^ clkbuf_2_1__f_clk/A (sky130_fd_sc_hd__clkbuf_16)
    11    0.04    0.06    0.14    0.38 ^ clkbuf_2_1__f_clk/X (sky130_fd_sc_hd__clkbuf_16)
                                         clknet_2_1__leaf_clk (net)
                  0.06    0.00    0.38 ^ _355_/CLK (sky130_fd_sc_hd__dfrtp_4)
     4    0.04    0.14    0.46    0.83 ^ _355_/Q (sky130_fd_sc_hd__dfrtp_4)
                                         one_second_counter[25] (net)
                  0.14    0.00    0.84 ^ _280_/A (sky130_fd_sc_hd__nand2_1)
     1    0.00    0.06    0.08    0.91 v _280_/Y (sky130_fd_sc_hd__nand2_1)
                                         _152_ (net)
                  0.06    0.00    0.91 v _281_/C (sky130_fd_sc_hd__and3_1)
     1    0.01    0.07    0.21    1.12 v _281_/X (sky130_fd_sc_hd__and3_1)
                                         _153_ (net)
                  0.07    0.00    1.12 v _282_/A (sky130_fd_sc_hd__clkbuf_1)
     1    0.01    0.05    0.11    1.23 v _282_/X (sky130_fd_sc_hd__clkbuf_1)
                                         _017_ (net)
                  0.05    0.00    1.23 v _355_/D (sky130_fd_sc_hd__dfrtp_4)
                                  1.23   data arrival time

                          0.00    0.00   clock clk (rise edge)
                          0.00    0.00   clock source latency
     1    0.02    0.11    0.08    0.08 ^ clk (in)
                                         clk (net)
                  0.11    0.00    0.08 ^ clkbuf_0_clk/A (sky130_fd_sc_hd__clkbuf_16)
     4    0.05    0.07    0.18    0.26 ^ clkbuf_0_clk/X (sky130_fd_sc_hd__clkbuf_16)
                                         clknet_0_clk (net)
                  0.07    0.00    0.26 ^ clkbuf_2_1__f_clk/A (sky130_fd_sc_hd__clkbuf_16)
    11    0.04    0.06    0.15    0.42 ^ clkbuf_2_1__f_clk/X (sky130_fd_sc_hd__clkbuf_16)
                                         clknet_2_1__leaf_clk (net)
                  0.06    0.00    0.42 ^ _355_/CLK (sky130_fd_sc_hd__dfrtp_4)
                          0.25    0.67   clock uncertainty
                         -0.04    0.63   clock reconvergence pessimism
                         -0.04    0.58   library hold time
                                  0.58   data required time
-----------------------------------------------------------------------------
                                  0.58   data required time
                                 -1.23   data arrival time
-----------------------------------------------------------------------------
                                  0.65   slack (MET)


Startpoint: _343_ (rising edge-triggered flip-flop clocked by clk)
Endpoint: _343_ (rising edge-triggered flip-flop clocked by clk)
Path Group: clk
Path Type: min
Corner: Typical

Fanout     Cap    Slew   Delay    Time   Description
-----------------------------------------------------------------------------
                          0.00    0.00   clock clk (rise edge)
                          0.00    0.00   clock source latency
     1    0.02    0.11    0.07    0.07 ^ clk (in)
                                         clk (net)
                  0.11    0.00    0.07 ^ clkbuf_0_clk/A (sky130_fd_sc_hd__clkbuf_16)
     4    0.05    0.07    0.16    0.24 ^ clkbuf_0_clk/X (sky130_fd_sc_hd__clkbuf_16)
                                         clknet_0_clk (net)
                  0.07    0.00    0.24 ^ clkbuf_2_0__f_clk/A (sky130_fd_sc_hd__clkbuf_16)
     9    0.04    0.06    0.14    0.38 ^ clkbuf_2_0__f_clk/X (sky130_fd_sc_hd__clkbuf_16)
                                         clknet_2_0__leaf_clk (net)
                  0.06    0.00    0.38 ^ _343_/CLK (sky130_fd_sc_hd__dfrtp_1)
     4    0.02    0.18    0.41    0.79 ^ _343_/Q (sky130_fd_sc_hd__dfrtp_1)
                                         one_second_counter[13] (net)
                  0.18    0.00    0.79 ^ _234_/B1 (sky130_fd_sc_hd__a21o_1)
     1    0.01    0.11    0.15    0.94 ^ _234_/X (sky130_fd_sc_hd__a21o_1)
                                         _118_ (net)
                  0.11    0.00    0.94 ^ _236_/B (sky130_fd_sc_hd__and3_1)
     1    0.01    0.11    0.20    1.14 ^ _236_/X (sky130_fd_sc_hd__and3_1)
                                         _120_ (net)
                  0.11    0.00    1.14 ^ _237_/A (sky130_fd_sc_hd__clkbuf_1)
     1    0.01    0.08    0.11    1.25 ^ _237_/X (sky130_fd_sc_hd__clkbuf_1)
                                         _004_ (net)
                  0.08    0.00    1.25 ^ _343_/D (sky130_fd_sc_hd__dfrtp_1)
                                  1.25   data arrival time

                          0.00    0.00   clock clk (rise edge)
                          0.00    0.00   clock source latency
     1    0.02    0.11    0.08    0.08 ^ clk (in)
                                         clk (net)
                  0.11    0.00    0.08 ^ clkbuf_0_clk/A (sky130_fd_sc_hd__clkbuf_16)
     4    0.05    0.07    0.18    0.26 ^ clkbuf_0_clk/X (sky130_fd_sc_hd__clkbuf_16)
                                         clknet_0_clk (net)
                  0.07    0.00    0.26 ^ clkbuf_2_0__f_clk/A (sky130_fd_sc_hd__clkbuf_16)
     9    0.04    0.06    0.16    0.42 ^ clkbuf_2_0__f_clk/X (sky130_fd_sc_hd__clkbuf_16)
                                         clknet_2_0__leaf_clk (net)
                  0.06    0.00    0.42 ^ _343_/CLK (sky130_fd_sc_hd__dfrtp_1)
                          0.25    0.67   clock uncertainty
                         -0.04    0.63   clock reconvergence pessimism
                         -0.04    0.59   library hold time
                                  0.59   data required time
-----------------------------------------------------------------------------
                                  0.59   data required time
                                 -1.25   data arrival time
-----------------------------------------------------------------------------
                                  0.66   slack (MET)


Startpoint: _339_ (rising edge-triggered flip-flop clocked by clk)
Endpoint: _339_ (rising edge-triggered flip-flop clocked by clk)
Path Group: clk
Path Type: min
Corner: Typical

Fanout     Cap    Slew   Delay    Time   Description
-----------------------------------------------------------------------------
                          0.00    0.00   clock clk (rise edge)
                          0.00    0.00   clock source latency
     1    0.02    0.11    0.07    0.07 ^ clk (in)
                                         clk (net)
                  0.11    0.00    0.07 ^ clkbuf_0_clk/A (sky130_fd_sc_hd__clkbuf_16)
     4    0.05    0.07    0.16    0.24 ^ clkbuf_0_clk/X (sky130_fd_sc_hd__clkbuf_16)
                                         clknet_0_clk (net)
                  0.07    0.00    0.24 ^ clkbuf_2_0__f_clk/A (sky130_fd_sc_hd__clkbuf_16)
     9    0.04    0.06    0.14    0.38 ^ clkbuf_2_0__f_clk/X (sky130_fd_sc_hd__clkbuf_16)
                                         clknet_2_0__leaf_clk (net)
                  0.06    0.00    0.38 ^ _339_/CLK (sky130_fd_sc_hd__dfrtp_2)
     3    0.03    0.10    0.44    0.82 v _339_/Q (sky130_fd_sc_hd__dfrtp_2)
                                         one_second_counter[9] (net)
                  0.10    0.00    0.82 v _220_/B1 (sky130_fd_sc_hd__a21oi_2)
     1    0.02    0.28    0.25    1.08 ^ _220_/Y (sky130_fd_sc_hd__a21oi_2)
                                         _108_ (net)
                  0.28    0.00    1.08 ^ _222_/B (sky130_fd_sc_hd__nor3_1)
     1    0.02    0.10    0.16    1.23 v _222_/Y (sky130_fd_sc_hd__nor3_1)
                                         _026_ (net)
                  0.10    0.00    1.23 v _339_/D (sky130_fd_sc_hd__dfrtp_2)
                                  1.23   data arrival time

                          0.00    0.00   clock clk (rise edge)
                          0.00    0.00   clock source latency
     1    0.02    0.11    0.08    0.08 ^ clk (in)
                                         clk (net)
                  0.11    0.00    0.08 ^ clkbuf_0_clk/A (sky130_fd_sc_hd__clkbuf_16)
     4    0.05    0.07    0.18    0.26 ^ clkbuf_0_clk/X (sky130_fd_sc_hd__clkbuf_16)
                                         clknet_0_clk (net)
                  0.07    0.00    0.26 ^ clkbuf_2_0__f_clk/A (sky130_fd_sc_hd__clkbuf_16)
     9    0.04    0.06    0.16    0.42 ^ clkbuf_2_0__f_clk/X (sky130_fd_sc_hd__clkbuf_16)
                                         clknet_2_0__leaf_clk (net)
                  0.06    0.00    0.42 ^ _339_/CLK (sky130_fd_sc_hd__dfrtp_2)
                          0.25    0.67   clock uncertainty
                         -0.04    0.63   clock reconvergence pessimism
                         -0.06    0.57   library hold time
                                  0.57   data required time
-----------------------------------------------------------------------------
                                  0.57   data required time
                                 -1.23   data arrival time
-----------------------------------------------------------------------------
                                  0.66   slack (MET)


Startpoint: _335_ (rising edge-triggered flip-flop clocked by clk)
Endpoint: _335_ (rising edge-triggered flip-flop clocked by clk)
Path Group: clk
Path Type: min
Corner: Typical

Fanout     Cap    Slew   Delay    Time   Description
-----------------------------------------------------------------------------
                          0.00    0.00   clock clk (rise edge)
                          0.00    0.00   clock source latency
     1    0.02    0.11    0.07    0.07 ^ clk (in)
                                         clk (net)
                  0.11    0.00    0.07 ^ clkbuf_0_clk/A (sky130_fd_sc_hd__clkbuf_16)
     4    0.05    0.07    0.16    0.24 ^ clkbuf_0_clk/X (sky130_fd_sc_hd__clkbuf_16)
                                         clknet_0_clk (net)
                  0.07    0.00    0.24 ^ clkbuf_2_2__f_clk/A (sky130_fd_sc_hd__clkbuf_16)
     7    0.05    0.07    0.15    0.38 ^ clkbuf_2_2__f_clk/X (sky130_fd_sc_hd__clkbuf_16)
                                         clknet_2_2__leaf_clk (net)
                  0.07    0.00    0.38 ^ _335_/CLK (sky130_fd_sc_hd__dfrtp_2)
     3    0.04    0.12    0.46    0.84 v _335_/Q (sky130_fd_sc_hd__dfrtp_2)
                                         one_second_counter[5] (net)
                  0.12    0.00    0.84 v _207_/B1 (sky130_fd_sc_hd__a21oi_1)
     1    0.01    0.25    0.25    1.09 ^ _207_/Y (sky130_fd_sc_hd__a21oi_1)
                                         _099_ (net)
                  0.25    0.00    1.09 ^ _209_/B (sky130_fd_sc_hd__nor3_1)
     1    0.02    0.10    0.14    1.24 v _209_/Y (sky130_fd_sc_hd__nor3_1)
                                         _022_ (net)
                  0.10    0.00    1.24 v _335_/D (sky130_fd_sc_hd__dfrtp_2)
                                  1.24   data arrival time

                          0.00    0.00   clock clk (rise edge)
                          0.00    0.00   clock source latency
     1    0.02    0.11    0.08    0.08 ^ clk (in)
                                         clk (net)
                  0.11    0.00    0.08 ^ clkbuf_0_clk/A (sky130_fd_sc_hd__clkbuf_16)
     4    0.05    0.07    0.18    0.26 ^ clkbuf_0_clk/X (sky130_fd_sc_hd__clkbuf_16)
                                         clknet_0_clk (net)
                  0.07    0.00    0.26 ^ clkbuf_2_2__f_clk/A (sky130_fd_sc_hd__clkbuf_16)
     7    0.05    0.07    0.16    0.42 ^ clkbuf_2_2__f_clk/X (sky130_fd_sc_hd__clkbuf_16)
                                         clknet_2_2__leaf_clk (net)
                  0.07    0.00    0.42 ^ _335_/CLK (sky130_fd_sc_hd__dfrtp_2)
                          0.25    0.67   clock uncertainty
                         -0.04    0.63   clock reconvergence pessimism
                         -0.06    0.57   library hold time
                                  0.57   data required time
-----------------------------------------------------------------------------
                                  0.57   data required time
                                 -1.24   data arrival time
-----------------------------------------------------------------------------
                                  0.67   slack (MET)


Startpoint: _354_ (rising edge-triggered flip-flop clocked by clk)
Endpoint: _354_ (rising edge-triggered flip-flop clocked by clk)
Path Group: clk
Path Type: min
Corner: Typical

Fanout     Cap    Slew   Delay    Time   Description
-----------------------------------------------------------------------------
                          0.00    0.00   clock clk (rise edge)
                          0.00    0.00   clock source latency
     1    0.02    0.11    0.07    0.07 ^ clk (in)
                                         clk (net)
                  0.11    0.00    0.07 ^ clkbuf_0_clk/A (sky130_fd_sc_hd__clkbuf_16)
     4    0.05    0.07    0.16    0.24 ^ clkbuf_0_clk/X (sky130_fd_sc_hd__clkbuf_16)
                                         clknet_0_clk (net)
                  0.07    0.00    0.24 ^ clkbuf_2_3__f_clk/A (sky130_fd_sc_hd__clkbuf_16)
     8    0.04    0.06    0.14    0.38 ^ clkbuf_2_3__f_clk/X (sky130_fd_sc_hd__clkbuf_16)
                                         clknet_2_3__leaf_clk (net)
                  0.06    0.00    0.38 ^ _354_/CLK (sky130_fd_sc_hd__dfrtp_4)
     3    0.04    0.13    0.45    0.83 ^ _354_/Q (sky130_fd_sc_hd__dfrtp_4)
                                         one_second_counter[24] (net)
                  0.13    0.00    0.83 ^ _277_/A (sky130_fd_sc_hd__and3_2)
     4    0.04    0.20    0.30    1.14 ^ _277_/X (sky130_fd_sc_hd__and3_2)
                                         _150_ (net)
                  0.20    0.00    1.14 ^ _278_/C (sky130_fd_sc_hd__nor3_1)
     1    0.01    0.09    0.11    1.25 v _278_/Y (sky130_fd_sc_hd__nor3_1)
                                         _016_ (net)
                  0.09    0.00    1.25 v _354_/D (sky130_fd_sc_hd__dfrtp_4)
                                  1.25   data arrival time

                          0.00    0.00   clock clk (rise edge)
                          0.00    0.00   clock source latency
     1    0.02    0.11    0.08    0.08 ^ clk (in)
                                         clk (net)
                  0.11    0.00    0.08 ^ clkbuf_0_clk/A (sky130_fd_sc_hd__clkbuf_16)
     4    0.05    0.07    0.18    0.26 ^ clkbuf_0_clk/X (sky130_fd_sc_hd__clkbuf_16)
                                         clknet_0_clk (net)
                  0.07    0.00    0.26 ^ clkbuf_2_3__f_clk/A (sky130_fd_sc_hd__clkbuf_16)
     8    0.04    0.06    0.16    0.42 ^ clkbuf_2_3__f_clk/X (sky130_fd_sc_hd__clkbuf_16)
                                         clknet_2_3__leaf_clk (net)
                  0.06    0.00    0.42 ^ _354_/CLK (sky130_fd_sc_hd__dfrtp_4)
                          0.25    0.67   clock uncertainty
                         -0.04    0.63   clock reconvergence pessimism
                         -0.06    0.57   library hold time
                                  0.57   data required time
-----------------------------------------------------------------------------
                                  0.57   data required time
                                 -1.25   data arrival time
-----------------------------------------------------------------------------
                                  0.68   slack (MET)


Startpoint: _357_ (rising edge-triggered flip-flop clocked by clk)
Endpoint: _359_ (rising edge-triggered flip-flop clocked by clk)
Path Group: clk
Path Type: min
Corner: Typical

Fanout     Cap    Slew   Delay    Time   Description
-----------------------------------------------------------------------------
                          0.00    0.00   clock clk (rise edge)
                          0.00    0.00   clock source latency
     1    0.02    0.11    0.07    0.07 ^ clk (in)
                                         clk (net)
                  0.11    0.00    0.07 ^ clkbuf_0_clk/A (sky130_fd_sc_hd__clkbuf_16)
     4    0.05    0.07    0.16    0.24 ^ clkbuf_0_clk/X (sky130_fd_sc_hd__clkbuf_16)
                                         clknet_0_clk (net)
                  0.07    0.00    0.24 ^ clkbuf_2_2__f_clk/A (sky130_fd_sc_hd__clkbuf_16)
     7    0.05    0.07    0.15    0.38 ^ clkbuf_2_2__f_clk/X (sky130_fd_sc_hd__clkbuf_16)
                                         clknet_2_2__leaf_clk (net)
                  0.07    0.00    0.39 ^ _357_/CLK (sky130_fd_sc_hd__dfrtp_4)
     5    0.04    0.14    0.47    0.85 ^ _357_/Q (sky130_fd_sc_hd__dfrtp_4)
                                         one_second_enable (net)
                  0.14    0.00    0.85 ^ _162_/A (sky130_fd_sc_hd__and3_2)
     3    0.03    0.18    0.29    1.14 ^ _162_/X (sky130_fd_sc_hd__and3_2)
                                         _064_ (net)
                  0.18    0.00    1.15 ^ _172_/A (sky130_fd_sc_hd__nor2_1)
     1    0.02    0.10    0.13    1.27 v _172_/Y (sky130_fd_sc_hd__nor2_1)
                                         _061_ (net)
                  0.10    0.00    1.28 v _359_/D (sky130_fd_sc_hd__dfrtp_4)
                                  1.28   data arrival time

                          0.00    0.00   clock clk (rise edge)
                          0.00    0.00   clock source latency
     1    0.02    0.11    0.08    0.08 ^ clk (in)
                                         clk (net)
                  0.11    0.00    0.08 ^ clkbuf_0_clk/A (sky130_fd_sc_hd__clkbuf_16)
     4    0.05    0.07    0.18    0.26 ^ clkbuf_0_clk/X (sky130_fd_sc_hd__clkbuf_16)
                                         clknet_0_clk (net)
                  0.07    0.00    0.26 ^ clkbuf_2_0__f_clk/A (sky130_fd_sc_hd__clkbuf_16)
     9    0.04    0.06    0.16    0.42 ^ clkbuf_2_0__f_clk/X (sky130_fd_sc_hd__clkbuf_16)
                                         clknet_2_0__leaf_clk (net)
                  0.06    0.00    0.42 ^ _359_/CLK (sky130_fd_sc_hd__dfrtp_4)
                          0.25    0.67   clock uncertainty
                         -0.02    0.65   clock reconvergence pessimism
                         -0.06    0.59   library hold time
                                  0.59   data required time
-----------------------------------------------------------------------------
                                  0.59   data required time
                                 -1.28   data arrival time
-----------------------------------------------------------------------------
                                  0.69   slack (MET)


Startpoint: _338_ (rising edge-triggered flip-flop clocked by clk)
Endpoint: _338_ (rising edge-triggered flip-flop clocked by clk)
Path Group: clk
Path Type: min
Corner: Typical

Fanout     Cap    Slew   Delay    Time   Description
-----------------------------------------------------------------------------
                          0.00    0.00   clock clk (rise edge)
                          0.00    0.00   clock source latency
     1    0.02    0.11    0.07    0.07 ^ clk (in)
                                         clk (net)
                  0.11    0.00    0.07 ^ clkbuf_0_clk/A (sky130_fd_sc_hd__clkbuf_16)
     4    0.05    0.07    0.16    0.24 ^ clkbuf_0_clk/X (sky130_fd_sc_hd__clkbuf_16)
                                         clknet_0_clk (net)
                  0.07    0.00    0.24 ^ clkbuf_2_3__f_clk/A (sky130_fd_sc_hd__clkbuf_16)
     8    0.04    0.06    0.14    0.38 ^ clkbuf_2_3__f_clk/X (sky130_fd_sc_hd__clkbuf_16)
                                         clknet_2_3__leaf_clk (net)
                  0.06    0.00    0.38 ^ _338_/CLK (sky130_fd_sc_hd__dfrtp_4)
     5    0.04    0.14    0.46    0.84 ^ _338_/Q (sky130_fd_sc_hd__dfrtp_4)
                                         one_second_counter[8] (net)
                  0.14    0.00    0.84 ^ _217_/A (sky130_fd_sc_hd__nand2_1)
     1    0.01    0.08    0.10    0.94 v _217_/Y (sky130_fd_sc_hd__nand2_1)
                                         _106_ (net)
                  0.08    0.00    0.94 v _218_/C (sky130_fd_sc_hd__and3_1)
     1    0.02    0.09    0.23    1.17 v _218_/X (sky130_fd_sc_hd__and3_1)
                                         _107_ (net)
                  0.09    0.00    1.17 v _219_/A (sky130_fd_sc_hd__clkbuf_1)
     1    0.01    0.07    0.13    1.30 v _219_/X (sky130_fd_sc_hd__clkbuf_1)
                                         _025_ (net)
                  0.07    0.00    1.30 v _338_/D (sky130_fd_sc_hd__dfrtp_4)
                                  1.30   data arrival time

                          0.00    0.00   clock clk (rise edge)
                          0.00    0.00   clock source latency
     1    0.02    0.11    0.08    0.08 ^ clk (in)
                                         clk (net)
                  0.11    0.00    0.08 ^ clkbuf_0_clk/A (sky130_fd_sc_hd__clkbuf_16)
     4    0.05    0.07    0.18    0.26 ^ clkbuf_0_clk/X (sky130_fd_sc_hd__clkbuf_16)
                                         clknet_0_clk (net)
                  0.07    0.00    0.26 ^ clkbuf_2_3__f_clk/A (sky130_fd_sc_hd__clkbuf_16)
     8    0.04    0.06    0.16    0.42 ^ clkbuf_2_3__f_clk/X (sky130_fd_sc_hd__clkbuf_16)
                                         clknet_2_3__leaf_clk (net)
                  0.06    0.00    0.42 ^ _338_/CLK (sky130_fd_sc_hd__dfrtp_4)
                          0.25    0.67   clock uncertainty
                         -0.04    0.63   clock reconvergence pessimism
                         -0.05    0.58   library hold time
                                  0.58   data required time
-----------------------------------------------------------------------------
                                  0.58   data required time
                                 -1.30   data arrival time
-----------------------------------------------------------------------------
                                  0.72   slack (MET)


Startpoint: _360_ (rising edge-triggered flip-flop clocked by clk)
Endpoint: _360_ (rising edge-triggered flip-flop clocked by clk)
Path Group: clk
Path Type: min
Corner: Typical

Fanout     Cap    Slew   Delay    Time   Description
-----------------------------------------------------------------------------
                          0.00    0.00   clock clk (rise edge)
                          0.00    0.00   clock source latency
     1    0.02    0.11    0.07    0.07 ^ clk (in)
                                         clk (net)
                  0.11    0.00    0.07 ^ clkbuf_0_clk/A (sky130_fd_sc_hd__clkbuf_16)
     4    0.05    0.07    0.16    0.24 ^ clkbuf_0_clk/X (sky130_fd_sc_hd__clkbuf_16)
                                         clknet_0_clk (net)
                  0.07    0.00    0.24 ^ clkbuf_2_3__f_clk/A (sky130_fd_sc_hd__clkbuf_16)
     8    0.04    0.06    0.14    0.38 ^ clkbuf_2_3__f_clk/X (sky130_fd_sc_hd__clkbuf_16)
                                         clknet_2_3__leaf_clk (net)
                  0.06    0.00    0.38 ^ _360_/CLK (sky130_fd_sc_hd__dfrtp_4)
     6    0.06    0.18    0.49    0.87 ^ _360_/Q (sky130_fd_sc_hd__dfrtp_4)
                                         decoder.digit[2] (net)
                  0.18    0.00    0.87 ^ _163_/A (sky130_fd_sc_hd__nand2_1)
     2    0.02    0.12    0.14    1.02 v _163_/Y (sky130_fd_sc_hd__nand2_1)
                                         _065_ (net)
                  0.12    0.00    1.02 v _169_/A (sky130_fd_sc_hd__and2_1)
     1    0.01    0.05    0.18    1.19 v _169_/X (sky130_fd_sc_hd__and2_1)
                                         _070_ (net)
                  0.05    0.00    1.20 v _170_/A (sky130_fd_sc_hd__clkbuf_1)
     1    0.01    0.06    0.11    1.31 v _170_/X (sky130_fd_sc_hd__clkbuf_1)
                                         _062_ (net)
                  0.06    0.00    1.31 v _360_/D (sky130_fd_sc_hd__dfrtp_4)
                                  1.31   data arrival time

                          0.00    0.00   clock clk (rise edge)
                          0.00    0.00   clock source latency
     1    0.02    0.11    0.08    0.08 ^ clk (in)
                                         clk (net)
                  0.11    0.00    0.08 ^ clkbuf_0_clk/A (sky130_fd_sc_hd__clkbuf_16)
     4    0.05    0.07    0.18    0.26 ^ clkbuf_0_clk/X (sky130_fd_sc_hd__clkbuf_16)
                                         clknet_0_clk (net)
                  0.07    0.00    0.26 ^ clkbuf_2_3__f_clk/A (sky130_fd_sc_hd__clkbuf_16)
     8    0.04    0.06    0.16    0.42 ^ clkbuf_2_3__f_clk/X (sky130_fd_sc_hd__clkbuf_16)
                                         clknet_2_3__leaf_clk (net)
                  0.06    0.00    0.42 ^ _360_/CLK (sky130_fd_sc_hd__dfrtp_4)
                          0.25    0.67   clock uncertainty
                         -0.04    0.63   clock reconvergence pessimism
                         -0.05    0.58   library hold time
                                  0.58   data required time
-----------------------------------------------------------------------------
                                  0.58   data required time
                                 -1.31   data arrival time
-----------------------------------------------------------------------------
                                  0.73   slack (MET)


Startpoint: _332_ (rising edge-triggered flip-flop clocked by clk)
Endpoint: _332_ (rising edge-triggered flip-flop clocked by clk)
Path Group: clk
Path Type: min
Corner: Typical

Fanout     Cap    Slew   Delay    Time   Description
-----------------------------------------------------------------------------
                          0.00    0.00   clock clk (rise edge)
                          0.00    0.00   clock source latency
     1    0.02    0.11    0.07    0.07 ^ clk (in)
                                         clk (net)
                  0.11    0.00    0.07 ^ clkbuf_0_clk/A (sky130_fd_sc_hd__clkbuf_16)
     4    0.05    0.07    0.16    0.24 ^ clkbuf_0_clk/X (sky130_fd_sc_hd__clkbuf_16)
                                         clknet_0_clk (net)
                  0.07    0.00    0.24 ^ clkbuf_2_1__f_clk/A (sky130_fd_sc_hd__clkbuf_16)
    11    0.04    0.06    0.14    0.38 ^ clkbuf_2_1__f_clk/X (sky130_fd_sc_hd__clkbuf_16)
                                         clknet_2_1__leaf_clk (net)
                  0.06    0.00    0.38 ^ _332_/CLK (sky130_fd_sc_hd__dfrtp_4)
     4    0.04    0.13    0.45    0.82 ^ _332_/Q (sky130_fd_sc_hd__dfrtp_4)
                                         one_second_counter[2] (net)
                  0.13    0.00    0.83 ^ _196_/B1 (sky130_fd_sc_hd__a21o_1)
     1    0.01    0.10    0.14    0.97 ^ _196_/X (sky130_fd_sc_hd__a21o_1)
                                         _091_ (net)
                  0.10    0.00    0.97 ^ _197_/C (sky130_fd_sc_hd__and3_1)
     1    0.01    0.07    0.17    1.14 ^ _197_/X (sky130_fd_sc_hd__and3_1)
                                         _092_ (net)
                  0.07    0.00    1.14 ^ _198_/A (sky130_fd_sc_hd__buf_1)
     1    0.01    0.16    0.16    1.30 ^ _198_/X (sky130_fd_sc_hd__buf_1)
                                         _019_ (net)
                  0.16    0.00    1.30 ^ _332_/D (sky130_fd_sc_hd__dfrtp_4)
                                  1.30   data arrival time

                          0.00    0.00   clock clk (rise edge)
                          0.00    0.00   clock source latency
     1    0.02    0.11    0.08    0.08 ^ clk (in)
                                         clk (net)
                  0.11    0.00    0.08 ^ clkbuf_0_clk/A (sky130_fd_sc_hd__clkbuf_16)
     4    0.05    0.07    0.18    0.26 ^ clkbuf_0_clk/X (sky130_fd_sc_hd__clkbuf_16)
                                         clknet_0_clk (net)
                  0.07    0.00    0.26 ^ clkbuf_2_1__f_clk/A (sky130_fd_sc_hd__clkbuf_16)
    11    0.04    0.06    0.15    0.42 ^ clkbuf_2_1__f_clk/X (sky130_fd_sc_hd__clkbuf_16)
                                         clknet_2_1__leaf_clk (net)
                  0.06    0.00    0.42 ^ _332_/CLK (sky130_fd_sc_hd__dfrtp_4)
                          0.25    0.67   clock uncertainty
                         -0.04    0.63   clock reconvergence pessimism
                         -0.06    0.57   library hold time
                                  0.57   data required time
-----------------------------------------------------------------------------
                                  0.57   data required time
                                 -1.30   data arrival time
-----------------------------------------------------------------------------
                                  0.73   slack (MET)


Startpoint: _330_ (rising edge-triggered flip-flop clocked by clk)
Endpoint: _331_ (rising edge-triggered flip-flop clocked by clk)
Path Group: clk
Path Type: min
Corner: Typical

Fanout     Cap    Slew   Delay    Time   Description
-----------------------------------------------------------------------------
                          0.00    0.00   clock clk (rise edge)
                          0.00    0.00   clock source latency
     1    0.02    0.11    0.07    0.07 ^ clk (in)
                                         clk (net)
                  0.11    0.00    0.07 ^ clkbuf_0_clk/A (sky130_fd_sc_hd__clkbuf_16)
     4    0.05    0.07    0.16    0.24 ^ clkbuf_0_clk/X (sky130_fd_sc_hd__clkbuf_16)
                                         clknet_0_clk (net)
                  0.07    0.00    0.24 ^ clkbuf_2_1__f_clk/A (sky130_fd_sc_hd__clkbuf_16)
    11    0.04    0.06    0.14    0.38 ^ clkbuf_2_1__f_clk/X (sky130_fd_sc_hd__clkbuf_16)
                                         clknet_2_1__leaf_clk (net)
                  0.06    0.00    0.38 ^ _330_/CLK (sky130_fd_sc_hd__dfrtp_4)
     7    0.05    0.17    0.49    0.86 ^ _330_/Q (sky130_fd_sc_hd__dfrtp_4)
                                         one_second_counter[0] (net)
                  0.17    0.00    0.87 ^ _191_/B (sky130_fd_sc_hd__nand2_1)
     1    0.02    0.15    0.16    1.03 v _191_/Y (sky130_fd_sc_hd__nand2_1)
                                         _087_ (net)
                  0.15    0.00    1.03 v _193_/A (sky130_fd_sc_hd__and3_1)
     1    0.01    0.06    0.21    1.23 v _193_/X (sky130_fd_sc_hd__and3_1)
                                         _089_ (net)
                  0.06    0.00    1.23 v _194_/A (sky130_fd_sc_hd__clkbuf_1)
     1    0.01    0.06    0.11    1.35 v _194_/X (sky130_fd_sc_hd__clkbuf_1)
                                         _011_ (net)
                  0.06    0.00    1.35 v _331_/D (sky130_fd_sc_hd__dfrtp_4)
                                  1.35   data arrival time

                          0.00    0.00   clock clk (rise edge)
                          0.00    0.00   clock source latency
     1    0.02    0.11    0.08    0.08 ^ clk (in)
                                         clk (net)
                  0.11    0.00    0.08 ^ clkbuf_0_clk/A (sky130_fd_sc_hd__clkbuf_16)
     4    0.05    0.07    0.18    0.26 ^ clkbuf_0_clk/X (sky130_fd_sc_hd__clkbuf_16)
                                         clknet_0_clk (net)
                  0.07    0.00    0.26 ^ clkbuf_2_2__f_clk/A (sky130_fd_sc_hd__clkbuf_16)
     7    0.05    0.07    0.16    0.42 ^ clkbuf_2_2__f_clk/X (sky130_fd_sc_hd__clkbuf_16)
                                         clknet_2_2__leaf_clk (net)
                  0.07    0.00    0.43 ^ _331_/CLK (sky130_fd_sc_hd__dfrtp_4)
                          0.25    0.68   clock uncertainty
                         -0.02    0.65   clock reconvergence pessimism
                         -0.04    0.61   library hold time
                                  0.61   data required time
-----------------------------------------------------------------------------
                                  0.61   data required time
                                 -1.35   data arrival time
-----------------------------------------------------------------------------
                                  0.74   slack (MET)


Startpoint: _336_ (rising edge-triggered flip-flop clocked by clk)
Endpoint: _336_ (rising edge-triggered flip-flop clocked by clk)
Path Group: clk
Path Type: min
Corner: Typical

Fanout     Cap    Slew   Delay    Time   Description
-----------------------------------------------------------------------------
                          0.00    0.00   clock clk (rise edge)
                          0.00    0.00   clock source latency
     1    0.02    0.11    0.07    0.07 ^ clk (in)
                                         clk (net)
                  0.11    0.00    0.07 ^ clkbuf_0_clk/A (sky130_fd_sc_hd__clkbuf_16)
     4    0.05    0.07    0.16    0.24 ^ clkbuf_0_clk/X (sky130_fd_sc_hd__clkbuf_16)
                                         clknet_0_clk (net)
                  0.07    0.00    0.24 ^ clkbuf_2_1__f_clk/A (sky130_fd_sc_hd__clkbuf_16)
    11    0.04    0.06    0.14    0.38 ^ clkbuf_2_1__f_clk/X (sky130_fd_sc_hd__clkbuf_16)
                                         clknet_2_1__leaf_clk (net)
                  0.06    0.00    0.38 ^ _336_/CLK (sky130_fd_sc_hd__dfrtp_2)
     3    0.03    0.15    0.41    0.79 ^ _336_/Q (sky130_fd_sc_hd__dfrtp_2)
                                         one_second_counter[6] (net)
                  0.15    0.00    0.79 ^ _211_/A (sky130_fd_sc_hd__nand2_1)
     2    0.02    0.13    0.14    0.94 v _211_/Y (sky130_fd_sc_hd__nand2_1)
                                         _102_ (net)
                  0.13    0.00    0.94 v _212_/C (sky130_fd_sc_hd__and3_1)
     1    0.01    0.05    0.22    1.16 v _212_/X (sky130_fd_sc_hd__and3_1)
                                         _103_ (net)
                  0.05    0.00    1.16 v _213_/A (sky130_fd_sc_hd__buf_1)
     1    0.02    0.12    0.16    1.31 v _213_/X (sky130_fd_sc_hd__buf_1)
                                         _023_ (net)
                  0.12    0.00    1.31 v _336_/D (sky130_fd_sc_hd__dfrtp_2)
                                  1.31   data arrival time

                          0.00    0.00   clock clk (rise edge)
                          0.00    0.00   clock source latency
     1    0.02    0.11    0.08    0.08 ^ clk (in)
                                         clk (net)
                  0.11    0.00    0.08 ^ clkbuf_0_clk/A (sky130_fd_sc_hd__clkbuf_16)
     4    0.05    0.07    0.18    0.26 ^ clkbuf_0_clk/X (sky130_fd_sc_hd__clkbuf_16)
                                         clknet_0_clk (net)
                  0.07    0.00    0.26 ^ clkbuf_2_1__f_clk/A (sky130_fd_sc_hd__clkbuf_16)
    11    0.04    0.06    0.15    0.42 ^ clkbuf_2_1__f_clk/X (sky130_fd_sc_hd__clkbuf_16)
                                         clknet_2_1__leaf_clk (net)
                  0.06    0.00    0.42 ^ _336_/CLK (sky130_fd_sc_hd__dfrtp_2)
                          0.25    0.67   clock uncertainty
                         -0.04    0.63   clock reconvergence pessimism
                         -0.07    0.56   library hold time
                                  0.56   data required time
-----------------------------------------------------------------------------
                                  0.56   data required time
                                 -1.31   data arrival time
-----------------------------------------------------------------------------
                                  0.76   slack (MET)


Startpoint: _346_ (rising edge-triggered flip-flop clocked by clk)
Endpoint: _346_ (rising edge-triggered flip-flop clocked by clk)
Path Group: clk
Path Type: min
Corner: Typical

Fanout     Cap    Slew   Delay    Time   Description
-----------------------------------------------------------------------------
                          0.00    0.00   clock clk (rise edge)
                          0.00    0.00   clock source latency
     1    0.02    0.11    0.07    0.07 ^ clk (in)
                                         clk (net)
                  0.11    0.00    0.07 ^ clkbuf_0_clk/A (sky130_fd_sc_hd__clkbuf_16)
     4    0.05    0.07    0.16    0.24 ^ clkbuf_0_clk/X (sky130_fd_sc_hd__clkbuf_16)
                                         clknet_0_clk (net)
                  0.07    0.00    0.24 ^ clkbuf_2_2__f_clk/A (sky130_fd_sc_hd__clkbuf_16)
     7    0.05    0.07    0.15    0.38 ^ clkbuf_2_2__f_clk/X (sky130_fd_sc_hd__clkbuf_16)
                                         clknet_2_2__leaf_clk (net)
                  0.07    0.00    0.39 ^ _346_/CLK (sky130_fd_sc_hd__dfrtp_4)
     6    0.04    0.15    0.47    0.86 ^ _346_/Q (sky130_fd_sc_hd__dfrtp_4)
                                         one_second_counter[16] (net)
                  0.15    0.00    0.86 ^ _248_/A (sky130_fd_sc_hd__nand2_1)
     3    0.02    0.14    0.15    1.01 v _248_/Y (sky130_fd_sc_hd__nand2_1)
                                         _129_ (net)
                  0.14    0.00    1.01 v _249_/C (sky130_fd_sc_hd__and3_1)
     1    0.01    0.06    0.24    1.25 v _249_/X (sky130_fd_sc_hd__and3_1)
                                         _130_ (net)
                  0.06    0.00    1.25 v _250_/A (sky130_fd_sc_hd__clkbuf_1)
     1    0.01    0.07    0.13    1.38 v _250_/X (sky130_fd_sc_hd__clkbuf_1)
                                         _007_ (net)
                  0.07    0.00    1.38 v _346_/D (sky130_fd_sc_hd__dfrtp_4)
                                  1.38   data arrival time

                          0.00    0.00   clock clk (rise edge)
                          0.00    0.00   clock source latency
     1    0.02    0.11    0.08    0.08 ^ clk (in)
                                         clk (net)
                  0.11    0.00    0.08 ^ clkbuf_0_clk/A (sky130_fd_sc_hd__clkbuf_16)
     4    0.05    0.07    0.18    0.26 ^ clkbuf_0_clk/X (sky130_fd_sc_hd__clkbuf_16)
                                         clknet_0_clk (net)
                  0.07    0.00    0.26 ^ clkbuf_2_2__f_clk/A (sky130_fd_sc_hd__clkbuf_16)
     7    0.05    0.07    0.16    0.42 ^ clkbuf_2_2__f_clk/X (sky130_fd_sc_hd__clkbuf_16)
                                         clknet_2_2__leaf_clk (net)
                  0.07    0.00    0.43 ^ _346_/CLK (sky130_fd_sc_hd__dfrtp_4)
                          0.25    0.68   clock uncertainty
                         -0.04    0.64   clock reconvergence pessimism
                         -0.05    0.59   library hold time
                                  0.59   data required time
-----------------------------------------------------------------------------
                                  0.59   data required time
                                 -1.38   data arrival time
-----------------------------------------------------------------------------
                                  0.79   slack (MET)


Startpoint: _334_ (rising edge-triggered flip-flop clocked by clk)
Endpoint: _334_ (rising edge-triggered flip-flop clocked by clk)
Path Group: clk
Path Type: min
Corner: Typical

Fanout     Cap    Slew   Delay    Time   Description
-----------------------------------------------------------------------------
                          0.00    0.00   clock clk (rise edge)
                          0.00    0.00   clock source latency
     1    0.02    0.11    0.07    0.07 ^ clk (in)
                                         clk (net)
                  0.11    0.00    0.07 ^ clkbuf_0_clk/A (sky130_fd_sc_hd__clkbuf_16)
     4    0.05    0.07    0.16    0.24 ^ clkbuf_0_clk/X (sky130_fd_sc_hd__clkbuf_16)
                                         clknet_0_clk (net)
                  0.07    0.00    0.24 ^ clkbuf_2_1__f_clk/A (sky130_fd_sc_hd__clkbuf_16)
    11    0.04    0.06    0.14    0.38 ^ clkbuf_2_1__f_clk/X (sky130_fd_sc_hd__clkbuf_16)
                                         clknet_2_1__leaf_clk (net)
                  0.06    0.00    0.38 ^ _334_/CLK (sky130_fd_sc_hd__dfrtp_4)
     5    0.04    0.15    0.46    0.84 ^ _334_/Q (sky130_fd_sc_hd__dfrtp_4)
                                         one_second_counter[4] (net)
                  0.15    0.00    0.84 ^ _203_/A (sky130_fd_sc_hd__nand2_1)
     1    0.02    0.16    0.17    1.01 v _203_/Y (sky130_fd_sc_hd__nand2_1)
                                         _096_ (net)
                  0.16    0.00    1.01 v _205_/B (sky130_fd_sc_hd__and3_1)
     1    0.01    0.06    0.23    1.24 v _205_/X (sky130_fd_sc_hd__and3_1)
                                         _098_ (net)
                  0.06    0.00    1.24 v _206_/A (sky130_fd_sc_hd__clkbuf_1)
     1    0.01    0.08    0.13    1.36 v _206_/X (sky130_fd_sc_hd__clkbuf_1)
                                         _021_ (net)
                  0.08    0.00    1.36 v _334_/D (sky130_fd_sc_hd__dfrtp_4)
                                  1.36   data arrival time

                          0.00    0.00   clock clk (rise edge)
                          0.00    0.00   clock source latency
     1    0.02    0.11    0.08    0.08 ^ clk (in)
                                         clk (net)
                  0.11    0.00    0.08 ^ clkbuf_0_clk/A (sky130_fd_sc_hd__clkbuf_16)
     4    0.05    0.07    0.18    0.26 ^ clkbuf_0_clk/X (sky130_fd_sc_hd__clkbuf_16)
                                         clknet_0_clk (net)
                  0.07    0.00    0.26 ^ clkbuf_2_1__f_clk/A (sky130_fd_sc_hd__clkbuf_16)
    11    0.04    0.06    0.15    0.42 ^ clkbuf_2_1__f_clk/X (sky130_fd_sc_hd__clkbuf_16)
                                         clknet_2_1__leaf_clk (net)
                  0.06    0.00    0.42 ^ _334_/CLK (sky130_fd_sc_hd__dfrtp_4)
                          0.25    0.67   clock uncertainty
                         -0.04    0.63   clock reconvergence pessimism
                         -0.05    0.57   library hold time
                                  0.57   data required time
-----------------------------------------------------------------------------
                                  0.57   data required time
                                 -1.36   data arrival time
-----------------------------------------------------------------------------
                                  0.79   slack (MET)


Startpoint: _350_ (rising edge-triggered flip-flop clocked by clk)
Endpoint: _350_ (rising edge-triggered flip-flop clocked by clk)
Path Group: clk
Path Type: min
Corner: Typical

Fanout     Cap    Slew   Delay    Time   Description
-----------------------------------------------------------------------------
                          0.00    0.00   clock clk (rise edge)
                          0.00    0.00   clock source latency
     1    0.02    0.11    0.07    0.07 ^ clk (in)
                                         clk (net)
                  0.11    0.00    0.07 ^ clkbuf_0_clk/A (sky130_fd_sc_hd__clkbuf_16)
     4    0.05    0.07    0.16    0.24 ^ clkbuf_0_clk/X (sky130_fd_sc_hd__clkbuf_16)
                                         clknet_0_clk (net)
                  0.07    0.00    0.24 ^ clkbuf_2_3__f_clk/A (sky130_fd_sc_hd__clkbuf_16)
     8    0.04    0.06    0.14    0.38 ^ clkbuf_2_3__f_clk/X (sky130_fd_sc_hd__clkbuf_16)
                                         clknet_2_3__leaf_clk (net)
                  0.06    0.00    0.38 ^ _350_/CLK (sky130_fd_sc_hd__dfrtp_2)
     4    0.04    0.18    0.44    0.82 ^ _350_/Q (sky130_fd_sc_hd__dfrtp_2)
                                         one_second_counter[20] (net)
                  0.18    0.00    0.82 ^ _263_/A (sky130_fd_sc_hd__nand2_1)
     2    0.02    0.14    0.16    0.98 v _263_/Y (sky130_fd_sc_hd__nand2_1)
                                         _140_ (net)
                  0.14    0.00    0.98 v _264_/C (sky130_fd_sc_hd__and3_1)
     1    0.02    0.12    0.29    1.27 v _264_/X (sky130_fd_sc_hd__and3_1)
                                         _141_ (net)
                  0.12    0.00    1.27 v _265_/A (sky130_fd_sc_hd__clkbuf_1)
     1    0.01    0.06    0.14    1.41 v _265_/X (sky130_fd_sc_hd__clkbuf_1)
                                         _012_ (net)
                  0.06    0.00    1.41 v _350_/D (sky130_fd_sc_hd__dfrtp_2)
                                  1.41   data arrival time

                          0.00    0.00   clock clk (rise edge)
                          0.00    0.00   clock source latency
     1    0.02    0.11    0.08    0.08 ^ clk (in)
                                         clk (net)
                  0.11    0.00    0.08 ^ clkbuf_0_clk/A (sky130_fd_sc_hd__clkbuf_16)
     4    0.05    0.07    0.18    0.26 ^ clkbuf_0_clk/X (sky130_fd_sc_hd__clkbuf_16)
                                         clknet_0_clk (net)
                  0.07    0.00    0.26 ^ clkbuf_2_3__f_clk/A (sky130_fd_sc_hd__clkbuf_16)
     8    0.04    0.06    0.16    0.42 ^ clkbuf_2_3__f_clk/X (sky130_fd_sc_hd__clkbuf_16)
                                         clknet_2_3__leaf_clk (net)
                  0.06    0.00    0.42 ^ _350_/CLK (sky130_fd_sc_hd__dfrtp_2)
                          0.25    0.67   clock uncertainty
                         -0.04    0.63   clock reconvergence pessimism
                         -0.04    0.58   library hold time
                                  0.58   data required time
-----------------------------------------------------------------------------
                                  0.58   data required time
                                 -1.41   data arrival time
-----------------------------------------------------------------------------
                                  0.82   slack (MET)


Startpoint: _342_ (rising edge-triggered flip-flop clocked by clk)
Endpoint: _342_ (rising edge-triggered flip-flop clocked by clk)
Path Group: clk
Path Type: min
Corner: Typical

Fanout     Cap    Slew   Delay    Time   Description
-----------------------------------------------------------------------------
                          0.00    0.00   clock clk (rise edge)
                          0.00    0.00   clock source latency
     1    0.02    0.11    0.07    0.07 ^ clk (in)
                                         clk (net)
                  0.11    0.00    0.07 ^ clkbuf_0_clk/A (sky130_fd_sc_hd__clkbuf_16)
     4    0.05    0.07    0.16    0.24 ^ clkbuf_0_clk/X (sky130_fd_sc_hd__clkbuf_16)
                                         clknet_0_clk (net)
                  0.07    0.00    0.24 ^ clkbuf_2_1__f_clk/A (sky130_fd_sc_hd__clkbuf_16)
    11    0.04    0.06    0.14    0.38 ^ clkbuf_2_1__f_clk/X (sky130_fd_sc_hd__clkbuf_16)
                                         clknet_2_1__leaf_clk (net)
                  0.06    0.00    0.38 ^ _342_/CLK (sky130_fd_sc_hd__dfrtp_2)
     5    0.03    0.16    0.42    0.80 ^ _342_/Q (sky130_fd_sc_hd__dfrtp_2)
                                         one_second_counter[12] (net)
                  0.16    0.00    0.80 ^ _231_/A (sky130_fd_sc_hd__nand2_1)
     1    0.02    0.16    0.17    0.96 v _231_/Y (sky130_fd_sc_hd__nand2_1)
                                         _116_ (net)
                  0.16    0.00    0.96 v _232_/C (sky130_fd_sc_hd__and3_1)
     1    0.02    0.11    0.29    1.25 v _232_/X (sky130_fd_sc_hd__and3_1)
                                         _117_ (net)
                  0.11    0.00    1.25 v _233_/A (sky130_fd_sc_hd__buf_1)
     1    0.01    0.09    0.16    1.41 v _233_/X (sky130_fd_sc_hd__buf_1)
                                         _003_ (net)
                  0.09    0.00    1.41 v _342_/D (sky130_fd_sc_hd__dfrtp_2)
                                  1.41   data arrival time

                          0.00    0.00   clock clk (rise edge)
                          0.00    0.00   clock source latency
     1    0.02    0.11    0.08    0.08 ^ clk (in)
                                         clk (net)
                  0.11    0.00    0.08 ^ clkbuf_0_clk/A (sky130_fd_sc_hd__clkbuf_16)
     4    0.05    0.07    0.18    0.26 ^ clkbuf_0_clk/X (sky130_fd_sc_hd__clkbuf_16)
                                         clknet_0_clk (net)
                  0.07    0.00    0.26 ^ clkbuf_2_1__f_clk/A (sky130_fd_sc_hd__clkbuf_16)
    11    0.04    0.06    0.15    0.42 ^ clkbuf_2_1__f_clk/X (sky130_fd_sc_hd__clkbuf_16)
                                         clknet_2_1__leaf_clk (net)
                  0.06    0.00    0.42 ^ _342_/CLK (sky130_fd_sc_hd__dfrtp_2)
                          0.25    0.67   clock uncertainty
                         -0.04    0.63   clock reconvergence pessimism
                         -0.06    0.57   library hold time
                                  0.57   data required time
-----------------------------------------------------------------------------
                                  0.57   data required time
                                 -1.41   data arrival time
-----------------------------------------------------------------------------
                                  0.84   slack (MET)


Startpoint: _344_ (rising edge-triggered flip-flop clocked by clk)
Endpoint: _344_ (rising edge-triggered flip-flop clocked by clk)
Path Group: clk
Path Type: min
Corner: Typical

Fanout     Cap    Slew   Delay    Time   Description
-----------------------------------------------------------------------------
                          0.00    0.00   clock clk (rise edge)
                          0.00    0.00   clock source latency
     1    0.02    0.11    0.07    0.07 ^ clk (in)
                                         clk (net)
                  0.11    0.00    0.07 ^ clkbuf_0_clk/A (sky130_fd_sc_hd__clkbuf_16)
     4    0.05    0.07    0.16    0.24 ^ clkbuf_0_clk/X (sky130_fd_sc_hd__clkbuf_16)
                                         clknet_0_clk (net)
                  0.07    0.00    0.24 ^ clkbuf_2_1__f_clk/A (sky130_fd_sc_hd__clkbuf_16)
    11    0.04    0.06    0.14    0.38 ^ clkbuf_2_1__f_clk/X (sky130_fd_sc_hd__clkbuf_16)
                                         clknet_2_1__leaf_clk (net)
                  0.06    0.00    0.38 ^ _344_/CLK (sky130_fd_sc_hd__dfrtp_1)
     3    0.02    0.12    0.42    0.80 v _344_/Q (sky130_fd_sc_hd__dfrtp_1)
                                         one_second_counter[14] (net)
                  0.12    0.00    0.80 v _238_/A (sky130_fd_sc_hd__inv_2)
     2    0.02    0.09    0.12    0.91 ^ _238_/Y (sky130_fd_sc_hd__inv_2)
                                         _121_ (net)
                  0.09    0.00    0.91 ^ _239_/A (sky130_fd_sc_hd__nand2_1)
     2    0.02    0.16    0.15    1.06 v _239_/Y (sky130_fd_sc_hd__nand2_1)
                                         _122_ (net)
                  0.16    0.00    1.06 v _241_/B (sky130_fd_sc_hd__and3_1)
     1    0.01    0.06    0.23    1.29 v _241_/X (sky130_fd_sc_hd__and3_1)
                                         _124_ (net)
                  0.06    0.00    1.29 v _242_/A (sky130_fd_sc_hd__clkbuf_1)
     1    0.01    0.07    0.12    1.42 v _242_/X (sky130_fd_sc_hd__clkbuf_1)
                                         _005_ (net)
                  0.07    0.00    1.42 v _344_/D (sky130_fd_sc_hd__dfrtp_1)
                                  1.42   data arrival time

                          0.00    0.00   clock clk (rise edge)
                          0.00    0.00   clock source latency
     1    0.02    0.11    0.08    0.08 ^ clk (in)
                                         clk (net)
                  0.11    0.00    0.08 ^ clkbuf_0_clk/A (sky130_fd_sc_hd__clkbuf_16)
     4    0.05    0.07    0.18    0.26 ^ clkbuf_0_clk/X (sky130_fd_sc_hd__clkbuf_16)
                                         clknet_0_clk (net)
                  0.07    0.00    0.26 ^ clkbuf_2_1__f_clk/A (sky130_fd_sc_hd__clkbuf_16)
    11    0.04    0.06    0.15    0.42 ^ clkbuf_2_1__f_clk/X (sky130_fd_sc_hd__clkbuf_16)
                                         clknet_2_1__leaf_clk (net)
                  0.06    0.00    0.42 ^ _344_/CLK (sky130_fd_sc_hd__dfrtp_1)
                          0.25    0.67   clock uncertainty
                         -0.04    0.63   clock reconvergence pessimism
                         -0.05    0.57   library hold time
                                  0.57   data required time
-----------------------------------------------------------------------------
                                  0.57   data required time
                                 -1.42   data arrival time
-----------------------------------------------------------------------------
                                  0.84   slack (MET)


Startpoint: _352_ (rising edge-triggered flip-flop clocked by clk)
Endpoint: _352_ (rising edge-triggered flip-flop clocked by clk)
Path Group: clk
Path Type: min
Corner: Typical

Fanout     Cap    Slew   Delay    Time   Description
-----------------------------------------------------------------------------
                          0.00    0.00   clock clk (rise edge)
                          0.00    0.00   clock source latency
     1    0.02    0.11    0.07    0.07 ^ clk (in)
                                         clk (net)
                  0.11    0.00    0.07 ^ clkbuf_0_clk/A (sky130_fd_sc_hd__clkbuf_16)
     4    0.05    0.07    0.16    0.24 ^ clkbuf_0_clk/X (sky130_fd_sc_hd__clkbuf_16)
                                         clknet_0_clk (net)
                  0.07    0.00    0.24 ^ clkbuf_2_0__f_clk/A (sky130_fd_sc_hd__clkbuf_16)
     9    0.04    0.06    0.14    0.38 ^ clkbuf_2_0__f_clk/X (sky130_fd_sc_hd__clkbuf_16)
                                         clknet_2_0__leaf_clk (net)
                  0.06    0.00    0.38 ^ _352_/CLK (sky130_fd_sc_hd__dfrtp_1)
     3    0.02    0.21    0.43    0.81 ^ _352_/Q (sky130_fd_sc_hd__dfrtp_1)
                                         one_second_counter[22] (net)
                  0.21    0.00    0.81 ^ _270_/A (sky130_fd_sc_hd__nand2_2)
     2    0.03    0.13    0.15    0.96 v _270_/Y (sky130_fd_sc_hd__nand2_2)
                                         _145_ (net)
                  0.13    0.00    0.96 v _271_/C (sky130_fd_sc_hd__and3_1)
     1    0.02    0.11    0.27    1.23 v _271_/X (sky130_fd_sc_hd__and3_1)
                                         _146_ (net)
                  0.11    0.00    1.23 v _272_/A (sky130_fd_sc_hd__buf_1)
     1    0.02    0.12    0.18    1.41 v _272_/X (sky130_fd_sc_hd__buf_1)
                                         _014_ (net)
                  0.12    0.00    1.41 v _352_/D (sky130_fd_sc_hd__dfrtp_1)
                                  1.41   data arrival time

                          0.00    0.00   clock clk (rise edge)
                          0.00    0.00   clock source latency
     1    0.02    0.11    0.08    0.08 ^ clk (in)
                                         clk (net)
                  0.11    0.00    0.08 ^ clkbuf_0_clk/A (sky130_fd_sc_hd__clkbuf_16)
     4    0.05    0.07    0.18    0.26 ^ clkbuf_0_clk/X (sky130_fd_sc_hd__clkbuf_16)
                                         clknet_0_clk (net)
                  0.07    0.00    0.26 ^ clkbuf_2_0__f_clk/A (sky130_fd_sc_hd__clkbuf_16)
     9    0.04    0.06    0.16    0.42 ^ clkbuf_2_0__f_clk/X (sky130_fd_sc_hd__clkbuf_16)
                                         clknet_2_0__leaf_clk (net)
                  0.06    0.00    0.42 ^ _352_/CLK (sky130_fd_sc_hd__dfrtp_1)
                          0.25    0.67   clock uncertainty
                         -0.04    0.63   clock reconvergence pessimism
                         -0.07    0.56   library hold time
                                  0.56   data required time
-----------------------------------------------------------------------------
                                  0.56   data required time
                                 -1.41   data arrival time
-----------------------------------------------------------------------------
                                  0.86   slack (MET)


Startpoint: _340_ (rising edge-triggered flip-flop clocked by clk)
Endpoint: _340_ (rising edge-triggered flip-flop clocked by clk)
Path Group: clk
Path Type: min
Corner: Typical

Fanout     Cap    Slew   Delay    Time   Description
-----------------------------------------------------------------------------
                          0.00    0.00   clock clk (rise edge)
                          0.00    0.00   clock source latency
     1    0.02    0.11    0.07    0.07 ^ clk (in)
                                         clk (net)
                  0.11    0.00    0.07 ^ clkbuf_0_clk/A (sky130_fd_sc_hd__clkbuf_16)
     4    0.05    0.07    0.16    0.24 ^ clkbuf_0_clk/X (sky130_fd_sc_hd__clkbuf_16)
                                         clknet_0_clk (net)
                  0.07    0.00    0.24 ^ clkbuf_2_0__f_clk/A (sky130_fd_sc_hd__clkbuf_16)
     9    0.04    0.06    0.14    0.38 ^ clkbuf_2_0__f_clk/X (sky130_fd_sc_hd__clkbuf_16)
                                         clknet_2_0__leaf_clk (net)
                  0.06    0.00    0.38 ^ _340_/CLK (sky130_fd_sc_hd__dfrtp_4)
     6    0.05    0.17    0.49    0.87 ^ _340_/Q (sky130_fd_sc_hd__dfrtp_4)
                                         one_second_counter[10] (net)
                  0.17    0.00    0.87 ^ _224_/A (sky130_fd_sc_hd__nand2_1)
     1    0.01    0.09    0.12    0.99 v _224_/Y (sky130_fd_sc_hd__nand2_1)
                                         _111_ (net)
                  0.09    0.00    0.99 v _225_/C (sky130_fd_sc_hd__and3_1)
     1    0.03    0.13    0.28    1.27 v _225_/X (sky130_fd_sc_hd__and3_1)
                                         _112_ (net)
                  0.13    0.00    1.27 v _226_/A (sky130_fd_sc_hd__buf_1)
     1    0.01    0.09    0.17    1.44 v _226_/X (sky130_fd_sc_hd__buf_1)
                                         _001_ (net)
                  0.09    0.00    1.44 v _340_/D (sky130_fd_sc_hd__dfrtp_4)
                                  1.44   data arrival time

                          0.00    0.00   clock clk (rise edge)
                          0.00    0.00   clock source latency
     1    0.02    0.11    0.08    0.08 ^ clk (in)
                                         clk (net)
                  0.11    0.00    0.08 ^ clkbuf_0_clk/A (sky130_fd_sc_hd__clkbuf_16)
     4    0.05    0.07    0.18    0.26 ^ clkbuf_0_clk/X (sky130_fd_sc_hd__clkbuf_16)
                                         clknet_0_clk (net)
                  0.07    0.00    0.26 ^ clkbuf_2_0__f_clk/A (sky130_fd_sc_hd__clkbuf_16)
     9    0.04    0.06    0.16    0.42 ^ clkbuf_2_0__f_clk/X (sky130_fd_sc_hd__clkbuf_16)
                                         clknet_2_0__leaf_clk (net)
                  0.06    0.00    0.42 ^ _340_/CLK (sky130_fd_sc_hd__dfrtp_4)
                          0.25    0.67   clock uncertainty
                         -0.04    0.63   clock reconvergence pessimism
                         -0.06    0.57   library hold time
                                  0.57   data required time
-----------------------------------------------------------------------------
                                  0.57   data required time
                                 -1.44   data arrival time
-----------------------------------------------------------------------------
                                  0.87   slack (MET)


Startpoint: _349_ (rising edge-triggered flip-flop clocked by clk)
Endpoint: _349_ (rising edge-triggered flip-flop clocked by clk)
Path Group: clk
Path Type: min
Corner: Typical

Fanout     Cap    Slew   Delay    Time   Description
-----------------------------------------------------------------------------
                          0.00    0.00   clock clk (rise edge)
                          0.00    0.00   clock source latency
     1    0.02    0.11    0.07    0.07 ^ clk (in)
                                         clk (net)
                  0.11    0.00    0.07 ^ clkbuf_0_clk/A (sky130_fd_sc_hd__clkbuf_16)
     4    0.05    0.07    0.16    0.24 ^ clkbuf_0_clk/X (sky130_fd_sc_hd__clkbuf_16)
                                         clknet_0_clk (net)
                  0.07    0.00    0.24 ^ clkbuf_2_3__f_clk/A (sky130_fd_sc_hd__clkbuf_16)
     8    0.04    0.06    0.14    0.38 ^ clkbuf_2_3__f_clk/X (sky130_fd_sc_hd__clkbuf_16)
                                         clknet_2_3__leaf_clk (net)
                  0.06    0.00    0.38 ^ _349_/CLK (sky130_fd_sc_hd__dfrtp_2)
     4    0.03    0.16    0.42    0.80 ^ _349_/Q (sky130_fd_sc_hd__dfrtp_2)
                                         one_second_counter[19] (net)
                  0.16    0.00    0.80 ^ _256_/B1 (sky130_fd_sc_hd__a41o_1)
     1    0.01    0.12    0.17    0.97 ^ _256_/X (sky130_fd_sc_hd__a41o_1)
                                         _134_ (net)
                  0.12    0.00    0.97 ^ _260_/B (sky130_fd_sc_hd__and3_1)
     1    0.02    0.20    0.26    1.23 ^ _260_/X (sky130_fd_sc_hd__and3_1)
                                         _138_ (net)
                  0.20    0.00    1.23 ^ _261_/A (sky130_fd_sc_hd__buf_1)
     1    0.02    0.20    0.21    1.44 ^ _261_/X (sky130_fd_sc_hd__buf_1)
                                         _010_ (net)
                  0.20    0.00    1.44 ^ _349_/D (sky130_fd_sc_hd__dfrtp_2)
                                  1.44   data arrival time

                          0.00    0.00   clock clk (rise edge)
                          0.00    0.00   clock source latency
     1    0.02    0.11    0.08    0.08 ^ clk (in)
                                         clk (net)
                  0.11    0.00    0.08 ^ clkbuf_0_clk/A (sky130_fd_sc_hd__clkbuf_16)
     4    0.05    0.07    0.18    0.26 ^ clkbuf_0_clk/X (sky130_fd_sc_hd__clkbuf_16)
                                         clknet_0_clk (net)
                  0.07    0.00    0.26 ^ clkbuf_2_3__f_clk/A (sky130_fd_sc_hd__clkbuf_16)
     8    0.04    0.06    0.16    0.42 ^ clkbuf_2_3__f_clk/X (sky130_fd_sc_hd__clkbuf_16)
                                         clknet_2_3__leaf_clk (net)
                  0.06    0.00    0.42 ^ _349_/CLK (sky130_fd_sc_hd__dfrtp_2)
                          0.25    0.67   clock uncertainty
                         -0.04    0.63   clock reconvergence pessimism
                         -0.07    0.56   library hold time
                                  0.56   data required time
-----------------------------------------------------------------------------
                                  0.56   data required time
                                 -1.44   data arrival time
-----------------------------------------------------------------------------
                                  0.88   slack (MET)


Startpoint: _356_ (rising edge-triggered flip-flop clocked by clk)
Endpoint: _357_ (rising edge-triggered flip-flop clocked by clk)
Path Group: clk
Path Type: min
Corner: Typical

Fanout     Cap    Slew   Delay    Time   Description
-----------------------------------------------------------------------------
                          0.00    0.00   clock clk (rise edge)
                          0.00    0.00   clock source latency
     1    0.02    0.11    0.07    0.07 ^ clk (in)
                                         clk (net)
                  0.11    0.00    0.07 ^ clkbuf_0_clk/A (sky130_fd_sc_hd__clkbuf_16)
     4    0.05    0.07    0.16    0.24 ^ clkbuf_0_clk/X (sky130_fd_sc_hd__clkbuf_16)
                                         clknet_0_clk (net)
                  0.07    0.00    0.24 ^ clkbuf_2_1__f_clk/A (sky130_fd_sc_hd__clkbuf_16)
    11    0.04    0.06    0.14    0.38 ^ clkbuf_2_1__f_clk/X (sky130_fd_sc_hd__clkbuf_16)
                                         clknet_2_1__leaf_clk (net)
                  0.06    0.00    0.38 ^ _356_/CLK (sky130_fd_sc_hd__dfrtp_1)
     2    0.02    0.09    0.40    0.77 v _356_/Q (sky130_fd_sc_hd__dfrtp_1)
                                         one_second_counter[26] (net)
                  0.09    0.00    0.77 v _187_/B1_N (sky130_fd_sc_hd__a21bo_2)
     9    0.05    0.27    0.36    1.14 ^ _187_/X (sky130_fd_sc_hd__a21bo_2)
                                         _085_ (net)
                  0.27    0.00    1.14 ^ _188_/A (sky130_fd_sc_hd__inv_2)
     2    0.02    0.10    0.12    1.26 v _188_/Y (sky130_fd_sc_hd__inv_2)
                                         _086_ (net)
                  0.10    0.00    1.26 v _189_/A (sky130_fd_sc_hd__buf_4)
    10    0.07    0.10    0.21    1.47 v _189_/X (sky130_fd_sc_hd__buf_4)
                                         _027_ (net)
                  0.10    0.00    1.48 v _357_/D (sky130_fd_sc_hd__dfrtp_4)
                                  1.48   data arrival time

                          0.00    0.00   clock clk (rise edge)
                          0.00    0.00   clock source latency
     1    0.02    0.11    0.08    0.08 ^ clk (in)
                                         clk (net)
                  0.11    0.00    0.08 ^ clkbuf_0_clk/A (sky130_fd_sc_hd__clkbuf_16)
     4    0.05    0.07    0.18    0.26 ^ clkbuf_0_clk/X (sky130_fd_sc_hd__clkbuf_16)
                                         clknet_0_clk (net)
                  0.07    0.00    0.26 ^ clkbuf_2_2__f_clk/A (sky130_fd_sc_hd__clkbuf_16)
     7    0.05    0.07    0.16    0.42 ^ clkbuf_2_2__f_clk/X (sky130_fd_sc_hd__clkbuf_16)
                                         clknet_2_2__leaf_clk (net)
                  0.07    0.00    0.43 ^ _357_/CLK (sky130_fd_sc_hd__dfrtp_4)
                          0.25    0.68   clock uncertainty
                         -0.02    0.65   clock reconvergence pessimism
                         -0.06    0.59   library hold time
                                  0.59   data required time
-----------------------------------------------------------------------------
                                  0.59   data required time
                                 -1.48   data arrival time
-----------------------------------------------------------------------------
                                  0.88   slack (MET)


Startpoint: rst (input port clocked by clk)
Endpoint: _360_ (removal check against rising-edge clock clk)
Path Group: asynchronous
Path Type: min
Corner: Typical

Fanout     Cap    Slew   Delay    Time   Description
-----------------------------------------------------------------------------
                          0.00    0.00   clock clk (rise edge)
                          0.00    0.00   clock network delay (propagated)
                          2.00    2.00 v input external delay
     1    0.00    0.01    0.00    2.00 v rst (in)
                                         rst (net)
                  0.01    0.00    2.00 v input1/A (sky130_fd_sc_hd__clkbuf_4)
     5    0.07    0.14    0.20    2.21 v input1/X (sky130_fd_sc_hd__clkbuf_4)
                                         net1 (net)
                  0.14    0.00    2.21 v _328_/A (sky130_fd_sc_hd__inv_2)
     1    0.02    0.09    0.12    2.33 ^ _328_/Y (sky130_fd_sc_hd__inv_2)
                                         _058_ (net)
                  0.09    0.00    2.33 ^ _360_/RESET_B (sky130_fd_sc_hd__dfrtp_4)
                                  2.33   data arrival time

                          0.00    0.00   clock clk (rise edge)
                          0.00    0.00   clock source latency
     1    0.02    0.11    0.08    0.08 ^ clk (in)
                                         clk (net)
                  0.11    0.00    0.08 ^ clkbuf_0_clk/A (sky130_fd_sc_hd__clkbuf_16)
     4    0.05    0.07    0.18    0.26 ^ clkbuf_0_clk/X (sky130_fd_sc_hd__clkbuf_16)
                                         clknet_0_clk (net)
                  0.07    0.00    0.26 ^ clkbuf_2_3__f_clk/A (sky130_fd_sc_hd__clkbuf_16)
     8    0.04    0.06    0.16    0.42 ^ clkbuf_2_3__f_clk/X (sky130_fd_sc_hd__clkbuf_16)
                                         clknet_2_3__leaf_clk (net)
                  0.06    0.00    0.42 ^ _360_/CLK (sky130_fd_sc_hd__dfrtp_4)
                          0.25    0.67   clock uncertainty
                          0.00    0.67   clock reconvergence pessimism
                          0.34    1.00   library removal time
                                  1.00   data required time
-----------------------------------------------------------------------------
                                  1.00   data required time
                                 -2.33   data arrival time
-----------------------------------------------------------------------------
                                  1.32   slack (MET)


Startpoint: rst (input port clocked by clk)
Endpoint: _361_ (removal check against rising-edge clock clk)
Path Group: asynchronous
Path Type: min
Corner: Typical

Fanout     Cap    Slew   Delay    Time   Description
-----------------------------------------------------------------------------
                          0.00    0.00   clock clk (rise edge)
                          0.00    0.00   clock network delay (propagated)
                          2.00    2.00 v input external delay
     1    0.00    0.01    0.00    2.00 v rst (in)
                                         rst (net)
                  0.01    0.00    2.00 v input1/A (sky130_fd_sc_hd__clkbuf_4)
     5    0.07    0.14    0.20    2.21 v input1/X (sky130_fd_sc_hd__clkbuf_4)
                                         net1 (net)
                  0.14    0.00    2.21 v _329_/A (sky130_fd_sc_hd__inv_2)
     1    0.02    0.10    0.13    2.34 ^ _329_/Y (sky130_fd_sc_hd__inv_2)
                                         _059_ (net)
                  0.10    0.00    2.34 ^ _361_/RESET_B (sky130_fd_sc_hd__dfrtp_4)
                                  2.34   data arrival time

                          0.00    0.00   clock clk (rise edge)
                          0.00    0.00   clock source latency
     1    0.02    0.11    0.08    0.08 ^ clk (in)
                                         clk (net)
                  0.11    0.00    0.08 ^ clkbuf_0_clk/A (sky130_fd_sc_hd__clkbuf_16)
     4    0.05    0.07    0.18    0.26 ^ clkbuf_0_clk/X (sky130_fd_sc_hd__clkbuf_16)
                                         clknet_0_clk (net)
                  0.07    0.00    0.26 ^ clkbuf_2_0__f_clk/A (sky130_fd_sc_hd__clkbuf_16)
     9    0.04    0.06    0.16    0.42 ^ clkbuf_2_0__f_clk/X (sky130_fd_sc_hd__clkbuf_16)
                                         clknet_2_0__leaf_clk (net)
                  0.06    0.00    0.42 ^ _361_/CLK (sky130_fd_sc_hd__dfrtp_4)
                          0.25    0.67   clock uncertainty
                          0.00    0.67   clock reconvergence pessimism
                          0.34    1.01   library removal time
                                  1.01   data required time
-----------------------------------------------------------------------------
                                  1.01   data required time
                                 -2.34   data arrival time
-----------------------------------------------------------------------------
                                  1.33   slack (MET)


Startpoint: rst (input port clocked by clk)
Endpoint: _351_ (removal check against rising-edge clock clk)
Path Group: asynchronous
Path Type: min
Corner: Typical

Fanout     Cap    Slew   Delay    Time   Description
-----------------------------------------------------------------------------
                          0.00    0.00   clock clk (rise edge)
                          0.00    0.00   clock network delay (propagated)
                          2.00    2.00 v input external delay
     1    0.00    0.01    0.00    2.00 v rst (in)
                                         rst (net)
                  0.01    0.00    2.00 v input1/A (sky130_fd_sc_hd__clkbuf_4)
     5    0.07    0.14    0.20    2.21 v input1/X (sky130_fd_sc_hd__clkbuf_4)
                                         net1 (net)
                  0.14    0.00    2.21 v _317_/A (sky130_fd_sc_hd__clkbuf_8)
    10    0.07    0.09    0.22    2.43 v _317_/X (sky130_fd_sc_hd__clkbuf_8)
                                         _161_ (net)
                  0.09    0.00    2.43 v _319_/A (sky130_fd_sc_hd__inv_2)
     1    0.01    0.04    0.07    2.50 ^ _319_/Y (sky130_fd_sc_hd__inv_2)
                                         _049_ (net)
                  0.04    0.00    2.50 ^ _351_/RESET_B (sky130_fd_sc_hd__dfrtp_2)
                                  2.50   data arrival time

                          0.00    0.00   clock clk (rise edge)
                          0.00    0.00   clock source latency
     1    0.02    0.11    0.08    0.08 ^ clk (in)
                                         clk (net)
                  0.11    0.00    0.08 ^ clkbuf_0_clk/A (sky130_fd_sc_hd__clkbuf_16)
     4    0.05    0.07    0.18    0.26 ^ clkbuf_0_clk/X (sky130_fd_sc_hd__clkbuf_16)
                                         clknet_0_clk (net)
                  0.07    0.00    0.26 ^ clkbuf_2_2__f_clk/A (sky130_fd_sc_hd__clkbuf_16)
     7    0.05    0.07    0.16    0.42 ^ clkbuf_2_2__f_clk/X (sky130_fd_sc_hd__clkbuf_16)
                                         clknet_2_2__leaf_clk (net)
                  0.07    0.00    0.43 ^ _351_/CLK (sky130_fd_sc_hd__dfrtp_2)
                          0.25    0.68   clock uncertainty
                          0.00    0.68   clock reconvergence pessimism
                          0.33    1.00   library removal time
                                  1.00   data required time
-----------------------------------------------------------------------------
                                  1.00   data required time
                                 -2.50   data arrival time
-----------------------------------------------------------------------------
                                  1.50   slack (MET)


Startpoint: rst (input port clocked by clk)
Endpoint: _346_ (removal check against rising-edge clock clk)
Path Group: asynchronous
Path Type: min
Corner: Typical

Fanout     Cap    Slew   Delay    Time   Description
-----------------------------------------------------------------------------
                          0.00    0.00   clock clk (rise edge)
                          0.00    0.00   clock network delay (propagated)
                          2.00    2.00 v input external delay
     1    0.00    0.01    0.00    2.00 v rst (in)
                                         rst (net)
                  0.01    0.00    2.00 v input1/A (sky130_fd_sc_hd__clkbuf_4)
     5    0.07    0.14    0.20    2.21 v input1/X (sky130_fd_sc_hd__clkbuf_4)
                                         net1 (net)
                  0.14    0.00    2.21 v _306_/A (sky130_fd_sc_hd__clkbuf_8)
    10    0.08    0.09    0.23    2.44 v _306_/X (sky130_fd_sc_hd__clkbuf_8)
                                         _160_ (net)
                  0.09    0.00    2.44 v _313_/A (sky130_fd_sc_hd__inv_2)
     1    0.01    0.04    0.06    2.51 ^ _313_/Y (sky130_fd_sc_hd__inv_2)
                                         _044_ (net)
                  0.04    0.00    2.51 ^ _346_/RESET_B (sky130_fd_sc_hd__dfrtp_4)
                                  2.51   data arrival time

                          0.00    0.00   clock clk (rise edge)
                          0.00    0.00   clock source latency
     1    0.02    0.11    0.08    0.08 ^ clk (in)
                                         clk (net)
                  0.11    0.00    0.08 ^ clkbuf_0_clk/A (sky130_fd_sc_hd__clkbuf_16)
     4    0.05    0.07    0.18    0.26 ^ clkbuf_0_clk/X (sky130_fd_sc_hd__clkbuf_16)
                                         clknet_0_clk (net)
                  0.07    0.00    0.26 ^ clkbuf_2_2__f_clk/A (sky130_fd_sc_hd__clkbuf_16)
     7    0.05    0.07    0.16    0.42 ^ clkbuf_2_2__f_clk/X (sky130_fd_sc_hd__clkbuf_16)
                                         clknet_2_2__leaf_clk (net)
                  0.07    0.00    0.43 ^ _346_/CLK (sky130_fd_sc_hd__dfrtp_4)
                          0.25    0.68   clock uncertainty
                          0.00    0.68   clock reconvergence pessimism
                          0.33    1.00   library removal time
                                  1.00   data required time
-----------------------------------------------------------------------------
                                  1.00   data required time
                                 -2.51   data arrival time
-----------------------------------------------------------------------------
                                  1.51   slack (MET)


Startpoint: rst (input port clocked by clk)
Endpoint: _357_ (removal check against rising-edge clock clk)
Path Group: asynchronous
Path Type: min
Corner: Typical

Fanout     Cap    Slew   Delay    Time   Description
-----------------------------------------------------------------------------
                          0.00    0.00   clock clk (rise edge)
                          0.00    0.00   clock network delay (propagated)
                          2.00    2.00 v input external delay
     1    0.00    0.01    0.00    2.00 v rst (in)
                                         rst (net)
                  0.01    0.00    2.00 v input1/A (sky130_fd_sc_hd__clkbuf_4)
     5    0.07    0.14    0.20    2.21 v input1/X (sky130_fd_sc_hd__clkbuf_4)
                                         net1 (net)
                  0.14    0.00    2.21 v _317_/A (sky130_fd_sc_hd__clkbuf_8)
    10    0.07    0.09    0.22    2.43 v _317_/X (sky130_fd_sc_hd__clkbuf_8)
                                         _161_ (net)
                  0.09    0.00    2.44 v _325_/A (sky130_fd_sc_hd__inv_2)
     1    0.01    0.05    0.08    2.51 ^ _325_/Y (sky130_fd_sc_hd__inv_2)
                                         _055_ (net)
                  0.05    0.00    2.51 ^ _357_/RESET_B (sky130_fd_sc_hd__dfrtp_4)
                                  2.51   data arrival time

                          0.00    0.00   clock clk (rise edge)
                          0.00    0.00   clock source latency
     1    0.02    0.11    0.08    0.08 ^ clk (in)
                                         clk (net)
                  0.11    0.00    0.08 ^ clkbuf_0_clk/A (sky130_fd_sc_hd__clkbuf_16)
     4    0.05    0.07    0.18    0.26 ^ clkbuf_0_clk/X (sky130_fd_sc_hd__clkbuf_16)
                                         clknet_0_clk (net)
                  0.07    0.00    0.26 ^ clkbuf_2_2__f_clk/A (sky130_fd_sc_hd__clkbuf_16)
     7    0.05    0.07    0.16    0.42 ^ clkbuf_2_2__f_clk/X (sky130_fd_sc_hd__clkbuf_16)
                                         clknet_2_2__leaf_clk (net)
                  0.07    0.00    0.43 ^ _357_/CLK (sky130_fd_sc_hd__dfrtp_4)
                          0.25    0.68   clock uncertainty
                          0.00    0.68   clock reconvergence pessimism
                          0.33    1.01   library removal time
                                  1.01   data required time
-----------------------------------------------------------------------------
                                  1.01   data required time
                                 -2.51   data arrival time
-----------------------------------------------------------------------------
                                  1.51   slack (MET)


Startpoint: rst (input port clocked by clk)
Endpoint: _345_ (removal check against rising-edge clock clk)
Path Group: asynchronous
Path Type: min
Corner: Typical

Fanout     Cap    Slew   Delay    Time   Description
-----------------------------------------------------------------------------
                          0.00    0.00   clock clk (rise edge)
                          0.00    0.00   clock network delay (propagated)
                          2.00    2.00 v input external delay
     1    0.00    0.01    0.00    2.00 v rst (in)
                                         rst (net)
                  0.01    0.00    2.00 v input1/A (sky130_fd_sc_hd__clkbuf_4)
     5    0.07    0.14    0.20    2.21 v input1/X (sky130_fd_sc_hd__clkbuf_4)
                                         net1 (net)
                  0.14    0.00    2.21 v _306_/A (sky130_fd_sc_hd__clkbuf_8)
    10    0.08    0.09    0.23    2.44 v _306_/X (sky130_fd_sc_hd__clkbuf_8)
                                         _160_ (net)
                  0.09    0.01    2.44 v _312_/A (sky130_fd_sc_hd__inv_2)
     1    0.00    0.04    0.06    2.51 ^ _312_/Y (sky130_fd_sc_hd__inv_2)
                                         _043_ (net)
                  0.04    0.00    2.51 ^ _345_/RESET_B (sky130_fd_sc_hd__dfrtp_2)
                                  2.51   data arrival time

                          0.00    0.00   clock clk (rise edge)
                          0.00    0.00   clock source latency
     1    0.02    0.11    0.08    0.08 ^ clk (in)
                                         clk (net)
                  0.11    0.00    0.08 ^ clkbuf_0_clk/A (sky130_fd_sc_hd__clkbuf_16)
     4    0.05    0.07    0.18    0.26 ^ clkbuf_0_clk/X (sky130_fd_sc_hd__clkbuf_16)
                                         clknet_0_clk (net)
                  0.07    0.00    0.26 ^ clkbuf_2_3__f_clk/A (sky130_fd_sc_hd__clkbuf_16)
     8    0.04    0.06    0.16    0.42 ^ clkbuf_2_3__f_clk/X (sky130_fd_sc_hd__clkbuf_16)
                                         clknet_2_3__leaf_clk (net)
                  0.06    0.00    0.42 ^ _345_/CLK (sky130_fd_sc_hd__dfrtp_2)
                          0.25    0.67   clock uncertainty
                          0.00    0.67   clock reconvergence pessimism
                          0.32    0.99   library removal time
                                  0.99   data required time
-----------------------------------------------------------------------------
                                  0.99   data required time
                                 -2.51   data arrival time
-----------------------------------------------------------------------------
                                  1.51   slack (MET)


Startpoint: rst (input port clocked by clk)
Endpoint: _353_ (removal check against rising-edge clock clk)
Path Group: asynchronous
Path Type: min
Corner: Typical

Fanout     Cap    Slew   Delay    Time   Description
-----------------------------------------------------------------------------
                          0.00    0.00   clock clk (rise edge)
                          0.00    0.00   clock network delay (propagated)
                          2.00    2.00 v input external delay
     1    0.00    0.01    0.00    2.00 v rst (in)
                                         rst (net)
                  0.01    0.00    2.00 v input1/A (sky130_fd_sc_hd__clkbuf_4)
     5    0.07    0.14    0.20    2.21 v input1/X (sky130_fd_sc_hd__clkbuf_4)
                                         net1 (net)
                  0.14    0.00    2.21 v _317_/A (sky130_fd_sc_hd__clkbuf_8)
    10    0.07    0.09    0.22    2.43 v _317_/X (sky130_fd_sc_hd__clkbuf_8)
                                         _161_ (net)
                  0.09    0.00    2.44 v _321_/A (sky130_fd_sc_hd__inv_2)
     1    0.01    0.05    0.07    2.51 ^ _321_/Y (sky130_fd_sc_hd__inv_2)
                                         _051_ (net)
                  0.05    0.00    2.51 ^ _353_/RESET_B (sky130_fd_sc_hd__dfrtp_1)
                                  2.51   data arrival time

                          0.00    0.00   clock clk (rise edge)
                          0.00    0.00   clock source latency
     1    0.02    0.11    0.08    0.08 ^ clk (in)
                                         clk (net)
                  0.11    0.00    0.08 ^ clkbuf_0_clk/A (sky130_fd_sc_hd__clkbuf_16)
     4    0.05    0.07    0.18    0.26 ^ clkbuf_0_clk/X (sky130_fd_sc_hd__clkbuf_16)
                                         clknet_0_clk (net)
                  0.07    0.00    0.26 ^ clkbuf_2_1__f_clk/A (sky130_fd_sc_hd__clkbuf_16)
    11    0.04    0.06    0.15    0.42 ^ clkbuf_2_1__f_clk/X (sky130_fd_sc_hd__clkbuf_16)
                                         clknet_2_1__leaf_clk (net)
                  0.06    0.00    0.42 ^ _353_/CLK (sky130_fd_sc_hd__dfrtp_1)
                          0.25    0.67   clock uncertainty
                          0.00    0.67   clock reconvergence pessimism
                          0.32    0.99   library removal time
                                  0.99   data required time
-----------------------------------------------------------------------------
                                  0.99   data required time
                                 -2.51   data arrival time
-----------------------------------------------------------------------------
                                  1.52   slack (MET)


Startpoint: rst (input port clocked by clk)
Endpoint: _358_ (removal check against rising-edge clock clk)
Path Group: asynchronous
Path Type: min
Corner: Typical

Fanout     Cap    Slew   Delay    Time   Description
-----------------------------------------------------------------------------
                          0.00    0.00   clock clk (rise edge)
                          0.00    0.00   clock network delay (propagated)
                          2.00    2.00 v input external delay
     1    0.00    0.01    0.00    2.00 v rst (in)
                                         rst (net)
                  0.01    0.00    2.00 v input1/A (sky130_fd_sc_hd__clkbuf_4)
     5    0.07    0.14    0.20    2.21 v input1/X (sky130_fd_sc_hd__clkbuf_4)
                                         net1 (net)
                  0.14    0.00    2.21 v _317_/A (sky130_fd_sc_hd__clkbuf_8)
    10    0.07    0.09    0.22    2.43 v _317_/X (sky130_fd_sc_hd__clkbuf_8)
                                         _161_ (net)
                  0.09    0.00    2.44 v _326_/A (sky130_fd_sc_hd__inv_2)
     1    0.02    0.08    0.10    2.54 ^ _326_/Y (sky130_fd_sc_hd__inv_2)
                                         _056_ (net)
                  0.08    0.00    2.54 ^ _358_/RESET_B (sky130_fd_sc_hd__dfrtp_4)
                                  2.54   data arrival time

                          0.00    0.00   clock clk (rise edge)
                          0.00    0.00   clock source latency
     1    0.02    0.11    0.08    0.08 ^ clk (in)
                                         clk (net)
                  0.11    0.00    0.08 ^ clkbuf_0_clk/A (sky130_fd_sc_hd__clkbuf_16)
     4    0.05    0.07    0.18    0.26 ^ clkbuf_0_clk/X (sky130_fd_sc_hd__clkbuf_16)
                                         clknet_0_clk (net)
                  0.07    0.00    0.26 ^ clkbuf_2_2__f_clk/A (sky130_fd_sc_hd__clkbuf_16)
     7    0.05    0.07    0.16    0.42 ^ clkbuf_2_2__f_clk/X (sky130_fd_sc_hd__clkbuf_16)
                                         clknet_2_2__leaf_clk (net)
                  0.07    0.00    0.43 ^ _358_/CLK (sky130_fd_sc_hd__dfrtp_4)
                          0.25    0.68   clock uncertainty
                          0.00    0.68   clock reconvergence pessimism
                          0.34    1.01   library removal time
                                  1.01   data required time
-----------------------------------------------------------------------------
                                  1.01   data required time
                                 -2.54   data arrival time
-----------------------------------------------------------------------------
                                  1.52   slack (MET)


Startpoint: rst (input port clocked by clk)
Endpoint: _352_ (removal check against rising-edge clock clk)
Path Group: asynchronous
Path Type: min
Corner: Typical

Fanout     Cap    Slew   Delay    Time   Description
-----------------------------------------------------------------------------
                          0.00    0.00   clock clk (rise edge)
                          0.00    0.00   clock network delay (propagated)
                          2.00    2.00 v input external delay
     1    0.00    0.01    0.00    2.00 v rst (in)
                                         rst (net)
                  0.01    0.00    2.00 v input1/A (sky130_fd_sc_hd__clkbuf_4)
     5    0.07    0.14    0.20    2.21 v input1/X (sky130_fd_sc_hd__clkbuf_4)
                                         net1 (net)
                  0.14    0.00    2.21 v _317_/A (sky130_fd_sc_hd__clkbuf_8)
    10    0.07    0.09    0.22    2.43 v _317_/X (sky130_fd_sc_hd__clkbuf_8)
                                         _161_ (net)
                  0.09    0.00    2.43 v _320_/A (sky130_fd_sc_hd__inv_2)
     1    0.01    0.07    0.09    2.53 ^ _320_/Y (sky130_fd_sc_hd__inv_2)
                                         _050_ (net)
                  0.07    0.00    2.53 ^ _352_/RESET_B (sky130_fd_sc_hd__dfrtp_1)
                                  2.53   data arrival time

                          0.00    0.00   clock clk (rise edge)
                          0.00    0.00   clock source latency
     1    0.02    0.11    0.08    0.08 ^ clk (in)
                                         clk (net)
                  0.11    0.00    0.08 ^ clkbuf_0_clk/A (sky130_fd_sc_hd__clkbuf_16)
     4    0.05    0.07    0.18    0.26 ^ clkbuf_0_clk/X (sky130_fd_sc_hd__clkbuf_16)
                                         clknet_0_clk (net)
                  0.07    0.00    0.26 ^ clkbuf_2_0__f_clk/A (sky130_fd_sc_hd__clkbuf_16)
     9    0.04    0.06    0.16    0.42 ^ clkbuf_2_0__f_clk/X (sky130_fd_sc_hd__clkbuf_16)
                                         clknet_2_0__leaf_clk (net)
                  0.06    0.00    0.42 ^ _352_/CLK (sky130_fd_sc_hd__dfrtp_1)
                          0.25    0.67   clock uncertainty
                          0.00    0.67   clock reconvergence pessimism
                          0.33    1.00   library removal time
                                  1.00   data required time
-----------------------------------------------------------------------------
                                  1.00   data required time
                                 -2.53   data arrival time
-----------------------------------------------------------------------------
                                  1.52   slack (MET)


Startpoint: rst (input port clocked by clk)
Endpoint: _342_ (removal check against rising-edge clock clk)
Path Group: asynchronous
Path Type: min
Corner: Typical

Fanout     Cap    Slew   Delay    Time   Description
-----------------------------------------------------------------------------
                          0.00    0.00   clock clk (rise edge)
                          0.00    0.00   clock network delay (propagated)
                          2.00    2.00 v input external delay
     1    0.00    0.01    0.00    2.00 v rst (in)
                                         rst (net)
                  0.01    0.00    2.00 v input1/A (sky130_fd_sc_hd__clkbuf_4)
     5    0.07    0.14    0.20    2.21 v input1/X (sky130_fd_sc_hd__clkbuf_4)
                                         net1 (net)
                  0.14    0.00    2.21 v _306_/A (sky130_fd_sc_hd__clkbuf_8)
    10    0.08    0.09    0.23    2.44 v _306_/X (sky130_fd_sc_hd__clkbuf_8)
                                         _160_ (net)
                  0.09    0.01    2.44 v _309_/A (sky130_fd_sc_hd__inv_2)
     1    0.01    0.05    0.07    2.51 ^ _309_/Y (sky130_fd_sc_hd__inv_2)
                                         _040_ (net)
                  0.05    0.00    2.51 ^ _342_/RESET_B (sky130_fd_sc_hd__dfrtp_2)
                                  2.51   data arrival time

                          0.00    0.00   clock clk (rise edge)
                          0.00    0.00   clock source latency
     1    0.02    0.11    0.08    0.08 ^ clk (in)
                                         clk (net)
                  0.11    0.00    0.08 ^ clkbuf_0_clk/A (sky130_fd_sc_hd__clkbuf_16)
     4    0.05    0.07    0.18    0.26 ^ clkbuf_0_clk/X (sky130_fd_sc_hd__clkbuf_16)
                                         clknet_0_clk (net)
                  0.07    0.00    0.26 ^ clkbuf_2_1__f_clk/A (sky130_fd_sc_hd__clkbuf_16)
    11    0.04    0.06    0.15    0.42 ^ clkbuf_2_1__f_clk/X (sky130_fd_sc_hd__clkbuf_16)
                                         clknet_2_1__leaf_clk (net)
                  0.06    0.00    0.42 ^ _342_/CLK (sky130_fd_sc_hd__dfrtp_2)
                          0.25    0.67   clock uncertainty
                          0.00    0.67   clock reconvergence pessimism
                          0.32    0.99   library removal time
                                  0.99   data required time
-----------------------------------------------------------------------------
                                  0.99   data required time
                                 -2.51   data arrival time
-----------------------------------------------------------------------------
                                  1.52   slack (MET)


Startpoint: rst (input port clocked by clk)
Endpoint: _359_ (removal check against rising-edge clock clk)
Path Group: asynchronous
Path Type: min
Corner: Typical

Fanout     Cap    Slew   Delay    Time   Description
-----------------------------------------------------------------------------
                          0.00    0.00   clock clk (rise edge)
                          0.00    0.00   clock network delay (propagated)
                          2.00    2.00 v input external delay
     1    0.00    0.01    0.00    2.00 v rst (in)
                                         rst (net)
                  0.01    0.00    2.00 v input1/A (sky130_fd_sc_hd__clkbuf_4)
     5    0.07    0.14    0.20    2.21 v input1/X (sky130_fd_sc_hd__clkbuf_4)
                                         net1 (net)
                  0.14    0.00    2.21 v _317_/A (sky130_fd_sc_hd__clkbuf_8)
    10    0.07    0.09    0.22    2.43 v _317_/X (sky130_fd_sc_hd__clkbuf_8)
                                         _161_ (net)
                  0.09    0.00    2.44 v _327_/A (sky130_fd_sc_hd__inv_2)
     1    0.01    0.07    0.09    2.53 ^ _327_/Y (sky130_fd_sc_hd__inv_2)
                                         _057_ (net)
                  0.07    0.00    2.53 ^ _359_/RESET_B (sky130_fd_sc_hd__dfrtp_4)
                                  2.53   data arrival time

                          0.00    0.00   clock clk (rise edge)
                          0.00    0.00   clock source latency
     1    0.02    0.11    0.08    0.08 ^ clk (in)
                                         clk (net)
                  0.11    0.00    0.08 ^ clkbuf_0_clk/A (sky130_fd_sc_hd__clkbuf_16)
     4    0.05    0.07    0.18    0.26 ^ clkbuf_0_clk/X (sky130_fd_sc_hd__clkbuf_16)
                                         clknet_0_clk (net)
                  0.07    0.00    0.26 ^ clkbuf_2_0__f_clk/A (sky130_fd_sc_hd__clkbuf_16)
     9    0.04    0.06    0.16    0.42 ^ clkbuf_2_0__f_clk/X (sky130_fd_sc_hd__clkbuf_16)
                                         clknet_2_0__leaf_clk (net)
                  0.06    0.00    0.42 ^ _359_/CLK (sky130_fd_sc_hd__dfrtp_4)
                          0.25    0.67   clock uncertainty
                          0.00    0.67   clock reconvergence pessimism
                          0.33    1.00   library removal time
                                  1.00   data required time
-----------------------------------------------------------------------------
                                  1.00   data required time
                                 -2.53   data arrival time
-----------------------------------------------------------------------------
                                  1.53   slack (MET)


Startpoint: rst (input port clocked by clk)
Endpoint: _331_ (removal check against rising-edge clock clk)
Path Group: asynchronous
Path Type: min
Corner: Typical

Fanout     Cap    Slew   Delay    Time   Description
-----------------------------------------------------------------------------
                          0.00    0.00   clock clk (rise edge)
                          0.00    0.00   clock network delay (propagated)
                          2.00    2.00 v input external delay
     1    0.00    0.01    0.00    2.00 v rst (in)
                                         rst (net)
                  0.01    0.00    2.00 v input1/A (sky130_fd_sc_hd__clkbuf_4)
     5    0.07    0.14    0.20    2.21 v input1/X (sky130_fd_sc_hd__clkbuf_4)
                                         net1 (net)
                  0.14    0.00    2.21 v _295_/A (sky130_fd_sc_hd__buf_4)
    10    0.08    0.11    0.24    2.45 v _295_/X (sky130_fd_sc_hd__buf_4)
                                         _159_ (net)
                  0.11    0.00    2.45 v _297_/A (sky130_fd_sc_hd__inv_2)
     1    0.01    0.05    0.08    2.53 ^ _297_/Y (sky130_fd_sc_hd__inv_2)
                                         _029_ (net)
                  0.05    0.00    2.53 ^ _331_/RESET_B (sky130_fd_sc_hd__dfrtp_4)
                                  2.53   data arrival time

                          0.00    0.00   clock clk (rise edge)
                          0.00    0.00   clock source latency
     1    0.02    0.11    0.08    0.08 ^ clk (in)
                                         clk (net)
                  0.11    0.00    0.08 ^ clkbuf_0_clk/A (sky130_fd_sc_hd__clkbuf_16)
     4    0.05    0.07    0.18    0.26 ^ clkbuf_0_clk/X (sky130_fd_sc_hd__clkbuf_16)
                                         clknet_0_clk (net)
                  0.07    0.00    0.26 ^ clkbuf_2_2__f_clk/A (sky130_fd_sc_hd__clkbuf_16)
     7    0.05    0.07    0.16    0.42 ^ clkbuf_2_2__f_clk/X (sky130_fd_sc_hd__clkbuf_16)
                                         clknet_2_2__leaf_clk (net)
                  0.07    0.00    0.43 ^ _331_/CLK (sky130_fd_sc_hd__dfrtp_4)
                          0.25    0.68   clock uncertainty
                          0.00    0.68   clock reconvergence pessimism
                          0.33    1.01   library removal time
                                  1.01   data required time
-----------------------------------------------------------------------------
                                  1.01   data required time
                                 -2.53   data arrival time
-----------------------------------------------------------------------------
                                  1.53   slack (MET)


Startpoint: rst (input port clocked by clk)
Endpoint: _341_ (removal check against rising-edge clock clk)
Path Group: asynchronous
Path Type: min
Corner: Typical

Fanout     Cap    Slew   Delay    Time   Description
-----------------------------------------------------------------------------
                          0.00    0.00   clock clk (rise edge)
                          0.00    0.00   clock network delay (propagated)
                          2.00    2.00 v input external delay
     1    0.00    0.01    0.00    2.00 v rst (in)
                                         rst (net)
                  0.01    0.00    2.00 v input1/A (sky130_fd_sc_hd__clkbuf_4)
     5    0.07    0.14    0.20    2.21 v input1/X (sky130_fd_sc_hd__clkbuf_4)
                                         net1 (net)
                  0.14    0.00    2.21 v _306_/A (sky130_fd_sc_hd__clkbuf_8)
    10    0.08    0.09    0.23    2.44 v _306_/X (sky130_fd_sc_hd__clkbuf_8)
                                         _160_ (net)
                  0.09    0.01    2.44 v _308_/A (sky130_fd_sc_hd__inv_2)
     1    0.01    0.06    0.08    2.53 ^ _308_/Y (sky130_fd_sc_hd__inv_2)
                                         _039_ (net)
                  0.06    0.00    2.53 ^ _341_/RESET_B (sky130_fd_sc_hd__dfrtp_4)
                                  2.53   data arrival time

                          0.00    0.00   clock clk (rise edge)
                          0.00    0.00   clock source latency
     1    0.02    0.11    0.08    0.08 ^ clk (in)
                                         clk (net)
                  0.11    0.00    0.08 ^ clkbuf_0_clk/A (sky130_fd_sc_hd__clkbuf_16)
     4    0.05    0.07    0.18    0.26 ^ clkbuf_0_clk/X (sky130_fd_sc_hd__clkbuf_16)
                                         clknet_0_clk (net)
                  0.07    0.00    0.26 ^ clkbuf_2_0__f_clk/A (sky130_fd_sc_hd__clkbuf_16)
     9    0.04    0.06    0.16    0.42 ^ clkbuf_2_0__f_clk/X (sky130_fd_sc_hd__clkbuf_16)
                                         clknet_2_0__leaf_clk (net)
                  0.06    0.00    0.42 ^ _341_/CLK (sky130_fd_sc_hd__dfrtp_4)
                          0.25    0.67   clock uncertainty
                          0.00    0.67   clock reconvergence pessimism
                          0.33    1.00   library removal time
                                  1.00   data required time
-----------------------------------------------------------------------------
                                  1.00   data required time
                                 -2.53   data arrival time
-----------------------------------------------------------------------------
                                  1.53   slack (MET)


Startpoint: rst (input port clocked by clk)
Endpoint: _335_ (removal check against rising-edge clock clk)
Path Group: asynchronous
Path Type: min
Corner: Typical

Fanout     Cap    Slew   Delay    Time   Description
-----------------------------------------------------------------------------
                          0.00    0.00   clock clk (rise edge)
                          0.00    0.00   clock network delay (propagated)
                          2.00    2.00 v input external delay
     1    0.00    0.01    0.00    2.00 v rst (in)
                                         rst (net)
                  0.01    0.00    2.00 v input1/A (sky130_fd_sc_hd__clkbuf_4)
     5    0.07    0.14    0.20    2.21 v input1/X (sky130_fd_sc_hd__clkbuf_4)
                                         net1 (net)
                  0.14    0.00    2.21 v _295_/A (sky130_fd_sc_hd__buf_4)
    10    0.08    0.11    0.24    2.45 v _295_/X (sky130_fd_sc_hd__buf_4)
                                         _159_ (net)
                  0.11    0.00    2.45 v _301_/A (sky130_fd_sc_hd__inv_2)
     1    0.01    0.05    0.08    2.53 ^ _301_/Y (sky130_fd_sc_hd__inv_2)
                                         _033_ (net)
                  0.05    0.00    2.53 ^ _335_/RESET_B (sky130_fd_sc_hd__dfrtp_2)
                                  2.53   data arrival time

                          0.00    0.00   clock clk (rise edge)
                          0.00    0.00   clock source latency
     1    0.02    0.11    0.08    0.08 ^ clk (in)
                                         clk (net)
                  0.11    0.00    0.08 ^ clkbuf_0_clk/A (sky130_fd_sc_hd__clkbuf_16)
     4    0.05    0.07    0.18    0.26 ^ clkbuf_0_clk/X (sky130_fd_sc_hd__clkbuf_16)
                                         clknet_0_clk (net)
                  0.07    0.00    0.26 ^ clkbuf_2_2__f_clk/A (sky130_fd_sc_hd__clkbuf_16)
     7    0.05    0.07    0.16    0.42 ^ clkbuf_2_2__f_clk/X (sky130_fd_sc_hd__clkbuf_16)
                                         clknet_2_2__leaf_clk (net)
                  0.07    0.00    0.42 ^ _335_/CLK (sky130_fd_sc_hd__dfrtp_2)
                          0.25    0.67   clock uncertainty
                          0.00    0.67   clock reconvergence pessimism
                          0.33    1.00   library removal time
                                  1.00   data required time
-----------------------------------------------------------------------------
                                  1.00   data required time
                                 -2.53   data arrival time
-----------------------------------------------------------------------------
                                  1.53   slack (MET)


Startpoint: rst (input port clocked by clk)
Endpoint: _354_ (removal check against rising-edge clock clk)
Path Group: asynchronous
Path Type: min
Corner: Typical

Fanout     Cap    Slew   Delay    Time   Description
-----------------------------------------------------------------------------
                          0.00    0.00   clock clk (rise edge)
                          0.00    0.00   clock network delay (propagated)
                          2.00    2.00 v input external delay
     1    0.00    0.01    0.00    2.00 v rst (in)
                                         rst (net)
                  0.01    0.00    2.00 v input1/A (sky130_fd_sc_hd__clkbuf_4)
     5    0.07    0.14    0.20    2.21 v input1/X (sky130_fd_sc_hd__clkbuf_4)
                                         net1 (net)
                  0.14    0.00    2.21 v _317_/A (sky130_fd_sc_hd__clkbuf_8)
    10    0.07    0.09    0.22    2.43 v _317_/X (sky130_fd_sc_hd__clkbuf_8)
                                         _161_ (net)
                  0.09    0.00    2.44 v _322_/A (sky130_fd_sc_hd__inv_2)
     1    0.01    0.08    0.09    2.53 ^ _322_/Y (sky130_fd_sc_hd__inv_2)
                                         _052_ (net)
                  0.08    0.00    2.53 ^ _354_/RESET_B (sky130_fd_sc_hd__dfrtp_4)
                                  2.53   data arrival time

                          0.00    0.00   clock clk (rise edge)
                          0.00    0.00   clock source latency
     1    0.02    0.11    0.08    0.08 ^ clk (in)
                                         clk (net)
                  0.11    0.00    0.08 ^ clkbuf_0_clk/A (sky130_fd_sc_hd__clkbuf_16)
     4    0.05    0.07    0.18    0.26 ^ clkbuf_0_clk/X (sky130_fd_sc_hd__clkbuf_16)
                                         clknet_0_clk (net)
                  0.07    0.00    0.26 ^ clkbuf_2_3__f_clk/A (sky130_fd_sc_hd__clkbuf_16)
     8    0.04    0.06    0.16    0.42 ^ clkbuf_2_3__f_clk/X (sky130_fd_sc_hd__clkbuf_16)
                                         clknet_2_3__leaf_clk (net)
                  0.06    0.00    0.42 ^ _354_/CLK (sky130_fd_sc_hd__dfrtp_4)
                          0.25    0.67   clock uncertainty
                          0.00    0.67   clock reconvergence pessimism
                          0.33    1.00   library removal time
                                  1.00   data required time
-----------------------------------------------------------------------------
                                  1.00   data required time
                                 -2.53   data arrival time
-----------------------------------------------------------------------------
                                  1.53   slack (MET)


Startpoint: rst (input port clocked by clk)
Endpoint: _355_ (removal check against rising-edge clock clk)
Path Group: asynchronous
Path Type: min
Corner: Typical

Fanout     Cap    Slew   Delay    Time   Description
-----------------------------------------------------------------------------
                          0.00    0.00   clock clk (rise edge)
                          0.00    0.00   clock network delay (propagated)
                          2.00    2.00 v input external delay
     1    0.00    0.01    0.00    2.00 v rst (in)
                                         rst (net)
                  0.01    0.00    2.00 v input1/A (sky130_fd_sc_hd__clkbuf_4)
     5    0.07    0.14    0.20    2.21 v input1/X (sky130_fd_sc_hd__clkbuf_4)
                                         net1 (net)
                  0.14    0.00    2.21 v _317_/A (sky130_fd_sc_hd__clkbuf_8)
    10    0.07    0.09    0.22    2.43 v _317_/X (sky130_fd_sc_hd__clkbuf_8)
                                         _161_ (net)
                  0.09    0.00    2.44 v _323_/A (sky130_fd_sc_hd__inv_2)
     1    0.01    0.07    0.09    2.52 ^ _323_/Y (sky130_fd_sc_hd__inv_2)
                                         _053_ (net)
                  0.07    0.00    2.53 ^ _355_/RESET_B (sky130_fd_sc_hd__dfrtp_4)
                                  2.53   data arrival time

                          0.00    0.00   clock clk (rise edge)
                          0.00    0.00   clock source latency
     1    0.02    0.11    0.08    0.08 ^ clk (in)
                                         clk (net)
                  0.11    0.00    0.08 ^ clkbuf_0_clk/A (sky130_fd_sc_hd__clkbuf_16)
     4    0.05    0.07    0.18    0.26 ^ clkbuf_0_clk/X (sky130_fd_sc_hd__clkbuf_16)
                                         clknet_0_clk (net)
                  0.07    0.00    0.26 ^ clkbuf_2_1__f_clk/A (sky130_fd_sc_hd__clkbuf_16)
    11    0.04    0.06    0.15    0.42 ^ clkbuf_2_1__f_clk/X (sky130_fd_sc_hd__clkbuf_16)
                                         clknet_2_1__leaf_clk (net)
                  0.06    0.00    0.42 ^ _355_/CLK (sky130_fd_sc_hd__dfrtp_4)
                          0.25    0.67   clock uncertainty
                          0.00    0.67   clock reconvergence pessimism
                          0.33    1.00   library removal time
                                  1.00   data required time
-----------------------------------------------------------------------------
                                  1.00   data required time
                                 -2.53   data arrival time
-----------------------------------------------------------------------------
                                  1.53   slack (MET)


Startpoint: rst (input port clocked by clk)
Endpoint: _349_ (removal check against rising-edge clock clk)
Path Group: asynchronous
Path Type: min
Corner: Typical

Fanout     Cap    Slew   Delay    Time   Description
-----------------------------------------------------------------------------
                          0.00    0.00   clock clk (rise edge)
                          0.00    0.00   clock network delay (propagated)
                          2.00    2.00 v input external delay
     1    0.00    0.01    0.00    2.00 v rst (in)
                                         rst (net)
                  0.01    0.00    2.00 v input1/A (sky130_fd_sc_hd__clkbuf_4)
     5    0.07    0.14    0.20    2.21 v input1/X (sky130_fd_sc_hd__clkbuf_4)
                                         net1 (net)
                  0.14    0.00    2.21 v _306_/A (sky130_fd_sc_hd__clkbuf_8)
    10    0.08    0.09    0.23    2.44 v _306_/X (sky130_fd_sc_hd__clkbuf_8)
                                         _160_ (net)
                  0.09    0.00    2.44 v _316_/A (sky130_fd_sc_hd__inv_2)
     1    0.01    0.07    0.09    2.53 ^ _316_/Y (sky130_fd_sc_hd__inv_2)
                                         _047_ (net)
                  0.07    0.00    2.53 ^ _349_/RESET_B (sky130_fd_sc_hd__dfrtp_2)
                                  2.53   data arrival time

                          0.00    0.00   clock clk (rise edge)
                          0.00    0.00   clock source latency
     1    0.02    0.11    0.08    0.08 ^ clk (in)
                                         clk (net)
                  0.11    0.00    0.08 ^ clkbuf_0_clk/A (sky130_fd_sc_hd__clkbuf_16)
     4    0.05    0.07    0.18    0.26 ^ clkbuf_0_clk/X (sky130_fd_sc_hd__clkbuf_16)
                                         clknet_0_clk (net)
                  0.07    0.00    0.26 ^ clkbuf_2_3__f_clk/A (sky130_fd_sc_hd__clkbuf_16)
     8    0.04    0.06    0.16    0.42 ^ clkbuf_2_3__f_clk/X (sky130_fd_sc_hd__clkbuf_16)
                                         clknet_2_3__leaf_clk (net)
                  0.06    0.00    0.42 ^ _349_/CLK (sky130_fd_sc_hd__dfrtp_2)
                          0.25    0.67   clock uncertainty
                          0.00    0.67   clock reconvergence pessimism
                          0.33    1.00   library removal time
                                  1.00   data required time
-----------------------------------------------------------------------------
                                  1.00   data required time
                                 -2.53   data arrival time
-----------------------------------------------------------------------------
                                  1.53   slack (MET)


Startpoint: rst (input port clocked by clk)
Endpoint: _350_ (removal check against rising-edge clock clk)
Path Group: asynchronous
Path Type: min
Corner: Typical

Fanout     Cap    Slew   Delay    Time   Description
-----------------------------------------------------------------------------
                          0.00    0.00   clock clk (rise edge)
                          0.00    0.00   clock network delay (propagated)
                          2.00    2.00 v input external delay
     1    0.00    0.01    0.00    2.00 v rst (in)
                                         rst (net)
                  0.01    0.00    2.00 v input1/A (sky130_fd_sc_hd__clkbuf_4)
     5    0.07    0.14    0.20    2.21 v input1/X (sky130_fd_sc_hd__clkbuf_4)
                                         net1 (net)
                  0.14    0.00    2.21 v _317_/A (sky130_fd_sc_hd__clkbuf_8)
    10    0.07    0.09    0.22    2.43 v _317_/X (sky130_fd_sc_hd__clkbuf_8)
                                         _161_ (net)
                  0.09    0.00    2.44 v _318_/A (sky130_fd_sc_hd__inv_2)
     1    0.02    0.09    0.10    2.54 ^ _318_/Y (sky130_fd_sc_hd__inv_2)
                                         _048_ (net)
                  0.09    0.00    2.54 ^ _350_/RESET_B (sky130_fd_sc_hd__dfrtp_2)
                                  2.54   data arrival time

                          0.00    0.00   clock clk (rise edge)
                          0.00    0.00   clock source latency
     1    0.02    0.11    0.08    0.08 ^ clk (in)
                                         clk (net)
                  0.11    0.00    0.08 ^ clkbuf_0_clk/A (sky130_fd_sc_hd__clkbuf_16)
     4    0.05    0.07    0.18    0.26 ^ clkbuf_0_clk/X (sky130_fd_sc_hd__clkbuf_16)
                                         clknet_0_clk (net)
                  0.07    0.00    0.26 ^ clkbuf_2_3__f_clk/A (sky130_fd_sc_hd__clkbuf_16)
     8    0.04    0.06    0.16    0.42 ^ clkbuf_2_3__f_clk/X (sky130_fd_sc_hd__clkbuf_16)
                                         clknet_2_3__leaf_clk (net)
                  0.06    0.00    0.42 ^ _350_/CLK (sky130_fd_sc_hd__dfrtp_2)
                          0.25    0.67   clock uncertainty
                          0.00    0.67   clock reconvergence pessimism
                          0.34    1.00   library removal time
                                  1.00   data required time
-----------------------------------------------------------------------------
                                  1.00   data required time
                                 -2.54   data arrival time
-----------------------------------------------------------------------------
                                  1.53   slack (MET)


Startpoint: rst (input port clocked by clk)
Endpoint: _334_ (removal check against rising-edge clock clk)
Path Group: asynchronous
Path Type: min
Corner: Typical

Fanout     Cap    Slew   Delay    Time   Description
-----------------------------------------------------------------------------
                          0.00    0.00   clock clk (rise edge)
                          0.00    0.00   clock network delay (propagated)
                          2.00    2.00 v input external delay
     1    0.00    0.01    0.00    2.00 v rst (in)
                                         rst (net)
                  0.01    0.00    2.00 v input1/A (sky130_fd_sc_hd__clkbuf_4)
     5    0.07    0.14    0.20    2.21 v input1/X (sky130_fd_sc_hd__clkbuf_4)
                                         net1 (net)
                  0.14    0.00    2.21 v _295_/A (sky130_fd_sc_hd__buf_4)
    10    0.08    0.11    0.24    2.45 v _295_/X (sky130_fd_sc_hd__buf_4)
                                         _159_ (net)
                  0.11    0.00    2.45 v _300_/A (sky130_fd_sc_hd__inv_2)
     1    0.01    0.05    0.08    2.53 ^ _300_/Y (sky130_fd_sc_hd__inv_2)
                                         _032_ (net)
                  0.05    0.00    2.53 ^ _334_/RESET_B (sky130_fd_sc_hd__dfrtp_4)
                                  2.53   data arrival time

                          0.00    0.00   clock clk (rise edge)
                          0.00    0.00   clock source latency
     1    0.02    0.11    0.08    0.08 ^ clk (in)
                                         clk (net)
                  0.11    0.00    0.08 ^ clkbuf_0_clk/A (sky130_fd_sc_hd__clkbuf_16)
     4    0.05    0.07    0.18    0.26 ^ clkbuf_0_clk/X (sky130_fd_sc_hd__clkbuf_16)
                                         clknet_0_clk (net)
                  0.07    0.00    0.26 ^ clkbuf_2_1__f_clk/A (sky130_fd_sc_hd__clkbuf_16)
    11    0.04    0.06    0.15    0.42 ^ clkbuf_2_1__f_clk/X (sky130_fd_sc_hd__clkbuf_16)
                                         clknet_2_1__leaf_clk (net)
                  0.06    0.00    0.42 ^ _334_/CLK (sky130_fd_sc_hd__dfrtp_4)
                          0.25    0.67   clock uncertainty
                          0.00    0.67   clock reconvergence pessimism
                          0.33    0.99   library removal time
                                  0.99   data required time
-----------------------------------------------------------------------------
                                  0.99   data required time
                                 -2.53   data arrival time
-----------------------------------------------------------------------------
                                  1.54   slack (MET)


Startpoint: rst (input port clocked by clk)
Endpoint: _356_ (removal check against rising-edge clock clk)
Path Group: asynchronous
Path Type: min
Corner: Typical

Fanout     Cap    Slew   Delay    Time   Description
-----------------------------------------------------------------------------
                          0.00    0.00   clock clk (rise edge)
                          0.00    0.00   clock network delay (propagated)
                          2.00    2.00 v input external delay
     1    0.00    0.01    0.00    2.00 v rst (in)
                                         rst (net)
                  0.01    0.00    2.00 v input1/A (sky130_fd_sc_hd__clkbuf_4)
     5    0.07    0.14    0.20    2.21 v input1/X (sky130_fd_sc_hd__clkbuf_4)
                                         net1 (net)
                  0.14    0.00    2.21 v _317_/A (sky130_fd_sc_hd__clkbuf_8)
    10    0.07    0.09    0.22    2.43 v _317_/X (sky130_fd_sc_hd__clkbuf_8)
                                         _161_ (net)
                  0.09    0.00    2.44 v _324_/A (sky130_fd_sc_hd__inv_2)
     1    0.02    0.11    0.12    2.55 ^ _324_/Y (sky130_fd_sc_hd__inv_2)
                                         _054_ (net)
                  0.11    0.00    2.55 ^ _356_/RESET_B (sky130_fd_sc_hd__dfrtp_1)
                                  2.55   data arrival time

                          0.00    0.00   clock clk (rise edge)
                          0.00    0.00   clock source latency
     1    0.02    0.11    0.08    0.08 ^ clk (in)
                                         clk (net)
                  0.11    0.00    0.08 ^ clkbuf_0_clk/A (sky130_fd_sc_hd__clkbuf_16)
     4    0.05    0.07    0.18    0.26 ^ clkbuf_0_clk/X (sky130_fd_sc_hd__clkbuf_16)
                                         clknet_0_clk (net)
                  0.07    0.00    0.26 ^ clkbuf_2_1__f_clk/A (sky130_fd_sc_hd__clkbuf_16)
    11    0.04    0.06    0.15    0.42 ^ clkbuf_2_1__f_clk/X (sky130_fd_sc_hd__clkbuf_16)
                                         clknet_2_1__leaf_clk (net)
                  0.06    0.00    0.42 ^ _356_/CLK (sky130_fd_sc_hd__dfrtp_1)
                          0.25    0.67   clock uncertainty
                          0.00    0.67   clock reconvergence pessimism
                          0.34    1.01   library removal time
                                  1.01   data required time
-----------------------------------------------------------------------------
                                  1.01   data required time
                                 -2.55   data arrival time
-----------------------------------------------------------------------------
                                  1.55   slack (MET)


Startpoint: rst (input port clocked by clk)
Endpoint: _337_ (removal check against rising-edge clock clk)
Path Group: asynchronous
Path Type: min
Corner: Typical

Fanout     Cap    Slew   Delay    Time   Description
-----------------------------------------------------------------------------
                          0.00    0.00   clock clk (rise edge)
                          0.00    0.00   clock network delay (propagated)
                          2.00    2.00 v input external delay
     1    0.00    0.01    0.00    2.00 v rst (in)
                                         rst (net)
                  0.01    0.00    2.00 v input1/A (sky130_fd_sc_hd__clkbuf_4)
     5    0.07    0.14    0.20    2.21 v input1/X (sky130_fd_sc_hd__clkbuf_4)
                                         net1 (net)
                  0.14    0.00    2.21 v _295_/A (sky130_fd_sc_hd__buf_4)
    10    0.08    0.11    0.24    2.45 v _295_/X (sky130_fd_sc_hd__buf_4)
                                         _159_ (net)
                  0.11    0.00    2.45 v _303_/A (sky130_fd_sc_hd__inv_2)
     1    0.01    0.06    0.09    2.54 ^ _303_/Y (sky130_fd_sc_hd__inv_2)
                                         _035_ (net)
                  0.06    0.00    2.54 ^ _337_/RESET_B (sky130_fd_sc_hd__dfrtp_2)
                                  2.54   data arrival time

                          0.00    0.00   clock clk (rise edge)
                          0.00    0.00   clock source latency
     1    0.02    0.11    0.08    0.08 ^ clk (in)
                                         clk (net)
                  0.11    0.00    0.08 ^ clkbuf_0_clk/A (sky130_fd_sc_hd__clkbuf_16)
     4    0.05    0.07    0.18    0.26 ^ clkbuf_0_clk/X (sky130_fd_sc_hd__clkbuf_16)
                                         clknet_0_clk (net)
                  0.07    0.00    0.26 ^ clkbuf_2_1__f_clk/A (sky130_fd_sc_hd__clkbuf_16)
    11    0.04    0.06    0.15    0.42 ^ clkbuf_2_1__f_clk/X (sky130_fd_sc_hd__clkbuf_16)
                                         clknet_2_1__leaf_clk (net)
                  0.06    0.00    0.42 ^ _337_/CLK (sky130_fd_sc_hd__dfrtp_2)
                          0.25    0.67   clock uncertainty
                          0.00    0.67   clock reconvergence pessimism
                          0.33    0.99   library removal time
                                  0.99   data required time
-----------------------------------------------------------------------------
                                  0.99   data required time
                                 -2.54   data arrival time
-----------------------------------------------------------------------------
                                  1.55   slack (MET)


Startpoint: rst (input port clocked by clk)
Endpoint: _347_ (removal check against rising-edge clock clk)
Path Group: asynchronous
Path Type: min
Corner: Typical

Fanout     Cap    Slew   Delay    Time   Description
-----------------------------------------------------------------------------
                          0.00    0.00   clock clk (rise edge)
                          0.00    0.00   clock network delay (propagated)
                          2.00    2.00 v input external delay
     1    0.00    0.01    0.00    2.00 v rst (in)
                                         rst (net)
                  0.01    0.00    2.00 v input1/A (sky130_fd_sc_hd__clkbuf_4)
     5    0.07    0.14    0.20    2.21 v input1/X (sky130_fd_sc_hd__clkbuf_4)
                                         net1 (net)
                  0.14    0.00    2.21 v _306_/A (sky130_fd_sc_hd__clkbuf_8)
    10    0.08    0.09    0.23    2.44 v _306_/X (sky130_fd_sc_hd__clkbuf_8)
                                         _160_ (net)
                  0.09    0.01    2.44 v _314_/A (sky130_fd_sc_hd__inv_2)
     1    0.02    0.09    0.10    2.55 ^ _314_/Y (sky130_fd_sc_hd__inv_2)
                                         _045_ (net)
                  0.09    0.00    2.55 ^ _347_/RESET_B (sky130_fd_sc_hd__dfrtp_4)
                                  2.55   data arrival time

                          0.00    0.00   clock clk (rise edge)
                          0.00    0.00   clock source latency
     1    0.02    0.11    0.08    0.08 ^ clk (in)
                                         clk (net)
                  0.11    0.00    0.08 ^ clkbuf_0_clk/A (sky130_fd_sc_hd__clkbuf_16)
     4    0.05    0.07    0.18    0.26 ^ clkbuf_0_clk/X (sky130_fd_sc_hd__clkbuf_16)
                                         clknet_0_clk (net)
                  0.07    0.00    0.26 ^ clkbuf_2_1__f_clk/A (sky130_fd_sc_hd__clkbuf_16)
    11    0.04    0.06    0.15    0.42 ^ clkbuf_2_1__f_clk/X (sky130_fd_sc_hd__clkbuf_16)
                                         clknet_2_1__leaf_clk (net)
                  0.06    0.00    0.42 ^ _347_/CLK (sky130_fd_sc_hd__dfrtp_4)
                          0.25    0.67   clock uncertainty
                          0.00    0.67   clock reconvergence pessimism
                          0.33    1.00   library removal time
                                  1.00   data required time
-----------------------------------------------------------------------------
                                  1.00   data required time
                                 -2.55   data arrival time
-----------------------------------------------------------------------------
                                  1.55   slack (MET)


Startpoint: rst (input port clocked by clk)
Endpoint: _343_ (removal check against rising-edge clock clk)
Path Group: asynchronous
Path Type: min
Corner: Typical

Fanout     Cap    Slew   Delay    Time   Description
-----------------------------------------------------------------------------
                          0.00    0.00   clock clk (rise edge)
                          0.00    0.00   clock network delay (propagated)
                          2.00    2.00 v input external delay
     1    0.00    0.01    0.00    2.00 v rst (in)
                                         rst (net)
                  0.01    0.00    2.00 v input1/A (sky130_fd_sc_hd__clkbuf_4)
     5    0.07    0.14    0.20    2.21 v input1/X (sky130_fd_sc_hd__clkbuf_4)
                                         net1 (net)
                  0.14    0.00    2.21 v _306_/A (sky130_fd_sc_hd__clkbuf_8)
    10    0.08    0.09    0.23    2.44 v _306_/X (sky130_fd_sc_hd__clkbuf_8)
                                         _160_ (net)
                  0.09    0.01    2.45 v _310_/A (sky130_fd_sc_hd__inv_2)
     1    0.02    0.10    0.11    2.56 ^ _310_/Y (sky130_fd_sc_hd__inv_2)
                                         _041_ (net)
                  0.10    0.00    2.56 ^ _343_/RESET_B (sky130_fd_sc_hd__dfrtp_1)
                                  2.56   data arrival time

                          0.00    0.00   clock clk (rise edge)
                          0.00    0.00   clock source latency
     1    0.02    0.11    0.08    0.08 ^ clk (in)
                                         clk (net)
                  0.11    0.00    0.08 ^ clkbuf_0_clk/A (sky130_fd_sc_hd__clkbuf_16)
     4    0.05    0.07    0.18    0.26 ^ clkbuf_0_clk/X (sky130_fd_sc_hd__clkbuf_16)
                                         clknet_0_clk (net)
                  0.07    0.00    0.26 ^ clkbuf_2_0__f_clk/A (sky130_fd_sc_hd__clkbuf_16)
     9    0.04    0.06    0.16    0.42 ^ clkbuf_2_0__f_clk/X (sky130_fd_sc_hd__clkbuf_16)
                                         clknet_2_0__leaf_clk (net)
                  0.06    0.00    0.42 ^ _343_/CLK (sky130_fd_sc_hd__dfrtp_1)
                          0.25    0.67   clock uncertainty
                          0.00    0.67   clock reconvergence pessimism
                          0.34    1.01   library removal time
                                  1.01   data required time
-----------------------------------------------------------------------------
                                  1.01   data required time
                                 -2.56   data arrival time
-----------------------------------------------------------------------------
                                  1.55   slack (MET)


Startpoint: rst (input port clocked by clk)
Endpoint: _348_ (removal check against rising-edge clock clk)
Path Group: asynchronous
Path Type: min
Corner: Typical

Fanout     Cap    Slew   Delay    Time   Description
-----------------------------------------------------------------------------
                          0.00    0.00   clock clk (rise edge)
                          0.00    0.00   clock network delay (propagated)
                          2.00    2.00 v input external delay
     1    0.00    0.01    0.00    2.00 v rst (in)
                                         rst (net)
                  0.01    0.00    2.00 v input1/A (sky130_fd_sc_hd__clkbuf_4)
     5    0.07    0.14    0.20    2.21 v input1/X (sky130_fd_sc_hd__clkbuf_4)
                                         net1 (net)
                  0.14    0.00    2.21 v _306_/A (sky130_fd_sc_hd__clkbuf_8)
    10    0.08    0.09    0.23    2.44 v _306_/X (sky130_fd_sc_hd__clkbuf_8)
                                         _160_ (net)
                  0.09    0.01    2.44 v _315_/A (sky130_fd_sc_hd__inv_2)
     1    0.02    0.11    0.12    2.56 ^ _315_/Y (sky130_fd_sc_hd__inv_2)
                                         _046_ (net)
                  0.11    0.00    2.56 ^ _348_/RESET_B (sky130_fd_sc_hd__dfrtp_4)
                                  2.56   data arrival time

                          0.00    0.00   clock clk (rise edge)
                          0.00    0.00   clock source latency
     1    0.02    0.11    0.08    0.08 ^ clk (in)
                                         clk (net)
                  0.11    0.00    0.08 ^ clkbuf_0_clk/A (sky130_fd_sc_hd__clkbuf_16)
     4    0.05    0.07    0.18    0.26 ^ clkbuf_0_clk/X (sky130_fd_sc_hd__clkbuf_16)
                                         clknet_0_clk (net)
                  0.07    0.00    0.26 ^ clkbuf_2_0__f_clk/A (sky130_fd_sc_hd__clkbuf_16)
     9    0.04    0.06    0.16    0.42 ^ clkbuf_2_0__f_clk/X (sky130_fd_sc_hd__clkbuf_16)
                                         clknet_2_0__leaf_clk (net)
                  0.06    0.00    0.42 ^ _348_/CLK (sky130_fd_sc_hd__dfrtp_4)
                          0.25    0.67   clock uncertainty
                          0.00    0.67   clock reconvergence pessimism
                          0.34    1.01   library removal time
                                  1.01   data required time
-----------------------------------------------------------------------------
                                  1.01   data required time
                                 -2.56   data arrival time
-----------------------------------------------------------------------------
                                  1.55   slack (MET)


Startpoint: rst (input port clocked by clk)
Endpoint: _344_ (removal check against rising-edge clock clk)
Path Group: asynchronous
Path Type: min
Corner: Typical

Fanout     Cap    Slew   Delay    Time   Description
-----------------------------------------------------------------------------
                          0.00    0.00   clock clk (rise edge)
                          0.00    0.00   clock network delay (propagated)
                          2.00    2.00 v input external delay
     1    0.00    0.01    0.00    2.00 v rst (in)
                                         rst (net)
                  0.01    0.00    2.00 v input1/A (sky130_fd_sc_hd__clkbuf_4)
     5    0.07    0.14    0.20    2.21 v input1/X (sky130_fd_sc_hd__clkbuf_4)
                                         net1 (net)
                  0.14    0.00    2.21 v _306_/A (sky130_fd_sc_hd__clkbuf_8)
    10    0.08    0.09    0.23    2.44 v _306_/X (sky130_fd_sc_hd__clkbuf_8)
                                         _160_ (net)
                  0.09    0.01    2.45 v _311_/A (sky130_fd_sc_hd__inv_2)
     1    0.02    0.09    0.11    2.55 ^ _311_/Y (sky130_fd_sc_hd__inv_2)
                                         _042_ (net)
                  0.09    0.00    2.55 ^ _344_/RESET_B (sky130_fd_sc_hd__dfrtp_1)
                                  2.55   data arrival time

                          0.00    0.00   clock clk (rise edge)
                          0.00    0.00   clock source latency
     1    0.02    0.11    0.08    0.08 ^ clk (in)
                                         clk (net)
                  0.11    0.00    0.08 ^ clkbuf_0_clk/A (sky130_fd_sc_hd__clkbuf_16)
     4    0.05    0.07    0.18    0.26 ^ clkbuf_0_clk/X (sky130_fd_sc_hd__clkbuf_16)
                                         clknet_0_clk (net)
                  0.07    0.00    0.26 ^ clkbuf_2_1__f_clk/A (sky130_fd_sc_hd__clkbuf_16)
    11    0.04    0.06    0.15    0.42 ^ clkbuf_2_1__f_clk/X (sky130_fd_sc_hd__clkbuf_16)
                                         clknet_2_1__leaf_clk (net)
                  0.06    0.00    0.42 ^ _344_/CLK (sky130_fd_sc_hd__dfrtp_1)
                          0.25    0.67   clock uncertainty
                          0.00    0.67   clock reconvergence pessimism
                          0.34    1.00   library removal time
                                  1.00   data required time
-----------------------------------------------------------------------------
                                  1.00   data required time
                                 -2.55   data arrival time
-----------------------------------------------------------------------------
                                  1.55   slack (MET)


Startpoint: rst (input port clocked by clk)
Endpoint: _333_ (removal check against rising-edge clock clk)
Path Group: asynchronous
Path Type: min
Corner: Typical

Fanout     Cap    Slew   Delay    Time   Description
-----------------------------------------------------------------------------
                          0.00    0.00   clock clk (rise edge)
                          0.00    0.00   clock network delay (propagated)
                          2.00    2.00 v input external delay
     1    0.00    0.01    0.00    2.00 v rst (in)
                                         rst (net)
                  0.01    0.00    2.00 v input1/A (sky130_fd_sc_hd__clkbuf_4)
     5    0.07    0.14    0.20    2.21 v input1/X (sky130_fd_sc_hd__clkbuf_4)
                                         net1 (net)
                  0.14    0.00    2.21 v _295_/A (sky130_fd_sc_hd__buf_4)
    10    0.08    0.11    0.24    2.45 v _295_/X (sky130_fd_sc_hd__buf_4)
                                         _159_ (net)
                  0.11    0.00    2.45 v _299_/A (sky130_fd_sc_hd__inv_2)
     1    0.01    0.07    0.10    2.55 ^ _299_/Y (sky130_fd_sc_hd__inv_2)
                                         _031_ (net)
                  0.07    0.00    2.55 ^ _333_/RESET_B (sky130_fd_sc_hd__dfrtp_1)
                                  2.55   data arrival time

                          0.00    0.00   clock clk (rise edge)
                          0.00    0.00   clock source latency
     1    0.02    0.11    0.08    0.08 ^ clk (in)
                                         clk (net)
                  0.11    0.00    0.08 ^ clkbuf_0_clk/A (sky130_fd_sc_hd__clkbuf_16)
     4    0.05    0.07    0.18    0.26 ^ clkbuf_0_clk/X (sky130_fd_sc_hd__clkbuf_16)
                                         clknet_0_clk (net)
                  0.07    0.00    0.26 ^ clkbuf_2_3__f_clk/A (sky130_fd_sc_hd__clkbuf_16)
     8    0.04    0.06    0.16    0.42 ^ clkbuf_2_3__f_clk/X (sky130_fd_sc_hd__clkbuf_16)
                                         clknet_2_3__leaf_clk (net)
                  0.06    0.00    0.42 ^ _333_/CLK (sky130_fd_sc_hd__dfrtp_1)
                          0.25    0.67   clock uncertainty
                          0.00    0.67   clock reconvergence pessimism
                          0.33    1.00   library removal time
                                  1.00   data required time
-----------------------------------------------------------------------------
                                  1.00   data required time
                                 -2.55   data arrival time
-----------------------------------------------------------------------------
                                  1.55   slack (MET)


Startpoint: rst (input port clocked by clk)
Endpoint: _338_ (removal check against rising-edge clock clk)
Path Group: asynchronous
Path Type: min
Corner: Typical

Fanout     Cap    Slew   Delay    Time   Description
-----------------------------------------------------------------------------
                          0.00    0.00   clock clk (rise edge)
                          0.00    0.00   clock network delay (propagated)
                          2.00    2.00 v input external delay
     1    0.00    0.01    0.00    2.00 v rst (in)
                                         rst (net)
                  0.01    0.00    2.00 v input1/A (sky130_fd_sc_hd__clkbuf_4)
     5    0.07    0.14    0.20    2.21 v input1/X (sky130_fd_sc_hd__clkbuf_4)
                                         net1 (net)
                  0.14    0.00    2.21 v _295_/A (sky130_fd_sc_hd__buf_4)
    10    0.08    0.11    0.24    2.45 v _295_/X (sky130_fd_sc_hd__buf_4)
                                         _159_ (net)
                  0.11    0.00    2.45 v _304_/A (sky130_fd_sc_hd__inv_2)
     1    0.02    0.09    0.11    2.56 ^ _304_/Y (sky130_fd_sc_hd__inv_2)
                                         _036_ (net)
                  0.09    0.00    2.56 ^ _338_/RESET_B (sky130_fd_sc_hd__dfrtp_4)
                                  2.56   data arrival time

                          0.00    0.00   clock clk (rise edge)
                          0.00    0.00   clock source latency
     1    0.02    0.11    0.08    0.08 ^ clk (in)
                                         clk (net)
                  0.11    0.00    0.08 ^ clkbuf_0_clk/A (sky130_fd_sc_hd__clkbuf_16)
     4    0.05    0.07    0.18    0.26 ^ clkbuf_0_clk/X (sky130_fd_sc_hd__clkbuf_16)
                                         clknet_0_clk (net)
                  0.07    0.00    0.26 ^ clkbuf_2_3__f_clk/A (sky130_fd_sc_hd__clkbuf_16)
     8    0.04    0.06    0.16    0.42 ^ clkbuf_2_3__f_clk/X (sky130_fd_sc_hd__clkbuf_16)
                                         clknet_2_3__leaf_clk (net)
                  0.06    0.00    0.42 ^ _338_/CLK (sky130_fd_sc_hd__dfrtp_4)
                          0.25    0.67   clock uncertainty
                          0.00    0.67   clock reconvergence pessimism
                          0.34    1.00   library removal time
                                  1.00   data required time
-----------------------------------------------------------------------------
                                  1.00   data required time
                                 -2.56   data arrival time
-----------------------------------------------------------------------------
                                  1.56   slack (MET)


Startpoint: rst (input port clocked by clk)
Endpoint: _339_ (removal check against rising-edge clock clk)
Path Group: asynchronous
Path Type: min
Corner: Typical

Fanout     Cap    Slew   Delay    Time   Description
-----------------------------------------------------------------------------
                          0.00    0.00   clock clk (rise edge)
                          0.00    0.00   clock network delay (propagated)
                          2.00    2.00 v input external delay
     1    0.00    0.01    0.00    2.00 v rst (in)
                                         rst (net)
                  0.01    0.00    2.00 v input1/A (sky130_fd_sc_hd__clkbuf_4)
     5    0.07    0.14    0.20    2.21 v input1/X (sky130_fd_sc_hd__clkbuf_4)
                                         net1 (net)
                  0.14    0.00    2.21 v _295_/A (sky130_fd_sc_hd__buf_4)
    10    0.08    0.11    0.24    2.45 v _295_/X (sky130_fd_sc_hd__buf_4)
                                         _159_ (net)
                  0.11    0.00    2.45 v _305_/A (sky130_fd_sc_hd__inv_2)
     1    0.02    0.10    0.12    2.57 ^ _305_/Y (sky130_fd_sc_hd__inv_2)
                                         _037_ (net)
                  0.10    0.00    2.57 ^ _339_/RESET_B (sky130_fd_sc_hd__dfrtp_2)
                                  2.57   data arrival time

                          0.00    0.00   clock clk (rise edge)
                          0.00    0.00   clock source latency
     1    0.02    0.11    0.08    0.08 ^ clk (in)
                                         clk (net)
                  0.11    0.00    0.08 ^ clkbuf_0_clk/A (sky130_fd_sc_hd__clkbuf_16)
     4    0.05    0.07    0.18    0.26 ^ clkbuf_0_clk/X (sky130_fd_sc_hd__clkbuf_16)
                                         clknet_0_clk (net)
                  0.07    0.00    0.26 ^ clkbuf_2_0__f_clk/A (sky130_fd_sc_hd__clkbuf_16)
     9    0.04    0.06    0.16    0.42 ^ clkbuf_2_0__f_clk/X (sky130_fd_sc_hd__clkbuf_16)
                                         clknet_2_0__leaf_clk (net)
                  0.06    0.00    0.42 ^ _339_/CLK (sky130_fd_sc_hd__dfrtp_2)
                          0.25    0.67   clock uncertainty
                          0.00    0.67   clock reconvergence pessimism
                          0.34    1.01   library removal time
                                  1.01   data required time
-----------------------------------------------------------------------------
                                  1.01   data required time
                                 -2.57   data arrival time
-----------------------------------------------------------------------------
                                  1.56   slack (MET)


Startpoint: rst (input port clocked by clk)
Endpoint: _332_ (removal check against rising-edge clock clk)
Path Group: asynchronous
Path Type: min
Corner: Typical

Fanout     Cap    Slew   Delay    Time   Description
-----------------------------------------------------------------------------
                          0.00    0.00   clock clk (rise edge)
                          0.00    0.00   clock network delay (propagated)
                          2.00    2.00 v input external delay
     1    0.00    0.01    0.00    2.00 v rst (in)
                                         rst (net)
                  0.01    0.00    2.00 v input1/A (sky130_fd_sc_hd__clkbuf_4)
     5    0.07    0.14    0.20    2.21 v input1/X (sky130_fd_sc_hd__clkbuf_4)
                                         net1 (net)
                  0.14    0.00    2.21 v _295_/A (sky130_fd_sc_hd__buf_4)
    10    0.08    0.11    0.24    2.45 v _295_/X (sky130_fd_sc_hd__buf_4)
                                         _159_ (net)
                  0.11    0.00    2.45 v _298_/A (sky130_fd_sc_hd__inv_2)
     1    0.02    0.09    0.11    2.56 ^ _298_/Y (sky130_fd_sc_hd__inv_2)
                                         _030_ (net)
                  0.09    0.00    2.57 ^ _332_/RESET_B (sky130_fd_sc_hd__dfrtp_4)
                                  2.57   data arrival time

                          0.00    0.00   clock clk (rise edge)
                          0.00    0.00   clock source latency
     1    0.02    0.11    0.08    0.08 ^ clk (in)
                                         clk (net)
                  0.11    0.00    0.08 ^ clkbuf_0_clk/A (sky130_fd_sc_hd__clkbuf_16)
     4    0.05    0.07    0.18    0.26 ^ clkbuf_0_clk/X (sky130_fd_sc_hd__clkbuf_16)
                                         clknet_0_clk (net)
                  0.07    0.00    0.26 ^ clkbuf_2_1__f_clk/A (sky130_fd_sc_hd__clkbuf_16)
    11    0.04    0.06    0.15    0.42 ^ clkbuf_2_1__f_clk/X (sky130_fd_sc_hd__clkbuf_16)
                                         clknet_2_1__leaf_clk (net)
                  0.06    0.00    0.42 ^ _332_/CLK (sky130_fd_sc_hd__dfrtp_4)
                          0.25    0.67   clock uncertainty
                          0.00    0.67   clock reconvergence pessimism
                          0.34    1.00   library removal time
                                  1.00   data required time
-----------------------------------------------------------------------------
                                  1.00   data required time
                                 -2.57   data arrival time
-----------------------------------------------------------------------------
                                  1.56   slack (MET)


Startpoint: rst (input port clocked by clk)
Endpoint: _330_ (removal check against rising-edge clock clk)
Path Group: asynchronous
Path Type: min
Corner: Typical

Fanout     Cap    Slew   Delay    Time   Description
-----------------------------------------------------------------------------
                          0.00    0.00   clock clk (rise edge)
                          0.00    0.00   clock network delay (propagated)
                          2.00    2.00 v input external delay
     1    0.00    0.01    0.00    2.00 v rst (in)
                                         rst (net)
                  0.01    0.00    2.00 v input1/A (sky130_fd_sc_hd__clkbuf_4)
     5    0.07    0.14    0.20    2.21 v input1/X (sky130_fd_sc_hd__clkbuf_4)
                                         net1 (net)
                  0.14    0.00    2.21 v _295_/A (sky130_fd_sc_hd__buf_4)
    10    0.08    0.11    0.24    2.45 v _295_/X (sky130_fd_sc_hd__buf_4)
                                         _159_ (net)
                  0.11    0.00    2.45 v _296_/A (sky130_fd_sc_hd__inv_2)
     1    0.02    0.10    0.11    2.57 ^ _296_/Y (sky130_fd_sc_hd__inv_2)
                                         _028_ (net)
                  0.10    0.00    2.57 ^ _330_/RESET_B (sky130_fd_sc_hd__dfrtp_4)
                                  2.57   data arrival time

                          0.00    0.00   clock clk (rise edge)
                          0.00    0.00   clock source latency
     1    0.02    0.11    0.08    0.08 ^ clk (in)
                                         clk (net)
                  0.11    0.00    0.08 ^ clkbuf_0_clk/A (sky130_fd_sc_hd__clkbuf_16)
     4    0.05    0.07    0.18    0.26 ^ clkbuf_0_clk/X (sky130_fd_sc_hd__clkbuf_16)
                                         clknet_0_clk (net)
                  0.07    0.00    0.26 ^ clkbuf_2_1__f_clk/A (sky130_fd_sc_hd__clkbuf_16)
    11    0.04    0.06    0.15    0.42 ^ clkbuf_2_1__f_clk/X (sky130_fd_sc_hd__clkbuf_16)
                                         clknet_2_1__leaf_clk (net)
                  0.06    0.00    0.42 ^ _330_/CLK (sky130_fd_sc_hd__dfrtp_4)
                          0.25    0.67   clock uncertainty
                          0.00    0.67   clock reconvergence pessimism
                          0.34    1.00   library removal time
                                  1.00   data required time
-----------------------------------------------------------------------------
                                  1.00   data required time
                                 -2.57   data arrival time
-----------------------------------------------------------------------------
                                  1.57   slack (MET)


Startpoint: rst (input port clocked by clk)
Endpoint: _340_ (removal check against rising-edge clock clk)
Path Group: asynchronous
Path Type: min
Corner: Typical

Fanout     Cap    Slew   Delay    Time   Description
-----------------------------------------------------------------------------
                          0.00    0.00   clock clk (rise edge)
                          0.00    0.00   clock network delay (propagated)
                          2.00    2.00 v input external delay
     1    0.00    0.01    0.00    2.00 v rst (in)
                                         rst (net)
                  0.01    0.00    2.00 v input1/A (sky130_fd_sc_hd__clkbuf_4)
     5    0.07    0.14    0.20    2.21 v input1/X (sky130_fd_sc_hd__clkbuf_4)
                                         net1 (net)
                  0.14    0.00    2.21 v _306_/A (sky130_fd_sc_hd__clkbuf_8)
    10    0.08    0.09    0.23    2.44 v _306_/X (sky130_fd_sc_hd__clkbuf_8)
                                         _160_ (net)
                  0.09    0.01    2.44 v _307_/A (sky130_fd_sc_hd__inv_2)
     1    0.03    0.15    0.15    2.59 ^ _307_/Y (sky130_fd_sc_hd__inv_2)
                                         _038_ (net)
                  0.15    0.00    2.60 ^ _340_/RESET_B (sky130_fd_sc_hd__dfrtp_4)
                                  2.60   data arrival time

                          0.00    0.00   clock clk (rise edge)
                          0.00    0.00   clock source latency
     1    0.02    0.11    0.08    0.08 ^ clk (in)
                                         clk (net)
                  0.11    0.00    0.08 ^ clkbuf_0_clk/A (sky130_fd_sc_hd__clkbuf_16)
     4    0.05    0.07    0.18    0.26 ^ clkbuf_0_clk/X (sky130_fd_sc_hd__clkbuf_16)
                                         clknet_0_clk (net)
                  0.07    0.00    0.26 ^ clkbuf_2_0__f_clk/A (sky130_fd_sc_hd__clkbuf_16)
     9    0.04    0.06    0.16    0.42 ^ clkbuf_2_0__f_clk/X (sky130_fd_sc_hd__clkbuf_16)
                                         clknet_2_0__leaf_clk (net)
                  0.06    0.00    0.42 ^ _340_/CLK (sky130_fd_sc_hd__dfrtp_4)
                          0.25    0.67   clock uncertainty
                          0.00    0.67   clock reconvergence pessimism
                          0.36    1.03   library removal time
                                  1.03   data required time
-----------------------------------------------------------------------------
                                  1.03   data required time
                                 -2.60   data arrival time
-----------------------------------------------------------------------------
                                  1.57   slack (MET)


Startpoint: rst (input port clocked by clk)
Endpoint: _336_ (removal check against rising-edge clock clk)
Path Group: asynchronous
Path Type: min
Corner: Typical

Fanout     Cap    Slew   Delay    Time   Description
-----------------------------------------------------------------------------
                          0.00    0.00   clock clk (rise edge)
                          0.00    0.00   clock network delay (propagated)
                          2.00    2.00 v input external delay
     1    0.00    0.01    0.00    2.00 v rst (in)
                                         rst (net)
                  0.01    0.00    2.00 v input1/A (sky130_fd_sc_hd__clkbuf_4)
     5    0.07    0.14    0.20    2.21 v input1/X (sky130_fd_sc_hd__clkbuf_4)
                                         net1 (net)
                  0.14    0.00    2.21 v _295_/A (sky130_fd_sc_hd__buf_4)
    10    0.08    0.11    0.24    2.45 v _295_/X (sky130_fd_sc_hd__buf_4)
                                         _159_ (net)
                  0.11    0.00    2.45 v _302_/A (sky130_fd_sc_hd__inv_2)
     1    0.02    0.12    0.13    2.58 ^ _302_/Y (sky130_fd_sc_hd__inv_2)
                                         _034_ (net)
                  0.12    0.00    2.58 ^ _336_/RESET_B (sky130_fd_sc_hd__dfrtp_2)
                                  2.58   data arrival time

                          0.00    0.00   clock clk (rise edge)
                          0.00    0.00   clock source latency
     1    0.02    0.11    0.08    0.08 ^ clk (in)
                                         clk (net)
                  0.11    0.00    0.08 ^ clkbuf_0_clk/A (sky130_fd_sc_hd__clkbuf_16)
     4    0.05    0.07    0.18    0.26 ^ clkbuf_0_clk/X (sky130_fd_sc_hd__clkbuf_16)
                                         clknet_0_clk (net)
                  0.07    0.00    0.26 ^ clkbuf_2_1__f_clk/A (sky130_fd_sc_hd__clkbuf_16)
    11    0.04    0.06    0.15    0.42 ^ clkbuf_2_1__f_clk/X (sky130_fd_sc_hd__clkbuf_16)
                                         clknet_2_1__leaf_clk (net)
                  0.06    0.00    0.42 ^ _336_/CLK (sky130_fd_sc_hd__dfrtp_2)
                          0.25    0.67   clock uncertainty
                          0.00    0.67   clock reconvergence pessimism
                          0.34    1.01   library removal time
                                  1.01   data required time
-----------------------------------------------------------------------------
                                  1.01   data required time
                                 -2.58   data arrival time
-----------------------------------------------------------------------------
                                  1.57   slack (MET)


Startpoint: _359_ (rising edge-triggered flip-flop clocked by clk)
Endpoint: seg[6] (output port clocked by clk)
Path Group: clk
Path Type: min
Corner: Typical

Fanout     Cap    Slew   Delay    Time   Description
-----------------------------------------------------------------------------
                          0.00    0.00   clock clk (rise edge)
                          0.00    0.00   clock source latency
     1    0.02    0.11    0.07    0.07 ^ clk (in)
                                         clk (net)
                  0.11    0.00    0.07 ^ clkbuf_0_clk/A (sky130_fd_sc_hd__clkbuf_16)
     4    0.05    0.07    0.16    0.24 ^ clkbuf_0_clk/X (sky130_fd_sc_hd__clkbuf_16)
                                         clknet_0_clk (net)
                  0.07    0.00    0.24 ^ clkbuf_2_0__f_clk/A (sky130_fd_sc_hd__clkbuf_16)
     9    0.04    0.06    0.14    0.38 ^ clkbuf_2_0__f_clk/X (sky130_fd_sc_hd__clkbuf_16)
                                         clknet_2_0__leaf_clk (net)
                  0.06    0.00    0.38 ^ _359_/CLK (sky130_fd_sc_hd__dfrtp_4)
     7    0.05    0.17    0.49    0.87 ^ _359_/Q (sky130_fd_sc_hd__dfrtp_4)
                                         decoder.digit[1] (net)
                  0.17    0.00    0.87 ^ _294_/A1 (sky130_fd_sc_hd__a21boi_2)
     2    0.02    0.07    0.11    0.98 v _294_/Y (sky130_fd_sc_hd__a21boi_2)
                                         net8 (net)
                  0.07    0.00    0.98 v output8/A (sky130_fd_sc_hd__buf_2)
     1    0.03    0.09    0.18    1.16 v output8/X (sky130_fd_sc_hd__buf_2)
                                         seg[6] (net)
                  0.09    0.00    1.16 v seg[6] (out)
                                  1.16   data arrival time

                          0.00    0.00   clock clk (rise edge)
                          0.00    0.00   clock network delay (propagated)
                          0.25    0.25   clock uncertainty
                          0.00    0.25   clock reconvergence pessimism
                         -2.00   -1.75   output external delay
                                 -1.75   data required time
-----------------------------------------------------------------------------
                                 -1.75   data required time
                                 -1.16   data arrival time
-----------------------------------------------------------------------------
                                  2.91   slack (MET)


Startpoint: _358_ (rising edge-triggered flip-flop clocked by clk)
Endpoint: seg[2] (output port clocked by clk)
Path Group: clk
Path Type: min
Corner: Typical

Fanout     Cap    Slew   Delay    Time   Description
-----------------------------------------------------------------------------
                          0.00    0.00   clock clk (rise edge)
                          0.00    0.00   clock source latency
     1    0.02    0.11    0.07    0.07 ^ clk (in)
                                         clk (net)
                  0.11    0.00    0.07 ^ clkbuf_0_clk/A (sky130_fd_sc_hd__clkbuf_16)
     4    0.05    0.07    0.16    0.24 ^ clkbuf_0_clk/X (sky130_fd_sc_hd__clkbuf_16)
                                         clknet_0_clk (net)
                  0.07    0.00    0.24 ^ clkbuf_2_2__f_clk/A (sky130_fd_sc_hd__clkbuf_16)
     7    0.05    0.07    0.15    0.38 ^ clkbuf_2_2__f_clk/X (sky130_fd_sc_hd__clkbuf_16)
                                         clknet_2_2__leaf_clk (net)
                  0.07    0.00    0.39 ^ _358_/CLK (sky130_fd_sc_hd__dfrtp_4)
     8    0.06    0.18    0.50    0.88 ^ _358_/Q (sky130_fd_sc_hd__dfrtp_4)
                                         decoder.digit[0] (net)
                  0.18    0.00    0.88 ^ _289_/A1 (sky130_fd_sc_hd__a21oi_1)
     1    0.02    0.13    0.15    1.04 v _289_/Y (sky130_fd_sc_hd__a21oi_1)
                                         net4 (net)
                  0.13    0.00    1.04 v output4/A (sky130_fd_sc_hd__buf_2)
     1    0.03    0.09    0.21    1.24 v output4/X (sky130_fd_sc_hd__buf_2)
                                         seg[2] (net)
                  0.09    0.00    1.24 v seg[2] (out)
                                  1.24   data arrival time

                          0.00    0.00   clock clk (rise edge)
                          0.00    0.00   clock network delay (propagated)
                          0.25    0.25   clock uncertainty
                          0.00    0.25   clock reconvergence pessimism
                         -2.00   -1.75   output external delay
                                 -1.75   data required time
-----------------------------------------------------------------------------
                                 -1.75   data required time
                                 -1.24   data arrival time
-----------------------------------------------------------------------------
                                  2.99   slack (MET)


Startpoint: _361_ (rising edge-triggered flip-flop clocked by clk)
Endpoint: seg[3] (output port clocked by clk)
Path Group: clk
Path Type: min
Corner: Typical

Fanout     Cap    Slew   Delay    Time   Description
-----------------------------------------------------------------------------
                          0.00    0.00   clock clk (rise edge)
                          0.00    0.00   clock source latency
     1    0.02    0.11    0.07    0.07 ^ clk (in)
                                         clk (net)
                  0.11    0.00    0.07 ^ clkbuf_0_clk/A (sky130_fd_sc_hd__clkbuf_16)
     4    0.05    0.07    0.16    0.24 ^ clkbuf_0_clk/X (sky130_fd_sc_hd__clkbuf_16)
                                         clknet_0_clk (net)
                  0.07    0.00    0.24 ^ clkbuf_2_0__f_clk/A (sky130_fd_sc_hd__clkbuf_16)
     9    0.04    0.06    0.14    0.38 ^ clkbuf_2_0__f_clk/X (sky130_fd_sc_hd__clkbuf_16)
                                         clknet_2_0__leaf_clk (net)
                  0.06    0.00    0.38 ^ _361_/CLK (sky130_fd_sc_hd__dfrtp_4)
     6    0.05    0.16    0.48    0.86 ^ _361_/Q (sky130_fd_sc_hd__dfrtp_4)
                                         decoder.digit[3] (net)
                  0.16    0.00    0.86 ^ _287_/D1 (sky130_fd_sc_hd__a2111o_1)
     2    0.02    0.18    0.20    1.06 ^ _287_/X (sky130_fd_sc_hd__a2111o_1)
                                         net5 (net)
                  0.18    0.00    1.06 ^ output5/A (sky130_fd_sc_hd__buf_2)
     1    0.03    0.17    0.23    1.29 ^ output5/X (sky130_fd_sc_hd__buf_2)
                                         seg[3] (net)
                  0.17    0.00    1.29 ^ seg[3] (out)
                                  1.29   data arrival time

                          0.00    0.00   clock clk (rise edge)
                          0.00    0.00   clock network delay (propagated)
                          0.25    0.25   clock uncertainty
                          0.00    0.25   clock reconvergence pessimism
                         -2.00   -1.75   output external delay
                                 -1.75   data required time
-----------------------------------------------------------------------------
                                 -1.75   data required time
                                 -1.29   data arrival time
-----------------------------------------------------------------------------
                                  3.04   slack (MET)


Startpoint: _361_ (rising edge-triggered flip-flop clocked by clk)
Endpoint: seg[5] (output port clocked by clk)
Path Group: clk
Path Type: min
Corner: Typical

Fanout     Cap    Slew   Delay    Time   Description
-----------------------------------------------------------------------------
                          0.00    0.00   clock clk (rise edge)
                          0.00    0.00   clock source latency
     1    0.02    0.11    0.07    0.07 ^ clk (in)
                                         clk (net)
                  0.11    0.00    0.07 ^ clkbuf_0_clk/A (sky130_fd_sc_hd__clkbuf_16)
     4    0.05    0.07    0.16    0.24 ^ clkbuf_0_clk/X (sky130_fd_sc_hd__clkbuf_16)
                                         clknet_0_clk (net)
                  0.07    0.00    0.24 ^ clkbuf_2_0__f_clk/A (sky130_fd_sc_hd__clkbuf_16)
     9    0.04    0.06    0.14    0.38 ^ clkbuf_2_0__f_clk/X (sky130_fd_sc_hd__clkbuf_16)
                                         clknet_2_0__leaf_clk (net)
                  0.06    0.00    0.38 ^ _361_/CLK (sky130_fd_sc_hd__dfrtp_4)
     6    0.05    0.16    0.48    0.86 ^ _361_/Q (sky130_fd_sc_hd__dfrtp_4)
                                         decoder.digit[3] (net)
                  0.16    0.00    0.86 ^ _292_/A (sky130_fd_sc_hd__or3_1)
     1    0.01    0.09    0.16    1.02 ^ _292_/X (sky130_fd_sc_hd__or3_1)
                                         _158_ (net)
                  0.09    0.00    1.02 ^ _293_/A (sky130_fd_sc_hd__clkbuf_1)
     1    0.00    0.05    0.09    1.12 ^ _293_/X (sky130_fd_sc_hd__clkbuf_1)
                                         net7 (net)
                  0.05    0.00    1.12 ^ output7/A (sky130_fd_sc_hd__buf_2)
     1    0.03    0.17    0.19    1.30 ^ output7/X (sky130_fd_sc_hd__buf_2)
                                         seg[5] (net)
                  0.17    0.00    1.31 ^ seg[5] (out)
                                  1.31   data arrival time

                          0.00    0.00   clock clk (rise edge)
                          0.00    0.00   clock network delay (propagated)
                          0.25    0.25   clock uncertainty
                          0.00    0.25   clock reconvergence pessimism
                         -2.00   -1.75   output external delay
                                 -1.75   data required time
-----------------------------------------------------------------------------
                                 -1.75   data required time
                                 -1.31   data arrival time
-----------------------------------------------------------------------------
                                  3.06   slack (MET)


Startpoint: _361_ (rising edge-triggered flip-flop clocked by clk)
Endpoint: seg[4] (output port clocked by clk)
Path Group: clk
Path Type: min
Corner: Typical

Fanout     Cap    Slew   Delay    Time   Description
-----------------------------------------------------------------------------
                          0.00    0.00   clock clk (rise edge)
                          0.00    0.00   clock source latency
     1    0.02    0.11    0.07    0.07 ^ clk (in)
                                         clk (net)
                  0.11    0.00    0.07 ^ clkbuf_0_clk/A (sky130_fd_sc_hd__clkbuf_16)
     4    0.05    0.07    0.16    0.24 ^ clkbuf_0_clk/X (sky130_fd_sc_hd__clkbuf_16)
                                         clknet_0_clk (net)
                  0.07    0.00    0.24 ^ clkbuf_2_0__f_clk/A (sky130_fd_sc_hd__clkbuf_16)
     9    0.04    0.06    0.14    0.38 ^ clkbuf_2_0__f_clk/X (sky130_fd_sc_hd__clkbuf_16)
                                         clknet_2_0__leaf_clk (net)
                  0.06    0.00    0.38 ^ _361_/CLK (sky130_fd_sc_hd__dfrtp_4)
     6    0.05    0.16    0.48    0.86 ^ _361_/Q (sky130_fd_sc_hd__dfrtp_4)
                                         decoder.digit[3] (net)
                  0.16    0.00    0.86 ^ _290_/A (sky130_fd_sc_hd__or3_1)
     1    0.01    0.07    0.14    1.00 ^ _290_/X (sky130_fd_sc_hd__or3_1)
                                         _157_ (net)
                  0.07    0.00    1.00 ^ _291_/A (sky130_fd_sc_hd__buf_1)
     1    0.01    0.15    0.15    1.15 ^ _291_/X (sky130_fd_sc_hd__buf_1)
                                         net6 (net)
                  0.15    0.00    1.15 ^ output6/A (sky130_fd_sc_hd__buf_2)
     1    0.04    0.17    0.22    1.38 ^ output6/X (sky130_fd_sc_hd__buf_2)
                                         seg[4] (net)
                  0.17    0.00    1.38 ^ seg[4] (out)
                                  1.38   data arrival time

                          0.00    0.00   clock clk (rise edge)
                          0.00    0.00   clock network delay (propagated)
                          0.25    0.25   clock uncertainty
                          0.00    0.25   clock reconvergence pessimism
                         -2.00   -1.75   output external delay
                                 -1.75   data required time
-----------------------------------------------------------------------------
                                 -1.75   data required time
                                 -1.38   data arrival time
-----------------------------------------------------------------------------
                                  3.13   slack (MET)


Startpoint: _361_ (rising edge-triggered flip-flop clocked by clk)
Endpoint: seg[0] (output port clocked by clk)
Path Group: clk
Path Type: min
Corner: Typical

Fanout     Cap    Slew   Delay    Time   Description
-----------------------------------------------------------------------------
                          0.00    0.00   clock clk (rise edge)
                          0.00    0.00   clock source latency
     1    0.02    0.11    0.07    0.07 ^ clk (in)
                                         clk (net)
                  0.11    0.00    0.07 ^ clkbuf_0_clk/A (sky130_fd_sc_hd__clkbuf_16)
     4    0.05    0.07    0.16    0.24 ^ clkbuf_0_clk/X (sky130_fd_sc_hd__clkbuf_16)
                                         clknet_0_clk (net)
                  0.07    0.00    0.24 ^ clkbuf_2_0__f_clk/A (sky130_fd_sc_hd__clkbuf_16)
     9    0.04    0.06    0.14    0.38 ^ clkbuf_2_0__f_clk/X (sky130_fd_sc_hd__clkbuf_16)
                                         clknet_2_0__leaf_clk (net)
                  0.06    0.00    0.38 ^ _361_/CLK (sky130_fd_sc_hd__dfrtp_4)
     6    0.05    0.16    0.48    0.86 ^ _361_/Q (sky130_fd_sc_hd__dfrtp_4)
                                         decoder.digit[3] (net)
                  0.16    0.00    0.86 ^ _287_/D1 (sky130_fd_sc_hd__a2111o_1)
     2    0.02    0.18    0.20    1.06 ^ _287_/X (sky130_fd_sc_hd__a2111o_1)
                                         net5 (net)
                  0.18    0.00    1.06 ^ _370_/A (sky130_fd_sc_hd__buf_1)
     1    0.02    0.20    0.21    1.27 ^ _370_/X (sky130_fd_sc_hd__buf_1)
                                         net2 (net)
                  0.20    0.00    1.27 ^ output2/A (sky130_fd_sc_hd__buf_2)
     1    0.03    0.17    0.23    1.50 ^ output2/X (sky130_fd_sc_hd__buf_2)
                                         seg[0] (net)
                  0.17    0.00    1.50 ^ seg[0] (out)
                                  1.50   data arrival time

                          0.00    0.00   clock clk (rise edge)
                          0.00    0.00   clock network delay (propagated)
                          0.25    0.25   clock uncertainty
                          0.00    0.25   clock reconvergence pessimism
                         -2.00   -1.75   output external delay
                                 -1.75   data required time
-----------------------------------------------------------------------------
                                 -1.75   data required time
                                 -1.50   data arrival time
-----------------------------------------------------------------------------
                                  3.25   slack (MET)


Startpoint: _361_ (rising edge-triggered flip-flop clocked by clk)
Endpoint: seg[1] (output port clocked by clk)
Path Group: clk
Path Type: min
Corner: Typical

Fanout     Cap    Slew   Delay    Time   Description
-----------------------------------------------------------------------------
                          0.00    0.00   clock clk (rise edge)
                          0.00    0.00   clock source latency
     1    0.02    0.11    0.07    0.07 ^ clk (in)
                                         clk (net)
                  0.11    0.00    0.07 ^ clkbuf_0_clk/A (sky130_fd_sc_hd__clkbuf_16)
     4    0.05    0.07    0.16    0.24 ^ clkbuf_0_clk/X (sky130_fd_sc_hd__clkbuf_16)
                                         clknet_0_clk (net)
                  0.07    0.00    0.24 ^ clkbuf_2_0__f_clk/A (sky130_fd_sc_hd__clkbuf_16)
     9    0.04    0.06    0.14    0.38 ^ clkbuf_2_0__f_clk/X (sky130_fd_sc_hd__clkbuf_16)
                                         clknet_2_0__leaf_clk (net)
                  0.06    0.00    0.38 ^ _361_/CLK (sky130_fd_sc_hd__dfrtp_4)
     6    0.05    0.16    0.48    0.86 ^ _361_/Q (sky130_fd_sc_hd__dfrtp_4)
                                         decoder.digit[3] (net)
                  0.16    0.00    0.86 ^ _285_/A (sky130_fd_sc_hd__nor2_2)
     4    0.04    0.10    0.12    0.98 v _285_/Y (sky130_fd_sc_hd__nor2_2)
                                         _155_ (net)
                  0.10    0.00    0.98 v _288_/B (sky130_fd_sc_hd__nor2_1)
     1    0.02    0.33    0.28    1.26 ^ _288_/Y (sky130_fd_sc_hd__nor2_1)
                                         net3 (net)
                  0.33    0.00    1.26 ^ output3/A (sky130_fd_sc_hd__buf_2)
     1    0.03    0.17    0.26    1.52 ^ output3/X (sky130_fd_sc_hd__buf_2)
                                         seg[1] (net)
                  0.17    0.00    1.52 ^ seg[1] (out)
                                  1.52   data arrival time

                          0.00    0.00   clock clk (rise edge)
                          0.00    0.00   clock network delay (propagated)
                          0.25    0.25   clock uncertainty
                          0.00    0.25   clock reconvergence pessimism
                         -2.00   -1.75   output external delay
                                 -1.75   data required time
-----------------------------------------------------------------------------
                                 -1.75   data required time
                                 -1.52   data arrival time
-----------------------------------------------------------------------------
                                  3.27   slack (MET)



worst slack corner Typical: 0.3809
