OpenROAD b16bda7e82721d10566ff7e2b68f1ff0be9f9e38 
Features included (+) or not (-): +Charts +GPU +GUI +Python
This program is licensed under the BSD-3 license. See the LICENSE file for details.
Components of this program may be licensed under more restrictive licenses which must be honored.
define_corners Typical
read_liberty -corner Typical /home/ceyda/pdks/sky130A/libs.ref/sky130_fd_sc_hd/lib/sky130_fd_sc_hd__tt_025C_1v80.lib
Using 1e-12 for capacitance...
Using 1e+03 for resistance...
Using 1e-09 for time...
Using 1e+00 for voltage...
Using 1e-03 for current...
Using 1e-09 for power...
Using 1e-06 for distance...
[INFO]: Reading ODB at '/openlane/designs/zero_to_five/runs/RUN_2025.05.21_19.34.50/results/placement/ZeroToFiveCounter.odb'…
Reading design constraints file at '/openlane/scripts/base.sdc'…
[INFO]: Setting output delay to: 2.0
[INFO]: Setting input delay to: 2.0
[INFO]: Setting load to: 0.033442
[INFO]: Setting clock uncertainty to: 0.25
[INFO]: Setting clock transition to: 0.15
[INFO]: Setting timing derate to: 5.0 %
[INFO]: Setting RC values...
min_report

===========================================================================
report_checks -path_delay min (Hold)
============================================================================
======================= Typical Corner ===================================

Startpoint: _356_ (rising edge-triggered flip-flop clocked by clk)
Endpoint: _356_ (rising edge-triggered flip-flop clocked by clk)
Path Group: clk
Path Type: min

Fanout     Cap    Slew   Delay    Time   Description
-----------------------------------------------------------------------------
                  0.15    0.00    0.00   clock clk (rise edge)
                          0.00    0.00   clock network delay (ideal)
                  0.15    0.00    0.00 ^ _356_/CLK (sky130_fd_sc_hd__dfrtp_1)
     2    0.01    0.11    0.39    0.39 ^ _356_/Q (sky130_fd_sc_hd__dfrtp_1)
                                         one_second_counter[26] (net)
                  0.11    0.00    0.39 ^ _284_/A1 (sky130_fd_sc_hd__o211a_1)
     1    0.00    0.04    0.16    0.54 ^ _284_/X (sky130_fd_sc_hd__o211a_1)
                                         _018_ (net)
                  0.04    0.00    0.54 ^ _356_/D (sky130_fd_sc_hd__dfrtp_1)
                                  0.54   data arrival time

                  0.15    0.00    0.00   clock clk (rise edge)
                          0.00    0.00   clock network delay (ideal)
                          0.25    0.25   clock uncertainty
                          0.00    0.25   clock reconvergence pessimism
                                  0.25 ^ _356_/CLK (sky130_fd_sc_hd__dfrtp_1)
                         -0.02    0.23   library hold time
                                  0.23   data required time
-----------------------------------------------------------------------------
                                  0.23   data required time
                                 -0.54   data arrival time
-----------------------------------------------------------------------------
                                  0.31   slack (MET)


Startpoint: _330_ (rising edge-triggered flip-flop clocked by clk)
Endpoint: _330_ (rising edge-triggered flip-flop clocked by clk)
Path Group: clk
Path Type: min

Fanout     Cap    Slew   Delay    Time   Description
-----------------------------------------------------------------------------
                  0.15    0.00    0.00   clock clk (rise edge)
                          0.00    0.00   clock network delay (ideal)
                  0.15    0.00    0.00 ^ _330_/CLK (sky130_fd_sc_hd__dfrtp_4)
     7    0.04    0.13    0.48    0.48 ^ _330_/Q (sky130_fd_sc_hd__dfrtp_4)
                                         one_second_counter[0] (net)
                  0.13    0.00    0.49 ^ _190_/A (sky130_fd_sc_hd__nor2_1)
     1    0.01    0.05    0.07    0.56 v _190_/Y (sky130_fd_sc_hd__nor2_1)
                                         _000_ (net)
                  0.05    0.00    0.56 v _330_/D (sky130_fd_sc_hd__dfrtp_4)
                                  0.56   data arrival time

                  0.15    0.00    0.00   clock clk (rise edge)
                          0.00    0.00   clock network delay (ideal)
                          0.25    0.25   clock uncertainty
                          0.00    0.25   clock reconvergence pessimism
                                  0.25 ^ _330_/CLK (sky130_fd_sc_hd__dfrtp_4)
                         -0.02    0.23   library hold time
                                  0.23   data required time
-----------------------------------------------------------------------------
                                  0.23   data required time
                                 -0.56   data arrival time
-----------------------------------------------------------------------------
                                  0.33   slack (MET)


Startpoint: _357_ (rising edge-triggered flip-flop clocked by clk)
Endpoint: _358_ (rising edge-triggered flip-flop clocked by clk)
Path Group: clk
Path Type: min

Fanout     Cap    Slew   Delay    Time   Description
-----------------------------------------------------------------------------
                  0.15    0.00    0.00   clock clk (rise edge)
                          0.00    0.00   clock network delay (ideal)
                  0.15    0.00    0.00 ^ _357_/CLK (sky130_fd_sc_hd__dfrtp_4)
     5    0.02    0.10    0.46    0.46 ^ _357_/Q (sky130_fd_sc_hd__dfrtp_4)
                                         one_second_enable (net)
                  0.10    0.00    0.46 ^ _174_/A1 (sky130_fd_sc_hd__a21oi_1)
     1    0.01    0.08    0.10    0.56 v _174_/Y (sky130_fd_sc_hd__a21oi_1)
                                         _060_ (net)
                  0.08    0.00    0.56 v _358_/D (sky130_fd_sc_hd__dfrtp_4)
                                  0.56   data arrival time

                  0.15    0.00    0.00   clock clk (rise edge)
                          0.00    0.00   clock network delay (ideal)
                          0.25    0.25   clock uncertainty
                          0.00    0.25   clock reconvergence pessimism
                                  0.25 ^ _358_/CLK (sky130_fd_sc_hd__dfrtp_4)
                         -0.03    0.22   library hold time
                                  0.22   data required time
-----------------------------------------------------------------------------
                                  0.22   data required time
                                 -0.56   data arrival time
-----------------------------------------------------------------------------
                                  0.34   slack (MET)


Startpoint: _353_ (rising edge-triggered flip-flop clocked by clk)
Endpoint: _353_ (rising edge-triggered flip-flop clocked by clk)
Path Group: clk
Path Type: min

Fanout     Cap    Slew   Delay    Time   Description
-----------------------------------------------------------------------------
                  0.15    0.00    0.00   clock clk (rise edge)
                          0.00    0.00   clock network delay (ideal)
                  0.15    0.00    0.00 ^ _353_/CLK (sky130_fd_sc_hd__dfrtp_1)
     2    0.01    0.07    0.41    0.41 v _353_/Q (sky130_fd_sc_hd__dfrtp_1)
                                         one_second_counter[23] (net)
                  0.07    0.00    0.41 v _273_/A (sky130_fd_sc_hd__inv_2)
     1    0.01    0.07    0.08    0.49 ^ _273_/Y (sky130_fd_sc_hd__inv_2)
                                         _147_ (net)
                  0.07    0.00    0.49 ^ _275_/A1 (sky130_fd_sc_hd__a221oi_2)
     1    0.01    0.06    0.07    0.56 v _275_/Y (sky130_fd_sc_hd__a221oi_2)
                                         _015_ (net)
                  0.06    0.00    0.56 v _353_/D (sky130_fd_sc_hd__dfrtp_1)
                                  0.56   data arrival time

                  0.15    0.00    0.00   clock clk (rise edge)
                          0.00    0.00   clock network delay (ideal)
                          0.25    0.25   clock uncertainty
                          0.00    0.25   clock reconvergence pessimism
                                  0.25 ^ _353_/CLK (sky130_fd_sc_hd__dfrtp_1)
                         -0.03    0.22   library hold time
                                  0.22   data required time
-----------------------------------------------------------------------------
                                  0.22   data required time
                                 -0.56   data arrival time
-----------------------------------------------------------------------------
                                  0.34   slack (MET)


Startpoint: _361_ (rising edge-triggered flip-flop clocked by clk)
Endpoint: _361_ (rising edge-triggered flip-flop clocked by clk)
Path Group: clk
Path Type: min

Fanout     Cap    Slew   Delay    Time   Description
-----------------------------------------------------------------------------
                  0.15    0.00    0.00   clock clk (rise edge)
                          0.00    0.00   clock network delay (ideal)
                  0.15    0.00    0.00 ^ _361_/CLK (sky130_fd_sc_hd__dfrtp_4)
     6    0.03    0.12    0.48    0.48 ^ _361_/Q (sky130_fd_sc_hd__dfrtp_4)
                                         decoder.digit[3] (net)
                  0.12    0.00    0.48 ^ _164_/A (sky130_fd_sc_hd__xnor2_1)
     1    0.01    0.05    0.10    0.57 v _164_/Y (sky130_fd_sc_hd__xnor2_1)
                                         _063_ (net)
                  0.05    0.00    0.57 v _361_/D (sky130_fd_sc_hd__dfrtp_4)
                                  0.57   data arrival time

                  0.15    0.00    0.00   clock clk (rise edge)
                          0.00    0.00   clock network delay (ideal)
                          0.25    0.25   clock uncertainty
                          0.00    0.25   clock reconvergence pessimism
                                  0.25 ^ _361_/CLK (sky130_fd_sc_hd__dfrtp_4)
                         -0.02    0.23   library hold time
                                  0.23   data required time
-----------------------------------------------------------------------------
                                  0.23   data required time
                                 -0.57   data arrival time
-----------------------------------------------------------------------------
                                  0.34   slack (MET)


Startpoint: _337_ (rising edge-triggered flip-flop clocked by clk)
Endpoint: _337_ (rising edge-triggered flip-flop clocked by clk)
Path Group: clk
Path Type: min

Fanout     Cap    Slew   Delay    Time   Description
-----------------------------------------------------------------------------
                  0.15    0.00    0.00   clock clk (rise edge)
                          0.00    0.00   clock network delay (ideal)
                  0.15    0.00    0.00 ^ _337_/CLK (sky130_fd_sc_hd__dfrtp_2)
     2    0.02    0.07    0.44    0.44 v _337_/Q (sky130_fd_sc_hd__dfrtp_2)
                                         one_second_counter[7] (net)
                  0.07    0.00    0.44 v _214_/A (sky130_fd_sc_hd__inv_2)
     1    0.00    0.03    0.05    0.49 ^ _214_/Y (sky130_fd_sc_hd__inv_2)
                                         _104_ (net)
                  0.03    0.00    0.49 ^ _215_/A1 (sky130_fd_sc_hd__a211oi_1)
     1    0.01    0.06    0.08    0.58 v _215_/Y (sky130_fd_sc_hd__a211oi_1)
                                         _024_ (net)
                  0.06    0.00    0.58 v _337_/D (sky130_fd_sc_hd__dfrtp_2)
                                  0.58   data arrival time

                  0.15    0.00    0.00   clock clk (rise edge)
                          0.00    0.00   clock network delay (ideal)
                          0.25    0.25   clock uncertainty
                          0.00    0.25   clock reconvergence pessimism
                                  0.25 ^ _337_/CLK (sky130_fd_sc_hd__dfrtp_2)
                         -0.02    0.23   library hold time
                                  0.23   data required time
-----------------------------------------------------------------------------
                                  0.23   data required time
                                 -0.58   data arrival time
-----------------------------------------------------------------------------
                                  0.35   slack (MET)


Startpoint: _345_ (rising edge-triggered flip-flop clocked by clk)
Endpoint: _345_ (rising edge-triggered flip-flop clocked by clk)
Path Group: clk
Path Type: min

Fanout     Cap    Slew   Delay    Time   Description
-----------------------------------------------------------------------------
                  0.15    0.00    0.00   clock clk (rise edge)
                          0.00    0.00   clock network delay (ideal)
                  0.15    0.00    0.00 ^ _345_/CLK (sky130_fd_sc_hd__dfrtp_2)
     3    0.02    0.07    0.44    0.44 v _345_/Q (sky130_fd_sc_hd__dfrtp_2)
                                         one_second_counter[15] (net)
                  0.07    0.00    0.44 v _243_/A (sky130_fd_sc_hd__inv_2)
     1    0.01    0.06    0.07    0.52 ^ _243_/Y (sky130_fd_sc_hd__inv_2)
                                         _125_ (net)
                  0.06    0.00    0.52 ^ _246_/A1 (sky130_fd_sc_hd__a211oi_2)
     1    0.01    0.05    0.07    0.59 v _246_/Y (sky130_fd_sc_hd__a211oi_2)
                                         _006_ (net)
                  0.05    0.00    0.59 v _345_/D (sky130_fd_sc_hd__dfrtp_2)
                                  0.59   data arrival time

                  0.15    0.00    0.00   clock clk (rise edge)
                          0.00    0.00   clock network delay (ideal)
                          0.25    0.25   clock uncertainty
                          0.00    0.25   clock reconvergence pessimism
                                  0.25 ^ _345_/CLK (sky130_fd_sc_hd__dfrtp_2)
                         -0.02    0.23   library hold time
                                  0.23   data required time
-----------------------------------------------------------------------------
                                  0.23   data required time
                                 -0.59   data arrival time
-----------------------------------------------------------------------------
                                  0.36   slack (MET)


Startpoint: _351_ (rising edge-triggered flip-flop clocked by clk)
Endpoint: _351_ (rising edge-triggered flip-flop clocked by clk)
Path Group: clk
Path Type: min

Fanout     Cap    Slew   Delay    Time   Description
-----------------------------------------------------------------------------
                  0.15    0.00    0.00   clock clk (rise edge)
                          0.00    0.00   clock network delay (ideal)
                  0.15    0.00    0.00 ^ _351_/CLK (sky130_fd_sc_hd__dfrtp_2)
     3    0.02    0.08    0.45    0.45 v _351_/Q (sky130_fd_sc_hd__dfrtp_2)
                                         one_second_counter[21] (net)
                  0.08    0.00    0.45 v _266_/A (sky130_fd_sc_hd__inv_2)
     1    0.01    0.06    0.08    0.53 ^ _266_/Y (sky130_fd_sc_hd__inv_2)
                                         _142_ (net)
                  0.06    0.00    0.53 ^ _268_/A1 (sky130_fd_sc_hd__a211oi_1)
     1    0.01    0.07    0.09    0.62 v _268_/Y (sky130_fd_sc_hd__a211oi_1)
                                         _013_ (net)
                  0.07    0.00    0.62 v _351_/D (sky130_fd_sc_hd__dfrtp_2)
                                  0.62   data arrival time

                  0.15    0.00    0.00   clock clk (rise edge)
                          0.00    0.00   clock network delay (ideal)
                          0.25    0.25   clock uncertainty
                          0.00    0.25   clock reconvergence pessimism
                                  0.25 ^ _351_/CLK (sky130_fd_sc_hd__dfrtp_2)
                         -0.03    0.22   library hold time
                                  0.22   data required time
-----------------------------------------------------------------------------
                                  0.22   data required time
                                 -0.62   data arrival time
-----------------------------------------------------------------------------
                                  0.39   slack (MET)


Startpoint: _347_ (rising edge-triggered flip-flop clocked by clk)
Endpoint: _347_ (rising edge-triggered flip-flop clocked by clk)
Path Group: clk
Path Type: min

Fanout     Cap    Slew   Delay    Time   Description
-----------------------------------------------------------------------------
                  0.15    0.00    0.00   clock clk (rise edge)
                          0.00    0.00   clock network delay (ideal)
                  0.15    0.00    0.00 ^ _347_/CLK (sky130_fd_sc_hd__dfrtp_4)
     7    0.03    0.12    0.47    0.47 ^ _347_/Q (sky130_fd_sc_hd__dfrtp_4)
                                         one_second_counter[17] (net)
                  0.12    0.00    0.47 ^ _251_/A (sky130_fd_sc_hd__xor2_1)
     1    0.01    0.06    0.10    0.58 v _251_/X (sky130_fd_sc_hd__xor2_1)
                                         _131_ (net)
                  0.06    0.00    0.58 v _252_/B (sky130_fd_sc_hd__nor2_1)
     1    0.00    0.08    0.09    0.66 ^ _252_/Y (sky130_fd_sc_hd__nor2_1)
                                         _008_ (net)
                  0.08    0.00    0.66 ^ _347_/D (sky130_fd_sc_hd__dfrtp_4)
                                  0.66   data arrival time

                  0.15    0.00    0.00   clock clk (rise edge)
                          0.00    0.00   clock network delay (ideal)
                          0.25    0.25   clock uncertainty
                          0.00    0.25   clock reconvergence pessimism
                                  0.25 ^ _347_/CLK (sky130_fd_sc_hd__dfrtp_4)
                         -0.03    0.22   library hold time
                                  0.22   data required time
-----------------------------------------------------------------------------
                                  0.22   data required time
                                 -0.66   data arrival time
-----------------------------------------------------------------------------
                                  0.44   slack (MET)


Startpoint: _339_ (rising edge-triggered flip-flop clocked by clk)
Endpoint: _339_ (rising edge-triggered flip-flop clocked by clk)
Path Group: clk
Path Type: min

Fanout     Cap    Slew   Delay    Time   Description
-----------------------------------------------------------------------------
                  0.15    0.00    0.00   clock clk (rise edge)
                          0.00    0.00   clock network delay (ideal)
                  0.15    0.00    0.00 ^ _339_/CLK (sky130_fd_sc_hd__dfrtp_2)
     3    0.02    0.07    0.44    0.44 v _339_/Q (sky130_fd_sc_hd__dfrtp_2)
                                         one_second_counter[9] (net)
                  0.07    0.00    0.44 v _220_/B1 (sky130_fd_sc_hd__a21oi_2)
     1    0.01    0.16    0.16    0.60 ^ _220_/Y (sky130_fd_sc_hd__a21oi_2)
                                         _108_ (net)
                  0.16    0.00    0.60 ^ _222_/B (sky130_fd_sc_hd__nor3_1)
     1    0.01    0.06    0.09    0.70 v _222_/Y (sky130_fd_sc_hd__nor3_1)
                                         _026_ (net)
                  0.06    0.00    0.70 v _339_/D (sky130_fd_sc_hd__dfrtp_2)
                                  0.70   data arrival time

                  0.15    0.00    0.00   clock clk (rise edge)
                          0.00    0.00   clock network delay (ideal)
                          0.25    0.25   clock uncertainty
                          0.00    0.25   clock reconvergence pessimism
                                  0.25 ^ _339_/CLK (sky130_fd_sc_hd__dfrtp_2)
                         -0.02    0.23   library hold time
                                  0.23   data required time
-----------------------------------------------------------------------------
                                  0.23   data required time
                                 -0.70   data arrival time
-----------------------------------------------------------------------------
                                  0.47   slack (MET)


Startpoint: _335_ (rising edge-triggered flip-flop clocked by clk)
Endpoint: _335_ (rising edge-triggered flip-flop clocked by clk)
Path Group: clk
Path Type: min

Fanout     Cap    Slew   Delay    Time   Description
-----------------------------------------------------------------------------
                  0.15    0.00    0.00   clock clk (rise edge)
                          0.00    0.00   clock network delay (ideal)
                  0.15    0.00    0.00 ^ _335_/CLK (sky130_fd_sc_hd__dfrtp_2)
     3    0.02    0.08    0.45    0.45 v _335_/Q (sky130_fd_sc_hd__dfrtp_2)
                                         one_second_counter[5] (net)
                  0.08    0.00    0.45 v _207_/B1 (sky130_fd_sc_hd__a21oi_1)
     1    0.01    0.17    0.18    0.63 ^ _207_/Y (sky130_fd_sc_hd__a21oi_1)
                                         _099_ (net)
                  0.17    0.00    0.63 ^ _209_/B (sky130_fd_sc_hd__nor3_1)
     1    0.01    0.06    0.09    0.72 v _209_/Y (sky130_fd_sc_hd__nor3_1)
                                         _022_ (net)
                  0.06    0.00    0.72 v _335_/D (sky130_fd_sc_hd__dfrtp_2)
                                  0.72   data arrival time

                  0.15    0.00    0.00   clock clk (rise edge)
                          0.00    0.00   clock network delay (ideal)
                          0.25    0.25   clock uncertainty
                          0.00    0.25   clock reconvergence pessimism
                                  0.25 ^ _335_/CLK (sky130_fd_sc_hd__dfrtp_2)
                         -0.02    0.23   library hold time
                                  0.23   data required time
-----------------------------------------------------------------------------
                                  0.23   data required time
                                 -0.72   data arrival time
-----------------------------------------------------------------------------
                                  0.49   slack (MET)


Startpoint: _341_ (rising edge-triggered flip-flop clocked by clk)
Endpoint: _341_ (rising edge-triggered flip-flop clocked by clk)
Path Group: clk
Path Type: min

Fanout     Cap    Slew   Delay    Time   Description
-----------------------------------------------------------------------------
                  0.15    0.00    0.00   clock clk (rise edge)
                          0.00    0.00   clock network delay (ideal)
                  0.15    0.00    0.00 ^ _341_/CLK (sky130_fd_sc_hd__dfrtp_4)
     4    0.02    0.10    0.46    0.46 ^ _341_/Q (sky130_fd_sc_hd__dfrtp_4)
                                         one_second_counter[11] (net)
                  0.10    0.00    0.46 ^ _227_/B1 (sky130_fd_sc_hd__a21oi_2)
     1    0.01    0.05    0.06    0.52 v _227_/Y (sky130_fd_sc_hd__a21oi_2)
                                         _113_ (net)
                  0.05    0.00    0.52 v _229_/B (sky130_fd_sc_hd__nor3_1)
     1    0.00    0.18    0.18    0.70 ^ _229_/Y (sky130_fd_sc_hd__nor3_1)
                                         _002_ (net)
                  0.18    0.00    0.70 ^ _341_/D (sky130_fd_sc_hd__dfrtp_4)
                                  0.70   data arrival time

                  0.15    0.00    0.00   clock clk (rise edge)
                          0.00    0.00   clock network delay (ideal)
                          0.25    0.25   clock uncertainty
                          0.00    0.25   clock reconvergence pessimism
                                  0.25 ^ _341_/CLK (sky130_fd_sc_hd__dfrtp_4)
                         -0.05    0.20   library hold time
                                  0.20   data required time
-----------------------------------------------------------------------------
                                  0.20   data required time
                                 -0.70   data arrival time
-----------------------------------------------------------------------------
                                  0.49   slack (MET)


Startpoint: _333_ (rising edge-triggered flip-flop clocked by clk)
Endpoint: _333_ (rising edge-triggered flip-flop clocked by clk)
Path Group: clk
Path Type: min

Fanout     Cap    Slew   Delay    Time   Description
-----------------------------------------------------------------------------
                  0.15    0.00    0.00   clock clk (rise edge)
                          0.00    0.00   clock network delay (ideal)
                  0.15    0.00    0.00 ^ _333_/CLK (sky130_fd_sc_hd__dfrtp_1)
     2    0.01    0.09    0.37    0.37 ^ _333_/Q (sky130_fd_sc_hd__dfrtp_1)
                                         one_second_counter[3] (net)
                  0.09    0.00    0.37 ^ _199_/B1 (sky130_fd_sc_hd__a31o_1)
     1    0.00    0.04    0.09    0.47 ^ _199_/X (sky130_fd_sc_hd__a31o_1)
                                         _093_ (net)
                  0.04    0.00    0.47 ^ _200_/C (sky130_fd_sc_hd__and3b_1)
     1    0.01    0.09    0.17    0.64 ^ _200_/X (sky130_fd_sc_hd__and3b_1)
                                         _094_ (net)
                  0.09    0.00    0.64 ^ _201_/A (sky130_fd_sc_hd__clkbuf_1)
     1    0.00    0.06    0.10    0.74 ^ _201_/X (sky130_fd_sc_hd__clkbuf_1)
                                         _020_ (net)
                  0.06    0.00    0.74 ^ _333_/D (sky130_fd_sc_hd__dfrtp_1)
                                  0.74   data arrival time

                  0.15    0.00    0.00   clock clk (rise edge)
                          0.00    0.00   clock network delay (ideal)
                          0.25    0.25   clock uncertainty
                          0.00    0.25   clock reconvergence pessimism
                                  0.25 ^ _333_/CLK (sky130_fd_sc_hd__dfrtp_1)
                         -0.02    0.23   library hold time
                                  0.23   data required time
-----------------------------------------------------------------------------
                                  0.23   data required time
                                 -0.74   data arrival time
-----------------------------------------------------------------------------
                                  0.52   slack (MET)


Startpoint: _357_ (rising edge-triggered flip-flop clocked by clk)
Endpoint: _359_ (rising edge-triggered flip-flop clocked by clk)
Path Group: clk
Path Type: min

Fanout     Cap    Slew   Delay    Time   Description
-----------------------------------------------------------------------------
                  0.15    0.00    0.00   clock clk (rise edge)
                          0.00    0.00   clock network delay (ideal)
                  0.15    0.00    0.00 ^ _357_/CLK (sky130_fd_sc_hd__dfrtp_4)
     5    0.02    0.10    0.46    0.46 ^ _357_/Q (sky130_fd_sc_hd__dfrtp_4)
                                         one_second_enable (net)
                  0.10    0.00    0.46 ^ _171_/A1 (sky130_fd_sc_hd__a21oi_1)
     1    0.01    0.07    0.10    0.56 v _171_/Y (sky130_fd_sc_hd__a21oi_1)
                                         _071_ (net)
                  0.07    0.00    0.56 v _172_/B (sky130_fd_sc_hd__nor2_1)
     1    0.01    0.19    0.16    0.73 ^ _172_/Y (sky130_fd_sc_hd__nor2_1)
                                         _061_ (net)
                  0.19    0.00    0.73 ^ _359_/D (sky130_fd_sc_hd__dfrtp_4)
                                  0.73   data arrival time

                  0.15    0.00    0.00   clock clk (rise edge)
                          0.00    0.00   clock network delay (ideal)
                          0.25    0.25   clock uncertainty
                          0.00    0.25   clock reconvergence pessimism
                                  0.25 ^ _359_/CLK (sky130_fd_sc_hd__dfrtp_4)
                         -0.05    0.20   library hold time
                                  0.20   data required time
-----------------------------------------------------------------------------
                                  0.20   data required time
                                 -0.73   data arrival time
-----------------------------------------------------------------------------
                                  0.53   slack (MET)


Startpoint: _348_ (rising edge-triggered flip-flop clocked by clk)
Endpoint: _348_ (rising edge-triggered flip-flop clocked by clk)
Path Group: clk
Path Type: min

Fanout     Cap    Slew   Delay    Time   Description
-----------------------------------------------------------------------------
                  0.15    0.00    0.00   clock clk (rise edge)
                          0.00    0.00   clock network delay (ideal)
                  0.15    0.00    0.00 ^ _348_/CLK (sky130_fd_sc_hd__dfrtp_4)
     6    0.03    0.10    0.46    0.46 ^ _348_/Q (sky130_fd_sc_hd__dfrtp_4)
                                         one_second_counter[18] (net)
                  0.10    0.00    0.46 ^ _253_/A (sky130_fd_sc_hd__nand2_1)
     1    0.00    0.05    0.07    0.53 v _253_/Y (sky130_fd_sc_hd__nand2_1)
                                         _132_ (net)
                  0.05    0.00    0.53 v _255_/A1 (sky130_fd_sc_hd__o211a_1)
     1    0.01    0.05    0.23    0.76 v _255_/X (sky130_fd_sc_hd__o211a_1)
                                         _009_ (net)
                  0.05    0.00    0.76 v _348_/D (sky130_fd_sc_hd__dfrtp_4)
                                  0.76   data arrival time

                  0.15    0.00    0.00   clock clk (rise edge)
                          0.00    0.00   clock network delay (ideal)
                          0.25    0.25   clock uncertainty
                          0.00    0.25   clock reconvergence pessimism
                                  0.25 ^ _348_/CLK (sky130_fd_sc_hd__dfrtp_4)
                         -0.02    0.23   library hold time
                                  0.23   data required time
-----------------------------------------------------------------------------
                                  0.23   data required time
                                 -0.76   data arrival time
-----------------------------------------------------------------------------
                                  0.53   slack (MET)


Startpoint: _343_ (rising edge-triggered flip-flop clocked by clk)
Endpoint: _343_ (rising edge-triggered flip-flop clocked by clk)
Path Group: clk
Path Type: min

Fanout     Cap    Slew   Delay    Time   Description
-----------------------------------------------------------------------------
                  0.15    0.00    0.00   clock clk (rise edge)
                          0.00    0.00   clock network delay (ideal)
                  0.15    0.00    0.00 ^ _343_/CLK (sky130_fd_sc_hd__dfrtp_1)
     4    0.01    0.13    0.40    0.40 ^ _343_/Q (sky130_fd_sc_hd__dfrtp_1)
                                         one_second_counter[13] (net)
                  0.13    0.00    0.40 ^ _234_/B1 (sky130_fd_sc_hd__a21o_1)
     1    0.01    0.06    0.11    0.51 ^ _234_/X (sky130_fd_sc_hd__a21o_1)
                                         _118_ (net)
                  0.06    0.00    0.51 ^ _236_/B (sky130_fd_sc_hd__and3_1)
     1    0.01    0.07    0.16    0.67 ^ _236_/X (sky130_fd_sc_hd__and3_1)
                                         _120_ (net)
                  0.07    0.00    0.67 ^ _237_/A (sky130_fd_sc_hd__clkbuf_1)
     1    0.00    0.06    0.10    0.77 ^ _237_/X (sky130_fd_sc_hd__clkbuf_1)
                                         _004_ (net)
                  0.06    0.00    0.77 ^ _343_/D (sky130_fd_sc_hd__dfrtp_1)
                                  0.77   data arrival time

                  0.15    0.00    0.00   clock clk (rise edge)
                          0.00    0.00   clock network delay (ideal)
                          0.25    0.25   clock uncertainty
                          0.00    0.25   clock reconvergence pessimism
                                  0.25 ^ _343_/CLK (sky130_fd_sc_hd__dfrtp_1)
                         -0.02    0.23   library hold time
                                  0.23   data required time
-----------------------------------------------------------------------------
                                  0.23   data required time
                                 -0.77   data arrival time
-----------------------------------------------------------------------------
                                  0.54   slack (MET)


Startpoint: _354_ (rising edge-triggered flip-flop clocked by clk)
Endpoint: _354_ (rising edge-triggered flip-flop clocked by clk)
Path Group: clk
Path Type: min

Fanout     Cap    Slew   Delay    Time   Description
-----------------------------------------------------------------------------
                  0.15    0.00    0.00   clock clk (rise edge)
                          0.00    0.00   clock network delay (ideal)
                  0.15    0.00    0.00 ^ _354_/CLK (sky130_fd_sc_hd__dfrtp_4)
     3    0.02    0.09    0.45    0.45 ^ _354_/Q (sky130_fd_sc_hd__dfrtp_4)
                                         one_second_counter[24] (net)
                  0.09    0.00    0.45 ^ _277_/A (sky130_fd_sc_hd__and3_2)
     4    0.02    0.14    0.25    0.70 ^ _277_/X (sky130_fd_sc_hd__and3_2)
                                         _150_ (net)
                  0.14    0.00    0.70 ^ _278_/C (sky130_fd_sc_hd__nor3_1)
     1    0.01    0.06    0.08    0.78 v _278_/Y (sky130_fd_sc_hd__nor3_1)
                                         _016_ (net)
                  0.06    0.00    0.78 v _354_/D (sky130_fd_sc_hd__dfrtp_4)
                                  0.78   data arrival time

                  0.15    0.00    0.00   clock clk (rise edge)
                          0.00    0.00   clock network delay (ideal)
                          0.25    0.25   clock uncertainty
                          0.00    0.25   clock reconvergence pessimism
                                  0.25 ^ _354_/CLK (sky130_fd_sc_hd__dfrtp_4)
                         -0.02    0.23   library hold time
                                  0.23   data required time
-----------------------------------------------------------------------------
                                  0.23   data required time
                                 -0.78   data arrival time
-----------------------------------------------------------------------------
                                  0.55   slack (MET)


Startpoint: _355_ (rising edge-triggered flip-flop clocked by clk)
Endpoint: _355_ (rising edge-triggered flip-flop clocked by clk)
Path Group: clk
Path Type: min

Fanout     Cap    Slew   Delay    Time   Description
-----------------------------------------------------------------------------
                  0.15    0.00    0.00   clock clk (rise edge)
                          0.00    0.00   clock network delay (ideal)
                  0.15    0.00    0.00 ^ _355_/CLK (sky130_fd_sc_hd__dfrtp_4)
     4    0.03    0.11    0.46    0.46 ^ _355_/Q (sky130_fd_sc_hd__dfrtp_4)
                                         one_second_counter[25] (net)
                  0.11    0.00    0.46 ^ _280_/A (sky130_fd_sc_hd__nand2_1)
     1    0.00    0.04    0.06    0.52 v _280_/Y (sky130_fd_sc_hd__nand2_1)
                                         _152_ (net)
                  0.04    0.00    0.52 v _281_/C (sky130_fd_sc_hd__and3_1)
     1    0.01    0.05    0.18    0.70 v _281_/X (sky130_fd_sc_hd__and3_1)
                                         _153_ (net)
                  0.05    0.00    0.70 v _282_/A (sky130_fd_sc_hd__clkbuf_1)
     1    0.00    0.04    0.09    0.80 v _282_/X (sky130_fd_sc_hd__clkbuf_1)
                                         _017_ (net)
                  0.04    0.00    0.80 v _355_/D (sky130_fd_sc_hd__dfrtp_4)
                                  0.80   data arrival time

                  0.15    0.00    0.00   clock clk (rise edge)
                          0.00    0.00   clock network delay (ideal)
                          0.25    0.25   clock uncertainty
                          0.00    0.25   clock reconvergence pessimism
                                  0.25 ^ _355_/CLK (sky130_fd_sc_hd__dfrtp_4)
                         -0.01    0.24   library hold time
                                  0.24   data required time
-----------------------------------------------------------------------------
                                  0.24   data required time
                                 -0.80   data arrival time
-----------------------------------------------------------------------------
                                  0.56   slack (MET)


Startpoint: _336_ (rising edge-triggered flip-flop clocked by clk)
Endpoint: _336_ (rising edge-triggered flip-flop clocked by clk)
Path Group: clk
Path Type: min

Fanout     Cap    Slew   Delay    Time   Description
-----------------------------------------------------------------------------
                  0.15    0.00    0.00   clock clk (rise edge)
                          0.00    0.00   clock network delay (ideal)
                  0.15    0.00    0.00 ^ _336_/CLK (sky130_fd_sc_hd__dfrtp_2)
     3    0.02    0.10    0.40    0.40 ^ _336_/Q (sky130_fd_sc_hd__dfrtp_2)
                                         one_second_counter[6] (net)
                  0.10    0.00    0.40 ^ _211_/A (sky130_fd_sc_hd__nand2_1)
     2    0.01    0.08    0.10    0.50 v _211_/Y (sky130_fd_sc_hd__nand2_1)
                                         _102_ (net)
                  0.08    0.00    0.50 v _212_/C (sky130_fd_sc_hd__and3_1)
     1    0.00    0.04    0.19    0.69 v _212_/X (sky130_fd_sc_hd__and3_1)
                                         _103_ (net)
                  0.04    0.00    0.69 v _213_/A (sky130_fd_sc_hd__buf_1)
     1    0.01    0.06    0.11    0.80 v _213_/X (sky130_fd_sc_hd__buf_1)
                                         _023_ (net)
                  0.06    0.00    0.80 v _336_/D (sky130_fd_sc_hd__dfrtp_2)
                                  0.80   data arrival time

                  0.15    0.00    0.00   clock clk (rise edge)
                          0.00    0.00   clock network delay (ideal)
                          0.25    0.25   clock uncertainty
                          0.00    0.25   clock reconvergence pessimism
                                  0.25 ^ _336_/CLK (sky130_fd_sc_hd__dfrtp_2)
                         -0.02    0.23   library hold time
                                  0.23   data required time
-----------------------------------------------------------------------------
                                  0.23   data required time
                                 -0.80   data arrival time
-----------------------------------------------------------------------------
                                  0.58   slack (MET)


Startpoint: _338_ (rising edge-triggered flip-flop clocked by clk)
Endpoint: _338_ (rising edge-triggered flip-flop clocked by clk)
Path Group: clk
Path Type: min

Fanout     Cap    Slew   Delay    Time   Description
-----------------------------------------------------------------------------
                  0.15    0.00    0.00   clock clk (rise edge)
                          0.00    0.00   clock network delay (ideal)
                  0.15    0.00    0.00 ^ _338_/CLK (sky130_fd_sc_hd__dfrtp_4)
     5    0.03    0.10    0.46    0.46 ^ _338_/Q (sky130_fd_sc_hd__dfrtp_4)
                                         one_second_counter[8] (net)
                  0.10    0.00    0.46 ^ _217_/A (sky130_fd_sc_hd__nand2_1)
     1    0.00    0.05    0.07    0.53 v _217_/Y (sky130_fd_sc_hd__nand2_1)
                                         _106_ (net)
                  0.05    0.00    0.53 v _218_/C (sky130_fd_sc_hd__and3_1)
     1    0.01    0.06    0.19    0.72 v _218_/X (sky130_fd_sc_hd__and3_1)
                                         _107_ (net)
                  0.06    0.00    0.72 v _219_/A (sky130_fd_sc_hd__clkbuf_1)
     1    0.01    0.04    0.10    0.82 v _219_/X (sky130_fd_sc_hd__clkbuf_1)
                                         _025_ (net)
                  0.04    0.00    0.82 v _338_/D (sky130_fd_sc_hd__dfrtp_4)
                                  0.82   data arrival time

                  0.15    0.00    0.00   clock clk (rise edge)
                          0.00    0.00   clock network delay (ideal)
                          0.25    0.25   clock uncertainty
                          0.00    0.25   clock reconvergence pessimism
                                  0.25 ^ _338_/CLK (sky130_fd_sc_hd__dfrtp_4)
                         -0.02    0.23   library hold time
                                  0.23   data required time
-----------------------------------------------------------------------------
                                  0.23   data required time
                                 -0.82   data arrival time
-----------------------------------------------------------------------------
                                  0.59   slack (MET)


Startpoint: _331_ (rising edge-triggered flip-flop clocked by clk)
Endpoint: _331_ (rising edge-triggered flip-flop clocked by clk)
Path Group: clk
Path Type: min

Fanout     Cap    Slew   Delay    Time   Description
-----------------------------------------------------------------------------
                  0.15    0.00    0.00   clock clk (rise edge)
                          0.00    0.00   clock network delay (ideal)
                  0.15    0.00    0.00 ^ _331_/CLK (sky130_fd_sc_hd__dfrtp_4)
     6    0.03    0.12    0.47    0.47 ^ _331_/Q (sky130_fd_sc_hd__dfrtp_4)
                                         one_second_counter[1] (net)
                  0.12    0.00    0.47 ^ _191_/A (sky130_fd_sc_hd__nand2_1)
     1    0.01    0.08    0.10    0.58 v _191_/Y (sky130_fd_sc_hd__nand2_1)
                                         _087_ (net)
                  0.08    0.00    0.58 v _193_/A (sky130_fd_sc_hd__and3_1)
     1    0.01    0.04    0.16    0.74 v _193_/X (sky130_fd_sc_hd__and3_1)
                                         _089_ (net)
                  0.04    0.00    0.74 v _194_/A (sky130_fd_sc_hd__clkbuf_1)
     1    0.00    0.04    0.09    0.83 v _194_/X (sky130_fd_sc_hd__clkbuf_1)
                                         _011_ (net)
                  0.04    0.00    0.83 v _331_/D (sky130_fd_sc_hd__dfrtp_4)
                                  0.83   data arrival time

                  0.15    0.00    0.00   clock clk (rise edge)
                          0.00    0.00   clock network delay (ideal)
                          0.25    0.25   clock uncertainty
                          0.00    0.25   clock reconvergence pessimism
                                  0.25 ^ _331_/CLK (sky130_fd_sc_hd__dfrtp_4)
                         -0.01    0.24   library hold time
                                  0.24   data required time
-----------------------------------------------------------------------------
                                  0.24   data required time
                                 -0.83   data arrival time
-----------------------------------------------------------------------------
                                  0.59   slack (MET)


Startpoint: _360_ (rising edge-triggered flip-flop clocked by clk)
Endpoint: _360_ (rising edge-triggered flip-flop clocked by clk)
Path Group: clk
Path Type: min

Fanout     Cap    Slew   Delay    Time   Description
-----------------------------------------------------------------------------
                  0.15    0.00    0.00   clock clk (rise edge)
                          0.00    0.00   clock network delay (ideal)
                  0.15    0.00    0.00 ^ _360_/CLK (sky130_fd_sc_hd__dfrtp_4)
     6    0.04    0.13    0.48    0.48 ^ _360_/Q (sky130_fd_sc_hd__dfrtp_4)
                                         decoder.digit[2] (net)
                  0.13    0.00    0.48 ^ _163_/A (sky130_fd_sc_hd__nand2_1)
     2    0.01    0.08    0.10    0.59 v _163_/Y (sky130_fd_sc_hd__nand2_1)
                                         _065_ (net)
                  0.08    0.00    0.59 v _169_/A (sky130_fd_sc_hd__and2_1)
     1    0.00    0.04    0.15    0.74 v _169_/X (sky130_fd_sc_hd__and2_1)
                                         _070_ (net)
                  0.04    0.00    0.74 v _170_/A (sky130_fd_sc_hd__clkbuf_1)
     1    0.01    0.04    0.10    0.83 v _170_/X (sky130_fd_sc_hd__clkbuf_1)
                                         _062_ (net)
                  0.04    0.00    0.83 v _360_/D (sky130_fd_sc_hd__dfrtp_4)
                                  0.83   data arrival time

                  0.15    0.00    0.00   clock clk (rise edge)
                          0.00    0.00   clock network delay (ideal)
                          0.25    0.25   clock uncertainty
                          0.00    0.25   clock reconvergence pessimism
                                  0.25 ^ _360_/CLK (sky130_fd_sc_hd__dfrtp_4)
                         -0.02    0.23   library hold time
                                  0.23   data required time
-----------------------------------------------------------------------------
                                  0.23   data required time
                                 -0.83   data arrival time
-----------------------------------------------------------------------------
                                  0.60   slack (MET)


Startpoint: _332_ (rising edge-triggered flip-flop clocked by clk)
Endpoint: _332_ (rising edge-triggered flip-flop clocked by clk)
Path Group: clk
Path Type: min

Fanout     Cap    Slew   Delay    Time   Description
-----------------------------------------------------------------------------
                  0.15    0.00    0.00   clock clk (rise edge)
                          0.00    0.00   clock network delay (ideal)
                  0.15    0.00    0.00 ^ _332_/CLK (sky130_fd_sc_hd__dfrtp_4)
     4    0.02    0.09    0.45    0.45 ^ _332_/Q (sky130_fd_sc_hd__dfrtp_4)
                                         one_second_counter[2] (net)
                  0.09    0.00    0.45 ^ _195_/A (sky130_fd_sc_hd__nand3_1)
     1    0.01    0.11    0.11    0.57 v _195_/Y (sky130_fd_sc_hd__nand3_1)
                                         _090_ (net)
                  0.11    0.00    0.57 v _197_/A (sky130_fd_sc_hd__and3_1)
     1    0.00    0.04    0.16    0.73 v _197_/X (sky130_fd_sc_hd__and3_1)
                                         _092_ (net)
                  0.04    0.00    0.73 v _198_/A (sky130_fd_sc_hd__buf_1)
     1    0.01    0.05    0.10    0.83 v _198_/X (sky130_fd_sc_hd__buf_1)
                                         _019_ (net)
                  0.05    0.00    0.83 v _332_/D (sky130_fd_sc_hd__dfrtp_4)
                                  0.83   data arrival time

                  0.15    0.00    0.00   clock clk (rise edge)
                          0.00    0.00   clock network delay (ideal)
                          0.25    0.25   clock uncertainty
                          0.00    0.25   clock reconvergence pessimism
                                  0.25 ^ _332_/CLK (sky130_fd_sc_hd__dfrtp_4)
                         -0.02    0.23   library hold time
                                  0.23   data required time
-----------------------------------------------------------------------------
                                  0.23   data required time
                                 -0.83   data arrival time
-----------------------------------------------------------------------------
                                  0.60   slack (MET)


Startpoint: _334_ (rising edge-triggered flip-flop clocked by clk)
Endpoint: _334_ (rising edge-triggered flip-flop clocked by clk)
Path Group: clk
Path Type: min

Fanout     Cap    Slew   Delay    Time   Description
-----------------------------------------------------------------------------
                  0.15    0.00    0.00   clock clk (rise edge)
                          0.00    0.00   clock network delay (ideal)
                  0.15    0.00    0.00 ^ _334_/CLK (sky130_fd_sc_hd__dfrtp_4)
     5    0.03    0.10    0.46    0.46 ^ _334_/Q (sky130_fd_sc_hd__dfrtp_4)
                                         one_second_counter[4] (net)
                  0.10    0.00    0.46 ^ _203_/A (sky130_fd_sc_hd__nand2_1)
     1    0.01    0.08    0.10    0.56 v _203_/Y (sky130_fd_sc_hd__nand2_1)
                                         _096_ (net)
                  0.08    0.00    0.56 v _205_/B (sky130_fd_sc_hd__and3_1)
     1    0.01    0.04    0.18    0.74 v _205_/X (sky130_fd_sc_hd__and3_1)
                                         _098_ (net)
                  0.04    0.00    0.74 v _206_/A (sky130_fd_sc_hd__clkbuf_1)
     1    0.01    0.05    0.10    0.84 v _206_/X (sky130_fd_sc_hd__clkbuf_1)
                                         _021_ (net)
                  0.05    0.00    0.84 v _334_/D (sky130_fd_sc_hd__dfrtp_4)
                                  0.84   data arrival time

                  0.15    0.00    0.00   clock clk (rise edge)
                          0.00    0.00   clock network delay (ideal)
                          0.25    0.25   clock uncertainty
                          0.00    0.25   clock reconvergence pessimism
                                  0.25 ^ _334_/CLK (sky130_fd_sc_hd__dfrtp_4)
                         -0.02    0.23   library hold time
                                  0.23   data required time
-----------------------------------------------------------------------------
                                  0.23   data required time
                                 -0.84   data arrival time
-----------------------------------------------------------------------------
                                  0.61   slack (MET)


Startpoint: _350_ (rising edge-triggered flip-flop clocked by clk)
Endpoint: _350_ (rising edge-triggered flip-flop clocked by clk)
Path Group: clk
Path Type: min

Fanout     Cap    Slew   Delay    Time   Description
-----------------------------------------------------------------------------
                  0.15    0.00    0.00   clock clk (rise edge)
                          0.00    0.00   clock network delay (ideal)
                  0.15    0.00    0.00 ^ _350_/CLK (sky130_fd_sc_hd__dfrtp_2)
     4    0.02    0.11    0.42    0.42 ^ _350_/Q (sky130_fd_sc_hd__dfrtp_2)
                                         one_second_counter[20] (net)
                  0.11    0.00    0.42 ^ _263_/A (sky130_fd_sc_hd__nand2_1)
     2    0.01    0.08    0.10    0.52 v _263_/Y (sky130_fd_sc_hd__nand2_1)
                                         _140_ (net)
                  0.08    0.00    0.52 v _264_/C (sky130_fd_sc_hd__and3_1)
     1    0.01    0.07    0.22    0.73 v _264_/X (sky130_fd_sc_hd__and3_1)
                                         _141_ (net)
                  0.07    0.00    0.74 v _265_/A (sky130_fd_sc_hd__clkbuf_1)
     1    0.01    0.04    0.11    0.84 v _265_/X (sky130_fd_sc_hd__clkbuf_1)
                                         _012_ (net)
                  0.04    0.00    0.85 v _350_/D (sky130_fd_sc_hd__dfrtp_2)
                                  0.85   data arrival time

                  0.15    0.00    0.00   clock clk (rise edge)
                          0.00    0.00   clock network delay (ideal)
                          0.25    0.25   clock uncertainty
                          0.00    0.25   clock reconvergence pessimism
                                  0.25 ^ _350_/CLK (sky130_fd_sc_hd__dfrtp_2)
                         -0.02    0.23   library hold time
                                  0.23   data required time
-----------------------------------------------------------------------------
                                  0.23   data required time
                                 -0.85   data arrival time
-----------------------------------------------------------------------------
                                  0.61   slack (MET)


Startpoint: _342_ (rising edge-triggered flip-flop clocked by clk)
Endpoint: _342_ (rising edge-triggered flip-flop clocked by clk)
Path Group: clk
Path Type: min

Fanout     Cap    Slew   Delay    Time   Description
-----------------------------------------------------------------------------
                  0.15    0.00    0.00   clock clk (rise edge)
                          0.00    0.00   clock network delay (ideal)
                  0.15    0.00    0.00 ^ _342_/CLK (sky130_fd_sc_hd__dfrtp_2)
     5    0.02    0.11    0.41    0.41 ^ _342_/Q (sky130_fd_sc_hd__dfrtp_2)
                                         one_second_counter[12] (net)
                  0.11    0.00    0.42 ^ _231_/A (sky130_fd_sc_hd__nand2_1)
     1    0.01    0.08    0.10    0.51 v _231_/Y (sky130_fd_sc_hd__nand2_1)
                                         _116_ (net)
                  0.08    0.00    0.51 v _232_/C (sky130_fd_sc_hd__and3_1)
     1    0.01    0.07    0.21    0.73 v _232_/X (sky130_fd_sc_hd__and3_1)
                                         _117_ (net)
                  0.07    0.00    0.73 v _233_/A (sky130_fd_sc_hd__buf_1)
     1    0.01    0.06    0.12    0.84 v _233_/X (sky130_fd_sc_hd__buf_1)
                                         _003_ (net)
                  0.06    0.00    0.84 v _342_/D (sky130_fd_sc_hd__dfrtp_2)
                                  0.84   data arrival time

                  0.15    0.00    0.00   clock clk (rise edge)
                          0.00    0.00   clock network delay (ideal)
                          0.25    0.25   clock uncertainty
                          0.00    0.25   clock reconvergence pessimism
                                  0.25 ^ _342_/CLK (sky130_fd_sc_hd__dfrtp_2)
                         -0.02    0.23   library hold time
                                  0.23   data required time
-----------------------------------------------------------------------------
                                  0.23   data required time
                                 -0.84   data arrival time
-----------------------------------------------------------------------------
                                  0.62   slack (MET)


Startpoint: _352_ (rising edge-triggered flip-flop clocked by clk)
Endpoint: _352_ (rising edge-triggered flip-flop clocked by clk)
Path Group: clk
Path Type: min

Fanout     Cap    Slew   Delay    Time   Description
-----------------------------------------------------------------------------
                  0.15    0.00    0.00   clock clk (rise edge)
                          0.00    0.00   clock network delay (ideal)
                  0.15    0.00    0.00 ^ _352_/CLK (sky130_fd_sc_hd__dfrtp_1)
     3    0.02    0.14    0.41    0.41 ^ _352_/Q (sky130_fd_sc_hd__dfrtp_1)
                                         one_second_counter[22] (net)
                  0.14    0.00    0.41 ^ _270_/A (sky130_fd_sc_hd__nand2_2)
     2    0.02    0.08    0.10    0.51 v _270_/Y (sky130_fd_sc_hd__nand2_2)
                                         _145_ (net)
                  0.08    0.00    0.51 v _271_/C (sky130_fd_sc_hd__and3_1)
     1    0.01    0.06    0.21    0.72 v _271_/X (sky130_fd_sc_hd__and3_1)
                                         _146_ (net)
                  0.06    0.00    0.72 v _272_/A (sky130_fd_sc_hd__buf_1)
     1    0.01    0.07    0.12    0.84 v _272_/X (sky130_fd_sc_hd__buf_1)
                                         _014_ (net)
                  0.07    0.00    0.84 v _352_/D (sky130_fd_sc_hd__dfrtp_1)
                                  0.84   data arrival time

                  0.15    0.00    0.00   clock clk (rise edge)
                          0.00    0.00   clock network delay (ideal)
                          0.25    0.25   clock uncertainty
                          0.00    0.25   clock reconvergence pessimism
                                  0.25 ^ _352_/CLK (sky130_fd_sc_hd__dfrtp_1)
                         -0.03    0.22   library hold time
                                  0.22   data required time
-----------------------------------------------------------------------------
                                  0.22   data required time
                                 -0.84   data arrival time
-----------------------------------------------------------------------------
                                  0.62   slack (MET)


Startpoint: _344_ (rising edge-triggered flip-flop clocked by clk)
Endpoint: _344_ (rising edge-triggered flip-flop clocked by clk)
Path Group: clk
Path Type: min

Fanout     Cap    Slew   Delay    Time   Description
-----------------------------------------------------------------------------
                  0.15    0.00    0.00   clock clk (rise edge)
                          0.00    0.00   clock network delay (ideal)
                  0.15    0.00    0.00 ^ _344_/CLK (sky130_fd_sc_hd__dfrtp_1)
     3    0.01    0.14    0.41    0.41 ^ _344_/Q (sky130_fd_sc_hd__dfrtp_1)
                                         one_second_counter[14] (net)
                  0.14    0.00    0.41 ^ _238_/A (sky130_fd_sc_hd__inv_2)
     2    0.01    0.05    0.06    0.47 v _238_/Y (sky130_fd_sc_hd__inv_2)
                                         _121_ (net)
                  0.05    0.00    0.47 v _239_/A (sky130_fd_sc_hd__nand2_1)
     1    0.01    0.10    0.10    0.57 ^ _239_/Y (sky130_fd_sc_hd__nand2_1)
                                         _122_ (net)
                  0.10    0.00    0.57 ^ _241_/B (sky130_fd_sc_hd__and3_1)
     1    0.01    0.08    0.17    0.74 ^ _241_/X (sky130_fd_sc_hd__and3_1)
                                         _124_ (net)
                  0.08    0.00    0.74 ^ _242_/A (sky130_fd_sc_hd__clkbuf_1)
     1    0.01    0.08    0.11    0.85 ^ _242_/X (sky130_fd_sc_hd__clkbuf_1)
                                         _005_ (net)
                  0.08    0.00    0.85 ^ _344_/D (sky130_fd_sc_hd__dfrtp_1)
                                  0.85   data arrival time

                  0.15    0.00    0.00   clock clk (rise edge)
                          0.00    0.00   clock network delay (ideal)
                          0.25    0.25   clock uncertainty
                          0.00    0.25   clock reconvergence pessimism
                                  0.25 ^ _344_/CLK (sky130_fd_sc_hd__dfrtp_1)
                         -0.03    0.22   library hold time
                                  0.22   data required time
-----------------------------------------------------------------------------
                                  0.22   data required time
                                 -0.85   data arrival time
-----------------------------------------------------------------------------
                                  0.63   slack (MET)


Startpoint: _346_ (rising edge-triggered flip-flop clocked by clk)
Endpoint: _346_ (rising edge-triggered flip-flop clocked by clk)
Path Group: clk
Path Type: min

Fanout     Cap    Slew   Delay    Time   Description
-----------------------------------------------------------------------------
                  0.15    0.00    0.00   clock clk (rise edge)
                          0.00    0.00   clock network delay (ideal)
                  0.15    0.00    0.00 ^ _346_/CLK (sky130_fd_sc_hd__dfrtp_4)
     6    0.03    0.11    0.46    0.46 ^ _346_/Q (sky130_fd_sc_hd__dfrtp_4)
                                         one_second_counter[16] (net)
                  0.11    0.00    0.46 ^ _248_/A (sky130_fd_sc_hd__nand2_1)
     3    0.01    0.10    0.11    0.58 v _248_/Y (sky130_fd_sc_hd__nand2_1)
                                         _129_ (net)
                  0.10    0.00    0.58 v _249_/C (sky130_fd_sc_hd__and3_1)
     1    0.01    0.05    0.20    0.78 v _249_/X (sky130_fd_sc_hd__and3_1)
                                         _130_ (net)
                  0.05    0.00    0.78 v _250_/A (sky130_fd_sc_hd__clkbuf_1)
     1    0.01    0.04    0.10    0.88 v _250_/X (sky130_fd_sc_hd__clkbuf_1)
                                         _007_ (net)
                  0.04    0.00    0.88 v _346_/D (sky130_fd_sc_hd__dfrtp_4)
                                  0.88   data arrival time

                  0.15    0.00    0.00   clock clk (rise edge)
                          0.00    0.00   clock network delay (ideal)
                          0.25    0.25   clock uncertainty
                          0.00    0.25   clock reconvergence pessimism
                                  0.25 ^ _346_/CLK (sky130_fd_sc_hd__dfrtp_4)
                         -0.02    0.23   library hold time
                                  0.23   data required time
-----------------------------------------------------------------------------
                                  0.23   data required time
                                 -0.88   data arrival time
-----------------------------------------------------------------------------
                                  0.65   slack (MET)


Startpoint: _349_ (rising edge-triggered flip-flop clocked by clk)
Endpoint: _349_ (rising edge-triggered flip-flop clocked by clk)
Path Group: clk
Path Type: min

Fanout     Cap    Slew   Delay    Time   Description
-----------------------------------------------------------------------------
                  0.15    0.00    0.00   clock clk (rise edge)
                          0.00    0.00   clock network delay (ideal)
                  0.15    0.00    0.00 ^ _349_/CLK (sky130_fd_sc_hd__dfrtp_2)
     4    0.02    0.11    0.41    0.41 ^ _349_/Q (sky130_fd_sc_hd__dfrtp_2)
                                         one_second_counter[19] (net)
                  0.11    0.00    0.41 ^ _256_/B1 (sky130_fd_sc_hd__a41o_1)
     1    0.01    0.08    0.13    0.54 ^ _256_/X (sky130_fd_sc_hd__a41o_1)
                                         _134_ (net)
                  0.08    0.00    0.54 ^ _260_/B (sky130_fd_sc_hd__and3_1)
     1    0.01    0.11    0.19    0.73 ^ _260_/X (sky130_fd_sc_hd__and3_1)
                                         _138_ (net)
                  0.11    0.00    0.73 ^ _261_/A (sky130_fd_sc_hd__buf_1)
     1    0.01    0.12    0.14    0.88 ^ _261_/X (sky130_fd_sc_hd__buf_1)
                                         _010_ (net)
                  0.12    0.00    0.88 ^ _349_/D (sky130_fd_sc_hd__dfrtp_2)
                                  0.88   data arrival time

                  0.15    0.00    0.00   clock clk (rise edge)
                          0.00    0.00   clock network delay (ideal)
                          0.25    0.25   clock uncertainty
                          0.00    0.25   clock reconvergence pessimism
                                  0.25 ^ _349_/CLK (sky130_fd_sc_hd__dfrtp_2)
                         -0.04    0.21   library hold time
                                  0.21   data required time
-----------------------------------------------------------------------------
                                  0.21   data required time
                                 -0.88   data arrival time
-----------------------------------------------------------------------------
                                  0.66   slack (MET)


Startpoint: _340_ (rising edge-triggered flip-flop clocked by clk)
Endpoint: _340_ (rising edge-triggered flip-flop clocked by clk)
Path Group: clk
Path Type: min

Fanout     Cap    Slew   Delay    Time   Description
-----------------------------------------------------------------------------
                  0.15    0.00    0.00   clock clk (rise edge)
                          0.00    0.00   clock network delay (ideal)
                  0.15    0.00    0.00 ^ _340_/CLK (sky130_fd_sc_hd__dfrtp_4)
     6    0.03    0.12    0.48    0.48 ^ _340_/Q (sky130_fd_sc_hd__dfrtp_4)
                                         one_second_counter[10] (net)
                  0.12    0.00    0.48 ^ _224_/A (sky130_fd_sc_hd__nand2_1)
     1    0.01    0.06    0.08    0.56 v _224_/Y (sky130_fd_sc_hd__nand2_1)
                                         _111_ (net)
                  0.06    0.00    0.56 v _225_/C (sky130_fd_sc_hd__and3_1)
     1    0.02    0.09    0.22    0.78 v _225_/X (sky130_fd_sc_hd__and3_1)
                                         _112_ (net)
                  0.09    0.00    0.79 v _226_/A (sky130_fd_sc_hd__buf_1)
     1    0.01    0.05    0.13    0.91 v _226_/X (sky130_fd_sc_hd__buf_1)
                                         _001_ (net)
                  0.05    0.00    0.91 v _340_/D (sky130_fd_sc_hd__dfrtp_4)
                                  0.91   data arrival time

                  0.15    0.00    0.00   clock clk (rise edge)
                          0.00    0.00   clock network delay (ideal)
                          0.25    0.25   clock uncertainty
                          0.00    0.25   clock reconvergence pessimism
                                  0.25 ^ _340_/CLK (sky130_fd_sc_hd__dfrtp_4)
                         -0.02    0.23   library hold time
                                  0.23   data required time
-----------------------------------------------------------------------------
                                  0.23   data required time
                                 -0.91   data arrival time
-----------------------------------------------------------------------------
                                  0.68   slack (MET)


Startpoint: _356_ (rising edge-triggered flip-flop clocked by clk)
Endpoint: _357_ (rising edge-triggered flip-flop clocked by clk)
Path Group: clk
Path Type: min

Fanout     Cap    Slew   Delay    Time   Description
-----------------------------------------------------------------------------
                  0.15    0.00    0.00   clock clk (rise edge)
                          0.00    0.00   clock network delay (ideal)
                  0.15    0.00    0.00 ^ _356_/CLK (sky130_fd_sc_hd__dfrtp_1)
     2    0.01    0.07    0.41    0.41 v _356_/Q (sky130_fd_sc_hd__dfrtp_1)
                                         one_second_counter[26] (net)
                  0.07    0.00    0.41 v _187_/B1_N (sky130_fd_sc_hd__a21bo_2)
     9    0.03    0.18    0.29    0.70 ^ _187_/X (sky130_fd_sc_hd__a21bo_2)
                                         _085_ (net)
                  0.18    0.00    0.70 ^ _188_/A (sky130_fd_sc_hd__inv_2)
     2    0.01    0.06    0.08    0.78 v _188_/Y (sky130_fd_sc_hd__inv_2)
                                         _086_ (net)
                  0.06    0.00    0.78 v _189_/A (sky130_fd_sc_hd__buf_4)
    10    0.05    0.08    0.18    0.96 v _189_/X (sky130_fd_sc_hd__buf_4)
                                         _027_ (net)
                  0.08    0.00    0.96 v _357_/D (sky130_fd_sc_hd__dfrtp_4)
                                  0.96   data arrival time

                  0.15    0.00    0.00   clock clk (rise edge)
                          0.00    0.00   clock network delay (ideal)
                          0.25    0.25   clock uncertainty
                          0.00    0.25   clock reconvergence pessimism
                                  0.25 ^ _357_/CLK (sky130_fd_sc_hd__dfrtp_4)
                         -0.03    0.22   library hold time
                                  0.22   data required time
-----------------------------------------------------------------------------
                                  0.22   data required time
                                 -0.96   data arrival time
-----------------------------------------------------------------------------
                                  0.75   slack (MET)


Startpoint: rst (input port clocked by clk)
Endpoint: _360_ (removal check against rising-edge clock clk)
Path Group: asynchronous
Path Type: min

Fanout     Cap    Slew   Delay    Time   Description
-----------------------------------------------------------------------------
                  0.15    0.00    0.00   clock clk (rise edge)
                          0.00    0.00   clock network delay (ideal)
                          2.00    2.00 v input external delay
     1    0.00    0.01    0.00    2.00 v rst (in)
                                         rst (net)
                  0.01    0.00    2.00 v input1/A (sky130_fd_sc_hd__clkbuf_4)
     5    0.04    0.09    0.17    2.17 v input1/X (sky130_fd_sc_hd__clkbuf_4)
                                         net1 (net)
                  0.09    0.00    2.18 v _328_/A (sky130_fd_sc_hd__inv_2)
     1    0.01    0.06    0.08    2.25 ^ _328_/Y (sky130_fd_sc_hd__inv_2)
                                         _058_ (net)
                  0.06    0.00    2.25 ^ _360_/RESET_B (sky130_fd_sc_hd__dfrtp_4)
                                  2.25   data arrival time

                  0.15    0.00    0.00   clock clk (rise edge)
                          0.00    0.00   clock network delay (ideal)
                          0.25    0.25   clock uncertainty
                          0.00    0.25   clock reconvergence pessimism
                                  0.25 ^ _360_/CLK (sky130_fd_sc_hd__dfrtp_4)
                          0.35    0.60   library removal time
                                  0.60   data required time
-----------------------------------------------------------------------------
                                  0.60   data required time
                                 -2.25   data arrival time
-----------------------------------------------------------------------------
                                  1.65   slack (MET)


Startpoint: rst (input port clocked by clk)
Endpoint: _361_ (removal check against rising-edge clock clk)
Path Group: asynchronous
Path Type: min

Fanout     Cap    Slew   Delay    Time   Description
-----------------------------------------------------------------------------
                  0.15    0.00    0.00   clock clk (rise edge)
                          0.00    0.00   clock network delay (ideal)
                          2.00    2.00 v input external delay
     1    0.00    0.01    0.00    2.00 v rst (in)
                                         rst (net)
                  0.01    0.00    2.00 v input1/A (sky130_fd_sc_hd__clkbuf_4)
     5    0.04    0.09    0.17    2.17 v input1/X (sky130_fd_sc_hd__clkbuf_4)
                                         net1 (net)
                  0.09    0.00    2.17 v _329_/A (sky130_fd_sc_hd__inv_2)
     1    0.01    0.06    0.08    2.26 ^ _329_/Y (sky130_fd_sc_hd__inv_2)
                                         _059_ (net)
                  0.06    0.00    2.26 ^ _361_/RESET_B (sky130_fd_sc_hd__dfrtp_4)
                                  2.26   data arrival time

                  0.15    0.00    0.00   clock clk (rise edge)
                          0.00    0.00   clock network delay (ideal)
                          0.25    0.25   clock uncertainty
                          0.00    0.25   clock reconvergence pessimism
                                  0.25 ^ _361_/CLK (sky130_fd_sc_hd__dfrtp_4)
                          0.35    0.60   library removal time
                                  0.60   data required time
-----------------------------------------------------------------------------
                                  0.60   data required time
                                 -2.26   data arrival time
-----------------------------------------------------------------------------
                                  1.66   slack (MET)


Startpoint: rst (input port clocked by clk)
Endpoint: _351_ (removal check against rising-edge clock clk)
Path Group: asynchronous
Path Type: min

Fanout     Cap    Slew   Delay    Time   Description
-----------------------------------------------------------------------------
                  0.15    0.00    0.00   clock clk (rise edge)
                          0.00    0.00   clock network delay (ideal)
                          2.00    2.00 v input external delay
     1    0.00    0.01    0.00    2.00 v rst (in)
                                         rst (net)
                  0.01    0.00    2.00 v input1/A (sky130_fd_sc_hd__clkbuf_4)
     5    0.04    0.09    0.17    2.17 v input1/X (sky130_fd_sc_hd__clkbuf_4)
                                         net1 (net)
                  0.09    0.00    2.17 v _317_/A (sky130_fd_sc_hd__clkbuf_8)
    10    0.06    0.08    0.19    2.37 v _317_/X (sky130_fd_sc_hd__clkbuf_8)
                                         _161_ (net)
                  0.08    0.00    2.37 v _319_/A (sky130_fd_sc_hd__inv_2)
     1    0.01    0.04    0.06    2.43 ^ _319_/Y (sky130_fd_sc_hd__inv_2)
                                         _049_ (net)
                  0.04    0.00    2.43 ^ _351_/RESET_B (sky130_fd_sc_hd__dfrtp_2)
                                  2.43   data arrival time

                  0.15    0.00    0.00   clock clk (rise edge)
                          0.00    0.00   clock network delay (ideal)
                          0.25    0.25   clock uncertainty
                          0.00    0.25   clock reconvergence pessimism
                                  0.25 ^ _351_/CLK (sky130_fd_sc_hd__dfrtp_2)
                          0.35    0.60   library removal time
                                  0.60   data required time
-----------------------------------------------------------------------------
                                  0.60   data required time
                                 -2.43   data arrival time
-----------------------------------------------------------------------------
                                  1.83   slack (MET)


Startpoint: rst (input port clocked by clk)
Endpoint: _346_ (removal check against rising-edge clock clk)
Path Group: asynchronous
Path Type: min

Fanout     Cap    Slew   Delay    Time   Description
-----------------------------------------------------------------------------
                  0.15    0.00    0.00   clock clk (rise edge)
                          0.00    0.00   clock network delay (ideal)
                          2.00    2.00 v input external delay
     1    0.00    0.01    0.00    2.00 v rst (in)
                                         rst (net)
                  0.01    0.00    2.00 v input1/A (sky130_fd_sc_hd__clkbuf_4)
     5    0.04    0.09    0.17    2.17 v input1/X (sky130_fd_sc_hd__clkbuf_4)
                                         net1 (net)
                  0.09    0.00    2.18 v _306_/A (sky130_fd_sc_hd__clkbuf_8)
    10    0.06    0.08    0.19    2.37 v _306_/X (sky130_fd_sc_hd__clkbuf_8)
                                         _160_ (net)
                  0.08    0.00    2.37 v _313_/A (sky130_fd_sc_hd__inv_2)
     1    0.00    0.04    0.06    2.43 ^ _313_/Y (sky130_fd_sc_hd__inv_2)
                                         _044_ (net)
                  0.04    0.00    2.43 ^ _346_/RESET_B (sky130_fd_sc_hd__dfrtp_4)
                                  2.43   data arrival time

                  0.15    0.00    0.00   clock clk (rise edge)
                          0.00    0.00   clock network delay (ideal)
                          0.25    0.25   clock uncertainty
                          0.00    0.25   clock reconvergence pessimism
                                  0.25 ^ _346_/CLK (sky130_fd_sc_hd__dfrtp_4)
                          0.35    0.60   library removal time
                                  0.60   data required time
-----------------------------------------------------------------------------
                                  0.60   data required time
                                 -2.43   data arrival time
-----------------------------------------------------------------------------
                                  1.83   slack (MET)


Startpoint: rst (input port clocked by clk)
Endpoint: _345_ (removal check against rising-edge clock clk)
Path Group: asynchronous
Path Type: min

Fanout     Cap    Slew   Delay    Time   Description
-----------------------------------------------------------------------------
                  0.15    0.00    0.00   clock clk (rise edge)
                          0.00    0.00   clock network delay (ideal)
                          2.00    2.00 v input external delay
     1    0.00    0.01    0.00    2.00 v rst (in)
                                         rst (net)
                  0.01    0.00    2.00 v input1/A (sky130_fd_sc_hd__clkbuf_4)
     5    0.04    0.09    0.17    2.17 v input1/X (sky130_fd_sc_hd__clkbuf_4)
                                         net1 (net)
                  0.09    0.00    2.18 v _306_/A (sky130_fd_sc_hd__clkbuf_8)
    10    0.06    0.08    0.19    2.37 v _306_/X (sky130_fd_sc_hd__clkbuf_8)
                                         _160_ (net)
                  0.08    0.01    2.37 v _312_/A (sky130_fd_sc_hd__inv_2)
     1    0.00    0.03    0.05    2.43 ^ _312_/Y (sky130_fd_sc_hd__inv_2)
                                         _043_ (net)
                  0.03    0.00    2.43 ^ _345_/RESET_B (sky130_fd_sc_hd__dfrtp_2)
                                  2.43   data arrival time

                  0.15    0.00    0.00   clock clk (rise edge)
                          0.00    0.00   clock network delay (ideal)
                          0.25    0.25   clock uncertainty
                          0.00    0.25   clock reconvergence pessimism
                                  0.25 ^ _345_/CLK (sky130_fd_sc_hd__dfrtp_2)
                          0.35    0.60   library removal time
                                  0.60   data required time
-----------------------------------------------------------------------------
                                  0.60   data required time
                                 -2.43   data arrival time
-----------------------------------------------------------------------------
                                  1.83   slack (MET)


Startpoint: rst (input port clocked by clk)
Endpoint: _342_ (removal check against rising-edge clock clk)
Path Group: asynchronous
Path Type: min

Fanout     Cap    Slew   Delay    Time   Description
-----------------------------------------------------------------------------
                  0.15    0.00    0.00   clock clk (rise edge)
                          0.00    0.00   clock network delay (ideal)
                          2.00    2.00 v input external delay
     1    0.00    0.01    0.00    2.00 v rst (in)
                                         rst (net)
                  0.01    0.00    2.00 v input1/A (sky130_fd_sc_hd__clkbuf_4)
     5    0.04    0.09    0.17    2.17 v input1/X (sky130_fd_sc_hd__clkbuf_4)
                                         net1 (net)
                  0.09    0.00    2.18 v _306_/A (sky130_fd_sc_hd__clkbuf_8)
    10    0.06    0.08    0.19    2.37 v _306_/X (sky130_fd_sc_hd__clkbuf_8)
                                         _160_ (net)
                  0.08    0.00    2.37 v _309_/A (sky130_fd_sc_hd__inv_2)
     1    0.01    0.04    0.06    2.43 ^ _309_/Y (sky130_fd_sc_hd__inv_2)
                                         _040_ (net)
                  0.04    0.00    2.43 ^ _342_/RESET_B (sky130_fd_sc_hd__dfrtp_2)
                                  2.43   data arrival time

                  0.15    0.00    0.00   clock clk (rise edge)
                          0.00    0.00   clock network delay (ideal)
                          0.25    0.25   clock uncertainty
                          0.00    0.25   clock reconvergence pessimism
                                  0.25 ^ _342_/CLK (sky130_fd_sc_hd__dfrtp_2)
                          0.35    0.60   library removal time
                                  0.60   data required time
-----------------------------------------------------------------------------
                                  0.60   data required time
                                 -2.43   data arrival time
-----------------------------------------------------------------------------
                                  1.83   slack (MET)


Startpoint: rst (input port clocked by clk)
Endpoint: _353_ (removal check against rising-edge clock clk)
Path Group: asynchronous
Path Type: min

Fanout     Cap    Slew   Delay    Time   Description
-----------------------------------------------------------------------------
                  0.15    0.00    0.00   clock clk (rise edge)
                          0.00    0.00   clock network delay (ideal)
                          2.00    2.00 v input external delay
     1    0.00    0.01    0.00    2.00 v rst (in)
                                         rst (net)
                  0.01    0.00    2.00 v input1/A (sky130_fd_sc_hd__clkbuf_4)
     5    0.04    0.09    0.17    2.17 v input1/X (sky130_fd_sc_hd__clkbuf_4)
                                         net1 (net)
                  0.09    0.00    2.17 v _317_/A (sky130_fd_sc_hd__clkbuf_8)
    10    0.06    0.08    0.19    2.37 v _317_/X (sky130_fd_sc_hd__clkbuf_8)
                                         _161_ (net)
                  0.08    0.00    2.37 v _321_/A (sky130_fd_sc_hd__inv_2)
     1    0.01    0.04    0.06    2.43 ^ _321_/Y (sky130_fd_sc_hd__inv_2)
                                         _051_ (net)
                  0.04    0.00    2.43 ^ _353_/RESET_B (sky130_fd_sc_hd__dfrtp_1)
                                  2.43   data arrival time

                  0.15    0.00    0.00   clock clk (rise edge)
                          0.00    0.00   clock network delay (ideal)
                          0.25    0.25   clock uncertainty
                          0.00    0.25   clock reconvergence pessimism
                                  0.25 ^ _353_/CLK (sky130_fd_sc_hd__dfrtp_1)
                          0.35    0.60   library removal time
                                  0.60   data required time
-----------------------------------------------------------------------------
                                  0.60   data required time
                                 -2.43   data arrival time
-----------------------------------------------------------------------------
                                  1.84   slack (MET)


Startpoint: rst (input port clocked by clk)
Endpoint: _357_ (removal check against rising-edge clock clk)
Path Group: asynchronous
Path Type: min

Fanout     Cap    Slew   Delay    Time   Description
-----------------------------------------------------------------------------
                  0.15    0.00    0.00   clock clk (rise edge)
                          0.00    0.00   clock network delay (ideal)
                          2.00    2.00 v input external delay
     1    0.00    0.01    0.00    2.00 v rst (in)
                                         rst (net)
                  0.01    0.00    2.00 v input1/A (sky130_fd_sc_hd__clkbuf_4)
     5    0.04    0.09    0.17    2.17 v input1/X (sky130_fd_sc_hd__clkbuf_4)
                                         net1 (net)
                  0.09    0.00    2.17 v _317_/A (sky130_fd_sc_hd__clkbuf_8)
    10    0.06    0.08    0.19    2.37 v _317_/X (sky130_fd_sc_hd__clkbuf_8)
                                         _161_ (net)
                  0.08    0.00    2.37 v _325_/A (sky130_fd_sc_hd__inv_2)
     1    0.01    0.04    0.06    2.43 ^ _325_/Y (sky130_fd_sc_hd__inv_2)
                                         _055_ (net)
                  0.04    0.00    2.43 ^ _357_/RESET_B (sky130_fd_sc_hd__dfrtp_4)
                                  2.43   data arrival time

                  0.15    0.00    0.00   clock clk (rise edge)
                          0.00    0.00   clock network delay (ideal)
                          0.25    0.25   clock uncertainty
                          0.00    0.25   clock reconvergence pessimism
                                  0.25 ^ _357_/CLK (sky130_fd_sc_hd__dfrtp_4)
                          0.35    0.60   library removal time
                                  0.60   data required time
-----------------------------------------------------------------------------
                                  0.60   data required time
                                 -2.43   data arrival time
-----------------------------------------------------------------------------
                                  1.84   slack (MET)


Startpoint: rst (input port clocked by clk)
Endpoint: _341_ (removal check against rising-edge clock clk)
Path Group: asynchronous
Path Type: min

Fanout     Cap    Slew   Delay    Time   Description
-----------------------------------------------------------------------------
                  0.15    0.00    0.00   clock clk (rise edge)
                          0.00    0.00   clock network delay (ideal)
                          2.00    2.00 v input external delay
     1    0.00    0.01    0.00    2.00 v rst (in)
                                         rst (net)
                  0.01    0.00    2.00 v input1/A (sky130_fd_sc_hd__clkbuf_4)
     5    0.04    0.09    0.17    2.17 v input1/X (sky130_fd_sc_hd__clkbuf_4)
                                         net1 (net)
                  0.09    0.00    2.18 v _306_/A (sky130_fd_sc_hd__clkbuf_8)
    10    0.06    0.08    0.19    2.37 v _306_/X (sky130_fd_sc_hd__clkbuf_8)
                                         _160_ (net)
                  0.08    0.00    2.37 v _308_/A (sky130_fd_sc_hd__inv_2)
     1    0.01    0.05    0.07    2.44 ^ _308_/Y (sky130_fd_sc_hd__inv_2)
                                         _039_ (net)
                  0.05    0.00    2.44 ^ _341_/RESET_B (sky130_fd_sc_hd__dfrtp_4)
                                  2.44   data arrival time

                  0.15    0.00    0.00   clock clk (rise edge)
                          0.00    0.00   clock network delay (ideal)
                          0.25    0.25   clock uncertainty
                          0.00    0.25   clock reconvergence pessimism
                                  0.25 ^ _341_/CLK (sky130_fd_sc_hd__dfrtp_4)
                          0.35    0.60   library removal time
                                  0.60   data required time
-----------------------------------------------------------------------------
                                  0.60   data required time
                                 -2.44   data arrival time
-----------------------------------------------------------------------------
                                  1.84   slack (MET)


Startpoint: rst (input port clocked by clk)
Endpoint: _355_ (removal check against rising-edge clock clk)
Path Group: asynchronous
Path Type: min

Fanout     Cap    Slew   Delay    Time   Description
-----------------------------------------------------------------------------
                  0.15    0.00    0.00   clock clk (rise edge)
                          0.00    0.00   clock network delay (ideal)
                          2.00    2.00 v input external delay
     1    0.00    0.01    0.00    2.00 v rst (in)
                                         rst (net)
                  0.01    0.00    2.00 v input1/A (sky130_fd_sc_hd__clkbuf_4)
     5    0.04    0.09    0.17    2.17 v input1/X (sky130_fd_sc_hd__clkbuf_4)
                                         net1 (net)
                  0.09    0.00    2.17 v _317_/A (sky130_fd_sc_hd__clkbuf_8)
    10    0.06    0.08    0.19    2.37 v _317_/X (sky130_fd_sc_hd__clkbuf_8)
                                         _161_ (net)
                  0.08    0.00    2.37 v _323_/A (sky130_fd_sc_hd__inv_2)
     1    0.01    0.05    0.07    2.44 ^ _323_/Y (sky130_fd_sc_hd__inv_2)
                                         _053_ (net)
                  0.05    0.00    2.44 ^ _355_/RESET_B (sky130_fd_sc_hd__dfrtp_4)
                                  2.44   data arrival time

                  0.15    0.00    0.00   clock clk (rise edge)
                          0.00    0.00   clock network delay (ideal)
                          0.25    0.25   clock uncertainty
                          0.00    0.25   clock reconvergence pessimism
                                  0.25 ^ _355_/CLK (sky130_fd_sc_hd__dfrtp_4)
                          0.35    0.60   library removal time
                                  0.60   data required time
-----------------------------------------------------------------------------
                                  0.60   data required time
                                 -2.44   data arrival time
-----------------------------------------------------------------------------
                                  1.84   slack (MET)


Startpoint: rst (input port clocked by clk)
Endpoint: _352_ (removal check against rising-edge clock clk)
Path Group: asynchronous
Path Type: min

Fanout     Cap    Slew   Delay    Time   Description
-----------------------------------------------------------------------------
                  0.15    0.00    0.00   clock clk (rise edge)
                          0.00    0.00   clock network delay (ideal)
                          2.00    2.00 v input external delay
     1    0.00    0.01    0.00    2.00 v rst (in)
                                         rst (net)
                  0.01    0.00    2.00 v input1/A (sky130_fd_sc_hd__clkbuf_4)
     5    0.04    0.09    0.17    2.17 v input1/X (sky130_fd_sc_hd__clkbuf_4)
                                         net1 (net)
                  0.09    0.00    2.17 v _317_/A (sky130_fd_sc_hd__clkbuf_8)
    10    0.06    0.08    0.19    2.37 v _317_/X (sky130_fd_sc_hd__clkbuf_8)
                                         _161_ (net)
                  0.08    0.00    2.37 v _320_/A (sky130_fd_sc_hd__inv_2)
     1    0.01    0.05    0.07    2.44 ^ _320_/Y (sky130_fd_sc_hd__inv_2)
                                         _050_ (net)
                  0.05    0.00    2.44 ^ _352_/RESET_B (sky130_fd_sc_hd__dfrtp_1)
                                  2.44   data arrival time

                  0.15    0.00    0.00   clock clk (rise edge)
                          0.00    0.00   clock network delay (ideal)
                          0.25    0.25   clock uncertainty
                          0.00    0.25   clock reconvergence pessimism
                                  0.25 ^ _352_/CLK (sky130_fd_sc_hd__dfrtp_1)
                          0.35    0.60   library removal time
                                  0.60   data required time
-----------------------------------------------------------------------------
                                  0.60   data required time
                                 -2.44   data arrival time
-----------------------------------------------------------------------------
                                  1.84   slack (MET)


Startpoint: rst (input port clocked by clk)
Endpoint: _349_ (removal check against rising-edge clock clk)
Path Group: asynchronous
Path Type: min

Fanout     Cap    Slew   Delay    Time   Description
-----------------------------------------------------------------------------
                  0.15    0.00    0.00   clock clk (rise edge)
                          0.00    0.00   clock network delay (ideal)
                          2.00    2.00 v input external delay
     1    0.00    0.01    0.00    2.00 v rst (in)
                                         rst (net)
                  0.01    0.00    2.00 v input1/A (sky130_fd_sc_hd__clkbuf_4)
     5    0.04    0.09    0.17    2.17 v input1/X (sky130_fd_sc_hd__clkbuf_4)
                                         net1 (net)
                  0.09    0.00    2.18 v _306_/A (sky130_fd_sc_hd__clkbuf_8)
    10    0.06    0.08    0.19    2.37 v _306_/X (sky130_fd_sc_hd__clkbuf_8)
                                         _160_ (net)
                  0.08    0.00    2.37 v _316_/A (sky130_fd_sc_hd__inv_2)
     1    0.01    0.05    0.07    2.44 ^ _316_/Y (sky130_fd_sc_hd__inv_2)
                                         _047_ (net)
                  0.05    0.00    2.44 ^ _349_/RESET_B (sky130_fd_sc_hd__dfrtp_2)
                                  2.44   data arrival time

                  0.15    0.00    0.00   clock clk (rise edge)
                          0.00    0.00   clock network delay (ideal)
                          0.25    0.25   clock uncertainty
                          0.00    0.25   clock reconvergence pessimism
                                  0.25 ^ _349_/CLK (sky130_fd_sc_hd__dfrtp_2)
                          0.35    0.60   library removal time
                                  0.60   data required time
-----------------------------------------------------------------------------
                                  0.60   data required time
                                 -2.44   data arrival time
-----------------------------------------------------------------------------
                                  1.84   slack (MET)


Startpoint: rst (input port clocked by clk)
Endpoint: _359_ (removal check against rising-edge clock clk)
Path Group: asynchronous
Path Type: min

Fanout     Cap    Slew   Delay    Time   Description
-----------------------------------------------------------------------------
                  0.15    0.00    0.00   clock clk (rise edge)
                          0.00    0.00   clock network delay (ideal)
                          2.00    2.00 v input external delay
     1    0.00    0.01    0.00    2.00 v rst (in)
                                         rst (net)
                  0.01    0.00    2.00 v input1/A (sky130_fd_sc_hd__clkbuf_4)
     5    0.04    0.09    0.17    2.17 v input1/X (sky130_fd_sc_hd__clkbuf_4)
                                         net1 (net)
                  0.09    0.00    2.17 v _317_/A (sky130_fd_sc_hd__clkbuf_8)
    10    0.06    0.08    0.19    2.37 v _317_/X (sky130_fd_sc_hd__clkbuf_8)
                                         _161_ (net)
                  0.08    0.00    2.37 v _327_/A (sky130_fd_sc_hd__inv_2)
     1    0.01    0.05    0.07    2.44 ^ _327_/Y (sky130_fd_sc_hd__inv_2)
                                         _057_ (net)
                  0.05    0.00    2.44 ^ _359_/RESET_B (sky130_fd_sc_hd__dfrtp_4)
                                  2.44   data arrival time

                  0.15    0.00    0.00   clock clk (rise edge)
                          0.00    0.00   clock network delay (ideal)
                          0.25    0.25   clock uncertainty
                          0.00    0.25   clock reconvergence pessimism
                                  0.25 ^ _359_/CLK (sky130_fd_sc_hd__dfrtp_4)
                          0.35    0.60   library removal time
                                  0.60   data required time
-----------------------------------------------------------------------------
                                  0.60   data required time
                                 -2.44   data arrival time
-----------------------------------------------------------------------------
                                  1.84   slack (MET)


Startpoint: rst (input port clocked by clk)
Endpoint: _358_ (removal check against rising-edge clock clk)
Path Group: asynchronous
Path Type: min

Fanout     Cap    Slew   Delay    Time   Description
-----------------------------------------------------------------------------
                  0.15    0.00    0.00   clock clk (rise edge)
                          0.00    0.00   clock network delay (ideal)
                          2.00    2.00 v input external delay
     1    0.00    0.01    0.00    2.00 v rst (in)
                                         rst (net)
                  0.01    0.00    2.00 v input1/A (sky130_fd_sc_hd__clkbuf_4)
     5    0.04    0.09    0.17    2.17 v input1/X (sky130_fd_sc_hd__clkbuf_4)
                                         net1 (net)
                  0.09    0.00    2.17 v _317_/A (sky130_fd_sc_hd__clkbuf_8)
    10    0.06    0.08    0.19    2.37 v _317_/X (sky130_fd_sc_hd__clkbuf_8)
                                         _161_ (net)
                  0.08    0.00    2.37 v _326_/A (sky130_fd_sc_hd__inv_2)
     1    0.01    0.06    0.07    2.45 ^ _326_/Y (sky130_fd_sc_hd__inv_2)
                                         _056_ (net)
                  0.06    0.00    2.45 ^ _358_/RESET_B (sky130_fd_sc_hd__dfrtp_4)
                                  2.45   data arrival time

                  0.15    0.00    0.00   clock clk (rise edge)
                          0.00    0.00   clock network delay (ideal)
                          0.25    0.25   clock uncertainty
                          0.00    0.25   clock reconvergence pessimism
                                  0.25 ^ _358_/CLK (sky130_fd_sc_hd__dfrtp_4)
                          0.35    0.60   library removal time
                                  0.60   data required time
-----------------------------------------------------------------------------
                                  0.60   data required time
                                 -2.45   data arrival time
-----------------------------------------------------------------------------
                                  1.84   slack (MET)


Startpoint: rst (input port clocked by clk)
Endpoint: _347_ (removal check against rising-edge clock clk)
Path Group: asynchronous
Path Type: min

Fanout     Cap    Slew   Delay    Time   Description
-----------------------------------------------------------------------------
                  0.15    0.00    0.00   clock clk (rise edge)
                          0.00    0.00   clock network delay (ideal)
                          2.00    2.00 v input external delay
     1    0.00    0.01    0.00    2.00 v rst (in)
                                         rst (net)
                  0.01    0.00    2.00 v input1/A (sky130_fd_sc_hd__clkbuf_4)
     5    0.04    0.09    0.17    2.17 v input1/X (sky130_fd_sc_hd__clkbuf_4)
                                         net1 (net)
                  0.09    0.00    2.18 v _306_/A (sky130_fd_sc_hd__clkbuf_8)
    10    0.06    0.08    0.19    2.37 v _306_/X (sky130_fd_sc_hd__clkbuf_8)
                                         _160_ (net)
                  0.08    0.00    2.37 v _314_/A (sky130_fd_sc_hd__inv_2)
     1    0.01    0.06    0.08    2.45 ^ _314_/Y (sky130_fd_sc_hd__inv_2)
                                         _045_ (net)
                  0.06    0.00    2.45 ^ _347_/RESET_B (sky130_fd_sc_hd__dfrtp_4)
                                  2.45   data arrival time

                  0.15    0.00    0.00   clock clk (rise edge)
                          0.00    0.00   clock network delay (ideal)
                          0.25    0.25   clock uncertainty
                          0.00    0.25   clock reconvergence pessimism
                                  0.25 ^ _347_/CLK (sky130_fd_sc_hd__dfrtp_4)
                          0.35    0.60   library removal time
                                  0.60   data required time
-----------------------------------------------------------------------------
                                  0.60   data required time
                                 -2.45   data arrival time
-----------------------------------------------------------------------------
                                  1.84   slack (MET)


Startpoint: rst (input port clocked by clk)
Endpoint: _354_ (removal check against rising-edge clock clk)
Path Group: asynchronous
Path Type: min

Fanout     Cap    Slew   Delay    Time   Description
-----------------------------------------------------------------------------
                  0.15    0.00    0.00   clock clk (rise edge)
                          0.00    0.00   clock network delay (ideal)
                          2.00    2.00 v input external delay
     1    0.00    0.01    0.00    2.00 v rst (in)
                                         rst (net)
                  0.01    0.00    2.00 v input1/A (sky130_fd_sc_hd__clkbuf_4)
     5    0.04    0.09    0.17    2.17 v input1/X (sky130_fd_sc_hd__clkbuf_4)
                                         net1 (net)
                  0.09    0.00    2.17 v _317_/A (sky130_fd_sc_hd__clkbuf_8)
    10    0.06    0.08    0.19    2.37 v _317_/X (sky130_fd_sc_hd__clkbuf_8)
                                         _161_ (net)
                  0.08    0.00    2.37 v _322_/A (sky130_fd_sc_hd__inv_2)
     1    0.01    0.06    0.08    2.45 ^ _322_/Y (sky130_fd_sc_hd__inv_2)
                                         _052_ (net)
                  0.06    0.00    2.45 ^ _354_/RESET_B (sky130_fd_sc_hd__dfrtp_4)
                                  2.45   data arrival time

                  0.15    0.00    0.00   clock clk (rise edge)
                          0.00    0.00   clock network delay (ideal)
                          0.25    0.25   clock uncertainty
                          0.00    0.25   clock reconvergence pessimism
                                  0.25 ^ _354_/CLK (sky130_fd_sc_hd__dfrtp_4)
                          0.35    0.60   library removal time
                                  0.60   data required time
-----------------------------------------------------------------------------
                                  0.60   data required time
                                 -2.45   data arrival time
-----------------------------------------------------------------------------
                                  1.84   slack (MET)


Startpoint: rst (input port clocked by clk)
Endpoint: _331_ (removal check against rising-edge clock clk)
Path Group: asynchronous
Path Type: min

Fanout     Cap    Slew   Delay    Time   Description
-----------------------------------------------------------------------------
                  0.15    0.00    0.00   clock clk (rise edge)
                          0.00    0.00   clock network delay (ideal)
                          2.00    2.00 v input external delay
     1    0.00    0.01    0.00    2.00 v rst (in)
                                         rst (net)
                  0.01    0.00    2.00 v input1/A (sky130_fd_sc_hd__clkbuf_4)
     5    0.04    0.09    0.17    2.17 v input1/X (sky130_fd_sc_hd__clkbuf_4)
                                         net1 (net)
                  0.09    0.00    2.17 v _295_/A (sky130_fd_sc_hd__buf_4)
    10    0.06    0.08    0.21    2.38 v _295_/X (sky130_fd_sc_hd__buf_4)
                                         _159_ (net)
                  0.08    0.00    2.38 v _297_/A (sky130_fd_sc_hd__inv_2)
     1    0.01    0.04    0.06    2.44 ^ _297_/Y (sky130_fd_sc_hd__inv_2)
                                         _029_ (net)
                  0.04    0.00    2.44 ^ _331_/RESET_B (sky130_fd_sc_hd__dfrtp_4)
                                  2.44   data arrival time

                  0.15    0.00    0.00   clock clk (rise edge)
                          0.00    0.00   clock network delay (ideal)
                          0.25    0.25   clock uncertainty
                          0.00    0.25   clock reconvergence pessimism
                                  0.25 ^ _331_/CLK (sky130_fd_sc_hd__dfrtp_4)
                          0.35    0.60   library removal time
                                  0.60   data required time
-----------------------------------------------------------------------------
                                  0.60   data required time
                                 -2.44   data arrival time
-----------------------------------------------------------------------------
                                  1.85   slack (MET)


Startpoint: rst (input port clocked by clk)
Endpoint: _335_ (removal check against rising-edge clock clk)
Path Group: asynchronous
Path Type: min

Fanout     Cap    Slew   Delay    Time   Description
-----------------------------------------------------------------------------
                  0.15    0.00    0.00   clock clk (rise edge)
                          0.00    0.00   clock network delay (ideal)
                          2.00    2.00 v input external delay
     1    0.00    0.01    0.00    2.00 v rst (in)
                                         rst (net)
                  0.01    0.00    2.00 v input1/A (sky130_fd_sc_hd__clkbuf_4)
     5    0.04    0.09    0.17    2.17 v input1/X (sky130_fd_sc_hd__clkbuf_4)
                                         net1 (net)
                  0.09    0.00    2.17 v _295_/A (sky130_fd_sc_hd__buf_4)
    10    0.06    0.08    0.21    2.38 v _295_/X (sky130_fd_sc_hd__buf_4)
                                         _159_ (net)
                  0.08    0.00    2.38 v _301_/A (sky130_fd_sc_hd__inv_2)
     1    0.01    0.04    0.06    2.44 ^ _301_/Y (sky130_fd_sc_hd__inv_2)
                                         _033_ (net)
                  0.04    0.00    2.44 ^ _335_/RESET_B (sky130_fd_sc_hd__dfrtp_2)
                                  2.44   data arrival time

                  0.15    0.00    0.00   clock clk (rise edge)
                          0.00    0.00   clock network delay (ideal)
                          0.25    0.25   clock uncertainty
                          0.00    0.25   clock reconvergence pessimism
                                  0.25 ^ _335_/CLK (sky130_fd_sc_hd__dfrtp_2)
                          0.35    0.60   library removal time
                                  0.60   data required time
-----------------------------------------------------------------------------
                                  0.60   data required time
                                 -2.44   data arrival time
-----------------------------------------------------------------------------
                                  1.85   slack (MET)


Startpoint: rst (input port clocked by clk)
Endpoint: _350_ (removal check against rising-edge clock clk)
Path Group: asynchronous
Path Type: min

Fanout     Cap    Slew   Delay    Time   Description
-----------------------------------------------------------------------------
                  0.15    0.00    0.00   clock clk (rise edge)
                          0.00    0.00   clock network delay (ideal)
                          2.00    2.00 v input external delay
     1    0.00    0.01    0.00    2.00 v rst (in)
                                         rst (net)
                  0.01    0.00    2.00 v input1/A (sky130_fd_sc_hd__clkbuf_4)
     5    0.04    0.09    0.17    2.17 v input1/X (sky130_fd_sc_hd__clkbuf_4)
                                         net1 (net)
                  0.09    0.00    2.17 v _317_/A (sky130_fd_sc_hd__clkbuf_8)
    10    0.06    0.08    0.19    2.37 v _317_/X (sky130_fd_sc_hd__clkbuf_8)
                                         _161_ (net)
                  0.08    0.00    2.37 v _318_/A (sky130_fd_sc_hd__inv_2)
     1    0.01    0.06    0.08    2.45 ^ _318_/Y (sky130_fd_sc_hd__inv_2)
                                         _048_ (net)
                  0.06    0.00    2.45 ^ _350_/RESET_B (sky130_fd_sc_hd__dfrtp_2)
                                  2.45   data arrival time

                  0.15    0.00    0.00   clock clk (rise edge)
                          0.00    0.00   clock network delay (ideal)
                          0.25    0.25   clock uncertainty
                          0.00    0.25   clock reconvergence pessimism
                                  0.25 ^ _350_/CLK (sky130_fd_sc_hd__dfrtp_2)
                          0.35    0.60   library removal time
                                  0.60   data required time
-----------------------------------------------------------------------------
                                  0.60   data required time
                                 -2.45   data arrival time
-----------------------------------------------------------------------------
                                  1.85   slack (MET)


Startpoint: rst (input port clocked by clk)
Endpoint: _334_ (removal check against rising-edge clock clk)
Path Group: asynchronous
Path Type: min

Fanout     Cap    Slew   Delay    Time   Description
-----------------------------------------------------------------------------
                  0.15    0.00    0.00   clock clk (rise edge)
                          0.00    0.00   clock network delay (ideal)
                          2.00    2.00 v input external delay
     1    0.00    0.01    0.00    2.00 v rst (in)
                                         rst (net)
                  0.01    0.00    2.00 v input1/A (sky130_fd_sc_hd__clkbuf_4)
     5    0.04    0.09    0.17    2.17 v input1/X (sky130_fd_sc_hd__clkbuf_4)
                                         net1 (net)
                  0.09    0.00    2.17 v _295_/A (sky130_fd_sc_hd__buf_4)
    10    0.06    0.08    0.21    2.38 v _295_/X (sky130_fd_sc_hd__buf_4)
                                         _159_ (net)
                  0.08    0.00    2.38 v _300_/A (sky130_fd_sc_hd__inv_2)
     1    0.01    0.04    0.06    2.45 ^ _300_/Y (sky130_fd_sc_hd__inv_2)
                                         _032_ (net)
                  0.04    0.00    2.45 ^ _334_/RESET_B (sky130_fd_sc_hd__dfrtp_4)
                                  2.45   data arrival time

                  0.15    0.00    0.00   clock clk (rise edge)
                          0.00    0.00   clock network delay (ideal)
                          0.25    0.25   clock uncertainty
                          0.00    0.25   clock reconvergence pessimism
                                  0.25 ^ _334_/CLK (sky130_fd_sc_hd__dfrtp_4)
                          0.35    0.60   library removal time
                                  0.60   data required time
-----------------------------------------------------------------------------
                                  0.60   data required time
                                 -2.45   data arrival time
-----------------------------------------------------------------------------
                                  1.85   slack (MET)


Startpoint: rst (input port clocked by clk)
Endpoint: _356_ (removal check against rising-edge clock clk)
Path Group: asynchronous
Path Type: min

Fanout     Cap    Slew   Delay    Time   Description
-----------------------------------------------------------------------------
                  0.15    0.00    0.00   clock clk (rise edge)
                          0.00    0.00   clock network delay (ideal)
                          2.00    2.00 v input external delay
     1    0.00    0.01    0.00    2.00 v rst (in)
                                         rst (net)
                  0.01    0.00    2.00 v input1/A (sky130_fd_sc_hd__clkbuf_4)
     5    0.04    0.09    0.17    2.17 v input1/X (sky130_fd_sc_hd__clkbuf_4)
                                         net1 (net)
                  0.09    0.00    2.17 v _317_/A (sky130_fd_sc_hd__clkbuf_8)
    10    0.06    0.08    0.19    2.37 v _317_/X (sky130_fd_sc_hd__clkbuf_8)
                                         _161_ (net)
                  0.08    0.00    2.37 v _324_/A (sky130_fd_sc_hd__inv_2)
     1    0.01    0.07    0.08    2.45 ^ _324_/Y (sky130_fd_sc_hd__inv_2)
                                         _054_ (net)
                  0.07    0.00    2.45 ^ _356_/RESET_B (sky130_fd_sc_hd__dfrtp_1)
                                  2.45   data arrival time

                  0.15    0.00    0.00   clock clk (rise edge)
                          0.00    0.00   clock network delay (ideal)
                          0.25    0.25   clock uncertainty
                          0.00    0.25   clock reconvergence pessimism
                                  0.25 ^ _356_/CLK (sky130_fd_sc_hd__dfrtp_1)
                          0.35    0.60   library removal time
                                  0.60   data required time
-----------------------------------------------------------------------------
                                  0.60   data required time
                                 -2.45   data arrival time
-----------------------------------------------------------------------------
                                  1.85   slack (MET)


Startpoint: rst (input port clocked by clk)
Endpoint: _344_ (removal check against rising-edge clock clk)
Path Group: asynchronous
Path Type: min

Fanout     Cap    Slew   Delay    Time   Description
-----------------------------------------------------------------------------
                  0.15    0.00    0.00   clock clk (rise edge)
                          0.00    0.00   clock network delay (ideal)
                          2.00    2.00 v input external delay
     1    0.00    0.01    0.00    2.00 v rst (in)
                                         rst (net)
                  0.01    0.00    2.00 v input1/A (sky130_fd_sc_hd__clkbuf_4)
     5    0.04    0.09    0.17    2.17 v input1/X (sky130_fd_sc_hd__clkbuf_4)
                                         net1 (net)
                  0.09    0.00    2.18 v _306_/A (sky130_fd_sc_hd__clkbuf_8)
    10    0.06    0.08    0.19    2.37 v _306_/X (sky130_fd_sc_hd__clkbuf_8)
                                         _160_ (net)
                  0.08    0.01    2.37 v _311_/A (sky130_fd_sc_hd__inv_2)
     1    0.01    0.06    0.08    2.45 ^ _311_/Y (sky130_fd_sc_hd__inv_2)
                                         _042_ (net)
                  0.06    0.00    2.45 ^ _344_/RESET_B (sky130_fd_sc_hd__dfrtp_1)
                                  2.45   data arrival time

                  0.15    0.00    0.00   clock clk (rise edge)
                          0.00    0.00   clock network delay (ideal)
                          0.25    0.25   clock uncertainty
                          0.00    0.25   clock reconvergence pessimism
                                  0.25 ^ _344_/CLK (sky130_fd_sc_hd__dfrtp_1)
                          0.35    0.60   library removal time
                                  0.60   data required time
-----------------------------------------------------------------------------
                                  0.60   data required time
                                 -2.45   data arrival time
-----------------------------------------------------------------------------
                                  1.85   slack (MET)


Startpoint: rst (input port clocked by clk)
Endpoint: _337_ (removal check against rising-edge clock clk)
Path Group: asynchronous
Path Type: min

Fanout     Cap    Slew   Delay    Time   Description
-----------------------------------------------------------------------------
                  0.15    0.00    0.00   clock clk (rise edge)
                          0.00    0.00   clock network delay (ideal)
                          2.00    2.00 v input external delay
     1    0.00    0.01    0.00    2.00 v rst (in)
                                         rst (net)
                  0.01    0.00    2.00 v input1/A (sky130_fd_sc_hd__clkbuf_4)
     5    0.04    0.09    0.17    2.17 v input1/X (sky130_fd_sc_hd__clkbuf_4)
                                         net1 (net)
                  0.09    0.00    2.17 v _295_/A (sky130_fd_sc_hd__buf_4)
    10    0.06    0.08    0.21    2.38 v _295_/X (sky130_fd_sc_hd__buf_4)
                                         _159_ (net)
                  0.08    0.00    2.38 v _303_/A (sky130_fd_sc_hd__inv_2)
     1    0.01    0.05    0.07    2.45 ^ _303_/Y (sky130_fd_sc_hd__inv_2)
                                         _035_ (net)
                  0.05    0.00    2.45 ^ _337_/RESET_B (sky130_fd_sc_hd__dfrtp_2)
                                  2.45   data arrival time

                  0.15    0.00    0.00   clock clk (rise edge)
                          0.00    0.00   clock network delay (ideal)
                          0.25    0.25   clock uncertainty
                          0.00    0.25   clock reconvergence pessimism
                                  0.25 ^ _337_/CLK (sky130_fd_sc_hd__dfrtp_2)
                          0.35    0.60   library removal time
                                  0.60   data required time
-----------------------------------------------------------------------------
                                  0.60   data required time
                                 -2.45   data arrival time
-----------------------------------------------------------------------------
                                  1.85   slack (MET)


Startpoint: rst (input port clocked by clk)
Endpoint: _343_ (removal check against rising-edge clock clk)
Path Group: asynchronous
Path Type: min

Fanout     Cap    Slew   Delay    Time   Description
-----------------------------------------------------------------------------
                  0.15    0.00    0.00   clock clk (rise edge)
                          0.00    0.00   clock network delay (ideal)
                          2.00    2.00 v input external delay
     1    0.00    0.01    0.00    2.00 v rst (in)
                                         rst (net)
                  0.01    0.00    2.00 v input1/A (sky130_fd_sc_hd__clkbuf_4)
     5    0.04    0.09    0.17    2.17 v input1/X (sky130_fd_sc_hd__clkbuf_4)
                                         net1 (net)
                  0.09    0.00    2.18 v _306_/A (sky130_fd_sc_hd__clkbuf_8)
    10    0.06    0.08    0.19    2.37 v _306_/X (sky130_fd_sc_hd__clkbuf_8)
                                         _160_ (net)
                  0.08    0.01    2.37 v _310_/A (sky130_fd_sc_hd__inv_2)
     1    0.01    0.06    0.08    2.45 ^ _310_/Y (sky130_fd_sc_hd__inv_2)
                                         _041_ (net)
                  0.06    0.00    2.45 ^ _343_/RESET_B (sky130_fd_sc_hd__dfrtp_1)
                                  2.45   data arrival time

                  0.15    0.00    0.00   clock clk (rise edge)
                          0.00    0.00   clock network delay (ideal)
                          0.25    0.25   clock uncertainty
                          0.00    0.25   clock reconvergence pessimism
                                  0.25 ^ _343_/CLK (sky130_fd_sc_hd__dfrtp_1)
                          0.35    0.60   library removal time
                                  0.60   data required time
-----------------------------------------------------------------------------
                                  0.60   data required time
                                 -2.45   data arrival time
-----------------------------------------------------------------------------
                                  1.85   slack (MET)


Startpoint: rst (input port clocked by clk)
Endpoint: _348_ (removal check against rising-edge clock clk)
Path Group: asynchronous
Path Type: min

Fanout     Cap    Slew   Delay    Time   Description
-----------------------------------------------------------------------------
                  0.15    0.00    0.00   clock clk (rise edge)
                          0.00    0.00   clock network delay (ideal)
                          2.00    2.00 v input external delay
     1    0.00    0.01    0.00    2.00 v rst (in)
                                         rst (net)
                  0.01    0.00    2.00 v input1/A (sky130_fd_sc_hd__clkbuf_4)
     5    0.04    0.09    0.17    2.17 v input1/X (sky130_fd_sc_hd__clkbuf_4)
                                         net1 (net)
                  0.09    0.00    2.18 v _306_/A (sky130_fd_sc_hd__clkbuf_8)
    10    0.06    0.08    0.19    2.37 v _306_/X (sky130_fd_sc_hd__clkbuf_8)
                                         _160_ (net)
                  0.08    0.00    2.37 v _315_/A (sky130_fd_sc_hd__inv_2)
     1    0.01    0.07    0.08    2.46 ^ _315_/Y (sky130_fd_sc_hd__inv_2)
                                         _046_ (net)
                  0.07    0.00    2.46 ^ _348_/RESET_B (sky130_fd_sc_hd__dfrtp_4)
                                  2.46   data arrival time

                  0.15    0.00    0.00   clock clk (rise edge)
                          0.00    0.00   clock network delay (ideal)
                          0.25    0.25   clock uncertainty
                          0.00    0.25   clock reconvergence pessimism
                                  0.25 ^ _348_/CLK (sky130_fd_sc_hd__dfrtp_4)
                          0.35    0.60   library removal time
                                  0.60   data required time
-----------------------------------------------------------------------------
                                  0.60   data required time
                                 -2.46   data arrival time
-----------------------------------------------------------------------------
                                  1.85   slack (MET)


Startpoint: rst (input port clocked by clk)
Endpoint: _333_ (removal check against rising-edge clock clk)
Path Group: asynchronous
Path Type: min

Fanout     Cap    Slew   Delay    Time   Description
-----------------------------------------------------------------------------
                  0.15    0.00    0.00   clock clk (rise edge)
                          0.00    0.00   clock network delay (ideal)
                          2.00    2.00 v input external delay
     1    0.00    0.01    0.00    2.00 v rst (in)
                                         rst (net)
                  0.01    0.00    2.00 v input1/A (sky130_fd_sc_hd__clkbuf_4)
     5    0.04    0.09    0.17    2.17 v input1/X (sky130_fd_sc_hd__clkbuf_4)
                                         net1 (net)
                  0.09    0.00    2.17 v _295_/A (sky130_fd_sc_hd__buf_4)
    10    0.06    0.08    0.21    2.38 v _295_/X (sky130_fd_sc_hd__buf_4)
                                         _159_ (net)
                  0.08    0.00    2.38 v _299_/A (sky130_fd_sc_hd__inv_2)
     1    0.01    0.05    0.07    2.45 ^ _299_/Y (sky130_fd_sc_hd__inv_2)
                                         _031_ (net)
                  0.05    0.00    2.45 ^ _333_/RESET_B (sky130_fd_sc_hd__dfrtp_1)
                                  2.45   data arrival time

                  0.15    0.00    0.00   clock clk (rise edge)
                          0.00    0.00   clock network delay (ideal)
                          0.25    0.25   clock uncertainty
                          0.00    0.25   clock reconvergence pessimism
                                  0.25 ^ _333_/CLK (sky130_fd_sc_hd__dfrtp_1)
                          0.35    0.60   library removal time
                                  0.60   data required time
-----------------------------------------------------------------------------
                                  0.60   data required time
                                 -2.45   data arrival time
-----------------------------------------------------------------------------
                                  1.85   slack (MET)


Startpoint: rst (input port clocked by clk)
Endpoint: _340_ (removal check against rising-edge clock clk)
Path Group: asynchronous
Path Type: min

Fanout     Cap    Slew   Delay    Time   Description
-----------------------------------------------------------------------------
                  0.15    0.00    0.00   clock clk (rise edge)
                          0.00    0.00   clock network delay (ideal)
                          2.00    2.00 v input external delay
     1    0.00    0.01    0.00    2.00 v rst (in)
                                         rst (net)
                  0.01    0.00    2.00 v input1/A (sky130_fd_sc_hd__clkbuf_4)
     5    0.04    0.09    0.17    2.17 v input1/X (sky130_fd_sc_hd__clkbuf_4)
                                         net1 (net)
                  0.09    0.00    2.18 v _306_/A (sky130_fd_sc_hd__clkbuf_8)
    10    0.06    0.08    0.19    2.37 v _306_/X (sky130_fd_sc_hd__clkbuf_8)
                                         _160_ (net)
                  0.08    0.01    2.37 v _307_/A (sky130_fd_sc_hd__inv_2)
     1    0.02    0.08    0.09    2.46 ^ _307_/Y (sky130_fd_sc_hd__inv_2)
                                         _038_ (net)
                  0.08    0.00    2.47 ^ _340_/RESET_B (sky130_fd_sc_hd__dfrtp_4)
                                  2.47   data arrival time

                  0.15    0.00    0.00   clock clk (rise edge)
                          0.00    0.00   clock network delay (ideal)
                          0.25    0.25   clock uncertainty
                          0.00    0.25   clock reconvergence pessimism
                                  0.25 ^ _340_/CLK (sky130_fd_sc_hd__dfrtp_4)
                          0.36    0.61   library removal time
                                  0.61   data required time
-----------------------------------------------------------------------------
                                  0.61   data required time
                                 -2.47   data arrival time
-----------------------------------------------------------------------------
                                  1.86   slack (MET)


Startpoint: rst (input port clocked by clk)
Endpoint: _336_ (removal check against rising-edge clock clk)
Path Group: asynchronous
Path Type: min

Fanout     Cap    Slew   Delay    Time   Description
-----------------------------------------------------------------------------
                  0.15    0.00    0.00   clock clk (rise edge)
                          0.00    0.00   clock network delay (ideal)
                          2.00    2.00 v input external delay
     1    0.00    0.01    0.00    2.00 v rst (in)
                                         rst (net)
                  0.01    0.00    2.00 v input1/A (sky130_fd_sc_hd__clkbuf_4)
     5    0.04    0.09    0.17    2.17 v input1/X (sky130_fd_sc_hd__clkbuf_4)
                                         net1 (net)
                  0.09    0.00    2.17 v _295_/A (sky130_fd_sc_hd__buf_4)
    10    0.06    0.08    0.21    2.38 v _295_/X (sky130_fd_sc_hd__buf_4)
                                         _159_ (net)
                  0.08    0.00    2.38 v _302_/A (sky130_fd_sc_hd__inv_2)
     1    0.01    0.06    0.08    2.46 ^ _302_/Y (sky130_fd_sc_hd__inv_2)
                                         _034_ (net)
                  0.06    0.00    2.46 ^ _336_/RESET_B (sky130_fd_sc_hd__dfrtp_2)
                                  2.46   data arrival time

                  0.15    0.00    0.00   clock clk (rise edge)
                          0.00    0.00   clock network delay (ideal)
                          0.25    0.25   clock uncertainty
                          0.00    0.25   clock reconvergence pessimism
                                  0.25 ^ _336_/CLK (sky130_fd_sc_hd__dfrtp_2)
                          0.35    0.60   library removal time
                                  0.60   data required time
-----------------------------------------------------------------------------
                                  0.60   data required time
                                 -2.46   data arrival time
-----------------------------------------------------------------------------
                                  1.86   slack (MET)


Startpoint: rst (input port clocked by clk)
Endpoint: _339_ (removal check against rising-edge clock clk)
Path Group: asynchronous
Path Type: min

Fanout     Cap    Slew   Delay    Time   Description
-----------------------------------------------------------------------------
                  0.15    0.00    0.00   clock clk (rise edge)
                          0.00    0.00   clock network delay (ideal)
                          2.00    2.00 v input external delay
     1    0.00    0.01    0.00    2.00 v rst (in)
                                         rst (net)
                  0.01    0.00    2.00 v input1/A (sky130_fd_sc_hd__clkbuf_4)
     5    0.04    0.09    0.17    2.17 v input1/X (sky130_fd_sc_hd__clkbuf_4)
                                         net1 (net)
                  0.09    0.00    2.17 v _295_/A (sky130_fd_sc_hd__buf_4)
    10    0.06    0.08    0.21    2.38 v _295_/X (sky130_fd_sc_hd__buf_4)
                                         _159_ (net)
                  0.08    0.00    2.38 v _305_/A (sky130_fd_sc_hd__inv_2)
     1    0.01    0.06    0.08    2.46 ^ _305_/Y (sky130_fd_sc_hd__inv_2)
                                         _037_ (net)
                  0.06    0.00    2.46 ^ _339_/RESET_B (sky130_fd_sc_hd__dfrtp_2)
                                  2.46   data arrival time

                  0.15    0.00    0.00   clock clk (rise edge)
                          0.00    0.00   clock network delay (ideal)
                          0.25    0.25   clock uncertainty
                          0.00    0.25   clock reconvergence pessimism
                                  0.25 ^ _339_/CLK (sky130_fd_sc_hd__dfrtp_2)
                          0.35    0.60   library removal time
                                  0.60   data required time
-----------------------------------------------------------------------------
                                  0.60   data required time
                                 -2.46   data arrival time
-----------------------------------------------------------------------------
                                  1.86   slack (MET)


Startpoint: rst (input port clocked by clk)
Endpoint: _332_ (removal check against rising-edge clock clk)
Path Group: asynchronous
Path Type: min

Fanout     Cap    Slew   Delay    Time   Description
-----------------------------------------------------------------------------
                  0.15    0.00    0.00   clock clk (rise edge)
                          0.00    0.00   clock network delay (ideal)
                          2.00    2.00 v input external delay
     1    0.00    0.01    0.00    2.00 v rst (in)
                                         rst (net)
                  0.01    0.00    2.00 v input1/A (sky130_fd_sc_hd__clkbuf_4)
     5    0.04    0.09    0.17    2.17 v input1/X (sky130_fd_sc_hd__clkbuf_4)
                                         net1 (net)
                  0.09    0.00    2.17 v _295_/A (sky130_fd_sc_hd__buf_4)
    10    0.06    0.08    0.21    2.38 v _295_/X (sky130_fd_sc_hd__buf_4)
                                         _159_ (net)
                  0.08    0.00    2.38 v _298_/A (sky130_fd_sc_hd__inv_2)
     1    0.01    0.06    0.08    2.46 ^ _298_/Y (sky130_fd_sc_hd__inv_2)
                                         _030_ (net)
                  0.06    0.00    2.46 ^ _332_/RESET_B (sky130_fd_sc_hd__dfrtp_4)
                                  2.46   data arrival time

                  0.15    0.00    0.00   clock clk (rise edge)
                          0.00    0.00   clock network delay (ideal)
                          0.25    0.25   clock uncertainty
                          0.00    0.25   clock reconvergence pessimism
                                  0.25 ^ _332_/CLK (sky130_fd_sc_hd__dfrtp_4)
                          0.35    0.60   library removal time
                                  0.60   data required time
-----------------------------------------------------------------------------
                                  0.60   data required time
                                 -2.46   data arrival time
-----------------------------------------------------------------------------
                                  1.86   slack (MET)


Startpoint: rst (input port clocked by clk)
Endpoint: _330_ (removal check against rising-edge clock clk)
Path Group: asynchronous
Path Type: min

Fanout     Cap    Slew   Delay    Time   Description
-----------------------------------------------------------------------------
                  0.15    0.00    0.00   clock clk (rise edge)
                          0.00    0.00   clock network delay (ideal)
                          2.00    2.00 v input external delay
     1    0.00    0.01    0.00    2.00 v rst (in)
                                         rst (net)
                  0.01    0.00    2.00 v input1/A (sky130_fd_sc_hd__clkbuf_4)
     5    0.04    0.09    0.17    2.17 v input1/X (sky130_fd_sc_hd__clkbuf_4)
                                         net1 (net)
                  0.09    0.00    2.17 v _295_/A (sky130_fd_sc_hd__buf_4)
    10    0.06    0.08    0.21    2.38 v _295_/X (sky130_fd_sc_hd__buf_4)
                                         _159_ (net)
                  0.08    0.00    2.38 v _296_/A (sky130_fd_sc_hd__inv_2)
     1    0.01    0.06    0.08    2.46 ^ _296_/Y (sky130_fd_sc_hd__inv_2)
                                         _028_ (net)
                  0.06    0.00    2.46 ^ _330_/RESET_B (sky130_fd_sc_hd__dfrtp_4)
                                  2.46   data arrival time

                  0.15    0.00    0.00   clock clk (rise edge)
                          0.00    0.00   clock network delay (ideal)
                          0.25    0.25   clock uncertainty
                          0.00    0.25   clock reconvergence pessimism
                                  0.25 ^ _330_/CLK (sky130_fd_sc_hd__dfrtp_4)
                          0.35    0.60   library removal time
                                  0.60   data required time
-----------------------------------------------------------------------------
                                  0.60   data required time
                                 -2.46   data arrival time
-----------------------------------------------------------------------------
                                  1.86   slack (MET)


Startpoint: rst (input port clocked by clk)
Endpoint: _338_ (removal check against rising-edge clock clk)
Path Group: asynchronous
Path Type: min

Fanout     Cap    Slew   Delay    Time   Description
-----------------------------------------------------------------------------
                  0.15    0.00    0.00   clock clk (rise edge)
                          0.00    0.00   clock network delay (ideal)
                          2.00    2.00 v input external delay
     1    0.00    0.01    0.00    2.00 v rst (in)
                                         rst (net)
                  0.01    0.00    2.00 v input1/A (sky130_fd_sc_hd__clkbuf_4)
     5    0.04    0.09    0.17    2.17 v input1/X (sky130_fd_sc_hd__clkbuf_4)
                                         net1 (net)
                  0.09    0.00    2.17 v _295_/A (sky130_fd_sc_hd__buf_4)
    10    0.06    0.08    0.21    2.38 v _295_/X (sky130_fd_sc_hd__buf_4)
                                         _159_ (net)
                  0.08    0.00    2.38 v _304_/A (sky130_fd_sc_hd__inv_2)
     1    0.01    0.07    0.08    2.47 ^ _304_/Y (sky130_fd_sc_hd__inv_2)
                                         _036_ (net)
                  0.07    0.00    2.47 ^ _338_/RESET_B (sky130_fd_sc_hd__dfrtp_4)
                                  2.47   data arrival time

                  0.15    0.00    0.00   clock clk (rise edge)
                          0.00    0.00   clock network delay (ideal)
                          0.25    0.25   clock uncertainty
                          0.00    0.25   clock reconvergence pessimism
                                  0.25 ^ _338_/CLK (sky130_fd_sc_hd__dfrtp_4)
                          0.36    0.61   library removal time
                                  0.61   data required time
-----------------------------------------------------------------------------
                                  0.61   data required time
                                 -2.47   data arrival time
-----------------------------------------------------------------------------
                                  1.86   slack (MET)


Startpoint: _359_ (rising edge-triggered flip-flop clocked by clk)
Endpoint: seg[6] (output port clocked by clk)
Path Group: clk
Path Type: min

Fanout     Cap    Slew   Delay    Time   Description
-----------------------------------------------------------------------------
                  0.15    0.00    0.00   clock clk (rise edge)
                          0.00    0.00   clock network delay (ideal)
                  0.15    0.00    0.00 ^ _359_/CLK (sky130_fd_sc_hd__dfrtp_4)
     7    0.04    0.13    0.48    0.48 ^ _359_/Q (sky130_fd_sc_hd__dfrtp_4)
                                         decoder.digit[1] (net)
                  0.13    0.00    0.48 ^ _294_/A1 (sky130_fd_sc_hd__a21boi_2)
     1    0.01    0.05    0.08    0.57 v _294_/Y (sky130_fd_sc_hd__a21boi_2)
                                         net8 (net)
                  0.05    0.00    0.57 v output8/A (sky130_fd_sc_hd__buf_2)
     1    0.03    0.09    0.17    0.74 v output8/X (sky130_fd_sc_hd__buf_2)
                                         seg[6] (net)
                  0.09    0.00    0.74 v seg[6] (out)
                                  0.74   data arrival time

                  0.15    0.00    0.00   clock clk (rise edge)
                          0.00    0.00   clock network delay (ideal)
                          0.25    0.25   clock uncertainty
                          0.00    0.25   clock reconvergence pessimism
                         -2.00   -1.75   output external delay
                                 -1.75   data required time
-----------------------------------------------------------------------------
                                 -1.75   data required time
                                 -0.74   data arrival time
-----------------------------------------------------------------------------
                                  2.49   slack (MET)


Startpoint: _358_ (rising edge-triggered flip-flop clocked by clk)
Endpoint: seg[2] (output port clocked by clk)
Path Group: clk
Path Type: min

Fanout     Cap    Slew   Delay    Time   Description
-----------------------------------------------------------------------------
                  0.15    0.00    0.00   clock clk (rise edge)
                          0.00    0.00   clock network delay (ideal)
                  0.15    0.00    0.00 ^ _358_/CLK (sky130_fd_sc_hd__dfrtp_4)
     8    0.04    0.13    0.48    0.48 ^ _358_/Q (sky130_fd_sc_hd__dfrtp_4)
                                         decoder.digit[0] (net)
                  0.13    0.00    0.48 ^ _289_/A1 (sky130_fd_sc_hd__a21oi_1)
     1    0.01    0.08    0.10    0.58 v _289_/Y (sky130_fd_sc_hd__a21oi_1)
                                         net4 (net)
                  0.08    0.00    0.58 v output4/A (sky130_fd_sc_hd__buf_2)
     1    0.03    0.09    0.18    0.77 v output4/X (sky130_fd_sc_hd__buf_2)
                                         seg[2] (net)
                  0.09    0.00    0.77 v seg[2] (out)
                                  0.77   data arrival time

                  0.15    0.00    0.00   clock clk (rise edge)
                          0.00    0.00   clock network delay (ideal)
                          0.25    0.25   clock uncertainty
                          0.00    0.25   clock reconvergence pessimism
                         -2.00   -1.75   output external delay
                                 -1.75   data required time
-----------------------------------------------------------------------------
                                 -1.75   data required time
                                 -0.77   data arrival time
-----------------------------------------------------------------------------
                                  2.52   slack (MET)


Startpoint: _361_ (rising edge-triggered flip-flop clocked by clk)
Endpoint: seg[3] (output port clocked by clk)
Path Group: clk
Path Type: min

Fanout     Cap    Slew   Delay    Time   Description
-----------------------------------------------------------------------------
                  0.15    0.00    0.00   clock clk (rise edge)
                          0.00    0.00   clock network delay (ideal)
                  0.15    0.00    0.00 ^ _361_/CLK (sky130_fd_sc_hd__dfrtp_4)
     6    0.03    0.12    0.48    0.48 ^ _361_/Q (sky130_fd_sc_hd__dfrtp_4)
                                         decoder.digit[3] (net)
                  0.12    0.00    0.48 ^ _287_/D1 (sky130_fd_sc_hd__a2111o_1)
     2    0.01    0.12    0.16    0.63 ^ _287_/X (sky130_fd_sc_hd__a2111o_1)
                                         net5 (net)
                  0.12    0.00    0.63 ^ output5/A (sky130_fd_sc_hd__buf_2)
     1    0.03    0.17    0.21    0.85 ^ output5/X (sky130_fd_sc_hd__buf_2)
                                         seg[3] (net)
                  0.17    0.00    0.85 ^ seg[3] (out)
                                  0.85   data arrival time

                  0.15    0.00    0.00   clock clk (rise edge)
                          0.00    0.00   clock network delay (ideal)
                          0.25    0.25   clock uncertainty
                          0.00    0.25   clock reconvergence pessimism
                         -2.00   -1.75   output external delay
                                 -1.75   data required time
-----------------------------------------------------------------------------
                                 -1.75   data required time
                                 -0.85   data arrival time
-----------------------------------------------------------------------------
                                  2.60   slack (MET)


Startpoint: _361_ (rising edge-triggered flip-flop clocked by clk)
Endpoint: seg[5] (output port clocked by clk)
Path Group: clk
Path Type: min

Fanout     Cap    Slew   Delay    Time   Description
-----------------------------------------------------------------------------
                  0.15    0.00    0.00   clock clk (rise edge)
                          0.00    0.00   clock network delay (ideal)
                  0.15    0.00    0.00 ^ _361_/CLK (sky130_fd_sc_hd__dfrtp_4)
     6    0.03    0.12    0.48    0.48 ^ _361_/Q (sky130_fd_sc_hd__dfrtp_4)
                                         decoder.digit[3] (net)
                  0.12    0.00    0.48 ^ _292_/A (sky130_fd_sc_hd__or3_1)
     1    0.01    0.06    0.14    0.61 ^ _292_/X (sky130_fd_sc_hd__or3_1)
                                         _158_ (net)
                  0.06    0.00    0.61 ^ _293_/A (sky130_fd_sc_hd__clkbuf_1)
     1    0.00    0.04    0.08    0.69 ^ _293_/X (sky130_fd_sc_hd__clkbuf_1)
                                         net7 (net)
                  0.04    0.00    0.69 ^ output7/A (sky130_fd_sc_hd__buf_2)
     1    0.03    0.17    0.19    0.88 ^ output7/X (sky130_fd_sc_hd__buf_2)
                                         seg[5] (net)
                  0.17    0.00    0.88 ^ seg[5] (out)
                                  0.88   data arrival time

                  0.15    0.00    0.00   clock clk (rise edge)
                          0.00    0.00   clock network delay (ideal)
                          0.25    0.25   clock uncertainty
                          0.00    0.25   clock reconvergence pessimism
                         -2.00   -1.75   output external delay
                                 -1.75   data required time
-----------------------------------------------------------------------------
                                 -1.75   data required time
                                 -0.88   data arrival time
-----------------------------------------------------------------------------
                                  2.63   slack (MET)


Startpoint: _361_ (rising edge-triggered flip-flop clocked by clk)
Endpoint: seg[4] (output port clocked by clk)
Path Group: clk
Path Type: min

Fanout     Cap    Slew   Delay    Time   Description
-----------------------------------------------------------------------------
                  0.15    0.00    0.00   clock clk (rise edge)
                          0.00    0.00   clock network delay (ideal)
                  0.15    0.00    0.00 ^ _361_/CLK (sky130_fd_sc_hd__dfrtp_4)
     6    0.03    0.12    0.48    0.48 ^ _361_/Q (sky130_fd_sc_hd__dfrtp_4)
                                         decoder.digit[3] (net)
                  0.12    0.00    0.48 ^ _290_/A (sky130_fd_sc_hd__or3_1)
     1    0.00    0.05    0.12    0.60 ^ _290_/X (sky130_fd_sc_hd__or3_1)
                                         _157_ (net)
                  0.05    0.00    0.60 ^ _291_/A (sky130_fd_sc_hd__buf_1)
     1    0.01    0.09    0.11    0.71 ^ _291_/X (sky130_fd_sc_hd__buf_1)
                                         net6 (net)
                  0.09    0.00    0.71 ^ output6/A (sky130_fd_sc_hd__buf_2)
     1    0.03    0.17    0.20    0.91 ^ output6/X (sky130_fd_sc_hd__buf_2)
                                         seg[4] (net)
                  0.17    0.00    0.91 ^ seg[4] (out)
                                  0.91   data arrival time

                  0.15    0.00    0.00   clock clk (rise edge)
                          0.00    0.00   clock network delay (ideal)
                          0.25    0.25   clock uncertainty
                          0.00    0.25   clock reconvergence pessimism
                         -2.00   -1.75   output external delay
                                 -1.75   data required time
-----------------------------------------------------------------------------
                                 -1.75   data required time
                                 -0.91   data arrival time
-----------------------------------------------------------------------------
                                  2.66   slack (MET)


Startpoint: _361_ (rising edge-triggered flip-flop clocked by clk)
Endpoint: seg[1] (output port clocked by clk)
Path Group: clk
Path Type: min

Fanout     Cap    Slew   Delay    Time   Description
-----------------------------------------------------------------------------
                  0.15    0.00    0.00   clock clk (rise edge)
                          0.00    0.00   clock network delay (ideal)
                  0.15    0.00    0.00 ^ _361_/CLK (sky130_fd_sc_hd__dfrtp_4)
     6    0.03    0.12    0.48    0.48 ^ _361_/Q (sky130_fd_sc_hd__dfrtp_4)
                                         decoder.digit[3] (net)
                  0.12    0.00    0.48 ^ _285_/A (sky130_fd_sc_hd__nor2_2)
     4    0.02    0.07    0.09    0.57 v _285_/Y (sky130_fd_sc_hd__nor2_2)
                                         _155_ (net)
                  0.07    0.00    0.57 v _288_/B (sky130_fd_sc_hd__nor2_1)
     1    0.01    0.19    0.17    0.74 ^ _288_/Y (sky130_fd_sc_hd__nor2_1)
                                         net3 (net)
                  0.19    0.00    0.74 ^ output3/A (sky130_fd_sc_hd__buf_2)
     1    0.03    0.17    0.23    0.97 ^ output3/X (sky130_fd_sc_hd__buf_2)
                                         seg[1] (net)
                  0.17    0.00    0.97 ^ seg[1] (out)
                                  0.97   data arrival time

                  0.15    0.00    0.00   clock clk (rise edge)
                          0.00    0.00   clock network delay (ideal)
                          0.25    0.25   clock uncertainty
                          0.00    0.25   clock reconvergence pessimism
                         -2.00   -1.75   output external delay
                                 -1.75   data required time
-----------------------------------------------------------------------------
                                 -1.75   data required time
                                 -0.97   data arrival time
-----------------------------------------------------------------------------
                                  2.72   slack (MET)


Startpoint: _361_ (rising edge-triggered flip-flop clocked by clk)
Endpoint: seg[0] (output port clocked by clk)
Path Group: clk
Path Type: min

Fanout     Cap    Slew   Delay    Time   Description
-----------------------------------------------------------------------------
                  0.15    0.00    0.00   clock clk (rise edge)
                          0.00    0.00   clock network delay (ideal)
                  0.15    0.00    0.00 ^ _361_/CLK (sky130_fd_sc_hd__dfrtp_4)
     6    0.03    0.12    0.48    0.48 ^ _361_/Q (sky130_fd_sc_hd__dfrtp_4)
                                         decoder.digit[3] (net)
                  0.12    0.00    0.48 ^ _287_/D1 (sky130_fd_sc_hd__a2111o_1)
     2    0.01    0.12    0.16    0.63 ^ _287_/X (sky130_fd_sc_hd__a2111o_1)
                                         net5 (net)
                  0.12    0.00    0.63 ^ _370_/A (sky130_fd_sc_hd__buf_1)
     1    0.01    0.12    0.15    0.78 ^ _370_/X (sky130_fd_sc_hd__buf_1)
                                         net2 (net)
                  0.12    0.00    0.78 ^ output2/A (sky130_fd_sc_hd__buf_2)
     1    0.03    0.17    0.21    0.99 ^ output2/X (sky130_fd_sc_hd__buf_2)
                                         seg[0] (net)
                  0.17    0.00    0.99 ^ seg[0] (out)
                                  0.99   data arrival time

                  0.15    0.00    0.00   clock clk (rise edge)
                          0.00    0.00   clock network delay (ideal)
                          0.25    0.25   clock uncertainty
                          0.00    0.25   clock reconvergence pessimism
                         -2.00   -1.75   output external delay
                                 -1.75   data required time
-----------------------------------------------------------------------------
                                 -1.75   data required time
                                 -0.99   data arrival time
-----------------------------------------------------------------------------
                                  2.74   slack (MET)



worst slack corner Typical: 0.3132
min_report_end
max_report

===========================================================================
report_checks -path_delay max (Setup)
============================================================================
======================= Typical Corner ===================================

Startpoint: _361_ (rising edge-triggered flip-flop clocked by clk)
Endpoint: seg[0] (output port clocked by clk)
Path Group: clk
Path Type: max

Fanout     Cap    Slew   Delay    Time   Description
-----------------------------------------------------------------------------
                  0.15    0.00    0.00   clock clk (rise edge)
                          0.00    0.00   clock network delay (ideal)
                  0.15    0.00    0.00 ^ _361_/CLK (sky130_fd_sc_hd__dfrtp_4)
     6    0.03    0.09    0.58    0.58 v _361_/Q (sky130_fd_sc_hd__dfrtp_4)
                                         decoder.digit[3] (net)
                  0.09    0.00    0.58 v _165_/A (sky130_fd_sc_hd__nor2_2)
     2    0.02    0.21    0.23    0.82 ^ _165_/Y (sky130_fd_sc_hd__nor2_2)
                                         _066_ (net)
                  0.21    0.00    0.82 ^ _166_/B (sky130_fd_sc_hd__nand2_2)
     3    0.02    0.11    0.15    0.96 v _166_/Y (sky130_fd_sc_hd__nand2_2)
                                         _067_ (net)
                  0.11    0.00    0.97 v _167_/B (sky130_fd_sc_hd__nor2_2)
     3    0.02    0.22    0.23    1.19 ^ _167_/Y (sky130_fd_sc_hd__nor2_2)
                                         _068_ (net)
                  0.22    0.00    1.19 ^ _287_/B1 (sky130_fd_sc_hd__a2111o_1)
     2    0.01    0.12    0.21    1.41 ^ _287_/X (sky130_fd_sc_hd__a2111o_1)
                                         net5 (net)
                  0.12    0.00    1.41 ^ _370_/A (sky130_fd_sc_hd__buf_1)
     1    0.01    0.12    0.16    1.57 ^ _370_/X (sky130_fd_sc_hd__buf_1)
                                         net2 (net)
                  0.12    0.00    1.57 ^ output2/A (sky130_fd_sc_hd__buf_2)
     1    0.03    0.17    0.24    1.81 ^ output2/X (sky130_fd_sc_hd__buf_2)
                                         seg[0] (net)
                  0.17    0.00    1.81 ^ seg[0] (out)
                                  1.81   data arrival time

                  0.15   10.00   10.00   clock clk (rise edge)
                          0.00   10.00   clock network delay (ideal)
                         -0.25    9.75   clock uncertainty
                          0.00    9.75   clock reconvergence pessimism
                         -2.00    7.75   output external delay
                                  7.75   data required time
-----------------------------------------------------------------------------
                                  7.75   data required time
                                 -1.81   data arrival time
-----------------------------------------------------------------------------
                                  5.94   slack (MET)


Startpoint: _361_ (rising edge-triggered flip-flop clocked by clk)
Endpoint: seg[3] (output port clocked by clk)
Path Group: clk
Path Type: max

Fanout     Cap    Slew   Delay    Time   Description
-----------------------------------------------------------------------------
                  0.15    0.00    0.00   clock clk (rise edge)
                          0.00    0.00   clock network delay (ideal)
                  0.15    0.00    0.00 ^ _361_/CLK (sky130_fd_sc_hd__dfrtp_4)
     6    0.03    0.09    0.58    0.58 v _361_/Q (sky130_fd_sc_hd__dfrtp_4)
                                         decoder.digit[3] (net)
                  0.09    0.00    0.58 v _165_/A (sky130_fd_sc_hd__nor2_2)
     2    0.02    0.21    0.23    0.82 ^ _165_/Y (sky130_fd_sc_hd__nor2_2)
                                         _066_ (net)
                  0.21    0.00    0.82 ^ _166_/B (sky130_fd_sc_hd__nand2_2)
     3    0.02    0.11    0.15    0.96 v _166_/Y (sky130_fd_sc_hd__nand2_2)
                                         _067_ (net)
                  0.11    0.00    0.97 v _167_/B (sky130_fd_sc_hd__nor2_2)
     3    0.02    0.22    0.23    1.19 ^ _167_/Y (sky130_fd_sc_hd__nor2_2)
                                         _068_ (net)
                  0.22    0.00    1.19 ^ _287_/B1 (sky130_fd_sc_hd__a2111o_1)
     2    0.01    0.12    0.21    1.41 ^ _287_/X (sky130_fd_sc_hd__a2111o_1)
                                         net5 (net)
                  0.12    0.00    1.41 ^ output5/A (sky130_fd_sc_hd__buf_2)
     1    0.03    0.17    0.24    1.65 ^ output5/X (sky130_fd_sc_hd__buf_2)
                                         seg[3] (net)
                  0.17    0.00    1.65 ^ seg[3] (out)
                                  1.65   data arrival time

                  0.15   10.00   10.00   clock clk (rise edge)
                          0.00   10.00   clock network delay (ideal)
                         -0.25    9.75   clock uncertainty
                          0.00    9.75   clock reconvergence pessimism
                         -2.00    7.75   output external delay
                                  7.75   data required time
-----------------------------------------------------------------------------
                                  7.75   data required time
                                 -1.65   data arrival time
-----------------------------------------------------------------------------
                                  6.10   slack (MET)


Startpoint: _361_ (rising edge-triggered flip-flop clocked by clk)
Endpoint: seg[5] (output port clocked by clk)
Path Group: clk
Path Type: max

Fanout     Cap    Slew   Delay    Time   Description
-----------------------------------------------------------------------------
                  0.15    0.00    0.00   clock clk (rise edge)
                          0.00    0.00   clock network delay (ideal)
                  0.15    0.00    0.00 ^ _361_/CLK (sky130_fd_sc_hd__dfrtp_4)
     6    0.03    0.09    0.58    0.58 v _361_/Q (sky130_fd_sc_hd__dfrtp_4)
                                         decoder.digit[3] (net)
                  0.09    0.00    0.58 v _285_/A (sky130_fd_sc_hd__nor2_2)
     4    0.02    0.27    0.28    0.86 ^ _285_/Y (sky130_fd_sc_hd__nor2_2)
                                         _155_ (net)
                  0.27    0.00    0.86 ^ _286_/C (sky130_fd_sc_hd__and3b_1)
     2    0.01    0.12    0.27    1.13 ^ _286_/X (sky130_fd_sc_hd__and3b_1)
                                         _156_ (net)
                  0.12    0.00    1.13 ^ _292_/C (sky130_fd_sc_hd__or3_1)
     1    0.01    0.06    0.14    1.27 ^ _292_/X (sky130_fd_sc_hd__or3_1)
                                         _158_ (net)
                  0.06    0.00    1.27 ^ _293_/A (sky130_fd_sc_hd__clkbuf_1)
     1    0.00    0.04    0.09    1.36 ^ _293_/X (sky130_fd_sc_hd__clkbuf_1)
                                         net7 (net)
                  0.04    0.00    1.36 ^ output7/A (sky130_fd_sc_hd__buf_2)
     1    0.03    0.17    0.21    1.57 ^ output7/X (sky130_fd_sc_hd__buf_2)
                                         seg[5] (net)
                  0.17    0.00    1.57 ^ seg[5] (out)
                                  1.57   data arrival time

                  0.15   10.00   10.00   clock clk (rise edge)
                          0.00   10.00   clock network delay (ideal)
                         -0.25    9.75   clock uncertainty
                          0.00    9.75   clock reconvergence pessimism
                         -2.00    7.75   output external delay
                                  7.75   data required time
-----------------------------------------------------------------------------
                                  7.75   data required time
                                 -1.57   data arrival time
-----------------------------------------------------------------------------
                                  6.18   slack (MET)


Startpoint: _361_ (rising edge-triggered flip-flop clocked by clk)
Endpoint: seg[1] (output port clocked by clk)
Path Group: clk
Path Type: max

Fanout     Cap    Slew   Delay    Time   Description
-----------------------------------------------------------------------------
                  0.15    0.00    0.00   clock clk (rise edge)
                          0.00    0.00   clock network delay (ideal)
                  0.15    0.00    0.00 ^ _361_/CLK (sky130_fd_sc_hd__dfrtp_4)
     6    0.03    0.09    0.58    0.58 v _361_/Q (sky130_fd_sc_hd__dfrtp_4)
                                         decoder.digit[3] (net)
                  0.09    0.00    0.58 v _165_/A (sky130_fd_sc_hd__nor2_2)
     2    0.02    0.21    0.23    0.82 ^ _165_/Y (sky130_fd_sc_hd__nor2_2)
                                         _066_ (net)
                  0.21    0.00    0.82 ^ _166_/B (sky130_fd_sc_hd__nand2_2)
     3    0.02    0.11    0.15    0.96 v _166_/Y (sky130_fd_sc_hd__nand2_2)
                                         _067_ (net)
                  0.11    0.00    0.97 v _167_/B (sky130_fd_sc_hd__nor2_2)
     3    0.02    0.22    0.23    1.19 ^ _167_/Y (sky130_fd_sc_hd__nor2_2)
                                         _068_ (net)
                  0.22    0.00    1.19 ^ _288_/A (sky130_fd_sc_hd__nor2_1)
     1    0.01    0.09    0.12    1.32 v _288_/Y (sky130_fd_sc_hd__nor2_1)
                                         net3 (net)
                  0.09    0.00    1.32 v output3/A (sky130_fd_sc_hd__buf_2)
     1    0.03    0.09    0.21    1.53 v output3/X (sky130_fd_sc_hd__buf_2)
                                         seg[1] (net)
                  0.09    0.00    1.53 v seg[1] (out)
                                  1.53   data arrival time

                  0.15   10.00   10.00   clock clk (rise edge)
                          0.00   10.00   clock network delay (ideal)
                         -0.25    9.75   clock uncertainty
                          0.00    9.75   clock reconvergence pessimism
                         -2.00    7.75   output external delay
                                  7.75   data required time
-----------------------------------------------------------------------------
                                  7.75   data required time
                                 -1.53   data arrival time
-----------------------------------------------------------------------------
                                  6.22   slack (MET)


Startpoint: _361_ (rising edge-triggered flip-flop clocked by clk)
Endpoint: seg[6] (output port clocked by clk)
Path Group: clk
Path Type: max

Fanout     Cap    Slew   Delay    Time   Description
-----------------------------------------------------------------------------
                  0.15    0.00    0.00   clock clk (rise edge)
                          0.00    0.00   clock network delay (ideal)
                  0.15    0.00    0.00 ^ _361_/CLK (sky130_fd_sc_hd__dfrtp_4)
     6    0.03    0.09    0.58    0.58 v _361_/Q (sky130_fd_sc_hd__dfrtp_4)
                                         decoder.digit[3] (net)
                  0.09    0.00    0.58 v _165_/A (sky130_fd_sc_hd__nor2_2)
     2    0.02    0.21    0.23    0.82 ^ _165_/Y (sky130_fd_sc_hd__nor2_2)
                                         _066_ (net)
                  0.21    0.00    0.82 ^ _166_/B (sky130_fd_sc_hd__nand2_2)
     3    0.02    0.11    0.15    0.96 v _166_/Y (sky130_fd_sc_hd__nand2_2)
                                         _067_ (net)
                  0.11    0.00    0.97 v _294_/B1_N (sky130_fd_sc_hd__a21boi_2)
     1    0.01    0.08    0.21    1.17 v _294_/Y (sky130_fd_sc_hd__a21boi_2)
                                         net8 (net)
                  0.08    0.00    1.17 v output8/A (sky130_fd_sc_hd__buf_2)
     1    0.03    0.09    0.20    1.38 v output8/X (sky130_fd_sc_hd__buf_2)
                                         seg[6] (net)
                  0.09    0.00    1.38 v seg[6] (out)
                                  1.38   data arrival time

                  0.15   10.00   10.00   clock clk (rise edge)
                          0.00   10.00   clock network delay (ideal)
                         -0.25    9.75   clock uncertainty
                          0.00    9.75   clock reconvergence pessimism
                         -2.00    7.75   output external delay
                                  7.75   data required time
-----------------------------------------------------------------------------
                                  7.75   data required time
                                 -1.38   data arrival time
-----------------------------------------------------------------------------
                                  6.37   slack (MET)


Startpoint: _361_ (rising edge-triggered flip-flop clocked by clk)
Endpoint: seg[4] (output port clocked by clk)
Path Group: clk
Path Type: max

Fanout     Cap    Slew   Delay    Time   Description
-----------------------------------------------------------------------------
                  0.15    0.00    0.00   clock clk (rise edge)
                          0.00    0.00   clock network delay (ideal)
                  0.15    0.00    0.00 ^ _361_/CLK (sky130_fd_sc_hd__dfrtp_4)
     6    0.03    0.09    0.58    0.58 v _361_/Q (sky130_fd_sc_hd__dfrtp_4)
                                         decoder.digit[3] (net)
                  0.09    0.00    0.58 v _290_/A (sky130_fd_sc_hd__or3_1)
     1    0.00    0.07    0.41    0.99 v _290_/X (sky130_fd_sc_hd__or3_1)
                                         _157_ (net)
                  0.07    0.00    0.99 v _291_/A (sky130_fd_sc_hd__buf_1)
     1    0.01    0.05    0.12    1.11 v _291_/X (sky130_fd_sc_hd__buf_1)
                                         net6 (net)
                  0.05    0.00    1.11 v output6/A (sky130_fd_sc_hd__buf_2)
     1    0.03    0.09    0.19    1.30 v output6/X (sky130_fd_sc_hd__buf_2)
                                         seg[4] (net)
                  0.09    0.00    1.30 v seg[4] (out)
                                  1.30   data arrival time

                  0.15   10.00   10.00   clock clk (rise edge)
                          0.00   10.00   clock network delay (ideal)
                         -0.25    9.75   clock uncertainty
                          0.00    9.75   clock reconvergence pessimism
                         -2.00    7.75   output external delay
                                  7.75   data required time
-----------------------------------------------------------------------------
                                  7.75   data required time
                                 -1.30   data arrival time
-----------------------------------------------------------------------------
                                  6.45   slack (MET)


Startpoint: _361_ (rising edge-triggered flip-flop clocked by clk)
Endpoint: seg[2] (output port clocked by clk)
Path Group: clk
Path Type: max

Fanout     Cap    Slew   Delay    Time   Description
-----------------------------------------------------------------------------
                  0.15    0.00    0.00   clock clk (rise edge)
                          0.00    0.00   clock network delay (ideal)
                  0.15    0.00    0.00 ^ _361_/CLK (sky130_fd_sc_hd__dfrtp_4)
     6    0.03    0.09    0.58    0.58 v _361_/Q (sky130_fd_sc_hd__dfrtp_4)
                                         decoder.digit[3] (net)
                  0.09    0.00    0.58 v _285_/A (sky130_fd_sc_hd__nor2_2)
     4    0.02    0.27    0.28    0.86 ^ _285_/Y (sky130_fd_sc_hd__nor2_2)
                                         _155_ (net)
                  0.27    0.00    0.87 ^ _289_/A2 (sky130_fd_sc_hd__a21oi_1)
     1    0.01    0.09    0.16    1.02 v _289_/Y (sky130_fd_sc_hd__a21oi_1)
                                         net4 (net)
                  0.09    0.00    1.02 v output4/A (sky130_fd_sc_hd__buf_2)
     1    0.03    0.09    0.21    1.23 v output4/X (sky130_fd_sc_hd__buf_2)
                                         seg[2] (net)
                  0.09    0.00    1.23 v seg[2] (out)
                                  1.23   data arrival time

                  0.15   10.00   10.00   clock clk (rise edge)
                          0.00   10.00   clock network delay (ideal)
                         -0.25    9.75   clock uncertainty
                          0.00    9.75   clock reconvergence pessimism
                         -2.00    7.75   output external delay
                                  7.75   data required time
-----------------------------------------------------------------------------
                                  7.75   data required time
                                 -1.23   data arrival time
-----------------------------------------------------------------------------
                                  6.52   slack (MET)


Startpoint: _342_ (rising edge-triggered flip-flop clocked by clk)
Endpoint: _340_ (rising edge-triggered flip-flop clocked by clk)
Path Group: clk
Path Type: max

Fanout     Cap    Slew   Delay    Time   Description
-----------------------------------------------------------------------------
                  0.15    0.00    0.00   clock clk (rise edge)
                          0.00    0.00   clock network delay (ideal)
                  0.15    0.00    0.00 ^ _342_/CLK (sky130_fd_sc_hd__dfrtp_2)
     5    0.02    0.08    0.49    0.49 v _342_/Q (sky130_fd_sc_hd__dfrtp_2)
                                         one_second_counter[12] (net)
                  0.08    0.00    0.49 v _180_/C (sky130_fd_sc_hd__and4_1)
     2    0.01    0.07    0.25    0.74 v _180_/X (sky130_fd_sc_hd__and4_1)
                                         _078_ (net)
                  0.07    0.00    0.74 v _181_/D (sky130_fd_sc_hd__or4_2)
     1    0.01    0.14    0.63    1.38 v _181_/X (sky130_fd_sc_hd__or4_2)
                                         _079_ (net)
                  0.14    0.00    1.38 v _184_/A3 (sky130_fd_sc_hd__o31a_1)
     1    0.01    0.09    0.34    1.72 v _184_/X (sky130_fd_sc_hd__o31a_1)
                                         _082_ (net)
                  0.09    0.00    1.72 v _186_/A2 (sky130_fd_sc_hd__o211ai_2)
     2    0.01    0.20    0.22    1.94 ^ _186_/Y (sky130_fd_sc_hd__o211ai_2)
                                         _084_ (net)
                  0.20    0.00    1.94 ^ _187_/A2 (sky130_fd_sc_hd__a21bo_2)
     9    0.03    0.19    0.29    2.23 ^ _187_/X (sky130_fd_sc_hd__a21bo_2)
                                         _085_ (net)
                  0.19    0.00    2.23 ^ _202_/A (sky130_fd_sc_hd__clkbuf_4)
    10    0.04    0.13    0.26    2.49 ^ _202_/X (sky130_fd_sc_hd__clkbuf_4)
                                         _095_ (net)
                  0.13    0.00    2.49 ^ _225_/A (sky130_fd_sc_hd__and3_1)
     1    0.02    0.17    0.27    2.75 ^ _225_/X (sky130_fd_sc_hd__and3_1)
                                         _112_ (net)
                  0.17    0.00    2.76 ^ _226_/A (sky130_fd_sc_hd__buf_1)
     1    0.01    0.10    0.16    2.91 ^ _226_/X (sky130_fd_sc_hd__buf_1)
                                         _001_ (net)
                  0.10    0.00    2.91 ^ _340_/D (sky130_fd_sc_hd__dfrtp_4)
                                  2.91   data arrival time

                  0.15   10.00   10.00   clock clk (rise edge)
                          0.00   10.00   clock network delay (ideal)
                         -0.25    9.75   clock uncertainty
                          0.00    9.75   clock reconvergence pessimism
                                  9.75 ^ _340_/CLK (sky130_fd_sc_hd__dfrtp_4)
                         -0.06    9.69   library setup time
                                  9.69   data required time
-----------------------------------------------------------------------------
                                  9.69   data required time
                                 -2.91   data arrival time
-----------------------------------------------------------------------------
                                  6.77   slack (MET)


Startpoint: _342_ (rising edge-triggered flip-flop clocked by clk)
Endpoint: _339_ (rising edge-triggered flip-flop clocked by clk)
Path Group: clk
Path Type: max

Fanout     Cap    Slew   Delay    Time   Description
-----------------------------------------------------------------------------
                  0.15    0.00    0.00   clock clk (rise edge)
                          0.00    0.00   clock network delay (ideal)
                  0.15    0.00    0.00 ^ _342_/CLK (sky130_fd_sc_hd__dfrtp_2)
     5    0.02    0.08    0.49    0.49 v _342_/Q (sky130_fd_sc_hd__dfrtp_2)
                                         one_second_counter[12] (net)
                  0.08    0.00    0.49 v _180_/C (sky130_fd_sc_hd__and4_1)
     2    0.01    0.07    0.25    0.74 v _180_/X (sky130_fd_sc_hd__and4_1)
                                         _078_ (net)
                  0.07    0.00    0.74 v _181_/D (sky130_fd_sc_hd__or4_2)
     1    0.01    0.14    0.63    1.38 v _181_/X (sky130_fd_sc_hd__or4_2)
                                         _079_ (net)
                  0.14    0.00    1.38 v _184_/A3 (sky130_fd_sc_hd__o31a_1)
     1    0.01    0.09    0.34    1.72 v _184_/X (sky130_fd_sc_hd__o31a_1)
                                         _082_ (net)
                  0.09    0.00    1.72 v _186_/A2 (sky130_fd_sc_hd__o211ai_2)
     2    0.01    0.20    0.22    1.94 ^ _186_/Y (sky130_fd_sc_hd__o211ai_2)
                                         _084_ (net)
                  0.20    0.00    1.94 ^ _187_/A2 (sky130_fd_sc_hd__a21bo_2)
     9    0.03    0.19    0.29    2.23 ^ _187_/X (sky130_fd_sc_hd__a21bo_2)
                                         _085_ (net)
                  0.19    0.00    2.23 ^ _188_/A (sky130_fd_sc_hd__inv_2)
     2    0.01    0.06    0.08    2.31 v _188_/Y (sky130_fd_sc_hd__inv_2)
                                         _086_ (net)
                  0.06    0.00    2.31 v _189_/A (sky130_fd_sc_hd__buf_4)
    10    0.05    0.08    0.20    2.52 v _189_/X (sky130_fd_sc_hd__buf_4)
                                         _027_ (net)
                  0.08    0.00    2.52 v _222_/A (sky130_fd_sc_hd__nor3_1)
     1    0.01    0.30    0.32    2.84 ^ _222_/Y (sky130_fd_sc_hd__nor3_1)
                                         _026_ (net)
                  0.30    0.00    2.84 ^ _339_/D (sky130_fd_sc_hd__dfrtp_2)
                                  2.84   data arrival time

                  0.15   10.00   10.00   clock clk (rise edge)
                          0.00   10.00   clock network delay (ideal)
                         -0.25    9.75   clock uncertainty
                          0.00    9.75   clock reconvergence pessimism
                                  9.75 ^ _339_/CLK (sky130_fd_sc_hd__dfrtp_2)
                         -0.11    9.64   library setup time
                                  9.64   data required time
-----------------------------------------------------------------------------
                                  9.64   data required time
                                 -2.84   data arrival time
-----------------------------------------------------------------------------
                                  6.80   slack (MET)


Startpoint: _342_ (rising edge-triggered flip-flop clocked by clk)
Endpoint: _351_ (rising edge-triggered flip-flop clocked by clk)
Path Group: clk
Path Type: max

Fanout     Cap    Slew   Delay    Time   Description
-----------------------------------------------------------------------------
                  0.15    0.00    0.00   clock clk (rise edge)
                          0.00    0.00   clock network delay (ideal)
                  0.15    0.00    0.00 ^ _342_/CLK (sky130_fd_sc_hd__dfrtp_2)
     5    0.02    0.08    0.49    0.49 v _342_/Q (sky130_fd_sc_hd__dfrtp_2)
                                         one_second_counter[12] (net)
                  0.08    0.00    0.49 v _180_/C (sky130_fd_sc_hd__and4_1)
     2    0.01    0.07    0.25    0.74 v _180_/X (sky130_fd_sc_hd__and4_1)
                                         _078_ (net)
                  0.07    0.00    0.74 v _181_/D (sky130_fd_sc_hd__or4_2)
     1    0.01    0.14    0.63    1.38 v _181_/X (sky130_fd_sc_hd__or4_2)
                                         _079_ (net)
                  0.14    0.00    1.38 v _184_/A3 (sky130_fd_sc_hd__o31a_1)
     1    0.01    0.09    0.34    1.72 v _184_/X (sky130_fd_sc_hd__o31a_1)
                                         _082_ (net)
                  0.09    0.00    1.72 v _186_/A2 (sky130_fd_sc_hd__o211ai_2)
     2    0.01    0.20    0.22    1.94 ^ _186_/Y (sky130_fd_sc_hd__o211ai_2)
                                         _084_ (net)
                  0.20    0.00    1.94 ^ _187_/A2 (sky130_fd_sc_hd__a21bo_2)
     9    0.03    0.19    0.29    2.23 ^ _187_/X (sky130_fd_sc_hd__a21bo_2)
                                         _085_ (net)
                  0.19    0.00    2.23 ^ _188_/A (sky130_fd_sc_hd__inv_2)
     2    0.01    0.06    0.08    2.31 v _188_/Y (sky130_fd_sc_hd__inv_2)
                                         _086_ (net)
                  0.06    0.00    2.31 v _189_/A (sky130_fd_sc_hd__buf_4)
    10    0.05    0.08    0.20    2.52 v _189_/X (sky130_fd_sc_hd__buf_4)
                                         _027_ (net)
                  0.08    0.00    2.52 v _268_/C1 (sky130_fd_sc_hd__a211oi_1)
     1    0.01    0.33    0.31    2.83 ^ _268_/Y (sky130_fd_sc_hd__a211oi_1)
                                         _013_ (net)
                  0.33    0.00    2.83 ^ _351_/D (sky130_fd_sc_hd__dfrtp_2)
                                  2.83   data arrival time

                  0.15   10.00   10.00   clock clk (rise edge)
                          0.00   10.00   clock network delay (ideal)
                         -0.25    9.75   clock uncertainty
                          0.00    9.75   clock reconvergence pessimism
                                  9.75 ^ _351_/CLK (sky130_fd_sc_hd__dfrtp_2)
                         -0.11    9.64   library setup time
                                  9.64   data required time
-----------------------------------------------------------------------------
                                  9.64   data required time
                                 -2.83   data arrival time
-----------------------------------------------------------------------------
                                  6.81   slack (MET)


Startpoint: _342_ (rising edge-triggered flip-flop clocked by clk)
Endpoint: _349_ (rising edge-triggered flip-flop clocked by clk)
Path Group: clk
Path Type: max

Fanout     Cap    Slew   Delay    Time   Description
-----------------------------------------------------------------------------
                  0.15    0.00    0.00   clock clk (rise edge)
                          0.00    0.00   clock network delay (ideal)
                  0.15    0.00    0.00 ^ _342_/CLK (sky130_fd_sc_hd__dfrtp_2)
     5    0.02    0.08    0.49    0.49 v _342_/Q (sky130_fd_sc_hd__dfrtp_2)
                                         one_second_counter[12] (net)
                  0.08    0.00    0.49 v _180_/C (sky130_fd_sc_hd__and4_1)
     2    0.01    0.07    0.25    0.74 v _180_/X (sky130_fd_sc_hd__and4_1)
                                         _078_ (net)
                  0.07    0.00    0.74 v _181_/D (sky130_fd_sc_hd__or4_2)
     1    0.01    0.14    0.63    1.38 v _181_/X (sky130_fd_sc_hd__or4_2)
                                         _079_ (net)
                  0.14    0.00    1.38 v _184_/A3 (sky130_fd_sc_hd__o31a_1)
     1    0.01    0.09    0.34    1.72 v _184_/X (sky130_fd_sc_hd__o31a_1)
                                         _082_ (net)
                  0.09    0.00    1.72 v _186_/A2 (sky130_fd_sc_hd__o211ai_2)
     2    0.01    0.20    0.22    1.94 ^ _186_/Y (sky130_fd_sc_hd__o211ai_2)
                                         _084_ (net)
                  0.20    0.00    1.94 ^ _187_/A2 (sky130_fd_sc_hd__a21bo_2)
     9    0.03    0.19    0.29    2.23 ^ _187_/X (sky130_fd_sc_hd__a21bo_2)
                                         _085_ (net)
                  0.19    0.00    2.23 ^ _202_/A (sky130_fd_sc_hd__clkbuf_4)
    10    0.04    0.13    0.26    2.49 ^ _202_/X (sky130_fd_sc_hd__clkbuf_4)
                                         _095_ (net)
                  0.13    0.00    2.49 ^ _260_/A (sky130_fd_sc_hd__and3_1)
     1    0.01    0.11    0.22    2.71 ^ _260_/X (sky130_fd_sc_hd__and3_1)
                                         _138_ (net)
                  0.11    0.00    2.71 ^ _261_/A (sky130_fd_sc_hd__buf_1)
     1    0.01    0.12    0.16    2.87 ^ _261_/X (sky130_fd_sc_hd__buf_1)
                                         _010_ (net)
                  0.12    0.00    2.87 ^ _349_/D (sky130_fd_sc_hd__dfrtp_2)
                                  2.87   data arrival time

                  0.15   10.00   10.00   clock clk (rise edge)
                          0.00   10.00   clock network delay (ideal)
                         -0.25    9.75   clock uncertainty
                          0.00    9.75   clock reconvergence pessimism
                                  9.75 ^ _349_/CLK (sky130_fd_sc_hd__dfrtp_2)
                         -0.06    9.69   library setup time
                                  9.69   data required time
-----------------------------------------------------------------------------
                                  9.69   data required time
                                 -2.87   data arrival time
-----------------------------------------------------------------------------
                                  6.82   slack (MET)


Startpoint: _342_ (rising edge-triggered flip-flop clocked by clk)
Endpoint: _342_ (rising edge-triggered flip-flop clocked by clk)
Path Group: clk
Path Type: max

Fanout     Cap    Slew   Delay    Time   Description
-----------------------------------------------------------------------------
                  0.15    0.00    0.00   clock clk (rise edge)
                          0.00    0.00   clock network delay (ideal)
                  0.15    0.00    0.00 ^ _342_/CLK (sky130_fd_sc_hd__dfrtp_2)
     5    0.02    0.08    0.49    0.49 v _342_/Q (sky130_fd_sc_hd__dfrtp_2)
                                         one_second_counter[12] (net)
                  0.08    0.00    0.49 v _180_/C (sky130_fd_sc_hd__and4_1)
     2    0.01    0.07    0.25    0.74 v _180_/X (sky130_fd_sc_hd__and4_1)
                                         _078_ (net)
                  0.07    0.00    0.74 v _181_/D (sky130_fd_sc_hd__or4_2)
     1    0.01    0.14    0.63    1.38 v _181_/X (sky130_fd_sc_hd__or4_2)
                                         _079_ (net)
                  0.14    0.00    1.38 v _184_/A3 (sky130_fd_sc_hd__o31a_1)
     1    0.01    0.09    0.34    1.72 v _184_/X (sky130_fd_sc_hd__o31a_1)
                                         _082_ (net)
                  0.09    0.00    1.72 v _186_/A2 (sky130_fd_sc_hd__o211ai_2)
     2    0.01    0.20    0.22    1.94 ^ _186_/Y (sky130_fd_sc_hd__o211ai_2)
                                         _084_ (net)
                  0.20    0.00    1.94 ^ _187_/A2 (sky130_fd_sc_hd__a21bo_2)
     9    0.03    0.19    0.29    2.23 ^ _187_/X (sky130_fd_sc_hd__a21bo_2)
                                         _085_ (net)
                  0.19    0.00    2.23 ^ _202_/A (sky130_fd_sc_hd__clkbuf_4)
    10    0.04    0.13    0.26    2.49 ^ _202_/X (sky130_fd_sc_hd__clkbuf_4)
                                         _095_ (net)
                  0.13    0.00    2.49 ^ _232_/A (sky130_fd_sc_hd__and3_1)
     1    0.01    0.12    0.23    2.72 ^ _232_/X (sky130_fd_sc_hd__and3_1)
                                         _117_ (net)
                  0.12    0.00    2.72 ^ _233_/A (sky130_fd_sc_hd__buf_1)
     1    0.01    0.11    0.15    2.87 ^ _233_/X (sky130_fd_sc_hd__buf_1)
                                         _003_ (net)
                  0.11    0.00    2.87 ^ _342_/D (sky130_fd_sc_hd__dfrtp_2)
                                  2.87   data arrival time

                  0.15   10.00   10.00   clock clk (rise edge)
                          0.00   10.00   clock network delay (ideal)
                         -0.25    9.75   clock uncertainty
                          0.00    9.75   clock reconvergence pessimism
                                  9.75 ^ _342_/CLK (sky130_fd_sc_hd__dfrtp_2)
                         -0.06    9.69   library setup time
                                  9.69   data required time
-----------------------------------------------------------------------------
                                  9.69   data required time
                                 -2.87   data arrival time
-----------------------------------------------------------------------------
                                  6.82   slack (MET)


Startpoint: _342_ (rising edge-triggered flip-flop clocked by clk)
Endpoint: _354_ (rising edge-triggered flip-flop clocked by clk)
Path Group: clk
Path Type: max

Fanout     Cap    Slew   Delay    Time   Description
-----------------------------------------------------------------------------
                  0.15    0.00    0.00   clock clk (rise edge)
                          0.00    0.00   clock network delay (ideal)
                  0.15    0.00    0.00 ^ _342_/CLK (sky130_fd_sc_hd__dfrtp_2)
     5    0.02    0.08    0.49    0.49 v _342_/Q (sky130_fd_sc_hd__dfrtp_2)
                                         one_second_counter[12] (net)
                  0.08    0.00    0.49 v _180_/C (sky130_fd_sc_hd__and4_1)
     2    0.01    0.07    0.25    0.74 v _180_/X (sky130_fd_sc_hd__and4_1)
                                         _078_ (net)
                  0.07    0.00    0.74 v _181_/D (sky130_fd_sc_hd__or4_2)
     1    0.01    0.14    0.63    1.38 v _181_/X (sky130_fd_sc_hd__or4_2)
                                         _079_ (net)
                  0.14    0.00    1.38 v _184_/A3 (sky130_fd_sc_hd__o31a_1)
     1    0.01    0.09    0.34    1.72 v _184_/X (sky130_fd_sc_hd__o31a_1)
                                         _082_ (net)
                  0.09    0.00    1.72 v _186_/A2 (sky130_fd_sc_hd__o211ai_2)
     2    0.01    0.20    0.22    1.94 ^ _186_/Y (sky130_fd_sc_hd__o211ai_2)
                                         _084_ (net)
                  0.20    0.00    1.94 ^ _187_/A2 (sky130_fd_sc_hd__a21bo_2)
     9    0.03    0.19    0.29    2.23 ^ _187_/X (sky130_fd_sc_hd__a21bo_2)
                                         _085_ (net)
                  0.19    0.00    2.23 ^ _188_/A (sky130_fd_sc_hd__inv_2)
     2    0.01    0.06    0.08    2.31 v _188_/Y (sky130_fd_sc_hd__inv_2)
                                         _086_ (net)
                  0.06    0.00    2.31 v _189_/A (sky130_fd_sc_hd__buf_4)
    10    0.05    0.08    0.20    2.52 v _189_/X (sky130_fd_sc_hd__buf_4)
                                         _027_ (net)
                  0.08    0.00    2.52 v _278_/A (sky130_fd_sc_hd__nor3_1)
     1    0.01    0.25    0.28    2.80 ^ _278_/Y (sky130_fd_sc_hd__nor3_1)
                                         _016_ (net)
                  0.25    0.00    2.80 ^ _354_/D (sky130_fd_sc_hd__dfrtp_4)
                                  2.80   data arrival time

                  0.15   10.00   10.00   clock clk (rise edge)
                          0.00   10.00   clock network delay (ideal)
                         -0.25    9.75   clock uncertainty
                          0.00    9.75   clock reconvergence pessimism
                                  9.75 ^ _354_/CLK (sky130_fd_sc_hd__dfrtp_4)
                         -0.09    9.66   library setup time
                                  9.66   data required time
-----------------------------------------------------------------------------
                                  9.66   data required time
                                 -2.80   data arrival time
-----------------------------------------------------------------------------
                                  6.85   slack (MET)


Startpoint: _342_ (rising edge-triggered flip-flop clocked by clk)
Endpoint: _335_ (rising edge-triggered flip-flop clocked by clk)
Path Group: clk
Path Type: max

Fanout     Cap    Slew   Delay    Time   Description
-----------------------------------------------------------------------------
                  0.15    0.00    0.00   clock clk (rise edge)
                          0.00    0.00   clock network delay (ideal)
                  0.15    0.00    0.00 ^ _342_/CLK (sky130_fd_sc_hd__dfrtp_2)
     5    0.02    0.08    0.49    0.49 v _342_/Q (sky130_fd_sc_hd__dfrtp_2)
                                         one_second_counter[12] (net)
                  0.08    0.00    0.49 v _180_/C (sky130_fd_sc_hd__and4_1)
     2    0.01    0.07    0.25    0.74 v _180_/X (sky130_fd_sc_hd__and4_1)
                                         _078_ (net)
                  0.07    0.00    0.74 v _181_/D (sky130_fd_sc_hd__or4_2)
     1    0.01    0.14    0.63    1.38 v _181_/X (sky130_fd_sc_hd__or4_2)
                                         _079_ (net)
                  0.14    0.00    1.38 v _184_/A3 (sky130_fd_sc_hd__o31a_1)
     1    0.01    0.09    0.34    1.72 v _184_/X (sky130_fd_sc_hd__o31a_1)
                                         _082_ (net)
                  0.09    0.00    1.72 v _186_/A2 (sky130_fd_sc_hd__o211ai_2)
     2    0.01    0.20    0.22    1.94 ^ _186_/Y (sky130_fd_sc_hd__o211ai_2)
                                         _084_ (net)
                  0.20    0.00    1.94 ^ _187_/A2 (sky130_fd_sc_hd__a21bo_2)
     9    0.03    0.19    0.29    2.23 ^ _187_/X (sky130_fd_sc_hd__a21bo_2)
                                         _085_ (net)
                  0.19    0.00    2.23 ^ _188_/A (sky130_fd_sc_hd__inv_2)
     2    0.01    0.06    0.08    2.31 v _188_/Y (sky130_fd_sc_hd__inv_2)
                                         _086_ (net)
                  0.06    0.00    2.31 v _189_/A (sky130_fd_sc_hd__buf_4)
    10    0.05    0.08    0.20    2.52 v _189_/X (sky130_fd_sc_hd__buf_4)
                                         _027_ (net)
                  0.08    0.00    2.52 v _209_/A (sky130_fd_sc_hd__nor3_1)
     1    0.01    0.25    0.28    2.80 ^ _209_/Y (sky130_fd_sc_hd__nor3_1)
                                         _022_ (net)
                  0.25    0.00    2.80 ^ _335_/D (sky130_fd_sc_hd__dfrtp_2)
                                  2.80   data arrival time

                  0.15   10.00   10.00   clock clk (rise edge)
                          0.00   10.00   clock network delay (ideal)
                         -0.25    9.75   clock uncertainty
                          0.00    9.75   clock reconvergence pessimism
                                  9.75 ^ _335_/CLK (sky130_fd_sc_hd__dfrtp_2)
                         -0.09    9.66   library setup time
                                  9.66   data required time
-----------------------------------------------------------------------------
                                  9.66   data required time
                                 -2.80   data arrival time
-----------------------------------------------------------------------------
                                  6.86   slack (MET)


Startpoint: _342_ (rising edge-triggered flip-flop clocked by clk)
Endpoint: _336_ (rising edge-triggered flip-flop clocked by clk)
Path Group: clk
Path Type: max

Fanout     Cap    Slew   Delay    Time   Description
-----------------------------------------------------------------------------
                  0.15    0.00    0.00   clock clk (rise edge)
                          0.00    0.00   clock network delay (ideal)
                  0.15    0.00    0.00 ^ _342_/CLK (sky130_fd_sc_hd__dfrtp_2)
     5    0.02    0.08    0.49    0.49 v _342_/Q (sky130_fd_sc_hd__dfrtp_2)
                                         one_second_counter[12] (net)
                  0.08    0.00    0.49 v _180_/C (sky130_fd_sc_hd__and4_1)
     2    0.01    0.07    0.25    0.74 v _180_/X (sky130_fd_sc_hd__and4_1)
                                         _078_ (net)
                  0.07    0.00    0.74 v _181_/D (sky130_fd_sc_hd__or4_2)
     1    0.01    0.14    0.63    1.38 v _181_/X (sky130_fd_sc_hd__or4_2)
                                         _079_ (net)
                  0.14    0.00    1.38 v _184_/A3 (sky130_fd_sc_hd__o31a_1)
     1    0.01    0.09    0.34    1.72 v _184_/X (sky130_fd_sc_hd__o31a_1)
                                         _082_ (net)
                  0.09    0.00    1.72 v _186_/A2 (sky130_fd_sc_hd__o211ai_2)
     2    0.01    0.20    0.22    1.94 ^ _186_/Y (sky130_fd_sc_hd__o211ai_2)
                                         _084_ (net)
                  0.20    0.00    1.94 ^ _187_/A2 (sky130_fd_sc_hd__a21bo_2)
     9    0.03    0.19    0.29    2.23 ^ _187_/X (sky130_fd_sc_hd__a21bo_2)
                                         _085_ (net)
                  0.19    0.00    2.23 ^ _202_/A (sky130_fd_sc_hd__clkbuf_4)
    10    0.04    0.13    0.26    2.49 ^ _202_/X (sky130_fd_sc_hd__clkbuf_4)
                                         _095_ (net)
                  0.13    0.00    2.49 ^ _212_/A (sky130_fd_sc_hd__and3_1)
     1    0.00    0.07    0.18    2.67 ^ _212_/X (sky130_fd_sc_hd__and3_1)
                                         _103_ (net)
                  0.07    0.00    2.67 ^ _213_/A (sky130_fd_sc_hd__buf_1)
     1    0.01    0.12    0.15    2.82 ^ _213_/X (sky130_fd_sc_hd__buf_1)
                                         _023_ (net)
                  0.12    0.00    2.82 ^ _336_/D (sky130_fd_sc_hd__dfrtp_2)
                                  2.82   data arrival time

                  0.15   10.00   10.00   clock clk (rise edge)
                          0.00   10.00   clock network delay (ideal)
                         -0.25    9.75   clock uncertainty
                          0.00    9.75   clock reconvergence pessimism
                                  9.75 ^ _336_/CLK (sky130_fd_sc_hd__dfrtp_2)
                         -0.06    9.69   library setup time
                                  9.69   data required time
-----------------------------------------------------------------------------
                                  9.69   data required time
                                 -2.82   data arrival time
-----------------------------------------------------------------------------
                                  6.87   slack (MET)


Startpoint: _342_ (rising edge-triggered flip-flop clocked by clk)
Endpoint: _353_ (rising edge-triggered flip-flop clocked by clk)
Path Group: clk
Path Type: max

Fanout     Cap    Slew   Delay    Time   Description
-----------------------------------------------------------------------------
                  0.15    0.00    0.00   clock clk (rise edge)
                          0.00    0.00   clock network delay (ideal)
                  0.15    0.00    0.00 ^ _342_/CLK (sky130_fd_sc_hd__dfrtp_2)
     5    0.02    0.08    0.49    0.49 v _342_/Q (sky130_fd_sc_hd__dfrtp_2)
                                         one_second_counter[12] (net)
                  0.08    0.00    0.49 v _180_/C (sky130_fd_sc_hd__and4_1)
     2    0.01    0.07    0.25    0.74 v _180_/X (sky130_fd_sc_hd__and4_1)
                                         _078_ (net)
                  0.07    0.00    0.74 v _181_/D (sky130_fd_sc_hd__or4_2)
     1    0.01    0.14    0.63    1.38 v _181_/X (sky130_fd_sc_hd__or4_2)
                                         _079_ (net)
                  0.14    0.00    1.38 v _184_/A3 (sky130_fd_sc_hd__o31a_1)
     1    0.01    0.09    0.34    1.72 v _184_/X (sky130_fd_sc_hd__o31a_1)
                                         _082_ (net)
                  0.09    0.00    1.72 v _186_/A2 (sky130_fd_sc_hd__o211ai_2)
     2    0.01    0.20    0.22    1.94 ^ _186_/Y (sky130_fd_sc_hd__o211ai_2)
                                         _084_ (net)
                  0.20    0.00    1.94 ^ _187_/A2 (sky130_fd_sc_hd__a21bo_2)
     9    0.03    0.19    0.29    2.23 ^ _187_/X (sky130_fd_sc_hd__a21bo_2)
                                         _085_ (net)
                  0.19    0.00    2.23 ^ _188_/A (sky130_fd_sc_hd__inv_2)
     2    0.01    0.06    0.08    2.31 v _188_/Y (sky130_fd_sc_hd__inv_2)
                                         _086_ (net)
                  0.06    0.00    2.31 v _189_/A (sky130_fd_sc_hd__buf_4)
    10    0.05    0.08    0.20    2.52 v _189_/X (sky130_fd_sc_hd__buf_4)
                                         _027_ (net)
                  0.08    0.00    2.52 v _275_/C1 (sky130_fd_sc_hd__a221oi_2)
     1    0.01    0.28    0.26    2.78 ^ _275_/Y (sky130_fd_sc_hd__a221oi_2)
                                         _015_ (net)
                  0.28    0.00    2.78 ^ _353_/D (sky130_fd_sc_hd__dfrtp_1)
                                  2.78   data arrival time

                  0.15   10.00   10.00   clock clk (rise edge)
                          0.00   10.00   clock network delay (ideal)
                         -0.25    9.75   clock uncertainty
                          0.00    9.75   clock reconvergence pessimism
                                  9.75 ^ _353_/CLK (sky130_fd_sc_hd__dfrtp_1)
                         -0.10    9.65   library setup time
                                  9.65   data required time
-----------------------------------------------------------------------------
                                  9.65   data required time
                                 -2.78   data arrival time
-----------------------------------------------------------------------------
                                  6.87   slack (MET)


Startpoint: _342_ (rising edge-triggered flip-flop clocked by clk)
Endpoint: _346_ (rising edge-triggered flip-flop clocked by clk)
Path Group: clk
Path Type: max

Fanout     Cap    Slew   Delay    Time   Description
-----------------------------------------------------------------------------
                  0.15    0.00    0.00   clock clk (rise edge)
                          0.00    0.00   clock network delay (ideal)
                  0.15    0.00    0.00 ^ _342_/CLK (sky130_fd_sc_hd__dfrtp_2)
     5    0.02    0.08    0.49    0.49 v _342_/Q (sky130_fd_sc_hd__dfrtp_2)
                                         one_second_counter[12] (net)
                  0.08    0.00    0.49 v _180_/C (sky130_fd_sc_hd__and4_1)
     2    0.01    0.07    0.25    0.74 v _180_/X (sky130_fd_sc_hd__and4_1)
                                         _078_ (net)
                  0.07    0.00    0.74 v _181_/D (sky130_fd_sc_hd__or4_2)
     1    0.01    0.14    0.63    1.38 v _181_/X (sky130_fd_sc_hd__or4_2)
                                         _079_ (net)
                  0.14    0.00    1.38 v _184_/A3 (sky130_fd_sc_hd__o31a_1)
     1    0.01    0.09    0.34    1.72 v _184_/X (sky130_fd_sc_hd__o31a_1)
                                         _082_ (net)
                  0.09    0.00    1.72 v _186_/A2 (sky130_fd_sc_hd__o211ai_2)
     2    0.01    0.20    0.22    1.94 ^ _186_/Y (sky130_fd_sc_hd__o211ai_2)
                                         _084_ (net)
                  0.20    0.00    1.94 ^ _187_/A2 (sky130_fd_sc_hd__a21bo_2)
     9    0.03    0.19    0.29    2.23 ^ _187_/X (sky130_fd_sc_hd__a21bo_2)
                                         _085_ (net)
                  0.19    0.00    2.23 ^ _202_/A (sky130_fd_sc_hd__clkbuf_4)
    10    0.04    0.13    0.26    2.49 ^ _202_/X (sky130_fd_sc_hd__clkbuf_4)
                                         _095_ (net)
                  0.13    0.00    2.49 ^ _249_/A (sky130_fd_sc_hd__and3_1)
     1    0.01    0.08    0.19    2.68 ^ _249_/X (sky130_fd_sc_hd__and3_1)
                                         _130_ (net)
                  0.08    0.00    2.68 ^ _250_/A (sky130_fd_sc_hd__clkbuf_1)
     1    0.01    0.08    0.12    2.80 ^ _250_/X (sky130_fd_sc_hd__clkbuf_1)
                                         _007_ (net)
                  0.08    0.00    2.80 ^ _346_/D (sky130_fd_sc_hd__dfrtp_4)
                                  2.80   data arrival time

                  0.15   10.00   10.00   clock clk (rise edge)
                          0.00   10.00   clock network delay (ideal)
                         -0.25    9.75   clock uncertainty
                          0.00    9.75   clock reconvergence pessimism
                                  9.75 ^ _346_/CLK (sky130_fd_sc_hd__dfrtp_4)
                         -0.06    9.69   library setup time
                                  9.69   data required time
-----------------------------------------------------------------------------
                                  9.69   data required time
                                 -2.80   data arrival time
-----------------------------------------------------------------------------
                                  6.89   slack (MET)


Startpoint: _342_ (rising edge-triggered flip-flop clocked by clk)
Endpoint: _334_ (rising edge-triggered flip-flop clocked by clk)
Path Group: clk
Path Type: max

Fanout     Cap    Slew   Delay    Time   Description
-----------------------------------------------------------------------------
                  0.15    0.00    0.00   clock clk (rise edge)
                          0.00    0.00   clock network delay (ideal)
                  0.15    0.00    0.00 ^ _342_/CLK (sky130_fd_sc_hd__dfrtp_2)
     5    0.02    0.08    0.49    0.49 v _342_/Q (sky130_fd_sc_hd__dfrtp_2)
                                         one_second_counter[12] (net)
                  0.08    0.00    0.49 v _180_/C (sky130_fd_sc_hd__and4_1)
     2    0.01    0.07    0.25    0.74 v _180_/X (sky130_fd_sc_hd__and4_1)
                                         _078_ (net)
                  0.07    0.00    0.74 v _181_/D (sky130_fd_sc_hd__or4_2)
     1    0.01    0.14    0.63    1.38 v _181_/X (sky130_fd_sc_hd__or4_2)
                                         _079_ (net)
                  0.14    0.00    1.38 v _184_/A3 (sky130_fd_sc_hd__o31a_1)
     1    0.01    0.09    0.34    1.72 v _184_/X (sky130_fd_sc_hd__o31a_1)
                                         _082_ (net)
                  0.09    0.00    1.72 v _186_/A2 (sky130_fd_sc_hd__o211ai_2)
     2    0.01    0.20    0.22    1.94 ^ _186_/Y (sky130_fd_sc_hd__o211ai_2)
                                         _084_ (net)
                  0.20    0.00    1.94 ^ _187_/A2 (sky130_fd_sc_hd__a21bo_2)
     9    0.03    0.19    0.29    2.23 ^ _187_/X (sky130_fd_sc_hd__a21bo_2)
                                         _085_ (net)
                  0.19    0.00    2.23 ^ _202_/A (sky130_fd_sc_hd__clkbuf_4)
    10    0.04    0.13    0.26    2.49 ^ _202_/X (sky130_fd_sc_hd__clkbuf_4)
                                         _095_ (net)
                  0.13    0.00    2.49 ^ _205_/A (sky130_fd_sc_hd__and3_1)
     1    0.01    0.07    0.19    2.68 ^ _205_/X (sky130_fd_sc_hd__and3_1)
                                         _098_ (net)
                  0.07    0.00    2.68 ^ _206_/A (sky130_fd_sc_hd__clkbuf_1)
     1    0.01    0.09    0.12    2.80 ^ _206_/X (sky130_fd_sc_hd__clkbuf_1)
                                         _021_ (net)
                  0.09    0.00    2.80 ^ _334_/D (sky130_fd_sc_hd__dfrtp_4)
                                  2.80   data arrival time

                  0.15   10.00   10.00   clock clk (rise edge)
                          0.00   10.00   clock network delay (ideal)
                         -0.25    9.75   clock uncertainty
                          0.00    9.75   clock reconvergence pessimism
                                  9.75 ^ _334_/CLK (sky130_fd_sc_hd__dfrtp_4)
                         -0.06    9.69   library setup time
                                  9.69   data required time
-----------------------------------------------------------------------------
                                  9.69   data required time
                                 -2.80   data arrival time
-----------------------------------------------------------------------------
                                  6.89   slack (MET)


Startpoint: _342_ (rising edge-triggered flip-flop clocked by clk)
Endpoint: _344_ (rising edge-triggered flip-flop clocked by clk)
Path Group: clk
Path Type: max

Fanout     Cap    Slew   Delay    Time   Description
-----------------------------------------------------------------------------
                  0.15    0.00    0.00   clock clk (rise edge)
                          0.00    0.00   clock network delay (ideal)
                  0.15    0.00    0.00 ^ _342_/CLK (sky130_fd_sc_hd__dfrtp_2)
     5    0.02    0.08    0.49    0.49 v _342_/Q (sky130_fd_sc_hd__dfrtp_2)
                                         one_second_counter[12] (net)
                  0.08    0.00    0.49 v _180_/C (sky130_fd_sc_hd__and4_1)
     2    0.01    0.07    0.25    0.74 v _180_/X (sky130_fd_sc_hd__and4_1)
                                         _078_ (net)
                  0.07    0.00    0.74 v _181_/D (sky130_fd_sc_hd__or4_2)
     1    0.01    0.14    0.63    1.38 v _181_/X (sky130_fd_sc_hd__or4_2)
                                         _079_ (net)
                  0.14    0.00    1.38 v _184_/A3 (sky130_fd_sc_hd__o31a_1)
     1    0.01    0.09    0.34    1.72 v _184_/X (sky130_fd_sc_hd__o31a_1)
                                         _082_ (net)
                  0.09    0.00    1.72 v _186_/A2 (sky130_fd_sc_hd__o211ai_2)
     2    0.01    0.20    0.22    1.94 ^ _186_/Y (sky130_fd_sc_hd__o211ai_2)
                                         _084_ (net)
                  0.20    0.00    1.94 ^ _187_/A2 (sky130_fd_sc_hd__a21bo_2)
     9    0.03    0.19    0.29    2.23 ^ _187_/X (sky130_fd_sc_hd__a21bo_2)
                                         _085_ (net)
                  0.19    0.00    2.23 ^ _202_/A (sky130_fd_sc_hd__clkbuf_4)
    10    0.04    0.13    0.26    2.49 ^ _202_/X (sky130_fd_sc_hd__clkbuf_4)
                                         _095_ (net)
                  0.13    0.00    2.49 ^ _241_/A (sky130_fd_sc_hd__and3_1)
     1    0.01    0.08    0.20    2.68 ^ _241_/X (sky130_fd_sc_hd__and3_1)
                                         _124_ (net)
                  0.08    0.00    2.68 ^ _242_/A (sky130_fd_sc_hd__clkbuf_1)
     1    0.01    0.08    0.12    2.81 ^ _242_/X (sky130_fd_sc_hd__clkbuf_1)
                                         _005_ (net)
                  0.08    0.00    2.81 ^ _344_/D (sky130_fd_sc_hd__dfrtp_1)
                                  2.81   data arrival time

                  0.15   10.00   10.00   clock clk (rise edge)
                          0.00   10.00   clock network delay (ideal)
                         -0.25    9.75   clock uncertainty
                          0.00    9.75   clock reconvergence pessimism
                                  9.75 ^ _344_/CLK (sky130_fd_sc_hd__dfrtp_1)
                         -0.05    9.70   library setup time
                                  9.70   data required time
-----------------------------------------------------------------------------
                                  9.70   data required time
                                 -2.81   data arrival time
-----------------------------------------------------------------------------
                                  6.89   slack (MET)


Startpoint: _342_ (rising edge-triggered flip-flop clocked by clk)
Endpoint: _345_ (rising edge-triggered flip-flop clocked by clk)
Path Group: clk
Path Type: max

Fanout     Cap    Slew   Delay    Time   Description
-----------------------------------------------------------------------------
                  0.15    0.00    0.00   clock clk (rise edge)
                          0.00    0.00   clock network delay (ideal)
                  0.15    0.00    0.00 ^ _342_/CLK (sky130_fd_sc_hd__dfrtp_2)
     5    0.02    0.08    0.49    0.49 v _342_/Q (sky130_fd_sc_hd__dfrtp_2)
                                         one_second_counter[12] (net)
                  0.08    0.00    0.49 v _180_/C (sky130_fd_sc_hd__and4_1)
     2    0.01    0.07    0.25    0.74 v _180_/X (sky130_fd_sc_hd__and4_1)
                                         _078_ (net)
                  0.07    0.00    0.74 v _181_/D (sky130_fd_sc_hd__or4_2)
     1    0.01    0.14    0.63    1.38 v _181_/X (sky130_fd_sc_hd__or4_2)
                                         _079_ (net)
                  0.14    0.00    1.38 v _184_/A3 (sky130_fd_sc_hd__o31a_1)
     1    0.01    0.09    0.34    1.72 v _184_/X (sky130_fd_sc_hd__o31a_1)
                                         _082_ (net)
                  0.09    0.00    1.72 v _186_/A2 (sky130_fd_sc_hd__o211ai_2)
     2    0.01    0.20    0.22    1.94 ^ _186_/Y (sky130_fd_sc_hd__o211ai_2)
                                         _084_ (net)
                  0.20    0.00    1.94 ^ _187_/A2 (sky130_fd_sc_hd__a21bo_2)
     9    0.03    0.19    0.29    2.23 ^ _187_/X (sky130_fd_sc_hd__a21bo_2)
                                         _085_ (net)
                  0.19    0.00    2.23 ^ _188_/A (sky130_fd_sc_hd__inv_2)
     2    0.01    0.06    0.08    2.31 v _188_/Y (sky130_fd_sc_hd__inv_2)
                                         _086_ (net)
                  0.06    0.00    2.31 v _189_/A (sky130_fd_sc_hd__buf_4)
    10    0.05    0.08    0.20    2.52 v _189_/X (sky130_fd_sc_hd__buf_4)
                                         _027_ (net)
                  0.08    0.00    2.52 v _246_/C1 (sky130_fd_sc_hd__a211oi_2)
     1    0.01    0.23    0.22    2.74 ^ _246_/Y (sky130_fd_sc_hd__a211oi_2)
                                         _006_ (net)
                  0.23    0.00    2.74 ^ _345_/D (sky130_fd_sc_hd__dfrtp_2)
                                  2.74   data arrival time

                  0.15   10.00   10.00   clock clk (rise edge)
                          0.00   10.00   clock network delay (ideal)
                         -0.25    9.75   clock uncertainty
                          0.00    9.75   clock reconvergence pessimism
                                  9.75 ^ _345_/CLK (sky130_fd_sc_hd__dfrtp_2)
                         -0.09    9.66   library setup time
                                  9.66   data required time
-----------------------------------------------------------------------------
                                  9.66   data required time
                                 -2.74   data arrival time
-----------------------------------------------------------------------------
                                  6.92   slack (MET)


Startpoint: _342_ (rising edge-triggered flip-flop clocked by clk)
Endpoint: _343_ (rising edge-triggered flip-flop clocked by clk)
Path Group: clk
Path Type: max

Fanout     Cap    Slew   Delay    Time   Description
-----------------------------------------------------------------------------
                  0.15    0.00    0.00   clock clk (rise edge)
                          0.00    0.00   clock network delay (ideal)
                  0.15    0.00    0.00 ^ _342_/CLK (sky130_fd_sc_hd__dfrtp_2)
     5    0.02    0.08    0.49    0.49 v _342_/Q (sky130_fd_sc_hd__dfrtp_2)
                                         one_second_counter[12] (net)
                  0.08    0.00    0.49 v _180_/C (sky130_fd_sc_hd__and4_1)
     2    0.01    0.07    0.25    0.74 v _180_/X (sky130_fd_sc_hd__and4_1)
                                         _078_ (net)
                  0.07    0.00    0.74 v _181_/D (sky130_fd_sc_hd__or4_2)
     1    0.01    0.14    0.63    1.38 v _181_/X (sky130_fd_sc_hd__or4_2)
                                         _079_ (net)
                  0.14    0.00    1.38 v _184_/A3 (sky130_fd_sc_hd__o31a_1)
     1    0.01    0.09    0.34    1.72 v _184_/X (sky130_fd_sc_hd__o31a_1)
                                         _082_ (net)
                  0.09    0.00    1.72 v _186_/A2 (sky130_fd_sc_hd__o211ai_2)
     2    0.01    0.20    0.22    1.94 ^ _186_/Y (sky130_fd_sc_hd__o211ai_2)
                                         _084_ (net)
                  0.20    0.00    1.94 ^ _187_/A2 (sky130_fd_sc_hd__a21bo_2)
     9    0.03    0.19    0.29    2.23 ^ _187_/X (sky130_fd_sc_hd__a21bo_2)
                                         _085_ (net)
                  0.19    0.00    2.23 ^ _202_/A (sky130_fd_sc_hd__clkbuf_4)
    10    0.04    0.13    0.26    2.49 ^ _202_/X (sky130_fd_sc_hd__clkbuf_4)
                                         _095_ (net)
                  0.13    0.00    2.49 ^ _236_/A (sky130_fd_sc_hd__and3_1)
     1    0.01    0.07    0.19    2.68 ^ _236_/X (sky130_fd_sc_hd__and3_1)
                                         _120_ (net)
                  0.07    0.00    2.68 ^ _237_/A (sky130_fd_sc_hd__clkbuf_1)
     1    0.00    0.06    0.11    2.78 ^ _237_/X (sky130_fd_sc_hd__clkbuf_1)
                                         _004_ (net)
                  0.06    0.00    2.78 ^ _343_/D (sky130_fd_sc_hd__dfrtp_1)
                                  2.78   data arrival time

                  0.15   10.00   10.00   clock clk (rise edge)
                          0.00   10.00   clock network delay (ideal)
                         -0.25    9.75   clock uncertainty
                          0.00    9.75   clock reconvergence pessimism
                                  9.75 ^ _343_/CLK (sky130_fd_sc_hd__dfrtp_1)
                         -0.05    9.70   library setup time
                                  9.70   data required time
-----------------------------------------------------------------------------
                                  9.70   data required time
                                 -2.78   data arrival time
-----------------------------------------------------------------------------
                                  6.92   slack (MET)


Startpoint: _342_ (rising edge-triggered flip-flop clocked by clk)
Endpoint: _341_ (rising edge-triggered flip-flop clocked by clk)
Path Group: clk
Path Type: max

Fanout     Cap    Slew   Delay    Time   Description
-----------------------------------------------------------------------------
                  0.15    0.00    0.00   clock clk (rise edge)
                          0.00    0.00   clock network delay (ideal)
                  0.15    0.00    0.00 ^ _342_/CLK (sky130_fd_sc_hd__dfrtp_2)
     5    0.02    0.08    0.49    0.49 v _342_/Q (sky130_fd_sc_hd__dfrtp_2)
                                         one_second_counter[12] (net)
                  0.08    0.00    0.49 v _180_/C (sky130_fd_sc_hd__and4_1)
     2    0.01    0.07    0.25    0.74 v _180_/X (sky130_fd_sc_hd__and4_1)
                                         _078_ (net)
                  0.07    0.00    0.74 v _181_/D (sky130_fd_sc_hd__or4_2)
     1    0.01    0.14    0.63    1.38 v _181_/X (sky130_fd_sc_hd__or4_2)
                                         _079_ (net)
                  0.14    0.00    1.38 v _184_/A3 (sky130_fd_sc_hd__o31a_1)
     1    0.01    0.09    0.34    1.72 v _184_/X (sky130_fd_sc_hd__o31a_1)
                                         _082_ (net)
                  0.09    0.00    1.72 v _186_/A2 (sky130_fd_sc_hd__o211ai_2)
     2    0.01    0.20    0.22    1.94 ^ _186_/Y (sky130_fd_sc_hd__o211ai_2)
                                         _084_ (net)
                  0.20    0.00    1.94 ^ _187_/A2 (sky130_fd_sc_hd__a21bo_2)
     9    0.03    0.19    0.29    2.23 ^ _187_/X (sky130_fd_sc_hd__a21bo_2)
                                         _085_ (net)
                  0.19    0.00    2.23 ^ _188_/A (sky130_fd_sc_hd__inv_2)
     2    0.01    0.06    0.08    2.31 v _188_/Y (sky130_fd_sc_hd__inv_2)
                                         _086_ (net)
                  0.06    0.00    2.31 v _189_/A (sky130_fd_sc_hd__buf_4)
    10    0.05    0.08    0.20    2.52 v _189_/X (sky130_fd_sc_hd__buf_4)
                                         _027_ (net)
                  0.08    0.00    2.52 v _229_/A (sky130_fd_sc_hd__nor3_1)
     1    0.00    0.18    0.22    2.74 ^ _229_/Y (sky130_fd_sc_hd__nor3_1)
                                         _002_ (net)
                  0.18    0.00    2.74 ^ _341_/D (sky130_fd_sc_hd__dfrtp_4)
                                  2.74   data arrival time

                  0.15   10.00   10.00   clock clk (rise edge)
                          0.00   10.00   clock network delay (ideal)
                         -0.25    9.75   clock uncertainty
                          0.00    9.75   clock reconvergence pessimism
                                  9.75 ^ _341_/CLK (sky130_fd_sc_hd__dfrtp_4)
                         -0.08    9.67   library setup time
                                  9.67   data required time
-----------------------------------------------------------------------------
                                  9.67   data required time
                                 -2.74   data arrival time
-----------------------------------------------------------------------------
                                  6.93   slack (MET)


Startpoint: _342_ (rising edge-triggered flip-flop clocked by clk)
Endpoint: _337_ (rising edge-triggered flip-flop clocked by clk)
Path Group: clk
Path Type: max

Fanout     Cap    Slew   Delay    Time   Description
-----------------------------------------------------------------------------
                  0.15    0.00    0.00   clock clk (rise edge)
                          0.00    0.00   clock network delay (ideal)
                  0.15    0.00    0.00 ^ _342_/CLK (sky130_fd_sc_hd__dfrtp_2)
     5    0.02    0.08    0.49    0.49 v _342_/Q (sky130_fd_sc_hd__dfrtp_2)
                                         one_second_counter[12] (net)
                  0.08    0.00    0.49 v _180_/C (sky130_fd_sc_hd__and4_1)
     2    0.01    0.07    0.25    0.74 v _180_/X (sky130_fd_sc_hd__and4_1)
                                         _078_ (net)
                  0.07    0.00    0.74 v _181_/D (sky130_fd_sc_hd__or4_2)
     1    0.01    0.14    0.63    1.38 v _181_/X (sky130_fd_sc_hd__or4_2)
                                         _079_ (net)
                  0.14    0.00    1.38 v _184_/A3 (sky130_fd_sc_hd__o31a_1)
     1    0.01    0.09    0.34    1.72 v _184_/X (sky130_fd_sc_hd__o31a_1)
                                         _082_ (net)
                  0.09    0.00    1.72 v _186_/A2 (sky130_fd_sc_hd__o211ai_2)
     2    0.01    0.20    0.22    1.94 ^ _186_/Y (sky130_fd_sc_hd__o211ai_2)
                                         _084_ (net)
                  0.20    0.00    1.94 ^ _187_/A2 (sky130_fd_sc_hd__a21bo_2)
     9    0.03    0.19    0.29    2.23 ^ _187_/X (sky130_fd_sc_hd__a21bo_2)
                                         _085_ (net)
                  0.19    0.00    2.23 ^ _188_/A (sky130_fd_sc_hd__inv_2)
     2    0.01    0.06    0.08    2.31 v _188_/Y (sky130_fd_sc_hd__inv_2)
                                         _086_ (net)
                  0.06    0.00    2.31 v _215_/B1 (sky130_fd_sc_hd__a211oi_1)
     1    0.01    0.35    0.36    2.67 ^ _215_/Y (sky130_fd_sc_hd__a211oi_1)
                                         _024_ (net)
                  0.35    0.00    2.67 ^ _337_/D (sky130_fd_sc_hd__dfrtp_2)
                                  2.67   data arrival time

                  0.15   10.00   10.00   clock clk (rise edge)
                          0.00   10.00   clock network delay (ideal)
                         -0.25    9.75   clock uncertainty
                          0.00    9.75   clock reconvergence pessimism
                                  9.75 ^ _337_/CLK (sky130_fd_sc_hd__dfrtp_2)
                         -0.12    9.63   library setup time
                                  9.63   data required time
-----------------------------------------------------------------------------
                                  9.63   data required time
                                 -2.67   data arrival time
-----------------------------------------------------------------------------
                                  6.96   slack (MET)


Startpoint: _342_ (rising edge-triggered flip-flop clocked by clk)
Endpoint: _348_ (rising edge-triggered flip-flop clocked by clk)
Path Group: clk
Path Type: max

Fanout     Cap    Slew   Delay    Time   Description
-----------------------------------------------------------------------------
                  0.15    0.00    0.00   clock clk (rise edge)
                          0.00    0.00   clock network delay (ideal)
                  0.15    0.00    0.00 ^ _342_/CLK (sky130_fd_sc_hd__dfrtp_2)
     5    0.02    0.08    0.49    0.49 v _342_/Q (sky130_fd_sc_hd__dfrtp_2)
                                         one_second_counter[12] (net)
                  0.08    0.00    0.49 v _180_/C (sky130_fd_sc_hd__and4_1)
     2    0.01    0.07    0.25    0.74 v _180_/X (sky130_fd_sc_hd__and4_1)
                                         _078_ (net)
                  0.07    0.00    0.74 v _181_/D (sky130_fd_sc_hd__or4_2)
     1    0.01    0.14    0.63    1.38 v _181_/X (sky130_fd_sc_hd__or4_2)
                                         _079_ (net)
                  0.14    0.00    1.38 v _184_/A3 (sky130_fd_sc_hd__o31a_1)
     1    0.01    0.09    0.34    1.72 v _184_/X (sky130_fd_sc_hd__o31a_1)
                                         _082_ (net)
                  0.09    0.00    1.72 v _186_/A2 (sky130_fd_sc_hd__o211ai_2)
     2    0.01    0.20    0.22    1.94 ^ _186_/Y (sky130_fd_sc_hd__o211ai_2)
                                         _084_ (net)
                  0.20    0.00    1.94 ^ _187_/A2 (sky130_fd_sc_hd__a21bo_2)
     9    0.03    0.19    0.29    2.23 ^ _187_/X (sky130_fd_sc_hd__a21bo_2)
                                         _085_ (net)
                  0.19    0.00    2.23 ^ _202_/A (sky130_fd_sc_hd__clkbuf_4)
    10    0.04    0.13    0.26    2.49 ^ _202_/X (sky130_fd_sc_hd__clkbuf_4)
                                         _095_ (net)
                  0.13    0.00    2.49 ^ _255_/C1 (sky130_fd_sc_hd__o211a_1)
     1    0.01    0.08    0.19    2.68 ^ _255_/X (sky130_fd_sc_hd__o211a_1)
                                         _009_ (net)
                  0.08    0.00    2.68 ^ _348_/D (sky130_fd_sc_hd__dfrtp_4)
                                  2.68   data arrival time

                  0.15   10.00   10.00   clock clk (rise edge)
                          0.00   10.00   clock network delay (ideal)
                         -0.25    9.75   clock uncertainty
                          0.00    9.75   clock reconvergence pessimism
                                  9.75 ^ _348_/CLK (sky130_fd_sc_hd__dfrtp_4)
                         -0.06    9.69   library setup time
                                  9.69   data required time
-----------------------------------------------------------------------------
                                  9.69   data required time
                                 -2.68   data arrival time
-----------------------------------------------------------------------------
                                  7.01   slack (MET)


Startpoint: _342_ (rising edge-triggered flip-flop clocked by clk)
Endpoint: _330_ (rising edge-triggered flip-flop clocked by clk)
Path Group: clk
Path Type: max

Fanout     Cap    Slew   Delay    Time   Description
-----------------------------------------------------------------------------
                  0.15    0.00    0.00   clock clk (rise edge)
                          0.00    0.00   clock network delay (ideal)
                  0.15    0.00    0.00 ^ _342_/CLK (sky130_fd_sc_hd__dfrtp_2)
     5    0.02    0.08    0.49    0.49 v _342_/Q (sky130_fd_sc_hd__dfrtp_2)
                                         one_second_counter[12] (net)
                  0.08    0.00    0.49 v _180_/C (sky130_fd_sc_hd__and4_1)
     2    0.01    0.07    0.25    0.74 v _180_/X (sky130_fd_sc_hd__and4_1)
                                         _078_ (net)
                  0.07    0.00    0.74 v _181_/D (sky130_fd_sc_hd__or4_2)
     1    0.01    0.14    0.63    1.38 v _181_/X (sky130_fd_sc_hd__or4_2)
                                         _079_ (net)
                  0.14    0.00    1.38 v _184_/A3 (sky130_fd_sc_hd__o31a_1)
     1    0.01    0.09    0.34    1.72 v _184_/X (sky130_fd_sc_hd__o31a_1)
                                         _082_ (net)
                  0.09    0.00    1.72 v _186_/A2 (sky130_fd_sc_hd__o211ai_2)
     2    0.01    0.20    0.22    1.94 ^ _186_/Y (sky130_fd_sc_hd__o211ai_2)
                                         _084_ (net)
                  0.20    0.00    1.94 ^ _187_/A2 (sky130_fd_sc_hd__a21bo_2)
     9    0.03    0.19    0.29    2.23 ^ _187_/X (sky130_fd_sc_hd__a21bo_2)
                                         _085_ (net)
                  0.19    0.00    2.23 ^ _188_/A (sky130_fd_sc_hd__inv_2)
     2    0.01    0.06    0.08    2.31 v _188_/Y (sky130_fd_sc_hd__inv_2)
                                         _086_ (net)
                  0.06    0.00    2.31 v _189_/A (sky130_fd_sc_hd__buf_4)
    10    0.05    0.08    0.20    2.52 v _189_/X (sky130_fd_sc_hd__buf_4)
                                         _027_ (net)
                  0.08    0.00    2.52 v _190_/B (sky130_fd_sc_hd__nor2_1)
     1    0.01    0.12    0.13    2.65 ^ _190_/Y (sky130_fd_sc_hd__nor2_1)
                                         _000_ (net)
                  0.12    0.00    2.65 ^ _330_/D (sky130_fd_sc_hd__dfrtp_4)
                                  2.65   data arrival time

                  0.15   10.00   10.00   clock clk (rise edge)
                          0.00   10.00   clock network delay (ideal)
                         -0.25    9.75   clock uncertainty
                          0.00    9.75   clock reconvergence pessimism
                                  9.75 ^ _330_/CLK (sky130_fd_sc_hd__dfrtp_4)
                         -0.06    9.69   library setup time
                                  9.69   data required time
-----------------------------------------------------------------------------
                                  9.69   data required time
                                 -2.65   data arrival time
-----------------------------------------------------------------------------
                                  7.03   slack (MET)


Startpoint: _342_ (rising edge-triggered flip-flop clocked by clk)
Endpoint: _356_ (rising edge-triggered flip-flop clocked by clk)
Path Group: clk
Path Type: max

Fanout     Cap    Slew   Delay    Time   Description
-----------------------------------------------------------------------------
                  0.15    0.00    0.00   clock clk (rise edge)
                          0.00    0.00   clock network delay (ideal)
                  0.15    0.00    0.00 ^ _342_/CLK (sky130_fd_sc_hd__dfrtp_2)
     5    0.02    0.08    0.49    0.49 v _342_/Q (sky130_fd_sc_hd__dfrtp_2)
                                         one_second_counter[12] (net)
                  0.08    0.00    0.49 v _180_/C (sky130_fd_sc_hd__and4_1)
     2    0.01    0.07    0.25    0.74 v _180_/X (sky130_fd_sc_hd__and4_1)
                                         _078_ (net)
                  0.07    0.00    0.74 v _181_/D (sky130_fd_sc_hd__or4_2)
     1    0.01    0.14    0.63    1.38 v _181_/X (sky130_fd_sc_hd__or4_2)
                                         _079_ (net)
                  0.14    0.00    1.38 v _184_/A3 (sky130_fd_sc_hd__o31a_1)
     1    0.01    0.09    0.34    1.72 v _184_/X (sky130_fd_sc_hd__o31a_1)
                                         _082_ (net)
                  0.09    0.00    1.72 v _186_/A2 (sky130_fd_sc_hd__o211ai_2)
     2    0.01    0.20    0.22    1.94 ^ _186_/Y (sky130_fd_sc_hd__o211ai_2)
                                         _084_ (net)
                  0.20    0.00    1.94 ^ _187_/A2 (sky130_fd_sc_hd__a21bo_2)
     9    0.03    0.19    0.29    2.23 ^ _187_/X (sky130_fd_sc_hd__a21bo_2)
                                         _085_ (net)
                  0.19    0.00    2.23 ^ _202_/A (sky130_fd_sc_hd__clkbuf_4)
    10    0.04    0.13    0.26    2.49 ^ _202_/X (sky130_fd_sc_hd__clkbuf_4)
                                         _095_ (net)
                  0.13    0.00    2.49 ^ _284_/B1 (sky130_fd_sc_hd__o211a_1)
     1    0.00    0.05    0.17    2.66 ^ _284_/X (sky130_fd_sc_hd__o211a_1)
                                         _018_ (net)
                  0.05    0.00    2.66 ^ _356_/D (sky130_fd_sc_hd__dfrtp_1)
                                  2.66   data arrival time

                  0.15   10.00   10.00   clock clk (rise edge)
                          0.00   10.00   clock network delay (ideal)
                         -0.25    9.75   clock uncertainty
                          0.00    9.75   clock reconvergence pessimism
                                  9.75 ^ _356_/CLK (sky130_fd_sc_hd__dfrtp_1)
                         -0.04    9.71   library setup time
                                  9.71   data required time
-----------------------------------------------------------------------------
                                  9.71   data required time
                                 -2.66   data arrival time
-----------------------------------------------------------------------------
                                  7.05   slack (MET)


Startpoint: _342_ (rising edge-triggered flip-flop clocked by clk)
Endpoint: _352_ (rising edge-triggered flip-flop clocked by clk)
Path Group: clk
Path Type: max

Fanout     Cap    Slew   Delay    Time   Description
-----------------------------------------------------------------------------
                  0.15    0.00    0.00   clock clk (rise edge)
                          0.00    0.00   clock network delay (ideal)
                  0.15    0.00    0.00 ^ _342_/CLK (sky130_fd_sc_hd__dfrtp_2)
     5    0.02    0.08    0.49    0.49 v _342_/Q (sky130_fd_sc_hd__dfrtp_2)
                                         one_second_counter[12] (net)
                  0.08    0.00    0.49 v _180_/C (sky130_fd_sc_hd__and4_1)
     2    0.01    0.07    0.25    0.74 v _180_/X (sky130_fd_sc_hd__and4_1)
                                         _078_ (net)
                  0.07    0.00    0.74 v _181_/D (sky130_fd_sc_hd__or4_2)
     1    0.01    0.14    0.63    1.38 v _181_/X (sky130_fd_sc_hd__or4_2)
                                         _079_ (net)
                  0.14    0.00    1.38 v _184_/A3 (sky130_fd_sc_hd__o31a_1)
     1    0.01    0.09    0.34    1.72 v _184_/X (sky130_fd_sc_hd__o31a_1)
                                         _082_ (net)
                  0.09    0.00    1.72 v _186_/A2 (sky130_fd_sc_hd__o211ai_2)
     2    0.01    0.20    0.22    1.94 ^ _186_/Y (sky130_fd_sc_hd__o211ai_2)
                                         _084_ (net)
                  0.20    0.00    1.94 ^ _187_/A2 (sky130_fd_sc_hd__a21bo_2)
     9    0.03    0.19    0.29    2.23 ^ _187_/X (sky130_fd_sc_hd__a21bo_2)
                                         _085_ (net)
                  0.19    0.00    2.23 ^ _271_/A (sky130_fd_sc_hd__and3_1)
     1    0.01    0.11    0.24    2.47 ^ _271_/X (sky130_fd_sc_hd__and3_1)
                                         _146_ (net)
                  0.11    0.00    2.47 ^ _272_/A (sky130_fd_sc_hd__buf_1)
     1    0.01    0.13    0.17    2.63 ^ _272_/X (sky130_fd_sc_hd__buf_1)
                                         _014_ (net)
                  0.13    0.00    2.63 ^ _352_/D (sky130_fd_sc_hd__dfrtp_1)
                                  2.63   data arrival time

                  0.15   10.00   10.00   clock clk (rise edge)
                          0.00   10.00   clock network delay (ideal)
                         -0.25    9.75   clock uncertainty
                          0.00    9.75   clock reconvergence pessimism
                                  9.75 ^ _352_/CLK (sky130_fd_sc_hd__dfrtp_1)
                         -0.06    9.69   library setup time
                                  9.69   data required time
-----------------------------------------------------------------------------
                                  9.69   data required time
                                 -2.63   data arrival time
-----------------------------------------------------------------------------
                                  7.05   slack (MET)


Startpoint: _342_ (rising edge-triggered flip-flop clocked by clk)
Endpoint: _347_ (rising edge-triggered flip-flop clocked by clk)
Path Group: clk
Path Type: max

Fanout     Cap    Slew   Delay    Time   Description
-----------------------------------------------------------------------------
                  0.15    0.00    0.00   clock clk (rise edge)
                          0.00    0.00   clock network delay (ideal)
                  0.15    0.00    0.00 ^ _342_/CLK (sky130_fd_sc_hd__dfrtp_2)
     5    0.02    0.08    0.49    0.49 v _342_/Q (sky130_fd_sc_hd__dfrtp_2)
                                         one_second_counter[12] (net)
                  0.08    0.00    0.49 v _180_/C (sky130_fd_sc_hd__and4_1)
     2    0.01    0.07    0.25    0.74 v _180_/X (sky130_fd_sc_hd__and4_1)
                                         _078_ (net)
                  0.07    0.00    0.74 v _181_/D (sky130_fd_sc_hd__or4_2)
     1    0.01    0.14    0.63    1.38 v _181_/X (sky130_fd_sc_hd__or4_2)
                                         _079_ (net)
                  0.14    0.00    1.38 v _184_/A3 (sky130_fd_sc_hd__o31a_1)
     1    0.01    0.09    0.34    1.72 v _184_/X (sky130_fd_sc_hd__o31a_1)
                                         _082_ (net)
                  0.09    0.00    1.72 v _186_/A2 (sky130_fd_sc_hd__o211ai_2)
     2    0.01    0.20    0.22    1.94 ^ _186_/Y (sky130_fd_sc_hd__o211ai_2)
                                         _084_ (net)
                  0.20    0.00    1.94 ^ _187_/A2 (sky130_fd_sc_hd__a21bo_2)
     9    0.03    0.19    0.29    2.23 ^ _187_/X (sky130_fd_sc_hd__a21bo_2)
                                         _085_ (net)
                  0.19    0.00    2.23 ^ _188_/A (sky130_fd_sc_hd__inv_2)
     2    0.01    0.06    0.08    2.31 v _188_/Y (sky130_fd_sc_hd__inv_2)
                                         _086_ (net)
                  0.06    0.00    2.31 v _189_/A (sky130_fd_sc_hd__buf_4)
    10    0.05    0.08    0.20    2.52 v _189_/X (sky130_fd_sc_hd__buf_4)
                                         _027_ (net)
                  0.08    0.00    2.52 v _252_/A (sky130_fd_sc_hd__nor2_1)
     1    0.00    0.08    0.12    2.64 ^ _252_/Y (sky130_fd_sc_hd__nor2_1)
                                         _008_ (net)
                  0.08    0.00    2.64 ^ _347_/D (sky130_fd_sc_hd__dfrtp_4)
                                  2.64   data arrival time

                  0.15   10.00   10.00   clock clk (rise edge)
                          0.00   10.00   clock network delay (ideal)
                         -0.25    9.75   clock uncertainty
                          0.00    9.75   clock reconvergence pessimism
                                  9.75 ^ _347_/CLK (sky130_fd_sc_hd__dfrtp_4)
                         -0.06    9.69   library setup time
                                  9.69   data required time
-----------------------------------------------------------------------------
                                  9.69   data required time
                                 -2.64   data arrival time
-----------------------------------------------------------------------------
                                  7.06   slack (MET)


Startpoint: _342_ (rising edge-triggered flip-flop clocked by clk)
Endpoint: _350_ (rising edge-triggered flip-flop clocked by clk)
Path Group: clk
Path Type: max

Fanout     Cap    Slew   Delay    Time   Description
-----------------------------------------------------------------------------
                  0.15    0.00    0.00   clock clk (rise edge)
                          0.00    0.00   clock network delay (ideal)
                  0.15    0.00    0.00 ^ _342_/CLK (sky130_fd_sc_hd__dfrtp_2)
     5    0.02    0.08    0.49    0.49 v _342_/Q (sky130_fd_sc_hd__dfrtp_2)
                                         one_second_counter[12] (net)
                  0.08    0.00    0.49 v _180_/C (sky130_fd_sc_hd__and4_1)
     2    0.01    0.07    0.25    0.74 v _180_/X (sky130_fd_sc_hd__and4_1)
                                         _078_ (net)
                  0.07    0.00    0.74 v _181_/D (sky130_fd_sc_hd__or4_2)
     1    0.01    0.14    0.63    1.38 v _181_/X (sky130_fd_sc_hd__or4_2)
                                         _079_ (net)
                  0.14    0.00    1.38 v _184_/A3 (sky130_fd_sc_hd__o31a_1)
     1    0.01    0.09    0.34    1.72 v _184_/X (sky130_fd_sc_hd__o31a_1)
                                         _082_ (net)
                  0.09    0.00    1.72 v _186_/A2 (sky130_fd_sc_hd__o211ai_2)
     2    0.01    0.20    0.22    1.94 ^ _186_/Y (sky130_fd_sc_hd__o211ai_2)
                                         _084_ (net)
                  0.20    0.00    1.94 ^ _187_/A2 (sky130_fd_sc_hd__a21bo_2)
     9    0.03    0.19    0.29    2.23 ^ _187_/X (sky130_fd_sc_hd__a21bo_2)
                                         _085_ (net)
                  0.19    0.00    2.23 ^ _264_/A (sky130_fd_sc_hd__and3_1)
     1    0.01    0.13    0.26    2.49 ^ _264_/X (sky130_fd_sc_hd__and3_1)
                                         _141_ (net)
                  0.13    0.00    2.49 ^ _265_/A (sky130_fd_sc_hd__clkbuf_1)
     1    0.01    0.08    0.14    2.62 ^ _265_/X (sky130_fd_sc_hd__clkbuf_1)
                                         _012_ (net)
                  0.08    0.00    2.62 ^ _350_/D (sky130_fd_sc_hd__dfrtp_2)
                                  2.62   data arrival time

                  0.15   10.00   10.00   clock clk (rise edge)
                          0.00   10.00   clock network delay (ideal)
                         -0.25    9.75   clock uncertainty
                          0.00    9.75   clock reconvergence pessimism
                                  9.75 ^ _350_/CLK (sky130_fd_sc_hd__dfrtp_2)
                         -0.06    9.69   library setup time
                                  9.69   data required time
-----------------------------------------------------------------------------
                                  9.69   data required time
                                 -2.62   data arrival time
-----------------------------------------------------------------------------
                                  7.07   slack (MET)


Startpoint: _342_ (rising edge-triggered flip-flop clocked by clk)
Endpoint: _338_ (rising edge-triggered flip-flop clocked by clk)
Path Group: clk
Path Type: max

Fanout     Cap    Slew   Delay    Time   Description
-----------------------------------------------------------------------------
                  0.15    0.00    0.00   clock clk (rise edge)
                          0.00    0.00   clock network delay (ideal)
                  0.15    0.00    0.00 ^ _342_/CLK (sky130_fd_sc_hd__dfrtp_2)
     5    0.02    0.08    0.49    0.49 v _342_/Q (sky130_fd_sc_hd__dfrtp_2)
                                         one_second_counter[12] (net)
                  0.08    0.00    0.49 v _180_/C (sky130_fd_sc_hd__and4_1)
     2    0.01    0.07    0.25    0.74 v _180_/X (sky130_fd_sc_hd__and4_1)
                                         _078_ (net)
                  0.07    0.00    0.74 v _181_/D (sky130_fd_sc_hd__or4_2)
     1    0.01    0.14    0.63    1.38 v _181_/X (sky130_fd_sc_hd__or4_2)
                                         _079_ (net)
                  0.14    0.00    1.38 v _184_/A3 (sky130_fd_sc_hd__o31a_1)
     1    0.01    0.09    0.34    1.72 v _184_/X (sky130_fd_sc_hd__o31a_1)
                                         _082_ (net)
                  0.09    0.00    1.72 v _186_/A2 (sky130_fd_sc_hd__o211ai_2)
     2    0.01    0.20    0.22    1.94 ^ _186_/Y (sky130_fd_sc_hd__o211ai_2)
                                         _084_ (net)
                  0.20    0.00    1.94 ^ _187_/A2 (sky130_fd_sc_hd__a21bo_2)
     9    0.03    0.19    0.29    2.23 ^ _187_/X (sky130_fd_sc_hd__a21bo_2)
                                         _085_ (net)
                  0.19    0.00    2.23 ^ _218_/B (sky130_fd_sc_hd__and3_1)
     1    0.01    0.10    0.23    2.46 ^ _218_/X (sky130_fd_sc_hd__and3_1)
                                         _107_ (net)
                  0.10    0.00    2.46 ^ _219_/A (sky130_fd_sc_hd__clkbuf_1)
     1    0.01    0.08    0.13    2.59 ^ _219_/X (sky130_fd_sc_hd__clkbuf_1)
                                         _025_ (net)
                  0.08    0.00    2.59 ^ _338_/D (sky130_fd_sc_hd__dfrtp_4)
                                  2.59   data arrival time

                  0.15   10.00   10.00   clock clk (rise edge)
                          0.00   10.00   clock network delay (ideal)
                         -0.25    9.75   clock uncertainty
                          0.00    9.75   clock reconvergence pessimism
                                  9.75 ^ _338_/CLK (sky130_fd_sc_hd__dfrtp_4)
                         -0.06    9.69   library setup time
                                  9.69   data required time
-----------------------------------------------------------------------------
                                  9.69   data required time
                                 -2.59   data arrival time
-----------------------------------------------------------------------------
                                  7.11   slack (MET)


Startpoint: _342_ (rising edge-triggered flip-flop clocked by clk)
Endpoint: _357_ (rising edge-triggered flip-flop clocked by clk)
Path Group: clk
Path Type: max

Fanout     Cap    Slew   Delay    Time   Description
-----------------------------------------------------------------------------
                  0.15    0.00    0.00   clock clk (rise edge)
                          0.00    0.00   clock network delay (ideal)
                  0.15    0.00    0.00 ^ _342_/CLK (sky130_fd_sc_hd__dfrtp_2)
     5    0.02    0.08    0.49    0.49 v _342_/Q (sky130_fd_sc_hd__dfrtp_2)
                                         one_second_counter[12] (net)
                  0.08    0.00    0.49 v _180_/C (sky130_fd_sc_hd__and4_1)
     2    0.01    0.07    0.25    0.74 v _180_/X (sky130_fd_sc_hd__and4_1)
                                         _078_ (net)
                  0.07    0.00    0.74 v _181_/D (sky130_fd_sc_hd__or4_2)
     1    0.01    0.14    0.63    1.38 v _181_/X (sky130_fd_sc_hd__or4_2)
                                         _079_ (net)
                  0.14    0.00    1.38 v _184_/A3 (sky130_fd_sc_hd__o31a_1)
     1    0.01    0.09    0.34    1.72 v _184_/X (sky130_fd_sc_hd__o31a_1)
                                         _082_ (net)
                  0.09    0.00    1.72 v _186_/A2 (sky130_fd_sc_hd__o211ai_2)
     2    0.01    0.20    0.22    1.94 ^ _186_/Y (sky130_fd_sc_hd__o211ai_2)
                                         _084_ (net)
                  0.20    0.00    1.94 ^ _187_/A2 (sky130_fd_sc_hd__a21bo_2)
     9    0.03    0.19    0.29    2.23 ^ _187_/X (sky130_fd_sc_hd__a21bo_2)
                                         _085_ (net)
                  0.19    0.00    2.23 ^ _188_/A (sky130_fd_sc_hd__inv_2)
     2    0.01    0.06    0.08    2.31 v _188_/Y (sky130_fd_sc_hd__inv_2)
                                         _086_ (net)
                  0.06    0.00    2.31 v _189_/A (sky130_fd_sc_hd__buf_4)
    10    0.05    0.08    0.20    2.52 v _189_/X (sky130_fd_sc_hd__buf_4)
                                         _027_ (net)
                  0.08    0.00    2.52 v _357_/D (sky130_fd_sc_hd__dfrtp_4)
                                  2.52   data arrival time

                  0.15   10.00   10.00   clock clk (rise edge)
                          0.00   10.00   clock network delay (ideal)
                         -0.25    9.75   clock uncertainty
                          0.00    9.75   clock reconvergence pessimism
                                  9.75 ^ _357_/CLK (sky130_fd_sc_hd__dfrtp_4)
                         -0.10    9.65   library setup time
                                  9.65   data required time
-----------------------------------------------------------------------------
                                  9.65   data required time
                                 -2.52   data arrival time
-----------------------------------------------------------------------------
                                  7.13   slack (MET)


Startpoint: _342_ (rising edge-triggered flip-flop clocked by clk)
Endpoint: _333_ (rising edge-triggered flip-flop clocked by clk)
Path Group: clk
Path Type: max

Fanout     Cap    Slew   Delay    Time   Description
-----------------------------------------------------------------------------
                  0.15    0.00    0.00   clock clk (rise edge)
                          0.00    0.00   clock network delay (ideal)
                  0.15    0.00    0.00 ^ _342_/CLK (sky130_fd_sc_hd__dfrtp_2)
     5    0.02    0.08    0.49    0.49 v _342_/Q (sky130_fd_sc_hd__dfrtp_2)
                                         one_second_counter[12] (net)
                  0.08    0.00    0.49 v _180_/C (sky130_fd_sc_hd__and4_1)
     2    0.01    0.07    0.25    0.74 v _180_/X (sky130_fd_sc_hd__and4_1)
                                         _078_ (net)
                  0.07    0.00    0.74 v _181_/D (sky130_fd_sc_hd__or4_2)
     1    0.01    0.14    0.63    1.38 v _181_/X (sky130_fd_sc_hd__or4_2)
                                         _079_ (net)
                  0.14    0.00    1.38 v _184_/A3 (sky130_fd_sc_hd__o31a_1)
     1    0.01    0.09    0.34    1.72 v _184_/X (sky130_fd_sc_hd__o31a_1)
                                         _082_ (net)
                  0.09    0.00    1.72 v _186_/A2 (sky130_fd_sc_hd__o211ai_2)
     2    0.01    0.20    0.22    1.94 ^ _186_/Y (sky130_fd_sc_hd__o211ai_2)
                                         _084_ (net)
                  0.20    0.00    1.94 ^ _187_/A2 (sky130_fd_sc_hd__a21bo_2)
     9    0.03    0.19    0.29    2.23 ^ _187_/X (sky130_fd_sc_hd__a21bo_2)
                                         _085_ (net)
                  0.19    0.00    2.23 ^ _200_/B (sky130_fd_sc_hd__and3b_1)
     1    0.01    0.09    0.22    2.45 ^ _200_/X (sky130_fd_sc_hd__and3b_1)
                                         _094_ (net)
                  0.09    0.00    2.45 ^ _201_/A (sky130_fd_sc_hd__clkbuf_1)
     1    0.00    0.06    0.11    2.57 ^ _201_/X (sky130_fd_sc_hd__clkbuf_1)
                                         _020_ (net)
                  0.06    0.00    2.57 ^ _333_/D (sky130_fd_sc_hd__dfrtp_1)
                                  2.57   data arrival time

                  0.15   10.00   10.00   clock clk (rise edge)
                          0.00   10.00   clock network delay (ideal)
                         -0.25    9.75   clock uncertainty
                          0.00    9.75   clock reconvergence pessimism
                                  9.75 ^ _333_/CLK (sky130_fd_sc_hd__dfrtp_1)
                         -0.05    9.70   library setup time
                                  9.70   data required time
-----------------------------------------------------------------------------
                                  9.70   data required time
                                 -2.57   data arrival time
-----------------------------------------------------------------------------
                                  7.13   slack (MET)


Startpoint: _342_ (rising edge-triggered flip-flop clocked by clk)
Endpoint: _332_ (rising edge-triggered flip-flop clocked by clk)
Path Group: clk
Path Type: max

Fanout     Cap    Slew   Delay    Time   Description
-----------------------------------------------------------------------------
                  0.15    0.00    0.00   clock clk (rise edge)
                          0.00    0.00   clock network delay (ideal)
                  0.15    0.00    0.00 ^ _342_/CLK (sky130_fd_sc_hd__dfrtp_2)
     5    0.02    0.08    0.49    0.49 v _342_/Q (sky130_fd_sc_hd__dfrtp_2)
                                         one_second_counter[12] (net)
                  0.08    0.00    0.49 v _180_/C (sky130_fd_sc_hd__and4_1)
     2    0.01    0.07    0.25    0.74 v _180_/X (sky130_fd_sc_hd__and4_1)
                                         _078_ (net)
                  0.07    0.00    0.74 v _181_/D (sky130_fd_sc_hd__or4_2)
     1    0.01    0.14    0.63    1.38 v _181_/X (sky130_fd_sc_hd__or4_2)
                                         _079_ (net)
                  0.14    0.00    1.38 v _184_/A3 (sky130_fd_sc_hd__o31a_1)
     1    0.01    0.09    0.34    1.72 v _184_/X (sky130_fd_sc_hd__o31a_1)
                                         _082_ (net)
                  0.09    0.00    1.72 v _186_/A2 (sky130_fd_sc_hd__o211ai_2)
     2    0.01    0.20    0.22    1.94 ^ _186_/Y (sky130_fd_sc_hd__o211ai_2)
                                         _084_ (net)
                  0.20    0.00    1.94 ^ _187_/A2 (sky130_fd_sc_hd__a21bo_2)
     9    0.03    0.19    0.29    2.23 ^ _187_/X (sky130_fd_sc_hd__a21bo_2)
                                         _085_ (net)
                  0.19    0.00    2.23 ^ _197_/B (sky130_fd_sc_hd__and3_1)
     1    0.00    0.06    0.20    2.43 ^ _197_/X (sky130_fd_sc_hd__and3_1)
                                         _092_ (net)
                  0.06    0.00    2.43 ^ _198_/A (sky130_fd_sc_hd__buf_1)
     1    0.01    0.10    0.13    2.56 ^ _198_/X (sky130_fd_sc_hd__buf_1)
                                         _019_ (net)
                  0.10    0.00    2.56 ^ _332_/D (sky130_fd_sc_hd__dfrtp_4)
                                  2.56   data arrival time

                  0.15   10.00   10.00   clock clk (rise edge)
                          0.00   10.00   clock network delay (ideal)
                         -0.25    9.75   clock uncertainty
                          0.00    9.75   clock reconvergence pessimism
                                  9.75 ^ _332_/CLK (sky130_fd_sc_hd__dfrtp_4)
                         -0.06    9.69   library setup time
                                  9.69   data required time
-----------------------------------------------------------------------------
                                  9.69   data required time
                                 -2.56   data arrival time
-----------------------------------------------------------------------------
                                  7.14   slack (MET)


Startpoint: _342_ (rising edge-triggered flip-flop clocked by clk)
Endpoint: _355_ (rising edge-triggered flip-flop clocked by clk)
Path Group: clk
Path Type: max

Fanout     Cap    Slew   Delay    Time   Description
-----------------------------------------------------------------------------
                  0.15    0.00    0.00   clock clk (rise edge)
                          0.00    0.00   clock network delay (ideal)
                  0.15    0.00    0.00 ^ _342_/CLK (sky130_fd_sc_hd__dfrtp_2)
     5    0.02    0.08    0.49    0.49 v _342_/Q (sky130_fd_sc_hd__dfrtp_2)
                                         one_second_counter[12] (net)
                  0.08    0.00    0.49 v _180_/C (sky130_fd_sc_hd__and4_1)
     2    0.01    0.07    0.25    0.74 v _180_/X (sky130_fd_sc_hd__and4_1)
                                         _078_ (net)
                  0.07    0.00    0.74 v _181_/D (sky130_fd_sc_hd__or4_2)
     1    0.01    0.14    0.63    1.38 v _181_/X (sky130_fd_sc_hd__or4_2)
                                         _079_ (net)
                  0.14    0.00    1.38 v _184_/A3 (sky130_fd_sc_hd__o31a_1)
     1    0.01    0.09    0.34    1.72 v _184_/X (sky130_fd_sc_hd__o31a_1)
                                         _082_ (net)
                  0.09    0.00    1.72 v _186_/A2 (sky130_fd_sc_hd__o211ai_2)
     2    0.01    0.20    0.22    1.94 ^ _186_/Y (sky130_fd_sc_hd__o211ai_2)
                                         _084_ (net)
                  0.20    0.00    1.94 ^ _187_/A2 (sky130_fd_sc_hd__a21bo_2)
     9    0.03    0.19    0.29    2.23 ^ _187_/X (sky130_fd_sc_hd__a21bo_2)
                                         _085_ (net)
                  0.19    0.00    2.23 ^ _281_/A (sky130_fd_sc_hd__and3_1)
     1    0.01    0.08    0.21    2.44 ^ _281_/X (sky130_fd_sc_hd__and3_1)
                                         _153_ (net)
                  0.08    0.00    2.44 ^ _282_/A (sky130_fd_sc_hd__clkbuf_1)
     1    0.00    0.07    0.11    2.55 ^ _282_/X (sky130_fd_sc_hd__clkbuf_1)
                                         _017_ (net)
                  0.07    0.00    2.55 ^ _355_/D (sky130_fd_sc_hd__dfrtp_4)
                                  2.55   data arrival time

                  0.15   10.00   10.00   clock clk (rise edge)
                          0.00   10.00   clock network delay (ideal)
                         -0.25    9.75   clock uncertainty
                          0.00    9.75   clock reconvergence pessimism
                                  9.75 ^ _355_/CLK (sky130_fd_sc_hd__dfrtp_4)
                         -0.05    9.70   library setup time
                                  9.70   data required time
-----------------------------------------------------------------------------
                                  9.70   data required time
                                 -2.55   data arrival time
-----------------------------------------------------------------------------
                                  7.14   slack (MET)


Startpoint: _342_ (rising edge-triggered flip-flop clocked by clk)
Endpoint: _331_ (rising edge-triggered flip-flop clocked by clk)
Path Group: clk
Path Type: max

Fanout     Cap    Slew   Delay    Time   Description
-----------------------------------------------------------------------------
                  0.15    0.00    0.00   clock clk (rise edge)
                          0.00    0.00   clock network delay (ideal)
                  0.15    0.00    0.00 ^ _342_/CLK (sky130_fd_sc_hd__dfrtp_2)
     5    0.02    0.08    0.49    0.49 v _342_/Q (sky130_fd_sc_hd__dfrtp_2)
                                         one_second_counter[12] (net)
                  0.08    0.00    0.49 v _180_/C (sky130_fd_sc_hd__and4_1)
     2    0.01    0.07    0.25    0.74 v _180_/X (sky130_fd_sc_hd__and4_1)
                                         _078_ (net)
                  0.07    0.00    0.74 v _181_/D (sky130_fd_sc_hd__or4_2)
     1    0.01    0.14    0.63    1.38 v _181_/X (sky130_fd_sc_hd__or4_2)
                                         _079_ (net)
                  0.14    0.00    1.38 v _184_/A3 (sky130_fd_sc_hd__o31a_1)
     1    0.01    0.09    0.34    1.72 v _184_/X (sky130_fd_sc_hd__o31a_1)
                                         _082_ (net)
                  0.09    0.00    1.72 v _186_/A2 (sky130_fd_sc_hd__o211ai_2)
     2    0.01    0.20    0.22    1.94 ^ _186_/Y (sky130_fd_sc_hd__o211ai_2)
                                         _084_ (net)
                  0.20    0.00    1.94 ^ _187_/A2 (sky130_fd_sc_hd__a21bo_2)
     9    0.03    0.19    0.29    2.23 ^ _187_/X (sky130_fd_sc_hd__a21bo_2)
                                         _085_ (net)
                  0.19    0.00    2.23 ^ _193_/B (sky130_fd_sc_hd__and3_1)
     1    0.01    0.07    0.21    2.44 ^ _193_/X (sky130_fd_sc_hd__and3_1)
                                         _089_ (net)
                  0.07    0.00    2.44 ^ _194_/A (sky130_fd_sc_hd__clkbuf_1)
     1    0.00    0.07    0.11    2.55 ^ _194_/X (sky130_fd_sc_hd__clkbuf_1)
                                         _011_ (net)
                  0.07    0.00    2.55 ^ _331_/D (sky130_fd_sc_hd__dfrtp_4)
                                  2.55   data arrival time

                  0.15   10.00   10.00   clock clk (rise edge)
                          0.00   10.00   clock network delay (ideal)
                         -0.25    9.75   clock uncertainty
                          0.00    9.75   clock reconvergence pessimism
                                  9.75 ^ _331_/CLK (sky130_fd_sc_hd__dfrtp_4)
                         -0.05    9.70   library setup time
                                  9.70   data required time
-----------------------------------------------------------------------------
                                  9.70   data required time
                                 -2.55   data arrival time
-----------------------------------------------------------------------------
                                  7.15   slack (MET)


Startpoint: rst (input port clocked by clk)
Endpoint: _340_ (recovery check against rising-edge clock clk)
Path Group: asynchronous
Path Type: max

Fanout     Cap    Slew   Delay    Time   Description
-----------------------------------------------------------------------------
                  0.15    0.00    0.00   clock clk (rise edge)
                          0.00    0.00   clock network delay (ideal)
                          2.00    2.00 v input external delay
     1    0.00    0.01    0.00    2.00 v rst (in)
                                         rst (net)
                  0.01    0.00    2.00 v input1/A (sky130_fd_sc_hd__clkbuf_4)
     5    0.04    0.09    0.19    2.19 v input1/X (sky130_fd_sc_hd__clkbuf_4)
                                         net1 (net)
                  0.09    0.00    2.19 v _306_/A (sky130_fd_sc_hd__clkbuf_8)
    10    0.06    0.08    0.21    2.41 v _306_/X (sky130_fd_sc_hd__clkbuf_8)
                                         _160_ (net)
                  0.08    0.01    2.41 v _307_/A (sky130_fd_sc_hd__inv_2)
     1    0.02    0.08    0.10    2.51 ^ _307_/Y (sky130_fd_sc_hd__inv_2)
                                         _038_ (net)
                  0.08    0.00    2.52 ^ _340_/RESET_B (sky130_fd_sc_hd__dfrtp_4)
                                  2.52   data arrival time

                  0.15   10.00   10.00   clock clk (rise edge)
                          0.00   10.00   clock network delay (ideal)
                         -0.25    9.75   clock uncertainty
                          0.00    9.75   clock reconvergence pessimism
                                  9.75 ^ _340_/CLK (sky130_fd_sc_hd__dfrtp_4)
                          0.24    9.99   library recovery time
                                  9.99   data required time
-----------------------------------------------------------------------------
                                  9.99   data required time
                                 -2.52   data arrival time
-----------------------------------------------------------------------------
                                  7.47   slack (MET)


Startpoint: rst (input port clocked by clk)
Endpoint: _338_ (recovery check against rising-edge clock clk)
Path Group: asynchronous
Path Type: max

Fanout     Cap    Slew   Delay    Time   Description
-----------------------------------------------------------------------------
                  0.15    0.00    0.00   clock clk (rise edge)
                          0.00    0.00   clock network delay (ideal)
                          2.00    2.00 v input external delay
     1    0.00    0.01    0.00    2.00 v rst (in)
                                         rst (net)
                  0.01    0.00    2.00 v input1/A (sky130_fd_sc_hd__clkbuf_4)
     5    0.04    0.09    0.19    2.19 v input1/X (sky130_fd_sc_hd__clkbuf_4)
                                         net1 (net)
                  0.09    0.00    2.19 v _295_/A (sky130_fd_sc_hd__buf_4)
    10    0.06    0.08    0.23    2.42 v _295_/X (sky130_fd_sc_hd__buf_4)
                                         _159_ (net)
                  0.08    0.00    2.42 v _304_/A (sky130_fd_sc_hd__inv_2)
     1    0.01    0.07    0.09    2.52 ^ _304_/Y (sky130_fd_sc_hd__inv_2)
                                         _036_ (net)
                  0.07    0.00    2.52 ^ _338_/RESET_B (sky130_fd_sc_hd__dfrtp_4)
                                  2.52   data arrival time

                  0.15   10.00   10.00   clock clk (rise edge)
                          0.00   10.00   clock network delay (ideal)
                         -0.25    9.75   clock uncertainty
                          0.00    9.75   clock reconvergence pessimism
                                  9.75 ^ _338_/CLK (sky130_fd_sc_hd__dfrtp_4)
                          0.24    9.99   library recovery time
                                  9.99   data required time
-----------------------------------------------------------------------------
                                  9.99   data required time
                                 -2.52   data arrival time
-----------------------------------------------------------------------------
                                  7.48   slack (MET)


Startpoint: rst (input port clocked by clk)
Endpoint: _330_ (recovery check against rising-edge clock clk)
Path Group: asynchronous
Path Type: max

Fanout     Cap    Slew   Delay    Time   Description
-----------------------------------------------------------------------------
                  0.15    0.00    0.00   clock clk (rise edge)
                          0.00    0.00   clock network delay (ideal)
                          2.00    2.00 v input external delay
     1    0.00    0.01    0.00    2.00 v rst (in)
                                         rst (net)
                  0.01    0.00    2.00 v input1/A (sky130_fd_sc_hd__clkbuf_4)
     5    0.04    0.09    0.19    2.19 v input1/X (sky130_fd_sc_hd__clkbuf_4)
                                         net1 (net)
                  0.09    0.00    2.19 v _295_/A (sky130_fd_sc_hd__buf_4)
    10    0.06    0.08    0.23    2.42 v _295_/X (sky130_fd_sc_hd__buf_4)
                                         _159_ (net)
                  0.08    0.00    2.42 v _296_/A (sky130_fd_sc_hd__inv_2)
     1    0.01    0.06    0.09    2.51 ^ _296_/Y (sky130_fd_sc_hd__inv_2)
                                         _028_ (net)
                  0.06    0.00    2.51 ^ _330_/RESET_B (sky130_fd_sc_hd__dfrtp_4)
                                  2.51   data arrival time

                  0.15   10.00   10.00   clock clk (rise edge)
                          0.00   10.00   clock network delay (ideal)
                         -0.25    9.75   clock uncertainty
                          0.00    9.75   clock reconvergence pessimism
                                  9.75 ^ _330_/CLK (sky130_fd_sc_hd__dfrtp_4)
                          0.24    9.99   library recovery time
                                  9.99   data required time
-----------------------------------------------------------------------------
                                  9.99   data required time
                                 -2.51   data arrival time
-----------------------------------------------------------------------------
                                  7.48   slack (MET)


Startpoint: rst (input port clocked by clk)
Endpoint: _332_ (recovery check against rising-edge clock clk)
Path Group: asynchronous
Path Type: max

Fanout     Cap    Slew   Delay    Time   Description
-----------------------------------------------------------------------------
                  0.15    0.00    0.00   clock clk (rise edge)
                          0.00    0.00   clock network delay (ideal)
                          2.00    2.00 v input external delay
     1    0.00    0.01    0.00    2.00 v rst (in)
                                         rst (net)
                  0.01    0.00    2.00 v input1/A (sky130_fd_sc_hd__clkbuf_4)
     5    0.04    0.09    0.19    2.19 v input1/X (sky130_fd_sc_hd__clkbuf_4)
                                         net1 (net)
                  0.09    0.00    2.19 v _295_/A (sky130_fd_sc_hd__buf_4)
    10    0.06    0.08    0.23    2.42 v _295_/X (sky130_fd_sc_hd__buf_4)
                                         _159_ (net)
                  0.08    0.00    2.42 v _298_/A (sky130_fd_sc_hd__inv_2)
     1    0.01    0.06    0.09    2.51 ^ _298_/Y (sky130_fd_sc_hd__inv_2)
                                         _030_ (net)
                  0.06    0.00    2.51 ^ _332_/RESET_B (sky130_fd_sc_hd__dfrtp_4)
                                  2.51   data arrival time

                  0.15   10.00   10.00   clock clk (rise edge)
                          0.00   10.00   clock network delay (ideal)
                         -0.25    9.75   clock uncertainty
                          0.00    9.75   clock reconvergence pessimism
                                  9.75 ^ _332_/CLK (sky130_fd_sc_hd__dfrtp_4)
                          0.24    9.99   library recovery time
                                  9.99   data required time
-----------------------------------------------------------------------------
                                  9.99   data required time
                                 -2.51   data arrival time
-----------------------------------------------------------------------------
                                  7.48   slack (MET)


Startpoint: rst (input port clocked by clk)
Endpoint: _336_ (recovery check against rising-edge clock clk)
Path Group: asynchronous
Path Type: max

Fanout     Cap    Slew   Delay    Time   Description
-----------------------------------------------------------------------------
                  0.15    0.00    0.00   clock clk (rise edge)
                          0.00    0.00   clock network delay (ideal)
                          2.00    2.00 v input external delay
     1    0.00    0.01    0.00    2.00 v rst (in)
                                         rst (net)
                  0.01    0.00    2.00 v input1/A (sky130_fd_sc_hd__clkbuf_4)
     5    0.04    0.09    0.19    2.19 v input1/X (sky130_fd_sc_hd__clkbuf_4)
                                         net1 (net)
                  0.09    0.00    2.19 v _295_/A (sky130_fd_sc_hd__buf_4)
    10    0.06    0.08    0.23    2.42 v _295_/X (sky130_fd_sc_hd__buf_4)
                                         _159_ (net)
                  0.08    0.00    2.42 v _302_/A (sky130_fd_sc_hd__inv_2)
     1    0.01    0.06    0.09    2.51 ^ _302_/Y (sky130_fd_sc_hd__inv_2)
                                         _034_ (net)
                  0.06    0.00    2.51 ^ _336_/RESET_B (sky130_fd_sc_hd__dfrtp_2)
                                  2.51   data arrival time

                  0.15   10.00   10.00   clock clk (rise edge)
                          0.00   10.00   clock network delay (ideal)
                         -0.25    9.75   clock uncertainty
                          0.00    9.75   clock reconvergence pessimism
                                  9.75 ^ _336_/CLK (sky130_fd_sc_hd__dfrtp_2)
                          0.25   10.00   library recovery time
                                 10.00   data required time
-----------------------------------------------------------------------------
                                 10.00   data required time
                                 -2.51   data arrival time
-----------------------------------------------------------------------------
                                  7.49   slack (MET)


Startpoint: rst (input port clocked by clk)
Endpoint: _339_ (recovery check against rising-edge clock clk)
Path Group: asynchronous
Path Type: max

Fanout     Cap    Slew   Delay    Time   Description
-----------------------------------------------------------------------------
                  0.15    0.00    0.00   clock clk (rise edge)
                          0.00    0.00   clock network delay (ideal)
                          2.00    2.00 v input external delay
     1    0.00    0.01    0.00    2.00 v rst (in)
                                         rst (net)
                  0.01    0.00    2.00 v input1/A (sky130_fd_sc_hd__clkbuf_4)
     5    0.04    0.09    0.19    2.19 v input1/X (sky130_fd_sc_hd__clkbuf_4)
                                         net1 (net)
                  0.09    0.00    2.19 v _295_/A (sky130_fd_sc_hd__buf_4)
    10    0.06    0.08    0.23    2.42 v _295_/X (sky130_fd_sc_hd__buf_4)
                                         _159_ (net)
                  0.08    0.00    2.42 v _305_/A (sky130_fd_sc_hd__inv_2)
     1    0.01    0.06    0.09    2.51 ^ _305_/Y (sky130_fd_sc_hd__inv_2)
                                         _037_ (net)
                  0.06    0.00    2.51 ^ _339_/RESET_B (sky130_fd_sc_hd__dfrtp_2)
                                  2.51   data arrival time

                  0.15   10.00   10.00   clock clk (rise edge)
                          0.00   10.00   clock network delay (ideal)
                         -0.25    9.75   clock uncertainty
                          0.00    9.75   clock reconvergence pessimism
                                  9.75 ^ _339_/CLK (sky130_fd_sc_hd__dfrtp_2)
                          0.25   10.00   library recovery time
                                 10.00   data required time
-----------------------------------------------------------------------------
                                 10.00   data required time
                                 -2.51   data arrival time
-----------------------------------------------------------------------------
                                  7.49   slack (MET)


Startpoint: rst (input port clocked by clk)
Endpoint: _348_ (recovery check against rising-edge clock clk)
Path Group: asynchronous
Path Type: max

Fanout     Cap    Slew   Delay    Time   Description
-----------------------------------------------------------------------------
                  0.15    0.00    0.00   clock clk (rise edge)
                          0.00    0.00   clock network delay (ideal)
                          2.00    2.00 v input external delay
     1    0.00    0.01    0.00    2.00 v rst (in)
                                         rst (net)
                  0.01    0.00    2.00 v input1/A (sky130_fd_sc_hd__clkbuf_4)
     5    0.04    0.09    0.19    2.19 v input1/X (sky130_fd_sc_hd__clkbuf_4)
                                         net1 (net)
                  0.09    0.00    2.19 v _306_/A (sky130_fd_sc_hd__clkbuf_8)
    10    0.06    0.08    0.21    2.41 v _306_/X (sky130_fd_sc_hd__clkbuf_8)
                                         _160_ (net)
                  0.08    0.01    2.41 v _315_/A (sky130_fd_sc_hd__inv_2)
     1    0.01    0.07    0.09    2.50 ^ _315_/Y (sky130_fd_sc_hd__inv_2)
                                         _046_ (net)
                  0.07    0.00    2.50 ^ _348_/RESET_B (sky130_fd_sc_hd__dfrtp_4)
                                  2.50   data arrival time

                  0.15   10.00   10.00   clock clk (rise edge)
                          0.00   10.00   clock network delay (ideal)
                         -0.25    9.75   clock uncertainty
                          0.00    9.75   clock reconvergence pessimism
                                  9.75 ^ _348_/CLK (sky130_fd_sc_hd__dfrtp_4)
                          0.24    9.99   library recovery time
                                  9.99   data required time
-----------------------------------------------------------------------------
                                  9.99   data required time
                                 -2.50   data arrival time
-----------------------------------------------------------------------------
                                  7.49   slack (MET)


Startpoint: rst (input port clocked by clk)
Endpoint: _350_ (recovery check against rising-edge clock clk)
Path Group: asynchronous
Path Type: max

Fanout     Cap    Slew   Delay    Time   Description
-----------------------------------------------------------------------------
                  0.15    0.00    0.00   clock clk (rise edge)
                          0.00    0.00   clock network delay (ideal)
                          2.00    2.00 v input external delay
     1    0.00    0.01    0.00    2.00 v rst (in)
                                         rst (net)
                  0.01    0.00    2.00 v input1/A (sky130_fd_sc_hd__clkbuf_4)
     5    0.04    0.09    0.19    2.19 v input1/X (sky130_fd_sc_hd__clkbuf_4)
                                         net1 (net)
                  0.09    0.00    2.19 v _317_/A (sky130_fd_sc_hd__clkbuf_8)
    10    0.06    0.08    0.21    2.41 v _317_/X (sky130_fd_sc_hd__clkbuf_8)
                                         _161_ (net)
                  0.08    0.00    2.41 v _318_/A (sky130_fd_sc_hd__inv_2)
     1    0.01    0.06    0.09    2.50 ^ _318_/Y (sky130_fd_sc_hd__inv_2)
                                         _048_ (net)
                  0.06    0.00    2.50 ^ _350_/RESET_B (sky130_fd_sc_hd__dfrtp_2)
                                  2.50   data arrival time

                  0.15   10.00   10.00   clock clk (rise edge)
                          0.00   10.00   clock network delay (ideal)
                         -0.25    9.75   clock uncertainty
                          0.00    9.75   clock reconvergence pessimism
                                  9.75 ^ _350_/CLK (sky130_fd_sc_hd__dfrtp_2)
                          0.25   10.00   library recovery time
                                 10.00   data required time
-----------------------------------------------------------------------------
                                 10.00   data required time
                                 -2.50   data arrival time
-----------------------------------------------------------------------------
                                  7.50   slack (MET)


Startpoint: rst (input port clocked by clk)
Endpoint: _354_ (recovery check against rising-edge clock clk)
Path Group: asynchronous
Path Type: max

Fanout     Cap    Slew   Delay    Time   Description
-----------------------------------------------------------------------------
                  0.15    0.00    0.00   clock clk (rise edge)
                          0.00    0.00   clock network delay (ideal)
                          2.00    2.00 v input external delay
     1    0.00    0.01    0.00    2.00 v rst (in)
                                         rst (net)
                  0.01    0.00    2.00 v input1/A (sky130_fd_sc_hd__clkbuf_4)
     5    0.04    0.09    0.19    2.19 v input1/X (sky130_fd_sc_hd__clkbuf_4)
                                         net1 (net)
                  0.09    0.00    2.19 v _317_/A (sky130_fd_sc_hd__clkbuf_8)
    10    0.06    0.08    0.21    2.41 v _317_/X (sky130_fd_sc_hd__clkbuf_8)
                                         _161_ (net)
                  0.08    0.00    2.41 v _322_/A (sky130_fd_sc_hd__inv_2)
     1    0.01    0.06    0.08    2.49 ^ _322_/Y (sky130_fd_sc_hd__inv_2)
                                         _052_ (net)
                  0.06    0.00    2.49 ^ _354_/RESET_B (sky130_fd_sc_hd__dfrtp_4)
                                  2.49   data arrival time

                  0.15   10.00   10.00   clock clk (rise edge)
                          0.00   10.00   clock network delay (ideal)
                         -0.25    9.75   clock uncertainty
                          0.00    9.75   clock reconvergence pessimism
                                  9.75 ^ _354_/CLK (sky130_fd_sc_hd__dfrtp_4)
                          0.25   10.00   library recovery time
                                 10.00   data required time
-----------------------------------------------------------------------------
                                 10.00   data required time
                                 -2.49   data arrival time
-----------------------------------------------------------------------------
                                  7.50   slack (MET)


Startpoint: rst (input port clocked by clk)
Endpoint: _347_ (recovery check against rising-edge clock clk)
Path Group: asynchronous
Path Type: max

Fanout     Cap    Slew   Delay    Time   Description
-----------------------------------------------------------------------------
                  0.15    0.00    0.00   clock clk (rise edge)
                          0.00    0.00   clock network delay (ideal)
                          2.00    2.00 v input external delay
     1    0.00    0.01    0.00    2.00 v rst (in)
                                         rst (net)
                  0.01    0.00    2.00 v input1/A (sky130_fd_sc_hd__clkbuf_4)
     5    0.04    0.09    0.19    2.19 v input1/X (sky130_fd_sc_hd__clkbuf_4)
                                         net1 (net)
                  0.09    0.00    2.19 v _306_/A (sky130_fd_sc_hd__clkbuf_8)
    10    0.06    0.08    0.21    2.41 v _306_/X (sky130_fd_sc_hd__clkbuf_8)
                                         _160_ (net)
                  0.08    0.00    2.41 v _314_/A (sky130_fd_sc_hd__inv_2)
     1    0.01    0.06    0.08    2.49 ^ _314_/Y (sky130_fd_sc_hd__inv_2)
                                         _045_ (net)
                  0.06    0.00    2.49 ^ _347_/RESET_B (sky130_fd_sc_hd__dfrtp_4)
                                  2.49   data arrival time

                  0.15   10.00   10.00   clock clk (rise edge)
                          0.00   10.00   clock network delay (ideal)
                         -0.25    9.75   clock uncertainty
                          0.00    9.75   clock reconvergence pessimism
                                  9.75 ^ _347_/CLK (sky130_fd_sc_hd__dfrtp_4)
                          0.25   10.00   library recovery time
                                 10.00   data required time
-----------------------------------------------------------------------------
                                 10.00   data required time
                                 -2.49   data arrival time
-----------------------------------------------------------------------------
                                  7.50   slack (MET)


Startpoint: rst (input port clocked by clk)
Endpoint: _358_ (recovery check against rising-edge clock clk)
Path Group: asynchronous
Path Type: max

Fanout     Cap    Slew   Delay    Time   Description
-----------------------------------------------------------------------------
                  0.15    0.00    0.00   clock clk (rise edge)
                          0.00    0.00   clock network delay (ideal)
                          2.00    2.00 v input external delay
     1    0.00    0.01    0.00    2.00 v rst (in)
                                         rst (net)
                  0.01    0.00    2.00 v input1/A (sky130_fd_sc_hd__clkbuf_4)
     5    0.04    0.09    0.19    2.19 v input1/X (sky130_fd_sc_hd__clkbuf_4)
                                         net1 (net)
                  0.09    0.00    2.19 v _317_/A (sky130_fd_sc_hd__clkbuf_8)
    10    0.06    0.08    0.21    2.41 v _317_/X (sky130_fd_sc_hd__clkbuf_8)
                                         _161_ (net)
                  0.08    0.00    2.41 v _326_/A (sky130_fd_sc_hd__inv_2)
     1    0.01    0.06    0.08    2.49 ^ _326_/Y (sky130_fd_sc_hd__inv_2)
                                         _056_ (net)
                  0.06    0.00    2.49 ^ _358_/RESET_B (sky130_fd_sc_hd__dfrtp_4)
                                  2.49   data arrival time

                  0.15   10.00   10.00   clock clk (rise edge)
                          0.00   10.00   clock network delay (ideal)
                         -0.25    9.75   clock uncertainty
                          0.00    9.75   clock reconvergence pessimism
                                  9.75 ^ _358_/CLK (sky130_fd_sc_hd__dfrtp_4)
                          0.25   10.00   library recovery time
                                 10.00   data required time
-----------------------------------------------------------------------------
                                 10.00   data required time
                                 -2.49   data arrival time
-----------------------------------------------------------------------------
                                  7.50   slack (MET)


Startpoint: rst (input port clocked by clk)
Endpoint: _337_ (recovery check against rising-edge clock clk)
Path Group: asynchronous
Path Type: max

Fanout     Cap    Slew   Delay    Time   Description
-----------------------------------------------------------------------------
                  0.15    0.00    0.00   clock clk (rise edge)
                          0.00    0.00   clock network delay (ideal)
                          2.00    2.00 v input external delay
     1    0.00    0.01    0.00    2.00 v rst (in)
                                         rst (net)
                  0.01    0.00    2.00 v input1/A (sky130_fd_sc_hd__clkbuf_4)
     5    0.04    0.09    0.19    2.19 v input1/X (sky130_fd_sc_hd__clkbuf_4)
                                         net1 (net)
                  0.09    0.00    2.19 v _295_/A (sky130_fd_sc_hd__buf_4)
    10    0.06    0.08    0.23    2.42 v _295_/X (sky130_fd_sc_hd__buf_4)
                                         _159_ (net)
                  0.08    0.00    2.42 v _303_/A (sky130_fd_sc_hd__inv_2)
     1    0.01    0.05    0.08    2.50 ^ _303_/Y (sky130_fd_sc_hd__inv_2)
                                         _035_ (net)
                  0.05    0.00    2.50 ^ _337_/RESET_B (sky130_fd_sc_hd__dfrtp_2)
                                  2.50   data arrival time

                  0.15   10.00   10.00   clock clk (rise edge)
                          0.00   10.00   clock network delay (ideal)
                         -0.25    9.75   clock uncertainty
                          0.00    9.75   clock reconvergence pessimism
                                  9.75 ^ _337_/CLK (sky130_fd_sc_hd__dfrtp_2)
                          0.25   10.00   library recovery time
                                 10.00   data required time
-----------------------------------------------------------------------------
                                 10.00   data required time
                                 -2.50   data arrival time
-----------------------------------------------------------------------------
                                  7.50   slack (MET)


Startpoint: rst (input port clocked by clk)
Endpoint: _343_ (recovery check against rising-edge clock clk)
Path Group: asynchronous
Path Type: max

Fanout     Cap    Slew   Delay    Time   Description
-----------------------------------------------------------------------------
                  0.15    0.00    0.00   clock clk (rise edge)
                          0.00    0.00   clock network delay (ideal)
                          2.00    2.00 v input external delay
     1    0.00    0.01    0.00    2.00 v rst (in)
                                         rst (net)
                  0.01    0.00    2.00 v input1/A (sky130_fd_sc_hd__clkbuf_4)
     5    0.04    0.09    0.19    2.19 v input1/X (sky130_fd_sc_hd__clkbuf_4)
                                         net1 (net)
                  0.09    0.00    2.19 v _306_/A (sky130_fd_sc_hd__clkbuf_8)
    10    0.06    0.08    0.21    2.41 v _306_/X (sky130_fd_sc_hd__clkbuf_8)
                                         _160_ (net)
                  0.08    0.01    2.41 v _310_/A (sky130_fd_sc_hd__inv_2)
     1    0.01    0.06    0.09    2.50 ^ _310_/Y (sky130_fd_sc_hd__inv_2)
                                         _041_ (net)
                  0.06    0.00    2.50 ^ _343_/RESET_B (sky130_fd_sc_hd__dfrtp_1)
                                  2.50   data arrival time

                  0.15   10.00   10.00   clock clk (rise edge)
                          0.00   10.00   clock network delay (ideal)
                         -0.25    9.75   clock uncertainty
                          0.00    9.75   clock reconvergence pessimism
                                  9.75 ^ _343_/CLK (sky130_fd_sc_hd__dfrtp_1)
                          0.26   10.01   library recovery time
                                 10.01   data required time
-----------------------------------------------------------------------------
                                 10.01   data required time
                                 -2.50   data arrival time
-----------------------------------------------------------------------------
                                  7.51   slack (MET)


Startpoint: rst (input port clocked by clk)
Endpoint: _359_ (recovery check against rising-edge clock clk)
Path Group: asynchronous
Path Type: max

Fanout     Cap    Slew   Delay    Time   Description
-----------------------------------------------------------------------------
                  0.15    0.00    0.00   clock clk (rise edge)
                          0.00    0.00   clock network delay (ideal)
                          2.00    2.00 v input external delay
     1    0.00    0.01    0.00    2.00 v rst (in)
                                         rst (net)
                  0.01    0.00    2.00 v input1/A (sky130_fd_sc_hd__clkbuf_4)
     5    0.04    0.09    0.19    2.19 v input1/X (sky130_fd_sc_hd__clkbuf_4)
                                         net1 (net)
                  0.09    0.00    2.19 v _317_/A (sky130_fd_sc_hd__clkbuf_8)
    10    0.06    0.08    0.21    2.41 v _317_/X (sky130_fd_sc_hd__clkbuf_8)
                                         _161_ (net)
                  0.08    0.00    2.41 v _327_/A (sky130_fd_sc_hd__inv_2)
     1    0.01    0.05    0.08    2.49 ^ _327_/Y (sky130_fd_sc_hd__inv_2)
                                         _057_ (net)
                  0.05    0.00    2.49 ^ _359_/RESET_B (sky130_fd_sc_hd__dfrtp_4)
                                  2.49   data arrival time

                  0.15   10.00   10.00   clock clk (rise edge)
                          0.00   10.00   clock network delay (ideal)
                         -0.25    9.75   clock uncertainty
                          0.00    9.75   clock reconvergence pessimism
                                  9.75 ^ _359_/CLK (sky130_fd_sc_hd__dfrtp_4)
                          0.25   10.00   library recovery time
                                 10.00   data required time
-----------------------------------------------------------------------------
                                 10.00   data required time
                                 -2.49   data arrival time
-----------------------------------------------------------------------------
                                  7.51   slack (MET)


Startpoint: rst (input port clocked by clk)
Endpoint: _356_ (recovery check against rising-edge clock clk)
Path Group: asynchronous
Path Type: max

Fanout     Cap    Slew   Delay    Time   Description
-----------------------------------------------------------------------------
                  0.15    0.00    0.00   clock clk (rise edge)
                          0.00    0.00   clock network delay (ideal)
                          2.00    2.00 v input external delay
     1    0.00    0.01    0.00    2.00 v rst (in)
                                         rst (net)
                  0.01    0.00    2.00 v input1/A (sky130_fd_sc_hd__clkbuf_4)
     5    0.04    0.09    0.19    2.19 v input1/X (sky130_fd_sc_hd__clkbuf_4)
                                         net1 (net)
                  0.09    0.00    2.19 v _317_/A (sky130_fd_sc_hd__clkbuf_8)
    10    0.06    0.08    0.21    2.41 v _317_/X (sky130_fd_sc_hd__clkbuf_8)
                                         _161_ (net)
                  0.08    0.00    2.41 v _324_/A (sky130_fd_sc_hd__inv_2)
     1    0.01    0.07    0.09    2.50 ^ _324_/Y (sky130_fd_sc_hd__inv_2)
                                         _054_ (net)
                  0.07    0.00    2.50 ^ _356_/RESET_B (sky130_fd_sc_hd__dfrtp_1)
                                  2.50   data arrival time

                  0.15   10.00   10.00   clock clk (rise edge)
                          0.00   10.00   clock network delay (ideal)
                         -0.25    9.75   clock uncertainty
                          0.00    9.75   clock reconvergence pessimism
                                  9.75 ^ _356_/CLK (sky130_fd_sc_hd__dfrtp_1)
                          0.26   10.01   library recovery time
                                 10.01   data required time
-----------------------------------------------------------------------------
                                 10.01   data required time
                                 -2.50   data arrival time
-----------------------------------------------------------------------------
                                  7.51   slack (MET)


Startpoint: rst (input port clocked by clk)
Endpoint: _334_ (recovery check against rising-edge clock clk)
Path Group: asynchronous
Path Type: max

Fanout     Cap    Slew   Delay    Time   Description
-----------------------------------------------------------------------------
                  0.15    0.00    0.00   clock clk (rise edge)
                          0.00    0.00   clock network delay (ideal)
                          2.00    2.00 v input external delay
     1    0.00    0.01    0.00    2.00 v rst (in)
                                         rst (net)
                  0.01    0.00    2.00 v input1/A (sky130_fd_sc_hd__clkbuf_4)
     5    0.04    0.09    0.19    2.19 v input1/X (sky130_fd_sc_hd__clkbuf_4)
                                         net1 (net)
                  0.09    0.00    2.19 v _295_/A (sky130_fd_sc_hd__buf_4)
    10    0.06    0.08    0.23    2.42 v _295_/X (sky130_fd_sc_hd__buf_4)
                                         _159_ (net)
                  0.08    0.00    2.42 v _300_/A (sky130_fd_sc_hd__inv_2)
     1    0.01    0.04    0.07    2.49 ^ _300_/Y (sky130_fd_sc_hd__inv_2)
                                         _032_ (net)
                  0.04    0.00    2.49 ^ _334_/RESET_B (sky130_fd_sc_hd__dfrtp_4)
                                  2.49   data arrival time

                  0.15   10.00   10.00   clock clk (rise edge)
                          0.00   10.00   clock network delay (ideal)
                         -0.25    9.75   clock uncertainty
                          0.00    9.75   clock reconvergence pessimism
                                  9.75 ^ _334_/CLK (sky130_fd_sc_hd__dfrtp_4)
                          0.25   10.00   library recovery time
                                 10.00   data required time
-----------------------------------------------------------------------------
                                 10.00   data required time
                                 -2.49   data arrival time
-----------------------------------------------------------------------------
                                  7.51   slack (MET)


Startpoint: rst (input port clocked by clk)
Endpoint: _344_ (recovery check against rising-edge clock clk)
Path Group: asynchronous
Path Type: max

Fanout     Cap    Slew   Delay    Time   Description
-----------------------------------------------------------------------------
                  0.15    0.00    0.00   clock clk (rise edge)
                          0.00    0.00   clock network delay (ideal)
                          2.00    2.00 v input external delay
     1    0.00    0.01    0.00    2.00 v rst (in)
                                         rst (net)
                  0.01    0.00    2.00 v input1/A (sky130_fd_sc_hd__clkbuf_4)
     5    0.04    0.09    0.19    2.19 v input1/X (sky130_fd_sc_hd__clkbuf_4)
                                         net1 (net)
                  0.09    0.00    2.19 v _306_/A (sky130_fd_sc_hd__clkbuf_8)
    10    0.06    0.08    0.21    2.41 v _306_/X (sky130_fd_sc_hd__clkbuf_8)
                                         _160_ (net)
                  0.08    0.01    2.41 v _311_/A (sky130_fd_sc_hd__inv_2)
     1    0.01    0.06    0.09    2.50 ^ _311_/Y (sky130_fd_sc_hd__inv_2)
                                         _042_ (net)
                  0.06    0.00    2.50 ^ _344_/RESET_B (sky130_fd_sc_hd__dfrtp_1)
                                  2.50   data arrival time

                  0.15   10.00   10.00   clock clk (rise edge)
                          0.00   10.00   clock network delay (ideal)
                         -0.25    9.75   clock uncertainty
                          0.00    9.75   clock reconvergence pessimism
                                  9.75 ^ _344_/CLK (sky130_fd_sc_hd__dfrtp_1)
                          0.26   10.01   library recovery time
                                 10.01   data required time
-----------------------------------------------------------------------------
                                 10.01   data required time
                                 -2.50   data arrival time
-----------------------------------------------------------------------------
                                  7.51   slack (MET)


Startpoint: rst (input port clocked by clk)
Endpoint: _333_ (recovery check against rising-edge clock clk)
Path Group: asynchronous
Path Type: max

Fanout     Cap    Slew   Delay    Time   Description
-----------------------------------------------------------------------------
                  0.15    0.00    0.00   clock clk (rise edge)
                          0.00    0.00   clock network delay (ideal)
                          2.00    2.00 v input external delay
     1    0.00    0.01    0.00    2.00 v rst (in)
                                         rst (net)
                  0.01    0.00    2.00 v input1/A (sky130_fd_sc_hd__clkbuf_4)
     5    0.04    0.09    0.19    2.19 v input1/X (sky130_fd_sc_hd__clkbuf_4)
                                         net1 (net)
                  0.09    0.00    2.19 v _295_/A (sky130_fd_sc_hd__buf_4)
    10    0.06    0.08    0.23    2.42 v _295_/X (sky130_fd_sc_hd__buf_4)
                                         _159_ (net)
                  0.08    0.00    2.42 v _299_/A (sky130_fd_sc_hd__inv_2)
     1    0.01    0.05    0.08    2.50 ^ _299_/Y (sky130_fd_sc_hd__inv_2)
                                         _031_ (net)
                  0.05    0.00    2.50 ^ _333_/RESET_B (sky130_fd_sc_hd__dfrtp_1)
                                  2.50   data arrival time

                  0.15   10.00   10.00   clock clk (rise edge)
                          0.00   10.00   clock network delay (ideal)
                         -0.25    9.75   clock uncertainty
                          0.00    9.75   clock reconvergence pessimism
                                  9.75 ^ _333_/CLK (sky130_fd_sc_hd__dfrtp_1)
                          0.26   10.01   library recovery time
                                 10.01   data required time
-----------------------------------------------------------------------------
                                 10.01   data required time
                                 -2.50   data arrival time
-----------------------------------------------------------------------------
                                  7.51   slack (MET)


Startpoint: rst (input port clocked by clk)
Endpoint: _331_ (recovery check against rising-edge clock clk)
Path Group: asynchronous
Path Type: max

Fanout     Cap    Slew   Delay    Time   Description
-----------------------------------------------------------------------------
                  0.15    0.00    0.00   clock clk (rise edge)
                          0.00    0.00   clock network delay (ideal)
                          2.00    2.00 v input external delay
     1    0.00    0.01    0.00    2.00 v rst (in)
                                         rst (net)
                  0.01    0.00    2.00 v input1/A (sky130_fd_sc_hd__clkbuf_4)
     5    0.04    0.09    0.19    2.19 v input1/X (sky130_fd_sc_hd__clkbuf_4)
                                         net1 (net)
                  0.09    0.00    2.19 v _295_/A (sky130_fd_sc_hd__buf_4)
    10    0.06    0.08    0.23    2.42 v _295_/X (sky130_fd_sc_hd__buf_4)
                                         _159_ (net)
                  0.08    0.00    2.42 v _297_/A (sky130_fd_sc_hd__inv_2)
     1    0.01    0.04    0.07    2.49 ^ _297_/Y (sky130_fd_sc_hd__inv_2)
                                         _029_ (net)
                  0.04    0.00    2.49 ^ _331_/RESET_B (sky130_fd_sc_hd__dfrtp_4)
                                  2.49   data arrival time

                  0.15   10.00   10.00   clock clk (rise edge)
                          0.00   10.00   clock network delay (ideal)
                         -0.25    9.75   clock uncertainty
                          0.00    9.75   clock reconvergence pessimism
                                  9.75 ^ _331_/CLK (sky130_fd_sc_hd__dfrtp_4)
                          0.25   10.00   library recovery time
                                 10.00   data required time
-----------------------------------------------------------------------------
                                 10.00   data required time
                                 -2.49   data arrival time
-----------------------------------------------------------------------------
                                  7.51   slack (MET)


Startpoint: rst (input port clocked by clk)
Endpoint: _355_ (recovery check against rising-edge clock clk)
Path Group: asynchronous
Path Type: max

Fanout     Cap    Slew   Delay    Time   Description
-----------------------------------------------------------------------------
                  0.15    0.00    0.00   clock clk (rise edge)
                          0.00    0.00   clock network delay (ideal)
                          2.00    2.00 v input external delay
     1    0.00    0.01    0.00    2.00 v rst (in)
                                         rst (net)
                  0.01    0.00    2.00 v input1/A (sky130_fd_sc_hd__clkbuf_4)
     5    0.04    0.09    0.19    2.19 v input1/X (sky130_fd_sc_hd__clkbuf_4)
                                         net1 (net)
                  0.09    0.00    2.19 v _317_/A (sky130_fd_sc_hd__clkbuf_8)
    10    0.06    0.08    0.21    2.41 v _317_/X (sky130_fd_sc_hd__clkbuf_8)
                                         _161_ (net)
                  0.08    0.00    2.41 v _323_/A (sky130_fd_sc_hd__inv_2)
     1    0.01    0.05    0.08    2.49 ^ _323_/Y (sky130_fd_sc_hd__inv_2)
                                         _053_ (net)
                  0.05    0.00    2.49 ^ _355_/RESET_B (sky130_fd_sc_hd__dfrtp_4)
                                  2.49   data arrival time

                  0.15   10.00   10.00   clock clk (rise edge)
                          0.00   10.00   clock network delay (ideal)
                         -0.25    9.75   clock uncertainty
                          0.00    9.75   clock reconvergence pessimism
                                  9.75 ^ _355_/CLK (sky130_fd_sc_hd__dfrtp_4)
                          0.25   10.00   library recovery time
                                 10.00   data required time
-----------------------------------------------------------------------------
                                 10.00   data required time
                                 -2.49   data arrival time
-----------------------------------------------------------------------------
                                  7.51   slack (MET)


Startpoint: rst (input port clocked by clk)
Endpoint: _335_ (recovery check against rising-edge clock clk)
Path Group: asynchronous
Path Type: max

Fanout     Cap    Slew   Delay    Time   Description
-----------------------------------------------------------------------------
                  0.15    0.00    0.00   clock clk (rise edge)
                          0.00    0.00   clock network delay (ideal)
                          2.00    2.00 v input external delay
     1    0.00    0.01    0.00    2.00 v rst (in)
                                         rst (net)
                  0.01    0.00    2.00 v input1/A (sky130_fd_sc_hd__clkbuf_4)
     5    0.04    0.09    0.19    2.19 v input1/X (sky130_fd_sc_hd__clkbuf_4)
                                         net1 (net)
                  0.09    0.00    2.19 v _295_/A (sky130_fd_sc_hd__buf_4)
    10    0.06    0.08    0.23    2.42 v _295_/X (sky130_fd_sc_hd__buf_4)
                                         _159_ (net)
                  0.08    0.00    2.42 v _301_/A (sky130_fd_sc_hd__inv_2)
     1    0.01    0.04    0.07    2.49 ^ _301_/Y (sky130_fd_sc_hd__inv_2)
                                         _033_ (net)
                  0.04    0.00    2.49 ^ _335_/RESET_B (sky130_fd_sc_hd__dfrtp_2)
                                  2.49   data arrival time

                  0.15   10.00   10.00   clock clk (rise edge)
                          0.00   10.00   clock network delay (ideal)
                         -0.25    9.75   clock uncertainty
                          0.00    9.75   clock reconvergence pessimism
                                  9.75 ^ _335_/CLK (sky130_fd_sc_hd__dfrtp_2)
                          0.25   10.00   library recovery time
                                 10.00   data required time
-----------------------------------------------------------------------------
                                 10.00   data required time
                                 -2.49   data arrival time
-----------------------------------------------------------------------------
                                  7.51   slack (MET)


Startpoint: rst (input port clocked by clk)
Endpoint: _349_ (recovery check against rising-edge clock clk)
Path Group: asynchronous
Path Type: max

Fanout     Cap    Slew   Delay    Time   Description
-----------------------------------------------------------------------------
                  0.15    0.00    0.00   clock clk (rise edge)
                          0.00    0.00   clock network delay (ideal)
                          2.00    2.00 v input external delay
     1    0.00    0.01    0.00    2.00 v rst (in)
                                         rst (net)
                  0.01    0.00    2.00 v input1/A (sky130_fd_sc_hd__clkbuf_4)
     5    0.04    0.09    0.19    2.19 v input1/X (sky130_fd_sc_hd__clkbuf_4)
                                         net1 (net)
                  0.09    0.00    2.19 v _306_/A (sky130_fd_sc_hd__clkbuf_8)
    10    0.06    0.08    0.21    2.41 v _306_/X (sky130_fd_sc_hd__clkbuf_8)
                                         _160_ (net)
                  0.08    0.00    2.41 v _316_/A (sky130_fd_sc_hd__inv_2)
     1    0.01    0.05    0.08    2.49 ^ _316_/Y (sky130_fd_sc_hd__inv_2)
                                         _047_ (net)
                  0.05    0.00    2.49 ^ _349_/RESET_B (sky130_fd_sc_hd__dfrtp_2)
                                  2.49   data arrival time

                  0.15   10.00   10.00   clock clk (rise edge)
                          0.00   10.00   clock network delay (ideal)
                         -0.25    9.75   clock uncertainty
                          0.00    9.75   clock reconvergence pessimism
                                  9.75 ^ _349_/CLK (sky130_fd_sc_hd__dfrtp_2)
                          0.25   10.00   library recovery time
                                 10.00   data required time
-----------------------------------------------------------------------------
                                 10.00   data required time
                                 -2.49   data arrival time
-----------------------------------------------------------------------------
                                  7.51   slack (MET)


Startpoint: rst (input port clocked by clk)
Endpoint: _341_ (recovery check against rising-edge clock clk)
Path Group: asynchronous
Path Type: max

Fanout     Cap    Slew   Delay    Time   Description
-----------------------------------------------------------------------------
                  0.15    0.00    0.00   clock clk (rise edge)
                          0.00    0.00   clock network delay (ideal)
                          2.00    2.00 v input external delay
     1    0.00    0.01    0.00    2.00 v rst (in)
                                         rst (net)
                  0.01    0.00    2.00 v input1/A (sky130_fd_sc_hd__clkbuf_4)
     5    0.04    0.09    0.19    2.19 v input1/X (sky130_fd_sc_hd__clkbuf_4)
                                         net1 (net)
                  0.09    0.00    2.19 v _306_/A (sky130_fd_sc_hd__clkbuf_8)
    10    0.06    0.08    0.21    2.41 v _306_/X (sky130_fd_sc_hd__clkbuf_8)
                                         _160_ (net)
                  0.08    0.00    2.41 v _308_/A (sky130_fd_sc_hd__inv_2)
     1    0.01    0.05    0.07    2.48 ^ _308_/Y (sky130_fd_sc_hd__inv_2)
                                         _039_ (net)
                  0.05    0.00    2.48 ^ _341_/RESET_B (sky130_fd_sc_hd__dfrtp_4)
                                  2.48   data arrival time

                  0.15   10.00   10.00   clock clk (rise edge)
                          0.00   10.00   clock network delay (ideal)
                         -0.25    9.75   clock uncertainty
                          0.00    9.75   clock reconvergence pessimism
                                  9.75 ^ _341_/CLK (sky130_fd_sc_hd__dfrtp_4)
                          0.25   10.00   library recovery time
                                 10.00   data required time
-----------------------------------------------------------------------------
                                 10.00   data required time
                                 -2.48   data arrival time
-----------------------------------------------------------------------------
                                  7.52   slack (MET)


Startpoint: rst (input port clocked by clk)
Endpoint: _357_ (recovery check against rising-edge clock clk)
Path Group: asynchronous
Path Type: max

Fanout     Cap    Slew   Delay    Time   Description
-----------------------------------------------------------------------------
                  0.15    0.00    0.00   clock clk (rise edge)
                          0.00    0.00   clock network delay (ideal)
                          2.00    2.00 v input external delay
     1    0.00    0.01    0.00    2.00 v rst (in)
                                         rst (net)
                  0.01    0.00    2.00 v input1/A (sky130_fd_sc_hd__clkbuf_4)
     5    0.04    0.09    0.19    2.19 v input1/X (sky130_fd_sc_hd__clkbuf_4)
                                         net1 (net)
                  0.09    0.00    2.19 v _317_/A (sky130_fd_sc_hd__clkbuf_8)
    10    0.06    0.08    0.21    2.41 v _317_/X (sky130_fd_sc_hd__clkbuf_8)
                                         _161_ (net)
                  0.08    0.00    2.41 v _325_/A (sky130_fd_sc_hd__inv_2)
     1    0.01    0.04    0.07    2.48 ^ _325_/Y (sky130_fd_sc_hd__inv_2)
                                         _055_ (net)
                  0.04    0.00    2.48 ^ _357_/RESET_B (sky130_fd_sc_hd__dfrtp_4)
                                  2.48   data arrival time

                  0.15   10.00   10.00   clock clk (rise edge)
                          0.00   10.00   clock network delay (ideal)
                         -0.25    9.75   clock uncertainty
                          0.00    9.75   clock reconvergence pessimism
                                  9.75 ^ _357_/CLK (sky130_fd_sc_hd__dfrtp_4)
                          0.25   10.00   library recovery time
                                 10.00   data required time
-----------------------------------------------------------------------------
                                 10.00   data required time
                                 -2.48   data arrival time
-----------------------------------------------------------------------------
                                  7.52   slack (MET)


Startpoint: rst (input port clocked by clk)
Endpoint: _352_ (recovery check against rising-edge clock clk)
Path Group: asynchronous
Path Type: max

Fanout     Cap    Slew   Delay    Time   Description
-----------------------------------------------------------------------------
                  0.15    0.00    0.00   clock clk (rise edge)
                          0.00    0.00   clock network delay (ideal)
                          2.00    2.00 v input external delay
     1    0.00    0.01    0.00    2.00 v rst (in)
                                         rst (net)
                  0.01    0.00    2.00 v input1/A (sky130_fd_sc_hd__clkbuf_4)
     5    0.04    0.09    0.19    2.19 v input1/X (sky130_fd_sc_hd__clkbuf_4)
                                         net1 (net)
                  0.09    0.00    2.19 v _317_/A (sky130_fd_sc_hd__clkbuf_8)
    10    0.06    0.08    0.21    2.41 v _317_/X (sky130_fd_sc_hd__clkbuf_8)
                                         _161_ (net)
                  0.08    0.00    2.41 v _320_/A (sky130_fd_sc_hd__inv_2)
     1    0.01    0.05    0.08    2.49 ^ _320_/Y (sky130_fd_sc_hd__inv_2)
                                         _050_ (net)
                  0.05    0.00    2.49 ^ _352_/RESET_B (sky130_fd_sc_hd__dfrtp_1)
                                  2.49   data arrival time

                  0.15   10.00   10.00   clock clk (rise edge)
                          0.00   10.00   clock network delay (ideal)
                         -0.25    9.75   clock uncertainty
                          0.00    9.75   clock reconvergence pessimism
                                  9.75 ^ _352_/CLK (sky130_fd_sc_hd__dfrtp_1)
                          0.26   10.01   library recovery time
                                 10.01   data required time
-----------------------------------------------------------------------------
                                 10.01   data required time
                                 -2.49   data arrival time
-----------------------------------------------------------------------------
                                  7.52   slack (MET)


Startpoint: rst (input port clocked by clk)
Endpoint: _342_ (recovery check against rising-edge clock clk)
Path Group: asynchronous
Path Type: max

Fanout     Cap    Slew   Delay    Time   Description
-----------------------------------------------------------------------------
                  0.15    0.00    0.00   clock clk (rise edge)
                          0.00    0.00   clock network delay (ideal)
                          2.00    2.00 v input external delay
     1    0.00    0.01    0.00    2.00 v rst (in)
                                         rst (net)
                  0.01    0.00    2.00 v input1/A (sky130_fd_sc_hd__clkbuf_4)
     5    0.04    0.09    0.19    2.19 v input1/X (sky130_fd_sc_hd__clkbuf_4)
                                         net1 (net)
                  0.09    0.00    2.19 v _306_/A (sky130_fd_sc_hd__clkbuf_8)
    10    0.06    0.08    0.21    2.41 v _306_/X (sky130_fd_sc_hd__clkbuf_8)
                                         _160_ (net)
                  0.08    0.00    2.41 v _309_/A (sky130_fd_sc_hd__inv_2)
     1    0.01    0.04    0.07    2.48 ^ _309_/Y (sky130_fd_sc_hd__inv_2)
                                         _040_ (net)
                  0.04    0.00    2.48 ^ _342_/RESET_B (sky130_fd_sc_hd__dfrtp_2)
                                  2.48   data arrival time

                  0.15   10.00   10.00   clock clk (rise edge)
                          0.00   10.00   clock network delay (ideal)
                         -0.25    9.75   clock uncertainty
                          0.00    9.75   clock reconvergence pessimism
                                  9.75 ^ _342_/CLK (sky130_fd_sc_hd__dfrtp_2)
                          0.25   10.00   library recovery time
                                 10.00   data required time
-----------------------------------------------------------------------------
                                 10.00   data required time
                                 -2.48   data arrival time
-----------------------------------------------------------------------------
                                  7.53   slack (MET)


Startpoint: rst (input port clocked by clk)
Endpoint: _346_ (recovery check against rising-edge clock clk)
Path Group: asynchronous
Path Type: max

Fanout     Cap    Slew   Delay    Time   Description
-----------------------------------------------------------------------------
                  0.15    0.00    0.00   clock clk (rise edge)
                          0.00    0.00   clock network delay (ideal)
                          2.00    2.00 v input external delay
     1    0.00    0.01    0.00    2.00 v rst (in)
                                         rst (net)
                  0.01    0.00    2.00 v input1/A (sky130_fd_sc_hd__clkbuf_4)
     5    0.04    0.09    0.19    2.19 v input1/X (sky130_fd_sc_hd__clkbuf_4)
                                         net1 (net)
                  0.09    0.00    2.19 v _306_/A (sky130_fd_sc_hd__clkbuf_8)
    10    0.06    0.08    0.21    2.41 v _306_/X (sky130_fd_sc_hd__clkbuf_8)
                                         _160_ (net)
                  0.08    0.00    2.41 v _313_/A (sky130_fd_sc_hd__inv_2)
     1    0.00    0.04    0.06    2.47 ^ _313_/Y (sky130_fd_sc_hd__inv_2)
                                         _044_ (net)
                  0.04    0.00    2.47 ^ _346_/RESET_B (sky130_fd_sc_hd__dfrtp_4)
                                  2.47   data arrival time

                  0.15   10.00   10.00   clock clk (rise edge)
                          0.00   10.00   clock network delay (ideal)
                         -0.25    9.75   clock uncertainty
                          0.00    9.75   clock reconvergence pessimism
                                  9.75 ^ _346_/CLK (sky130_fd_sc_hd__dfrtp_4)
                          0.25   10.00   library recovery time
                                 10.00   data required time
-----------------------------------------------------------------------------
                                 10.00   data required time
                                 -2.47   data arrival time
-----------------------------------------------------------------------------
                                  7.53   slack (MET)


Startpoint: rst (input port clocked by clk)
Endpoint: _351_ (recovery check against rising-edge clock clk)
Path Group: asynchronous
Path Type: max

Fanout     Cap    Slew   Delay    Time   Description
-----------------------------------------------------------------------------
                  0.15    0.00    0.00   clock clk (rise edge)
                          0.00    0.00   clock network delay (ideal)
                          2.00    2.00 v input external delay
     1    0.00    0.01    0.00    2.00 v rst (in)
                                         rst (net)
                  0.01    0.00    2.00 v input1/A (sky130_fd_sc_hd__clkbuf_4)
     5    0.04    0.09    0.19    2.19 v input1/X (sky130_fd_sc_hd__clkbuf_4)
                                         net1 (net)
                  0.09    0.00    2.19 v _317_/A (sky130_fd_sc_hd__clkbuf_8)
    10    0.06    0.08    0.21    2.41 v _317_/X (sky130_fd_sc_hd__clkbuf_8)
                                         _161_ (net)
                  0.08    0.00    2.41 v _319_/A (sky130_fd_sc_hd__inv_2)
     1    0.01    0.04    0.07    2.47 ^ _319_/Y (sky130_fd_sc_hd__inv_2)
                                         _049_ (net)
                  0.04    0.00    2.47 ^ _351_/RESET_B (sky130_fd_sc_hd__dfrtp_2)
                                  2.47   data arrival time

                  0.15   10.00   10.00   clock clk (rise edge)
                          0.00   10.00   clock network delay (ideal)
                         -0.25    9.75   clock uncertainty
                          0.00    9.75   clock reconvergence pessimism
                                  9.75 ^ _351_/CLK (sky130_fd_sc_hd__dfrtp_2)
                          0.25   10.00   library recovery time
                                 10.00   data required time
-----------------------------------------------------------------------------
                                 10.00   data required time
                                 -2.47   data arrival time
-----------------------------------------------------------------------------
                                  7.53   slack (MET)


Startpoint: rst (input port clocked by clk)
Endpoint: _345_ (recovery check against rising-edge clock clk)
Path Group: asynchronous
Path Type: max

Fanout     Cap    Slew   Delay    Time   Description
-----------------------------------------------------------------------------
                  0.15    0.00    0.00   clock clk (rise edge)
                          0.00    0.00   clock network delay (ideal)
                          2.00    2.00 v input external delay
     1    0.00    0.01    0.00    2.00 v rst (in)
                                         rst (net)
                  0.01    0.00    2.00 v input1/A (sky130_fd_sc_hd__clkbuf_4)
     5    0.04    0.09    0.19    2.19 v input1/X (sky130_fd_sc_hd__clkbuf_4)
                                         net1 (net)
                  0.09    0.00    2.19 v _306_/A (sky130_fd_sc_hd__clkbuf_8)
    10    0.06    0.08    0.21    2.41 v _306_/X (sky130_fd_sc_hd__clkbuf_8)
                                         _160_ (net)
                  0.08    0.01    2.41 v _312_/A (sky130_fd_sc_hd__inv_2)
     1    0.00    0.03    0.06    2.47 ^ _312_/Y (sky130_fd_sc_hd__inv_2)
                                         _043_ (net)
                  0.03    0.00    2.47 ^ _345_/RESET_B (sky130_fd_sc_hd__dfrtp_2)
                                  2.47   data arrival time

                  0.15   10.00   10.00   clock clk (rise edge)
                          0.00   10.00   clock network delay (ideal)
                         -0.25    9.75   clock uncertainty
                          0.00    9.75   clock reconvergence pessimism
                                  9.75 ^ _345_/CLK (sky130_fd_sc_hd__dfrtp_2)
                          0.25   10.00   library recovery time
                                 10.00   data required time
-----------------------------------------------------------------------------
                                 10.00   data required time
                                 -2.47   data arrival time
-----------------------------------------------------------------------------
                                  7.53   slack (MET)


Startpoint: rst (input port clocked by clk)
Endpoint: _353_ (recovery check against rising-edge clock clk)
Path Group: asynchronous
Path Type: max

Fanout     Cap    Slew   Delay    Time   Description
-----------------------------------------------------------------------------
                  0.15    0.00    0.00   clock clk (rise edge)
                          0.00    0.00   clock network delay (ideal)
                          2.00    2.00 v input external delay
     1    0.00    0.01    0.00    2.00 v rst (in)
                                         rst (net)
                  0.01    0.00    2.00 v input1/A (sky130_fd_sc_hd__clkbuf_4)
     5    0.04    0.09    0.19    2.19 v input1/X (sky130_fd_sc_hd__clkbuf_4)
                                         net1 (net)
                  0.09    0.00    2.19 v _317_/A (sky130_fd_sc_hd__clkbuf_8)
    10    0.06    0.08    0.21    2.41 v _317_/X (sky130_fd_sc_hd__clkbuf_8)
                                         _161_ (net)
                  0.08    0.00    2.41 v _321_/A (sky130_fd_sc_hd__inv_2)
     1    0.01    0.04    0.07    2.48 ^ _321_/Y (sky130_fd_sc_hd__inv_2)
                                         _051_ (net)
                  0.04    0.00    2.48 ^ _353_/RESET_B (sky130_fd_sc_hd__dfrtp_1)
                                  2.48   data arrival time

                  0.15   10.00   10.00   clock clk (rise edge)
                          0.00   10.00   clock network delay (ideal)
                         -0.25    9.75   clock uncertainty
                          0.00    9.75   clock reconvergence pessimism
                                  9.75 ^ _353_/CLK (sky130_fd_sc_hd__dfrtp_1)
                          0.26   10.01   library recovery time
                                 10.01   data required time
-----------------------------------------------------------------------------
                                 10.01   data required time
                                 -2.48   data arrival time
-----------------------------------------------------------------------------
                                  7.54   slack (MET)


Startpoint: rst (input port clocked by clk)
Endpoint: _361_ (recovery check against rising-edge clock clk)
Path Group: asynchronous
Path Type: max

Fanout     Cap    Slew   Delay    Time   Description
-----------------------------------------------------------------------------
                  0.15    0.00    0.00   clock clk (rise edge)
                          0.00    0.00   clock network delay (ideal)
                          2.00    2.00 v input external delay
     1    0.00    0.01    0.00    2.00 v rst (in)
                                         rst (net)
                  0.01    0.00    2.00 v input1/A (sky130_fd_sc_hd__clkbuf_4)
     5    0.04    0.09    0.19    2.19 v input1/X (sky130_fd_sc_hd__clkbuf_4)
                                         net1 (net)
                  0.09    0.00    2.19 v _329_/A (sky130_fd_sc_hd__inv_2)
     1    0.01    0.06    0.09    2.29 ^ _329_/Y (sky130_fd_sc_hd__inv_2)
                                         _059_ (net)
                  0.06    0.00    2.29 ^ _361_/RESET_B (sky130_fd_sc_hd__dfrtp_4)
                                  2.29   data arrival time

                  0.15   10.00   10.00   clock clk (rise edge)
                          0.00   10.00   clock network delay (ideal)
                         -0.25    9.75   clock uncertainty
                          0.00    9.75   clock reconvergence pessimism
                                  9.75 ^ _361_/CLK (sky130_fd_sc_hd__dfrtp_4)
                          0.24    9.99   library recovery time
                                  9.99   data required time
-----------------------------------------------------------------------------
                                  9.99   data required time
                                 -2.29   data arrival time
-----------------------------------------------------------------------------
                                  7.71   slack (MET)


Startpoint: rst (input port clocked by clk)
Endpoint: _360_ (recovery check against rising-edge clock clk)
Path Group: asynchronous
Path Type: max

Fanout     Cap    Slew   Delay    Time   Description
-----------------------------------------------------------------------------
                  0.15    0.00    0.00   clock clk (rise edge)
                          0.00    0.00   clock network delay (ideal)
                          2.00    2.00 v input external delay
     1    0.00    0.01    0.00    2.00 v rst (in)
                                         rst (net)
                  0.01    0.00    2.00 v input1/A (sky130_fd_sc_hd__clkbuf_4)
     5    0.04    0.09    0.19    2.19 v input1/X (sky130_fd_sc_hd__clkbuf_4)
                                         net1 (net)
                  0.09    0.00    2.19 v _328_/A (sky130_fd_sc_hd__inv_2)
     1    0.01    0.06    0.09    2.28 ^ _328_/Y (sky130_fd_sc_hd__inv_2)
                                         _058_ (net)
                  0.06    0.00    2.28 ^ _360_/RESET_B (sky130_fd_sc_hd__dfrtp_4)
                                  2.28   data arrival time

                  0.15   10.00   10.00   clock clk (rise edge)
                          0.00   10.00   clock network delay (ideal)
                         -0.25    9.75   clock uncertainty
                          0.00    9.75   clock reconvergence pessimism
                                  9.75 ^ _360_/CLK (sky130_fd_sc_hd__dfrtp_4)
                          0.25   10.00   library recovery time
                                 10.00   data required time
-----------------------------------------------------------------------------
                                 10.00   data required time
                                 -2.28   data arrival time
-----------------------------------------------------------------------------
                                  7.71   slack (MET)


Startpoint: _361_ (rising edge-triggered flip-flop clocked by clk)
Endpoint: _360_ (rising edge-triggered flip-flop clocked by clk)
Path Group: clk
Path Type: max

Fanout     Cap    Slew   Delay    Time   Description
-----------------------------------------------------------------------------
                  0.15    0.00    0.00   clock clk (rise edge)
                          0.00    0.00   clock network delay (ideal)
                  0.15    0.00    0.00 ^ _361_/CLK (sky130_fd_sc_hd__dfrtp_4)
     6    0.03    0.09    0.58    0.58 v _361_/Q (sky130_fd_sc_hd__dfrtp_4)
                                         decoder.digit[3] (net)
                  0.09    0.00    0.58 v _165_/A (sky130_fd_sc_hd__nor2_2)
     2    0.02    0.21    0.23    0.82 ^ _165_/Y (sky130_fd_sc_hd__nor2_2)
                                         _066_ (net)
                  0.21    0.00    0.82 ^ _166_/B (sky130_fd_sc_hd__nand2_2)
     3    0.02    0.11    0.15    0.96 v _166_/Y (sky130_fd_sc_hd__nand2_2)
                                         _067_ (net)
                  0.11    0.00    0.97 v _167_/B (sky130_fd_sc_hd__nor2_2)
     3    0.02    0.22    0.23    1.19 ^ _167_/Y (sky130_fd_sc_hd__nor2_2)
                                         _068_ (net)
                  0.22    0.00    1.19 ^ _168_/A2_N (sky130_fd_sc_hd__o2bb2a_1)
     1    0.01    0.09    0.30    1.49 v _168_/X (sky130_fd_sc_hd__o2bb2a_1)
                                         _069_ (net)
                  0.09    0.00    1.49 v _169_/B (sky130_fd_sc_hd__and2_1)
     1    0.00    0.04    0.19    1.68 v _169_/X (sky130_fd_sc_hd__and2_1)
                                         _070_ (net)
                  0.04    0.00    1.68 v _170_/A (sky130_fd_sc_hd__clkbuf_1)
     1    0.01    0.04    0.11    1.79 v _170_/X (sky130_fd_sc_hd__clkbuf_1)
                                         _062_ (net)
                  0.04    0.00    1.79 v _360_/D (sky130_fd_sc_hd__dfrtp_4)
                                  1.79   data arrival time

                  0.15   10.00   10.00   clock clk (rise edge)
                          0.00   10.00   clock network delay (ideal)
                         -0.25    9.75   clock uncertainty
                          0.00    9.75   clock reconvergence pessimism
                                  9.75 ^ _360_/CLK (sky130_fd_sc_hd__dfrtp_4)
                         -0.09    9.66   library setup time
                                  9.66   data required time
-----------------------------------------------------------------------------
                                  9.66   data required time
                                 -1.79   data arrival time
-----------------------------------------------------------------------------
                                  7.87   slack (MET)


Startpoint: _361_ (rising edge-triggered flip-flop clocked by clk)
Endpoint: _358_ (rising edge-triggered flip-flop clocked by clk)
Path Group: clk
Path Type: max

Fanout     Cap    Slew   Delay    Time   Description
-----------------------------------------------------------------------------
                  0.15    0.00    0.00   clock clk (rise edge)
                          0.00    0.00   clock network delay (ideal)
                  0.15    0.00    0.00 ^ _361_/CLK (sky130_fd_sc_hd__dfrtp_4)
     6    0.03    0.09    0.58    0.58 v _361_/Q (sky130_fd_sc_hd__dfrtp_4)
                                         decoder.digit[3] (net)
                  0.09    0.00    0.58 v _165_/A (sky130_fd_sc_hd__nor2_2)
     2    0.02    0.21    0.23    0.82 ^ _165_/Y (sky130_fd_sc_hd__nor2_2)
                                         _066_ (net)
                  0.21    0.00    0.82 ^ _166_/B (sky130_fd_sc_hd__nand2_2)
     3    0.02    0.11    0.15    0.96 v _166_/Y (sky130_fd_sc_hd__nand2_2)
                                         _067_ (net)
                  0.11    0.00    0.97 v _173_/A2 (sky130_fd_sc_hd__a21oi_1)
     1    0.01    0.22    0.26    1.22 ^ _173_/Y (sky130_fd_sc_hd__a21oi_1)
                                         _072_ (net)
                  0.22    0.00    1.22 ^ _174_/B1 (sky130_fd_sc_hd__a21oi_1)
     1    0.01    0.08    0.11    1.33 v _174_/Y (sky130_fd_sc_hd__a21oi_1)
                                         _060_ (net)
                  0.08    0.00    1.33 v _358_/D (sky130_fd_sc_hd__dfrtp_4)
                                  1.33   data arrival time

                  0.15   10.00   10.00   clock clk (rise edge)
                          0.00   10.00   clock network delay (ideal)
                         -0.25    9.75   clock uncertainty
                          0.00    9.75   clock reconvergence pessimism
                                  9.75 ^ _358_/CLK (sky130_fd_sc_hd__dfrtp_4)
                         -0.11    9.64   library setup time
                                  9.64   data required time
-----------------------------------------------------------------------------
                                  9.64   data required time
                                 -1.33   data arrival time
-----------------------------------------------------------------------------
                                  8.31   slack (MET)


Startpoint: _358_ (rising edge-triggered flip-flop clocked by clk)
Endpoint: _361_ (rising edge-triggered flip-flop clocked by clk)
Path Group: clk
Path Type: max

Fanout     Cap    Slew   Delay    Time   Description
-----------------------------------------------------------------------------
                  0.15    0.00    0.00   clock clk (rise edge)
                          0.00    0.00   clock network delay (ideal)
                  0.15    0.00    0.00 ^ _358_/CLK (sky130_fd_sc_hd__dfrtp_4)
     8    0.03    0.10    0.59    0.59 v _358_/Q (sky130_fd_sc_hd__dfrtp_4)
                                         decoder.digit[0] (net)
                  0.10    0.00    0.59 v _162_/C (sky130_fd_sc_hd__and3_2)
     3    0.02    0.07    0.29    0.88 v _162_/X (sky130_fd_sc_hd__and3_2)
                                         _064_ (net)
                  0.07    0.00    0.88 v _163_/B (sky130_fd_sc_hd__nand2_1)
     2    0.01    0.11    0.13    1.00 ^ _163_/Y (sky130_fd_sc_hd__nand2_1)
                                         _065_ (net)
                  0.11    0.00    1.00 ^ _164_/B (sky130_fd_sc_hd__xnor2_1)
     1    0.01    0.17    0.15    1.16 ^ _164_/Y (sky130_fd_sc_hd__xnor2_1)
                                         _063_ (net)
                  0.17    0.00    1.16 ^ _361_/D (sky130_fd_sc_hd__dfrtp_4)
                                  1.16   data arrival time

                  0.15   10.00   10.00   clock clk (rise edge)
                          0.00   10.00   clock network delay (ideal)
                         -0.25    9.75   clock uncertainty
                          0.00    9.75   clock reconvergence pessimism
                                  9.75 ^ _361_/CLK (sky130_fd_sc_hd__dfrtp_4)
                         -0.08    9.67   library setup time
                                  9.67   data required time
-----------------------------------------------------------------------------
                                  9.67   data required time
                                 -1.16   data arrival time
-----------------------------------------------------------------------------
                                  8.52   slack (MET)


Startpoint: _358_ (rising edge-triggered flip-flop clocked by clk)
Endpoint: _359_ (rising edge-triggered flip-flop clocked by clk)
Path Group: clk
Path Type: max

Fanout     Cap    Slew   Delay    Time   Description
-----------------------------------------------------------------------------
                  0.15    0.00    0.00   clock clk (rise edge)
                          0.00    0.00   clock network delay (ideal)
                  0.15    0.00    0.00 ^ _358_/CLK (sky130_fd_sc_hd__dfrtp_4)
     8    0.03    0.10    0.59    0.59 v _358_/Q (sky130_fd_sc_hd__dfrtp_4)
                                         decoder.digit[0] (net)
                  0.10    0.00    0.59 v _162_/C (sky130_fd_sc_hd__and3_2)
     3    0.02    0.07    0.29    0.88 v _162_/X (sky130_fd_sc_hd__and3_2)
                                         _064_ (net)
                  0.07    0.00    0.88 v _172_/A (sky130_fd_sc_hd__nor2_1)
     1    0.01    0.19    0.20    1.08 ^ _172_/Y (sky130_fd_sc_hd__nor2_1)
                                         _061_ (net)
                  0.19    0.00    1.08 ^ _359_/D (sky130_fd_sc_hd__dfrtp_4)
                                  1.08   data arrival time

                  0.15   10.00   10.00   clock clk (rise edge)
                          0.00   10.00   clock network delay (ideal)
                         -0.25    9.75   clock uncertainty
                          0.00    9.75   clock reconvergence pessimism
                                  9.75 ^ _359_/CLK (sky130_fd_sc_hd__dfrtp_4)
                         -0.08    9.67   library setup time
                                  9.67   data required time
-----------------------------------------------------------------------------
                                  9.67   data required time
                                 -1.08   data arrival time
-----------------------------------------------------------------------------
                                  8.59   slack (MET)



worst slack corner Typical: 5.9405
max_report_end
checks_report

===========================================================================
report_checks -unconstrained
===========================================================================
======================= Typical Corner ===================================

Startpoint: rst (input port clocked by clk)
Endpoint: _340_ (recovery check against rising-edge clock clk)
Path Group: asynchronous
Path Type: max

Fanout     Cap    Slew   Delay    Time   Description
-----------------------------------------------------------------------------
                  0.15    0.00    0.00   clock clk (rise edge)
                          0.00    0.00   clock network delay (ideal)
                          2.00    2.00 v input external delay
     1    0.00    0.01    0.00    2.00 v rst (in)
                                         rst (net)
                  0.01    0.00    2.00 v input1/A (sky130_fd_sc_hd__clkbuf_4)
     5    0.04    0.09    0.19    2.19 v input1/X (sky130_fd_sc_hd__clkbuf_4)
                                         net1 (net)
                  0.09    0.00    2.19 v _306_/A (sky130_fd_sc_hd__clkbuf_8)
    10    0.06    0.08    0.21    2.41 v _306_/X (sky130_fd_sc_hd__clkbuf_8)
                                         _160_ (net)
                  0.08    0.01    2.41 v _307_/A (sky130_fd_sc_hd__inv_2)
     1    0.02    0.08    0.10    2.51 ^ _307_/Y (sky130_fd_sc_hd__inv_2)
                                         _038_ (net)
                  0.08    0.00    2.52 ^ _340_/RESET_B (sky130_fd_sc_hd__dfrtp_4)
                                  2.52   data arrival time

                  0.15   10.00   10.00   clock clk (rise edge)
                          0.00   10.00   clock network delay (ideal)
                         -0.25    9.75   clock uncertainty
                          0.00    9.75   clock reconvergence pessimism
                                  9.75 ^ _340_/CLK (sky130_fd_sc_hd__dfrtp_4)
                          0.24    9.99   library recovery time
                                  9.99   data required time
-----------------------------------------------------------------------------
                                  9.99   data required time
                                 -2.52   data arrival time
-----------------------------------------------------------------------------
                                  7.47   slack (MET)


Startpoint: _361_ (rising edge-triggered flip-flop clocked by clk)
Endpoint: seg[0] (output port clocked by clk)
Path Group: clk
Path Type: max

Fanout     Cap    Slew   Delay    Time   Description
-----------------------------------------------------------------------------
                  0.15    0.00    0.00   clock clk (rise edge)
                          0.00    0.00   clock network delay (ideal)
                  0.15    0.00    0.00 ^ _361_/CLK (sky130_fd_sc_hd__dfrtp_4)
     6    0.03    0.09    0.58    0.58 v _361_/Q (sky130_fd_sc_hd__dfrtp_4)
                                         decoder.digit[3] (net)
                  0.09    0.00    0.58 v _165_/A (sky130_fd_sc_hd__nor2_2)
     2    0.02    0.21    0.23    0.82 ^ _165_/Y (sky130_fd_sc_hd__nor2_2)
                                         _066_ (net)
                  0.21    0.00    0.82 ^ _166_/B (sky130_fd_sc_hd__nand2_2)
     3    0.02    0.11    0.15    0.96 v _166_/Y (sky130_fd_sc_hd__nand2_2)
                                         _067_ (net)
                  0.11    0.00    0.97 v _167_/B (sky130_fd_sc_hd__nor2_2)
     3    0.02    0.22    0.23    1.19 ^ _167_/Y (sky130_fd_sc_hd__nor2_2)
                                         _068_ (net)
                  0.22    0.00    1.19 ^ _287_/B1 (sky130_fd_sc_hd__a2111o_1)
     2    0.01    0.12    0.21    1.41 ^ _287_/X (sky130_fd_sc_hd__a2111o_1)
                                         net5 (net)
                  0.12    0.00    1.41 ^ _370_/A (sky130_fd_sc_hd__buf_1)
     1    0.01    0.12    0.16    1.57 ^ _370_/X (sky130_fd_sc_hd__buf_1)
                                         net2 (net)
                  0.12    0.00    1.57 ^ output2/A (sky130_fd_sc_hd__buf_2)
     1    0.03    0.17    0.24    1.81 ^ output2/X (sky130_fd_sc_hd__buf_2)
                                         seg[0] (net)
                  0.17    0.00    1.81 ^ seg[0] (out)
                                  1.81   data arrival time

                  0.15   10.00   10.00   clock clk (rise edge)
                          0.00   10.00   clock network delay (ideal)
                         -0.25    9.75   clock uncertainty
                          0.00    9.75   clock reconvergence pessimism
                         -2.00    7.75   output external delay
                                  7.75   data required time
-----------------------------------------------------------------------------
                                  7.75   data required time
                                 -1.81   data arrival time
-----------------------------------------------------------------------------
                                  5.94   slack (MET)




===========================================================================
report_checks --slack_max -0.01
============================================================================
======================= Typical Corner ===================================

No paths found.


===========================================================================
 report_check_types -max_slew -max_cap -max_fanout -violators
============================================================================
======================= Typical Corner ===================================


max slew violations count Typical: 0
max fanout violations count Typical: 0
max cap violations count Typical: 0

===========================================================================
report_parasitic_annotation -report_unannotated
============================================================================
Found 9 unannotated drivers.
 clk
 ZeroToFiveCounter_10/LO
 ZeroToFiveCounter_11/LO
 ZeroToFiveCounter_12/LO
 ZeroToFiveCounter_13/LO
 ZeroToFiveCounter_14/LO
 ZeroToFiveCounter_15/LO
 ZeroToFiveCounter_16/LO
 ZeroToFiveCounter_9/HI
Found 0 partially unannotated drivers.

===========================================================================
max slew violation count 0
max fanout violation count 0
max cap violation count 0
============================================================================

===========================================================================
check_setup -verbose -unconstrained_endpoints -multiple_clock -no_clock -no_input_delay -loops -generated_clocks
===========================================================================
Warning: There are 8 unconstrained endpoints.
  an[0]
  an[1]
  an[2]
  an[3]
  an[4]
  an[5]
  an[6]
  an[7]
checks_report_end
power_report

===========================================================================
 report_power
============================================================================
======================= Typical Corner ===================================

Group                  Internal  Switching    Leakage      Total
                          Power      Power      Power      Power (Watts)
----------------------------------------------------------------
Sequential             1.29e-04   0.00e+00   3.88e-10   1.29e-04  92.0%
Combinational          2.67e-06   8.65e-06   6.75e-10   1.13e-05   8.0%
Clock                  0.00e+00   0.00e+00   3.05e-10   3.05e-10   0.0%
Macro                  0.00e+00   0.00e+00   0.00e+00   0.00e+00   0.0%
Pad                    0.00e+00   0.00e+00   0.00e+00   0.00e+00   0.0%
----------------------------------------------------------------
Total                  1.32e-04   8.65e-06   1.37e-09   1.41e-04 100.0%
                          93.9%       6.1%       0.0%

power_report_end
skew_report

===========================================================================
report_clock_skew
============================================================================
Clock clk
   0.20 source latency _330_/CLK ^
  -0.18 target latency _330_/CLK ^
   0.25 clock uncertainty
   0.00 CRPR
--------------
   0.27 setup skew

skew_report_end
summary_report

===========================================================================
report_tns
============================================================================
tns 0.00

===========================================================================
report_wns
============================================================================
wns 0.00

===========================================================================
report_worst_slack -max (Setup)
============================================================================
worst slack 5.94

===========================================================================
report_worst_slack -min (Hold)
============================================================================
worst slack 0.31
summary_report_end
area_report

===========================================================================
report_design_area
============================================================================
Design area 2128 u^2 19% utilization.
area_report_end
check_nonpropagated_clocks
clk
check_nonpropagated_clocks_end
[WARNING] Did not save OpenROAD database!
Writing SDF to '/openlane/designs/zero_to_five/runs/RUN_2025.05.21_19.34.50/results/signoff/ZeroToFiveCounter.sdf'…
